Theta[deg],Phi[deg],re(rETheta)[mV],im(rETheta)[mV],re(rEPhi)[mV],im(rEPhi)[mV]
0,0,-505.8,774.434,14311.3,204.136
5,0,-858.106,326.194,14210.5,-1544.41
10,0,-1198.54,-131.05,13722.8,-3189.87
15,0,-1511.59,-555.465,12886.6,-4636.57
20,0,-1784.19,-909.531,11763.9,-5808.52
25,0,-2004.13,-1167.07,10432.5,-6656.44
30,0,-2159.94,-1317.45,8976.53,-7160.92
35,0,-2242.55,-1365.61,7477.84,-7331.38
40,0,-2247.9,-1327.93,6010.04,-7201.65
45,0,-2179.2,-1225.98,4633.87,-6823.38
50,0,-2047.18,-1080.4,3394.7,-6258.37
55,0,-1868.34,-907.032,2321.5,-5571.12
60,0,-1661.68,-715.928,1427.09,-4822.24
65,0,-1445.27,-512.468,709.9,-4063.28
70,0,-1233.77,-299.323,156.885,-3333.68
75,0,-1037.37,-78.1367,-252.602,-2659.75
80,0,-862.006,149.516,-542.832,-2055.66
85,0,-710.193,381.789,-738.201,-1525.79
90,0,-582.158,616.455,-860.656,-1067.54
95,0,-476.732,850.698,-928.098,-674.001
100,0,-391.917,1080.73,-953.584,-336.001
105,0,-325.081,1301.41,-945.184,-43.5094
110,0,-272.825,1506.11,-906.461,213.318
115,0,-230.709,1687.04,-837.764,443.082
120,0,-193.148,1836.09,-738.483,651.869
125,0,-153.832,1945.68,-610.056,841.917
130,0,-106.872,2009.34,-458.972,1010.77
135,0,-48.4983,2021.51,-298.477,1151.61
140,0,21.2828,1977.01,-147.725,1255.18
145,0,97.8864,1870.7,-27.909,1312.83
150,0,172.769,1698.26,43.7409,1319.55
155,0,235.405,1458.49,59.9543,1275.65
160,0,275.882,1156.45,26.9048,1186.28
165,0,287.052,806.095,-36.4707,1059.56
170,0,265.494,430.795,-103.313,904.714
175,0,211.2,60.8392,-146.2,731.502
180,0,126.544,-271.548,-144.419,551.096
0,5,743.439,789.279,14300.9,135.863
5,5,386.076,162.819,14192.6,-1808
10,5,-1.50951,-451.715,13640.2,-3631.92
15,5,-396.54,-1000.32,12695.3,-5220.67
20,5,-775.88,-1438.33,11438.9,-6484.6
25,5,-1116.3,-1738.14,9969.01,-7368.01
30,5,-1396.07,-1892.83,8388.47,-7852.09
35,5,-1597.97,-1914.54,6793.37,-7952.91
40,5,-1712.41,-1828.58,5265.44,-7715.18
45,5,-1739.46,-1665.44,3867.6,-7203.56
50,5,-1688.65,-1453.79,2642.48,-6492.98
55,5,-1576.57,-1216.22,1612.94,-5659.61
60,5,-1423.3,-968.027,783.982,-4773.28
65,5,-1248.64,-718.329,145.78,-3892.02
70,5,-1069.51,-471.877,-322.378,-3059.16
75,5,-898.481,-230.785,-647.661,-2302.85
80,5,-743.638,4.30843,-859.408,-1637.58
85,5,-609.211,233.513,-985.58,-1067.18
90,5,-496.526,457.143,-1050.28,-588.053
95,5,-404.956,675.163,-1072.31,-192.203
100,5,-332.627,886.605,-1064.46,130.599
105,5,-276.805,1089.09,-1033.44,391.429
110,5,-233.987,1278.6,-980.362,601.334
115,5,-199.831,1449.73,-902.267,770.565
120,5,-169.174,1596.18,-794.718,907.628
125,5,-136.406,1711.37,-655.539,1018.25
130,5,-96.3507,1788.87,-488.679,1104.63
135,5,-45.5859,1822.18,-306.685,1165.64
140,5,16.206,1804.3,-130.147,1198.1
145,5,85.4432,1727.55,16.5817,1198.95
150,5,154.923,1584.63,112.367,1167.42
155,5,215.276,1371.23,146.381,1106.01
160,5,257.127,1089.74,122.212,1019.8
165,5,273.129,752.674,57.0977,914.598
170,5,259.077,383.631,-23.4526,795.112
175,5,213.863,14.845,-93.3489,664.467
180,5,138.65,-318.546,-132.84,525.332
0,10,1987.02,798.116,14181.7,66.5557
5,10,1622.62,-38.0316,14065.9,-2038.89
10,10,1175.54,-838.435,13454.8,-4011.65
15,10,679.136,-1532.84,12412.1,-5719.05
20,10,170.993,-2067.18,11036,-7059.11
25,10,-310.321,-2412.28,9443.81,-7970.18
30,10,-729.679,-2566.49,7755.85,-8434.24
35,10,-1060.18,-2551.6,6081.25,-8473.87
40,10,-1286.8,-2404.15,4508.57,-8144.24
45,10,-1407.71,-2165.38,3101.47,-7521.96
50,10,-1432.81,-1873.26,1898.68,-6693.33
55,10,-1380.42,-1558.06,916.379,-5743.78
60,10,-1272.95,-1241.33,151.974,-4749.82
65,10,-1133.03,-936.799,-411.61,-3773.83
70,10,-980.493,-652.029,-801.33,-2861.82
75,10,-830.68,-389.911,-1049.39,-2043.42
80,10,-693.877,-149.983,-1188.97,-1333.88
85,10,-575.701,70.4015,-1250.72,-737.096
90,10,-478.013,274.95,-1260.38,-248.989
95,10,-399.995,467.4,-1237.35,139.465
100,10,-339.132,650.658,-1194.09,439.983
105,10,-291.926,826.218,-1136.13,665.484
110,10,-254.359,993.866,-1062.77,829.105
115,10,-222.163,1151.65,-968.69,943.355
120,10,-191.017,1296.02,-846.927,1019.21
125,10,-156.791,1421.91,-692.904,1065.22
130,10,-115.955,1522.72,-508.804,1087.01
135,10,-66.2264,1590.05,-306.495,1087.56
140,10,-7.41296,1613.46,-107.261,1068.25
145,10,57.8443,1580.83,62.5849,1030.46
150,10,123.888,1479.96,179.193,976.774
155,10,182.83,1301.85,228.933,911.25
160,10,226.262,1045.28,212.985,838.422
165,10,247.279,720.995,146.618,761.53
170,10,241.864,353.517,53.5944,680.959
175,10,209.005,-21.3563,-41.6031,593.879
180,10,149.7,-363.119,-120.25,495.57
0,15,3215.48,800.88,13954.6,-3.25797
5,15,2842.25,-270.206,13832.4,-2231.51
10,15,2324.84,-1280.06,13172.8,-4319.08
15,15,1709.92,-2138.74,12049.1,-6119.14
20,15,1053.29,-2780.78,10574.1,-7519.34
25,15,412.692,-3175.18,8881.71,-8452.9
30,15,-160.45,-3326.76,7107.7,-8902.45
35,15,-628.212,-3268.92,5372.31,-8896.4
40,15,-970.239,-3051.31,3769.39,-8499.14
45,15,-1183.82,-2727.27,2362.2,-7797.47
50,15,-1280.71,-2344.87,1184.85,-6886.62
55,15,-1282.19,-1942.6,246.912,-5858.49
60,15,-1214.13,-1548.68,-460.939,-4793.49
65,15,-1102.68,-1181.98,-961.475,-3756.2
70,15,-971.117,-853.253,-1285.99,-2793.94
75,15,-837.786,-566.439,-1469.85,-1937.47
80,15,-715.213,-319.965,-1548.48,-1202.99
85,15,-610.233,-108.399,-1554.11,-594.984
90,15,-524.887,75.8011,-1513.36,-109.283
95,15,-457.713,240.692,-1445.89,264.106
100,15,-405.088,393.651,-1363.83,538.716
105,15,-362.397,540.637,-1272.02,729.891
110,15,-324.971,685.776,-1168.87,853.451
115,15,-288.76,831.081,-1048.22,924.473
120,15,-250.686,976.113,-902.32,956.159
125,15,-208.648,1117.49,-725.847,958.993
130,15,-161.287,1248.33,-520.285,940.539
135,15,-107.821,1357.79,-296.987,906.078
140,15,-48.3148,1431.13,-77.1659,859.824
145,15,15.5731,1450.65,112.245,806.091
150,15,79.8452,1398.11,246.048,749.738
155,15,138.235,1258.89,308.756,695.61
160,15,183.558,1027.5,299.498,647.187
165,15,209.879,712.856,231.53,605.021
170,15,214.262,340.935,126.736,565.633
175,15,196.913,-47.5984,8.01772,521.426
180,15,159.611,-404.929,-106.745,462.036
0,20,4419.46,797.548,13621.2,-73.0469
5,20,4036.1,-526.713,13494.8,-2381.44
10,20,3440.05,-1763.95,12800.4,-4546.18
15,20,2693.08,-2802.04,11617.9,-6410.53
20,20,1872.07,-3562.46,10070.8,-7854.4
25,20,1056.95,-4011.95,8306.02,-8806.83
30,20,317.81,-4162.45,6471.36,-9250.74
35,20,-295.205,-4060.16,4695.87,-9219.11
40,20,-756.398,-3769.08,3077.16,-8783.58
45,20,-1062.99,-3355.51,1677.29,-8038.72
50,20,-1229.56,-2878,525.746,-7085.95
55,20,-1281.35,-2383.37,-373.858,-6020.76
60,20,-1248.27,-1906.49,-1036.29,-4924.91
65,20,-1160.36,-1471.39,-1488.3,-3863.1
70,20,-1044.52,-1092.17,-1763.6,-2882.61
75,20,-922.2,-773.942,-1898.84,-2014.61
80,20,-808.234,-514.2,-1930.07,-1276.06
85,20,-710.708,-304.844,-1889.8,-672.116
90,20,-631.852,-134.546,-1804.69,-198.669
95,20,-569.556,9.08856,-1694.26,155.136
100,20,-519.107,137.941,-1570.44,404.631
105,20,-474.868,262.426,-1438.01,567.63
110,20,-431.722,390.92,-1295.7,662.605
115,20,-386.11,529.24,-1138.09,706.964
120,20,-336.453,679.894,-958.399,715.561
125,20,-282.82,841.06,-752.129,699.822
130,20,-225.993,1005.51,-521.047,667.889
135,20,-166.528,1159.94,-276.129,625.76
140,20,-104.543,1285.17,-37.8336,578.839
145,20,-40.593,1357.7,167.487,532.913
150,20,22.9864,1352.96,314.531,493.915
155,20,81.5138,1250.38,386.851,466.579
160,20,129.117,1040.08,381.964,452.782
165,20,161.233,729.253,311.267,450.349
170,20,176.749,345.756,194.918,452.628
175,20,178.007,-64.0113,54.5461,448.783
180,20,168.307,-443.657,-92.4283,424.986
0,25,5589.81,788.147,13184.2,-142.28
5,25,5195.77,-799.922,13056.3,-2485.5
10,25,4516.07,-2276.28,12343.8,-4687.06
15,25,3628.39,-3505.26,11129.2,-6585.19
20,25,2632.22,-4394.08,9541.99,-8055.14
25,25,1631.62,-4906.56,7737.34,-9022.95
30,25,717.044,-5061.63,5871.27,-9471.25
35,25,-48.1875,-4918.62,4078.76,-9435.75
40,25,-632.844,-4556.3,2459.7,-8992.87
45,25,-1034.44,-4054.16,1074.65,-8242.07
50,25,-1270.97,-3481.28,-50.8943,-7288.04
55,25,-1372.03,-2892.51,-918.049,-6227.24
60,25,-1371.73,-2329.07,-1545.49,-5140.5
65,25,-1303.96,-1819.81,-1962.3,-4090.86
70,25,-1199.08,-1382.05,-2203.02,-3124.26
75,25,-1081.6,-1022.26,-2304.07,-2271.28
80,25,-968.737,-737.339,-2300.79,-1549.03
85,25,-870.123,-517.052,-2224.82,-963.024
90,25,-788.63,-346.84,-2102.14,-509.173
95,25,-722.045,-210.508,-1951.79,-175.989
100,25,-665.155,-92.1973,-1785.69,53.2337
105,25,-611.881,22.4044,-1609.23,198.19
110,25,-557.136,145.314,-1422.49,279.32
115,25,-498.128,285.532,-1222.04,315.61
120,25,-434.75,448.001,-1003.32,322.755
125,25,-368.882,632.179,-763.733,312.247
130,25,-302.852,830.551,-505.934,291.807
135,25,-237.91,1027.68,-240.588,267.02
140,25,-173.773,1200.48,13.0844,243.227
145,25,-109.728,1320.15,230.129,226.407
150,25,-46.5384,1356.21,386.009,222.374
155,25,12.529,1282.58,463.994,234.792
160,25,62.8861,1085.29,460.429,263.372
165,25,101.59,770.127,385.185,303.248
170,25,129.873,367.186,257.103,345.429
175,25,152.827,-71.0157,97.0788,377.551
180,25,175.722,-479.009,-77.4077,384.701
0,30,6717.62,772.747,12646.9,-210.43
5,30,6313.25,-1081.78,12520.8,-2541.86
10,30,5548.94,-2802.35,11808.6,-4738.12
15,30,4517.72,-4229.61,10591.7,-6637.61
20,30,3341.89,-5255.91,9000.33,-8114.33
25,30,2150.29,-5841.16,7192.48,-9092.55
30,30,1054.55,-6010.4,5327.78,-9553.98
35,30,131.912,-5835.36,3544.1,-9534.97
40,30,-580.475,-5409.09,1942.16,-9113.77
45,30,-1080.32,-4823.97,581.184,-8391.59
50,30,-1389.05,-4159.18,-516.219,-7473.52
55,30,-1540.52,-3477.15,-1354.22,-6454.57
60,30,-1572.8,-2824.81,-1953.72,-5412.79
65,30,-1523.17,-2235.41,-2344.68,-4408.1
70,30,-1425.06,-1729.29,-2561.27,-3483.91
75,30,-1305.8,-1314.5,-2638.72,-2669.25
80,30,-1185.17,-988.019,-2610.83,-1980.6
85,30,-1074.88,-738.366,-2507.81,-1423.36
90,30,-979.337,-548.774,-2354.47,-993.434
95,30,-897.274,-400.261,-2169.33,-679.075
100,30,-824.066,-273.952,-1964.45,-462.96
105,30,-754.115,-152.554,-1746.27,-324.512
110,30,-682.968,-21.2879,-1516.74,-242.41
115,30,-608.739,131.231,-1274.95,-197.099
120,30,-532.418,311.759,-1019.06,-172.867
125,30,-456.881,520.738,-748.659,-158.8
130,30,-384.974,750.488,-467.49,-148.144
135,30,-317.699,983.989,-185.891,-136.347
140,30,-253.761,1195.08,78.3341,-118.94
145,30,-190.998,1350.71,301.958,-90.7608
150,30,-128.733,1415.5,461.598,-47.1939
155,30,-69.037,1358.8,540.638,13.4418
160,30,-15.3199,1163.36,534.658,88.1908
165,30,31.1811,834.148,452.484,169.631
170,30,74.2728,403.742,312.248,247.36
175,30,122.034,-69.3045,134.789,309.204
180,30,181.8,-510.715,-61.7979,341.489
0,35,7794.31,751.467,12013.3,-276.979
5,35,7381.01,-1364.06,11892.6,-2550.1
10,35,6535.45,-3326.94,11200,-4698.23
15,35,5364.44,-4955.28,10012.2,-6565.09
20,35,4011.69,-6126.47,8454.95,-8026.93
25,35,2630.06,-6795.44,6683.37,-9007.69
30,35,1352.28,-6991.6,4855.81,-9487.52
35,35,269.896,-6797.38,3109.69,-9501.2
40,35,-573.423,-6318.75,1545.22,-9125.77
45,35,-1175,-5660.03,220.515,-8460.98
50,35,-1559.17,-4909.79,-843.273,-7609.53
55,35,-1763.56,-4137.4,-1651.57,-6662.84
60,35,-1829.57,-3394.86,-2225.77,-5694.65
65,35,-1797.23,-2719.28,-2595.41,-4760.64
70,35,-1702.45,-2133.96,-2793.44,-3900.78
75,35,-1575.15,-1648.89,-2853.4,-3141.82
80,35,-1437.86,-1262.03,-2807.34,-2499.03
85,35,-1305.12,-961.854,-2683.9,-1977.42
90,35,-1183.97,-730.698,-2506.84,-1572.97
95,35,-1075.46,-548.08,-2294.21,-1274.19
100,35,-976.866,-393.274,-2058.41,-1063.97
105,35,-884.08,-247.035,-1806.96,-921.966
110,35,-793.827,-92.7311,-1543.63,-827.069
115,35,-705.075,82.6325,-1269.79,-760.125
120,35,-619.279,287.04,-985.954,-706.087
125,35,-539.253,521.611,-693.573,-654.99
130,35,-467.153,778.578,-397.24,-601.237
135,35,-402.693,1039.86,-106.919,-541.517
140,35,-342.921,1277.18,160.921,-472.658
145,35,-284.005,1454.44,384.662,-391.021
150,35,-223.917,1532.82,542.063,-294.044
155,35,-163.713,1478.45,616.787,-182.759
160,35,-105.775,1272.06,604.033,-63.1019
165,35,-49.7247,918.592,512.159,55.243
170,35,10.7075,453.27,359.298,161.422
175,35,86.4006,-59.8148,166.941,245.037
180,35,186.494,-538.535,-45.7179,295.678
0,40,8811.67,724.467,11288.2,-341.419
5,40,8391.87,-1638.56,11176.2,-2511.23
10,40,7472.93,-3834.64,10522.4,-4568.82
15,40,6172.76,-5661.65,9394.98,-6367.99
20,40,4653.69,-6982.59,7910.7,-7790.68
25,40,3090.42,-7746.18,6216.17,-8762.08
30,40,1635.7,-7983.9,4463.54,-9260.34
35,40,395.366,-7786.29,2786.4,-9316.63
40,40,-579.663,-7270.13,1282.89,-9003.83
45,40,-1285.33,-6550.23,10.2577,-8417.2
50,40,-1747.94,-5723.67,-1010.54,-7654.46
55,40,-2008.03,-4866,-1784.5,-6801.6
60,40,-2109.62,-4033.71,-2331.97,-5926.8
65,40,-2094.77,-3267.38,-2680.93,-5080.72
70,40,-2001.33,-2593.22,-2862.42,-4299.32
75,40,-1861.54,-2023.66,-2908.03,-3606.66
80,40,-1700.91,-1558.56,-2848.07,-3016.61
85,40,-1537.52,-1187.58,-2709.84,-2533.77
90,40,-1382.12,-893.515,-2516.33,-2154.48
95,40,-1239.28,-655.648,-2285.41,-1867.99
100,40,-1109.31,-452.542,-2029.87,-1658.21
105,40,-990.463,-263.978,-1758.15,-1505.88
110,40,-881.01,-72.3135,-1475.36,-1391.04
115,40,-780.623,136.325,-1184.42,-1295.69
120,40,-690.575,370.548,-887.346,-1205.95
125,40,-612.637,631.748,-586.657,-1113
130,40,-547.187,911.98,-287.307,-1012.39
135,40,-491.711,1192.44,1.23245,-902
140,40,-440.966,1443.57,263.616,-780.081
145,40,-389.164,1627.52,479.502,-644.905
150,40,-332.877,1703.63,627.561,-496.482
155,40,-272.239,1636.55,691.803,-338.951
160,40,-208.765,1406.49,667.427,-181.23
165,40,-140.749,1019.31,562.945,-34.76
170,40,-59.917,512.993,397.187,90.1256
175,40,46.8045,-43.6867,192.901,186.116
180,40,189.769,-562.255,-29.2899,247.616
0,45,9761.98,691.953,10477.3,-403.261
5,45,9339.02,-1897.4,10376.8,-2427.65
10,45,8358.86,-4310.33,9779.11,-4353.9
15,45,6946.98,-6327.82,8741.72,-6050.02
20,45,5280.28,-7799.63,7367.81,-7406.8
25,45,3551.81,-8667.18,5790.62,-8352.35
30,45,1932.21,-8961.33,4151.39,-8862.76
35,45,541.12,-8777.55,2576.44,-8963.97
40,45,-562.571,-8240.79,1160.25,-8722.1
45,45,-1372.16,-7474.58,-40.9953,-8225.25
50,45,-1914.68,-6583.47,-1005.63,-7563.96
55,45,-2232.67,-5648.58,-1736.99,-6817.25
60,45,-2372,-4730.41,-2253.24,-6046.88
65,45,-2376.23,-3872.67,-2579.88,-5297.94
70,45,-2284.7,-3104.4,-2745.48,-4602.12
75,45,-2131.82,-2440.83,-2779.34,-3980.68
80,45,-1946.13,-1884.39,-2709.89,-3446.05
85,45,-1749.57,-1426.91,-2563.18,-3002.64
90,45,-1557.19,-1052.65,-2361.59,-2647.4
95,45,-1377.79,-741.737,-2122.93,-2370.83
100,45,-1215.35,-472.987,-1860.46,-2158.41
105,45,-1070.97,-226.12,-1583.32,-1992.61
110,45,-944.716,16.6717,-1297.45,-1855.32
115,45,-836.903,269.338,-1006.59,-1730.3
120,45,-748.259,540.374,-713.304,-1605.23
125,45,-678.908,830.846,-420.328,-1472.57
130,45,-626.725,1132.3,-132.345,-1328.93
135,45,-586.252,1425.32,141.886,-1173.2
140,45,-549.372,1679.71,388.008,-1004.94
145,45,-507.943,1857.15,586.653,-824.395
150,45,-456.926,1916.79,717.218,-634.246
155,45,-395.494,1823.68,764.163,-441.684
160,45,-324.475,1559.12,723.108,-258.203
165,45,-241.309,1130.87,603.305,-96.2403
170,45,-136.511,579.626,424.857,35.3292
175,45,4.22036,-22.2141,212.157,133.246
180,45,191.6,-581.697,-12.6389,197.67
0,50,10638,654.174,9586.6,-462.035
5,50,10216,-2133.24,9499.8,-2303.09
10,50,9190.54,-4739.56,8973.01,-4060.14
15,50,7690.71,-6933.02,8051.58,-5618.49
20,50,5902.91,-8551.93,6821.93,-6880.64
25,50,4033.9,-9529.58,5399.72,-7779.41
30,50,2269.1,-9893.45,3911.15,-8289.19
35,50,740.845,-9740.53,2472.02,-8429.65
40,50,-483.471,-9200.98,1171.25,-8258.18
45,50,-1393.17,-8405.14,63.4423,-7853.53
50,50,-2014.68,-7464.05,-828.756,-7297.35
55,50,-2391.61,-6463.89,-1506.41,-6660.61
60,50,-2571.19,-5468.75,-1984.86,-5998.07
65,50,-2598.15,-4525.1,-2286.63,-5349.01
70,50,-2513.08,-3664.54,-2437.24,-4740.73
75,50,-2352.21,-2905,-2463.18,-4191.6
80,50,-2146.84,-2251.72,-2390.52,-3712.66
85,50,-1922.49,-1699.09,-2243.6,-3308.19
90,50,-1698.32,-1233.51,-2043.88,-2976.04
95,50,-1487.23,-836.663,-1808.99,-2708.21
100,50,-1296.9,-488.472,-1552.55,-2492.2
105,50,-1131.42,-169.482,-1284.32,-2312.79
110,50,-992.834,137.344,-1010.86,-2154.27
115,50,-882.31,445.08,-736.281,-2002.68
120,50,-800.126,761.192,-463.12,-1847.65
125,50,-744.681,1085.63,-193.639,-1683.08
130,50,-711.072,1408.9,68.3171,-1506.48
135,50,-690.467,1710.94,315.027,-1317.52
140,50,-671.37,1961.43,533.177,-1116.8
145,50,-642.801,2122.71,704.312,-906.245
150,50,-597.752,2155.36,808.592,-690.907
155,50,-534.302,2026.56,831.205,-480.478
160,50,-452.809,1720.2,768.656,-288.192
165,50,-350.51,1246.76,631.441,-126.485
170,50,-217.768,649.518,441.284,-1.89321
175,50,-40.2926,3.21399,224.334,86.9406
180,50,191.972,-596.712,4.10816,146.22
0,55,11433,611.415,8622.96,-517.291
5,55,11016.6,-2339.48,8550.88,-2142.54
10,55,9964.81,-5109.04,8106.24,-3696.67
15,55,8406.09,-7457.36,7321.51,-5084.48
20,55,6530.79,-9213.64,6264.38,-6222.4
25,55,4553.77,-10302.7,5029.9,-7049.84
30,55,2671.19,-10746.2,3725.82,-7540.41
35,55,1026.24,-10639.3,2454.47,-7707.1
40,55,-305.023,-10114.4,1297.19,-7597.32
45,55,-1306.76,-9306.7,306.042,-7278.97
50,55,-2003.58,-8332.8,-495.657,-6823.55
55,55,-2439.33,-7283.49,-1106.68,-6293.32
60,55,-2662.32,-6226.03,-1539.46,-5735.8
65,55,-2718.34,-5209.02,-1813.3,-5184.44
70,55,-2648.97,-4265.95,-1950.35,-4662.07
75,55,-2491.71,-3416.88,-1973.6,-4184.05
80,55,-2279.76,-2669.49,-1905.88,-3759.88
85,55,-2041.22,-2020.77,-1768.93,-3393.66
90,55,-1798.34,-1459.53,-1582.46,-3084.13
95,55,-1567.34,-969.6,-1363.37,-2825.09
100,55,-1359.12,-532.74,-1125.33,-2606.41
105,55,-1180.61,-131.206,-878.705,-2415.67
110,55,-1036.09,250.308,-630.731,-2240.1
115,55,-927.983,623.016,-385.873,-2068.52
120,55,-856.619,992.395,-146.492,-1892.82
125,55,-819.033,1356.45,85.9262,-1708.42
130,55,-807.671,1704.13,308.732,-1513.66
135,55,-810.167,2014.58,515.546,-1308.67
140,55,-811.263,2257.84,694.332,-1094.7
145,55,-796.665,2397.87,827.789,-874.901
150,55,-756.997,2398.01,897.192,-655.987
155,55,-689.109,2228.97,888.946,-449.196
160,55,-593.175,1878.36,800.964,-268.29
165,55,-467.033,1359.85,645.349,-124.535
170,55,-302.138,718.848,445.535,-21.3482
175,55,-85.6062,31.1763,229.214,47.4082
180,55,190.884,-607.185,20.824,93.6567
0,60,12141.1,564.004,7593.69,-568.611
5,60,11735,-2510.52,7536.26,-1952.05
10,60,10677.7,-5407.09,7180.64,-3275.02
15,60,9093.18,-7882.5,6546.76,-4462.84
20,60,7169.64,-9759.69,5682.89,-5447.57
25,60,5124,-10955.3,4661.71,-6177.08
30,60,3158.25,-11483.4,3570.07,-6625.48
35,60,1423.82,-11434.2,2494.33,-6799.52
40,60,4.92518,-10939.7,1506.22,-6736.13
45,60,-1076.6,-10138.1,653.931,-6491.37
50,60,-1842.4,-9150.34,-39.2786,-6125.85
55,60,-2335.94,-8071.38,-570.277,-5692.75
60,60,-2606.35,-6971.03,-948.814,-5232.4
65,60,-2700.34,-5899.14,-1191.07,-4772.57
70,60,-2660.1,-4890,-1315.57,-4331.66
75,60,-2523.49,-3964.81,-1341.29,-3921.84
80,60,-2324.22,-3133.08,-1286.93,-3550.81
85,60,-2091.44,-2394.16,-1170.51,-3222.23
90,60,-1848.98,-1739.55,-1008.93,-2935.68
95,60,-1615.2,-1155.68,-817.481,-2686.88
100,60,-1403.49,-626.864,-609.389,-2468.41
105,60,-1223.39,-137.795,-395.404,-2271.06
110,60,-1081.6,324.335,-183.495,-2085.44
115,60,-982.283,768.1,21.3158,-1903.5
120,60,-926.385,1196.25,216.68,-1719.56
125,60,-910.12,1604.21,401.801,-1530.58
130,60,-923.612,1979.02,575.242,-1335.57
135,60,-951.021,2299.03,732.102,-1134.86
140,60,-973.128,2535.06,861.895,-929.989
145,60,-971.998,2653.44,948.926,-724.717
150,60,-935.603,2621.17,976.212,-526.561
155,60,-859.546,2413.29,932.057,-347.049
160,60,-744.232,2021.57,816.323,-199.042
165,60,-589.025,1462.8,642.929,-91.3895
170,60,-387.813,783.84,436.827,-23.7652
175,60,-130.543,60.2853,226.746,14.5568
180,60,188.342,-613.037,37.3814,40.3807
0,65,12756.7,512.3,6506.63,-615.604
5,65,12365.5,-2641.91,6462.58,-1738.56
10,65,11324.6,-5624.11,6198.03,-2808.79
15,65,9749.35,-8192.54,5721.56,-3772.08
20,65,7820.68,-10167.1,5062.61,-4577.16
25,65,5750.99,-11457.3,4271.09,-5182.07
30,65,3742.64,-12068.6,3411.57,-5563.16
35,65,1951.76,-12084.3,2552.57,-5721.96
40,65,469.52,-11633.1,1754.3,-5685.1
45,65,-675.89,-10854.1,1059.53,-5496.45
50,65,-1502.25,-9871.82,490.532,-5205.22
55,65,-2051.82,-8784.25,51.7856,-4855.4
60,65,-2374.15,-7662.96,-264.067,-4480.35
65,65,-2516.55,-6557.98,-470.226,-4102.49
70,65,-2521.13,-5503.18,-581.607,-3736
75,65,-2424.91,-4519.83,-612.899,-3389.89
80,65,-2260.59,-3618.6,-578.124,-3069.78
85,65,-2056.56,-2801.11,-490.793,-2778.61
90,65,-1836.73,-2061.74,-364.085,-2516.6
95,65,-1620.41,-1390.07,-210.773,-2281.36
100,65,-1422.8,-773.4,-42.8761,-2068.34
105,65,-1255.72,-199.315,128.963,-1871.8
110,65,-1128.28,342.117,296.267,-1685.92
115,65,-1046.6,856.478,453.434,-1505.86
120,65,-1012.6,1343.45,597.899,-1328.39
125,65,-1022.04,1795.69,729.214,-1151.87
130,65,-1063.04,2198.28,846.837,-975.842
135,65,-1116.48,2529.05,947.188,-800.648
140,65,-1159.22,2760.05,1021.49,-627.808
145,65,-1169.63,2860.49,1056.15,-461.172
150,65,-1133.02,2801.37,1036.69,-308.108
155,65,-1043.96,2562.06,954.087,-179.111
160,65,-903.653,2138.1,810.646,-84.6715
165,65,-714.023,1548.65,622.141,-30.0592
170,65,-472.732,840.992,414.608,-10.7776
175,65,-173.902,89.2512,217.071,-11.9918
180,65,184.368,-614.224,53.6542,-13.2027
0,70,13275.2,456.697,5370.06,-657.911
5,70,12903,-2730.52,5336.95,-1509.71
10,70,11899.4,-5753.01,5160.57,-2313.29
15,70,10369,-8374.79,4840.01,-3033.97
20,70,8479.79,-10416.2,4387.55,-3637.48
25,70,6433.56,-11781.7,3831.22,-4093.49
30,70,4427.15,-12468,3213.23,-4382.47
35,70,2617.17,-12549.8,2583.05,-4502.29
40,70,1099.65,-12150.7,1987.78,-4470.05
45,70,-91.0314,-11408.5,1463.3,-4317.5
50,70,-967.925,-10449.3,1029.8,-4082.27
55,70,-1571.04,-9373.31,692.659,-3799.13
60,70,-1949.45,-8252.75,446.735,-3494.74
65,70,-2150.34,-7136.9,281.743,-3186.76
70,70,-2214.88,-6058.2,186.28,-2885.72
75,70,-2178.13,-5037.16,149.812,-2597.65
80,70,-2070.3,-4085.14,162.953,-2326.06
85,70,-1917.65,-3205.9,216.854,-2072.85
90,70,-1742.89,-2396.92,302.479,-1838.56
95,70,-1565.36,-1651.1,410.22,-1622.42
100,70,-1401.41,-958.938,530.059,-1422.61
105,70,-1264.74,-310.95,652.27,-1236.74
110,70,-1166.53,299.956,768.524,-1062.49
115,70,-1114.62,876.43,872.988,-898.138
120,70,-1111.77,1415.22,962.842,-742.663
125,70,-1153.31,1906.46,1037.6,-595.664
130,70,-1225.49,2333.75,1097.07,-457.06
135,70,-1306.18,2675.02,1138.57,-327.147
140,70,-1368.59,2904.14,1154.98,-207.265
145,70,-1387.69,2993.45,1135.26,-100.923
150,70,-1346.48,2917.71,1068.13,-14.4944
155,70,-1238.97,2659.76,947.942,43.7743
160,70,-1067.94,2217.62,779.812,67.0463
165,70,-838.913,1611.36,581.214,54.556
170,70,-554.602,887.302,378.643,15.1612
175,70,-214.488,116.941,200.525,-32.8696
180,70,178.99,-610.736,69.5188,-66.6856
0,75,13692.8,397.618,4192.61,-695.211
5,75,13342.5,-2774.64,4167.03,-1273.57
10,75,12395.7,-5789.51,4071.2,-1805.1
15,75,10943.6,-8420.61,3897.02,-2272.95
20,75,9137.19,-10492.3,3642.14,-2659.57
25,75,7162.1,-11906.6,3314.89,-2947.24
30,75,5203.68,-12652.4,2936.11,-3122.37
35,75,3414.18,-12795.6,2536.08,-3181.02
40,75,1891.69,-12452.4,2147.65,-3132.03
45,75,676.035,-11757.2,1798.45,-2995.55
50,75,-240.245,-10835.6,1505.68,-2797.67
55,75,-893.421,-9788.26,1275.16,-2563.95
60,75,-1330.65,-8687.56,1104.05,-2314.79
65,75,-1597.85,-7581.35,985.065,-2063.76
70,75,-1734.38,-6500.26,910.196,-1818.46
75,75,-1772.54,-5463.64,872.627,-1582.54
80,75,-1739.24,-4483.13,866.995,-1357.5
85,75,-1657.72,-3564.34,888.578,-1143.97
90,75,-1548.7,-2707.56,932.241,-942.283
95,75,-1430.85,-1908.8,991.744,-752.72
100,75,-1321,-1161.5,1059.7,-575.658
105,75,-1234.06,-458.849,1128.22,-411.68
110,75,-1182.57,203.645,1190.06,-261.631
115,75,-1175.41,826.032,1239.86,-126.543
120,75,-1215.54,1402.6,1274.77,-7.39337
125,75,-1297.51,1921.65,1293.98,95.1725
130,75,-1405.72,2366.28,1297.1,180.903
135,75,-1515.26,2715.53,1281.82,249.545
140,75,-1596.27,2945.82,1242.53,299.989
145,75,-1620.92,3032.76,1170.96,329.37
150,75,-1570.53,2954.03,1059.59,332.968
155,75,-1439.27,2694.37,906.63,305.694
160,75,-1232.35,2252.19,720.119,245.266
165,75,-959.955,1646.33,518.878,155.962
170,75,-630.957,920.462,329.097,50.9227
175,75,-251.146,142.428,177.653,-48.9185
180,75,172.25,-602.6,84.8542,-119.661
0,80,14006.1,335.514,2983.25,-727.221
5,80,13679.7,-2774.04,2961.02,-1038.39
10,80,12805.9,-5732.48,2933.99,-1301.49
15,80,11461.4,-8326.07,2889.26,-1515.34
20,80,9777.46,-10386.7,2813.05,-1678.13
25,80,7918.38,-11816.9,2697.08,-1785.23
30,80,6052.59,-12600.4,2543.04,-1830.46
35,80,4323.01,-12793.9,2362.88,-1809.96
40,80,2826.37,-12505.1,2174.82,-1725.94
45,80,1606.76,-11862.4,1997.24,-1587.91
50,80,663.032,-10988.5,1843.47,-1410.8
55,80,-35.5059,-9983.01,1719.47,-1211.17
60,80,-532.123,-8917.61,1624.8,-1003.42
65,80,-870.043,-7839,1555.41,-797.699
70,80,-1086.08,-6776.26,1506.57,-599.502
75,80,-1209.51,-5747.56,1474.63,-410.71
80,80,-1263.84,-4764.43,1457.31,-231.126
85,80,-1269.11,-3833.48,1452.98,-59.9164
90,80,-1243.62,-2956.88,1459.66,103.344
95,80,-1204.72,-2132.95,1474.18,258.07
100,80,-1168.91,-1357.45,1492.09,402.471
105,80,-1151.36,-625.89,1508.06,533.701
110,80,-1164.92,63.9656,1516.85,648.305
115,80,-1218.42,709.952,1514.31,742.863
120,80,-1314.22,1304.58,1497.93,814.658
125,80,-1445.52,1835.41,1466.53,862.073
130,80,-1594.8,2286.33,1419.1,884.484
135,80,-1734.83,2638.83,1353.35,881.605
140,80,-1833.33,2872.73,1265.01,852.565
145,80,-1860.54,2966.83,1148.74,795.351
150,80,-1796.92,2900.66,1001.06,707.292
155,80,-1637.58,2658.69,824.146,586.932
160,80,-1390.98,2237.03,628.801,436.886
165,80,-1072.88,1650.77,434.614,266.522
170,80,-699.232,939.009,266.618,92.9033
175,80,-282.801,165.032,149.205,-61.1345
180,80,164.199,-589.877,99.5438,-171.726
0,85,14212.8,270.856,1751.19,-753.695
5,85,13910.8,-2730,1727.72,-812.3
10,85,13122,-5584.05,1754.49,-819.811
15,85,11908.8,-8092.43,1816.13,-788.27
20,85,10380.2,-10097.8,1890.89,-730.142
25,85,8676.07,-11506.8,1957.72,-653.601
30,85,6943.17,-12300.4,2002.4,-560.819
35,85,5310.26,-12527.7,2020.47,-449.718
40,85,3869.08,-12286.5,2016.05,-317.715
45,85,2666.28,-11697.2,1997.85,-165.136
50,85,1707.48,-10876.6,1974.59,3.42405
55,85,969.479,-9922.06,1951.94,180.112
60,85,415.087,-8903.91,1931.83,356.259
65,85,5.38478,-7868.37,1913.59,524.85
70,85,-293.284,-6843.77,1895.71,681.992
75,85,-507.377,-5847.4,1877.16,827.006
80,85,-657.479,-4890.05,1857.81,961.455
85,85,-760.73,-3978.09,1838.01,1087.64
90,85,-832.872,-3114.11,1817.89,1207.14
95,85,-889.306,-2297.41,1796.79,1319.76
100,85,-945.173,-1525.25,1773,1423.17
105,85,-1014.67,-794.935,1744.06,1513.09
110,85,-1109.7,-106.214,1707.25,1584.14
115,85,-1237.92,537.026,1660.13,1630.98
120,85,-1400.16,1126.37,1600.82,1649.33
125,85,-1587.92,1649.91,1527.81,1636.58
130,85,-1781.84,2093.83,1439.43,1591.63
135,85,-1952.98,2443.38,1333.31,1514.05
140,85,-2067.55,2682.59,1206.57,1403.24
145,85,-2094.74,2793.29,1056.9,1258.15
150,85,-2014.97,2755.5,884.86,1078.26
155,85,-1824.93,2551.12,696.401,865.678
160,85,-1536.98,2171.09,504.541,627.613
165,85,-1173.08,1623.98,328.88,378.019
170,85,-756.877,942.426,192.394,137.262
175,85,-308.497,184.339,116.132,-70.606
180,85,154.898,-572.666,113.476,-222.483
0,90,14311.3,204.136,505.8,-774.434
5,90,14032.7,-2645.28,476.466,-603.054
10,90,13336.1,-5349.65,539.971,-376.825
15,90,12270.1,-7726.44,680.499,-118.549
20,90,10921.1,-9631.75,871.811,146.96
25,90,9402.19,-10980,1084.27,399.698
30,90,7835.09,-11752.6,1291.79,628.955
35,90,6330.42,-11992.6,1476.48,833.76
40,90,4971.28,-11787.9,1629.88,1019.61
45,90,3804.88,-11248.6,1751.26,1193.5
50,90,2843.47,-10483.9,1844.24,1359.86
55,90,2072.78,-9586.31,1913.59,1518.95
60,90,1463.77,-8624.95,1963.23,1667.82
65,90,983.467,-7646.06,1995.69,1802.69
70,90,602.034,-6678.16,2012.49,1921.29
75,90,295.603,-5738,2014.83,2023.94
80,90,45.8256,-4835.09,2004,2113.25
85,90,-162.082,-3974.25,1981.44,2192.76
90,90,-341.341,-3156.84,1948.49,2265.25
95,90,-504.829,-2381.74,1906.18,2331.36
100,90,-665.294,-1646.68,1855.1,2388.85
105,90,-834.665,-950.164,1795.37,2432.86
110,90,-1022.63,-293.361,1726.7,2456.82
115,90,-1234.61,318.837,1648.39,2453.95
120,90,-1469.33,878.145,1559.26,2418.62
125,90,-1716.45,1374.47,1457.6,2347.18
130,90,-1955.3,1797.63,1341.25,2237.87
135,90,-2156.07,2137.72,1208.07,2090.09
140,90,-2284.51,2383.41,1056.82,1903.53
145,90,-2309.62,2519.21,888.331,1678.13
150,90,-2212.33,2524.34,707.004,1415.27
155,90,-1991.28,2375.95,522.044,1120
160,90,-1662.96,2057.15,347.912,803.178
165,90,-1255.84,1567.42,203.287,482.295
170,90,-801.475,931.158,108.19,180.177
175,90,-327.439,200.214,79.568,-78.4474
180,90,144.419,-551.096,126.544,-271.548
0,95,14300.9,135.863,-743.439,-789.279
5,95,14043,-2523.99,-782.856,-417.758
10,95,13440.4,-5037.88,-700.402,11.9529
15,95,12529.1,-7240.29,-510.71,468.594
20,95,11373.4,-9002.96,-241.307,917.219
25,95,10059.1,-10251.2,73.8575,1327.66
30,95,8680.94,-10970.2,401.287,1681.29
35,95,7328.53,-11199.1,713.448,1973.47
40,95,6073.34,-11016.6,991.821,2210.9
45,95,4960.76,-10521.4,1227.24,2405.83
50,95,4008.81,-9812.61,1418.08,2569.97
55,95,3212.71,-8976.86,1567.46,2710.8
60,95,2553.01,-8080.91,1680.42,2831.11
65,95,2004.19,-7171.19,1762.02,2930.89
70,95,1541.18,-6276.9,1816.34,3010.02
75,95,1142.88,-5414.58,1846.43,3070.01
80,95,792.841,-4592.16,1854.59,3114.32
85,95,478.201,-3812.05,1842.78,3147.35
90,95,188.108,-3073.25,1812.9,3172.77
95,95,-87.4673,-2373,1767,3191.99
100,95,-358.111,-1708.47,1707.19,3203.29
105,95,-632.467,-1078.41,1635.5,3201.8
110,95,-917.001,-484.393,1553.48,3180.49
115,95,-1214.21,68.7966,1461.74,3131.64
120,95,-1520.47,574.24,1359.63,3048.48
125,95,-1824,1024.83,1245.34,2926.29
130,95,-2103.64,1414.89,1116.63,2762.61
135,95,-2329.85,1739.8,972.078,2556.64
140,95,-2468.92,1992.82,812.446,2308.42
145,95,-2490.42,2160.58,641.806,2018.73
150,95,-2376.03,2220.43,468.091,1690.28
155,95,-2126.25,2143.06,303.057,1329.9
160,95,-1761.53,1901.66,161.667,950.572
165,95,-1316.64,1484.62,60.701,571.881
170,95,-830.895,906.571,16.3427,218.104
175,95,-339.037,212.789,40.8041,-85.7343
180,95,132.84,-525.332,138.65,-318.546
0,100,14181.7,66.5557,-1987.02,-798.116
5,100,13940.3,-2371.48,-2039.92,-262.621
10,100,13428.2,-4660.23,-1955.58,332.912
15,100,12670.1,-6651.31,-1746.29,950.765
20,100,11710.1,-8233.51,-1438.11,1548.22
25,100,10607.3,-9345.65,-1065.33,2087.19
30,100,9429.57,-9979.52,-664.315,2542.57
35,100,8244.06,-10173.1,-267.954,2906.15
40,100,7108.43,-9997.09,98.4027,3184.62
45,100,6063.98,-9538.3,418.952,3393.41
50,100,5132.78,-8885.05,687.176,3549.57
55,100,4318.93,-8116.09,903.776,3666.63
60,100,3613.06,-7294.59,1073.69,3752.98
65,100,2998.19,-6466.32,1203.25,3812.98
70,100,2455.25,-5660.91,1298.22,3849.46
75,100,1966.81,-4894.66,1362.95,3865.58
80,100,1518.7,-4174.03,1400.41,3865.65
85,100,1099.99,-3498.96,1412.81,3854.46
90,100,702.06,-2865.71,1402.24,3836.08
95,100,317.718,-2269.26,1371.16,3812.36
100,100,-59.2473,-1705.23,1322.48,3782.1
105,100,-433.806,-1171.32,1259.29,3740.79
110,100,-808.822,-668.082,1184.18,3681.39
115,100,-1183.72,-198.656,1098.47,3595.73
120,100,-1552.81,232.681,1001.77,3476.17
125,100,-1903.58,622.616,892.317,3317.04
130,100,-2215.46,970.203,768.165,3115.21
135,100,-2460.33,1275.79,629.065,2869.72
140,100,-2605.96,1536.69,478.147,2580.95
145,100,-2622.92,1740.97,322.706,2250.19
150,100,-2493.65,1863.3,173.806,1880.58
155,100,-2220.06,1867.03,45.0161,1479.17
160,100,-1825.87,1714.22,-49.1438,1059.19
165,100,-1351.51,1380.86,-94.7576,640.585
170,100,-843.432,870.838,-80.277,248.009
175,100,-342.934,222.441,1.25443,-93.443
180,100,120.25,-495.57,149.7,-363.119
0,105,13954.6,-3.25797,-3215.48,-800.88
5,105,13724.4,-2194.15,-3284.07,-142.736
10,105,13294,-4230.69,-3212.74,574.92
15,105,12679.2,-5981.28,-3010.79,1309.56
20,105,11905.7,-7352.47,-2700.66,2013.09
25,105,11008.7,-8298.27,-2313.51,2642.07
30,105,10030.3,-8819.6,-1884.36,3167.09
35,105,9015.66,-8955.56,-1447.17,3577.22
40,105,8007.69,-8770.44,-1030.46,3878.58
45,105,7041.62,-8340.38,-654.278,4088.17
50,105,6141.39,-7742.27,-329.187,4226.44
55,105,5318.26,-7045.86,-57.4008,4311.57
60,105,4572.19,-6308.89,164.533,4357.03
65,105,3895.19,-5574.77,342.617,4371.87
70,105,3275.36,-4872.26,482.897,4362.44
75,105,2700.37,-4217.01,590.099,4334.05
80,105,2159.5,-3614.19,667.415,4291.9
85,105,1644.35,-3061.78,717.039,4240.89
90,105,1148.63,-2553.76,740.975,4184.95
95,105,667.698,-2082.77,741.686,4125.96
100,105,198.286,-1642.16,722.302,4062.98
105,105,-261.34,-1227.28,686.279,3991.95
110,105,-710.906,-836.069,636.603,3906.13
115,105,-1147.33,-468.509,574.877,3797.23
120,105,-1563.61,-125.211,500.853,3657.09
125,105,-1947.4,194.61,412.92,3479.34
130,105,-2279.74,494.301,309.742,3260.35
135,105,-2534.82,778.307,192.518,2999.09
140,105,-2682.57,1047.02,66.8283,2696.08
145,105,-2694.86,1289.33,-56.974,2352.59
150,105,-2554.59,1476.97,-165.145,1971.01
155,105,-2264.41,1565.82,-242.999,1556.91
160,105,-1850.35,1506.67,-277.293,1121.72
165,105,-1357.35,1262.75,-257.816,683.953
170,105,-837.947,826.759,-178.348,267.556
175,105,-339.044,229.756,-37.5901,-102.4
180,105,106.745,-462.036,159.611,-404.929
0,110,13621.2,-73.0469,-4419.46,-797.548
5,110,13396,-1999.23,-4504.41,-61.9038
10,110,13034.3,-3765.18,-4457.57,729.8
15,110,12545.1,-5255.54,-4285,1531.57
20,110,11938.7,-6394.6,-4003.96,2292.14
25,110,11229.5,-7152.32,-3639.84,2965.6
30,110,10437.2,-7540.21,-3222.75,3520.7
35,110,9586.62,-7600.4,-2783.84,3945.44
40,110,8706.23,-7392.87,-2351.24,4245.56
45,110,7824.09,-6984.52,-1946.61,4438.64
50,110,6963.8,-6441.39,-1583.24,4546.94
55,110,6141.37,-5823.56,-1266.4,4591.82
60,110,5364.34,-5181.65,-995.341,4590.88
65,110,4633.12,-4554.45,-766.111,4557.44
70,110,3943.6,-3967.97,-574.079,4501.42
75,110,3289.89,-3436.04,-415.425,4430.43
80,110,2666.23,-2962.44,-287.559,4350.52
85,110,2067.81,-2543.77,-188.734,4266.53
90,110,1491.02,-2172.4,-117.306,4181.86
95,110,933.421,-1839.01,-71.0708,4098.02
100,110,393.864,-1534.42,-47.0092,4014.11
105,110,-127.307,-1250.82,-41.6189,3926.43
110,110,-627.918,-982.378,-51.7506,3828.64
115,110,-1103.57,-725.015,-75.5896,3712.7
120,110,-1546.98,-475.242,-113.158,3570.34
125,110,-1946.88,-228.462,-165.715,3394.88
130,110,-2286.56,22.0843,-233.859,3182.43
135,110,-2543.09,283.768,-314.941,2931.86
140,110,-2688.89,559.1,-401.113,2643.55
145,110,-2697.18,837.358,-479.331,2317.98
150,110,-2551.13,1087.63,-533.659,1955.52
155,110,-2253.38,1259.09,-548.885,1558.54
160,110,-1831.07,1292.09,-513.702,1134.77
165,110,-1332.24,1137.67,-422.264,699.581
170,110,-813.989,777.547,-274.223,275.242
175,110,-327.567,235.479,-74.2137,-113.241
180,110,92.4283,-424.986,168.307,-443.657
0,115,13184.2,-142.28,-5589.81,-788.147
5,115,12957.3,-1794.48,-5690.02,-22.5073
10,115,12648,-3280.94,-5674.67,792.685
15,115,12260.5,-4501.82,-5546.66,1609.05
20,115,11793.3,-5398.55,-5317.21,2374.28
25,115,11244.1,-5956.82,-5004.07,3042.65
30,115,10613.8,-6199.12,-4629.92,3583.88
35,115,9910.4,-6171.8,-4220.02,3986.91
40,115,9149.54,-5932.29,-3799.11,4258.01
45,115,8351.92,-5540.05,-3387.98,4415.08
50,115,7539.15,-5051.5,-3001.28,4481.19
55,115,6729.52,-4517.1,-2647.07,4479.43
60,115,5935.8,-3979.2,-2328.11,4430.15
65,115,5165.17,-3470.05,-2044.05,4349.9
70,115,4420.87,-3010.78,-1793.33,4251.44
75,115,3703.95,-2611.87,-1574.49,4144.17
80,115,3014.55,-2274.89,-1386.58,4034.76
85,115,2352.43,-1995.04,-1228.9,3927.72
90,115,1717.11,-1763.52,-1100.46,3825.69
95,115,1108.17,-1569.49,-999.432,3729.6
100,115,525.642,-1401.5,-922.954,3638.31
105,115,-29.3904,-1248.61,-867.427,3548.41
110,115,-554.379,-1101.19,-829.401,3454.15
115,115,-1045,-951.149,-806.629,3348.06
120,115,-1494.76,-791.333,-798.649,3222.26
125,115,-1894.05,-614.128,-806.183,3070.22
130,115,-2228.72,-410.434,-829.067,2888.05
135,115,-2478.82,-171.013,-863.399,2674.48
140,115,-2619.37,108.039,-899.451,2429.29
145,115,-2625.1,416.356,-921.97,2151.3
150,115,-2479.29,721.152,-913.34,1837.69
155,115,-2184,966.367,-858.305,1486.13
160,115,-1766.31,1083.61,-747.959,1099.03
165,115,-1275.65,1013.17,-581.263,687.233
170,115,-771.881,726.585,-364.086,270.455
175,115,-309.002,240.464,-107.135,-126.387
180,115,77.4077,-384.701,175.722,-479.009
0,120,12646.9,-210.43,-6717.62,-772.747
5,120,12411.4,-1587.97,-6830.14,-25.4318
10,120,12136.4,-2795.79,-6848.09,762.207
15,120,11822.8,-3748.9,-6771.59,1540.42
20,120,11461.2,-4404.78,-6605.55,2257.68
25,120,11036.7,-4763.68,-6359.22,2871.01
30,120,10536.5,-4858.45,-6046.33,3353.68
35,120,9955.7,-4739.86,-5684.41,3697.75
40,120,9299.57,-4463.9,-5292.72,3911.38
45,120,8582.45,-4084.21,-4889.43,4013.21
50,120,7823.2,-3648.99,-4489.28,4026.51
55,120,7040.5,-3199.85,-4102.73,3974.95
60,120,6249.85,-2770.58,-3736.51,3880.07
65,120,5463,-2385.8,-3394.83,3759.98
70,120,4688.81,-2060.25,-3080.51,3628.89
75,120,3934.34,-1799.45,-2795.67,3496.97
80,120,3205.37,-1601.54,-2541.88,3370.85
85,120,2506.26,-1459.56,-2320.01,3254.33
90,120,1839.8,-1363.33,-2129.92,3149.1
95,120,1207.4,-1300.73,-1970.1,3055.24
100,120,609.739,-1258.68,-1837.63,2971.32
105,120,47.6781,-1223.99,-1728.56,2894.15
110,120,-476.957,-1184.31,-1638.89,2818.71
115,120,-960.905,-1128.74,-1565.67,2738.48
120,120,-1399.07,-1047.67,-1507.75,2646.48
125,120,-1783.77,-931.61,-1465.2,2536.86
130,120,-2103.34,-770.134,-1437.15,2406.02
135,120,-2340.72,-552.899,-1418.68,2252.47
140,120,-2473.67,-274.939,-1398.6,2074.95
145,120,-2478.65,54.0555,-1359.97,1869.87
150,120,-2339.25,400.576,-1283.98,1630.26
155,120,-2056.65,705.249,-1155.72,1348.02
160,120,-1656.76,893.285,-968.982,1019.1
165,120,-1188.63,896.343,-727.722,648.763
170,120,-712.771,677.185,-444.139,253.47
175,120,-284.14,245.613,-134.968,-142.032
180,120,61.7979,-341.489,181.8,-510.715
0,125,12013.3,-276.979,-7794.31,-751.467
5,125,11763.1,-1387.75,-7914.33,-70.0462
10,125,11503.6,-2327.41,-7961.9,640.524
15,125,11234.8,-3025.24,-7934.91,1330.21
20,125,10942.4,-3453.27,-7832.31,1949.99
25,125,10604,-3624.47,-7654.93,2461.69
30,125,10197.8,-3580.43,-7407.25,2844.39
35,125,9710.2,-3375.58,-7098.42,3095.24
40,125,9139.58,-3064.7,-6741.45,3225.75
45,125,8495.39,-2696.6,-6351.03,3255.94
50,125,7793.9,-2312.52,-5941.34,3209.16
55,125,7053.06,-1946.19,-5524.94,3108.61
60,125,6289.2,-1623.45,-5112.55,2975.43
65,125,5516.17,-1361.29,-4713.35,2827.47
70,125,4745.91,-1167.55,-4335.1,2678.57
75,125,3989.18,-1041.9,-3984.06,2538.34
80,125,3255.54,-978.004,-3664.73,2412.42
85,125,2552.73,-965.717,-3379.7,2303.38
90,125,1886.08,-992.802,-3129.5,2211.67
95,125,1258.47,-1045.85,-2912.65,2136.36
100,125,671.051,-1110.8,-2725.84,2075.54
105,125,124.335,-1173.53,-2564.51,2026.22
110,125,-380.717,-1220.7,-2423.95,1984.14
115,125,-841.969,-1240.42,-2300.48,1944
120,125,-1255.66,-1222.26,-2192.3,1900.15
125,125,-1615.8,-1156.17,-2098.86,1847.87
130,125,-1913.01,-1031.24,-2018.67,1784.23
135,125,-2133.08,-836.517,-1945.99,1707.61
140,125,-2256.74,-566.006,-1868.54,1615.47
145,125,-2262.74,-228.214,-1768.12,1501.39
150,125,-2135.47,143.923,-1625.21,1353.67
155,125,-1875.15,489.852,-1425.56,1157.89
160,125,-1505.64,731.087,-1165.76,902.931
165,125,-1073.82,793.313,-854.722,587.858
170,125,-638.633,632.357,-510.799,225.36
175,125,-254.051,251.823,-156.485,-160.148
180,125,45.7179,-295.678,186.494,-538.535
0,130,11288.2,-341.419,-8811.67,-724.467
5,130,11018.2,-1201.59,-8932.69,-154.239
10,130,10756.7,-1892.65,-9000.8,433.187
15,130,10504.5,-2357.57,-9012.44,988.84
20,130,10245.7,-2581.28,-8961.5,1467.74
25,130,9955.18,-2587.06,-8841.35,1838.21
30,130,9606.79,-2422.91,-8648.14,2086.71
35,130,9182.48,-2145.33,-8383.33,2216.98
40,130,8676.73,-1807.29,-8054.1,2245
45,130,8096.08,-1452.96,-7671.88,2192.79
50,130,7454.81,-1117.34,-7250.41,2083.67
55,130,6769.78,-827.245,-6804.2,1939.52
60,130,6056.87,-601.514,-6347.8,1779.54
65,130,5329.95,-450.42,-5895.07,1619.47
70,130,4601.36,-375.569,-5458.44,1471.05
75,130,3882.57,-371.104,-5048.01,1341.84
80,130,3184.03,-425.984,-4670.89,1235.55
85,130,2514.48,-526.418,-4330.93,1152.96
90,130,1880.13,-657.633,-4028.87,1092.98
95,130,1284.61,-804.775,-3762.73,1053.51
100,130,729.466,-953.265,-3528.41,1031.98
105,130,215.381,-1089.15,-3320.55,1025.32
110,130,-256.757,-1199.63,-3133.77,1029.93
115,130,-685.067,-1273.58,-2963.9,1041.65
120,130,-1066.34,-1301.31,-2808.7,1056.41
125,130,-1395.69,-1273.38,-2667.28,1071
130,130,-1665.73,-1179.19,-2537.68,1083.58
135,130,-1865.18,-1007.52,-2413.51,1092.77
140,130,-1978.23,-751.37,-2281.66,1094.89
145,130,-1986.63,-417.599,-2123.13,1080.67
150,130,-1876.25,-37.3786,-1918.11,1033.7
155,130,-1646.55,329.658,-1653.31,933.182
160,130,-1318.58,604.159,-1328.09,760.931
165,130,-935.394,708.782,-955.944,509.618
170,130,-552.219,594.626,-560.895,187.866
175,130,-220.049,259.934,-170.676,-180.5
180,130,29.2899,-247.616,189.769,-562.255
0,135,10477.3,-403.261,-9761.98,-691.953
5,135,10183.6,-1036.69,-9876.08,-274.509
10,135,9905.16,-1506.81,-9950.82,148.834
15,135,9644.77,-1769.7,-9982.09,531.899
20,135,9388.49,-1821.32,-9960.23,835.246
25,135,9111.95,-1692.59,-9873.02,1034.84
30,135,8789.24,-1435.2,-9710.25,1125.43
35,135,8401.52,-1105.58,-9467.57,1118.02
40,135,7941.99,-753.647,-9147.9,1033.59
45,135,7415.77,-418.516,-8760.61,896.376
50,135,6835.83,-129.092,-8319.62,729.396
55,135,6217.81,94.121,-7841.58,552.325
60,135,5576.38,238.275,-7344.35,381.02
65,135,4924.02,298.475,-6845.67,227.447
70,135,4271.38,277.837,-6361.53,99.6478
75,135,3627.99,186.358,-5904.79,1.86144
80,135,3002.36,38.69,-5484.16,-64.955
85,135,2401.5,-148.354,-5103.9,-102.24
90,135,1830.51,-357.738,-4764.25,-112.819
95,135,1292.47,-573.283,-4462.15,-100.068
100,135,789.153,-780.117,-4192.31,-67.449
105,135,321.916,-964.94,-3948.39,-18.3816
110,135,-107.337,-1116.33,-3724.41,43.7356
115,135,-495.731,-1224.91,-3515.94,115.659
120,135,-839.481,-1282.74,-3320.68,194.765
125,135,-1134.04,-1281.89,-3137.65,279.627
130,135,-1373.63,-1212.71,-2964.66,369.978
135,135,-1550,-1064.17,-2794.97,465.182
140,135,-1651.27,-828.49,-2614.96,560.96
145,135,-1662.97,-510.681,-2405.37,645.649
150,135,-1573.09,-139.264,-2146.61,698.618
155,135,-1380.63,228.909,-1826.6,693.287
160,135,-1103.31,516.363,-1447.25,604.902
165,135,-778.91,645.759,-1026.07,420.042
170,135,-456.966,565.893,-591.863,143.21
175,135,-183.652,270.689,-176.799,-202.677
180,135,12.6389,-197.67,191.6,-581.697
0,140,9586.6,-462.035,-10638,-654.174
5,140,9267.35,-899.454,-10736.2,-426.103
10,140,8960.92,-1183.11,-10799.8,-201.232
15,140,8673.36,-1281.44,-10825.1,-20.7659
20,140,8395.2,-1199.47,-10801,82.8784
25,140,8106.53,-973.021,-10712.3,94.0006
30,140,7785.04,-654.63,-10545.5,15.7325
35,140,7413.93,-298.356,-10293.2,-133.869
40,140,6986.95,50.4265,-9956.6,-329.156
45,140,6508.61,358.389,-9544.68,-544.027
50,140,5990.67,602.867,-9072.61,-756.424
55,140,5447.27,769.353,-8559.25,-949.848
60,140,4891.33,850.188,-8025.11,-1113.07
65,140,4333.17,844.54,-7490.4,-1239.34
70,140,3780.67,758.466,-6973.02,-1325.63
75,140,3239.94,604.059,-6486.95,-1372.04
80,140,2715.77,397.57,-6041.15,-1381.02
85,140,2211.61,157.134,-5639.31,-1356.49
90,140,1729.66,-99.1464,-5280.49,-1303.04
95,140,1271.27,-354.44,-4960.1,-1225.3
100,140,837.683,-593.833,-4671.33,-1127.66
105,140,430.951,-804.711,-4406.65,-1014.12
110,140,54.494,-977.022,-4159.32,-888.245
115,140,-286.998,-1103.23,-3924.61,-752.763
120,140,-588.3,-1177.43,-3700.27,-609.056
125,140,-844.475,-1193.57,-3485.41,-456.731
130,140,-1050.95,-1143.47,-3277.91,-294.146
135,140,-1202.39,-1016.84,-3071.06,-120.642
140,140,-1291.04,-805.628,-2851.39,59.5419
145,140,-1306.62,-513.202,-2600.09,233.14
150,140,-1239.8,-164.943,-2298.47,376.239
155,140,-1089.33,186.558,-1935.92,457.571
160,140,-869.265,468.163,-1516.61,446.891
165,140,-611.029,605.449,-1061.12,325.452
170,140,-356.853,547.362,-601.899,93.8832
175,140,-146.521,284.7,-174.426,-226.125
180,140,-4.10816,-146.22,191.972,-596.712
0,145,8622.96,-517.291,-11433,-611.415
5,145,8278.36,-795.277,-11506,-603.2
10,145,7937.73,-932.23,-11538,-603.589
15,145,7611.33,-907.869,-11527.1,-646.215
20,145,7296.12,-734.273,-11463.3,-754.975
25,145,6979.32,-449.49,-11332.1,-936.97
30,145,6644.67,-104.247,-11120.2,-1181.39
35,145,6279.3,251.866,-10820.9,-1464.29
40,145,5878.32,579.354,-10436.2,-1756.57
45,145,5445.64,851.29,-9977.1,-2031.4
50,145,4991.19,1051.33,-9460.78,-2268.7
55,145,4526.9,1170.68,-8908.25,-2456.24
60,145,4063.4,1206.21,-8341.6,-2588.59
65,145,3608.54,1160.05,-7781.76,-2665.34
70,145,3167.25,1039.65,-7246.61,-2689.54
75,145,2742.2,857.224,-6749.39,-2666.4
80,145,2334.22,628.42,-6297.95,-2602.21
85,145,1942.78,370.561,-5894.57,-2503.54
90,145,1566.56,101.032,-5536.7,-2376.63
95,145,1204.28,-163.892,-5218.03,-2227.15
100,145,855.822,-409.819,-4930.06,-2060.15
105,145,523.162,-624.824,-4663.72,-1880.15
110,145,210.729,-799.858,-4411.11,-1690.85
115,145,-75.1691,-928.731,-4166.79,-1494.67
120,145,-327.768,-1007.18,-3928.17,-1291.94
125,145,-541.428,-1030.9,-3694.39,-1080.56
130,145,-712.343,-993.365,-3463.61,-856.974
135,145,-837.657,-885.583,-3229.71,-618.98
140,145,-913.463,-699.928,-2980.27,-370.283
145,145,-933.602,-438.671,-2697.98,-124.908
150,145,-891.559,-124.003,-2365.89,91.1776
155,145,-785.964,196.765,-1975.25,243.559
160,145,-627.041,456.853,-1532.02,298.083
165,145,-439.19,587.311,-1058.75,231.93
170,145,-256.224,539.531,-590.091,42.4376
175,145,-110.399,302.427,-163.472,-250.191
180,145,-20.824,-93.6567,190.884,-607.185
0,150,7593.69,-568.611,-12141.1,-564.004
5,150,7226.22,-728.366,-12179.4,-799.126
10,150,6850.71,-761.984,-12158.1,-1043.3
15,150,6482.16,-658.954,-12078.7,-1319.68
20,150,6125.18,-436.232,-11935.2,-1642.15
25,150,5775.65,-131.68,-11717.6,-2009.35
30,150,5424.76,207.998,-11417.3,-2404.18
35,150,5064.32,539.306,-11032,-2798.92
40,150,4690.82,829.47,-10568,-3163.12
45,150,4306.8,1058.11,-10039.5,-3471.09
50,150,3919.31,1214.89,-9466.65,-3706.17
55,150,3537.02,1296.11,-8872.02,-3861.56
60,150,3167.61,1302.42,-8277.86,-3938.55
65,150,2816.32,1238.06,-7703.98,-3943.94
70,150,2485.7,1110.72,-7166.2,-3887.5
75,150,2175.78,931.357,-6675.36,-3779.98
80,150,1884.57,713.357,-6236.98,-3631.82
85,150,1608.52,471.437,-5851.32,-3452.2
90,150,1343.33,220.548,-5514.02,-3248.82
95,150,1085.12,-25.0028,-5217.1,-3027.96
100,150,831.798,-252.267,-4950.32,-2794.84
105,150,584.201,-450.34,-4702.84,-2553.9
110,150,346.503,-610.969,-4465.08,-2308.59
115,150,125.445,-728.728,-4230.16,-2060.74
120,150,-71.4958,-800.272,-3994.5,-1809.64
125,150,-238.288,-822.49,-3756.79,-1551.79
130,150,-371.668,-790.381,-3515.5,-1282.05
135,150,-470.646,-696.564,-3265.71,-996.993
140,150,-534.392,-534.541,-2997.13,-699.675
145,150,-560.235,-306.228,-2695.18,-404.208
150,150,-544.126,-30.9359,-2345.73,-137.271
155,150,-484.528,249.822,-1942.24,65.4277
160,150,-387.839,477.05,-1492.04,167.85
165,150,-271.227,589.273,-1018.4,144.812
170,150,-159.585,542.238,-556.497,-8.71884
175,150,-77.0359,324.174,-144.212,-274.161
180,150,-37.3814,-40.3807,188.342,-613.037
0,155,6506.63,-615.604,-12756.7,-512.3
5,155,6121,-701.621,-12751.6,-1006.59
10,155,5715.67,-677.184,-12655.9,-1504.55
15,155,5310.4,-539.421,-12476.1,-2015.82
20,155,4917.71,-307.908,-12213.5,-2542.91
25,155,4542.41,-18.2246,-11867,-3076.42
30,155,4183.33,288.555,-11437,-3594.99
35,155,3836.7,575.934,-10929.6,-4069.92
40,155,3499.7,818,-10358,-4472.44
45,155,3172.43,1000.41,-9741.53,-4780.45
50,155,2857.87,1117.85,-9102.95,-4982.55
55,155,2560.39,1170.64,-8465.46,-5078.49
60,155,2284.09,1162.18,-7849.89,-5076.97
65,155,2031.66,1097.9,-7273.07,-4992.34
70,155,1803.81,985.049,-6747.02,-4841.22
75,155,1599.23,832.597,-6278.75,-4639.99
80,155,1414.63,650.878,-5870.48,-4403.06
85,155,1245.1,451.055,-5519.94,-4142.04
90,155,1084.8,244.563,-5220.86,-3865.69
95,155,928.13,42.6305,-4963.65,-3580.38
100,155,771.169,-144.201,-4736.48,-3290.8
105,155,612.983,-306.679,-4526.69,-3000.47
110,155,456.208,-437.506,-4322.67,-2711.83
115,155,306.432,-531.707,-4115.5,-2425.55
120,155,170.371,-586.205,-3899.82,-2139.78
125,155,53.4921,-598.389,-3673.29,-1849.97
130,155,-41.6901,-564.335,-3434.51,-1550.18
135,155,-115.515,-478.325,-3180.21,-1236.51
140,155,-169.213,-335.509,-2903.26,-911.763
145,155,-202.519,-138.185,-2593.09,-589.731
150,155,-213.089,96.668,-2239.45,-296.505
155,155,-198.967,333.36,-1838.38,-67.0493
160,155,-162.859,521.41,-1398.1,63.0433
165,155,-114.961,608.064,-941.351,68.2855
170,155,-71.3869,554.773,-502.171,-57.4883
175,155,-48.1132,350.086,-117.279,-297.301
180,155,-53.6542,13.2027,184.368,-614.224
0,160,5370.06,-657.911,-13275.2,-456.697
5,160,4973.09,-716.565,-13219.2,-1217.95
10,160,4548.53,-679.598,-13030.1,-1971.27
15,160,4120.34,-549.007,-12721,-2709.95
20,160,3708.16,-344.62,-12304,-3423.9
25,160,3324.72,-98.0436,-11790.7,-4096.46
30,160,2975.34,156.164,-11195.4,-4704.35
35,160,2659.53,388.562,-10536.1,-5221.34
40,160,2374.03,579.425,-9835.06,-5623.85
45,160,2115.46,719.18,-9117.42,-5896.43
50,160,1881.81,805.986,-8408.36,-6034.96
55,160,1672.53,842.515,-7730.3,-6046.82
60,160,1487.83,833.515,-7100.97,-5948.4
65,160,1327.89,784.619,-6532.56,-5761.35
70,160,1192.15,702.029,-6031.89,-5508.69
75,160,1078.86,592.498,-5601.04,-5211.81
80,160,984.772,463.258,-5238.14,-4888.5
85,160,905.209,321.865,-4937.86,-4552.17
90,160,834.433,176.038,-4691.8,-4212.06
95,160,766.573,33.5382,-4488.81,-3873.98
100,160,696.85,-98.0303,-4315.62,-3541.36
105,160,622.801,-211.592,-4157.98,-3216.05
110,160,544.958,-301.135,-4002.29,-2898.65
115,160,466.521,-362.125,-3837.36,-2588.16
120,160,391.909,-391.398,-3655.61,-2281.52
125,160,324.692,-386.284,-3453.15,-1973.65
130,160,265.974,-343.446,-3228.5,-1658.82
135,160,214.312,-258.658,-2980.3,-1333.78
140,160,167.38,-128.978,-2705.32,-1001.79
145,160,124.302,42.3284,-2398.04,-676.151
150,160,86.7392,239.977,-2052.87,-381.181
155,160,57.4862,433.684,-1668.77,-149.05
160,160,37.2766,581.463,-1254.36,-12.4401
165,160,22.2088,639.645,-830.722,5.1259
170,160,4.19825,576.011,-429.142,-102.207
175,160,-25.1708,380.165,-83.6484,-318.889
180,160,-69.5188,66.6856,178.99,-610.736
0,165,4192.61,-695.211,-13692.8,-397.618
5,165,3792.95,-773.312,-13580,-1425.44
10,165,3364.64,-768.065,-13281.9,-2427.73
15,165,2934.73,-682.949,-12820.1,-3379
20,165,2528.04,-535.605,-12220.1,-4255.75
25,165,2162.94,-352.414,-11510.7,-5034.94
30,165,1848.89,-161.323,-10723,-5694
35,165,1586.78,14.4472,-9890.29,-6212.73
40,165,1371.52,159.835,-9045.71,-6576.59
45,165,1195.47,268.109,-8220.46,-6780
50,165,1051.31,338.782,-7441.17,-6828.31
55,165,933.556,374.877,-6728.09,-6737.39
60,165,838.702,380.786,-6094.24,-6531.16
65,165,764.703,361.143,-5545.82,-6237.72
70,165,710.103,320.493,-5083.39,-5885.32
75,165,673.245,263.306,-4703.31,-5499.09
80,165,651.707,194.051,-4398.93,-5099.05
85,165,642.06,117.242,-4161.38,-4699.41
90,165,640.001,37.4847,-3979.74,-4309
95,165,640.869,-40.4599,-3841.23,-3932.37
100,165,640.437,-111.672,-3731.34,-3571.05
105,165,635.737,-171.216,-3634.61,-3224.67
110,165,625.557,-214.45,-3535.88,-2891.54
115,165,610.299,-237.349,-3421.93,-2568.81
120,165,591.063,-236.585,-3282.99,-2252.44
125,165,568.326,-209.194,-3113.5,-1937.57
130,165,540.946,-152.113,-2911.8,-1619.84
135,165,506.289,-62.3924,-2678.59,-1297.86
140,165,461.651,60.9656,-2414.92,-976.09
145,165,406.18,213.381,-2120.84,-667.336
150,165,341.911,380.645,-1795.85,-393.077
155,165,272.933,537.101,-1441.89,-180.765
160,165,203.066,648.489,-1067.57,-57.7814
165,165,133.694,679.667,-691.307,-43.4209
170,165,63.4877,604.584,-340.337,-141.715
175,165,-9.5351,414.285,-44.6073,-338.245
180,165,-84.8542,119.661,172.25,-602.6
0,170,2983.25,-727.221,-14006.1,-335.514
5,170,2590.92,-870.592,-13833,-1621.46
10,170,2178.25,-938.711,-13415.3,-2859.04
15,170,1773.64,-932.665,-12784.5,-4002.35
20,170,1404.18,-865.464,-11982.4,-5014.05
25,170,1090.36,-757.479,-11057.5,-5865.86
30,170,842.478,-630.719,-10061.1,-6538.35
35,170,660.232,-503.904,-9043.46,-7020.77
40,170,535.236,-389.73,-8049.65,-7311.25
45,170,455.174,-294.603,-7116.84,-7417.21
50,170,407.74,-220.118,-6272.14,-7355.42
55,170,383.159,-165.108,-5532.22,-7150.92
60,170,374.968,-127.335,-4904.04,-6834.55
65,170,379.515,-104.432,-4386.76,-6439.48
70,170,394.894,-94.1871,-3973.91,-5997.43
75,170,419.889,-94.491,-3655.57,-5535.49
80,170,453.234,-103.191,-3419.88,-5074.32
85,170,493.244,-117.963,-3253.98,-4627.61
90,170,537.775,-136.218,-3144.18,-4202.8
95,170,584.389,-155.037,-3075.92,-3802.4
100,170,630.621,-171.143,-3033.68,-3425.56
105,170,674.201,-180.956,-3001.18,-3069.39
110,170,713.099,-180.749,-2962.25,-2729.94
115,170,745.322,-166.844,-2902.21,-2402.81
120,170,768.496,-135.771,-2809.57,-2083.64
125,170,779.473,-84.319,-2677.44,-1768.8
130,170,774.346,-9.66315,-2504.17,-1456.48
135,170,749.171,89.9985,-2292.63,-1148.22
140,170,701.312,213.832,-2048.18,-850.392
145,170,630.807,355.825,-1776.39,-575.195
150,170,540.92,502.288,-1481.8,-340.382
155,170,437.378,631.127,-1169.13,-167.02
160,170,326.617,714.36,-846.63,-75.084
165,170,214.062,723.932,-529.356,-77.6004
170,170,103.477,639.05,-239.451,-175.369
175,170,-2.2568,452.22,-1.70246,-354.745
180,170,-99.5438,171.726,164.199,-589.877
0,175,1751.19,-753.695,-14212.8,-270.856
5,175,1377.06,-1005.81,-13978.3,-1798.78
10,175,1002.05,-1185.25,-13436.2,-3251.6
15,175,653.6,-1286.55,-12629.1,-4562.3
20,175,357.341,-1315.74,-11616.5,-5679.93
25,175,131.485,-1286.87,-10468.8,-6572.08
30,175,-16.8888,-1217.38,-9258.79,-7224.58
35,175,-92.2602,-1123.96,-8054.86,-7638.89
40,175,-107.793,-1019.9,-6914.31,-7828.77
45,175,-80.6084,-914.223,-5879.74,-7817.16
50,175,-27.1696,-812.281,-4977.83,-7633.8
55,175,39.7366,-716.966,-4220.54,-7313.18
60,175,111.943,-629.886,-3607.81,-6892.2
65,175,185.252,-552.085,-3131,-6407.39
70,175,258.074,-484.279,-2776.18,-5891.85
75,175,330.128,-426.77,-2526.82,-5372.65
80,175,401.584,-379.258,-2365.7,-4869.33
85,175,472.665,-340.699,-2275.84,-4393.72
90,175,543.542,-309.269,-2240.73,-3950.85
95,175,614.271,-282.421,-2244.11,-3540.55
100,175,684.62,-257.019,-2269.58,-3159.21
105,175,753.715,-229.503,-2300.39,-2801.42
110,175,819.566,-196.069,-2319.84,-2461.26
115,175,878.651,-152.854,-2312.4,-2133.45
120,175,925.822,-96.1289,-2265.5,-1814.3
125,175,954.757,-22.555,-2171.56,-1502.56
130,175,959.027,70.3425,-2029.39,-1200.1
135,175,933.582,183.283,-1844.1,-912.267
140,175,876.188,313.8,-1625.13,-647.766
145,175,788.272,454.492,-1383.09,-418.106
150,175,674.802,591.683,-1127.09,-236.569
155,175,543.249,705.518,-864.284,-116.546
160,175,402.067,772.274,-602.237,-68.9646
165,175,259.33,768.815,-352.259,-98.9728
170,175,121.994,678.052,-130.783,-203.001
175,175,-4.0599,493.663,43.3185,-367.834
180,175,-113.476,222.483,154.898,-572.666
0,180,505.8,-774.434,-14311.3,-204.136
5,180,161.021,-1175.16,-14017.1,-1950.8
10,180,-153.2,-1499.32,-13352.2,-3593.41
15,180,-413.031,-1730.76,-12370.7,-5044.38
20,180,-598.603,-1866.43,-11151.2,-6239.93
25,180,-698.875,-1914.13,-9785.71,-7144.72
30,180,-714.471,-1888.66,-8369.16,-7751.29
35,180,-657.2,-1807.72,-6987.65,-8075.08
40,180,-546.471,-1688.57,-5710.2,-8147.26
45,180,-404.115,-1546.05,-4584.2,-8007.78
50,180,-249.59,-1391.93,-3635.15,-7700.19
55,180,-97.0443,-1235.2,-2869.63,-7268.31
60,180,45.3408,-1082.71,-2280.05,-6754.09
65,180,174.307,-939.76,-1849.64,-6195.71
70,180,289.765,-810.303,-1556.87,-5625.69
75,180,393.21,-696.908,-1378.7,-5069.16
80,180,486.72,-600.587,-1292.7,-4542.99
85,180,572.526,-520.697,-1278.04,-4056.01
90,180,652.874,-455.014,-1315.68,-3610.05
95,180,729.875,-399.997,-1387.95,-3201.81
100,180,805.111,-351.173,-1477.79,-2824.74
105,180,878.963,-303.566,-1568.21,-2470.99
110,180,949.818,-252.083,-1642.26,-2133.11
115,180,1013.51,-191.846,-1684,-1805.71
120,180,1063.39,-118.467,-1680.38,-1486.74
125,180,1091.34,-28.3965,-1623.73,-1178.38
130,180,1089.53,80.5123,-1513.74,-887.083
135,180,1052.54,208.07,-1357.77,-622.659
140,180,978.948,350.485,-1168.9,-396.424
145,180,871.752,499.094,-962.096,-219.082
150,180,737.706,639.684,-750.327,-98.966
155,180,585.84,753.073,-542.804,-40.9723
160,180,425.899,817.346,-346.266,-45.9402
165,180,267.17,811.596,-168.176,-110.117
170,180,117.819,720.454,-19.0341,-224.831
175,180,-15.3044,538.247,88.5791,-377.023
180,180,-126.544,271.548,144.419,-551.096
0,185,-743.439,-789.279,-14300.9,-135.863
5,185,-1048.1,-1373.73,-13951.5,-2071.67
10,185,-1278.85,-1870.89,-13171.7,-3874.32
15,185,-1418.37,-2250.02,-12027.9,-5437.33
20,185,-1457.02,-2497.26,-10616.5,-6685.57
25,185,-1395.91,-2614.64,-9050.77,-7581.83
30,185,-1247.82,-2616.59,-7446.05,-8126.12
35,185,-1035,-2525.06,-5904.94,-8348.3
40,185,-784.484,-2364.85,-4506.88,-8297.27
45,185,-522.597,-2159.78,-3303.16,-8030.13
50,185,-270.495,-1930.53,-2317.6,-7604.08
55,185,-41.8547,-1693.94,-1551.28,-7071.74
60,185,157.061,-1463.13,-989.098,-6479.1
65,185,325.706,-1248.03,-606.415,-5864.62
70,185,466.979,-1055.74,-374.428,-5258.72
75,185,585.275,-890.632,-264.026,-4683.16
80,185,685.249,-754.322,-248.11,-4151.07
85,185,771.272,-645.713,-302.625,-3667.45
90,185,847.262,-561.255,-406.575,-3230.58
95,185,916.54,-495.427,-541.315,-2833.83
100,185,981.482,-441.385,-689.483,-2467.77
105,185,1042.92,-391.672,-834.038,-2122.28
110,185,1099.4,-338.898,-957.968,-1788.76
115,185,1146.74,-276.298,-1045.13,-1462.2
120,185,1178.23,-198.167,-1082.31,-1142.81
125,185,1185.75,-100.247,-1062.03,-836.865
130,185,1161.83,19.7321,-984.951,-555.964
135,185,1101.87,161.183,-860.472,-314.761
140,185,1005.76,319.487,-704.72,-127.38
145,185,878.15,484.858,-536.274,-3.74723
150,185,727.375,641.861,-371.387,52.8805
155,185,563.628,770.189,-221.034,46.3725
160,185,397.153,847.004,-91.1731,-13.6709
165,185,237.046,850.694,14.3822,-114.252
170,185,90.7458,765.433,90.9195,-241.344
175,185,-35.9654,585.567,132.152,-381.888
180,185,-138.65,318.546,132.84,-525.332
0,190,-1987.02,-798.116,-14181.7,-66.5557
5,190,-2241.8,-1595.71,-13784,-2156.54
10,190,-2368.42,-2288.6,-12903.9,-4086.17
15,190,-2359.03,-2828.22,-11618.9,-5732.95
20,190,-2218.39,-3188.64,-10041.8,-7012.43
25,190,-1964.42,-3366.9,-8304.75,-7886.52
30,190,-1626.1,-3379.37,-6540.75,-8362.58
35,190,-1238.88,-3255.5,-4866.37,-8484.03
40,190,-838.632,-3030.88,-3369.56,-8316.19
45,190,-455.948,-2741.2,-2104.46,-7931.94
50,190,-112.418,-2418.21,-1092.94,-7400.91
55,190,180.559,-2087.9,-330.912,-6783.48
60,190,420.579,-1770.23,203.472,-6128.77
65,190,611.619,-1479.75,541.905,-5474.71
70,190,761.1,-1226.19,719.579,-4848.79
75,190,877.465,-1014.94,770.819,-4268.75
80,190,968.643,-847.332,726.544,-3743.44
85,190,1041.31,-721.019,613.255,-3273.84
90,190,1100.69,-630.475,453.206,-2854.65
95,190,1150.49,-567.712,265.427,-2476.09
100,190,1192.82,-523.123,67.1728,-2126.08
105,190,1228.02,-486.383,-124.758,-1792.49
110,190,1254.35,-447.323,-293.461,-1465.73
115,190,1267.94,-396.666,-422.673,-1141.26
120,190,1263.09,-326.597,-498.969,-821.609
125,190,1233.37,-231.215,-514.869,-517.153
130,190,1173.36,-107.098,-471.599,-244.724
135,190,1080.55,45.7729,-380.008,-23.9475
140,190,956.818,222.697,-258.607,128.043
145,190,808.545,412.891,-128.992,201.845
150,190,645.447,598.839,-10.3225,198.987
155,190,478.44,757.124,84.713,131.773
160,190,317.497,861.178,150.681,19.8807
165,190,170.242,885.773,186.989,-114.802
170,190,41.5988,812.528,194.256,-253.144
175,190,-65.6289,635.191,172.142,-382.058
180,190,-149.7,363.119,120.25,-495.57
0,195,-3215.48,-800.88,-13954.6,3.25797
5,195,-3412.18,-1834.52,-13518,-2201.61
10,195,-3417.55,-2740.11,-12557.7,-4222.88
15,195,-3235.79,-3448.91,-11160.9,-5925.84
20,195,-2889.75,-3922.21,-9454.01,-7219.23
25,195,-2417.94,-4153.01,-7584.44,-8064.88
30,195,-1868.84,-4161.8,-5699.07,-8476.66
35,195,-1293.3,-3988.26,-3925,-8509.45
40,195,-736.963,-3681.53,-2356.23,-8242.22
45,195,-234.509,-3291.41,-1048.46,-7760.85
50,195,193.105,-2862.28,-21.56,-7145.13
55,195,538.298,-2430.09,732.917,-6461.67
60,195,804.204,-2021.81,1242.29,-5761.88
65,195,1000.89,-1656.19,1543.82,-5082.84
70,195,1141.59,-1344.83,1677.71,-4449.11
75,195,1239.76,-1093.17,1682.27,-3874.58
80,195,1307.14,-901.371,1591.22,-3364
85,195,1352.94,-765.12,1432.64,-2914.69
90,195,1383.5,-676.56,1229.36,-2518.12
95,195,1402.51,-625.222,1000.22,-2161.84
100,195,1411.28,-598.977,761.876,-1831.51
105,195,1409.08,-584.95,530.498,-1513.23
110,195,1393.56,-570.347,322.65,-1196.36
115,195,1361.14,-543.157,154.711,-876.504
120,195,1307.66,-492.718,40.6363,-557.958
125,195,1229.24,-410.257,-11.447,-254.609
130,195,1123.55,-289.68,-2.48667,11.9239
135,195,991.178,-128.894,56.0957,217.178
140,195,836.634,68.2983,144.107,340.821
145,195,668.38,290.227,237.35,373.488
150,195,497.514,516.302,313.866,320.764
155,195,335.412,717.962,359.087,202.466
160,195,191.154,862.249,367.704,47.3034
165,195,69.7927,917.72,341.74,-114.963
170,195,-27.804,861.638,286.439,-260.809
175,195,-103.506,686.662,206.761,-377.206
180,195,-159.611,404.929,106.745,-462.036
0,200,-4419.46,-797.548,-13621.2,73.0469
5,200,-4552.01,-2083.06,-13157.2,-2204.29
10,200,-4423.72,-3212.49,-12141.4,-4280.45
15,200,-4053.07,-4095.65,-10668.7,-6013.05
20,200,-3483.68,-4681,-8875.76,-7306.78
25,200,-2777.35,-4958.49,-6920.4,-8124.02
30,200,-2004.24,-4954.45,-4958.79,-8483.67
35,200,-1232.05,-4720.82,-3124.55,-8449.01
40,200,-516.814,-4322.12,-1514.86,-8108.79
45,200,102.846,-3823.65,-185.654,-7558.06
50,200,607.304,-3283.21,845.225,-6883.64
55,200,993.837,-2746.99,1589.5,-6156.36
60,200,1272.28,-2248.73,2078.23,-5429.09
65,200,1459.85,-1810.78,2352.35,-4738.11
70,200,1576.5,-1445.74,2455.25,-4105.71
75,200,1641.3,-1158.25,2427.77,-3542.72
80,200,1670.3,-946.496,2305.26,-3050.76
85,200,1675.46,-803.767,2116.56,-2624.25
90,200,1664.51,-719.805,1884.42,-2252.23
95,200,1641.32,-682.023,1626.95,-1920.17
100,200,1606.52,-676.47,1359.76,-1611.9
105,200,1558.41,-688.549,1097.99,-1311.92
110,200,1493.9,-703.512,857.63,-1008.34
115,200,1409.48,-706.796,655.234,-696.276
120,200,1302.17,-684.36,505.74,-380.869
125,200,1170.46,-623.299,418.746,-78.4905
130,200,1015.21,-513.118,394.607,185.302
135,200,840.507,-347.96,422.28,381.632
140,200,654.152,-129.619,480.541,486.869
145,200,467.304,129.454,542.866,491.064
150,200,292.865,404.599,584.463,402.784
155,200,142.723,660.244,588.627,247.912
160,200,24.6716,854.775,549.71,62.5336
165,200,-59.6708,948.487,471.654,-117.298
170,200,-114.741,912.972,363.435,-264.748
175,200,-148.462,739.501,234.412,-367.038
180,200,-168.307,443.657,92.4283,-424.986
0,205,-5589.81,-788.147,-13184.2,142.28
5,205,-5654.6,-2333.85,-12705.5,-2163.22
10,205,-5385.97,-3692.45,-11662.3,-4256.97
15,205,-4818.13,-4752.21,-10154.5,-5993.78
20,205,-4017.05,-5449.24,-8324.35,-7277.16
25,205,-3069.12,-5771.39,-6335.31,-8070.43
30,205,-2067.08,-5751.94,-4347.59,-8395.64
35,205,-1096.05,-5456.11,-2496.99,-8320.81
40,205,-222.676,-4964.52,-880.933,-7939.98
45,205,510.563,-4358.33,445.91,-7352.92
50,205,1085.62,-3708.75,1467.67,-6649.9
55,205,1505,-3071.89,2198.16,-5903.67
60,205,1785.69,-2487.72,2670.33,-5167.59
65,205,1952.51,-1981.52,2926.65,-4477.36
70,205,2032.49,-1566.25,3011.76,-3853.91
75,205,2050.73,-1245.1,2967.31,-3306.34
80,205,2027.94,-1013.92,2829.09,-2834.46
85,205,1979.38,-863.449,2625.82,-2430.98
90,205,1914.78,-781.287,2379.55,-2083.43
95,205,1838.94,-753.334,2107.26,-1775.9
100,205,1752.56,-764.726,1823.14,-1490.82
105,205,1653.48,-800.193,1541.08,-1211.16
110,205,1537.89,-843.944,1276.35,-923.521
115,205,1401.79,-879.33,1045.82,-621.894
120,205,1242.38,-888.689,865.828,-311.255
125,205,1059.36,-853.972,748.117,-9.29458
130,205,856.007,-758.744,695.172,255.575
135,205,639.813,-591.807,697.083,450.773
140,205,422.439,-351.911,732.12,549.48
145,205,218.644,-52.1539,771.682,540.578
150,205,43.9387,277.919,788.168,434.34
155,205,-88.8828,594.263,762.566,260.881
160,205,-173.45,844.993,688.479,61.5203
165,205,-212.178,980.822,571.031,-123.402
170,205,-215.719,966.953,421.897,-265.097
175,205,-199.065,793.197,253.748,-351.283
180,205,-175.722,479.009,77.4077,-384.701
0,210,-6717.62,-772.747,-12646.9,210.43
5,210,-6713.8,-2579.32,-12167.2,-2078.33
10,210,-6304.43,-4166.67,-11126.4,-4152.58
15,210,-5540.16,-5402.61,-9626.41,-5869.16
20,210,-4509.5,-6211.94,-7810.73,-7133.14
25,210,-3323.24,-6581.1,-5842.7,-7908.98
30,210,-2096.32,-6550.68,-3881.43,-8219.76
35,210,-930.828,-6199.03,-2060.63,-8134.4
40,210,96.2301,-5622.42,-475.008,-7747.61
45,210,938.515,-4917.13,823.412,-7159.39
50,210,1579.38,-4167,1820.75,-6459.81
55,210,2026.3,-3437.2,2531.83,-5721.15
60,210,2303.04,-2773.26,2989.7,-4996.26
65,210,2441.82,-2202.85,3236.32,-4320.34
70,210,2476.69,-1738.92,3315.55,-3713.91
75,210,2438.89,-1383.1,3268.22,-3185.66
80,210,2354.2,-1128.96,3129.18,-2735
85,210,2241.81,-965.027,2926.14,-2354.2
90,210,2114.37,-877.241,2679.9,-2030.27
95,210,1978.61,-850.703,2405.96,-1746.55
100,210,1836.29,-870.513,2117,-1484.43
105,210,1685.35,-921.678,1825.63,-1225.5
110,210,1521.27,-988.246,1546.54,-954.722
115,210,1338.79,-1052.06,1297.01,-664.523
120,210,1133.88,-1091.88,1094.99,-358.963
125,210,905.896,-1083.99,954.643,-55.9936
130,210,659.321,-1005.01,880.911,214.285
135,210,404.665,-837.3,865.395,416.565
140,210,157.93,-575.776,886.25,521.267
145,210,-61.5073,-234.034,913.16,515.721
150,210,-234.508,153.026,915.981,410.617
155,210,-346.766,532.068,873.466,238.239
160,210,-393.252,840.145,778.19,42.6918
165,210,-380.74,1017.91,635.722,-133.681
170,210,-326.647,1024.1,459.32,-261.641
175,210,-253.641,847.201,263.733,-329.695
180,210,-181.8,510.715,61.7979,-341.489
0,215,-7794.31,-751.467,-12013.3,276.979
5,215,-7723.89,-2811.94,-11546.3,-1950.82
10,215,-7179.9,-4621.99,-10538.1,-3969.39
15,215,-6229.21,-6031.18,-9089.04,-5642.09
20,215,-4981.73,-6954.34,-7339.13,-6877.93
25,215,-3570.99,-7376.98,-5446.37,-7642.57
30,215,-2132.38,-7346.4,-3563.75,-7957.94
35,215,-783.596,-6952.83,-1818.86,-7890.25
40,215,388.763,-6306.54,-301.02,-7530.57
45,215,1334.58,-5517.24,941.688,-6975.03
50,215,2038.11,-4679.82,1897.42,-6310.23
55,215,2510.94,-3867.43,2581.11,-5605.78
60,215,2782.73,-3130.4,3024.35,-4912.94
65,215,2892.22,-2498.51,3266.79,-4266.36
70,215,2879.96,-1984.83,3349.68,-3686.75
75,215,2783.17,-1589.86,3311.35,-3183.46
80,215,2632.87,-1305.52,3184.46,-2756.61
85,215,2452.78,-1118.8,2994.76,-2399.06
90,215,2259.23,-1014.68,2761.31,-2098.09
95,215,2061.77,-978.134,2498.01,-1836.88
100,215,1863.95,-994.849,2216.12,-1596.19
105,215,1664.24,-1050.76,1927.21,-1356.52
110,215,1457.3,-1130.35,1645.61,-1101.36
115,215,1235.9,-1214.5,1389.08,-821.567
120,215,993.57,-1278.74,1177.04,-519.919
125,215,727.947,-1293.69,1025.79,-213.829
130,215,443.663,-1228.8,942.502,66.0723
135,215,153.835,-1059.57,920.284,282.953
140,215,-120.836,-776.75,937.492,405.27
145,215,-355.486,-394.266,962.665,418.732
150,215,-526.42,47.6091,963.737,333.303
155,215,-617.191,486.212,917.605,181.345
160,215,-623.891,847.671,815.694,7.17103
165,215,-557.722,1062.97,663.318,-147.256
170,215,-443.035,1084.87,474.143,-253.793
175,215,-310.345,900.908,263.68,-302.053
180,215,-186.494,538.535,45.7179,-295.678
0,220,-8811.67,-724.467,-11288.2,341.419
5,220,-8679.47,-3024.47,-10847.4,-1783.15
10,220,-8013.31,-5045.73,-9900.27,-3711.48
15,220,-6895.1,-6622.54,-8542.91,-5317.24
20,220,-5453.8,-7661.49,-6907,-6515.33
25,220,-3842.6,-8147.1,-5140.36,-7272.51
30,220,-2214.41,-8132.05,-3385.34,-7607.64
35,220,-700.238,-7716.1,-1759.84,-7581.01
40,220,604.993,-7020.82,-345.501,-7276.46
45,220,1647.62,-6166.82,814.639,-6782.93
50,220,2412.22,-5258.05,1710.82,-6180.85
55,220,2913.33,-4374.32,2357.37,-5535.36
60,220,3185.14,-3570.15,2783.21,-4895.14
65,220,3271.71,-2877.55,3024.15,-4293.97
70,220,3219.03,-2310.31,3117.23,-3752.95
75,220,3069.67,-1868.75,3096.84,-3282.54
80,220,2859.67,-1544.23,2992.28,-2884.22
85,220,2617.22,-1323.17,2826.6,-2552.03
90,220,2362.6,-1190.38,2616.75,-2274.06
95,220,2108.48,-1131.17,2375.06,-2033.86
100,220,1860.5,-1132.15,2111.67,-1812.08
105,220,1617.87,-1180.37,1837.46,-1588.65
110,220,1374.37,-1261.05,1566.55,-1346.19
115,220,1120.5,-1354.43,1317.08,-1074.38
120,220,846.867,-1433.37,1109.38,-774.743
125,220,548.762,-1463.44,961.173,-463.62
130,220,230.433,-1407.46,881.201,-171.077
135,220,-92.6235,-1234.5,863.824,65.8988
140,220,-394.85,-931.265,887.934,214.911
145,220,-645.431,-511.899,921.751,260.332
150,220,-815.553,-21.6024,932.239,210.52
155,220,-886.185,468.4,895.092,95.9698
160,220,-854.27,874.368,800.626,-41.2948
165,220,-735.256,1118.81,653.231,-162.008
170,220,-560.209,1149.53,465.801,-240.615
175,220,-367.238,953.651,253.28,-268.176
180,220,-189.769,562.255,29.2899,-247.616
0,225,-9761.98,-691.953,-10477.3,403.261
5,225,-9575.41,-3210.15,-10074.8,-1578.95
10,225,-8805.27,-5425.86,-9214.5,-3384.79
15,225,-7546.47,-7161.74,-7984.93,-4901.08
20,225,-5943.48,-8317.84,-6505.54,-6050.1
25,225,-4165.03,-8877.42,-4909.65,-6799.5
30,225,-2377.49,-8896.35,-3325.15,-7163.52
35,225,-722.183,-8480.77,-1857.3,-7194.1
40,225,699.461,-7760.08,-578.189,-6965.16
45,225,1830.72,-6862.71,474.984,-6556.01
50,225,2655.94,-5899.44,1294.58,-6039.01
55,225,3191.38,-4955.41,1893.73,-5473.5
60,225,3474.23,-4089.01,2297.73,-4904.65
65,225,3552.26,-3334.87,2537.33,-4364.81
70,225,3475.51,-2708.56,2644.11,-3875.17
75,225,3290.66,-2211.49,2647.36,-3447.19
80,225,3037.74,-1835.78,2572.12,-3083.74
85,225,2748.69,-1568.37,2438.24,-2780.27
90,225,2447.06,-1394.59,2260.44,-2526
95,225,2148.27,-1300.41,2049.66,-2305.36
100,225,1859.82,-1273.33,1815.25,-2099.51
105,225,1581.61,-1301.36,1567.69,-1888.7
110,225,1306.81,-1370.37,1320.87,-1655.48
115,225,1024.02,-1460.23,1092.9,-1389.08
120,225,721.38,-1541.71,904.231,-1090.06
125,225,392.202,-1576.42,773.025,-773.375
130,225,40.5357,-1521.84,708.735,-467.519
135,225,-315.759,-1341.74,706.682,-208.205
140,225,-646.377,-1019.5,746.719,-27.3636
145,225,-914.63,-569.41,797.757,58.6355
150,225,-1086.56,-40.7606,826.981,56.0022
155,225,-1140.39,488.149,809.725,-8.27551
160,225,-1073.66,925.575,735.335,-96.6922
165,225,-905.638,1187.42,606.673,-174.774
170,225,-673.532,1218.02,434.735,-220.896
175,225,-422.36,1004.69,232.607,-227.935
180,225,-191.6,581.697,12.6389,-197.67
0,230,-10638,-654.174,-9586.6,462.035
5,230,-10406.8,-3362.9,-9232.95,-1342.96
10,230,-9555.63,-5751.29,-8480.98,-2997.04
15,230,-8189.78,-7634.33,-7408.9,-4402.07
20,230,-6464.8,-8907.25,-6120.59,-5488.55
25,230,-4559.87,-9551.35,-4731.46,-6224.94
30,230,-2650.14,-9623.16,-3351.93,-6619.82
35,230,-883.483,-9231.42,-2072.41,-6715.22
40,230,634.328,-8509.52,-954.13,-6573.49
45,230,1844.3,-7590.44,-27.911,-6262.86
50,230,2730.11,-6589.49,700.632,-5846.46
55,230,3308.57,-5596,1242.97,-5376.86
60,230,3618.21,-4672.12,1620.04,-4894.91
65,230,3708.69,-3855.76,1856.66,-4430.69
70,230,3632.27,-3165.36,1978.04,-4004.76
75,230,3438.01,-2604.81,2007.57,-3628.96
80,230,3168.27,-2168.17,1965.54,-3307.21
85,230,2857.17,-1843.9,1868.3,-3036.24
90,230,2530.27,-1618.36,1728.45,-2806.69
95,230,2204.63,-1478.34,1555.77,-2604.34
100,230,1888.97,-1411.98,1359.08,-2411.71
105,230,1583.79,-1407.94,1148.55,-2210.27
110,230,1282.08,-1452.42,937.679,-1983.51
115,230,971.547,-1525.04,743.926,-1721.03
120,230,639.115,-1595.25,586.99,-1422.86
125,230,277.329,-1622.09,484.425,-1102.37
130,230,-109.184,-1559.51,445.632,-785.629
135,230,-500.035,-1367.79,466.676,-505.718
140,230,-860.537,-1028.1,528.883,-292.71
145,230,-1148.72,-554.937,602.958,-162.899
150,230,-1325.94,-0.576206,657.566,-112.406
155,230,-1367.83,551.658,668.596,-118.955
160,230,-1272.26,1004.52,624.646,-151.356
165,230,-1061.72,1269.7,526.533,-181.649
170,230,-778.615,1289.85,382.337,-193.266
175,230,-473.814,1053.2,202.112,-181.282
180,230,-191.972,596.712,-4.10816,-146.22
0,235,-11433,-611.415,-8622.96,517.291
5,235,-11168.6,-3477.45,-8326.52,-1080.88
10,235,-10263.1,-6012.13,-7699.07,-2557.68
15,235,-8828.6,-8026.68,-6806.25,-3830.74
20,235,-7026.78,-9413.13,-5733.89,-4839.26
25,235,-5041.7,-10150,-4577.05,-5552.45
30,235,-3052.07,-10291.7,-3426.64,-5972.87
35,235,-1208.28,-9945.85,-2356.77,-6132.07
40,235,382.146,-9245.83,-1417.1,-6080.16
45,235,1658.92,-8326.02,-631.929,-5873.73
50,235,2604.76,-7304.21,-5.05235,-5566.17
55,235,3235.83,-6272.97,472.943,-5202.66
60,235,3590.26,-5298.16,818.143,-4818.9
65,235,3717.56,-4421.59,1048.94,-4441.71
70,235,3670.12,-3665.5,1183.71,-4089.93
75,235,3497.26,-3037.21,1239.61,-3774.9
80,235,3241.7,-2533.64,1231.9,-3500.97
85,235,2937.96,-2145.35,1173.47,-3266
90,235,2611.96,-1860.1,1074.88,-3062.23
95,235,2281.13,-1665.47,944.924,-2877.37
100,235,1954.57,-1550.05,792.027,-2696.07
105,235,1633.12,-1502.72,625.988,-2501.95
110,235,1310.05,-1509.77,459.59,-2280.36
115,235,973.32,-1550.69,309.067,-2022.06
120,235,610.24,-1594.45,192.546,-1727.02
125,235,214.158,-1599.15,126.15,-1406.98
130,235,-208.661,-1517.42,118.643,-1084.91
135,235,-635.06,-1308.26,166.751,-790.108
140,235,-1026.49,-952.111,253.825,-549.467
145,235,-1336.6,-463.856,353.416,-378.261
150,235,-1522.84,102.51,436.87,-274.78
155,235,-1558.58,661.025,481.521,-222.166
160,235,-1441.74,1111.84,475.493,-196.775
165,235,-1197.26,1365.21,417.165,-178.397
170,235,-871.508,1364.03,310.859,-156.341
175,235,-519.833,1098.29,162.599,-128.27
180,235,-190.884,607.185,-20.824,-93.6567
0,240,-12141.1,-564.004,-7593.69,568.611
5,240,-11856.2,-3549.53,-7360.34,-799.248
10,240,-10925.2,-6199.95,-6867.63,-2077.66
15,240,-9463.07,-8326.35,-6167,-3199.86
20,240,-7632.58,-9819.03,-5324.69,-4113.66
25,240,-5616.83,-10653,-4414.05,-4789.26
30,240,-3592.7,-10877.8,-3505.42,-5223.47
35,240,-1708.86,-10596.6,-2656.09,-5437.66
40,240,-71.9374,-9939.23,-1904.03,-5470.02
45,240,1257.61,-9038.7,-1267.27,-5365.63
50,240,2261.33,-8013.44,-748.207,-5168.12
55,240,2953.5,-6958.44,-339.785,-4914.89
60,240,3369.98,-5943.13,-30.9358,-4635.69
65,240,3557.94,-5013.47,190.277,-4353.02
70,240,3567.59,-4195.91,335.432,-4082.83
75,240,3446.42,-3501.62,415.518,-3835
80,240,3235.65,-2930.67,440.866,-3613.67
85,240,2968.6,-2475.95,420.972,-3417.62
90,240,2670.23,-2126.74,364.379,-3240.88
95,240,2357.28,-1871.38,278.929,-3073.56
100,240,2038.41,-1698.73,172.563,-2903.07
105,240,1714.46,-1597.65,54.5527,-2715.9
110,240,1379.17,-1554.37,-63.3417,-2500.01
115,240,1021.59,-1548.5,-166.57,-2248.01
120,240,630.67,-1549.48,-239.134,-1960.24
125,240,201.924,-1516.25,-266.879,-1646.93
130,240,-255.824,-1402.6,-242.024,-1327.56
135,240,-716.467,-1168.61,-167.139,-1026.75
140,240,-1138.16,-795.685,-56.3308,-767.132
145,240,-1471.08,-299.376,67.7173,-562.009
150,240,-1669.62,265.871,180.071,-411.41
155,240,-1705.22,813.949,260.324,-304.075
160,240,-1575.6,1245.47,296.432,-224.507
165,240,-1307.16,1472.1,284.101,-160.891
170,240,-948.864,1439.07,223.278,-108.886
175,240,-558.849,1139.02,115.188,-69.0795
180,240,-188.342,613.037,-37.3814,-40.3807
0,245,-12756.7,-512.3,-6506.63,615.604
5,245,-12464.8,-3576.01,-6339.57,-505.274
10,245,-11537.7,-6308.05,-5985.49,-1569.34
15,245,-10089.7,-8522.55,-5480.76,-2524.39
20,245,-8279.1,-10109.4,-4871.45,-3326.53
25,245,-6282.61,-11039.3,-4208.93,-3947.3
30,245,-4270.11,-11355.4,-3542.95,-4378.67
35,245,-2384.44,-11153,-2914.29,-4632.89
40,245,-728.7,-10556.1,-2349.83,-4737.23
45,245,637.607,-9693.66,-1862.03,-4725.99
50,245,1694.66,-8683.42,-1452.4,-4633.27
55,245,2453.55,-7621.83,-1116.5,-4488.49
60,245,2945.96,-6581.44,-848.101,-4314.81
65,245,3214.45,-5612.07,-641.251,-4129.43
70,245,3304.86,-4744.09,-490.57,-3944.45
75,245,3260.91,-3992.27,-390.711,-3767.45
80,245,3120.85,-3359.65,-335.924,-3601.86
85,245,2915.76,-2841.37,-320.002,-3447.18
90,245,2668.94,-2428.14,-336.469,-3299.27
95,245,2395.88,-2109.09,-378.639,-3150.89
100,245,2104.32,-1873.25,-439.274,-2992.55
105,245,1794.68,-1709.32,-509.878,-2814.03
110,245,1461.09,-1603.49,-579.964,-2606.39
115,245,1093.86,-1535.87,-636.939,-2364.52
120,245,684.134,-1477.45,-667.221,-2089.63
125,245,230.196,-1389.9,-658.879,-1790.61
130,245,-256.149,-1230.52,-605.232,-1483.35
135,245,-745.891,-962.974,-508.014,-1187.31
140,245,-1194.4,-571.26,-378.326,-920.1
145,245,-1549.16,-71.9989,-234.334,-692.281
150,245,-1762.18,481.039,-96.3973,-505.036
155,245,-1803.2,1003.94,18.0335,-352.433
160,245,-1669.42,1400.71,97.083,-227.076
165,245,-1387.73,1587.2,133.714,-125.569
170,245,-1008.06,1513.03,123.129,-49.9746
175,245,-589.547,1174.39,61.2612,-4.04832
180,245,-184.368,614.224,-53.6542,13.2027
0,250,-13275.2,-456.697,-5370.06,657.911
5,250,-12989.7,-3554.96,-5269.75,-206.631
10,250,-12095.1,-6331.74,-5051.95,-1046.15
15,250,-10701.1,-8606.68,-4737.83,-1821.42
20,250,-8956.87,-10270.3,-4353.7,-2496.19
25,250,-7027.38,-11289.3,-3929.66,-3043.87
30,250,-5070.9,-11698.4,-3495.9,-3452.91
35,250,-3220.8,-11583.8,-3077.83,-3728.09
40,250,-1574.23,-11061.2,-2692.44,-3887.21
45,250,-188.708,-10254.3,-2347.71,-3954.81
50,250,914.31,-9278.28,-2044.94,-3955.94
55,250,1741.57,-8230.16,-1782.44,-3911.97
60,250,2318.7,-7184.63,-1558.33,-3839.05
65,250,2681.61,-6194.45,-1371.71,-3748.53
70,250,2869.82,-5293.08,-1222.32,-3648.02
75,250,2921.72,-4498.09,-1109.51,-3542.31
80,250,2871.59,-3815.01,-1031.51,-3433.78
85,250,2747.74,-3240.91,-985.183,-3322.46
90,250,2571.65,-2767.93,-966.233,-3205.95
95,250,2357.47,-2385.9,-969.41,-3079.57
100,250,2112.02,-2084,-988.518,-2936.93
105,250,1835.1,-1850.75,-1016.13,-2771.13
110,250,1520.9,-1672.34,-1043.25,-2576.45
115,250,1160.7,-1529.89,-1059.4,-2350.32
120,250,747.536,-1397.04,-1053.53,-2095.05
125,250,282.181,-1239.92,-1015.99,-1818.49
130,250,-220.899,-1021.56,-941.156,-1533.05
135,250,-730.197,-711.341,-829.714,-1252.97
140,250,-1198.8,-297.429,-689.329,-990.573
145,250,-1572.05,202.04,-533.04,-753.222
150,250,-1800.01,734.788,-375.943,-542.726
155,250,-1850.91,1221.03,-231.96,-357.887
160,250,-1721.03,1570.68,-112.463,-198.778
165,250,-1436.71,1706.24,-27.1528,-69.8317
170,250,-1047.28,1583.56,14.3254,20.8667
175,250,-610.908,1203.4,2.40911,66.3135
180,250,-178.99,610.736,-69.5188,66.6856
0,255,-13692.8,-397.618,-4192.61,695.211
5,255,-13426.3,-3485.77,-4156.87,88.7393
10,255,-12590.6,-6268.53,-4067.23,-522.372
15,255,-11286.8,-8572.89,-3930.22,-1109.84
20,255,-9650.59,-10291.1,-3753.68,-1644.34
25,255,-7831.02,-11385.6,-3548.18,-2101.71
30,255,-5970.81,-11883,-3326.21,-2468.4
35,255,-4190.82,-11859.3,-3099.7,-2743.62
40,255,-2580.25,-11420.7,-2877.45,-2937.41
45,255,-1193.82,-10684.1,-2664.3,-3065.73
50,255,-54.8196,-9761.08,-2462.15,-3145.13
55,255,838.111,-8747.74,-2272.01,-3189.11
60,255,1503.04,-7719.52,-2095.66,-3206.76
65,255,1967.6,-6730.77,-1936.02,-3203.45
70,255,2263.54,-5816.76,-1796.5,-3182.21
75,255,2422.84,-4996.91,-1679.93,-3144.93
80,255,2475.09,-4278.55,-1587.67,-3092.81
85,255,2445.64,-3660.44,-1519.3,-3026.19
90,255,2354.18,-3135.96,-1472.7,-2944.16
95,255,2213.82,-2695.69,-1444.28,-2844.28
100,255,2030.66,-2328.9,-1429.22,-2722.94
105,255,1804.06,-2023.87,-1421.45,-2576.25
110,255,1528.08,-1766.98,-1413.7,-2401.46
115,255,1194.48,-1540.84,-1397.77,-2198.42
120,255,797.326,-1322.67,-1365.21,-1970.52
125,255,338.884,-1084.46,-1308.64,-1724.68
130,255,-164.694,-796.66,-1223.35,-1470.11
135,255,-680.201,-435.973,-1108.7,-1216.2
140,255,-1159.03,3.98556,-968.506,-970.261
145,255,-1544.83,503.031,-810.135,-736.542
150,255,-1786.06,1010.77,-642.897,-517.167
155,255,-1849.57,1452.84,-476.744,-314.922
160,255,-1730.4,1746.93,-322.24,-136.274
165,255,-1453.38,1824.14,-191.559,7.6516
170,255,-1065.57,1648.09,-99.0399,103.548
175,255,-622.234,1225.09,-59.639,141.308
180,255,-172.25,602.6,-84.8542,119.661
0,260,-14006.1,-335.514,-2983.25,727.221
5,260,-13770.3,-3369.15,-3007.52,372.848
10,260,-13016.1,-6118.38,-3032.89,-12.6817
15,260,-11833.1,-8418.57,-3052.56,-409.931
20,260,-10339.9,-10164.5,-3057.99,-795.652
25,260,-8666.13,-11315.3,-3042.7,-1148.57
30,260,-6936.13,-11889.8,-3004.11,-1454.66
35,260,-5255.99,-11953.9,-2943.07,-1709.5
40,260,-3705.58,-11603.8,-2862.29,-1917.08
45,260,-2336.23,-10948.7,-2764.88,-2085.99
50,260,-1173.22,-10095.2,-2654.04,-2225.01
55,260,-221.345,-9136.78,-2533.42,-2340.14
60,260,528.937,-8148.06,-2407.55,-2433.76
65,260,1095.99,-7183.42,-2281.84,-2505.64
70,260,1502.94,-6278.59,-2161.87,-2554.58
75,260,1774.74,-5453.9,-2052.58,-2579.8
80,260,1935.91,-4717.82,-1957.46,-2581.33
85,260,2008.59,-4070.43,-1878.24,-2559.68
90,260,2010.73,-3506.26,-1814.75,-2515.03
95,260,1954.64,-3016.51,-1765.14,-2446.78
100,260,1846.13,-2590.52,-1726.12,-2353.57
105,260,1684.46,-2216.41,-1693.25,-2234.01
110,260,1463.71,-1880.93,-1661.23,-2087.75
115,260,1175.66,-1568.6,-1624.33,-1916.47
120,260,814.499,-1260.84,-1576.82,-1724.22
125,260,382.735,-936.314,-1513.59,-1516.85
130,260,-103.099,-573.71,-1430.71,-1300.68
135,260,-609.147,-157.988,-1325.87,-1080.91
140,260,-1085.86,310.962,-1198.57,-860.763
145,260,-1475.78,810.308,-1050.08,-642.027
150,260,-1726.22,1291.44,-883.537,-427.207
155,260,-1802.95,1685.92,-704.654,-222.346
160,260,-1699.55,1920.27,-522.963,-38.9312
165,260,-1438.41,1935.45,-352.821,106.754
170,260,-1062.78,1703.96,-212.88,197.349
175,260,-623.166,1238.55,-123.08,220.048
180,260,-164.199,589.877,-99.5438,171.726
0,265,-14212.8,-270.856,-1751.19,753.695
5,265,-14017.6,-3207.16,-1828.86,637.887
10,265,-13363.1,-5883.76,-1952.14,468.213
15,265,-12324.5,-8144.81,-2102.82,257.263
20,265,-11000.8,-9888.35,-2258.72,23.1067
25,265,-9499.8,-11071.3,-2399.42,-216.208
30,265,-7925.8,-11705.8,-2510.38,-447.422
35,265,-6368.82,-11848.5,-2584.18,-664.186
40,265,-4898.61,-11585.9,-2619.51,-866.084
45,265,-3562.81,-11018.5,-2619.2,-1055.54
50,265,-2388.87,-10246.8,-2588.26,-1234.41
55,265,-1388.03,-9359.87,-2532.69,-1401.89
60,265,-559.713,-8429.9,-2458.93,-1554.31
65,265,104.886,-7509.83,-2373.55,-1686.56
70,265,620.093,-6634.76,-2282.94,-1793.89
75,265,1003.69,-5825.01,-2192.83,-1873.31
80,265,1274.96,-5089.65,-2107.83,-1923.82
85,265,1452.62,-4429.64,-2031.04,-1945.9
90,265,1552.78,-3840.38,-1963.83,-1940.55
95,265,1587.03,-3313.58,-1905.89,-1908.54
100,265,1561.16,-2838.65,-1855.48,-1850.25
105,265,1474.76,-2403.75,-1809.92,-1766.14
110,265,1322.12,-1996.3,-1766.13,-1657.43
115,265,1094.95,-1603,-1721.08,-1526.7
120,265,786.926,-1209.65,-1671.92,-1377.81
125,265,399.761,-801.526,-1615.79,-1215.11
130,265,-50.7443,-365.506,-1549.32,-1042.27
135,265,-531.143,105.135,-1468.2,-861.306
140,265,-991.909,603.865,-1367.21,-672.708
145,265,-1375.38,1104.6,-1241.18,-477.053
150,265,-1628.62,1559.94,-1086.95,-277.675
155,265,-1716.85,1907.1,-905.927,-83.2693
160,265,-1632.18,2081.61,-706.492,91.1272
165,265,-1393.77,2034.74,-504.828,225.846
170,265,-1039.58,1748.57,-323.292,300.896
175,265,-613.683,1242.98,-186.106,301.458
180,265,-154.898,572.666,-113.476,222.483
0,270,-14311.3,-204.136,-505.8,774.434
5,270,-14164.6,-3003.18,-628.691,876.454
10,270,-13622.5,-5569.73,-830.109,906.057
15,270,-12744.1,-7756.65,-1082.89,870.691
20,270,-11606.7,-9465.8,-1354.37,784.117
25,270,-10295.7,-10653.2,-1613.77,661.089
30,270,-8894.21,-11325.8,-1837.99,513.226
35,270,-7476.05,-11532.5,-2014.16,347.483
40,270,-6100.79,-11350.6,-2139.09,167.277
45,270,-4812.46,-10871.6,-2216.34,-24.8974
50,270,-3640.71,-10188.3,-2252.98,-224.984
55,270,-2603.23,-9384.25,-2256.94,-426.258
60,270,-1708.2,-8527.48,-2235.69,-619.938
65,270,-956.051,-7668.39,-2195.94,-796.937
70,270,-340.862,-6840.62,-2143.69,-949.764
75,270,148.283,-6063.87,-2084.41,-1073.71
80,270,525.538,-5347.22,-2022.81,-1166.99
85,270,806.158,-4692.06,-1962.58,-1230
90,270,1004.22,-4094.25,-1906.02,-1264.27
95,270,1130.49,-3545.84,-1854.01,-1271.59
100,270,1190.79,-3036.47,-1806.24,-1253.59
105,270,1185.17,-2554.6,-1761.88,-1211.84
110,270,1108.36,-2088.64,-1720.21,-1148.19
115,270,951.998,-1627.55,-1681.05,-1064.94
120,270,709.107,-1161.09,-1644.48,-964.696
125,270,380.259,-680.336,-1609.79,-849.759
130,270,-20.0563,-179.382,-1573.86,-721.402
135,270,-459.642,340.843,-1530.02,-579.628
140,270,-890.143,867.235,-1468.07,-423.942
145,270,-1255.1,1369.9,-1376.38,-255.277
150,270,-1502.67,1801.73,-1245.63,-78.5392
155,270,-1598.49,2104.71,-1073.17,95.3606
160,270,-1533.35,2222.71,-866.198,249.252
165,270,-1322.48,2117.09,-642.299,361.889
170,270,-997.337,1779.6,-426.711,412.201
175,270,-594.085,1237.74,-246.967,384.298
180,270,-144.419,551.096,-126.544,271.548
0,275,-14300.9,-135.863,743.439,789.279
5,275,-14208.3,-2761.77,584.567,1081.78
10,275,-13785.7,-5183.85,326.064,1287.53
15,275,-13074.8,-7263.19,1.27196,1410.14
20,275,-12130.9,-8905.86,-350.197,1459.85
25,275,-11016.5,-10068.2,-690.91,1448.33
30,275,-9794.3,-10754.1,-992.643,1385.17
35,275,-8522.4,-11006,-1239.88,1277.07
40,275,-7250.87,-10892.8,-1429.19,1129.32
45,275,-6020.52,-10497,-1565.64,948.129
50,275,-4863.23,-9902.93,-1658.19,742.32
55,275,-3802.79,-9187.02,-1716.06,523.434
60,275,-2855.43,-8412.26,-1746.95,304.348
65,275,-2029.97,-7625.61,-1756.81,97.1694
70,275,-1328.03,-6858.65,-1750.5,-88.6296
75,275,-744.89,-6130.03,-1732.37,-247.184
80,275,-271.087,-5448.42,-1706.46,-376.155
85,275,105.318,-4815.16,-1676.25,-475.894
90,275,396.324,-4226.26,-1644.41,-548.311
95,275,611.695,-3673.97,-1612.6,-595.871
100,275,757.066,-3148.27,-1581.81,-620.928
105,275,832.775,-2638.26,-1553.05,-625.406
110,275,833.918,-2133.46,-1528.03,-610.72
115,275,752.279,-1624.75,-1509.39,-577.768
120,275,580.572,-1104.92,-1499.93,-526.921
125,275,318.605,-569.421,-1500.67,-457.99
130,275,-20.3742,-18.0363,-1508.32,-370.318
135,275,-405.972,541.79,-1513.53,-263.23
140,275,-792.312,1090.76,-1501.17,-137.059
145,275,-1125.97,1594.75,-1453.52,5.25849
150,275,-1358.04,2005.87,-1355.74,156.422
155,275,-1455.78,2269.58,-1201.59,303.603
160,275,-1408.97,2336.89,-997.183,428.735
165,275,-1228.4,2178.4,-760.966,510.647
170,275,-938.022,1795.12,-520.037,528.736
175,275,-564.974,1222.38,-304.026,467.184
180,275,-132.84,525.332,-138.65,318.546
0,280,-14181.7,-66.5557,1987.02,798.116
5,280,-14146.3,-2488.65,1801.91,1247.92
10,280,-13844.6,-4736.05,1507.26,1600.71
15,280,-13300.5,-6677.46,1139.6,1857.11
20,280,-12547.7,-8223.42,741.877,2024.52
25,280,-11626.6,-9331.83,354.493,2111.95
30,280,-10580.9,-10004.9,7.50931,2127.05
35,280,-9454.61,-10280.5,-283.281,2075.91
40,280,-8289.48,-10220.1,-515.541,1964.9
45,280,-7123.8,-9897.47,-696.012,1802.88
50,280,-5991.68,-9387.84,-835.029,1602.19
55,280,-4922.38,-8759.92,-942.268,1378.01
60,280,-3939.1,-8070.65,-1024.82,1146.22
65,280,-3057.78,-7362.94,-1087.28,921.049
70,280,-2286.41,-6665.95,-1132.8,713.253
75,280,-1625.5,-5997.01,-1164.12,529.354
80,280,-1069.59,-5364.17,-1184.03,371.943
85,280,-609.681,-4768.44,-1195.31,240.636
90,280,-235.723,-4205.8,-1200.5,133.282
95,280,60.8726,-3668.69,-1201.8,47.1111
100,280,285.202,-3147.49,-1201.41,-20.3161
105,280,437.532,-2631.96,-1202.15,-70.4222
110,280,513.205,-2112.49,-1208.02,-103.223
115,280,504.448,-1581.12,-1224.17,-117.31
120,280,404.431,-1032.33,-1255.47,-110.267
125,280,213.087,-464.27,-1303.98,-79.4683
130,280,-57.0908,119.243,-1365.66,-23.1035
135,280,-377.924,705.501,-1428.36,58.7794
140,280,-707.455,1269.57,-1472.46,163.362
145,280,-997.364,1772.82,-1475.1,284.306
150,280,-1203.7,2165.67,-1416.97,411.231
155,280,-1296.66,2395.67,-1289.02,529.609
160,280,-1265.4,2419.49,-1096.37,621.445
165,280,-1115.95,2215.69,-857.686,667.007
170,280,-864.07,1793.77,-600.723,647.558
175,280,-527.214,1196.68,-355.814,548.629
180,280,-120.25,495.57,-149.7,363.119
0,285,-13954.6,3.25797,3215.48,800.88
5,285,-13977.2,-2190.48,3013.82,1369.95
10,285,-13792.4,-4238.37,2702.53,1835.55
15,285,-13406.9,-6016.12,2318.26,2195.71
20,285,-12834,-7438.89,1903.83,2455.51
25,285,-12094,-8466.96,1499.16,2621.94
30,285,-11213.8,-9102.33,1133.26,2701.19
35,285,-10225.3,-9379.53,820.3,2698.82
40,285,-9163.58,-9353.99,560.809,2621.89
45,285,-8065.41,-9091.12,346.651,2480.99
50,285,-6967.16,-8657.19,167.012,2290.88
55,285,-5902.71,-8112.72,12.787,2069.09
60,285,-4900.86,-7508.11,-121.701,1833.45
65,285,-3983.16,-6881.73,-239.162,1599.44
70,285,-3162.56,-6260.03,-340.766,1378.43
75,285,-2443.64,-5658.89,-427.429,1177.17
80,285,-1824.19,-5085.64,-500.487,998.239
85,285,-1297.58,-4541.04,-561.805,841.164
90,285,-855.523,-4021.03,-613.649,703.772
95,285,-490.684,-3518.26,-658.68,583.5
100,285,-198.77,-3023.43,-700.235,478.573
105,285,20.1607,-2526.59,-742.811,388.928
110,285,161.742,-2018.28,-792.348,316.685
115,285,219.168,-1490.58,-855.733,265.956
120,285,187.017,-938.291,-938.999,241.825
125,285,66.3337,-360.744,-1044.24,248.69
130,285,-130.68,235.589,-1166.17,288.4
135,285,-378.556,833.814,-1289.99,358.855
140,285,-640.725,1403.97,-1392.56,453.483
145,285,-875.975,1902.97,-1447.34,561.622
150,285,-1047.13,2278.95,-1432.02,669.415
155,285,-1128.51,2480.36,-1335.66,760.818
160,285,-1109.03,2468.11,-1162.43,818.566
165,285,-989.83,2227.27,-930.471,825.344
170,285,-778.25,1774.77,-666.835,765.452
175,285,-481.89,1160.66,-401.064,627.083
180,285,-106.745,462.036,-159.611,404.929
0,290,-13621.2,73.0469,4419.46,797.548
5,290,-13700.6,-1874.69,4210.4,1444.15
10,290,-13624,-3704.57,3899.32,1984.26
15,290,-13382.5,-5298.88,3520.2,2413.42
20,290,-12971.3,-6577.46,3112.54,2734.79
25,290,-12393.2,-7503.47,2712.75,2954.02
30,290,-11660.7,-8079.62,2346.49,3076.55
35,290,-10796.3,-8338.23,2025.04,3107.9
40,290,-9830.36,-8329.61,1746.99,3055.75
45,290,-8799.13,-8111.74,1503.56,2931.88
50,290,-7741.24,-7742.48,1284.67,2752.4
55,290,-6694.26,-7274.2,1082.93,2536.08
60,290,-5691.12,-6750.58,894.892,2301.57
65,290,-4757.27,-6205.18,720.139,2064.73
70,290,-3909.12,-5661.41,559.574,1836.98
75,290,-3154.16,-5133.57,414.008,1624.88
80,290,-2492.54,-4628.32,283.39,1430.87
85,290,-1919.52,-4146.28,166.608,1254.5
90,290,-1428.35,-3683.48,61.5168,1093.94
95,290,-1012.86,-3232.7,-35.0665,947.474
100,290,-669.569,-2784.64,-127.532,814.738
105,290,-398.727,-2328.96,-221.691,697.674
110,290,-203.998,-1855.39,-324.699,600.826
115,290,-90.4932,-1354.99,-444.18,530.74
120,290,-61.3688,-821.783,-586.162,494.354
125,290,-113.821,-255.326,-751.905,496.646
130,290,-235.88,336.139,-934.548,538.241
135,290,-405.504,932.335,-1117.3,613.912
140,290,-592.851,1498.95,-1274.9,712.608
145,290,-765.362,1988.83,-1378.99,818.975
150,290,-893.934,2347.7,-1405.89,915.617
155,290,-957.779,2524.29,-1343.72,985.129
160,290,-945.913,2482.57,-1195.67,1011.33
165,290,-854.773,2212.78,-978.457,979.914
170,290,-683.523,1738.04,-717.071,879.095
175,290,-430.264,1114.59,-438.742,700.987
180,290,-92.4283,424.986,-168.307,443.657
0,295,-13184.2,142.28,5589.81,788.147
5,295,-13316.9,-1549.27,5381.47,1468.07
10,295,-13336.2,-3149.7,5083.9,2041.62
15,295,-13219.4,-4547.77,4725.92,2501.74
20,295,-12946.4,-5667.99,4341.06,2849.98
25,295,-12505.9,-6476.63,3959.85,3091.32
30,295,-11899,-6977.43,3602.96,3231.28
35,295,-11141.2,-7201.15,3278.21,3275.98
40,295,-10260.3,-7193.84,2982.68,3233.97
45,295,-9292.73,-7007.06,2708.14,3117.88
50,295,-8279.52,-6691.02,2446.58,2944.42
55,295,-7261.01,-6290.57,2193.57,2732.57
60,295,-6272.8,-5842.86,1948.67,2500.78
65,295,-5342.62,-5376.53,1714.03,2264.44
70,295,-4488.82,-4911.79,1492.53,2034.43
75,295,-3720.61,-4461.12,1286.34,1816.91
80,295,-3039.69,-4030.42,1096.22,1614.19
85,295,-2442.75,-3620.13,921.341,1426.17
90,295,-1924.24,-3226.3,759.34,1251.9
95,295,-1478.94,-2841.61,606.432,1091.1
100,295,-1103.79,-2456.22,457.436,945.337
105,295,-798.678,-2058.75,305.852,818.741
110,295,-565.839,-1637.38,144.262,717.927
115,295,-407.971,-1181.49,-34.596,650.976
120,295,-325.486,-683.943,-235.75,625.372
125,295,-313.793,-144.195,-459.069,645.285
130,295,-361.628,428.106,-696.319,708.988
135,295,-451.223,1009.89,-929.733,807.477
140,295,-560.416,1563.29,-1133.68,925.05
145,295,-666.092,2037.87,-1279.92,1041.79
150,295,-747.736,2377.45,-1345.02,1136.96
155,295,-789.75,2530.95,-1316.92,1191.93
160,295,-781.548,2464.74,-1197.73,1191.71
165,295,-715.352,2173.14,-1001.81,1125.23
170,295,-582.911,1684.16,-750.748,985.221
175,295,-373.721,1059.03,-468.067,768.817
180,295,-77.4077,384.701,-175.722,479.009
0,300,-12646.9,210.43,6717.62,772.747
5,300,-12828,-1222.55,6516.76,1440.66
10,300,-12928,-2589.64,6241.75,2005.18
15,300,-12913.5,-3786.24,5914.38,2456.64
20,300,-12752.5,-4741.66,5560.21,2795.21
25,300,-12422.6,-5425.14,5202.3,3025.77
30,300,-11917.2,-5841.32,4855.48,3154.72
35,300,-11247.1,-6019.57,4524.19,3189.43
40,300,-10438.8,-6002.2,4204.95,3139.64
45,300,-9530.09,-5835.18,3891.46,3018.71
50,300,-8564.03,-5562.17,3579.3,2843.43
55,300,-7583.01,-5221.32,3268.11,2632.14
60,300,-6624.08,-4843.88,2961.12,2402.24
65,300,-5715.85,-4453.79,2663.23,2167.88
70,300,-4877.28,-4067.91,2379.03,1938.96
75,300,-4118.18,-3696.69,2111.53,1721.15
80,300,-3440.99,-3344.92,1861.64,1516.87
85,300,-2843.24,-3012.49,1628.27,1326.8
90,300,-2320.16,-2695.09,1408.52,1151.39
95,300,-1866.95,-2384.83,1198.06,992.152
100,300,-1480.33,-2070.92,991.35,852.621
105,300,-1159.05,-1740.54,781.988,738.654
110,300,-903.204,-1380.17,563.203,658.009
115,300,-712.661,-977.656,328.945,618.994
120,300,-585.182,-524.983,75.7037,628.229
125,300,-514.967,-21.7885,-195.021,687.87
130,300,-492.288,520.924,-474.308,793.104
135,300,-504.356,1077.81,-744.752,930.974
140,300,-537.008,1608.43,-982.092,1081.39
145,300,-576.471,2060.24,-1159.97,1220.33
150,300,-610.508,2376.19,-1256.5,1324.07
155,300,-628.554,2505.92,-1260.03,1372.88
160,300,-620.709,2418.09,-1171.33,1352.92
165,300,-575.794,2110.33,-1001.57,1256.35
170,300,-479.379,1614.33,-767.769,1080.77
175,300,-313.719,994.791,-488.515,829.144
180,300,-61.7979,341.489,-181.8,510.715
0,305,-12013.3,276.979,7794.31,751.467
5,305,-12236.7,-902.945,7606.07,1362.28
10,305,-12401,-2040.47,7358.1,1875.43
15,305,-12465.1,-3038.23,7063.97,2278.77
20,305,-12389,-3830.41,6740.2,2571.44
25,305,-12143,-4388.89,6401.61,2758.76
30,305,-11715.4,-4718.77,6057.12,2848.52
35,305,-11114.5,-4847.68,5708.5,2849.84
40,305,-10366.9,-4814.32,5352.96,2773.89
45,305,-9511.85,-4659.71,4987.67,2634.68
50,305,-8594.16,-4421.84,4613.12,2448.68
55,305,-7657.61,-4133.22,4234.01,2233
60,305,-6739.82,-3820,3857.74,2003.28
65,305,-5869.26,-3501.88,3491.99,1771.97
70,305,-5064.49,-3192.53,3142.76,1547.71
75,305,-4334.97,-2900.09,2813.38,1335.69
80,305,-3683.04,-2627.78,2504.39,1138.77
85,305,-3106.36,-2374.38,2214.03,958.785
90,305,-2600.22,-2134.62,1938.77,797.783
95,305,-2159.55,-1899.65,1673.93,659.007
100,305,-1780.14,-1657.51,1414.13,547.412
105,305,-1458.93,-1394.12,1153.63,469.643
110,305,-1193.51,-1094.82,886.857,433.361
115,305,-981.049,-746.662,609.233,445.801
120,305,-817.295,-341.581,318.63,511.596
125,305,-696.163,120.057,17.3113,630.142
130,305,-610.268,625.848,-286.162,793.269
135,305,-552.076,1148.76,-576.112,984.255
140,305,-514.99,1646.94,-831.131,1179.13
145,305,-493.631,2067.21,-1028.06,1350.35
150,305,-483.065,2353.09,-1147.48,1471.66
155,305,-477.279,2455.98,-1178.42,1522.4
160,305,-467.371,2347.2,-1120.01,1489.8
165,305,-439.856,2027.23,-979.532,1369.15
170,305,-375.73,1530.32,-768.557,1163
175,305,-251.747,922.921,-499.82,880.674
180,305,-45.7179,295.678,-186.494,538.535
0,310,-11288.2,341.419,8811.67,724.467
5,310,-11547.2,-598.711,8639.45,1234.74
10,310,-11759.1,-1518.01,8418.4,1655.72
15,310,-11878.8,-2327.11,8153.57,1973.43
20,310,-11861.8,-2965.28,7852.23,2186.47
25,310,-11675.1,-3406.62,7521.23,2301.03
30,310,-11304.3,-3655.89,7164.23,2326.64
35,310,-10757,-3738.36,6781.51,2274.33
40,310,-10060.4,-3688.88,6372.4,2156.66
45,310,-9254.72,-3543.74,5938.87,1988.08
50,310,-8386.2,-3335.95,5487.42,1784.31
55,310,-7499.33,-3093.2,5028.51,1560.82
60,310,-6631.68,-2837.37,4574,1331.09
65,310,-5811.06,-2584.56,4134.35,1105.57
70,310,-5054.99,-2345.51,3716.75,891.517
75,310,-4371.91,-2126.04,3324.59,693.748
80,310,-3763.31,-1927.49,2957.86,515.645
85,310,-3226.1,-1747.09,2614.07,360.21
90,310,-2754.88,-1578.31,2289.18,230.882
95,310,-2343.56,-1411.19,1978.44,132.052
100,310,-1986.38,-1232.89,1676.85,69.2115
105,310,-1678.24,-1028.72,1379.48,48.721
110,310,-1414.37,-783.786,1081.81,77.0782
115,310,-1189.86,-485.487,780.281,159.572
120,310,-999.369,-126.585,473.394,298.272
125,310,-837.423,291.317,163.174,489.578
130,310,-699.436,754.492,-143.317,722.04
135,310,-582.811,1234.94,-433.279,975.522
140,310,-487.406,1690.66,-689.184,1222.72
145,310,-414.687,2069.48,-891.85,1433.17
150,310,-365.643,2317.13,-1024.74,1578.6
155,310,-338.161,2388.16,-1077.64,1637.74
160,310,-324.7,2257.16,-1047.76,1598.92
165,310,-310.743,1927.32,-938.019,1460.42
170,310,-274.532,1434.34,-753.98,1229.63
175,310,-189.274,844.686,-501.964,922.3
180,310,-29.2899,247.616,-189.769,562.255
0,315,-10477.3,403.261,9761.98,691.953
5,315,-10764.8,-317.692,9607.41,1061.2
10,315,-11008.8,-1037.19,9408.86,1352.17
15,315,-11163.1,-1674.77,9163.42,1550.26
20,315,-11183,-2174.94,8870.02,1654.35
25,315,-11034.9,-2513.56,8528.61,1671.91
30,315,-10704.4,-2694.22,8139.05,1614.31
35,315,-10199.5,-2738.97,7701.56,1494.31
40,315,-9547.42,-2678.33,7219.03,1325.45
45,315,-8789.21,-2543.78,6699.26,1122.08
50,315,-7971.28,-2363.62,6155.44,898.716
55,315,-7138.14,-2161.26,5604.07,668.741
60,315,-6326.93,-1954.9,5061.58,443.217
65,315,-5564.56,-1757.62,4541.22,230.393
70,315,-4867.33,-1577.65,4051.42,36.0802
75,315,-4242.32,-1418.76,3595.75,-135.473
80,315,-3689.62,-1280.55,3173.84,-280.649
85,315,-3204.8,-1158.87,2782.74,-395.769
90,315,-2781.05,-1046.14,2418.19,-476.712
95,315,-2410.72,-931.751,2075.41,-518.786
100,315,-2086.31,-802.678,1749.58,-516.81
105,315,-1800.78,-644.559,1436.08,-465.414
110,315,-1547.58,-443.363,1130.64,-359.716
115,315,-1320.54,-187.746,829.745,-196.561
120,315,-1114.09,128.024,531.376,23.5869
125,315,-923.958,500.892,236.208,294.285
130,315,-748.285,916.135,-51.1905,601.04
135,315,-588.552,1345.65,-321.681,920.636
140,315,-449.512,1748.58,-562.138,1222.9
145,315,-337.648,2075.43,-757.613,1475.08
150,315,-258.36,2275.83,-894.496,1647.51
155,315,-212.773,2308.81,-963.19,1718.78
160,315,-195.091,2153.06,-958.818,1678.54
165,315,-191.066,1814.39,-879.723,1527.93
170,315,-178.052,1328.97,-725.262,1278.86
175,315,-127.716,761.53,-495.155,953.132
180,315,-12.6389,197.67,-191.6,581.697
0,320,-9586.6,462.035,10638,654.174
5,320,-9895.82,-67.0953,10501.1,846.101
10,320,-10158.3,-611.655,10316.9,973.439
15,320,-10330.2,-1100.78,10076,1022.8
20,320,-10369.4,-1484.4,9771.01,994.513
25,320,-10244.8,-1739.62,9396.87,897.815
30,320,-9943.92,-1868.06,8951.64,745.859
35,320,-9475.19,-1887.79,8437.28,552.605
40,320,-8865.89,-1824.42,7861.4,331.821
45,320,-8156.25,-1704.38,7238.32,96.8975
50,320,-7391.84,-1551.25,6588.04,-139.639
55,320,-6616.24,-1384.37,5933.06,-367.029
60,320,-5865.7,-1218.56,5294.24,-577.008
65,320,-5166.15,-1064.27,4687.68,-763.805
70,320,-4532.78,-927.744,4123.3,-923.459
75,320,-3971.35,-811.226,3605.21,-1052.86
80,320,-3480.49,-713.263,3133.16,-1148.97
85,320,-3054.19,-629.054,2704.11,-1208.39
90,320,-2684,-550.84,2313.62,-1227.29
95,320,-2360.64,-468.352,1956.63,-1201.45
100,320,-2074.97,-369.459,1627.92,-1126.41
105,320,-1818.5,-241.187,1322.24,-997.808
110,320,-1583.54,-71.27,1034.46,-812.042
115,320,-1363.42,149.705,759.888,-567.569
120,320,-1152.86,425.668,494.895,-266.87
125,320,-948.899,752.254,237.839,81.1742
130,320,-751.869,1114.32,-9.91646,459.314
135,320,-566.108,1484.65,-243.301,841.548
140,320,-399.55,1824.88,-453.701,1195.29
145,320,-261.878,2089.7,-630.297,1486.13
150,320,-161.499,2234.13,-762.193,1683.81
155,320,-102.175,2222.96,-840.245,1767.45
160,320,-80.2196,2039.58,-857.413,1728.32
165,320,-82.8423,1692.34,-807.527,1570.36
170,320,-88.226,1217.03,-683.896,1309.43
175,320,-68.3967,675.036,-479.812,972.535
180,320,4.10816,146.22,-191.972,596.712
0,325,-8622.96,517.291,11433,611.415
5,325,-8947.71,146.718,11312.3,595.046
10,325,-9218.23,-253.248,11131.4,530.398
15,325,-9395.18,-621.7,10876.9,407.776
20,325,-9441.86,-913.948,10537.4,230.498
25,325,-9332.06,-1107.92,10105.9,10.2159
30,325,-9056.06,-1202.61,9581.22,-238.315
35,325,-8623.05,-1211.53,8968.84,-500.665
40,325,-8059.26,-1155.01,8282.19,-763.947
45,325,-7402.81,-1054.29,7542.35,-1016.93
50,325,-6696.93,-928.218,6775.89,-1250.17
55,325,-5983.23,-792.071,6010.76,-1456.44
60,325,-5296.45,-657.449,5271.96,-1630.98
65,325,-4661.49,-532.421,4578.33,-1771.2
70,325,-4092.63,-421.67,3941.49,-1875.82
75,325,-3594.69,-326.625,3366.46,-1943.9
80,325,-3165.18,-245.671,2853.36,-1974.17
85,325,-2796.87,-174.456,2399.13,-1964.66
90,325,-2480.04,-106.252,1998.9,-1912.71
95,325,-2204.15,-32.3802,1646.82,-1814.92
100,325,-1958.97,57.2119,1336.44,-1667.43
105,325,-1735.12,173.068,1061,-1466.21
110,325,-1524.41,324.894,813.587,-1208
115,325,-1320.06,519.711,587.471,-891.876
120,325,-1117.28,759.594,376.646,-521.514
125,325,-914.056,1039.23,176.559,-107.644
130,325,-712.062,1343.81,-15.005,330.147
135,325,-517.122,1648.08,-197.153,763.48
140,325,-338.706,1917.48,-365.655,1157.93
145,325,-188.11,2112.19,-513.55,1478.22
150,325,-75.5738,2193.87,-632.412,1694.4
155,325,-7.00996,2133.87,-713.444,1786.88
160,325,18.8816,1920.67,-747.545,1748.97
165,325,12.4833,1564.98,-724.345,1587.2
170,325,-6.64457,1101.46,-631.551,1320.63
175,325,-12.5273,586.88,-456.529,980.143
180,325,20.824,93.6567,-190.884,607.185
0,330,-7593.69,568.611,12141.1,564.004
5,330,-7928.7,318.42,12033.8,314.62
10,330,-8200.25,28.2849,11843.4,35.7325
15,330,-8375.27,-250.617,11554.9,-275.676
20,330,-8424.22,-478.664,11156.6,-611.403
25,330,-8326.9,-634.181,10643.1,-956.629
30,330,-8077.08,-713.165,10016.6,-1295.18
35,330,-7684.36,-724.363,9288.26,-1613.04
40,330,-7172.88,-682.897,8478.23,-1899.53
45,330,-6577.24,-605.017,7614.36,-2147.1
50,330,-5936.88,-505.095,6729.12,-2350.89
55,330,-5290.3,-394.567,5855.15,-2508.57
60,330,-4670.12,-281.946,5020.83,-2620.17
65,330,-4099.97,-173.122,4247.37,-2687.46
70,330,-3593.47,-71.5751,3547.84,-2713.09
75,330,-3154.96,21.5007,2928.01,-2699.58
80,330,-2781.56,107.071,2388.07,-2648.58
85,330,-2465.57,188.064,1924.47,-2560.49
90,330,-2196.81,269.106,1531.31,-2434.18
95,330,-1964.34,356.202,1201.26,-2267.07
100,330,-1757.6,456.29,926.146,-2055.22
105,330,-1567,576.571,697.233,-1794.03
110,330,-1384.31,723.478,505.549,-1479.49
115,330,-1202.91,901.234,342.155,-1110.22
120,330,-1018.29,1110.01,198.526,-690.131
125,330,-828.804,1343.91,67.1155,-231.005
130,330,-636.418,1589.23,-57.8602,245.96
135,330,-447.111,1823.7,-179.566,710.779
140,330,-270.461,2017.73,-297.944,1128.08
145,330,-118.114,2138.05,-409.685,1462.73
150,330,-1.25462,2153.71,-508.729,1686.06
155,330,72.4377,2043,-586.723,1780.52
160,330,101.738,1799.51,-632.825,1741.77
165,330,93.986,1435.94,-632.983,1578.62
170,330,65.4466,985.265,-569.995,1312.3
175,330,38.8176,498.78,-426.057,975.877
180,330,37.3814,40.3807,-188.342,613.037
0,335,-6506.63,615.604,12756.7,512.3
5,335,-6847.76,443.866,12659.6,12.1973
10,335,-7117.32,225.566,12445.9,-496.49
15,335,-7289.18,3.14297,12102.6,-1006.82
20,335,-7341.57,-188.17,11621.8,-1503.6
25,335,-7260.7,-326.705,11003.3,-1967.99
30,335,-7043.67,-405.388,10255.9,-2382.56
35,335,-6699.9,-428.507,9398.64,-2734.69
40,335,-6250.4,-406.594,8459.08,-3017.39
45,335,-5725.01,-351.731,7471.72,-3228.54
50,335,-5158.27,-274.603,6474.15,-3369.8
55,335,-4584.58,-183.408,5502.52,-3445.63
60,335,-4033.82,-83.9716,4587.5,-3462.59
65,335,-3528.14,19.7408,3751.56,-3428.44
70,335,-3080.62,125.204,3008.27,-3351.14
75,335,-2695.63,231.131,2363.17,-3237.76
80,335,-2370.65,337.4,1815.52,-3093.58
85,335,-2098.47,444.99,1360.28,-2921.6
90,335,-1869.47,555.857,989.707,-2722.15
95,335,-1673.29,672.745,694.517,-2492.9
100,335,-1499.94,798.885,464.643,-2229.27
105,335,-1340.37,937.549,289.675,-1925.31
110,335,-1186.74,1091.37,159.079,-1575.5
115,335,-1032.69,1261.38,62.3036,-1177.22
120,335,-873.719,1445.69,-11.0891,-733.73
125,335,-707.847,1638.03,-71.0975,-256.849
130,335,-536.309,1826.32,-126.623,231.807
135,335,-364.067,1992.1,-184.542,701.962
140,335,-199.679,2111.53,-248.763,1118.64
145,335,-54.2259,2158.55,-319.616,1448.11
150,335,60.7752,2109.82,-393.599,1663.95
155,335,136.203,1950.42,-463.185,1751.29
160,335,168.337,1678.59,-516.34,1708.21
165,335,161.191,1308.63,-536.037,1545.32
170,335,127.126,871.412,-501.019,1284.78
175,335,84.7127,412.45,-389.266,959.946
180,335,53.6542,-13.2027,-184.368,614.224
0,340,-5370.06,657.911,13275.2,456.697
5,340,-5714.42,520.211,13184.3,-304.269
10,340,-5982.96,333.75,12934,-1051.29
15,340,-6156.07,134.079,12516.6,-1764.16
20,340,-6219.25,-46.8496,11931.8,-2418.55
25,340,-6164.35,-187.008,11188.6,-2990.68
30,340,-5991.02,-276.548,10306.1,-3462.13
35,340,-5707.57,-316.154,9312.63,-3822.65
40,340,-5331,-313.035,8244.43,-4070.5
45,340,-4885.58,-276.572,7142.31,-4211.01
50,340,-4400.22,-215.179,6047.97,-4254.48
55,340,-3904.68,-134.96,4999.67,-4214.4
60,340,-3425.7,-39.8166,4028.68,-4105.93
65,340,-2983.81,67.7941,3156.97,-3944.49
70,340,-2591.65,186.122,2396.82,-3744.47
75,340,-2254.07,313.727,1751.79,-3517.97
80,340,-1969.52,449.385,1218.71,-3273.89
85,340,-1732.15,592.139,789.83,-3017.3
90,340,-1533.81,741.323,454.81,-2749.34
95,340,-1365.65,896.484,202.202,-2467.39
100,340,-1219.09,1057.19,20.3963,-2165.76
105,340,-1086.24,1222.77,-101.941,-1836.99
110,340,-960.088,1391.93,-175.834,-1473.9
115,340,-834.63,1562.32,-212.219,-1072.34
120,340,-705.131,1729.83,-222.191,-634.248
125,340,-568.678,1887.79,-217.036,-170.297
130,340,-424.964,2025.9,-207.826,299.069
135,340,-277.054,2129.84,-204.532,745.111
140,340,-131.722,2181.82,-214.837,1135.01
145,340,1.08893,2162.94,-242.907,1437.84
150,340,109.944,2057.11,-288.308,1630.41
155,340,184.589,1855.42,-345.02,1700.88
160,340,219.024,1560.03,-400.576,1649.66
165,340,213.994,1186.26,-435.812,1488.4
170,340,177.766,762.763,-426.384,1238.93
175,340,124.39,329.547,-347.121,932.843
180,340,69.5188,-66.6856,-178.99,610.736
0,345,-4192.61,695.211,13692.8,397.618
5,345,-4538.62,545.981,13604.1,-626.479
10,345,-4810.84,350.591,13305.3,-1613.22
15,345,-4994.84,140.414,12796.9,-2526.14
20,345,-5081.57,-54.3391,12090.4,-3329.79
25,345,-5066.8,-210.95,11207.8,-3994.68
30,345,-4951.15,-317.477,10181.1,-4501.58
35,345,-4740.73,-372.416,9050.44,-4843.7
40,345,-4447.78,-381.522,7861.01,-5026.18
45,345,-4090.7,-353.516,6659.76,-5063.73
50,345,-3692.6,-296.495,5491.37,-4977.55
55,345,-3278.61,-216.098,4394.53,-4792.33
60,345,-2872.36,-115.454,3398.95,-4533.73
65,345,-2492.81,3.84205,2523.82,-4226.17
70,345,-2152.37,140.599,1777.79,-3891
75,345,-1856.68,293.314,1160.4,-3545.16
80,345,-1605.68,459.964,664.4,-3200.3
85,345,-1395.42,638.115,278.296,-2862.61
90,345,-1219.9,825.061,-11.2835,-2533.11
95,345,-1072.38,1017.84,-217.851,-2208.36
100,345,-946.182,1213.09,-354.013,-1881.57
105,345,-835.033,1406.82,-431.111,-1544.1
110,345,-733.044,1594.33,-459.44,-1187.52
115,345,-634.659,1770.14,-448.834,-806.286
120,345,-534.773,1928.02,-409.407,-400.604
125,345,-429.227,2060.71,-352.104,21.1268
130,345,-315.732,2159.58,-288.797,441.38
135,345,-195.025,2214.07,-231.683,834.989
140,345,-71.7496,2212.01,-191.961,1173.21
145,345,45.5688,2140.91,-177.963,1429.42
150,345,145.86,1990.75,-193.027,1584.39
155,345,218.093,1757.43,-233.507,1629.54
160,345,254.391,1445.87,-287.385,1567.21
165,345,252.568,1071.87,-334.277,1409.34
170,345,216.996,662.025,-347.774,1176.05
175,345,157.245,251.626,-300.657,895.33
180,345,84.8542,-119.661,-172.25,602.6
0,350,-2983.25,727.221,14006.1,335.514
5,350,-3330.5,521.114,13916,-946.029
10,350,-3614.38,276.436,13559.2,-2166.85
15,350,-3823.31,23.8668,12947.3,-3271.85
20,350,-3950.84,-206.207,12106.4,-4212.84
25,350,-3993.86,-390.098,11075.1,-4954.01
30,350,-3951.81,-514.833,9901.09,-5475.66
35,350,-3827.23,-578.643,8637.61,-5775.52
40,350,-3627.17,-588.164,7339.45,-5867.11
45,350,-3364.25,-553.883,6059.09,-5776.34
50,350,-3056.3,-485.845,4842.93,-5537.15
55,350,-2724.37,-391.158,3728.19,-5187.15
60,350,-2389.45,-273.64,2740.8,-4763.75
65,350,-2069.39,-134.943,1894.67,-4300.98
70,350,-1776.7,23.9233,1192.56,-3827.04
75,350,-1518.15,201.486,628.127,-3362.88
80,350,-1295.49,395.389,188.789,-2921.8
85,350,-1107,602.472,-141.266,-2509.94
90,350,-949.017,818.967,-378.518,-2127.43
95,350,-817.061,1040.54,-538.262,-1769.71
100,350,-706.497,1262.15,-633.575,-1429.09
105,350,-612.708,1477.77,-675.07,-1096.27
110,350,-530.961,1680.41,-671.291,-762.199
115,350,-456.181,1862.36,-629.63,-420.271
120,350,-382.914,2015.68,-557.58,-68.7346
125,350,-305.787,2132.63,-464.017,287.172
130,350,-220.605,2205.73,-360.09,634.332
135,350,-125.882,2227.4,-259.201,952.944
140,350,-24.2054,2189.76,-175.711,1220.04
145,350,77.3522,2085.16,-122.376,1414.48
150,350,168.32,1907.87,-106.981,1521.64
155,350,237.324,1656.84,-129.088,1536.14
160,350,275.161,1338.47,-178.009,1461.79
165,350,277.279,968.45,-233.058,1309.95
170,350,244.66,571.689,-266.769,1097.89
175,350,182.83,180.094,-250.949,848.418
180,350,99.5438,-171.726,-164.199,589.877
0,355,-1751.19,753.695,14212.8,270.856
5,355,-2100.28,446.951,14118.4,-1254.64
10,355,-2406.35,114.144,13697.3,-2697.14
15,355,-2657.6,-210.668,12974.1,-3981.44
20,355,-2846.44,-494.714,11992.3,-5045.59
25,355,-2967.29,-713.133,10809.3,-5847.09
30,355,-3015.68,-853.312,9490.43,-6366.17
35,355,-2989.11,-915.541,8103.12,-6606.03
40,355,-2889.16,-909.975,6711.8,-6589.91
45,355,-2723.24,-851.41,5373.65,-6356.25
50,355,-2504.94,-754.147,4135.34,-5952.86
55,355,-2252.3,-628.754,3030.75,-5430.99
60,355,-1984.67,-481.37,2079.98,-4840.12
65,355,-1719.5,-314.864,1289.72,-4223.58
70,355,-1470,-130.674,655.135,-3615.71
75,355,-1244.43,69.7303,162.842,-3040.54
80,355,-1046.59,284.162,-205.637,-2512.02
85,355,-876.974,509.648,-470.553,-2035.49
90,355,-734.097,742.557,-651.289,-1609.71
95,355,-615.455,978.595,-764.586,-1228.93
100,355,-518.081,1212.55,-823.627,-884.743
105,355,-438.677,1438.02,-837.848,-567.545
110,355,-373.414,1647.3,-813.416,-267.992
115,355,-317.612,1831.83,-754.359,21.4186
120,355,-265.621,1982.95,-664.342,304.524
125,355,-211.257,2092.71,-548.814,579.774
130,355,-149,2154.31,-416.922,839.339
135,355,-75.7493,2161.9,-282.321,1069.87
140,355,7.52135,2110.03,-162.062,1255.19
145,355,95.0733,1993.61,-73.3216,1380.39
150,355,177.273,1808.88,-28.6902,1435.72
155,355,242.906,1555.79,-31.5177,1418.79
160,355,282.09,1240.78,-73.156,1334.36
165,355,288.602,878.912,-133.452,1192.45
170,355,260.775,493.981,-184.833,1006.6
175,355,200.86,116.168,-199.096,793.338
180,355,113.476,-222.483,-154.898,572.666
0,360,-505.8,774.434,14311.3,204.136
5,360,-858.106,326.194,14210.5,-1544.41
10,360,-1198.54,-131.05,13722.8,-3189.87
15,360,-1511.59,-555.465,12886.6,-4636.57
20,360,-1784.19,-909.531,11763.9,-5808.52
25,360,-2004.13,-1167.07,10432.5,-6656.44
30,360,-2159.94,-1317.45,8976.53,-7160.92
35,360,-2242.55,-1365.61,7477.84,-7331.38
40,360,-2247.9,-1327.93,6010.04,-7201.65
45,360,-2179.2,-1225.98,4633.87,-6823.38
50,360,-2047.18,-1080.4,3394.7,-6258.37
55,360,-1868.34,-907.032,2321.5,-5571.12
60,360,-1661.68,-715.928,1427.09,-4822.24
65,360,-1445.27,-512.468,709.9,-4063.28
70,360,-1233.77,-299.323,156.885,-3333.68
75,360,-1037.37,-78.1367,-252.602,-2659.75
80,360,-862.006,149.516,-542.832,-2055.66
85,360,-710.193,381.789,-738.201,-1525.79
90,360,-582.158,616.455,-860.656,-1067.54
95,360,-476.732,850.698,-928.098,-674.001
100,360,-391.917,1080.73,-953.584,-336.001
105,360,-325.081,1301.41,-945.184,-43.5094
110,360,-272.825,1506.11,-906.461,213.318
115,360,-230.709,1687.04,-837.764,443.082
120,360,-193.148,1836.09,-738.483,651.869
125,360,-153.832,1945.68,-610.056,841.917
130,360,-106.872,2009.34,-458.972,1010.77
135,360,-48.4983,2021.51,-298.477,1151.61
140,360,21.2828,1977.01,-147.725,1255.18
145,360,97.8864,1870.7,-27.909,1312.83
150,360,172.769,1698.26,43.7409,1319.55
155,360,235.405,1458.49,59.9543,1275.65
160,360,275.882,1156.45,26.9048,1186.28
165,360,287.052,806.095,-36.4707,1059.56
170,360,265.494,430.795,-103.313,904.714
175,360,211.2,60.8392,-146.2,731.502
180,360,126.544,-271.548,-144.419,551.096
