Theta[deg],Phi[deg],re(rETheta)[mV],im(rETheta)[mV],re(rEPhi)[mV],im(rEPhi)[mV]
0,0,-557.988,543.828,14443.1,3142.37
5,0,-809.795,41.7576,14671.5,1431.27
10,0,-1042.19,-457.593,14494.8,-255.777
15,0,-1249.54,-913.164,13932.6,-1819.86
20,0,-1428.01,-1289.04,13032,-3176.55
25,0,-1572.49,-1560.36,11860.4,-4264.07
30,0,-1675.51,-1716.89,10497.8,-5047.68
35,0,-1728.65,-1763.12,9027.37,-5520.13
40,0,-1725.81,-1714.87,7528.75,-5698.68
45,0,-1666.47,-1593.79,6072.23,-5619.77
50,0,-1557.26,-1421.74,4714.84,-5332.55
55,0,-1411.06,-1216.91,3497.96,-4892.2
60,0,-1244.14,-992.217,2446.39,-4353.77
65,0,-1072.71,-755.846,1569.09,-3767.07
70,0,-910.161,-512.63,861.492,-3173.06
75,0,-765.717,-265.535,308.941,-2601.99
80,0,-644.427,-16.6485,-109.227,-2073.36
85,0,-548.003,232.293,-415.867,-1597.27
90,0,-475.894,479.588,-632.94,-1176.47
95,0,-426.177,723.216,-779.433,-808.516
100,0,-396.081,960.408,-870.197,-487.53
105,0,-382.114,1187.25,-915.565,-205.497
110,0,-379.923,1398.59,-921.659,46.5747
115,0,-384.094,1588.37,-891.437,277.325
120,0,-388.159,1750.27,-826.515,493.27
125,0,-385.074,1878.38,-729.617,696.811
130,0,-368.25,1967.32,-607.062,884.715
135,0,-332.947,2011.82,-470.329,1048.03
140,0,-277.566,2005.78,-335.67,1174.09
145,0,-204.293,1941.99,-221.294,1250.26
150,0,-118.787,1813.04,-142.593,1268.23
155,0,-29.0417,1613.98,-106.993,1226.93
160,0,56.0865,1345.91,-110.518,1133.01
165,0,128.085,1019.08,-137.745,998.954
170,0,179.452,653.827,-165.61,840.137
175,0,203.946,278.425,-170.013,672.514
180,0,196.824,-75.5752,-132.882,511.482
0,5,702.936,815.634,14436.8,3083.01
5,5,479.586,138.565,14702.2,1169.8
10,5,230.489,-523.24,14502.8,-715.718
15,5,-33.9504,-1115.93,13866.6,-2451.69
20,5,-301.46,-1595.15,12855.8,-3935.52
25,5,-556.495,-1932.86,11556.5,-5094.1
30,5,-780.948,-2120.55,10066.7,-5889
35,5,-957.153,-2168.11,8484.79,-6316.45
40,5,-1072.01,-2098.69,6900.98,-6402.84
45,5,-1120.33,-1941.7,5390.71,-6197.21
50,5,-1106.07,-1726.28,4011.52,-5762.51
55,5,-1040.85,-1476.87,2801.67,-5166.98
60,5,-940.8,-1211.52,1780.63,-4476.71
65,5,-822.885,-942.265,950.929,-3749.94
70,5,-702.001,-676.356,301.47,-3033.43
75,5,-589.36,-417.71,-188.328,-2360.93
80,5,-492.155,-167.988,-544.03,-1753.62
85,5,-414.065,72.5814,-792.147,-1222.03
90,5,-356.129,304.52,-957.014,-768.538
95,5,-317.574,528.421,-1058.75,-389.814
100,5,-296.406,744.293,-1112.13,-78.7624
105,5,-289.695,951.044,-1126.32,174.193
110,5,-293.619,1146.25,-1105.24,380.121
115,5,-303.428,1326.25,-1048.88,550.458
120,5,-313.528,1486.53,-955.688,695.423
125,5,-317.862,1622.06,-825.741,822.08
130,5,-310.664,1727.31,-664.15,932.663
135,5,-287.467,1795.76,-483.286,1024.09
140,5,-246.105,1819.33,-302.513,1089.29
145,5,-187.33,1788.13,-144.729,1120.26
150,5,-114.839,1691.71,-30.4247,1111.73
155,5,-34.7003,1521.95,28.6796,1063.7
160,5,45.5387,1277.19,33.7587,981.839
165,5,117.715,966.02,-1.09554,875.541
170,5,173.686,608.74,-53.1155,754.945
175,5,205.834,235.335,-97.7056,628.623
180,5,207.657,-119.866,-115.222,502.949
0,10,1958.51,1081.23,14320.6,3000.19
5,10,1768.89,196.281,14616.6,917.994
10,10,1497.42,-660.433,14394.8,-1135.73
15,10,1161.57,-1417.39,13690.9,-3018.55
20,10,785.777,-2018.46,12581.2,-4611.2
25,10,400.194,-2431.15,11168.9,-5830.01
30,10,37.0475,-2649.45,9569.26,-6633.2
35,10,-274.667,-2690.61,7894.86,-7020.56
40,10,-514.312,-2587.47,6244.87,-7027.44
45,10,-672.711,-2379.38,4698.43,-6714.8
50,10,-752.319,-2104.42,3312.07,-6157.96
55,10,-764.794,-1794.74,2119.9,-5436.09
60,10,-727.174,-1474.82,1135.67,-4623.86
65,10,-657.975,-1161.67,355.933,-3785.67
70,10,-574.129,-865.834,-235.9,-2972.46
75,10,-489.154,-592.562,-664.994,-2220.74
80,10,-412.471,-342.928,-960.533,-1553.37
85,10,-349.604,-115.008,-1151.69,-981.64
90,10,-302.86,94.9081,-1264.52,-507.81
95,10,-272.172,291.16,-1319.97,-127.662
100,10,-255.868,477.736,-1332.82,167.524
105,10,-251.23,657.561,-1311.42,389.549
110,10,-254.878,832.081,-1258.24,552.172
115,10,-263,1001.06,-1171.43,669.88
120,10,-271.528,1162.48,-1047.37,756.25
125,10,-276.28,1312.41,-884.461,822.036
130,10,-273.179,1444.72,-686.974,873.54
135,10,-258.583,1550.64,-467.815,912.05
140,10,-229.81,1618.46,-248.438,934.865
145,10,-185.772,1633.84,-55.082,937.753
150,10,-127.514,1581.53,87.9309,917.885
155,10,-58.4217,1448.82,165.421,875.888
160,10,16.0212,1230.44,176.05,815.982
165,10,88.788,933.22,132.415,744.147
170,10,151.953,578.398,56.6004,665.333
175,10,197.291,199.626,-26.724,581.339
180,10,216.909,-163.245,-96.6848,490.588
0,15,3199.18,1338.6,14095.4,2894.54
5,15,3047.53,219.054,14415.6,681.931
10,15,2748.54,-859.781,14174.7,-1504.23
15,15,2328.6,-1804.59,13414.7,-3504.67
20,15,1827.52,-2544.47,12223.7,-5185.99
25,15,1293.74,-3041.24,10719.9,-6455.3
30,15,776.739,-3291.81,9033.46,-7267.77
35,15,318.68,-3322.33,7289.09,-7626.47
40,15,-51.8232,-3177.27,5593.3,-7574.76
45,15,-322.201,-2907.54,4027.38,-7184.05
50,15,-494.528,-2561.46,2645.7,-6539.86
55,15,-581.604,-2179.8,1477.64,-5729.6
60,15,-602.274,-1794.23,531.398,-4833.65
65,15,-577.231,-1427.42,-201.49,-3920.09
70,15,-525.867,-1093.75,-741.582,-3042.29
75,15,-464.246,-800.08,-1116.94,-2238.56
80,15,-404.109,-546.883,-1358.78,-1533.19
85,15,-352.752,-329.792,-1497.7,-938.324
90,15,-313.551,-141.393,-1560.67,-456.281
95,15,-286.866,27.0332,-1569.09,-81.9031
100,15,-271.06,184.112,-1537.81,195.42
105,15,-263.454,337.394,-1474.99,390.084
110,15,-261.132,492.694,-1382.74,518.77
115,15,-261.503,653.537,-1258.78,598.835
120,15,-262.516,820.591,-1099.08,646.454
125,15,-262.448,991.015,-901.628,674.738
130,15,-259.388,1157.83,-670.489,692.35
135,15,-250.737,1309.46,-418.814,703.206
140,15,-233.204,1429.8,-169.024,707.489
145,15,-203.525,1499.05,50.8777,703.658
150,15,-159.663,1496.15,214.257,690.609
155,15,-101.878,1402.92,303.554,669.025
160,15,-33.1105,1209.94,315.418,641.253
165,15,41.3764,922.383,260.996,609.714
170,15,114.659,563.238,161.497,574.599
175,15,178.671,171.455,41.419,532.111
180,15,224.51,-205.381,-77.4121,474.494
0,20,4415.5,1585.78,13762.9,2766.86
5,20,4305.14,211.985,14100.7,466.717
10,20,3974.85,-1110.04,13846.7,-1811.49
15,20,3461.08,-2262.13,13047.1,-3896.52
20,20,2821.43,-3156.22,11798.4,-5644.3
25,20,2125.5,-3747.19,10230.4,-6954.49
30,20,1442.46,-4034.79,8484.99,-7779.57
35,20,829.171,-4055.01,6696.42,-8125.03
40,20,322.613,-3865.14,4976.57,-8040.72
45,20,-61.7036,-3528.79,3407.58,-7606.21
50,20,-326.295,-3105.24,2040.99,-6914.53
55,20,-485.909,-2644.34,901.45,-6058.42
60,20,-561.794,-2185.15,-7.72858,-5121.19
65,20,-577.194,-1756.21,-698.889,-4172.17
70,20,-554.172,-1375.87,-1195.04,-3265.33
75,20,-511.468,-1052.8,-1525.49,-2439.61
80,20,-463.231,-787.028,-1721.97,-1720.07
85,20,-418.593,-571.865,-1815.21,-1119.41
90,20,-382.039,-396.24,-1832.22,-639.929
95,20,-354.385,-247.053,-1794.43,-275.543
100,20,-334.078,-111.049,-1716.88,-13.8203
105,20,-318.59,23.8651,-1608.15,162.038
110,20,-305.656,167.672,-1471.17,271.229
115,20,-294.137,327.381,-1304.67,333.259
120,20,-284.21,506.067,-1105.74,365.818
125,20,-276.717,701.807,-873.215,382.972
130,20,-271.863,906.738,-611.543,394.165
135,20,-267.904,1106.54,-333.86,404.369
140,20,-260.692,1280.69,-62.5172,415.266
145,20,-244.569,1403.83,174.2,426.896
150,20,-214.285,1448.82,348.816,439.021
155,20,-166.873,1391.75,442.491,451.709
160,20,-102.527,1218.99,450.478,464.994
165,20,-24.3291,934.284,382.709,477.746
170,20,62.4406,563.049,259.556,486.132
175,20,150.538,150.702,105.278,482.367
180,20,230.403,-245.955,-57.5501,454.788
0,25,5598.22,1820.9,13325.7,2618.12
5,25,5531.66,180.939,13674.6,276.335
10,25,5168.3,-1398.41,13415.7,-2049.95
15,25,4555.08,-2772.47,12596.5,-4183.18
20,25,3768.64,-3834.31,11318.5,-5972.76
25,25,2901.47,-4530.6,9718.42,-7313.05
30,25,2044.1,-4863.4,7946.04,-8154.17
35,25,1269.16,-4878.54,6141.89,-8502.89
40,25,622.343,-4646.54,4421.23,-8413.29
45,25,121.908,-4244.12,2866.05,-7970.31
50,25,-235.546,-3741.79,1525,-7271.47
55,25,-467.126,-3198.41,418.568,-6411.93
60,25,-596.711,-2660.25,-453.868,-5475.34
65,25,-650.142,-2161.44,-1107.35,-4530.16
70,25,-652.103,-1724.23,-1566.08,-3629.28
75,25,-623.985,-1359.19,-1859.38,-2810.97
80,25,-582.424,-1066.34,-2018.31,-2100.1
85,25,-538.61,-837.222,-2072.74,-1509.39
90,25,-498.489,-657.769,-2048.94,-1040.86
95,25,-463.762,-511.18,-1968.04,-687.651
100,25,-433.433,-380.254,-1845.33,-436
105,25,-405.553,-249.074,-1690.31,-267.464
110,25,-378.831,-104.232,-1507.5,-161.305
115,25,-353.69,64.0715,-1297.76,-96.9663
120,25,-332.379,260.814,-1060.31,-56.4028
125,25,-317.877,484.812,-795.649,-25.766
130,25,-311.924,727.526,-508.974,4.00724
135,25,-313.069,972.39,-213.194,37.8113
140,25,-315.936,1195.11,70.1863,77.734
145,25,-312.389,1365.35,313.719,124.355
150,25,-294.09,1450.33,490.25,177.357
155,25,-255.04,1420.82,580.608,235.429
160,25,-192.752,1259.3,579.295,295.853
165,25,-107.938,968.537,495.427,354.094
170,25,-3.81601,576.934,348.787,403.267
175,25,113.667,136.976,163.501,433.461
180,25,234.542,-284.656,-37.2502,431.621
0,30,6738.33,2042.15,12787.1,2449.46
5,30,6717.35,132.323,13140.7,113.522
10,30,6321.71,-1710.92,12886.2,-2214.46
15,30,5608.38,-3316.18,12070.3,-4356.69
20,30,4673.06,-4556.83,10794.6,-6160.55
25,30,3631.55,-5370.14,9198.19,-7517.65
30,30,2596.36,-5759.3,7433.96,-8376.1
35,30,1656.5,-5779.09,5645.27,-8742.53
40,30,866.695,-5512.73,3948.65,-8672.63
45,30,248.061,-5049.76,2425.3,-8253.54
50,30,-203.72,-4471.61,1121.39,-7584.07
55,30,-508.106,-3845.73,54.2187,-6758.98
60,30,-691.468,-3225.08,-779.558,-5860.03
65,30,-781.97,-2648.89,-1396.56,-4953.02
70,30,-806.609,-2143.04,-1821.29,-4088.35
75,30,-789.238,-1720.29,-2082.34,-3302.47
80,30,-749.039,-1381.27,-2209.45,-2619.17
85,30,-699.632,-1116.79,-2231.11,-2050.61
90,30,-649.065,-911.018,-2172.48,-1598.45
95,30,-600.745,-744.701,-2054.16,-1255.39
100,30,-555.059,-597.913,-1891.65,-1007.11
105,30,-511.319,-452.044,-1695.59,-834.623
110,30,-469.568,-291.267,-1472.36,-716.823
115,30,-431.734,-103.801,-1225.25,-633.249
120,30,-401.607,116.733,-955.917,-566.457
125,30,-383.435,369.807,-666.75,-503.576
130,30,-379.502,646.568,-363.763,-436.56
135,30,-387.824,928.959,-59.4728,-361.243
140,30,-401.363,1189.9,225.872,-275.909
145,30,-409.497,1395.1,466.291,-180.353
150,30,-401.111,1507.17,635.68,-75.9208
155,30,-367.567,1492.45,715.247,33.9098
160,30,-303.983,1330.39,699.353,143.315
165,30,-208.77,1023.42,596.82,244.656
170,30,-82.952,603.299,427.251,329.121
175,30,69.0253,129.64,214.861,386.616
180,30,236.896,-321.191,-16.6668,405.169
0,35,7827.15,2247.87,12151.2,2262.15
5,35,7852.82,72.8489,12503.1,-20.3045
10,35,7428.54,-2032.82,12263.1,-2302.5
15,35,6619.98,-3872.34,11474.1,-4412.37
20,35,5540.55,-5299.47,10234.1,-6200.01
25,35,4328.42,-6241.06,8679.1,-7556.94
30,35,3117.66,-6699.74,6960.14,-8429.77
35,35,2013.61,-6737.43,5219.73,-8823.55
40,35,1080.4,-6448.62,3573.6,-8792.84
45,35,342.37,-5934.62,2101.62,-8423.63
50,35,-205.331,-5287.04,848.085,-7812.89
55,35,-584.138,-4581.25,-171.644,-7052.36
60,35,-822.483,-3876.15,-962.336,-6219.9
65,35,-950.347,-3215.51,-1541.16,-5377.27
70,35,-996.562,-2628.69,-1932.24,-4571.31
75,35,-987.139,-2130.95,-2163.06,-3835.89
80,35,-943.851,-1724.49,-2261.92,-3193.19
85,35,-883.192,-1400.75,-2255.86,-2654.58
90,35,-816.123,-1143.67,-2168.93,-2221.48
95,35,-748.759,-933.151,-2021.18,-1886.7
100,35,-683.861,-747.985,-1828.28,-1636.23
105,35,-622.743,-568.129,-1601.79,-1451.56
110,35,-567.09,-376.343,-1349.71,-1312.29
115,35,-520.088,-159.595,-1077.34,-1198.92
120,35,-486.317,89.4856,-788.385,-1095.2
125,35,-470.18,370.984,-486.764,-989.582
130,35,-473.328,676.094,-179.09,-875.233
135,35,-492.316,985.999,122.626,-748.984
140,35,-517.966,1271.88,399.488,-609.988
145,35,-537.184,1496.78,627.159,-459.165
150,35,-536.441,1620.04,780.912,-299.729
155,35,-504.96,1604.98,842.794,-137.969
160,35,-435.918,1429.24,807.588,17.0173
165,35,-325.757,1095.77,684.382,154.991
170,35,-173.513,639.884,493.086,266.428
175,35,17.761,127.84,258.278,342.871
180,35,237.447,-355.282,4.04345,375.634
0,40,8856.41,2436.47,11422.7,2057.63
5,40,8929.1,9.28441,11766.5,-125.084
10,40,8482.68,-2349.03,11550.6,-2314.3
15,40,7589.44,-4419,10812.1,-4349.25
20,40,6377.94,-6035.8,9640.87,-6087.26
25,40,5006.33,-7115.11,8165.07,-7422.61
30,40,3628.69,-7656.9,6529.09,-8301.13
35,40,2366.15,-7727.77,4870.75,-8725.02
40,40,1292.44,-7431.21,3302.79,-8745.09
45,40,435.802,-6878.72,1903.18,-8443.06
50,40,-208.433,-6170.95,714.939,-7911.1
55,40,-663.033,-5390.36,-247.351,-7235.62
60,40,-957.906,-4601.07,-988.69,-6488.95
65,40,-1124.29,-3850.89,-1525.85,-5727.71
70,40,-1192.33,-3172.54,-1882,-4994.55
75,40,-1189.89,-2584.25,-2083.3,-4320.35
80,40,-1141.34,-2090.78,-2156.61,-3725.54
85,40,-1066.42,-1685.57,-2127.7,-3220.82
90,40,-979.72,-1353.89,-2019.68,-2807.76
95,40,-890.927,-1076.32,-1852.17,-2479.88
100,40,-806.011,-831.776,-1640.92,-2224.21
105,40,-728.87,-599.921,-1398.07,-2023.53
110,40,-663,-363.015,-1132.63,-1858.88
115,40,-612.532,-107.441,-851.108,-1712.27
120,40,-582.065,174.736,-558.409,-1568.96
125,40,-575.096,484.048,-259.263,-1418.74
130,40,-591.536,811.884,39.5676,-1255.95
135,40,-625.584,1139.2,326.707,-1078.43
140,40,-665.438,1436.36,584.538,-886.465
145,40,-695.491,1665.06,790.279,-682.605
150,40,-700.106,1783.05,920.64,-472.502
155,40,-666.871,1752.29,958.808,-265.593
160,40,-587.602,1550.16,900.457,-74.0942
165,40,-457.358,1181.03,755.481,89.8915
170,40,-273.732,683.845,544.554,217.357
175,40,-38.8157,130.55,292.853,303.041
180,40,236.191,-386.668,24.7229,343.239
0,45,9818.27,2606.53,10607.4,1837.44
5,45,9937.6,-51.8044,10936.7,-202.098
10,45,9478.2,-2644.66,10753.1,-2252.96
15,45,8516.28,-4933.79,10086.3,-4170.36
20,45,7191.89,-6737.78,9014.85,-5823.03
25,45,5679.56,-7960.74,7654.33,-7110.85
30,45,4150.72,-8597.85,6137.96,-7979.86
35,45,2741.11,-8717.4,4595.2,-8428.57
40,45,1534.17,-8429.13,3133.59,-8501.84
45,45,562.848,-7852.69,1828.42,-8274.44
50,45,-176.39,-7096.5,721.725,-7831.22
55,45,-706.867,-6249.24,-171.864,-7251.4
60,45,-1059.4,-5379.67,-856.669,-6600.56
65,45,-1266.03,-4539.22,-1348.31,-5929.46
70,45,-1357.86,-3763.9,-1668.43,-5276.14
75,45,-1364.32,-3075.21,-1841.56,-4668.33
80,45,-1312.24,-2481.17,-1892.98,-4124.78
85,45,-1224.75,-1978.25,-1847.14,-3655.75
90,45,-1120.33,-1554.23,-1726.31,-3263.33
95,45,-1012.65,-1191.53,-1549.71,-2942.23
100,45,-911.26,-870.293,-1333.08,-2681.11
105,45,-822.901,-570.882,-1088.84,-2464.62
110,45,-752.916,-275.932,-826.419,-2275.76
115,45,-706.134,27.9965,-552.75,-2098.43
120,45,-686.644,348.767,-273.02,-1919.56
125,45,-696.284,686.903,8.04422,-1730.27
130,45,-732.397,1033.82,284.089,-1525.88
135,45,-786.1,1370.47,544.595,-1305.14
140,45,-842.492,1667.2,773.174,-1069.46
145,45,-883.313,1885.65,948.465,-823.206
150,45,-891.003,1983.69,1048.61,-574.63
155,45,-851.964,1923.86,1058.16,-336.199
160,45,-757.3,1684.86,974.065,-122.679
165,45,-601.484,1273.41,807.457,52.9452
170,45,-381.519,731.878,580.102,183.364
175,45,-99.2566,136.624,317.888,267.681
180,45,233.138,-415.112,45.2143,308.233
0,50,10705.4,2756.76,9711.3,1603.28
5,50,10870.2,-104.303,10019.8,-253.913
10,50,10409.1,-2905.49,9874.68,-2124.39
15,50,9399.29,-5394.65,9297.28,-3882.96
20,50,7987.79,-7376.52,8352.43,-5413.34
25,50,6360.84,-8743.89,7139.4,-6623.76
30,50,4703.59,-9485.14,5776.31,-7461.81
35,50,3164.57,-9667.18,4380.87,-7921.96
40,50,1836.77,-9403.02,3053.13,-8041.6
45,50,758.681,-8818.24,1864.68,-7886.45
50,50,-71.0365,-8027.72,856.462,-7532.24
55,50,-675.502,-7125.62,43.4725,-7049.67
60,50,-1086.04,-6184.85,-577.422,-6496.81
65,50,-1335.28,-5260.05,-1020.18,-5918.16
70,50,-1455.11,-4390.24,-1304.48,-5346.9
75,50,-1476.22,-3600.12,-1452.66,-4807.47
80,50,-1427.6,-2901.16,-1487.94,-4316.83
85,50,-1335.35,-2293.22,-1433.04,-3884.85
90,50,-1221.48,-1767.17,-1309.05,-3514.31
95,50,-1103.34,-1307.96,-1134.57,-3201.39
100,50,-993.869,-897.727,-925.189,-2936.8
105,50,-902.549,-518.443,-693.41,-2707.54
110,50,-836.528,-154.042,-448.766,-2499.08
115,50,-801.277,207.777,-198.133,-2297.62
120,50,-800.225,573.893,53.6481,-2091.99
125,50,-833.255,944.057,302.513,-1874.63
130,50,-894.704,1309.24,543.051,-1641.71
135,50,-972.121,1650.42,765.899,-1392.61
140,50,-1047.09,1938.54,955.983,-1129.7
145,50,-1098.48,2136.42,1093.37,-858.951
150,50,-1106.86,2203.74,1157.73,-590.916
155,50,-1057.8,2105.41,1135.2,-340.455
160,50,-942.387,1822.97,1024.33,-123.877
165,50,-755.447,1366.18,837.742,46.1445
170,50,-494.466,780.395,598.427,165.068
175,50,-162.004,144.857,332.914,237.067
180,50,228.31,-440.397,65.3615,270.88
0,55,11511.1,2886,8741.31,1356.91
5,55,11719.2,-142.79,9022.55,-284.274
10,55,11269.1,-3118.55,8919.31,-1937.21
15,55,10236,-5780.61,8444.27,-3498.68
20,55,8768.66,-7923.39,7646.9,-4870.13
25,55,7059.73,-9429.21,6607.73,-5970.75
30,55,5303.6,-10278.2,5426.61,-6751.26
35,55,3659.06,-10533.1,4206.6,-7202.48
40,55,2228.13,-10307.1,3038.04,-7353.46
45,55,1055.53,-9729.74,1987.5,-7259.59
50,55,143.112,-8920.91,1094.27,-6986.26
55,55,-531.375,-7979.64,373.66,-6594.93
60,55,-999.561,-6982.49,-176.214,-6135.87
65,55,-1294.71,-5986.8,-567.445,-5647.18
70,55,-1449.39,-5033.92,-817.341,-5157.04
75,55,-1495.2,-4151.15,-945.511,-4686.29
80,55,-1462.53,-3352.92,-972.336,-4249.79
85,55,-1379.49,-2642.3,-917.993,-3856.69
90,55,-1270.58,-2013.26,-801.635,-3510.33
95,55,-1155.89,-1453.64,-640.669,-3208.46
100,55,-1051.06,-948.164,-450.203,-2944.14
105,55,-967.952,-481.157,-242.682,-2707.2
110,55,-915.457,-38.8181,-27.6775,-2486.1
115,55,-899.834,388.978,188.103,-2269.84
120,55,-924.044,807.083,400.388,-2049.43
125,55,-986.128,1213.58,606.095,-1818.74
130,55,-1077.36,1598.42,801.097,-1574.63
135,55,-1181.51,1942.51,977.473,-1316.85
140,55,-1276.34,2217.9,1121.68,-1048.38
145,55,-1337.64,2389.69,1215.42,-776.322
150,55,-1344.09,2420.8,1240.18,-512.753
155,55,-1280.73,2280.02,1183.96,-273.834
160,55,-1139.28,1952.76,1047.17,-76.0447
165,55,-915.934,1452.11,844.011,69.5853
170,55,-609.869,825.731,598.554,162.171
175,55,-225.424,154.051,337.712,211.19
180,55,221.744,-462.33,85.0113,231.467
0,60,12229.1,2993.28,7704.79,1100.21
5,60,12477.3,-162.752,7952.58,-297.956
10,60,12051.7,-3272.63,7891.33,-1702.56
15,60,11022,-6072.79,7525.66,-3033.4
20,60,9534.17,-8351.34,6889.28,-4211.59
25,60,7781.12,-9981.84,6042.64,-5169.47
30,60,5961.41,-10935.5,5065.25,-5862.84
35,60,4240.91,-11268.5,4043.15,-6279.75
40,60,2729.56,-11091.9,3054.94,-6440.91
45,60,1478.74,-10536.6,2160.68,-6390.74
50,60,494.307,-9726.52,1397.17,-6183.67
55,60,-244.569,-8764.81,779.578,-5871.64
60,60,-769.727,-7731.03,307.137,-5497.16
65,60,-1115.16,-6684.35,-30.3763,-5092.05
70,60,-1313.97,-5667.42,-247.693,-4679.43
75,60,-1398.08,-4709.04,-361.205,-4276.23
80,60,-1398.15,-3825.73,-387.706,-3894.69
85,60,-1342.82,-3023.19,-343.886,-3542.75
90,60,-1257.6,-2298.38,-245.998,-3223.93
95,60,-1164.03,-1642.16,-109.452,-2937.49
100,60,-1079.54,-1042.29,51.696,-2679
105,60,-1017.89,-486.064,225.331,-2441.5
110,60,-989.655,37.3038,401.881,-2216.9
115,60,-1002.07,534.925,574.726,-1997.39
120,60,-1057.98,1008.77,740.064,-1776.47
125,60,-1153.89,1454.52,895.743,-1549.5
130,60,-1278.23,1860.65,1038.95,-1313.97
135,60,-1410.98,2207.98,1163.32,-1069.78
140,60,-1526.06,2470.1,1257.08,-820.119
145,60,-1596.01,2615.25,1303.95,-572.566
150,60,-1597.65,2610.61,1287.64,-339.708
155,60,-1515.79,2429.65,1198.46,-137.576
160,60,-1343.38,2062.07,1038.81,18.7763
165,60,-1079.02,1524.02,824.353,121.305
170,60,-724.77,864.378,579.919,173.442
175,60,-287.847,163.076,332.328,189.763
180,60,213.491,-480.744,104.014,190.291
0,65,12854.1,3077.78,6609.63,835.146
5,65,13138.1,-160.777,6818.02,-300.565
10,65,12749.6,-3358.81,6795.52,-1433.73
15,65,11750.9,-6255.27,6539.76,-2506.99
20,65,10280,-8636.4,6069.42,-3462.06
25,65,8523.98,-10369.5,5424.81,-4246.32
30,65,6680.23,-11417,4664.19,-4822.56
35,65,4917.78,-11827.3,3854.98,-5177.56
40,65,3352.8,-11706.9,3062.21,-5324.29
45,65,2043.21,-11186.3,2337.92,-5296.21
50,65,999.529,-10391.8,1715.37,-5136.58
55,65,202.919,-9429.75,1209.06,-4887.79
60,65,-378.451,-8381.77,819.155,-4584.82
65,65,-779.218,-7307.8,537.273,-4253.53
70,65,-1032.72,-6250.52,351.354,-3912.13
75,65,-1170.32,-5238.96,248.474,-3573.49
80,65,-1221.59,-4290.73,215.882,-3246.84
85,65,-1214.11,-3413.63,241.033,-2938.37
90,65,-1172.81,-2607.43,311.372,-2651.37
95,65,-1119.41,-1866.18,414.308,-2386.33
100,65,-1072.25,-1180.91,537.557,-2141.3
105,65,-1046.54,-542.208,669.852,-1912.65
110,65,-1054.34,57.3754,801.883,-1695.95
115,65,-1103.95,621.557,927.13,-1486.72
120,65,-1198.28,1149.04,1042.06,-1281.03
125,65,-1332.59,1632.78,1145.13,-1075.79
130,65,-1492.71,2059.69,1234.54,-869.093
135,65,-1655.15,2410.71,1305.35,-660.928
140,65,-1790.06,2661.43,1347.7,-454.368
145,65,-1866.92,2783.76,1347.7,-256.834
150,65,-1860.82,2749.52,1291.82,-80.2867
155,65,-1756.61,2536.91,1173.09,60.9029
160,65,-1549.13,2139.45,996.015,154.712
165,65,-1240.24,1575.31,777.459,197.29
170,65,-836.022,893.22,542.441,196.768
175,65,-347.609,170.934,317.087,172.248
180,65,203.613,-495.5,122.225,147.667
0,70,13381.2,3138.86,5464.17,563.722
5,70,13695.3,-134.7,5627.7,-298.319
10,70,13355.5,-3370.88,5637.42,-1145.71
15,70,12414.1,-6316.09,5485.52,-1942.68
20,70,10997.1,-8759.25,5177.31,-2651.62
25,70,9280.51,-10564.6,4734.17,-3236.12
30,70,7454.43,-11687.2,4193.33,-3667.91
35,70,5686.81,-12167.3,3602.87,-3934.26
40,70,4097.62,-12104.9,3012.86,-4041.57
45,70,2750.69,-11628.3,2465.85,-4012.83
50,70,1661.66,-10864.4,1990.5,-3880.16
55,70,814.446,-9921.16,1600.18,-3676.5
60,70,177.832,-8881.3,1295.89,-3429.61
65,70,-282.998,-7804.43,1071.21,-3159.85
70,70,-601.025,-6732.08,916.814,-2880.98
75,70,-806.146,-5692.41,823.24,-2602.03
80,70,-925.614,-4703.34,781.749,-2329.05
85,70,-984.554,-3774.27,784.034,-2066.16
90,70,-1006.05,-2907.62,821.541,-1815.95
95,70,-1010.99,-2100.62,885.032,-1579.73
100,70,-1017.96,-1347.53,964.693,-1357.7
105,70,-1043.09,-642.174,1050.83,-1149.32
110,70,-1099.59,19.6859,1134.99,-953.569
115,70,-1196.56,638.502,1211.05,-769.176
120,70,-1336.83,1209.87,1275.66,-594.655
125,70,-1514.48,1724.29,1327.52,-428.43
130,70,-1713.01,2167.52,1365.31,-269.268
135,70,-1905.79,2521.18,1385.15,-117.272
140,70,-2059.71,2763.39,1379.02,24.719
145,70,-2141.57,2869.96,1335.79,150.003
150,70,-2125.08,2817.13,1245.15,248.285
155,70,-1995.51,2586.91,1103.18,308.251
160,70,-1750.07,2175.23,916.519,322.296
165,70,-1394.68,1600.58,702.81,291.666
170,70,-940.373,909.759,486.591,229.267
175,70,-403.1,176.814,292.594,157.895
180,70,192.186,-506.484,139.506,103.92
0,75,13806.6,3176.05,4277.13,288.007
5,75,14143.9,-83.7104,4391.09,-297.788
10,75,13861.4,-3305.71,4423.64,-854.649
15,75,13000.8,-6248.02,4363.36,-1366.32
20,75,11672.4,-8706.69,4204.58,-1815.03
25,75,10035.8,-10546.7,3952.01,-2181.16
30,75,8268.84,-11718.4,3623.29,-2446.88
35,75,6533.53,-12253.8,3247.37,-2601.84
40,75,4950.52,-12246,2858.53,-2647.42
45,75,3588.38,-11818.4,2488.64,-2596.95
50,75,2468.21,-11096.6,2160.79,-2471.8
55,75,1577.71,-10188.4,1886.81,-2295.57
60,75,887.473,-9176.52,1668.65,-2089.06
65,75,363.469,-8119.34,1502.12,-1867.73
70,75,-26.1614,-7056.59,1380.76,-1641.53
75,75,-309.128,-6014.96,1298.34,-1416.18
80,75,-509.597,-5012,1249.65,-1194.82
85,75,-649.453,-4058.22,1230.08,-979.325
90,75,-749.185,-3158.22,1234.77,-771.182
95,75,-828.199,-2311.97,1257.88,-571.914
100,75,-904.692,-1516.62,1292.52,-383.263
105,75,-995.136,-768.808,1331.34,-207.157
110,75,-1113.27,-67.1028,1367.54,-45.4853
115,75,-1268.33,586.185,1395.96,100.274
120,75,-1462.64,1184.16,1413.59,229.414
125,75,-1688.85,1715.66,1419.07,342.066
130,75,-1928.36,2166.24,1411.06,438.686
135,75,-2151.94,2519.12,1386.24,518.914
140,75,-2323.92,2755.65,1338.3,580.179
145,75,-2409.07,2855.54,1259.02,616.905
150,75,-2380.27,2798.55,1141.66,621.278
155,75,-2223.61,2568.87,985.559,586.092
160,75,-1939.06,2162.56,799.324,509.091
165,75,-1537.14,1596.09,600.845,397.075
170,75,-1034.58,912.3,413.447,267.469
175,75,-452.817,180.136,259.731,145.793
180,75,179.296,-513.614,155.725,59.3813
0,80,14126.8,3189.06,3057.53,10.1001
5,80,14479.1,-8.40521,3118.27,-305.617
10,80,14259.6,-3163.49,3162.12,-577.208
15,80,13498.5,-6049.22,3175.93,-805.309
20,80,12288.2,-8472.92,3145.95,-990.387
25,80,10768.2,-10304.6,3063.32,-1129.37
30,80,9098.85,-11492.8,2928.57,-1215.84
35,80,7431.72,-12063.2,2752.72,-1243.52
40,80,5884.54,-12100.8,2554.27,-1210.47
45,80,4528.93,-11722.6,2353.62,-1121.62
50,80,3391.52,-11050.2,2167.49,-988.165
55,80,2465.2,-10189.4,2005.79,-824.584
60,80,1724.07,-9221.54,1871.58,-645
65,80,1136.32,-8203.67,1763.28,-460.424
70,80,672.044,-7173.65,1677.42,-277.7
75,80,306.072,-6156.55,1610.67,-99.935
80,80,17.4023,-5169.04,1560.61,72.202
85,80,-212.533,-4221.88,1525.37,238.98
90,80,-401.415,-3320.89,1502.93,400.362
95,80,-566.751,-2467.88,1490.44,555.223
100,80,-725.731,-1662.12,1484.04,701.092
105,80,-894.364,-902.476,1479.23,834.385
110,80,-1085.98,-189.763,1471.6,951.045
115,80,-1309.09,471.593,1457.57,1047.38
120,80,-1564.77,1073.1,1434.78,1120.81
125,80,-1844.03,1603.13,1401.7,1170.07
130,80,-2126.36,2048.37,1356.59,1194.71
135,80,-2380.67,2394.9,1296.41,1193.98
140,80,-2569.64,2627.96,1216.39,1165.6
145,80,-2656.88,2731.01,1111.27,1105.41
150,80,-2615.01,2686.11,978.024,1008.57
155,80,-2431.24,2477.36,819.196,872.518
160,80,-2108.56,2098.16,645.046,700.645
165,80,-1662.37,1560.16,473.107,505.201
170,80,-1115.52,900.085,324.721,307.547
175,80,-495.408,180.574,219.64,134.933
180,80,165.041,-516.835,170.76,14.3909
0,85,14339.5,3177.81,1814.67,-267.884
5,85,14697.4,89.2147,1819.9,-328.249
10,85,14542.4,-2947.85,1862.31,-329.853
15,85,13893.5,-5723.67,1928.8,-287.337
20,85,12823.8,-8060.47,2000.6,-217.212
25,85,11450,-9837.47,2058.97,-131.861
30,85,9911.36,-11005.3,2090.65,-36.5118
35,85,8344.4,-11585.3,2090.97,69.8427
40,85,6860.32,-11654.6,2063.55,190.736
45,85,5531.62,-11321.8,2017.14,328.122
50,85,4390.28,-10701.8,1961.55,479.994
55,85,3435.76,-9896.61,1904.37,640.534
60,85,2647.71,-8985.23,1849.76,802.154
65,85,1998.23,-8023.28,1798.9,958.059
70,85,1460.29,-7047.32,1751.37,1104.06
75,85,1011.24,-6080.94,1706.43,1239.08
80,85,632.743,-5139.51,1663.61,1364.38
85,85,309.025,-4232.89,1622.79,1482.12
90,85,25.0101,-3366.68,1583.77,1593.81
95,85,-234.635,-2543.19,1545.96,1699.24
100,85,-485.381,-1762.76,1508.24,1795.96
105,85,-741.768,-1025.76,1469.04,1879.57
110,85,-1015.62,-334.623,1426.69,1944.62
115,85,-1313.75,304.859,1379.57,1985.77
120,85,-1635.35,883.674,1326.21,1998.82
125,85,-1969.66,1391.07,1264.98,1981.13
130,85,-2294.72,1816.38,1193.73,1931.29
135,85,-2578.47,2149.76,1109.58,1848.07
140,85,-2782.98,2380.96,1009.33,1729.58
145,85,-2871.66,2496.86,890.704,1573.27
150,85,-2817.33,2480.36,754.314,1377.43
155,85,-2608.49,2313.07,605.658,1144.03
160,85,-2251.05,1982.76,456.156,881.698
165,85,-1765.3,1493.37,322.318,607.408
170,85,-1180.35,873.363,222.756,345.583
175,85,-529.729,178.078,173.703,124.271
180,85,149.531,-516.123,184.494,-30.709
0,90,14443.1,3142.37,557.988,-543.828
5,90,14796.2,205.802,507.124,-371.642
10,90,14702.9,-2665.77,535.273,-128.131
15,90,14171.7,-5281.26,630.911,160.924
20,90,13256.4,-7480.65,773.286,465.612
25,90,12049.6,-9156.37,937.657,759.97
30,90,10666.7,-10265,1100.9,1027.84
35,90,9225.84,-10826.2,1245.79,1264.36
40,90,7828.2,-10909.7,1362.91,1473.19
45,90,6544.69,-10614.7,1450.01,1661.4
50,90,5412,-10047.1,1509.75,1834.81
55,90,4437.09,-9302.68,1546.92,1995.53
60,90,3607.05,-8457.46,1566.36,2142.37
65,90,2899.75,-7565.68,1571.76,2272.85
70,90,2291.92,-6663.15,1565.52,2385.41
75,90,1763.43,-5772.34,1549.1,2480.72
80,90,1297.93,-4906.85,1523.42,2561.53
85,90,881.63,-4074.54,1489.27,2631.47
90,90,501.628,-3279.29,1447.44,2693.46
95,90,144.923,-2522.42,1398.82,2748.34
100,90,-201.542,-1804.16,1344.38,2794.2
105,90,-549.823,-1125.46,1285.15,2826.54
110,90,-909.192,-489.552,1221.96,2839.2
115,90,-1283.94,97.3712,1155.11,2825.67
120,90,-1671.03,626.964,1084.06,2780.34
125,90,-2058.15,1090.7,1007.25,2699.25
130,90,-2422.63,1481.81,922.328,2579.95
135,90,-2732.53,1795.42,826.846,2420.88
140,90,-2950.46,2026.05,719.348,2220.7
145,90,-3040.36,2163.52,600.582,1978.56
150,90,-2975.62,2190.18,474.6,1695.65
155,90,-2745.83,2082.93,349.446,1377.73
160,90,-2359.48,1821.18,237.112,1037.51
165,90,-1841.36,1398.56,152.399,695.432
170,90,-1226.64,833.376,110.494,377.846
175,90,-554.885,172.865,123.503,112.801
180,90,132.882,-511.482,196.824,-75.5752
0,95,14436.8,3083.01,-702.936,-815.634
5,95,14774,336.776,-808.51,-441.006
10,95,14735.2,-2327.39,-806.314,14.0433
15,95,14319.6,-4737.53,-705.098,515.228
20,95,13562.7,-6753.46,-524.896,1022.13
25,95,12533,-8284.05,-292.647,1497.77
30,95,11321.1,-9295.48,-37.1626,1916.66
35,95,10024.5,-9808.67,215.573,2268.33
40,95,8731.38,-9887.31,445.852,2555.51
45,95,7508.63,-9620.16,641.867,2788.63
50,95,6396.29,-9102.8,799.376,2979.6
55,95,5409.05,-8423.08,919.841,3137.46
60,95,4542.69,-7652.54,1007.86,3267.15
65,95,3782.35,-6843.8,1068.81,3370.79
70,95,3109.67,-6032.11,1107.26,3449.84
75,95,2507.32,-5238.95,1126.36,3506.8
80,95,1960.58,-4475.99,1128.03,3545.63
85,95,1457.03,-3748.32,1113.5,3570.95
90,95,985.501,-3057.05,1084.01,3586.65
95,95,535.32,-2401.3,1041.28,3594.45
100,95,96.2767,-1779.99,987.689,3593.17
105,95,-340.497,-1193.51,926.062,3578.6
110,95,-781.039,-644.701,859.091,3544.36
115,95,-1226.73,-138.886,788.547,3483.16
120,95,-1672.4,317.531,714.666,3388.2
125,95,-2104.77,719.357,636.1,3254.24
130,95,-2501.49,1064.43,550.684,3077.95
135,95,-2831.91,1353.1,456.852,2857.59
140,95,-3060.21,1584.48,355.195,2592.62
145,95,-3151.45,1750.62,249.526,2283.84
150,95,-3079.61,1832.15,147.096,1934.69
155,95,-2834.94,1799.6,58.0371,1553.46
160,95,-2427.76,1622.01,-5.67901,1155.2
165,95,-1886.71,1280.67,-31.5985,762.059
170,95,-1252.48,782.276,-8.5933,401.056
175,95,-570.271,165.398,70.7777,99.6157
180,95,115.222,-502.949,207.657,-119.866
0,100,14320.6,3000.19,-1958.51,-1081.23
5,100,14630.5,476.493,-2115.19,-540.565
10,100,14635,-1945.62,-2148.29,85.0451
15,100,14325.4,-4113.16,-2062.97,755.068
20,100,13720.8,-5906.88,-1876.31,1421.52
25,100,12867,-7254.49,-1614.03,2039.49
30,100,11830.4,-8134.75,-1306.54,2576.59
35,100,10687,-8572.56,-984.538,3017.81
40,100,9510.03,-8627.18,-674.598,3364.54
45,100,8360.2,-8377.51,-395.91,3629.07
50,100,7279.03,-7907.76,-158.831,3827.6
55,100,6288.03,-7296.41,34.2994,3974.74
60,100,5391.89,-6609.13,186.666,4081.09
65,100,4583.95,-5895.77,303.915,4153.56
70,100,3851.92,-5190.42,391.615,4197.08
75,100,3182.09,-4513.38,453.89,4216.28
80,100,2561.76,-3874.29,493.23,4216.23
85,100,1979.82,-3275.42,511.125,4202.1
90,100,1426.63,-2714.72,508.984,4178.18
95,100,893.626,-2188.47,488.902,4146.69
100,100,373.413,-1693.33,453.978,4106.96
105,100,-139.633,-1227.78,408.029,4055.25
110,100,-648.309,-792.793,354.797,3985.22
115,100,-1151.32,-391.325,296.909,3889.07
120,100,-1641.95,-26.6392,235.138,3759.07
125,100,-2106.84,300.074,168.492,3588.91
130,100,-2525.06,591.309,95.3751,3374.56
135,100,-2868.31,852.181,15.5232,3114.41
140,100,-3103.11,1085.64,-68.1552,2808.81
145,100,-3196,1285.19,-148.771,2459.96
150,100,-3121.33,1429.01,-216.11,2072.59
155,100,-2869.34,1480.38,-258.358,1655.8
160,100,-2451.27,1396.89,-264.061,1224.88
165,100,-1898.59,1146.35,-223.654,801.712
170,100,-1256.64,722.966,-130.612,412.623
175,100,-575.605,156.352,17.372,83.9614
180,100,96.6848,-490.588,216.909,-163.245
0,105,14095.4,2894.54,-3199.18,-1338.6
5,105,14366.9,618.452,-3400.98,-673.36
10,105,14399.8,-1535.63,-3475.25,76.1021
15,105,14179.9,-3433.01,-3423.15,864.835
20,105,13712,-4975.62,-3257.08,1640.13
25,105,13022,-6111.26,-2998.76,2352.48
30,105,12153.7,-6833.29,-2676.6,2965.62
35,105,11162.3,-7172.79,-2322.03,3461.87
40,105,10106.1,-7186.56,-1964.88,3841.64
45,105,9037.37,-6944.73,-1629.03,4118.07
50,105,7997.2,-6520.31,-1329.69,4310.02
55,105,7012.04,-5981.46,-1073.16,4436.18
60,105,6094.47,-5386.45,-858.899,4511.9
65,105,5246.11,-4780.6,-682.684,4548.68
70,105,4461.53,-4195.38,-539.509,4555.05
75,105,3731.92,-3649.13,-425.382,4537.96
80,105,3047.62,-3149.35,-337.81,4503.52
85,105,2399.54,-2695.77,-275.302,4457.11
90,105,1779.67,-2283.55,-236.436,4402.9
95,105,1181.31,-1906.08,-219.028,4343.11
100,105,599.305,-1557.12,-219.757,4277.32
105,105,30.5715,-1232.13,-234.444,4202.11
110,105,-525.271,-928.758,-258.92,4111.33
115,105,-1065.16,-646.278,-290.135,3996.97
120,105,-1581.81,-383.963,-326.925,3850.67
125,105,-2062.78,-138.875,-369.812,3665.38
130,105,-2489.48,95.543,-419.553,3436.71
135,105,-2836.67,328.136,-474.872,3163.33
140,105,-3073.67,564.651,-530.448,2846.47
145,105,-3168.61,799.343,-576.399,2489.14
150,105,-3095.89,1007.67,-599.756,2096.15
155,105,-2845.07,1145.67,-587.318,1675.54
160,105,-2427.22,1159.52,-528.493,1240.6
165,105,-1875.49,1003.42,-417.012,810.911
170,105,-1238.67,658.883,-251.383,410.818
175,105,-570.947,146.565,-34.8288,65.2866
180,105,77.4121,-474.494,224.51,-205.381
0,110,13762.9,2766.86,-4415.5,-1585.78
5,110,13985.4,755.549,-4654.03,-841.093
10,110,14029.6,-1114.18,-4770.98,-18.2744
15,110,13877.4,-2724.96,-4763.42,834.724
20,110,13522.6,-3999.33,-4638.02,1663.06
25,110,12974.3,-4905.22,-4410.43,2416.02
30,110,12256.9,-5451.39,-4104.22,3056.73
35,110,11407.2,-5676.54,-3748.14,3567.33
40,110,10468.6,-5636.79,-3371.89,3948.29
45,110,9484.88,-5395.13,-3001.27,4213.31
50,110,8494.38,-5014.26,-2654.71,4382.71
55,110,7526.21,-4551.94,-2342.27,4477.75
60,110,6598.85,-4057.71,-2067.03,4517.28
65,110,5721.16,-3570.47,-1827.8,4516.47
70,110,4894.71,-3117.08,-1621.85,4487.03
75,110,4116.53,-2712.56,-1446.66,4437.93
80,110,3381.37,-2361.79,-1300.61,4376.1
85,110,2683.22,-2062.2,-1182.63,4306.81
90,110,2016.2,-1806.69,-1091.53,4233.72
95,110,1375.23,-1586.15,-1025.21,4158.65
100,110,756.563,-1391.35,-980.392,4081.11
105,110,158.382,-1214.16,-952.8,3997.93
110,110,-418.704,-1048.13,-938.071,3903.27
115,110,-971.243,-888.176,-932.844,3789.23
120,110,-1492.53,-729.401,-935.538,3647.27
125,110,-1971.9,-565.193,-946.086,3470.07
130,110,-2393.61,-385.928,-964.308,3253.19
135,110,-2735.79,-180.277,-987.384,2995.66
140,110,-2970.69,59.2591,-1007.7,2699.23
145,110,-3068.03,327.225,-1012.57,2366.95
150,110,-3002.07,596.624,-986.46,2002.35
155,110,-2761.06,817.11,-914.971,1610.57
160,110,-2354.99,924.472,-788.556,1200.82
165,110,-1817.33,860.222,-604.486,788.535
170,110,-1198.94,593.738,-366.607,394.89
175,110,-556.71,136.979,-83.963,43.2691
180,110,57.5501,-454.788,230.403,-245.955
0,115,13325.7,2618.12,-5598.22,-1820.9
5,115,13489.8,880.348,-5862.72,-1044.03
10,115,13526.9,-698.902,-6018.86,-200.019
15,115,13417,-2018.51,-6059.83,661.307
20,115,13145.7,-3020.37,-5986.07,1485.27
25,115,12709.3,-3691.44,-5806,2223.04
30,115,12117,-4055.38,-5536.38,2840.45
35,115,11390.2,-4158.93,-5200.83,3322.16
40,115,10559.5,-4058.72,-4826.18,3670.28
45,115,9660.07,-3812.28,-4437.74,3899.46
50,115,8726.52,-3473.42,-4055.56,4030.78
55,115,7788.22,-3090.05,-3692.92,4086.78
60,115,6867.1,-2702.45,-3357.01,4088.19
65,115,5977.31,-2341.58,-3050.94,4052.43
70,115,5126.49,-2027.89,-2775.71,3993.2
75,115,4317.57,-1771.44,-2531.63,3920.64
80,115,3550.44,-1573.54,-2318.9,3841.88
85,115,2823.02,-1429.07,-2137.47,3761.7
90,115,2132.1,-1328.91,-1986.65,3682.95
95,115,1474.13,-1261.89,-1864.54,3606.79
100,115,845.962,-1216.23,-1767.89,3532.49
105,115,245.781,-1180.5,-1692.29,3457.12
110,115,-326.292,-1144.4,-1633.1,3375.37
115,115,-867.766,-1098.89,-1586.49,3279.88
120,115,-1373.48,-1035.53,-1550.34,3162.53
125,115,-1835.04,-944.95,-1523.92,3016.24
130,115,-2239.67,-815.572,-1506.14,2836.82
135,115,-2568.8,-634.686,-1492.81,2623.55
140,115,-2797.59,-393.819,-1474.27,2378.22
145,115,-2897.41,-98.2591,-1435.3,2102.93
150,115,-2842.42,223.272,-1358.02,1798.66
155,115,-2619.32,515.552,-1226.91,1466.04
160,115,-2236.2,705.912,-1033.55,1108.54
165,115,-1725.54,724.969,-778.814,735.874
170,115,-1138.67,531.25,-472.047,365.084
175,115,-533.658,128.579,-128.261,17.8309
180,115,37.2502,-431.621,234.542,-284.656
0,120,12787.1,2449.46,-6738.33,-2042.15
5,120,12885.2,985.369,-7015.91,-1280.95
10,120,12896.9,-307.509,-7202.47,-467.419
15,120,12802.1,-1343.29,-7287.81,347.725
20,120,12581.7,-2081.38,-7266.26,1111.91
25,120,12223.2,-2525.69,-7138.6,1780.88
30,120,11724.7,-2713.13,-6913.95,2326.1
35,120,11096.1,-2697.66,-6609.41,2737.3
40,120,10358,-2536.83,-6247.27,3020.07
45,120,9538.37,-2283.93,-5850.7,3190.75
50,120,8667.34,-1985.32,-5440.08,3271
55,120,7773.02,-1680.11,-5031.28,3283.49
60,120,6878.38,-1399.64,-4635.68,3249.25
65,120,6000.47,-1166.37,-4261.26,3186.1
70,120,5151.02,-993.262,-3913.7,3107.99
75,120,4337.66,-884.192,-3597.09,3024.9
80,120,3564.82,-835.768,-3314.17,2943.27
85,120,2834.29,-839.607,-3066.38,2866.84
90,120,2145.58,-884.351,-2853.66,2797.34
95,120,1496.53,-957.047,-2674.28,2735.12
100,120,884.223,-1044.02,-2524.8,2679.17
105,120,306.115,-1131.62,-2400.49,2626.88
110,120,-239,-1206.95,-2296.2,2573.71
115,120,-750.302,-1258.34,-2207.55,2513.35
120,120,-1224.58,-1275.12,-2131.78,2438.67
125,120,-1655.74,-1246.34,-2067.53,2343.37
130,120,-2033.77,-1159.51,-2012.94,2223.74
135,120,-2343.23,-1001.33,-1962.66,2079.25
140,120,-2562.21,-762.758,-1905.27,1911.11
145,120,-2664.05,-448.74,-1823.33,1719.68
150,120,-2623.19,-88.6923,-1696.81,1502.27
155,120,-2424.86,259.212,-1509.18,1253.85
160,120,-2074.74,516.379,-1253.11,970.934
165,120,-1603.09,605.069,-933.033,656.473
170,120,-1059.94,474.868,-563.716,322.599
175,120,-502.88,122.333,-166.114,-10.8653
180,120,16.6668,-405.169,236.896,-321.191
0,125,12151.2,2262.15,-7827.15,-2247.87
5,125,12178,1063.38,-8103.12,-1549.19
10,125,12147.6,42.9612,-8306.17,-815.208
15,125,12041.7,-727.497,-8423.46,-96.5262
20,125,11839.4,-1222.76,-8443.83,558.038
25,125,11523.7,-1460.85,-8360.95,1110.9
30,125,11085.9,-1489.17,-8176.42,1541.42
35,125,10528.4,-1367.16,-7900.67,1846.5
40,125,9864.88,-1152.68,-7550.95,2036.76
45,125,9117.53,-895.224,-7147.63,2131.11
50,125,8312.74,-634.801,-6710.79,2151.7
55,125,7476.37,-402.877,-6258.35,2120.49
60,125,6630.69,-222.74,-5805.62,2057.21
65,125,5793.28,-108.961,-5365.41,1978.19
70,125,4977.45,-67.0758,-4948.23,1895.78
75,125,4193.11,-94.4798,-4562.13,1818.27
80,125,3447.32,-182.511,-4212.6,1750.39
85,125,2744.31,-318.874,-3902.56,1694.21
90,125,2085.53,-489.552,-3632.43,1650.11
95,125,1469.87,-679.867,-3400.3,1617.48
100,125,894.579,-874.969,-3202.27,1594.99
105,125,356.509,-1060.23,-3033.04,1580.38
110,125,-146.656,-1221.84,-2886.87,1570.07
115,125,-615.481,-1347.26,-2758.87,1559.06
120,125,-1048.32,-1425.17,-2645.84,1541.64
125,125,-1440.95,-1444.3,-2545.96,1512.77
130,125,-1785.79,-1392.09,-2456.8,1469.55
135,125,-2070.38,-1255.16,-2372.06,1411.57
140,125,-2276.04,-1024.11,-2278.87,1339.21
145,125,-2378.67,-703.224,-2157.83,1250.43
150,125,-2353.71,-321.487,-1987.07,1138.25
155,125,-2185.36,62.0545,-1749.17,991.349
160,125,-1876.59,365.753,-1437.84,798.655
165,125,-1454.32,506.563,-1060.84,555.769
170,125,-965.616,427.541,-638.063,269.455
175,125,-465.766,119.13,-196.138,-42.4348
180,125,-4.04345,-375.634,237.447,-355.282
0,130,11422.7,2057.63,-8856.41,-2436.47
5,130,11375.8,1107.68,-9114.72,-1844.68
10,130,11289.6,336.885,-9315.69,-1234.83
15,130,11149.4,-196.555,-9444.8,-656.19
20,130,10935.6,-480.37,-9486.59,-152.447
25,130,10630.4,-543.345,-9428.9,246.933
30,130,10222.3,-440.016,-9266.99,530.632
35,130,9710,-232.698,-9005.56,703.95
40,130,9102.89,21.8769,-8657.47,783.557
45,130,8419.47,278.316,-8240.66,791.408
50,130,7682.96,502.517,-7774.98,750.031
55,130,6916.81,669.727,-7280.15,679.826
60,130,6141.48,763.507,-6774.86,597.822
65,130,5373.25,775.9,-6276.14,517.153
70,130,4624.58,707.54,-5798.63,446.902
75,130,3904.92,566.575,-5353.72,392.331
80,130,3221.17,366.409,-4949.1,355.548
85,130,2577.72,123.105,-4588.6,336.496
90,130,1976.27,-146.633,-4272.55,333.963
95,130,1416.03,-426.508,-3998.38,346.334
100,130,894.484,-700.978,-3761.31,371.862
105,130,408.552,-955.414,-3555.26,408.486
110,130,-44.12,-1176.4,-3373.97,453.425
115,130,-464.304,-1352.05,-3212.28,502.998
120,130,-850.863,-1471.73,-3066.89,553.069
125,130,-1200.68,-1524.89,-2935.9,600.159
130,130,-1508.18,-1499.63,-2816.59,642.548
135,130,-1763.92,-1382.97,-2701.97,680.203
140,130,-1952.88,-1165.33,-2578.02,712.656
145,130,-2054.34,-850.062,-2423.8,735.379
150,130,-2045.65,-464.762,-2215.96,736.92
155,130,-1910.61,-67.3271,-1936.43,699.594
160,130,-1649.43,260.501,-1579.85,604.752
165,130,-1284.81,433.689,-1156.93,440.573
170,130,-859.25,391.525,-692.143,208.305
175,130,-423.956,119.733,-217.233,-76.3033
180,130,-24.7229,-343.239,236.191,-386.668
0,135,10607.4,1837.44,-9818.27,-2606.53
5,135,10487.2,1112.35,-10042.1,-2162.11
10,135,10335.8,560.693,-10218.7,-1714.86
15,135,10143.3,228.141,-10333,-1311.2
20,135,9894.26,116.485,-10367,-988.465
25,135,9573.3,189.735,-10304.8,-767.247
30,135,9169.77,389.919,-10137.4,-649.125
35,135,8681.42,654.87,-9865.64,-620.132
40,135,8115.89,930.887,-9499.6,-657.468
45,135,7489.2,1177.55,-9056,-736.233
50,135,6822.04,1366.74,-8555.05,-833.991
55,135,6135.37,1479.86,-8018.23,-932.798
60,135,5447.28,1506.22,-7466.92,-1019.57
65,135,4771.6,1442.91,-6921.17,-1085.77
70,135,4118.22,1294.83,-6398.32,-1126.84
75,135,3493.89,1073.71,-5911.81,-1141.52
80,135,2902.93,795.985,-5470.27,-1130.91
85,135,2347.46,480.207,-5077.51,-1097.47
90,135,1827.59,144.959,-4733.03,-1044.03
95,135,1341.75,-192.32,-4432.98,-973.234
100,135,887.456,-515.754,-4171.29,-887.383
105,135,462.384,-811.128,-3940.88,-788.609
110,135,65.3283,-1066.03,-3735,-679.263
115,135,-303.281,-1269.89,-3548.44,-562.052
120,135,-641.535,-1413.56,-3378.15,-439.641
125,135,-946.496,-1487.92,-3222.53,-313.786
130,135,-1214.13,-1482.35,-3078.94,-184.659
135,135,-1438.02,-1384.77,-2940.15,-51.4866
140,135,-1607.26,-1185.76,-2791.42,84.7664
145,135,-1705.22,-887.763,-2610.86,217.354
150,135,-1712.06,-516.27,-2374.23,330.709
155,135,-1611.89,-126.26,-2063.17,401.288
160,135,-1402.32,203.262,-1673.14,403.458
165,135,-1101.14,388.624,-1217.26,318.455
170,135,-744.949,368.259,-723.766,142.203
175,135,-379.287,124.745,-228.628,-111.75
180,135,-45.2143,-308.233,233.138,-415.112
0,140,9711.3,1603.28,-10705.4,-2756.76
5,140,9521.66,1072.46,-10878,-2495.06
10,140,9301.01,703.38,-11005.2,-2241.57
15,140,9045.22,530.108,-11073.3,-2037.87
20,140,8745.25,546.476,-11064.1,-1913.92
25,140,8391.03,712.797,-10960.5,-1881.31
30,140,7975.4,971.311,-10752.1,-1932.44
35,140,7497.5,1263,-10438.4,-2045.58
40,140,6964.47,1539.16,-10029.3,-2192.7
45,140,6390.51,1765.38,-9541.65,-2346.82
50,140,5793.81,1919.73,-8997.03,-2486.51
55,140,5192.59,1989.46,-8418.59,-2597.29
60,140,4602.09,1968.78,-7829.43,-2671.08
65,140,4033.18,1858.38,-7250.98,-2704.98
70,140,3492.4,1665.46,-6701.45,-2699.83
75,140,2982.83,1403.03,-6194.41,-2658.96
80,140,2504.88,1088.18,-5738.01,-2586.98
85,140,2057.05,739.83,-5334.93,-2488.76
90,140,1636.5,376.829,-4983.13,-2368.71
95,140,1239.85,16.7366,-4677.06,-2230.4
100,140,864.137,-324.715,-4408.99,-2076.71
105,140,507.821,-633.847,-4170.6,-1910.03
110,140,171.396,-899.2,-3954.46,-1732.63
115,140,-142.67,-1111.54,-3755.24,-1546.61
120,140,-430.792,-1263.27,-3570.24,-1353.38
125,140,-689.438,-1347.01,-3398.4,-1152.95
130,140,-915.605,-1353.82,-3237.55,-943.701
135,140,-1105.7,-1273.05,-3080.75,-723.663
140,140,-1252.99,-1096.03,-2913.34,-493.842
145,140,-1345.39,-824.559,-2713.35,-262.658
150,140,-1366.49,-481.644,-2456.5,-49.0416
155,140,-1301.3,-117.933,-2124.61,118.624
160,140,-1145.14,192.812,-1713.94,208.89
165,140,-910.544,371.417,-1239.3,197.073
170,140,-627.208,358.311,-731.606,74.3478
175,140,-333.721,134.578,-229.921,-147.956
180,140,-65.3615,-270.88,228.31,-440.397
0,145,8741.31,1356.91,-11511.1,-2886
5,145,8489.48,984.299,-11616.1,-2836.26
10,145,8201.27,756.871,-11668.1,-2799.55
15,145,7879.33,698.343,-11656.2,-2810.29
20,145,7522.47,797.05,-11564.7,-2890.13
25,145,7127.9,1012.85,-11378.9,-3042.13
30,145,6693.8,1291.44,-11090.4,-3251.06
35,145,6222.01,1579.54,-10700.8,-3489.36
40,145,5719.69,1835.1,-10221.6,-3725.74
45,145,5199.05,2030.36,-9672.07,-3932.8
50,145,4675.12,2149.64,-9075.64,-4091.39
55,145,4162.71,2185.62,-8456.86,-4191.56
60,145,3673.73,2136.62,-7839.33,-4231.16
65,145,3215.86,2005.83,-7243.97,-4213.6
70,145,2792.46,1801.19,-6687.67,-4145.6
75,145,2403.16,1535.04,-6182.2,-4035.38
80,145,2044.76,1222.91,-5733.71,-3891.15
85,145,1712.14,881.913,-5342.87,-3720.16
90,145,1399.32,529.242,-5005.68,-3528.18
95,145,1100.61,181.163,-4714.64,-3319.56
100,145,811.952,-147.557,-4460.26,-3097.49
105,145,531.937,-444.034,-4232.7,-2864.54
110,145,262.284,-697.625,-4023.43,-2622.88
115,145,7.28143,-900.082,-3826.63,-2374.03
120,145,-227.753,-1045.07,-3639.59,-2118.28
125,145,-438.384,-1126.78,-3461.72,-1853.96
130,145,-622.168,-1138.13,-3291.61,-1577.68
135,145,-777.812,-1070.33,-3123.22,-1286.18
140,145,-902.352,-916.032,-2942.96,-980.241
145,145,-988.091,-676.901,-2729.99,-669.398
150,145,-1022.22,-373.373,-2461.12,-374.954
155,145,-991.121,-50.7854,-2119.04,-128.687
160,145,-888.156,224.373,-1700.77,33.8261
165,145,-720.612,380.108,-1222.08,83.534
170,145,-510.727,361.408,-715.275,7.83299
175,145,-289.276,149.451,-221.102,-184.059
180,145,-85.0113,-231.467,221.744,-462.33
0,150,7704.79,1100.21,-12229.1,-2993.28
5,150,7401.3,845.448,-12251.9,-3177.79
10,150,7053.52,716.223,-12203.1,-3372.39
15,150,6671.17,727.499,-12077.1,-3601.73
20,150,6261.73,864.52,-11864.2,-3878.34
25,150,5830.68,1089.47,-11555.5,-4197.72
30,150,5382.4,1354.09,-11148.5,-4539.35
35,150,4921.81,1612.71,-10649.9,-4872.83
40,150,4455.86,1830.86,-10075.9,-5166.47
45,150,3993.99,1987.51,-9449.02,-5394.76
50,150,3547.09,2072.73,-8794.98,-5542.5
55,150,3125.55,2083.79,-8139.03,-5605.34
60,150,2737.4,2022.3,-7503.69,-5587.65
65,150,2387.15,1892.98,-6907.4,-5499.51
70,150,2075.56,1703.55,-6363.64,-5353.67
75,150,1799.94,1464.47,-5880.6,-5163.22
80,150,1554.8,1188.36,-5461.19,-4939.93
85,150,1332.71,888.995,-5103.4,-4693.26
90,150,1125.48,580.357,-4801.05,-4430.17
95,150,925.468,276.031,-4544.8,-4155.36
100,150,727.184,-11.2522,-4323.43,-3871.97
105,150,528.511,-270.047,-4125.45,-3582.17
110,150,331.208,-490.713,-3940.84,-3287.51
115,150,140.208,-665.813,-3762.64,-2988.61
120,150,-38.3073,-789.898,-3587.54,-2684.47
125,150,-199.352,-858.366,-3414.98,-2371.9
130,150,-340.811,-865.837,-3244.28,-2046.05
135,150,-462.995,-805.588,-3070.86,-1702.76
140,150,-565.83,-672.042,-2883.26,-1342.74
145,150,-645.267,-467.231,-2663.21,-976.238
150,150,-691.793,-209.207,-2389.88,-625.859
155,150,-693.278,62.554,-2047.72,-325.032
160,150,-641.553,290.231,-1634.56,-111.33
165,150,-538.949,411.025,-1166.32,-16.1697
170,150,-400.213,376.52,-675.355,-54.5864
175,150,-247.946,169.392,-202.553,-219.201
180,150,-104.014,-190.291,213.491,-480.744
0,155,6609.63,835.146,-12854.1,-3077.78
5,155,6268.04,654.911,-12781.9,-3511.37
10,155,5874.77,579.668,-12609,-3943.35
15,155,5446.31,617.705,-12337.3,-4386
20,155,4998.63,753.488,-11966.4,-4842.01
25,155,4545.39,953.715,-11497.6,-5300.74
30,155,4097,1177.86,-10937.9,-5739.32
35,155,3660.99,1388.83,-10302.6,-6128.26
40,155,3243.37,1559.76,-9613.95,-6439.07
45,155,2849.83,1675.71,-8899.05,-6651.01
50,155,2486.07,1731.28,-8185.42,-6754.76
55,155,2157.23,1727.08,-7497.81,-6752.51
60,155,1867,1666.76,-6856.04,-6655.48
65,155,1616.85,1555.76,-6274.17,-6480.3
70,155,1405.64,1400.93,-5760.56,-6245.5
75,155,1229.63,1210.47,-5318.39,-5968.71
80,155,1082.71,993.661,-4946.37,-5664.89
85,155,956.974,760.39,-4639.35,-5345.4
90,155,843.586,520.739,-4388.89,-5017.98
95,155,734.091,284.726,-4183.97,-4687.24
100,155,621.934,62.1147,-4011.86,-4355.6
105,155,503.834,-137.903,-3859.5,-4024.11
110,155,380.449,-307.24,-3715.22,-3692.9
115,155,255.829,-439.452,-3570.44,-3361.02
120,155,135.562,-529.811,-3420.57,-3025.9
125,155,24.2135,-574.581,-3264.43,-2683.04
130,155,-76.6286,-569.769,-3101.78,-2326.83
135,155,-168.284,-510.628,-2929.84,-1953
140,155,-252.461,-393.593,-2740.2,-1562.73
145,155,-327.587,-221.465,-2518.47,-1166.88
150,155,-386.665,-10.2246,-2247.6,-788.252
155,155,-418.909,206.613,-1914.66,-460.016
160,155,-414.984,380.571,-1518.43,-219.323
165,155,-372.84,459.205,-1074.33,-97.6023
170,155,-300.179,402.015,-613.388,-110.68
175,155,-211.622,194.255,-175.048,-252.572
180,155,-122.225,-147.667,203.613,-495.5
0,160,5464.17,563.722,-13381.2,-3138.86
5,160,5100.62,413.134,-13204.3,-3828.59
10,160,4681.5,348.501,-12887.6,-4496.04
15,160,4229.04,374.058,-12443.2,-5138.64
20,160,3766.47,475.678,-11883.5,-5748.82
25,160,3314.37,626.076,-11223.8,-6311.4
30,160,2887.9,793.171,-10484.6,-6804.54
35,160,2496.09,948.282,-9691.87,-7203.82
40,160,2142.98,1071.33,-8876.04,-7488.06
45,160,1829.66,1151.97,-8068.42,-7644.54
50,160,1556.02,1187.65,-7297.58,-7671.81
55,160,1321.61,1180.49,-6586.26,-7579.46
60,160,1125.71,1134.77,-5949.88,-7385.5
65,160,966.978,1055.62,-5396.61,-7112.56
70,160,843.008,948.572,-4928.42,-6784.14
75,160,749.973,819.552,-4542.57,-6421.59
80,160,682.468,674.764,-4232.91,-6042.28
85,160,633.627,520.546,-3990.74,-5658.77
90,160,595.641,363.264,-3805.3,-5278.92
95,160,560.686,209.331,-3663.96,-4906.65
100,160,522.172,65.2302,-3552.81,-4542.99
105,160,475.976,-62.5991,-3457.52,-4187.11
110,160,421.176,-168.149,-3364.94,-3837.02
115,160,359.792,-246.341,-3264.74,-3489.63
120,160,295.344,-293.285,-3150.61,-3140.69
125,160,230.701,-305.962,-3020.17,-2784.78
130,160,166.315,-281.497,-2873.22,-2416.43
135,160,100.136,-216.91,-2708.76,-2032.37
140,160,29.7114,-110.653,-2522.11,-1635.04
145,160,-44.5391,33.4611,-2303.79,-1235.89
150,160,-117.072,201.158,-2041.68,-856.919
155,160,-178.03,364.563,-1726.3,-529.055
160,160,-217.208,484.446,-1357.6,-286.49
165,160,-228.943,518.912,-949.923,-158.163
170,160,-214.761,435.851,-531.813,-158.871
175,160,-182.021,223.752,-139.721,-283.449
180,160,-139.506,-103.92,192.186,-506.484
0,165,4277.13,288.007,-13806.6,-3176.05
5,165,3909.77,121.987,-13518.3,-4121.15
10,165,3489.09,26.8486,-13043.4,-5014.91
15,165,3041.26,5.86759,-12406,-5837.89
20,165,2594.46,48.3477,-11634.6,-6572.04
25,165,2173.75,133.804,-10762.2,-7199.48
30,165,1796.84,238.237,-9825.52,-7702.73
35,165,1472.52,340.177,-8863.74,-8066.7
40,165,1201.81,424.534,-7915.81,-8281.73
45,165,980.752,483.497,-7016.93,-8346.45
50,165,803.445,515.147,-6195.32,-8269.31
55,165,664.179,521.142,-5470.09,-8067.94
60,165,558.32,504.727,-4850.79,-7766.72
65,165,482.248,469.596,-4338.58,-7393.22
70,165,432.804,419.474,-3928.3,-6974.55
75,165,406.643,358.059,-3610.8,-6534.42
80,165,399.743,289.004,-3374.71,-6091.31
85,165,407.199,215.894,-3207.53,-5657.88
90,165,423.363,142.269,-3095.96,-5241.16
95,165,442.343,71.7226,-3025.87,-4843.61
100,165,458.765,8.01383,-2982.39,-4464.26
105,165,468.589,-44.9255,-2950.41,-4099.91
110,165,469.651,-83.1976,-2915.7,-3746.08
115,165,461.563,-103.29,-2866.43,-3397.46
120,165,444.853,-102.354,-2794.48,-3048.37
125,165,419.608,-78.1705,-2696,-2693.22
130,165,384.408,-28.8995,-2570.45,-2327.75
135,165,336.463,46.8425,-2418.53,-1950.87
140,165,273.33,148.707,-2239.48,-1567.04
145,165,195.481,271.778,-2029.39,-1188.29
150,165,108.124,403.088,-1781.75,-834.83
155,165,20.7501,519.709,-1491.2,-533.43
160,165,-55.7689,590.789,-1159.07,-312.884
165,165,-113.014,584.197,-798.269,-197.191
170,165,-147.533,475.793,-433.876,-198.303
175,165,-160.611,257.484,-98.0322,-311.216
180,165,-155.725,-59.3813,179.296,-513.614
0,170,3057.53,10.1001,-14126.8,-3189.06
5,170,2705.85,-215.285,-13724.6,-4381.16
10,170,2311.3,-378.666,-13083.1,-5485.79
15,170,1901.5,-474.265,-12240.6,-6465.31
20,170,1506.32,-507.537,-11244.5,-7291.39
25,170,1151.76,-492.111,-10147.8,-7945.19
30,170,855.083,-445.262,-9006,-8416.68
35,170,622.724,-383.492,-7872.54,-8703.94
40,170,451.658,-319.515,-6795.02,-8812.65
45,170,332.902,-261.223,-5811.62,-8755.92
50,170,255.51,-212.295,-4948.74,-8553.88
55,170,209.577,-173.598,-4220.3,-8232.65
60,170,187.63,-144.552,-3628.8,-7822.24
65,170,184.656,-124.003,-3167.68,-7353.66
70,170,197.359,-110.599,-2824.39,-6855.81
75,170,223.252,-102.87,-2583.24,-6352.95
80,170,259.952,-99.2076,-2427.59,-5863.04
85,170,304.796,-97.8539,-2341.04,-5397.39
90,170,354.75,-96.8818,-2307.69,-4961.12
95,170,406.551,-94.1718,-2311.96,-4554.38
100,170,456.944,-87.3994,-2338.3,-4173.66
105,170,502.929,-74.0872,-2371.2,-3813.22
110,170,541.858,-51.7611,-2395.85,-3466.16
115,170,571.307,-18.1839,-2399.32,-3125.42
120,170,588.704,28.4425,-2371.96,-2784.64
125,170,590.935,89.3989,-2308.41,-2439.17
130,170,574.3,165.42,-2207.74,-2087.17
135,170,535.221,256.368,-2072.17,-1730.77
140,170,471.737,360.141,-1904.83,-1377.04
145,170,385.261,470.709,-1707.41,-1038.44
150,170,281.611,575.962,-1479.35,-732.407
155,170,170.48,656.87,-1219.68,-479.871
160,170,63.2826,689.387,-931.34,-302.067
165,170,-29.6771,649.445,-625.631,-215.896
170,170,-101.367,519.629,-323.494,-228.832
175,170,-148.555,294.98,-51.7085,-335.379
180,170,-170.76,-14.3909,165.041,-516.835
0,175,1814.67,-267.884,-14339.5,-3177.81
5,175,1498.65,-594.163,-13824.9,-4601.31
10,175,1159.86,-859.315,-13015.4,-5896.17
15,175,824.262,-1051.42,-11965.1,-7006.13
20,175,519.272,-1169.17,-10741.8,-7893.16
25,175,267.63,-1219.93,-9420.39,-8539.03
30,175,82.474,-1216.49,-8076.06,-8943.63
35,175,-34.4407,-1173.48,-6776.91,-9121.18
40,175,-91.0453,-1104.54,-5578.7,-9095.69
45,175,-100.912,-1020.64,-4521.44,-8897.14
50,175,-78.7355,-929.694,-3628.36,-8558.75
55,175,-36.967,-837.046,-2907.01,-8115.27
60,175,15.6797,-746.186,-2352,-7601.38
65,175,74.0896,-659.41,-1948.77,-7049.83
70,175,135.72,-578.173,-1677.36,-6489.33
75,175,199.438,-503.196,-1515.81,-5942.65
80,175,264.662,-434.443,-1442.44,-5425.51
85,175,330.905,-371.1,-1437.16,-4946.43
90,175,397.608,-311.625,-1481.68,-4507.56
95,175,464.059,-253.89,-1559.19,-4106
100,175,529.251,-195.413,-1653.66,-3735.34
105,175,591.612,-133.645,-1749.51,-3387.25
110,175,648.637,-66.2785,-1831.7,-3052.85
115,175,696.589,8.49596,-1886.57,-2724.1
120,175,730.469,91.832,-1903.24,-2395.15
125,175,744.444,184.168,-1875.16,-2063.54
130,175,732.831,285.126,-1801.07,-1731.08
135,175,691.486,393.121,-1684.62,-1403.96
140,175,619.261,504.454,-1532.52,-1092.19
145,175,519.035,611.964,-1351.77,-808.368
150,175,397.865,703.849,-1147.56,-566.314
155,175,266.094,763.576,-923.412,-379.728
160,175,135.606,771.734,-684.035,-260.62
165,175,17.7661,709.874,-439.119,-217.126
170,175,-78.3067,565.376,-205.104,-250.96
175,175,-146.66,335.735,-2.68292,-355.566
180,175,-184.494,30.709,149.531,-516.123
0,180,557.988,-543.828,-14443.1,-3142.37
5,180,297.273,-1008.98,-13821.6,-4775.08
10,180,44.2028,-1404.69,-12850.3,-6235.47
15,180,-180.501,-1709.33,-11599.2,-7449.29
20,180,-356.439,-1913.62,-10157.3,-8369.8
25,180,-468.874,-2019.84,-8621.86,-8980.67
30,180,-512.654,-2039.14,-7087.42,-9293.28
35,180,-493.127,-1988.03,-5636.2,-9339.68
40,180,-423.846,-1884.8,-4331.19,-9163.9
45,180,-322.244,-1746.7,-3213.13,-8814.1
50,180,-205.106,-1588.34,-2301.04,-8337.28
55,180,-85.4079,-1421.23,-1595.33,-7776.66
60,180,28.846,-1254,-1082.43,-7170.59
65,180,134.077,-1092.92,-739.772,-6551.97
70,180,229.717,-942.349,-540.365,-5947.43
75,180,316.757,-804.93,-456.429,-5376.46
80,180,396.721,-681.625,-461.844,-4850.99
85,180,471.169,-571.736,-533.378,-4375.66
90,180,541.509,-473.056,-650.863,-3948.82
95,180,608.866,-382.201,-796.61,-3564.05
100,180,673.786,-295.127,-954.464,-3211.86
105,180,735.718,-207.738,-1108.95,-2881.44
110,180,792.404,-116.475,-1244.97,-2562.42
115,180,839.488,-18.7589,-1348.32,-2246.63
120,180,870.666,86.7941,-1407.17,-1929.83
125,180,878.653,200.331,-1414.02,-1612.94
130,180,856.832,320.712,-1367.41,-1302.39
135,180,801.157,445.196,-1272.27,-1009.06
140,180,711.637,568.717,-1138.47,-746.042
145,180,592.857,682.939,-977.754,-525.796
150,180,453.425,775.626,-800.631,-357.859
155,180,304.62,831.026,-615.013,-247.82
160,180,158.735,831.729,-427.519,-197.417
165,180,27.4598,761.937,-246.387,-204.995
170,180,-79.4833,611.445,-83.4699,-265.705
175,180,-155.345,379.241,46.9801,-371.513
180,180,-196.824,75.5752,132.882,-511.482
0,185,-702.936,-815.634,-14436.8,-3083.01
5,185,-889.91,-1453.09,-13718.2,-4896.89
10,185,-1028.69,-2003.11,-12598.4,-6495.14
15,185,-1107.49,-2431.15,-11163.3,-7787.19
20,185,-1117.68,-2719.19,-9522.35,-8718.98
25,185,-1057.27,-2865.93,-7793.88,-9277.01
30,185,-932.903,-2884.15,-6090.67,-9484.61
35,185,-759.326,-2796.21,-4507.51,-9391.91
40,185,-556.295,-2628.91,-3113.3,-9062.96
45,185,-344.232,-2408.98,-1948.57,-8564.05
50,185,-140.226,-2160.01,-1027.53,-7955.69
55,185,44.3815,-1901.04,-343.315,-7289.05
60,185,204.4,-1646.49,125.682,-6605.29
65,185,339.605,-1406.66,409.571,-5936.23
70,185,452.828,-1188.49,541.762,-5305.06
75,185,548.149,-995.89,555.084,-4726.76
80,185,629.668,-830.051,479.302,-4208.46
85,185,700.911,-689.569,339.975,-3750.23
90,185,764.652,-570.759,158.448,-3346.28
95,185,822.839,-468.17,-47.2912,-2986.55
100,185,876.402,-375.324,-261.303,-2658.53
105,185,924.851,-285.584,-468.419,-2349.15
110,185,965.797,-193.012,-653.549,-2046.93
115,185,994.68,-93.0515,-802.023,-1744.13
120,185,1005.08,17.0929,-901.13,-1438.81
125,185,989.82,138.339,-942.49,-1135.96
130,185,942.837,269.682,-924.353,-847.2
135,185,861.168,407.935,-852.62,-588.434
140,185,746.408,547.102,-739.742,-375.9
145,185,604.978,677.588,-601.566,-221.787
150,185,447.152,785.798,-453.446,-131.112
155,185,285.329,854.758,-307.522,-101.047
160,185,132.174,866.144,-172.461,-122.732
165,185,-0.931993,803.6,-55.3112,-184.416
170,185,-105.071,656.76,36.5008,-274.434
175,185,-174.618,425.018,95.1639,-383.049
180,185,-207.657,119.866,115.222,-502.949
0,190,-1958.51,-1081.23,-14320.6,-3000.19
5,190,-2055.34,-1919,-13518.5,-4962.27
10,190,-2054.25,-2642.03,-12270.5,-6668.71
15,190,-1955.98,-3200.19,-10677.3,-8015.31
20,190,-1768.13,-3566.38,-8866.65,-8942.36
25,190,-1505.78,-3737.5,-6975.7,-9439.73
30,190,-1190.82,-3731.21,-5132.85,-9542.11
35,190,-849.39,-3579.55,-3443.28,-9316.31
40,190,-507.88,-3321.5,-1980.25,-8844.75
45,190,-188.848,-2996.15,-783.254,-8210.21
50,190,92.014,-2637.99,138.35,-7485.47
55,190,327.049,-2274.61,798.288,-6728.67
60,190,515.906,-1926.43,1225.44,-5983.05
65,190,663.477,-1607.45,1456.58,-5278.76
70,190,777.378,-1326.39,1530.6,-4635.01
75,190,865.732,-1087.52,1484.41,-4061.75
80,190,935.696,-891.257,1350.49,-3561.03
85,190,992.755,-734.692,1155.83,-3128.24
90,190,1040.56,-612.072,922.193,-2753.57
95,190,1080.99,-515.514,667.269,-2423.61
100,190,1114.3,-435.85,406.359,-2123.11
105,190,1139.08,-363.582,154.06,-1837.06
110,190,1152.27,-289.843,-74.6926,-1553.06
115,190,1149.24,-207.213,-264.793,-1263.92
120,190,1124.28,-110.28,-402.57,-969.982
125,190,1071.63,4.05814,-478.525,-680.311
130,190,987.088,136.359,-490.209,-411.691
135,190,869.743,284.196,-443.897,-185.048
140,190,723.273,441.361,-353.95,-19.852
145,190,556.124,596.952,-239.699,71.8088
150,190,380.396,734.944,-120.927,89.1814
155,190,209.806,834.984,-13.8726,43.1555
160,190,57.4218,874.852,70.6038,-47.2358
165,190,-66.218,834.47,126.339,-160.572
170,190,-154.277,700.821,149.964,-278.67
175,190,-204.079,472.621,139.781,-390.068
180,190,-216.909,163.245,96.6848,-490.588
0,195,-3199.18,-1338.6,-14095.4,-2894.54
5,195,-3192.27,-2398.6,-13226.7,-4967.91
10,195,-3030.2,-3308.34,-11876.9,-6751.73
15,195,-2729.45,-4000.29,-10159.3,-8131.63
20,195,-2317.59,-4438.33,-8217.07,-9044.21
25,195,-1830.36,-4619.39,-6202.22,-9482.75
30,195,-1307.65,-4568.91,-4255.41,-9491.71
35,195,-788.494,-4331.96,-2489.43,-9151.84
40,195,-306.247,-3962.69,-980.174,-8560.64
45,195,115.124,-3514.87,234.525,-7814.42
50,195,462.721,-3035.31,1149.81,-6995.86
55,195,734.271,-2560.73,1785.27,-6168.72
60,195,935.947,-2117.4,2175.76,-5377.72
65,195,1079.22,-1722.38,2363.4,-4651.31
70,195,1177.59,-1385.19,2391.31,-4004.98
75,195,1243.99,-1109.32,2299.39,-3444.06
80,195,1289,-893.45,2121.88,-2965.94
85,195,1320.14,-732.365,1886.39,-2561.88
90,195,1341.74,-617.872,1614.46,-2218.59
95,195,1355.23,-539.639,1322.91,-1919.87
100,195,1359.66,-486.047,1025.96,-1648.26
105,195,1352.24,-445.033,737.268,-1387.1
110,195,1328.87,-404.883,471.355,-1123.08
115,195,1284.78,-354.954,243.671,-849.194
120,195,1215.19,-286.271,69.0099,-567.466
125,195,1116.24,-192.088,-41.5456,-290.27
130,195,986.207,-68.5588,-84.1465,-38.9441
135,195,826.828,84.2361,-64.6367,160.862
140,195,644.348,260.883,1.44706,286.357
145,195,449.639,449.226,91.8425,325.082
150,195,257.028,629.734,182.66,279.779
155,195,81.9235,776.556,253.674,168.401
160,195,-62.0884,860.781,291.728,19.0221
165,195,-165.734,855.775,291.223,-138.376
170,195,-225.38,743.702,252.335,-279.888
175,195,-242.925,521.657,178.852,-392.504
180,195,-224.51,205.381,77.4121,-474.494
0,200,-4415.5,-1585.78,-13762.9,-2766.86
5,200,-4294.69,-2883.35,-12847.2,-4911.77
10,200,-3956.28,-3988.69,-11427,-6741.7
15,200,-3434.97,-4816.04,-9625.29,-8136.14
20,200,-2781.08,-5320.79,-7596.19,-9030
25,200,-2053.5,-5501.49,-5502.35,-9419.67
30,200,-1311.87,-5393.66,-3492.43,-9357
35,200,-609.156,-5057.81,-1683.71,-8932.77
40,200,14.1964,-4565.39,-152.844,-8255.21
45,200,533.285,-3986.3,1064.46,-7429.97
50,200,938.92,-3380.43,1967.2,-6546.59
55,200,1235.32,-2793.73,2579.41,-5672.55
60,200,1436.3,-2257.95,2940.24,-4853.52
65,200,1560.84,-1792.41,3095.41,-4116.62
70,200,1629.06,-1406.46,3090.82,-3474.56
75,200,1659.15,-1101.8,2968.17,-2929.18
80,200,1665.47,-874.448,2762.53,-2474.38
85,200,1657.76,-716.321,2501.51,-2098.26
90,200,1641.26,-616.575,2205.86,-1785
95,200,1617.23,-562.636,1891.13,-1516.38
100,200,1583.78,-540.981,1570.05,-1273.3
105,200,1536.89,-537.684,1254.95,-1037.71
110,200,1471.43,-538.78,959.583,-795.204
115,200,1382.16,-530.579,699.621,-538.318
120,200,1264.76,-500.07,491.146,-269.709
125,200,1116.75,-435.671,347.327,-3.85709
130,200,938.589,-328.567,274.17,234.387
135,200,734.71,-174.787,267.083,415.23
140,200,514.332,22.2312,310.055,512.513
145,200,291.434,249.292,378.391,512.761
150,200,83.3173,482.46,444.416,421.049
155,200,-92.3184,688.541,484.094,260.862
160,200,-221.135,829.599,481.974,67.5675
165,200,-295.457,870.186,432.733,-121.966
170,200,-315.795,785.987,339.47,-279.332
175,200,-289.988,571.773,210.585,-390.299
180,200,-230.403,245.955,57.5501,-454.788
0,205,-5598.22,-1820.9,-13325.7,-2618.12
5,205,-5357.29,-3364.44,-12384.5,-4793.12
10,205,-4833.86,-4669.7,-10928.9,-6637.96
15,205,-4082.47,-5632.87,-9087.64,-8030.33
20,205,-3177.68,-6201.67,-7021.22,-8905.34
25,205,-2202.67,-6377.55,-4897.69,-9261.85
30,205,-1237.64,-6207.54,-2869.23,-9156.13
35,205,-349.733,-5768.86,-1054.23,-8684.54
40,205,413.455,-5151.12,471.715,-7960.89
45,205,1026.3,-4440.84,1675.41,-7095.52
50,205,1483.64,-3711.03,2558.9,-6181.14
55,205,1796.57,-3016.56,3149.09,-5286.9
60,205,1986.88,-2394.09,3487.49,-4458.72
65,205,2081.41,-1864.5,3621.54,-3722.94
70,205,2107.21,-1436.17,3598.26,-3090.74
75,205,2087.98,-1108.32,3459.91,-2562.08
80,205,2042.18,-873.716,3241.52,-2128.91
85,205,1982.3,-721.107,2970.07,-1777.61
90,205,1915.14,-636.984,2665.17,-1490.94
95,205,1842.62,-606.873,2340.8,-1249.48
100,205,1762.78,-616.007,2007.9,-1033.04
105,205,1671.04,-649.472,1677.19,-822.316
110,205,1561.34,-691.938,1361.45,-601.588
115,205,1427.53,-727.27,1076.44,-362.218
120,205,1264.65,-738.457,839.598,-106.398
125,205,1070.3,-708.395,666.507,150.596
130,205,846.045,-622.005,565.837,381.615
135,205,598.595,-469.749,534.841,553.515
140,205,340.505,-251.915,557.597,636.9
145,205,89.7509,17.6496,607.477,616.647
150,205,-132.36,310.038,653.472,498.829
155,205,-305.052,583.4,668.108,310.564
160,205,-412.935,789.14,633.797,92.3117
165,205,-450.181,881.496,545.268,-114.29
170,205,-422.189,828.658,407.834,-277.854
175,205,-343.769,622.646,233.442,-383.386
180,205,-234.542,284.656,37.2502,-431.621
0,210,-6738.33,-2042.15,-12787.1,-2449.46
5,210,-6375.31,-3833,-11843.1,-4612.5
10,210,-5665.51,-5338.13,-10388.9,-6441.61
15,210,-4683.8,-6436.85,-8555.07,-7816.8
20,210,-3529.11,-7070.28,-6503.26,-8675.14
25,210,-2308.72,-7243.56,-4401.57,-9017.01
30,210,-1122.94,-7015.56,-2401.1,-8899.89
35,210,-52.7994,-6480.12,-618.063,-8421
40,210,847.171,-5744.68,874.795,-7694.55
45,210,1550.55,-4911.73,2047.14,-6830.74
50,210,2055.94,-4066.72,2903.27,-5921.82
55,210,2380.92,-3272.77,3471.41,-5036.35
60,210,2554.91,-2570.84,3793.5,-4219.77
65,210,2612.33,-1982.85,3916.81,-3498.05
70,210,2587,-1515.9,3887.81,-2882.11
75,210,2508.32,-1166.44,3747.97,-2371.65
80,210,2399.24,-923.942,3531.36,-1958.37
85,210,2275.7,-774.004,3263.77,-1628.41
90,210,2147.04,-700.684,2963.31,-1364.24
95,210,2016.95,-688.018,2642.23,-1146.05
100,210,1884.47,-720.634,2309.63,-952.931
105,210,1745.16,-783.458,1974.59,-764.523
110,210,1592.22,-860.721,1648.87,-563.603
115,210,1417.92,-934.668,1348.26,-339.894
120,210,1215.34,-984.741,1091.5,-94.306
125,210,980.571,-988.205,896.527,158.183
130,210,714.939,-923.026,774.713,389.311
135,210,426.841,-773.061,725.342,563.545
140,210,132.467,-534.481,732.964,648.663
145,210,-145.262,-221.289,769.587,627.496
150,210,-379.938,132.519,801.554,505.825
155,210,-546.908,475.829,798.601,312.346
160,210,-629.437,748.622,741.365,90.1321
165,210,-623.737,894.207,624.459,-116.803
170,210,-540.611,872.936,454.642,-275.806
175,210,-402.501,673.962,246.195,-371.674
180,210,-236.896,321.191,16.6668,-405.169
0,215,-7827.15,-2247.87,-12151.2,-2262.15
5,215,-7344.49,-4280.31,-11227.3,-4371.77
10,215,-6454.48,-5981.04,-9811.49,-6155.38
15,215,-5251.73,-7214.52,-8032.2,-7499.08
20,215,-3858.3,-7916.47,-6046.84,-8343.28
25,215,-2403.96,-8095.84,-4018.43,-8688.75
30,215,-1007.65,-7822.55,-2092.55,-8590.99
35,215,236.765,-7205.68,-380.141,-8143.58
40,215,1268.2,-6368.74,1050.56,-7456.26
45,215,2059.22,-5428.62,2172.42,-6634.73
50,215,2611.47,-4481.82,2991.28,-5767.43
55,215,2948.07,-3598.78,3535.35,-4920.27
60,215,3105.1,-2824.24,3845.3,-4137.37
65,215,3123.72,-2181.03,3966.43,-3444.58
70,215,3044.12,-1675.12,3943.01,-2853.47
75,215,2901.31,-1300.58,3814.39,-2364.85
80,215,2723.09,-1044.06,3612.67,-1971.57
85,215,2529.51,-888.517,3361.83,-1660.77
90,215,2333.34,-816.045,3078.2,-1415.58
95,215,2140.97,-809.65,2772.28,-1216.43
100,215,1953.32,-853.852,2451.5,-1042.15
105,215,1766.62,-934.032,2123.56,-871.51
110,215,1573.35,-1034.72,1799.37,-685.929
115,215,1363.62,-1137.32,1494.71,-473.432
120,215,1127.54,-1218.44,1229.36,-233.302
125,215,858.386,-1250.09,1023.1,20.4958
130,215,556.192,-1203.28,889.543,259.627
135,215,230.572,-1054.88,829.786,447.28
140,215,-98.4014,-796.395,829.065,549.163
145,215,-402.104,-441.451,858.703,546.039
150,215,-648.157,-28.8115,883.367,442.347
155,215,-807.438,381.334,870.934,266.351
160,215,-861.676,717.724,800.8,61.1673
165,215,-809.258,913.027,667.345,-129.319
170,215,-666.661,920.099,477.961,-272.981
175,215,-464.213,725.393,247.978,-355.037
180,215,-237.447,355.282,-4.04345,-375.634
0,220,-8856.41,-2436.47,-11422.7,-2057.63
5,220,-8260.86,-4697.98,-10541.1,-4074.07
10,220,-7204.15,-6585.93,-9199.36,-5783.63
15,220,-5798.95,-7952.69,-7519.47,-7081.61
20,220,-4187.84,-8729.74,-5649.9,-7912.69
25,220,-2520.25,-8929.3,-3743.7,-8276.89
30,220,-931.292,-8630.47,-1936.97,-8224.77
35,220,474.017,-7954.84,-332.557,-7842.32
40,220,1628.72,-7039.18,1007.26,-7230.69
45,220,2504.11,-6012.23,2058.87,-6487.5
50,220,3103.97,-4979.73,2829.15,-5694.62
55,220,3455.66,-4018.31,3345.17,-4913.61
60,220,3600.55,-3176.14,3644.91,-4186.46
65,220,3585.46,-2477.27,3770.11,-3538.85
70,220,3456.1,-1927.25,3761.33,-2983.53
75,220,3252.74,-1518.82,3654.49,-2523.18
80,220,3007.97,-1236.87,3478.72,-2152.67
85,220,2746.18,-1062.68,3255.57,-1860.93
90,220,2483.94,-977.077,2999.39,-1632.42
95,220,2230.77,-962.537,2719.09,-1448.32
100,220,1989.79,-1003.79,2420.81,-1287.62
105,220,1758.14,-1086.94,2111.26,-1128.74
110,220,1527.62,-1197.2,1800.78,-952.221
115,220,1286.05,-1315.7,1505.07,-744.799
120,220,1020.17,-1416.88,1244.37,-504.27
125,220,720.029,-1468.3,1039.53,-243.236
130,220,383.984,-1434.64,905.515,10.7885
135,220,22.7126,-1286.12,844.749,220.947
140,220,-339.691,-1009.53,843.294,351.97
145,220,-668.539,-617.746,872.587,382.948
150,220,-925.109,-153.57,896.81,316.275
155,220,-1075.59,314.675,883.121,177.992
160,220,-1100.16,705.595,810.328,8.78854
165,220,-999.47,942.363,672.479,-150.029
170,220,-795.666,971.291,476.779,-268.626
175,220,-526.802,776.567,238.313,-333.322
180,220,-236.191,386.668,-24.7229,-343.239
0,225,-9818.27,-2606.53,-10607.4,-1837.44
5,225,-9120.66,-5078.09,-9788.61,-3723.72
10,225,-7917.56,-7140.85,-8553.31,-5332.26
15,225,-6337,-8638.25,-7013.4,-6569.8
20,225,-4538.41,-9498.52,-5304.04,-7385.84
25,225,-2687.01,-9736.03,-3564.16,-7778.52
30,225,-930.72,-9436.19,-1916.87,-7791.01
35,225,616.518,-8729.38,-454.595,-7498.61
40,225,1882.87,-7761.87,767.601,-6990.76
45,225,2838.26,-6671.13,1729.92,-6354.3
50,225,3487.65,-5569.93,2439.89,-5662.64
55,225,3861.27,-4540.03,2922.58,-4971.65
60,225,4004.29,-3632.92,3212.08,-4320.53
65,225,3967.82,-2874.51,3345.25,-3734.45
70,225,3801.98,-2271.22,3357.6,-3227.3
75,225,3551.4,-1815.92,3280.4,-2803.79
80,225,3252.83,-1493.28,3138.98,-2461.09
85,225,2934.45,-1284.15,2951.96,-2190.24
90,225,2616.21,-1169.06,2731.69,-1977.38
95,225,2310.44,-1130.4,2485.74,-1804.89
100,225,2022.24,-1153.26,2219.43,-1652.52
105,225,1749.66,-1224.45,1938.93,-1499.04
110,225,1484.01,-1329.81,1654.2,-1324.95
115,225,1211.27,-1450.43,1380.6,-1116.47
120,225,915.395,-1559.19,1138.17,-870.391
125,225,583.778,-1620.17,947.787,-597.846
130,225,213.55,-1592.85,824.822,-324.753
135,225,-183.345,-1441.9,772.419,-86.7195
140,225,-578.8,-1149.91,777.608,81.3534
145,225,-932.219,-728.791,812.811,157.641
150,225,-1198.76,-224.418,843.016,142.19
155,225,-1340.17,288.355,835.886,57.365
160,225,-1335.28,719.914,770.329,-60.7552
165,225,-1187,985.829,639.977,-175.679
170,225,-922.869,1027.34,451.041,-261.499
175,225,-588.112,827.048,217.127,-306.359
180,225,-233.138,415.112,-45.2143,-308.233
0,230,-10705.4,-2756.76,-9711.3,-1603.28
5,230,-9920.22,-5413.4,-8973.58,-3326.17
10,230,-8596.9,-7634.6,-7872.57,-4808.72
15,230,-6875.38,-9258.11,-6507.03,-5970.35
20,230,-4927.4,-10209.8,-4995.29,-6765.56
25,230,-2929.26,-10504.4,-3458.77,-7189.64
30,230,-1037.74,-10230.2,-2004.85,-7276.66
35,230,627.051,-9522.04,-713.628,-7089.1
40,230,1989.76,-8531.29,368.007,-6702.7
45,230,3019.01,-7400.68,1224.3,-6191.92
50,230,3720.16,-6247.84,1863.1,-5620.5
55,230,4124.99,-5158.66,2306.8,-5037.83
60,230,4280.93,-4188.06,2584.65,-4479.58
65,230,4241.8,-3364.77,2727.57,-3969.83
70,230,4060.66,-2697.52,2764.88,-3523.1
75,230,3785.1,-2181.02,2722.28,-3145.76
80,230,3454.72,-1801.32,2620.63,-2837.03
85,230,3100.25,-1540.25,2475.4,-2590.03
90,230,2743.89,-1378.91,2296.98,-2392.79
95,230,2399.77,-1300.13,2091.98,-2229.33
100,230,2074.35,-1289.39,1865.32,-2080.87
105,230,1766.39,-1333.96,1622.98,-1927.4
110,230,1467.12,-1420.05,1374.55,-1750.38
115,230,1161.63,-1528.66,1134.75,-1536.48
120,230,832.487,-1631.59,922.672,-1282.05
125,230,465.854,-1690.55,758.261,-996.829
130,230,58.7478,-1661.47,656.342,-704.459
135,230,-375.108,-1504.99,620.297,-438.028
140,230,-803.745,-1200.63,638.295,-230.618
145,230,-1181.27,-759.343,684.598,-103.949
150,230,-1457.5,-228.924,726.256,-60.247
155,230,-1590.37,311.314,732.607,-81.8313
160,230,-1557.73,766.09,683.306,-138.985
165,230,-1364.67,1045.84,571.488,-201.895
170,230,-1043.62,1088.62,401.63,-249.998
175,230,-646.015,876.315,184.757,-273.988
180,230,-228.31,440.397,-65.3615,-270.88
0,235,-11511.1,-2886,-8741.31,-1356.91
5,235,-10655.8,-5697.52,-8099.77,-2887.87
10,235,-9243.12,-8056.87,-7155.12,-4221.95
15,235,-7420.73,-9799.32,-5990.58,-5291.53
20,235,-5367.61,-10848.9,-4705.09,-6055.95
25,235,-3265.94,-11218.9,-3400.09,-6507.05
30,235,-1276.92,-10996.5,-2165.23,-6668.87
35,235,476.288,-10316.4,-1066.98,-6590.08
40,235,1916.46,-9330.72,-143.389,-6331.84
45,235,3011.3,-8184.04,593.876,-5955.63
50,235,3765.92,-6996.71,1152.67,-5515.03
55,235,4212.37,-5857.97,1552.15,-5052.41
60,235,4398.73,-4826.44,1816.08,-4599.26
65,235,4379.73,-3934.64,1968.61,-4177.74
70,235,4209.55,-3194.94,2032.16,-3802.1
75,235,3936.96,-2605.39,2026.24,-3479.56
80,235,3602.65,-2154.76,1966.86,-3210.88
85,235,3238.3,-1826.92,1866.24,-2991.05
90,235,2866.86,-1604.38,1732.99,-2810.16
95,235,2503.07,-1470.77,1573.03,-2654.34
100,235,2153.86,-1412.01,1391.22,-2506.96
105,235,1818.41,-1415.58,1193.49,-2350.19
110,235,1488.27,-1467.77,989.054,-2167.39
115,235,1148.77,-1549.41,791.608,-1946.55
120,235,782.778,-1631.78,618.701,-1684.24
125,235,377.077,-1675.47,488.557,-1388.91
130,235,-69.9619,-1634.76,414.773,-1081.39
135,235,-542.161,-1468.34,400.616,-791.117
140,235,-1003.9,-1154.02,435.591,-547.962
145,235,-1404.87,-702.034,496.563,-372.382
150,235,-1690.61,-160.895,553.735,-268.477
155,235,-1816.19,388.012,579.139,-223.758
160,235,-1758.88,846.696,553.741,-216.062
165,235,-1525.84,1123.32,470.098,-223.624
170,235,-1153.57,1154.93,330.322,-232.315
175,235,-698.483,923.751,141.929,-236.084
180,235,-221.744,462.33,-85.0113,-231.467
0,240,-12229.1,-2993.28,-7704.79,-1100.21
5,240,-11323.7,-5925.01,-7170.95,-2416.21
10,240,-9855.63,-8398.48,-6398.09,-3582.34
15,240,-7976.25,-10249.3,-5452.33,-4543.49
20,240,-5866.28,-11399.9,-4411.66,-5263.4
25,240,-3708.43,-11860.3,-3356.08,-5730.25
30,240,-1663.68,-11713,-2356.37,-5958.01
35,240,145.118,-11087.8,-1464.63,-5981.64
40,240,1640.8,-10133.8,-709.903,-5847.93
45,240,2790.68,-8994.15,-99.9191,-5605.56
50,240,3599.17,-7790.19,372.799,-5298.02
55,240,4097.31,-6613.85,723.73,-4960.39
60,240,4332.04,-5527.65,970.718,-4619.3
65,240,4356.97,-4568.65,1130.86,-4294.01
70,240,4225.3,-3753.79,1219.35,-3997.4
75,240,3984.96,-3085.32,1249.36,-3736.58
80,240,3675.96,-2555.52,1231.95,-3513.2
85,240,3329.43,-2150.98,1176.1,-3323.88
90,240,2967.74,-1856.02,1088.74,-3160.89
95,240,2605.18,-1655.36,975.25,-3012.9
100,240,2248.41,-1535.41,840.501,-2866.05
105,240,1896.6,-1483.77,690.454,-2705.38
110,240,1541.81,-1486.68,533.822,-2516.99
115,240,1170.48,-1524.97,383.053,-2290.9
120,240,767.228,-1570.1,253.747,-2024.48
125,240,321.11,-1583.09,161.947,-1725.05
130,240,-166.749,-1518.69,119.599,-1410.31
135,240,-677.034,-1335.88,129.676,-1105.17
140,240,-1170.67,-1012.41,183.231,-835.066
145,240,-1593.8,-558.105,260.356,-618.077
150,240,-1888.85,-20.9742,335.282,-459.514
155,240,-2008.93,517.989,383.548,-352.103
160,240,-1931.21,961.194,387.877,-281.793
165,240,-1664.63,1217.56,340.179,-235.631
170,240,-1248.82,1225.45,239.693,-206.627
175,240,-743.665,968.641,89.7296,-192.589
180,240,-213.491,480.744,-104.014,-190.291
0,245,-12854.1,-3077.78,-6609.63,-835.146
5,245,-11919.8,-6091.53,-6191.04,-1919.29
10,245,-10432.1,-8651.62,-5598.23,-2901.71
15,245,-8541.23,-10596.2,-4879.57,-3738.56
20,245,-6424.44,-11846.5,-4091.55,-4397.47
25,245,-4259.62,-12407.2,-3292.3,-4863.19
30,245,-2202.97,-12352.9,-2533.43,-5140.37
35,245,-373.598,-11805.3,-1852.65,-5251.34
40,245,1153.4,-10906.5,-1270.27,-5229.57
45,245,2345.7,-9796.08,-790.59,-5111.83
50,245,3206.53,-8594.56,-407.008,-4931.9
55,245,3764.62,-7395.99,-108.046,-4717.51
60,245,4063.89,-6266.8,118.165,-4489.83
65,245,4154.59,-5248.76,281.807,-4264.21
70,245,4086.71,-4363.7,391.202,-4051.12
75,245,3905.37,-3618.27,453.432,-3856.62
80,245,3648.38,-3008.47,474.872,-3682.64
85,245,3345.14,-2523.68,461.35,-3527.21
90,245,3016.72,-2150.19,418.095,-3384.79
95,245,2676.36,-1873.89,349.84,-3246.83
100,245,2329.92,-1681.74,261.373,-3102.63
105,245,1976.23,-1561.47,158.562,-2940.55
110,245,1607.76,-1499.41,49.5272,-2749.91
115,245,1212.37,-1476.82,-54.6631,-2523.31
120,245,777.174,-1466.44,-140.519,-2259.35
125,245,294.532,-1431.42,-194.37,-1964.47
130,245,-230.76,-1329.26,-206.066,-1653.13
135,245,-775.773,-1121.54,-172.936,-1345.17
140,245,-1298.13,-787.516,-102.137,-1060.74
145,245,-1741.09,-336.998,-9.8364,-814.563
150,245,-2044.92,183.592,82.8948,-612.396
155,245,-2161.61,695.987,155.711,-451.764
160,245,-2068.57,1105.99,193.403,-326.647
165,245,-1776.19,1326.23,187.162,-233.025
170,245,-1326.06,1298.74,133,-171.286
175,245,-779.946,1010.18,29.5654,-143.553
180,245,-203.613,495.5,-122.225,-147.667
0,250,-13381.2,-3138.86,-5464.17,-563.722
5,250,-12440.2,-6193.98,-5164.21,-1405.81
10,250,-10968.4,-8810.1,-4752.44,-2193.07
15,250,-9110.98,-10829.6,-4259.66,-2891.31
20,250,-7036.61,-12172.5,-3721.34,-3471.48
25,250,-4913.44,-12836.8,-3174.28,-3915.47
30,250,-2888.54,-12887,-2651.48,-4220.07
35,250,-1074.04,-12433.8,-2176.96,-4396.76
40,250,459.019,-11610,-1763.07,-4467.43
45,250,1679.38,-10549.3,-1411.5,-4458.15
50,250,2588.7,-9370.23,-1117.15,-4393.74
55,250,3212.08,-8168.2,-872.752,-4294.57
60,250,3588.46,-7013,-672.122,-4175.92
65,250,3762.57,-5950.83,-511.293,-4048.5
70,250,3779.06,-5007.96,-387.955,-3919.52
75,250,3678.54,-4195.11,-300.296,-3793.31
80,250,3495.36,-3511.68,-246.112,-3671.58
85,250,3256.58,-2949.66,-222.516,-3553.47
90,250,2981.69,-2497.19,-226.064,-3435.56
95,250,2682.76,-2141.27,-252.907,-3312.07
100,250,2364.75,-1869.39,-298.634,-3175.49
105,250,2025.95,-1669.46,-357.72,-3017.61
110,250,1659,-1528.18,-422.804,-2831.12
115,250,1253.01,-1427.96,-484.287,-2611.47
120,250,797.546,-1344.02,-530.839,-2358.74
125,250,288.43,-1243.52,-551.167,-2078.78
130,250,-265.683,-1088.9,-536.868,-1782.86
135,250,-838.163,-846.419,-485.401,-1485.62
140,250,-1383.48,-498.364,-401.802,-1201.48
145,250,-1842.49,-54.9064,-298.011,-941.219
150,250,-2153.93,439.949,-189.87,-710.305
155,250,-2269.31,912.588,-93.1904,-510.342
160,250,-2166.49,1274.8,-20.9395,-342.687
165,250,-1856.84,1445.58,17.2797,-211.735
170,250,-1382.73,1372.81,14.0346,-125.008
175,250,-806.001,1047.51,-36.8933,-89.1576
180,250,-192.186,506.484,-139.506,-103.92
0,255,-13806.6,-3176.05,-4277.13,-288.007
5,255,-12880.5,-6230.56,-4095.02,-884.871
10,255,-11458.7,-8869.64,-3858.27,-1470.51
15,255,-9676.92,-10940.9,-3581.11,-2018.58
20,255,-7691.01,-12363.1,-3279.35,-2502.83
25,255,-5654.97,-13126.9,-2969.94,-2903.12
30,255,-3703,-13285.5,-2668.66,-3210.26
35,255,-1937.37,-12936.8,-2387.18,-3427.16
40,255,-423.273,-12202.8,-2131.15,-3566.18
45,255,809.703,-11209.7,-1900.72,-3644.21
50,255,1761.22,-10073.1,-1692.96,-3677.86
55,255,2451.51,-8888.27,-1504.87,-3680.43
60,255,2912.8,-7727.73,-1335.36,-3661.08
65,255,3182.43,-6641.07,-1185.57,-3625.54
70,255,3297.98,-5658.23,-1057.89,-3577.32
75,255,3294.18,-4793.23,-954.579,-3518.59
80,255,3201.11,-4048.31,-876.801,-3450.53
85,255,3043.09,-3417.74,-824.242,-3373.08
90,255,2838,-2891.3,-795.254,-3284.65
95,255,2596.92,-2456.97,-787.129,-3182
100,255,2324.12,-2102.65,-796.183,-3060.54
105,255,2017.41,-1816.48,-817.569,-2915.28
110,255,1669.46,-1585.79,-844.957,-2742.09
115,255,1270.21,-1394.86,-870.407,-2539.15
120,255,811.115,-1222.64,-884.835,-2308.08
125,255,290.805,-1041.93,-879.309,-2054.21
130,255,-278.752,-821.923,-847.002,-1785.88
135,255,-867.612,-535.252,-785.164,-1512.73
140,255,-1427.39,-168.452,-696.223,-1243.6
145,255,-1896.88,267.434,-587.353,-985.162
150,255,-2213.75,731.232,-468.702,-742.118
155,255,-2329.43,1155.27,-351.289,-519.286
160,255,-2222.35,1459.25,-245.803,-324.304
165,255,-1904.28,1570.7,-162.739,-168.904
170,255,-1417.03,1445.26,-113.047,-67.0217
175,255,-820.841,1079.71,-107.774,-29.7491
180,255,-179.296,513.614,-155.725,-59.3813
0,260,-14126.8,-3189.06,-3057.53,-10.1001
5,260,-13236.5,-6200.82,-2988.54,-365.76
10,260,-11895.5,-8828.12,-2914.42,-748.911
15,260,-10227,-10924.1,-2834.55,-1139.23
20,260,-8370.08,-12406.3,-2747.26,-1512.85
25,260,-6461.21,-13258,-2651.9,-1848.65
30,260,-4618.66,-13520.6,-2549.19,-2133.44
35,260,-2932.55,-13279.2,-2440.33,-2363.97
40,260,-1460.86,-12644,-2325.87,-2545.29
45,260,-231.07,-11732.6,-2205.58,-2686.67
50,260,754.056,-10656.2,-2079.3,-2797.43
55,260,1508.85,-9509.08,-1948.2,-2884.17
60,260,2057.52,-8364.85,-1815.47,-2950.1
65,260,2428.67,-7275.38,-1685.99,-2995.99
70,260,2651.68,-6273.11,-1565.33,-3021.63
75,260,2754.57,-5374.55,-1458.47,-3026.97
80,260,2762.56,-4584.14,-1368.9,-3012.39
85,260,2696.92,-3898.06,-1298.34,-2978.36
90,260,2573.91,-3307.48,-1246.78,-2924.74
95,260,2403.82,-2801.22,-1212.76,-2850.36
100,260,2190.54,-2367.45,-1193.6,-2753.15
105,260,1931.71,-1994.56,-1185.47,-2630.84
110,260,1620.06,-1670.75,-1183.45,-2482.03
115,260,1246.06,-1382.78,-1181.58,-2307.16
120,260,802.237,-1114.17,-1173.29,-2108.98
125,260,288.983,-844.423,-1152.04,-1892.24
130,260,-279.455,-550.606,-1112.37,-1662.59
135,260,-870.631,-212.769,-1050.84,-1425.22
140,260,-1433.86,177.389,-966.622,-1184.07
145,260,-1906.3,607.322,-861.483,-942.145
150,260,-2225.02,1038.53,-739.477,-703.244
155,260,-2341.74,1409.77,-606.72,-474.58
160,260,-2235.41,1649.74,-471.724,-268.697
165,260,-1917.53,1695.97,-345.982,-103.167
170,260,-1428.03,1513.39,-243.898,2.81573
175,260,-823.831,1105.87,-181.07,34.1472
180,260,-165.041,516.835,-170.76,-14.3909
0,265,-14339.5,-3177.81,-1814.67,267.884
5,265,-13504.1,-6105.74,-1850.41,142.241
10,265,-12270.3,-8685.76,-1921.14,-43.5615
15,265,-10746.1,-10776.4,-2013.61,-273.68
20,265,-9051.47,-12293.9,-2111.51,-526.371
25,265,-7302.4,-13214.8,-2199.5,-780.484
30,265,-5599.14,-13569.6,-2265.99,-1020.8
35,265,-4018.19,-13430.7,-2303.98,-1240.22
40,265,-2609.45,-12896.4,-2310.67,-1438.55
45,265,-1398.14,-12075.5,-2286.56,-1619.04
50,265,-389.842,-11073.3,-2234.65,-1784.68
55,265,423.165,-9981.64,-2159.94,-1935.95
60,265,1056.3,-8873.76,-2068.94,-2070.56
65,265,1528.79,-7802.43,-1968.95,-2184.71
70,265,1861.36,-6801.55,-1867.19,-2274.78
75,265,2074.99,-5889.2,-1769.99,-2338.6
80,265,2189.75,-5071.47,-1682.15,-2375.7
85,265,2223.64,-4346.01,-1606.69,-2386.73
90,265,2191.1,-3705.13,-1544.86,-2372.6
95,265,2101.68,-3138.29,-1496.35,-2333.78
100,265,1959.12,-2633.95,-1459.6,-2270.18
105,265,1761.25,-2180.81,-1432.12,-2181.68
110,265,1501.06,-1768.22,-1410.77,-2068.85
115,265,1169.34,-1385.66,-1392.07,-1933.56
120,265,759.102,-1021.53,-1372.27,-1779.03
125,265,271.454,-662.183,-1347.35,-1609.02
130,265,-278.204,-292.717,-1312.96,-1426.7
135,265,-855.946,99.1005,-1264.37,-1233.68
140,265,-1409.65,515.836,-1196.73,-1030.15
145,265,-1875.64,942.638,-1105.8,-816.422
150,265,-2191.03,1342.93,-989.232,-595.696
155,265,-2308.28,1661.51,-848.315,-376.91
160,265,-2206.79,1836.29,-689.603,-176.053
165,265,-1897,1815.51,-525.677,-14.7691
170,265,-1415.62,1574.42,-374.165,83.9593
175,265,-814.712,1125.13,-254.713,101.817
180,265,-149.531,516.123,-184.494,30.709
0,270,-14443.1,-3142.37,-557.988,543.828
5,270,-13679,-5947.66,-686.96,630.089
10,270,-12573.5,-8445.28,-880.543,630.205
15,270,-11217.4,-10498.6,-1115.58,556.674
20,270,-9709.37,-12022.8,-1364.37,429.24
25,270,-8143.78,-12988.4,-1600.33,268.198
30,270,-6601.65,-13416.4,-1802.63,89.1748
35,270,-5145.14,-13367.9,-1958.62,-98.8711
40,270,-3815.88,-12930.1,-2063.85,-292.38
45,270,-2636.94,-12202.3,-2120.37,-490.01
50,270,-1617.09,-11283.1,-2134.43,-689.481
55,270,-755.547,-10260.2,-2114.28,-885.93
60,270,-45.8516,-9205.11,-2068.73,-1072.21
65,270,521.888,-8170.26,-2006.26,-1240.53
70,270,959.958,-7189.98,-1934.5,-1384.37
75,270,1282.43,-6283.23,-1859.95,-1499.69
80,270,1504.28,-5457.14,-1787.7,-1585.16
85,270,1640.08,-4710.38,-1721.32,-1641.41
90,270,1702.25,-4036.12,-1662.82,-1670.03
95,270,1699.48,-3424.34,-1612.78,-1672.68
100,270,1635.39,-2863.87,-1570.75,-1650.77
105,270,1508.15,-2343.98,-1535.79,-1605.63
110,270,1311.18,-1855.31,-1506.98,-1538.93
115,270,1035.54,-1390.01,-1483.67,-1452.95
120,270,674.386,-940.867,-1465.27,-1350.39
125,270,228.949,-500.31,-1450.27,-1233.54
130,270,-285.066,-60.6531,-1435.05,-1103.31
135,270,-833.284,383.032,-1412.93,-958.782
140,270,-1363.32,827.3,-1374.38,-797.905
145,270,-1811.87,1254.05,-1308.68,-619.713
150,270,-2117.19,1627.35,-1207.06,-427.454
155,270,-2233.08,1896.98,-1066.25,-231.342
160,270,-2139.29,2009.42,-891.163,-49.4174
165,270,-1844.36,1923.62,-695.486,94.4475
170,270,-1380.52,1625.64,-499.651,175.17
175,270,-793.595,1136.7,-326.639,172.362
180,270,-132.882,511.482,-196.824,75.5752
0,275,-14436.8,-3083.01,702.936,815.634
5,275,-13757.7,-5730.31,494.761,1089.2
10,275,-12795.4,-8112,203.12,1257.49
15,275,-11622.6,-10095.5,-141.875,1330.27
20,275,-10316,-11595.4,-504.692,1325.27
25,275,-8947.82,-12577.1,-851.175,1261.21
30,275,-7579.72,-13054.1,-1154.58,1152.95
35,275,-6259.73,-13078,-1399.1,1009.8
40,275,-5021.62,-12725.8,-1580.14,837.212
45,275,-3886.77,-12087.6,-1701.8,639.778
50,275,-2867.35,-11254.2,-1773.18,423.998
55,275,-1969.5,-10308.2,-1804.98,199.208
60,275,-1195.36,-9317.88,-1807.29,-23.3614
65,275,-543.704,-8334.17,-1788.73,-232.626
70,275,-9.98788,-7391.05,-1756.37,-419.685
75,275,413.562,-6507.74,-1715.97,-578.993
80,275,737.175,-5691.91,-1672.12,-708.425
85,275,972.065,-4942.85,-1628.25,-808.48
90,275,1128.57,-4254.3,-1586.58,-881.149
95,275,1214.28,-3616.75,-1548.33,-928.905
100,275,1232.54,-3019.57,-1514.16,-954.103
105,275,1181.73,-2452.77,-1484.85,-958.798
110,275,1055.61,-1908.33,-1461.96,-944.806
115,275,845.589,-1380.5,-1447.96,-913.75
120,275,544.978,-865.313,-1445.35,-866.866
125,275,155.066,-359.699,-1454.83,-804.543
130,275,-308.545,138.306,-1472.93,-725.836
135,275,-811.925,627.198,-1490.43,-628.475
140,275,-1303.84,1097.44,-1492.64,-509.891
145,275,-1723.03,1526.68,-1462.35,-369.435
150,275,-2010.34,1878.12,-1384.74,-211.243
155,275,-2121.71,2104.9,-1252.53,-46.5782
160,275,-2037.11,2160.94,-1069.32,105.691
165,275,-1762.41,2015.24,-849.765,221.212
170,275,-1324.19,1664.63,-616.477,274.564
175,275,-760.949,1139.94,-394.861,244.712
180,275,-115.222,502.949,-207.657,119.866
0,280,-14320.6,-3000.19,1958.51,1081.23
5,280,-13736.8,-5458.65,1687,1511.66
10,280,-12926.3,-7693.72,1323.42,1824.29
15,280,-11943.5,-9576.27,901.805,2026.29
20,280,-10843.4,-11020.2,461.862,2133.12
25,280,-9676.57,-11987.7,41.6172,2161.52
30,280,-8486.25,-12486.4,-329.525,2124.81
35,280,-7307.39,-12560.2,-634.951,2031.81
40,280,-6166.82,-12277.8,-871.053,1888.75
45,280,-5084.9,-11720.2,-1044.02,1702.45
50,280,-4077.42,-10970.2,-1165.08,1482.61
55,280,-3157.04,-10104.2,-1246.3,1242.12
60,280,-2333.64,-9186.11,-1297.99,995.45
65,280,-1613.59,-8264.38,-1328.08,756.285
70,280,-999.007,-7371.91,-1342.39,535.346
75,280,-487.489,-6527.68,-1345.37,339.332
80,280,-72.9271,-5739.54,-1340.55,170.979
85,280,252.901,-5007.15,-1330.7,29.9561
90,280,498.296,-4324.68,-1317.97,-85.915
95,280,669.618,-3683.15,-1304.03,-179.506
100,280,769.622,-3072.56,-1290.74,-253.509
105,280,796.525,-2483.71,-1280.76,-309.904
110,280,744.299,-1909.46,-1278.25,-349.726
115,280,604.753,-1345.17,-1288.58,-373.035
120,280,371.715,-788.485,-1316.86,-379.006
125,280,46.8753,-238.944,-1365.25,-366.049
130,280,-354.314,301.392,-1429.69,-331.993
135,280,-799.18,825.573,-1497.91,-274.547
140,280,-1239.2,1317.98,-1550.12,-192.306
145,280,-1617.11,1751.14,-1563.2,-86.4655
150,280,-1878,2085.88,-1517.12,37.0828
155,280,-1980.77,2277.06,-1401.34,166.108
160,280,-1905.57,2284.52,-1218.46,281.88
165,280,-1654.88,2086.29,-983.778,361.095
170,280,-1248.73,1689.42,-721.213,379.706
175,280,-717.575,1134.37,-457.527,317.652
180,280,-96.6848,490.588,-216.909,163.245
0,285,-14095.4,-2894.54,3199.18,1338.6
5,285,-13613.7,-5138.84,2881.33,1890.45
10,285,-12957.2,-7200.66,2471.78,2318
15,285,-12162.9,-8953.83,2005.54,2625.55
20,285,-11265,-10312.1,1523,2825.94
25,285,-10294.1,-11235.6,1062.52,2933.63
30,285,-9276.66,-11727.9,653.176,2960.2
35,285,-8236.32,-11827.5,310.439,2913.59
40,285,-7194.41,-11595.9,36.1962,2800.35
45,285,-6171.03,-11106,-177.428,2628.76
50,285,-5185.69,-10432.8,-342.72,2410.88
55,285,-4256.93,-9645.89,-471.814,2162.21
60,285,-3401.19,-8803.77,-574.231,1899.64
65,285,-2631.06,-7951.61,-656.44,1638.72
70,285,-1953.96,-7120.5,-722.608,1391.42
75,285,-1371.79,-6328.76,-775.583,1165.22
80,285,-881.731,-5584.19,-817.603,963.245
85,285,-478.051,-4886.75,-850.66,785.348
90,285,-154.264,-4231.04,-876.726,629.398
95,285,94.689,-3608.64,-898.073,492.618
100,285,270.695,-3010.1,-917.841,372.681
105,285,371.536,-2426.56,-940.674,268.488
110,285,391.267,-1850.92,-973.037,180.538
115,285,322.343,-1278.31,-1022.57,110.828
120,285,159.647,-706.303,-1096.01,62.3277
125,285,-94.2326,-135.318,-1195.85,38.1699
130,285,-423.997,429.955,-1316.65,40.7949
135,285,-799.058,977.925,-1442.96,71.1811
140,285,-1175.22,1486.99,-1550.55,128.109
145,285,-1501.11,1923.92,-1611.55,207.288
150,285,-1727.61,2246.1,-1602.04,300.354
155,285,-1817.39,2408.71,-1509.13,394.097
160,285,-1750.71,2376.05,-1334.61,470.611
165,285,-1526.18,2133.88,-1093.84,508.871
170,285,-1156.77,1698.55,-810.981,487.745
175,285,-664.57,1119.72,-512.974,389.86
180,285,-77.4121,474.494,-224.51,205.381
0,290,-13762.9,-2766.86,4415.5,1585.78
5,290,-13386.5,-4778.02,4068.68,2219.6
10,290,-12880.5,-6645.18,3637.61,2727.89
15,290,-12265.5,-8245.03,3155.55,3111.46
20,290,-11557.3,-9491.78,2660.42,3380.14
25,290,-10768.6,-10344.5,2187.78,3546.03
30,290,-9911.72,-10804.5,1763.89,3619.07
35,290,-9001.03,-10906.2,1401.63,3606.5
40,290,-8054.01,-10705.7,1100.92,3515.16
45,290,-7091.46,-10269,853.002,3354.49
50,290,-6136.51,-9663.6,645.854,3138.24
55,290,-5212.8,-8952,468.627,2883.73
60,290,-4341.95,-8187.01,313.676,2609.39
65,290,-3541.23,-7409.66,176.576,2331.85
70,290,-2821.94,-6648.57,55.0705,2063.77
75,290,-2189.09,-5920.93,-52.0969,1812.99
80,290,-1642.33,-5234.34,-146.029,1582.88
85,290,-1177.85,-4589,-228.156,1373.53
90,290,-790.728,-3979.99,-300.556,1183.2
95,290,-477.141,-3399.31,-366.308,1009.77
100,290,-236.127,-2837.64,-429.946,851.993
105,290,-70.342,-2285.75,-497.845,710.304
110,290,14.5409,-1735.43,-578.142,587.117
115,290,12.067,-1180.31,-679.655,486.447
120,290,-81.2938,-616.599,-809.434,412.88
125,290,-261.73,-44.514,-969.151,370.171
130,290,-514.32,529.446,-1151.44,359.877
135,290,-811.485,1089.56,-1338.05,380.463
140,290,-1114.82,1608.47,-1501.53,426.993
145,290,-1380.37,2047.12,-1610.96,491.241
150,290,-1566.04,2358.95,-1640.1,561.879
155,290,-1638.74,2498.6,-1574.63,624.673
160,290,-1578.95,2433.72,-1415.51,662.968
165,290,-1381.19,2156.44,-1177.4,658.899
170,290,-1051.35,1691.23,-883.522,595.567
175,290,-603.281,1095.95,-559.772,459.947
180,290,-57.5501,454.788,-230.403,245.955
0,295,-13325.7,-2618.12,5598.22,1820.9
5,295,-13054.4,-4384.17,5239.5,2494.35
10,295,-12690,-6041.4,4808.63,3045.47
15,295,-12238.9,-7469.82,4334.8,3470.84
20,295,-11701.1,-8584.83,3850.81,3776.91
25,295,-11074.5,-9345.35,3386.95,3973.44
30,295,-10360,-9751.52,2964.79,4069.15
35,295,-9565.24,-9835.16,2593.78,4071.1
40,295,-8705.41,-9647.89,2272.18,3986.76
45,295,-7802.83,-9250.11,1991.39,3826.79
50,295,-6884.21,-8702.72,1741.15,3606.26
55,295,-5977.3,-8061.41,1513.27,3343.63
60,295,-5107.59,-7373.09,1302.95,3058.04
65,295,-4295.47,-6674.19,1108.31,2766.43
70,295,-3554.71,-5990.31,929.044,2481.52
75,295,-2892.3,-5337.01,765.212,2211.18
80,295,-2309.54,-4721.32,616.378,1958.94
85,295,-1804.07,-4143.49,481.154,1725.33
90,295,-1372.21,-3598.86,356.921,1509.4
95,295,-1011.16,-3079.49,239.586,1310.27
100,295,-720.628,-2575.58,123.366,1128.28
105,295,-503.319,-2076.63,0.744113,965.678
110,295,-364.103,-1572.48,-137.082,826.666
115,295,-307.809,-1054.46,-298.831,716.661
120,295,-336.036,-516.91,-490.608,640.871
125,295,-443.813,40.4327,-712.46,602.485
130,295,-617.149,609.48,-955.062,601.05
135,295,-832.421,1170.72,-1198.25,631.596
140,295,-1058.09,1691.51,-1413,684.823
145,295,-1258.55,2127.52,-1567.3,748.142
150,295,-1399.27,2428.56,-1634.16,807.024
155,295,-1451.74,2548.6,-1598.56,846.165
160,295,-1396.73,2457.87,-1460.51,850.373
165,295,-1224.99,2153.74,-1233.05,805.521
170,295,-935.76,1667.32,-937.243,699.96
175,295,-535.255,1063.27,-596.761,526.507
180,295,-37.2502,431.621,-234.542,284.656
0,300,-12787.1,-2449.46,6738.33,2042.15
5,300,-12617.5,-3965.85,6383.84,2711.33
10,300,-12381.7,-5404.81,5971.19,3264.82
15,300,-12074.4,-6650.58,5523.74,3694.55
20,300,-11682.9,-7620.65,5067.19,4003.31
25,300,-11193.9,-8274.64,4624.83,4198.67
30,300,-10600,-8612.06,4212.45,4288.66
35,300,-9904.15,-8662.8,3835.91,4280.8
40,300,-9121.12,-8475.04,3492.53,4183.8
45,300,-8275.23,-8104.41,3175.19,4009.8
50,300,-7396.46,-7606.06,2876.87,3775.06
55,300,-6515.89,-7029.63,2593.26,3498.66
60,300,-5661.58,-6416.39,2323.28,3199.72
65,300,-4855.73,-5798.08,2067.89,2894.79
70,300,-4113.32,-5196.88,1828.61,2596.13
75,300,-3442.29,-4626.2,1606.36,2311.36
80,300,-2844.88,-4091.91,1400.75,2044.22
85,300,-2319.64,-3593.81,1209.83,1795.93
90,300,-1863.74,-3126.91,1030.09,1566.78
95,300,-1475.01,-2682.73,856.428,1357.42
100,300,-1153.26,-2250.36,682.259,1169.92
105,300,-900.567,-1817.52,499.776,1008.09
110,300,-720.351,-1371.8,300.605,877.27
115,300,-615.392,-902.265,77.2089,783.252
120,300,-585.365,-401.759,-174.797,730.668
125,300,-624.602,130.082,-453.644,721.004
130,300,-720.791,683.424,-748.61,750.906
135,300,-855.012,1235.31,-1038.92,811.428
140,300,-1003.07,1748.73,-1295.79,888.657
145,300,-1137.87,2175.22,-1487.89,965.569
150,300,-1232.4,2462.04,-1588.83,1024.42
155,300,-1262.73,2562.99,-1583.46,1048.84
160,300,-1210.27,2450.68,-1470.49,1025.19
165,300,-1062.64,2126.72,-1260.49,943.401
170,300,-813.425,1627.33,-971.213,797.779
175,300,-462.189,1022.14,-623.07,588.167
180,300,-16.6668,405.169,-236.896,321.191
0,305,-12151.2,-2262.15,7827.15,2247.87
5,305,-12077.1,-3532.01,7491.57,2868.54
10,305,-11953.8,-4751.74,7110.79,3382.86
15,305,-11767,-5811.17,6701.24,3777.98
20,305,-11495.2,-6630.99,6280.38,4053.08
25,305,-11117.3,-7172.1,5863.62,4213.83
30,305,-10620.6,-7433.65,5460.71,4268.08
35,305,-10005.8,-7443.73,5074.41,4224.46
40,305,-9288.06,-7247.38,4702.16,4093.46
45,305,-8494.09,-6896.03,4339.73,3888.98
50,305,-7656.77,-6439.84,3984.65,3628.44
55,305,-6809.66,-5923.18,3637.6,3331.16
60,305,-5982.48,-5382.26,3301.75,3015.74
65,305,-5198.19,-4844.41,2981.09,2697.78
70,305,-4472.04,-4328.26,2678.75,2388.7
75,305,-3812.09,-3844.63,2396.03,2095.75
80,305,-3220.77,-3397.65,2132.06,1822.95
85,305,-2696.96,-2985.84,1883.99,1572.46
90,305,-2238.12,-2603.19,1647.28,1345.93
95,305,-1842.07,-2240.07,1416.12,1145.53
100,305,-1508.03,-1884.1,1183.75,974.663
105,305,-1236.77,-1521.26,942.877,837.994
110,305,-1029.76,-1137.31,686.308,740.965
115,305,-887.65,-719.887,408.188,688.641
120,305,-808.56,-261.263,105.901,684.002
125,305,-786.805,238.278,-217.456,725.979
130,305,-812.426,766.975,-550.788,807.785
135,305,-871.512,1299,-874.143,916.297
140,305,-947.011,1794.24,-1160.54,1033.05
145,305,-1019.76,2201.8,-1380.78,1136.77
150,305,-1069.71,2468,-1510.02,1206.7
155,305,-1077.36,2547.57,-1533.28,1225.5
160,305,-1025.26,2415.66,-1447.64,1181.16
165,305,-898.971,2077.37,-1260.42,1067.8
170,305,-687.756,1572.41,-985.144,886.09
175,305,-385.87,973.262,-638.131,643.64
180,305,4.04345,375.634,-237.447,355.282
0,310,-11422.7,-2057.63,8856.41,2436.47
5,310,-11435.7,-3091.73,8552.49,2965.49
10,310,-11406.9,-4098.82,8212.53,3399.42
15,310,-11316.3,-4975.97,7845.58,3721.23
20,310,-11137.1,-5648.28,7460.63,3926.94
25,310,-10844.1,-6078.39,7065.23,4020.79
30,310,-10422,-6265.04,6663.68,4010.92
35,310,-9871.22,-6234.18,6256.64,3907.49
40,310,-9207.97,-6027.52,5842.97,3723.09
45,310,-8461.07,-5692.3,5422.68,3473.44
50,310,-7665.69,-5274.12,4998.94,3176.99
55,310,-6857.2,-4812.7,4578.13,2853.02
60,310,-6066.25,-4339.83,4168.05,2519.26
65,310,-5315.97,-3878.89,3775.75,2190.03
70,310,-4621.27,-3445.2,3405.83,1875.71
75,310,-3989.72,-3046.82,3059.72,1583.09
80,310,-3423.27,-2685.67,2735.94,1316.5
85,310,-2920.45,-2358.49,2430.73,1078.97
90,310,-2478.26,-2057.7,2138.8,873.3
95,310,-2093.78,-1772.27,1854.04,702.697
100,310,-1765.02,-1488.49,1569.99,571.131
105,310,-1490.97,-1191.18,1280.2,483.175
110,310,-1271.04,-865.266,978.753,443.403
115,310,-1104.04,-498.132,661.192,455.244
120,310,-987.094,-82.5623,326.004,519.333
125,310,-915.161,379.859,-23.3724,631.581
130,310,-880.968,875.485,-376.649,781.555
135,310,-875.38,1376.48,-715.936,951.988
140,310,-887.657,1841.2,-1017.21,1120.11
145,310,-905.46,2218.32,-1254.33,1260.79
150,310,-914.821,2455.15,-1404.51,1350.64
155,310,-900.485,2508.71,-1453.07,1371.66
160,310,-846.737,2357.15,-1395.19,1313.59
165,310,-738.408,2008.45,-1234.39,1174.77
170,310,-562.049,1504.24,-979.339,962.293
175,310,-308.126,917.563,-641.68,691.769
180,310,24.7229,343.239,-236.191,386.668
0,315,-10607.4,-1837.44,9818.27,2606.53
5,315,-10696.9,-2653.97,9556.57,3003.14
10,315,-10744.1,-3462.43,9261.64,3317.29
15,315,-10726.1,-4168.88,8935.47,3529.09
20,315,-10614.1,-4704.01,8579.18,3632.43
25,315,-10382.1,-5032.61,8193.5,3630.84
30,315,-10015.1,-5152.71,7778.54,3533.16
35,315,-9514.07,-5087.52,7334.32,3351.24
40,315,-8896.72,-4874.77,6862.55,3099.64
45,315,-8193.32,-4557.17,6368.55,2795.62
50,315,-7440.5,-4175.68,5861.9,2458.28
55,315,-6674.63,-3765.62,5355.03,2106.48
60,315,-5926.8,-3354.87,4860.54,1756.76
65,315,-5220.02,-2963.37,4388.59,1421.99
70,315,-4568.62,-2603.48,3945.29,1111.32
75,315,-3979.3,-2280.8,3532.41,830.94
80,315,-3453.06,-1995.09,3148.15,585.188
85,315,-2987.38,-1741.31,2788.25,377.54
90,315,-2578.13,-1510.48,2447.1,211.293
95,315,-2221.02,-1290.49,2118.57,89.9212
100,315,-1912.38,-1066.98,1796.51,17.1417
105,315,-1649.32,-824.567,1474.99,-3.32303
110,315,-1429.43,-548.51,1148.69,31.6435
115,315,-1250.11,-227.056,813.578,123.446
120,315,-1108.13,145.678,468.124,270.141
125,315,-999.436,566.52,114.955,464.511
130,315,-919.353,1020.35,-237.503,692.478
135,315,-862.795,1478.44,-574.291,932.791
140,315,-824.101,1899.36,-874.989,1158.74
145,315,-796.384,2233.41,-1116.91,1341.88
150,315,-770.769,2430.84,-1279.59,1456.83
155,315,-736.036,2452.39,-1348.61,1485.43
160,315,-678.911,2279.75,-1317.12,1419.4
165,315,-584.852,1923.24,-1184.61,1261.25
170,315,-439.385,1424.93,-954.62,1024.22
175,315,-230.77,856.171,-633.751,731.574
180,315,45.2143,308.233,-233.138,415.112
0,320,-9711.3,-1603.28,10705.4,2756.76
5,320,-9865.82,-2227.31,10494.1,2983.88
10,320,-9971.07,-2858.14,10244,3142.04
15,320,-10003.9,-3412.36,9950.93,3210.71
20,320,-9937.15,-3827.26,9609.74,3183.3
25,320,-9746.74,-4070.06,9216.16,3063.61
30,320,-9419.68,-4137.75,8768.04,2861.59
35,320,-8958.63,-4050.07,8266.56,2590.66
40,320,-8382.26,-3840.01,7717.63,2266.8
45,320,-7721.43,-3545.09,7132.75,1908.08
50,320,-7013.09,-3201.27,6528.21,1533.42
55,320,-6293.76,-2839.39,5922.56,1160.65
60,320,-5594.51,-2483.55,5333.19,804.659
65,320,-4938.07,-2150.67,4773.47,476.526
70,320,-4338.17,-1850.68,4251.32,183.845
75,320,-3800.6,-1587.26,3769.39,-68.2964
80,320,-3325.16,-1358.68,3326.16,-276.221
85,320,-2907.94,-1158.84,2917.43,-436.849
90,320,-2543.23,-978.17,2537.58,-547.249
95,320,-2225.03,-804.453,2180.39,-604.47
100,320,-1947.89,-623.783,1839.5,-605.58
105,320,-1707.18,-421.725,1508.6,-547.938
110,320,-1498.99,-184.943,1181.82,-429.84
115,320,-1319.85,96.63,854.281,-251.706
120,320,-1166.48,427.141,523.219,-17.8298
125,320,-1035.86,801.975,189.431,261.619
130,320,-925.426,1205.28,-141.275,569.08
135,320,-833.115,1608.78,-457.342,879.581
140,320,-756.952,1973,-742.182,1162.96
145,320,-694.13,2251.77,-976.65,1388.22
150,320,-639.929,2400.06,-1142.59,1528.77
155,320,-586.981,2383.56,-1225.93,1567
160,320,-525.088,2187.94,-1217.83,1496.92
165,320,-441.596,1825.35,-1113.8,1325.07
170,320,-322.564,1336.95,-912.244,1070.18
175,320,-155.56,790.379,-614.657,762.287
180,320,65.3615,270.88,-228.31,440.397
0,325,-8741.31,-1356.91,11511.1,2886
5,325,-8948.35,-1819.71,11355.9,2911.43
10,325,-9095.39,-2300.24,11146.5,2881.86
15,325,-9161.28,-2726.62,10874.2,2779.15
20,325,-9122.62,-3043.45,10529.7,2598.52
25,325,-8959.79,-3220.54,10106.4,2345.34
30,325,-8663.24,-3253.5,9602.48,2031.11
35,325,-8237.52,-3158.02,9022.15,1670.47
40,325,-7701.68,-2961.69,8376.85,1279.93
45,325,-7085.92,-2696.27,7684.83,877.126
50,325,-6426.19,-2392.28,6969.13,479.588
55,325,-5758.18,-2075.84,6254.18,103.005
60,325,-5112.38,-1767.26,5561.97,-240.247
65,325,-4511.07,-1480.64,4909.17,-541.613
70,325,-3967.51,-1223.98,4305.91,-795.82
75,325,-3486.7,-999.779,3756.23,-999.785
80,325,-3067.42,-805.808,3259.43,-1151.53
85,325,-2704.39,-636.04,2811.67,-1249.39
90,325,-2390.4,-481.546,2407.25,-1291.68
95,325,-2117.83,-331.341,2039.41,-1276.43
100,325,-1879.65,-173.249,1700.78,-1201.53
105,325,-1669.79,5.03309,1383.65,-1065.06
110,325,-1483.23,214.503,1080.47,-866.078
115,325,-1315.86,462.965,784.45,-606.135
120,325,-1164.44,752.733,490.685,-291.266
125,325,-1026.67,1078.18,197.45,65.8674
130,325,-901.339,1423.69,-92.4986,444.618
135,325,-788.284,1762.82,-371.185,816.784
140,325,-687.893,2059.7,-625.864,1149.46
145,325,-600.221,2273.36,-840.887,1409.99
150,325,-523.915,2364.86,-1000.44,1571.59
155,325,-455.281,2305.71,-1090.94,1617.93
160,325,-387.666,2085.74,-1101.83,1545.63
165,325,-311.291,1718.47,-1024.94,1364.89
170,325,-214.05,1243.02,-853.817,1099.05
175,325,-84.1536,721.597,-584.973,783.38
180,325,85.0113,231.467,-221.744,462.33
0,330,-7704.79,-1100.21,12229.1,2993.28
5,330,-7951.66,-1438.35,12133.6,2790.7
10,330,-8126.71,-1801.28,11957.6,2547.19
15,330,-8212.27,-2128.96,11690.2,2250.74
20,330,-8190.56,-2373.47,11321.1,1901.07
25,330,-8047.71,-2507.21,10844.3,1506.79
30,330,-7778.35,-2524.15,10261.1,1081.41
35,330,-7388.81,-2435.68,9581.02,640.351
40,330,-6897.58,-2263.69,8822.33,199.481
45,330,-6332.91,-2034.04,8010.37,-225.61
50,330,-5728.4,-1771.64,7174.74,-620.531
55,330,-5117.79,-1497.82,6345.3,-973.36
60,330,-4530.32,-1229.09,5548.27,-1275.67
65,330,-3987.63,-976.843,4803.47,-1522.74
70,330,-3502.54,-747.563,4123.28,-1712.88
75,330,-3079.64,-543.236,3513.24,-1846.21
80,330,-2717.05,-362.039,2973.43,-1923.61
85,330,-2408.67,-199.129,2500.11,-1945.79
90,330,-2146.28,-47.4433,2087.01,-1912.76
95,330,-1921.18,101.552,1726.16,-1823.65
100,330,-1725.23,257.114,1408.48,-1676.75
105,330,-1551.38,428.361,1124.25,-1470.07
110,330,-1393.78,623.137,863.66,-1202.53
115,330,-1247.81,846.517,617.595,-875.816
120,330,-1110.04,1098.96,378.657,-496.842
125,330,-978.351,1374.32,142.36,-79.9514
130,330,-852.02,1658.16,-91.7103,351.924
135,330,-731.671,1927.15,-319.194,768.247
140,330,-618.925,2150.44,-531.182,1134.41
145,330,-515.737,2293.52,-715.571,1417.2
150,330,-423.482,2324.41,-859.086,1590.64
155,330,-341.926,2220.83,-948.965,1640.36
160,330,-268.177,1976.67,-973.42,1565.74
165,330,-195.963,1606.32,-921.123,1380.14
170,330,-115.952,1145.98,-781.197,1110.22
175,330,-18.0753,651.314,-545.506,794.584
180,330,104.014,190.291,-213.491,480.744
0,335,-6609.63,-835.146,12854.1,3077.78
5,335,-6883.85,-1089.36,12819.3,2627.64
10,335,-7076.17,-1371.74,12667.4,2150.4
15,335,-7173.28,-1633.3,12387.4,1644.27
20,335,-7163.71,-1833.2,11971.1,1116.59
25,335,-7039.81,-1946.16,11417,580.975
30,335,-6800.37,-1964.5,10732.5,53.5407
35,335,-6452.9,-1895.37,9934.78,-450.056
40,335,-6014.32,-1755.36,9049.98,-915.951
45,335,-5509.65,-1564.82,8110.96,-1332.49
50,335,-4968.89,-1343.57,7153.55,-1690.57
55,335,-4422.8,-1108.47,6212.44,-1984.22
60,335,-3898.71,-872.449,5317.39,-2211
65,335,-3417.28,-644.437,4490.68,-2371.83
70,335,-2990.98,-429.628,3746.34,-2470.13
75,335,-2624.33,-229.926,3090.66,-2510.54
80,335,-2315.41,-44.4952,2523.71,-2497.64
85,335,-2058.01,129.613,2040.96,-2434.96
90,335,-1843.72,296.824,1634.75,-2324.33
95,335,-1663.57,462.426,1295.32,-2165.61
100,335,-1509.04,631.986,1011.62,-1956.91
105,335,-1372.64,810.722,771.933,-1695.43
110,335,-1248.02,1002.72,564.508,-1379.05
115,335,-1130.04,1209.94,378.27,-1008.74
120,335,-1014.79,1430.92,203.698,-591.21
125,335,-899.674,1659.3,33.8341,-141.323
130,335,-783.577,1882.55,-134.725,317.048
135,335,-666.948,2081.42,-301.175,752.472
140,335,-551.742,2231.02,-460.541,1130.07
145,335,-441.08,2304.02,-604.554,1417.33
150,335,-338.547,2275.68,-722.939,1590.02
155,335,-247.057,2129.76,-804.362,1636.21
160,335,-167.411,1863.8,-836.452,1557.92
165,335,-97.0634,1492.51,-805.368,1370.91
170,335,-30.0127,1048.72,-696.419,1103.67
175,335,41.3128,581.042,-497.265,795.903
180,335,122.225,147.667,-203.613,495.5
0,340,-5464.17,-563.722,13381.2,3138.86
5,340,-5753.8,-777.736,13406.4,2429.03
10,340,-5956.08,-1019.7,13268.2,1705.32
15,340,-6062,-1249.89,12957.8,980.296
20,340,-6066.16,-1433.36,12472.8,272.067
25,340,-5966.48,-1546.7,11819.6,-398.843
30,340,-5765.1,-1580.67,11015,-1013.19
35,340,-5469.72,-1538.83,10086.2,-1555.65
40,340,-5094.61,-1433.45,9068.35,-2015.82
45,340,-4660.49,-1280.61,8002.16,-2388.05
50,340,-4192.79,-1096.19,6929.27,-2670.95
55,340,-3718.52,-893.552,5888.37,-2867.03
60,340,-3262.54,-682.705,4911.61,-2982.25
65,340,-2844.26,-470.467,4022.46,-3025.21
70,340,-2475.88,-260.959,3235.07,-3005.95
75,340,-2162.17,-56.1555,2554.99,-2934.49
80,340,-1901.78,143.625,1980.76,-2819.48
85,340,-1689.18,339.255,1505.8,-2667.14
90,340,-1516.65,532.347,1120.18,-2480.66
95,340,-1375.8,724.801,812.05,-2260.14
100,340,-1258.55,918.364,568.601,-2003.04
105,340,-1157.55,1114.21,376.823,-1705.32
110,340,-1066.35,1312.49,223.993,-1363.41
115,340,-979.347,1511.91,98.1662,-976.848
120,340,-891.852,1709,-11.2676,-551.139
125,340,-800.246,1897.34,-112.901,-100.166
130,340,-702.281,2066.58,-212.589,353.076
135,340,-597.48,2201.95,-312.912,778.215
140,340,-487.469,2284.83,-413.046,1141.86
145,340,-375.997,2295.02,-509.091,1413.57
150,340,-268.374,2214.63,-594.522,1571.59
155,340,-170.2,2032.77,-660.251,1606.63
160,340,-85.586,1749.89,-694.118,1522.99
165,340,-15.5608,1380.59,-680.513,1337.85
170,340,42.3753,954.115,-601.615,1079.89
175,340,92.8331,512.272,-441.433,787.609
180,340,139.506,103.92,-192.186,506.484
0,345,-4277.13,-288.007,13806.6,3176.05
5,345,-4571.11,-507.167,13889.3,2202.26
10,345,-4779.43,-750.714,13754,1226.78
15,345,-4896.65,-985.202,13396.8,280.321
20,345,-4922.01,-1179.74,12824.2,-605.287
25,345,-4857.4,-1312.04,12054,-1400.88
30,345,-4706.67,-1371.64,11115.5,-2083.6
35,345,-4476.3,-1359.66,10047.8,-2639.1
40,345,-4176.87,-1285.67,8896.46,-3061.92
45,345,-3824.03,-1163.38,7710.07,-3354.5
50,345,-3438.1,-1006.58,6535.6,-3525.64
55,345,-3041.95,-826.693,5414.61,-3588.87
60,345,-2657.69,-631.929,4380.1,-3560.86
65,345,-2303.44,-427.65,3454.82,-3459.73
70,345,-1991.19,-217.178,2650.98,-3303.23
75,345,-1726.31,-2.5652,1971.31,-3107.09
80,345,-1508.54,214.874,1411.1,-2883.71
85,345,-1333.69,434.221,960.447,-2641.32
90,345,-1195.45,654.685,606.551,-2383.8
95,345,-1086.76,875.29,335.407,-2110.99
100,345,-1000.62,1094.55,133.016,-1819.48
105,345,-930.426,1310.15,-13.9618,-1504.03
110,345,-869.952,1518.81,-117.92,-1159.6
115,345,-813.306,1716.27,-190.206,-783.942
120,345,-754.923,1897.21,-241.046,-380.442
125,345,-689.833,2055.13,-279.392,39.5528
130,345,-614.229,2181.72,-312.673,455.974
135,345,-526.267,2266.39,-346.518,841.676
140,345,-426.839,2296.27,-384.48,1166.65
145,345,-319.89,2257.44,-427.704,1403.78
150,345,-211.922,2137.72,-474.316,1534.4
155,345,-110.561,1930.37,-518.408,1551.77
160,345,-22.5631,1637.79,-548.884,1461.84
165,345,47.954,1273.97,-549.144,1282.14
170,345,100.148,864.904,-498.963,1039.89
175,345,135.509,446.418,-379.329,770.239
180,345,155.725,59.3813,-179.296,513.614
0,350,-3057.53,-10.1001,14126.8,3189.06
5,350,-3345.87,-279.996,14263.2,1955.12
10,350,-3559.52,-567.662,14121.3,730.176
15,350,-3695.13,-841.986,13703.7,-433.864
20,350,-3754.25,-1073.57,13028.7,-1488.98
25,350,-3740.08,-1240.36,12128.8,-2395.94
30,350,-3655.81,-1331.21,11048.4,-3127.96
35,350,-3505.01,-1346.35,9840.2,-3672.36
40,350,-3293.55,-1294.87,8561.05,-4030.09
45,350,-3031.6,-1190.46,7267.32,-4213.6
50,350,-2734.34,-1047.15,6010.55,-4243.98
55,350,-2420.58,-876.42,4833.8,-4147.87
60,350,-2109.83,-686.222,3769.11,-3954.41
65,350,-1819.07,-481.467,2836.31,-3692.41
70,350,-1560.32,-265.156,2043.46,-3387.8
75,350,-1339.89,-39.4433,1388.53,-3061.77
80,350,-1159.02,193.702,862.041,-2729.73
85,350,-1015.3,432.206,449.95,-2401.07
90,350,-904.305,673.738,136.258,-2079.63
95,350,-820.719,915.514,-94.97,-1764.64
100,350,-759.024,1154,-258.371,-1451.86
105,350,-713.679,1384.65,-366.721,-1135.1
110,350,-679.013,1601.88,-430.908,-808.041
115,350,-649.045,1799.36,-460.262,-466.512
120,350,-617.468,1970.45,-463.085,-111.049
125,350,-578.025,2108.58,-447.247,250.899
130,350,-525.365,2207.04,-420.679,604.009
135,350,-456.236,2258.49,-391.551,926.304
140,350,-370.626,2254.39,-367.898,1192.79
145,350,-272.295,2185.45,-356.489,1380.76
150,350,-168.28,2043.41,-360.93,1474.94
155,350,-67.368,1824.05,-379.348,1470.88
160,350,21.9377,1530.58,-402.504,1375.48
165,350,93.1572,1176.03,-413.561,1205.47
170,350,142.542,783.647,-390.644,985.211
175,350,168.578,384.773,-312.381,744.571
180,350,170.76,14.3909,-165.041,516.835
0,355,-1814.67,267.884,14339.5,3177.81
5,355,-2088.53,-97.1692,14524.7,1695.52
10,355,-2309.53,-470.759,14368.2,230.958
15,355,-2474.34,-819.386,13880.7,-1140.8
20,355,-2583.66,-1112.09,13094.2,-2353.87
25,355,-2638.56,-1325.98,12058.2,-3357.97
30,355,-2638.6,-1449.96,10834.2,-4122.28
35,355,-2582.42,-1485.3,9489.95,-4636.53
40,355,-2470.29,-1443.12,8093.75,-4909.33
45,355,-2306.91,-1339.77,6709.41,-4964.66
50,355,-2102.72,-1191.98,5391.91,-4837.4
55,355,-1873.08,-1013.51,4184.27,-4568.43
60,355,-1635.46,-813.866,3115.66,-4200.14
65,355,-1406.09,-598.837,2201.13,-3772.21
70,355,-1197.45,-371.852,1442.81,-3318.51
75,355,-1017.11,-135.322,832.583,-2865.11
80,355,-868.119,108.535,355.382,-2429.69
85,355,-750.111,357.342,-7.34243,-2022.12
90,355,-660.657,608.421,-274.713,-1645.74
95,355,-596.262,858.595,-464.326,-1298.97
100,355,-552.918,1103.87,-591.035,-976.807
105,355,-526.215,1339.11,-666.49,-672.255
110,355,-511.155,1558.08,-699.312,-377.793
115,355,-501.916,1753.75,-695.814,-87.1738
120,355,-491.827,1919.09,-661.191,202.444
125,355,-473.828,2047.66,-601.031,488.399
130,355,-441.515,2133.75,-522.772,761.292
135,355,-390.579,2171.81,-436.524,1005.54
140,355,-320.138,2155.69,-354.663,1202.22
145,355,-233.377,2078.41,-289.821,1333.62
150,355,-137.077,1933.36,-251.552,1388.02
155,355,-40.1669,1716.93,-242.579,1362.84
160,355,48.1432,1431.9,-256.132,1265.21
165,355,119.891,1090.03,-275.812,1110.12
170,355,169.061,712.638,-278.817,917.822
175,355,191.496,328.468,-242.093,711.603
180,355,184.494,-30.709,-149.531,516.123
0,360,-557.988,543.828,14443.1,3142.37
5,360,-809.795,41.7576,14671.5,1431.27
10,360,-1042.19,-457.593,14494.8,-255.777
15,360,-1249.54,-913.164,13932.6,-1819.86
20,360,-1428.01,-1289.04,13032,-3176.55
25,360,-1572.49,-1560.36,11860.4,-4264.07
30,360,-1675.51,-1716.89,10497.8,-5047.68
35,360,-1728.65,-1763.12,9027.37,-5520.13
40,360,-1725.81,-1714.87,7528.75,-5698.68
45,360,-1666.47,-1593.79,6072.23,-5619.77
50,360,-1557.26,-1421.74,4714.84,-5332.55
55,360,-1411.06,-1216.91,3497.96,-4892.2
60,360,-1244.14,-992.217,2446.39,-4353.77
65,360,-1072.71,-755.846,1569.09,-3767.07
70,360,-910.161,-512.63,861.492,-3173.06
75,360,-765.717,-265.535,308.941,-2601.99
80,360,-644.427,-16.6485,-109.227,-2073.36
85,360,-548.003,232.293,-415.867,-1597.27
90,360,-475.894,479.588,-632.94,-1176.47
95,360,-426.177,723.216,-779.433,-808.516
100,360,-396.081,960.408,-870.197,-487.53
105,360,-382.114,1187.25,-915.565,-205.497
110,360,-379.923,1398.59,-921.659,46.5747
115,360,-384.094,1588.37,-891.437,277.325
120,360,-388.159,1750.27,-826.515,493.27
125,360,-385.074,1878.38,-729.617,696.811
130,360,-368.25,1967.32,-607.062,884.715
135,360,-332.947,2011.82,-470.329,1048.03
140,360,-277.566,2005.78,-335.67,1174.09
145,360,-204.293,1941.99,-221.294,1250.26
150,360,-118.787,1813.04,-142.593,1268.23
155,360,-29.0417,1613.98,-106.993,1226.93
160,360,56.0865,1345.91,-110.518,1133.01
165,360,128.085,1019.08,-137.745,998.954
170,360,179.452,653.827,-165.61,840.137
175,360,203.946,278.425,-170.013,672.514
180,360,196.824,-75.5752,-132.882,511.482
