Theta[deg],Phi[deg],re(rETheta)[mV],im(rETheta)[mV],re(rEPhi)[mV],im(rEPhi)[mV]
0,0,-23.5199,-16.2898,2099.98,15561.4
5,0,-139.386,18.3827,4023.79,15128.4
10,0,-287.132,33.4827,5776.77,14325.6
15,0,-450.303,30.6051,7266.66,13202.1
20,0,-610.423,12.824,8421.31,11829.6
25,0,-750.96,-16.0557,9196.94,10293.2
30,0,-860.978,-52.2191,9582.38,8680.97
35,0,-936.859,-92.2443,9597.87,7074.55
40,0,-981.277,-133.167,9289.26,5543.18
45,0,-1000.06,-172.442,8719.47,4140.98
50,0,-998.65,-208.051,7959.32,2906.26
55,0,-979.893,-238.802,7079.61,1861.85
60,0,-943.765,-264.608,6144.91,1015.78
65,0,-888.643,-286.495,5209.33,362.573
70,0,-812.969,-306.274,4313.96,-114.426
75,0,-716.366,-326.03,3486.11,-439.764
80,0,-599.858,-347.678,2740.13,-642.12
85,0,-465.419,-372.772,2079.37,-750.855
90,0,-315.365,-402.521,1498.98,-793.434
95,0,-152.006,-437.886,988.818,-793.833
100,0,22.2563,-479.573,536.072,-771.658
105,0,204.497,-527.812,127.766,-741.608
110,0,390.729,-581.978,-246.925,-713.175
115,0,575.544,-640.176,-594.341,-690.818
120,0,752.055,-699.006,-914.262,-675.112
125,0,912.126,-753.667,-1198.71,-665.18
130,0,1046.72,-798.423,-1432.41,-661.98
135,0,1146.18,-827.252,-1595.47,-671.094
140,0,1200.53,-834.4,-1667.87,-703.058
145,0,1199.89,-814.654,-1634.74,-769.766
150,0,1135.42,-763.435,-1490.82,-877.375
155,0,1001.03,-677.093,-1243.11,-1018.63
160,0,795.42,-553.753,-911.273,-1169.16
165,0,524.1,-394.612,-525.935,-1291.28
170,0,200.248,-205.115,-125.021,-1345.28
175,0,-155.95,4.77429,251.9,-1303.52
180,0,-519.603,221.639,570.652,-1160.33
0,5,159.595,1340.04,2094.04,15503.6
5,5,212.145,1338.5,3793.24,15150.4
10,5,217.878,1296.98,5356.69,14486.5
15,5,186.528,1220.42,6709.39,13541.3
20,5,132.584,1115.35,7789.03,12362.9
25,5,70.7518,988.669,8553.81,11012.6
30,5,11.3626,847.046,8987.3,9557.75
35,5,-41.9021,696.977,9099.06,8065
40,5,-90.7774,545.212,8921.05,6595.65
45,5,-138.618,398.728,8501.38,5202.82
50,5,-186.41,263.89,7897.12,3929.71
55,5,-230.79,145.136,7167.62,2808.14
60,5,-264.766,43.9809,6368.96,1857.41
65,5,-280.217,-41.0533,5549.88,1083.87
70,5,-270.517,-113.557,4748.98,481.884
75,5,-232.052,-177.902,3993.42,36.1443
80,5,-164.284,-238.086,3298.99,-275.089
85,5,-68.8698,-297.12,2671.32,-476.668
90,5,51.4416,-356.944,2107.84,-593.814
95,5,193.52,-418.611,1600.15,-650.224
100,5,353.953,-482.471,1136.29,-666.877
105,5,528.648,-548.201,703.239,-661.225
110,5,712.214,-614.705,289.489,-646.579
115,5,897.474,-679.994,-111.948,-631.83
120,5,1075.31,-741.125,-500.592,-621.905
125,5,1234.93,-794.243,-866.409,-619.348
130,5,1364.41,-834.626,-1189.75,-626.85
135,5,1451.36,-856.728,-1444.18,-649.72
140,5,1483.7,-854.267,-1602.02,-696.55
145,5,1450.48,-820.648,-1641.26,-776.571
150,5,1343.29,-749.992,-1551.68,-893.716
155,5,1158.17,-638.843,-1338.32,-1039.77
160,5,897.787,-488.053,-1021.76,-1190.68
165,5,573.101,-303.972,-635.393,-1309.48
170,5,203.352,-98.042,-220.754,-1356.34
175,5,-186.036,115.342,178.48,-1301.73
180,5,-567.361,321.926,523.194,-1136.6
0,10,341.496,2686.17,2072.16,15327.8
5,10,521.104,2663.15,3520.8,15057.2
10,10,646.17,2590.45,4869.75,14533.8
15,10,723.163,2472.03,6061.44,13768.4
20,10,764.034,2312.8,7043.94,12787
25,10,781.031,2118.08,7778.29,11628.5
30,10,781.645,1893.9,8243.9,10340.2
35,10,766.651,1648,8440.64,8973.87
40,10,732.371,1390.79,8387.25,7582.37
45,10,675.62,1134.81,8117.27,6216.86
50,10,598.205,892.645,7673.72,4924.06
55,10,508.422,674.125,7103.77,3743.36
60,10,419.145,484.276,6454,2703.88
65,10,344.04,322.992,5766.53,1822.74
70,10,294.086,186.322,5076.21,1104.68
75,10,275.809,68.4963,4408.91,543.599
80,10,291.397,-36.2566,3781.06,125.113
85,10,339.972,-132.641,3200.08,-170.401
90,10,419.062,-223.973,2665.7,-365.087
95,10,525.602,-312.298,2171.56,-481.549
100,10,656.234,-398.609,1707.15,-541.421
105,10,807,-482.997,1259.99,-564.333
110,10,972.689,-564.709,818.39,-567.023
115,10,1146.14,-642.18,374.816,-562.637
120,10,1317.78,-713.035,-70.3786,-560.505
125,10,1475.45,-774,-505.987,-566.809
130,10,1604.83,-820.629,-909.163,-586.226
135,10,1690.21,-846.918,-1248.11,-623.895
140,10,1715.72,-845.18,-1488.34,-686.322
145,10,1667.03,-806.755,-1601.04,-779.744
150,10,1533.64,-724.014,-1570.71,-905.58
155,10,1311.6,-593.414,-1399.63,-1054.66
160,10,1006.12,-418.476,-1108,-1203.65
165,10,633.029,-210.996,-730.464,-1317.08
170,10,217.91,10.7462,-310.711,-1355.78
175,10,-207.478,226.555,104.56,-1288.91
180,10,-610.802,419.762,471.754,-1104.22
0,15,520.797,4011.86,2034.52,15035.4
5,15,782.175,3981.88,3214.03,14846.9
10,15,988.29,3902.1,4329.06,14459.2
15,15,1145.58,3771.68,5338.68,13867.1
20,15,1264.84,3589.61,6201.42,13077.4
25,15,1355.38,3355.58,6882,12108.8
30,15,1419.94,3071.89,7357.15,10990.7
35,15,1453.9,2745.88,7618.65,9760.73
40,15,1449.21,2391.25,7673.47,8463.39
45,15,1400.92,2026.79,7541.59,7147.03
50,15,1312.14,1672.62,7252.52,5860.56
55,15,1194.75,1345.57,6841.31,4648.94
60,15,1066.23,1055.89,6344.61,3548.98
65,15,944.531,806.586,5797.1,2586.29
70,15,844.013,594.853,5228.67,1774.2
75,15,773.553,414.641,4662.59,1114.58
80,15,736.925,258.964,4114.63,599.925
85,15,734.368,121.388,3593.12,216.011
90,15,764.304,-3.3255,3099.62,-55.6395
95,15,824.532,-119.096,2629.99,-235.731
100,15,912.71,-228.595,2175.74,-345.666
105,15,1026.18,-333.323,1725.87,-406.305
110,15,1161.34,-433.66,1269.4,-436.818
115,15,1312.64,-528.886,798.865,-453.584
120,15,1471.65,-617.151,314.448,-469.384
125,15,1626.2,-695.277,-172.296,-493.299
130,15,1760.18,-758.304,-636.851,-531.557
135,15,1854.23,-798.938,-1043.93,-589.002
140,15,1887.44,-807.416,-1353.99,-670.135
145,15,1840.15,-772.597,-1532.51,-778.362
150,15,1697.57,-684.846,-1559.05,-912.782
155,15,1453.66,-540.32,-1432.57,-1063.55
160,15,1114.57,-345.035,-1171.67,-1208.54
165,15,700.097,-116.303,-810.621,-1314.47
170,15,242.045,120.187,-393.567,-1343.7
175,15,-220.72,337.273,31.2375,-1264.97
180,15,-649.593,514.403,416.724,-1063.43
0,20,696.135,5307.01,1981.38,14628.5
5,20,991.366,5283.71,2881.22,14518.5
10,20,1236.97,5218.24,3749.26,14256.1
15,20,1442.15,5102.06,4559.71,13823.5
20,20,1617.85,4924.98,5281.17,13212.1
25,20,1770.2,4677.91,5882.85,12424.2
30,20,1895.87,4357.03,6340.41,11473.7
35,20,1982.98,3967.74,6639.64,10386.1
40,20,2017.33,3526.55,6777.69,9197.44
45,20,1990.64,3058.71,6762.63,7953.02
50,20,1905.91,2592.51,6611.59,6702.48
55,20,1777.3,2152.7,6348.2,5494.38
60,20,1625.41,1755.99,5999.34,4370.59
65,20,1471.15,1409.78,5591.94,3362.38
70,20,1331.15,1113.78,5150.14,2488.97
75,20,1216,862.764,4693.39,1758.01
80,20,1130.89,649.259,4235.55,1167.48
85,20,1077.44,465.307,3784.72,707.936
90,20,1055.46,303.476,3343.61,364.651
95,20,1064.33,157.345,2910.14,119.43
100,20,1103.49,21.7731,2478.25,-47.8979
105,20,1172.49,-106.908,2039.19,-158.115
110,20,1270.28,-230.741,1583.59,-231.232
115,20,1394.04,-350.039,1104.77,-285.093
120,20,1537.58,-463.292,602.848,-334.19
125,20,1689.66,-566.929,88.9882,-389.081
130,20,1833.02,-654.877,-412.195,-456.683
135,20,1944.68,-718.033,-864.056,-541.329
140,20,1998.1,-744.261,-1224.12,-645.803
145,20,1967.05,-719.841,-1453.85,-771.193
150,20,1830.79,-633.08,-1528.6,-914.775
155,20,1579.51,-479.684,-1443.82,-1066.43
160,20,1218.72,-267.913,-1215.55,-1205.67
165,20,770.984,-20.4637,-876.153,-1302.01
170,20,273.859,229.281,-468.448,-1320.3
175,20,-226.338,446.356,-40.535,-1229.93
180,20,-683.441,605.13,358.522,-1014.55
0,25,866.175,6561.78,1913.17,14110.3
5,25,1146.11,6557.31,2531.14,14072.5
10,25,1387.4,6523.65,3146.18,13920.2
15,25,1604.28,6442.84,3745.56,13627
20,25,1809.01,6293.46,4307.19,13173.4
25,25,2004.65,6055.71,4805.43,12549.8
30,25,2181.21,5717.9,5216.59,11758
35,25,2318.5,5282.38,5522.66,10813
40,25,2395.01,4767.76,5713.32,9743.62
45,25,2397.96,4205.5,5786.68,8591.42
50,25,2328.99,3632.12,5749.06,7405.58
55,25,2203.13,3080.59,5613.73,6236.23
60,25,2042.68,2574.54,5398.5,5127.75
65,25,1870.14,2126.56,5122.74,4114.23
70,25,1703.35,1739.72,4804.61,3217.79
75,25,1553.96,1410.54,4459.14,2449.22
80,25,1428.35,1131.77,4097.34,1809.87
85,25,1329.6,894.38,3726.13,1293.79
90,25,1259.34,688.892,3348.57,889.504
95,25,1218.97,506.263,2964.16,581.627
100,25,1210.27,338.616,2569.19,352.17
105,25,1235.45,179.857,2157.44,181.941
110,25,1296.48,26.148,1721.69,52.0023
115,25,1393.68,-123.801,1256.36,-54.8432
120,25,1523.54,-268.588,761.555,-152.781
125,25,1676.3,-403.965,247.472,-252.237
130,25,1834.06,-522.516,-262.5,-359.885
135,25,1970.63,-613.271,-732.251,-479.345
140,25,2053.86,-661.843,-1118.47,-612.035
145,25,2050.58,-652.143,-1380.38,-757.293
150,25,1933.28,-570.556,-1490.22,-911.058
155,25,1687.14,-412.263,-1440.14,-1063.25
160,25,1315.66,-187.491,-1242.96,-1195.3
165,25,842.967,75.9726,-927.919,-1280.07
170,25,311.52,337.086,-534.872,-1285.82
175,25,-225,552.677,-109.955,-1183.96
180,25,-712.088,691.252,297.592,-957.951
0,30,1029.62,7766.6,1830.4,13484.7
5,30,1245.35,7791.12,2172.84,13510.3
10,30,1437.51,7802.02,2536.45,13449.3
15,30,1627.04,7771.36,2919.24,13270.5
20,30,1828.56,7665.88,3307.45,12948.7
25,30,2042.64,7454.32,3680.98,12466.7
30,30,2252.74,7116.31,4018.35,11818.1
35,30,2430.21,6650.3,4300.05,11009.8
40,30,2545.75,6076.29,4510.63,10064.2
45,30,2581.25,5431.32,4640.4,9018.99
50,30,2535.85,4759.64,4686.6,7921.51
55,30,2424.08,4102.15,4653.47,6821.61
60,30,2268.57,3489.3,4550.7,5763.94
65,30,2092.2,2938.91,4390.81,4782.87
70,30,1913.07,2457.72,4186.34,3900.84
75,30,1743.22,2044.45,3947.9,3129.28
80,30,1589.84,1692.66,3683.37,2470.76
85,30,1457.4,1392.93,3397.9,1921.18
90,30,1349.38,1134.35,3094.12,1471.49
95,30,1269.41,905.82,2772.36,1109.06
100,30,1221.77,697.184,2430.68,818.805
105,30,1211.43,500.283,2064.99,584.44
110,30,1243.34,309.774,1669.98,389.8
115,30,1320.83,123.595,1241.16,220.154
120,30,1443.06,-56.8751,778.481,63.2869
125,30,1601.88,-226.78,290.761,-89.8266
130,30,1779.17,-377.618,-200.66,-244.893
135,30,1946.11,-496.966,-661.534,-404.633
140,30,2065.59,-568.696,-1049.39,-569.275
145,30,2097.8,-574.831,-1322.88,-736.693
150,30,2008.39,-500.146,-1452.38,-901.666
155,30,1776.93,-339.329,-1427.33,-1054.2
160,30,1403.95,-104.309,-1257.15,-1177.75
165,30,913.96,172.473,-967.085,-1248.98
170,30,353.33,442.705,-592.682,-1240.56
175,30,-217.442,655.123,-176.377,-1127.31
180,30,-735.315,772.112,234.397,-894.059
0,35,1185.23,8912.32,1733.7,12756.5
5,35,1289.54,8973.61,1815.31,12835.2
10,35,1388.11,9036.4,1937.02,12844.1
15,35,1509.67,9063.46,2105.1,12751.7
20,35,1672.19,9010.42,2313,12531.4
25,35,1874.69,8835.05,2546.37,12163.4
30,35,2094.97,8508.39,2787.26,11636.6
35,35,2296.63,8024.6,3016.68,10952.6
40,35,2442.72,7404.26,3216.34,10128.4
45,35,2509.29,6689.09,3370.9,9197.37
50,35,2491.94,5930.22,3470.32,8203.86
55,35,2403.4,5175.69,3511.21,7195.69
60,35,2265.38,4462.15,3496.29,6215.84
65,35,2100.07,3812.2,3432.14,5297.1
70,35,1925.02,3235.95,3326.45,4460.39
75,35,1751.97,2734.29,3186.01,3715.96
80,35,1588.41,2302.02,3015.75,3065.96
85,35,1439.7,1930.08,2818.82,2506.83
90,35,1310.84,1607.24,2596.85,2031.07
95,35,1207.47,1321.52,2350.15,1628.55
100,35,1136.19,1061.63,2077.49,1287.36
105,35,1104.53,818.28,1776.01,994.818
110,35,1120.1,585.21,1441.58,738.445
115,35,1188.93,359.81,1070.34,506.888
120,35,1312.55,143.275,661.881,290.692
125,35,1484.33,-59.4088,223.534,82.8154
130,35,1686.19,-239.359,-225.714,-121.093
135,35,1887.33,-383.525,-654.179,-322.601
140,35,2046.52,-474.864,-1021.39,-520.547
145,35,2118.2,-494.232,-1286.82,-711.111
150,35,2061.67,-425.291,-1420.38,-887.63
155,35,1851.01,-262.401,-1409.64,-1039.94
160,35,1483.26,-18.961,-1260.88,-1153.49
165,35,982.454,268.532,-994.907,-1209.1
170,35,397.754,545.278,-641.977,-1184.82
175,35,-204.43,752.607,-239.31,-1060.35
180,35,-752.946,847.096,169.418,-823.363
0,40,1331.83,9990.21,1623.8,11931.2
5,40,1280.62,10093.4,1467.31,12051.4
10,40,1242.98,10209.8,1364.6,12108.1
15,40,1256.01,10294.5,1327.94,12072.7
20,40,1341.93,10294,1356.83,11921.6
25,40,1499.53,10156.9,1442.6,11636.6
30,40,1702.57,9846.48,1571.81,11205.9
35,40,1908.24,9352.71,1727.63,10628
40,40,2072.65,8696.05,1891.02,9915.95
45,40,2165.8,7921.77,2043.02,9098.3
50,40,2178.78,7086.67,2168.09,8215.28
55,40,2121.24,6244.92,2256.6,7311.05
60,40,2012.76,5438.48,2305.42,6425.41
65,40,1873.95,4693.9,2316.14,5588.31
70,40,1721.05,4024.04,2292.5,4818.13
75,40,1564.87,3431.68,2238.16,4123.15
80,40,1412.43,2913.02,2155.63,3504.28
85,40,1269.24,2460.12,2046.13,2957.82
90,40,1141.09,2062.66,1909.94,2477.3
95,40,1035.01,1709.34,1746.51,2054.68
100,40,959.483,1389.26,1554.37,1681.04
105,40,924.211,1093.22,1330.77,1347.16
110,40,939.185,814.803,1071.86,1044.05
115,40,1012.76,551.025,773.881,763.502
120,40,1148.47,302.555,435.901,498.551
125,40,1340.98,73.7625,63.8678,243.974
130,40,1572.32,-127.086,-325.483,-3.15288
135,40,1810.2,-287.415,-703.253,-242.884
140,40,2010.14,-390.353,-1031.71,-472.063
145,40,2121.96,-416.551,-1272.4,-684.451
150,40,2099.68,-349.271,-1396.02,-871.267
155,40,1912.5,-182.855,-1389.37,-1021.71
160,40,1554.08,68.0539,-1256.11,-1123.08
165,40,1047.41,363.692,-1012.56,-1160.74
170,40,443.432,643.97,-683.048,-1118.95
175,40,-186.739,844.072,-298.408,-983.541
180,40,-764.847,915.634,103.15,-746.4
0,45,1468.28,10992.1,1501.54,11015.1
5,45,1221.99,11139.7,1137.08,11164.7
10,45,1008.86,11305.8,835.134,11247.5
15,45,874.642,11440.4,612.088,11240.6
20,45,846.691,11484,472.308,11126.8
25,45,925.173,11378.5,412.56,10892.9
30,45,1081.9,11081.5,424.404,10529.8
35,45,1269.57,10579.2,494.432,10035.8
40,45,1438.46,9891.37,604.512,9420.74
45,45,1552.49,9065.58,733.934,8708.53
50,45,1597.28,8162.94,863.272,7934.15
55,45,1578.05,7242.55,978.031,7136.7
60,45,1511.01,6350.72,1070.16,6351.66
65,45,1414.24,5517.24,1137.06,5605.39
70,45,1302.05,4757.08,1179.21,4913.43
75,45,1183.69,4074.5,1197.79,4282.02
80,45,1064.99,3467.1,1193.34,3710.89
85,45,950.742,2928.58,1165.47,3196.15
90,45,846.664,2450.53,1112.98,2732.15
95,45,760.382,2023.66,1034.12,2312.59
100,45,701.664,1638.86,926.425,1930.93
105,45,681.994,1288.2,786.533,1580.54
110,45,713.393,965.862,610.22,1254.89
115,45,806.191,668.73,393.409,947.742
120,45,965.534,396.659,134.606,653.552
125,45,1187,152.683,-161.404,368.212
130,45,1452.56,-56.584,-479.892,90.0502
135,45,1728.72,-220.278,-794.786,-179.082
140,45,1968.57,-323.003,-1071.63,-433.23
145,45,2118.55,-346.42,-1275.04,-662.802
150,45,2128.75,-274.329,-1377.75,-856.108
155,45,1964.68,-101.484,-1366.82,-1001.22
160,45,1617.21,156.481,-1243.92,-1087.19
165,45,1108.09,457.551,-1021.04,-1104.16
170,45,489.171,737.956,-716.324,-1043.29
175,45,-165.127,928.496,-353.465,-897.464
180,45,-770.926,977.202,36.0968,-663.757
0,50,1593.56,11910.3,1367.86,10015.2
5,50,1118.36,12102.2,832.057,10182.3
10,50,695.282,12309,363.226,10271.5
15,50,378.843,12478.8,-19.7218,10267.3
20,50,202.394,12549.6,-308.553,10161.2
25,50,169.286,12460.5,-501.608,9948.03
30,50,251.715,12165.8,-602.262,9624.26
35,50,400.142,11649.2,-619.813,9189.91
40,50,560.327,10929.4,-570.236,8653.18
45,50,690.171,10055,-474.486,8033.39
50,50,768.802,9089.96,-354.377,7359.55
55,50,795.475,8097.07,-228.139,6664.75
60,50,781.615,7126.25,-107.918,5979.3
65,50,741.747,6210.01,0.0172455,5325.61
70,50,687.584,5365.08,93.2527,4716.51
75,50,626.381,4596.95,170.887,4156.55
80,50,562.307,3904.4,231.938,3644.71
85,50,498.869,3282.82,274.731,3177.17
90,50,441.003,2726.03,296.901,2749.11
95,50,396.258,2227.34,295.535,2355.57
100,50,375.071,1780.18,267.148,1991.63
105,50,390.193,1378.73,207.534,1652.16
110,50,455.217,1018.48,111.882,1331.69
115,50,581.953,696.601,-24.311,1024.48
120,50,776.595,412.205,-203.044,725.143
125,50,1035.11,166.616,-420.513,429.769
130,50,1339.12,-36.0352,-663.833,137.621
135,50,1654.06,-187.809,-909.846,-147.298
140,50,1931.39,-276.238,-1127.86,-415.611
145,50,2115.43,-285.427,-1286.41,-653.676
150,50,2153.98,-200.831,-1361.25,-846.352
155,50,2010.28,-18.1216,-1340.56,-980.322
160,50,1673.35,246.415,-1224.54,-1046.34
165,50,1163.9,549.756,-1021.16,-1039.53
170,50,533.928,826.396,-742.342,-958.211
175,50,-140.316,1004.9,-404.4,-802.786
180,50,-771.139,1031.33,-31.2312,-576.063
0,55,1706.72,12737.8,1223.77,8939.01
5,55,975.604,12971.5,558.72,9112.56
10,55,314.336,13205.7,-38.4301,9191.51
15,55,-213.75,13389.8,-547.355,9168.79
20,55,-568.375,13463.8,-956.899,9045.85
25,55,-741.204,13367.9,-1261.27,8827.31
30,55,-757.267,13056.7,-1459.21,8517.14
35,55,-666.109,12512.9,-1555.78,8119.21
40,55,-525.131,11754.2,-1564.09,7641.25
45,55,-382.405,10829.2,-1504.2,7098.48
50,55,-266.409,9803.26,-1399.09,6513.71
55,55,-185.543,8741.86,-1269.72,5913.48
60,55,-134.83,7697.86,-1131.66,5322.49
65,55,-104.468,6706.28,-994.515,4759.07
70,55,-85.94,5785.56,-863.369,4233.55
75,55,-74.1954,4942.23,-740.991,3749.21
80,55,-66.7604,4175.9,-629.566,3304.66
85,55,-61.5114,3483.02,-531.577,2896.36
90,55,-54.5343,2859.09,-450.035,2520.19
95,55,-38.7817,2299.56,-388.469,2172.16
100,55,-3.72194,1800.38,-350.954,1848.25
105,55,63.999,1358.11,-342.194,1543.91
110,55,178.805,970.139,-367.36,1253.68
115,55,353.218,634.638,-431.205,971.261
120,55,593.732,350.531,-536.095,690.428
125,55,896.105,117.561,-679.099,406.804
130,55,1241.32,-63.0794,-849.188,120.219
135,55,1594,-187.434,-1026.34,-163.24
140,55,1904.77,-247.417,-1184.11,-430.7
145,55,2117.19,-231.101,-1295.6,-664.407
150,55,2178.36,-126.764,-1340.29,-845.84
155,55,2050.81,68.5262,-1307.94,-960.429
160,55,1722.8,338.301,-1197.64,-1000.75
165,55,1214.27,639.959,-1013.55,-966.831
170,55,576.789,908.421,-761.724,-864.066
175,55,-112.974,1072.34,-451.242,-700.277
180,55,-765.482,1077.62,-98.3216,-483.984
0,60,1806.88,13468.4,1070.36,7794.82
5,60,800.584,13739.3,322.35,7964.77
10,60,-119.756,13984.2,-359.52,8021.01
15,60,-881.735,14157.3,-954.285,7964.73
20,60,-1437.23,14204.7,-1448.75,7807.43
25,60,-1771.25,14072.6,-1834,7564.09
30,60,-1903.96,13719.3,-2105,7247.38
35,60,-1882.91,13129,-2263.08,6866.44
40,60,-1767.49,12319.3,-2318.3,6429.76
45,60,-1611.78,11338,-2289.1,5949.21
50,60,-1453.02,10250.7,-2198.63,5441.61
55,60,-1309.01,9124.32,-2069.6,4926.85
60,60,-1182.94,8014.16,-1920.37,4423.88
65,60,-1070.92,6957.67,-1763.46,3947
70,60,-968.158,5974.98,-1606.41,3504.18
75,60,-871.778,5073.39,-1453.66,3097.64
80,60,-780.659,4252.66,-1308.29,2725.75
85,60,-693.709,3509.24,-1173.13,2385.14
90,60,-607.879,2838.92,-1051.25,2072.14
95,60,-516.795,2238.16,-946.111,1783.27
100,60,-410.347,1704.56,-861.689,1514.91
105,60,-275.381,1236.92,-802.563,1262.64
110,60,-97.6124,834.925,-773.73,1020.6
115,60,135.213,498.6,-779.794,781.656
120,60,429.07,227.562,-823.224,538.534
125,60,779.01,20.5232,-901.859,286.159
130,60,1165.36,-124.348,-1006.6,24.6467
135,60,1552.39,-207.851,-1120.85,-238.262
140,60,1890.86,-227.545,-1222.83,-486.831
145,60,2124.89,-176.823,-1290.66,-700.015
150,60,2202.32,-47.8062,-1307.8,-856.756
155,60,2086.28,160.746,-1265.77,-941.877
160,60,1765.18,432.8,-1162.59,-949.991
165,60,1258.52,727.736,-998.837,-885.828
170,60,616.96,983.098,-775.179,-761.244
175,60,-83.7044,1129.93,-494.118,-590.809
180,60,-754,1115.7,-164.664,-388.222
0,65,1893.29,14096.6,908.808,6591.3
5,65,600.895,14398.3,126.896,6749.27
10,65,-591.102,14635.3,-592.524,6775.21
15,65,-1600.77,14769.4,-1228.42,6677.56
20,65,-2371.25,14757,-1766.45,6476.95
25,65,-2879.56,14554.7,-2195.79,6198.19
30,65,-3139.38,14129.2,-2508.98,5862.83
35,65,-3194.85,13469.1,-2704.56,5485.98
40,65,-3106.51,12593.1,-2789.87,5077.93
45,65,-2934.57,11548.1,-2781.34,4648.07
50,65,-2726.02,10398.9,-2701.39,4207.83
55,65,-2509.62,9212.87,-2573.46,3770.67
60,65,-2298.22,8046.98,-2417.78,3349.9
65,65,-2094.92,6940.59,-2249.16,2955.81
70,65,-1899.05,5915.22,-2077.17,2594.1
75,65,-1709.75,4978.39,-1907.63,2265.94
80,65,-1526.8,4129.03,-1744.23,1969.32
85,65,-1349.63,3362.25,-1589.85,1700.8
90,65,-1175.78,2672.6,-1447.18,1456.75
95,65,-999.577,2056.04,-1319.12,1233.78
100,65,-811.794,1510.79,-1208.99,1028.44
105,65,-600.261,1037.35,-1120.62,836.365
110,65,-351.798,637.887,-1058.22,651.617
115,65,-55.3478,314.914,-1025.68,466.696
120,65,293.908,69.5703,-1025.15,273.823
125,65,690.148,-99.8364,-1054.96,67.5786
130,65,1113.41,-198.022,-1107.95,-151.723
135,65,1528.47,-230.971,-1171.07,-375.375
140,65,1887.3,-202.724,-1227.45,-586.053
145,65,2135.76,-112.907,-1260.39,-761.055
150,65,2223.47,41.9183,-1257.29,-878.371
155,65,2114.97,261.321,-1211.19,-923.319
160,65,1799.38,530.523,-1118.93,-892.898
165,65,1295.86,812.467,-977.716,-796.071
170,65,653.761,1049.41,-783.501,-650.179
175,65,-53.0323,1176.87,-533.233,-475.358
180,65,-736.78,1145.29,-229.752,-289.505
0,70,1965.29,14617.4,740.338,5337.63
5,70,384.627,14942.6,-25.1413,5477.09
10,70,-1082.72,15152.5,-733.016,5470.33
15,70,-2344.61,15219,-1362.72,5331.38
20,70,-3334.59,15112.7,-1899.72,5088.11
25,70,-4020.87,14805,-2332.74,4773.57
30,70,-4409.81,14275.2,-2653.5,4417.28
35,70,-4541.4,13520.1,-2859.11,4040.29
40,70,-4476.96,12561.5,-2954.87,3655.24
45,70,-4282.91,11445.9,-2954.99,3269.95
50,70,-4016.67,10236.7,-2880.22,2891.15
55,70,-3718.96,9000.28,-2753.49,2526.4
60,70,-3413.36,7793.9,-2595.59,2183.52
65,70,-3110.69,6657.75,-2422.62,1868.86
70,70,-2814.77,5613.76,-2245.54,1585.82
75,70,-2526.69,4668.71,-2071.14,1334.47
80,70,-2246.83,3819.68,-1903.58,1112.31
85,70,-1974.85,3059.22,-1745.64,915.607
90,70,-1708.65,2379.45,-1599.57,740.457
95,70,-1443.34,1774.72,-1467.6,583.337
100,70,-1170.9,1242.91,-1352.13,440.854
105,70,-880.704,785.687,-1255.89,308.998
110,70,-561.365,407.484,-1181.82,182.378
115,70,-203.589,113.437,-1132.51,54.1062
120,70,196.078,-93.4815,-1109.17,-83.0365
125,70,631.274,-215.059,-1110.18,-234.012
130,70,1082.61,-258.763,-1129.95,-398.161
135,70,1516.49,-235.869,-1158.89,-566.571
140,70,1887.32,-157.158,-1184.93,-721.974
145,70,2143.51,-28.7174,-1196.36,-842.159
150,70,2236.95,148.463,-1184.15,-906.234
155,70,2133.76,372.746,-1142.47,-901.407
160,70,1823.67,631.64,-1066.76,-827.446
165,70,1325.41,893.206,-951.112,-696.934
170,70,686.639,1106.24,-787.579,-531.39
175,70,-21.397,1212.4,-568.856,-355.007
180,70,-713.952,1166.16,-293.093,-188.585
0,75,2022.34,15027,566.234,4043.33
5,75,160.089,15367.7,-132.771,4159.78
10,75,-1577.18,15531.9,-779.833,4123.1
15,75,-3086.19,15504,-1355.52,3950.79
20,75,-4290.31,15271.4,-1846.25,3675.34
25,75,-5148.64,14824.7,-2241.84,3335.5
30,75,-5660.26,14159.9,-2534.98,2966.84
35,75,-5861.17,13285.8,-2722.88,2595.35
40,75,-5813.48,12229.9,-2809.59,2236.05
45,75,-5589.83,11039.6,-2806.92,1895.76
50,75,-5258.15,9776.02,-2732.94,1577.37
55,75,-4871.36,8503.13,-2608.45,1283.08
60,75,-4464.19,7276.32,-2453.19,1015.55
65,75,-4055.7,6134.67,-2283.21,777.233
70,75,-3654.5,5098.85,-2109.97,569.189
75,75,-3263.9,4173.72,-1940.87,390.405
80,75,-2884.94,3353.57,-1780.41,237.956
85,75,-2517.48,2627.74,-1631.42,107.843
90,75,-2159.77,1985.42,-1495.95,-4.06115
95,75,-1807.75,1418.87,-1375.73,-101.41
100,75,-1454.72,925.236,-1272.41,-187.402
105,75,-1091.87,506.798,-1187.63,-265.346
110,75,-709.805,169.714,-1122.81,-339.384
115,75,-301.048,-78.8066,-1078.82,-414.737
120,75,136.854,-234.39,-1055.33,-496.854
125,75,597.862,-299.187,-1050.1,-589.253
130,75,1064.42,-283.475,-1058.51,-690.613
135,75,1505.99,-203.661,-1073.85,-792.507
140,75,1880.4,-76.9348,-1088.34,-879.396
145,75,2139.14,84.6491,-1094.68,-931.811
150,75,2236.14,276.361,-1086.86,-932.131
155,75,2138.51,496.293,-1059.71,-870.88
160,75,1835.97,735.471,-1007.08,-750.919
165,75,1346.3,968.551,-920.279,-587.721
170,75,715.187,1152.37,-788.393,-405.536
175,75,10.8538,1235.87,-601.298,-230.943
180,75,-685.69,1178.16,-354.202,-86.2294
0,80,2064,15322.2,387.821,2718.25
5,80,-64.4671,15670.2,-196.521,2809.18
10,80,-2057.23,15772.7,-735.109,2750.14
15,80,-3798.89,15627.2,-1210.63,2559.68
20,80,-5202.23,15240.8,-1611.74,2271.79
25,80,-6217.64,14626.1,-1931.01,1927.63
30,80,-6837.89,13799.8,-2163.79,1565.88
35,80,-7095.88,12786.6,-2308.81,1215.58
40,80,-7055.01,11622.7,-2369.6,893.375
45,80,-6793.91,10357.4,-2355.35,605.341
50,80,-6390.34,9049.42,-2280.22,351.22
55,80,-5908.85,7758.14,-2161.13,128.607
60,80,-5395.09,6534.44,-2014.9,-64.5807
65,80,-4876.54,5413.58,-1855.99,-229.628
70,80,-4367.23,4412.94,-1695.39,-367.73
75,80,-3873.16,3534.16,-1540.65,-480.858
80,80,-3396.5,2768.24,-1396.63,-572.091
85,80,-2937.46,2101.34,-1266.44,-645.286
90,80,-2494.69,1519.92,-1152.27,-704.394
95,80,-2064.88,1014.39,-1055.79,-752.838
100,80,-1642.57,581.115,-978.311,-793.308
105,80,-1220.63,222.58,-920.65,-828.037
110,80,-791.494,-54.1566,-882.885,-859.342
115,80,-348.969,-240.89,-864.036,-889.935
120,80,109.271,-332.934,-861.851,-922.485
125,80,578.806,-333.58,-872.804,-958.193
130,80,1045.46,-256.163,-892.428,-994.769
135,80,1483.12,-121.9,-915.925,-1024.83
140,80,1853.94,46.4051,-938.85,-1036.03
145,80,2112.44,231.796,-957.394,-1013.56
150,80,2213.83,427.002,-967.853,-944.931
155,80,2124.92,631.135,-965.281,-825.123
160,80,1834.22,840.117,-941.959,-660.246
165,80,1357.81,1036.55,-886.852,-467.851
170,80,739.177,1186.45,-787.004,-273.473
175,80,43.4675,1246.74,-630.902,-104.455
180,80,-652.21,1181.19,-412.616,16.7822
0,85,2089.94,15500.8,206.456,1372.49
5,85,-281.12,15848.4,-218.395,1437.26
10,85,-2506.44,15876.3,-604.165,1367.44
15,85,-4457.59,15596,-937.049,1180.14
20,85,-6036.69,15035.4,-1209.48,907.454
25,85,-7186.47,14231.2,-1418.28,589.029
30,85,-7895.04,13224.4,-1562.93,263.035
35,85,-8193.88,12058.3,-1644.75,-41.2991
40,85,-8148.4,10780.9,-1667.18,-307.236
45,85,-7842.8,9444.87,-1636.43,-529.715
50,85,-7363.38,8105.94,-1561.55,-711.546
55,85,-6784.87,6816.93,-1453.82,-858.87
60,85,-6162.99,5621.13,-1325.26,-977.773
65,85,-5533.71,4547.03,-1187.15,-1072.83
70,85,-4917.05,3606.56,-1048.94,-1147.25
75,85,-4322.59,2797.1,-917.819,-1203.66
80,85,-3754.17,2106.28,-798.936,-1244.88
85,85,-3212.62,1517.59,-695.916,-1274.01
90,85,-2696.89,1015.51,-611.424,-1294.14
95,85,-2204.18,589.19,-547.513,-1307.84
100,85,-1729.98,234.338,-505.635,-1316.79
105,85,-1268.45,-46.711,-486.342,-1321.74
110,85,-813.236,-246.926,-488.821,-1322.76
115,85,-358.574,-358.39,-510.544,-1319.51
120,85,98.9901,-377.403,-547.316,-1311.25
125,85,558.183,-309.322,-593.894,-1296.36
130,85,1009.75,-170.804,-645.066,-1271.45
135,85,1433.24,12.5949,-696.752,-1230.68
140,85,1795.6,213.463,-746.492,-1165.94
145,85,2053.98,411.237,-792.833,-1068.51
150,85,2163.62,597.488,-833.62,-932.222
155,85,2089.33,773.757,-863.899,-757.156
160,85,1816.85,942.241,-874.577,-552.525
165,85,1359.58,1094.7,-852.827,-337.084
170,85,758.592,1207.11,-784.524,-136.322
175,85,76.2872,1244.61,-658.013,23.0647
180,85,-613.766,1175.24,-467.89,119.666
0,90,2099.98,15561.4,23.5199,16.2898
5,90,-482.546,15901.6,-201.785,55.888
10,90,-2909.83,15846.6,-395.275,-10.1337
15,90,-5039.76,15421.5,-548.518,-168.534
20,90,-6764.16,14675.4,-659.387,-392.611
25,90,-8019.57,13670.5,-730.353,-648.377
30,90,-8791.71,12473.3,-765.95,-902.428
35,90,-9112.74,11148.9,-770.616,-1128.89
40,90,-9051.02,9758.7,-747.738,-1313.24
45,90,-8695.73,8360.3,-699.971,-1452.25
50,90,-8139.93,7006.01,-630.259,-1550.91
55,90,-7466.54,5740.26,-542.739,-1618.03
60,90,-6739.98,4596.05,-443.004,-1662.58
65,90,-6004.34,3592.35,-337.643,-1691.51
70,90,-5286.18,2733.7,-233.417,-1709.44
75,90,-4599.46,2012.46,-136.491,-1719.23
80,90,-3950.3,1413.09,-52.0342,-1722.93
85,90,-3340.36,917.175,15.7759,-1722.27
90,90,-2768.7,508.021,63.5325,-1718.78
95,90,-2232.62,174.045,88.4255,-1713.47
100,90,-1728.07,-89.5725,88.3602,-1706.4
105,90,-1249.9,-281.078,62.4422,-1696.35
110,90,-792.124,-394.293,11.6738,-1680.8
115,90,-348.291,-422.64,-60.5161,-1656.08
120,90,87.5545,-364.375,-148.37,-1617.86
125,90,518.737,-227.495,-244.796,-1561.61
130,90,942.21,-31.9455,-343.078,-1482.99
135,90,1343.97,192.977,-438.556,-1378.18
140,90,1695.92,416.241,-529.271,-1244.01
145,90,1957.13,614.809,-614.902,-1078.55
150,90,2081.38,780.268,-694.21,-882.43
155,90,2029.66,917.8,-762.252,-660.864
160,90,1783.2,1037.07,-809.005,-425.643
165,90,1351.7,1139.99,-820.471,-195.769
170,90,773.65,1212.97,-782.073,4.47296
175,90,109.248,1229.2,-682.968,150.14
180,90,-570.652,1160.33,-519.603,221.639
0,95,2094.04,15503.6,-159.595,-1340.04
5,95,-662.253,15830.5,-151.328,-1323.29
10,95,-3254.36,15689.3,-119.307,-1369.23
15,95,-5526.32,15117.7,-62.7658,-1470.63
20,95,-7360.42,14185.4,13.183,-1609.54
25,95,-8688.82,12979.9,99.3501,-1761.85
30,95,-9497.37,11593.9,185.775,-1903.4
35,95,-9821.08,10114.9,265.083,-2015.69
40,95,-9732.33,8619.18,334.432,-2089.29
45,95,-9324.68,7169.96,395.353,-2124.18
50,95,-8696.11,5816.2,451.857,-2127.36
55,95,-7935.37,4592.77,507.928,-2109.23
60,95,-7113.77,3520.52,565.605,-2080.03
65,95,-6282.66,2606.96,624.255,-2047.71
70,95,-5475.12,1847.82,680.963,-2017.21
75,95,-4709.96,1229.82,731.481,-1990.94
80,95,-3996.05,734.406,771.137,-1969.65
85,95,-3336,341.777,795.383,-1953.28
90,95,-2728.82,34.6358,799.975,-1941.26
95,95,-2171.51,-199.073,781.055,-1932.46
100,95,-1659.85,-364.818,735.427,-1924.74
105,95,-1188.59,-461.836,661.217,-1914.47
110,95,-751.137,-485.356,558.827,-1896.21
115,95,-339.205,-430.616,431.748,-1862.89
120,95,56.8723,-298.041,286.669,-1806.67
125,95,446.085,-98.0921,132.398,-1720.4
130,95,832.334,146.538,-22.2708,-1599.25
135,95,1208.38,403.574,-170.908,-1441.83
140,95,1550.81,639.14,-310.654,-1250.27
145,95,1819.82,828.412,-441.243,-1029.58
150,95,1966.41,963.651,-561.986,-786.994
155,95,1946.05,1054.41,-668.274,-532.271
160,95,1733.89,1118.65,-749.832,-278.895
165,95,1334.89,1169.07,-792.151,-45.0756
170,95,784.824,1202.73,-780.72,147.105
175,95,142.372,1200.44,-706.075,275.222
180,95,-523.194,1136.6,-567.361,321.926
0,100,2072.16,15327.8,-341.496,-2686.17
5,100,-814.789,15636.9,-72.725,-2689
10,100,-3529.37,15411.5,210.727,-2698.24
15,100,-5902.28,14700.5,499.354,-2714.46
20,100,-7807.42,13592.4,778.978,-2731.51
25,100,-9174.55,12198.7,1032.94,-2739.11
30,100,-9991.97,10637.1,1246.09,-2726.72
35,100,-10299.6,9016.72,1409,-2687.34
40,100,-10174.7,7429.05,1520.36,-2619.84
45,100,-9714.85,5942.97,1586.72,-2529.12
50,100,-9021.33,4604.37,1619.6,-2424.41
55,100,-8186.46,3438.43,1631.62,-2316.55
60,100,-7286.29,2453.37,1633.1,-2215.35
65,100,-6377.86,1644.46,1630.25,-2127.87
70,100,-5500,997.88,1625.03,-2057.87
75,100,-4676.11,494.235,1616.08,-2006.24
80,100,-3917.87,111.745,1599.95,-1971.92
85,100,-3228.96,-170.751,1572.11,-1952.66
90,100,-2608.24,-371.167,1527.56,-1945.59
95,100,-2052.05,-502.157,1461.2,-1947.11
100,100,-1555.41,-570.116,1368.31,-1952.57
105,100,-1112.14,-575.568,1245.46,-1955.57
110,100,-714.106,-515.258,1091.67,-1947.58
115,100,-350.225,-385.984,909.69,-1918.13
120,100,-6.39029,-189.662,706.463,-1856.2
125,100,332.454,61.7822,492.297,-1752.5
130,100,677.193,343.983,278.466,-1602.18
135,100,1027.1,622.574,74.118,-1406.65
140,100,1363.01,861.349,-115.883,-1173.44
145,100,1645.59,1033.87,-290.603,-914.218
150,100,1822.1,1133.1,-449.893,-642.171
155,100,1841.28,1173.09,-590.123,-370.6
160,100,1670.97,1180.32,-701.65,-113.501
165,100,1310.52,1178.52,-770.125,112.836
170,100,792.83,1175.29,-781.417,289.388
175,100,175.755,1158.45,-727.593,396.711
180,100,-471.754,1104.22,-610.802,419.762
0,105,2034.52,15035.4,-520.797,-4011.86
5,105,-935.916,15323.5,27.4677,-4030.45
10,105,-3726.93,15021.2,580.189,-3987.45
15,105,-6157.17,14186.3,1114.84,-3892.55
20,105,-8093.76,12923.7,1606.43,-3753.96
25,105,-9465.9,11366.1,2030.39,-3578.66
30,105,-10266.2,9653.34,2367.16,-3373.68
35,105,-10541,7914.3,2606.65,-3147.35
40,105,-10373.3,6253.96,2750.58,-2909.91
45,105,-9864.28,4746.62,2811.49,-2673.08
50,105,-9117.33,3435.5,2808.89,-2448.82
55,105,-8226.54,2337.05,2764.14,-2247.58
60,105,-7270.49,1447.79,2695.99,-2077.05
65,105,-6309.83,751.381,2617.9,-1941.36
70,105,-5387.39,224.583,2537.4,-1841.29
75,105,-4530.06,-158.442,2456.84,-1774.94
80,105,-3751.77,-423.237,2374.72,-1738.63
85,105,-3057.07,-592.954,2287.05,-1727.69
90,105,-2444.6,-686.693,2188.22,-1736.82
95,105,-1909.83,-718.184,2071.79,-1760.01
100,105,-1446.56,-695.067,1931.21,-1790.02
105,105,-1047.02,-619.196,1760.96,-1817.65
110,105,-700.892,-488.442,1558.11,-1831.28
115,105,-393.901,-300.264,1324.01,-1817.24
120,105,-107.499,-56.7224,1065.42,-1761.64
125,105,179.025,230.336,793.995,-1653.49
130,105,482.871,536.276,523.791,-1488.31
135,105,809.149,825.586,267.321,-1270.51
140,105,1142.46,1060.08,32.1293,-1012.9
145,105,1443.63,1211.51,-179.903,-733.354
150,105,1655.88,1273.07,-369.544,-450.137
155,105,1720.73,1262.81,-535.066,-178.921
160,105,1597.93,1215.39,-668.488,67.0993
165,105,1280.6,1165.2,-756.308,274.73
170,105,798.605,1129.87,-784.927,428.77
175,105,209.556,1103.56,-747.72,512.988
180,105,-416.724,1063.43,-649.593,514.403
0,110,1981.38,14628.5,-696.135,-5307.01
5,110,-1022.73,14894,142.084,-5337.4
10,110,-3842.01,14526.7,973.376,-5229
15,110,-6285.22,13591.2,1759.56,-5001.49
20,110,-8214.66,12205.2,2463.26,-4679.28
25,110,-9560.62,10518.5,3051.82,-4289.35
30,110,-10321.2,8689.3,3502.35,-3859.4
35,110,-10549.9,6862.41,3805.92,-3416.22
40,110,-10335.6,5153.79,3968.99,-2984.07
45,110,-9783.06,3642.06,4011.29,-2583.31
50,110,-8996.93,2368.24,3960.76,-2229.23
55,110,-8071.75,1341.72,3847.49,-1931.48
60,110,-7086.79,549.485,3698.46,-1694.28
65,110,-6103.94,-34.5412,3534.32,-1517.1
70,110,-5167.71,-441.939,3368.39,-1395.98
75,110,-4306.51,-704.869,3207.16,-1324.78
80,110,-3535.2,-853.241,3051.57,-1296.36
85,110,-2858.51,-913.139,2898.51,-1303.2
90,110,-2274.54,-905.767,2741.98,-1337.59
95,110,-1777.71,-846.58,2574.13,-1391.28
100,110,-1360.39,-744.703,2386.34,-1454.7
105,110,-1013.01,-603.088,2170.69,-1516.09
110,110,-723.049,-420.005,1921.92,-1560.99
115,110,-473.423,-192.384,1639.76,-1572.77
120,110,-241.996,79.0894,1330.61,-1534.93
125,110,-3.60906,384.251,1007.54,-1435
130,110,264.021,699.601,687.628,-1269.02
135,110,570.935,989.436,387.124,-1044.38
140,110,905.156,1213.95,116.49,-778.983
145,110,1227.85,1342.89,-121.586,-496.4
150,110,1478.62,1369,-329.469,-219.197
155,110,1591.97,1313.38,-508.429,35.7119
160,110,1519.46,1217.86,-653.274,257.212
165,110,1247.66,1126.52,-752.057,436.34
170,110,803.258,1066.14,-791.764,562.397
175,110,243.98,1036.34,-766.582,622.451
180,110,-358.522,1014.55,-683.441,605.13
0,115,1913.17,14110.3,-866.175,-6561.78
5,115,-1073.76,14352.8,263.601,-6600.21
10,115,-3872.6,13936.4,1374.09,-6416.78
15,115,-6285.3,12929.6,2409.2,-6041.42
20,115,-8171.65,11459.2,3317.88,-5515.91
25,115,-9464.34,9686.97,4059.45,-4888.92
30,115,-10167.5,7784.12,4608.86,-4210.91
35,115,-10341.3,5906.87,4960.16,-3529.21
40,115,-10080.2,4178.61,5126.35,-2884.02
45,115,-9492.19,2680.6,5135.64,-2305.66
50,115,-8682.64,1452,5025,-1813.48
55,115,-7745.77,497.057,4833.2,-1416.27
60,115,-6760.04,-203.993,4595.13,-1114.04
65,115,-5786.56,-684.22,4338.28,-900.42
70,115,-4869.02,-981.634,4081.5,-765.357
75,115,-4034.95,-1133.88,3835.31,-697.294
80,115,-3298.23,-1175.35,3603.14,-684.726
85,115,-2662.46,-1135.74,3382.81,-716.873
90,115,-2124.52,-1039.14,3167.92,-783.571
95,115,-1677.5,-903.232,2949.16,-874.551
100,115,-1312.34,-738.736,2715.7,-978.308
105,115,-1018.04,-549.369,2457.09,-1080.93
110,115,-780.576,-333.112,2165.73,-1165.42
115,115,-581.283,-85.4056,1839.81,-1212.43
120,115,-396.042,195.551,1485.58,-1202.9
125,115,-197.015,502.46,1117.8,-1122.84
130,115,41.6047,814.098,756.809,-968.677
135,115,333.831,1095.54,422.719,-750.658
140,115,670.959,1305.99,128.841,-491.559
145,115,1015.11,1413.3,-121.75,-220.295
150,115,1303.3,1409.19,-333.838,36.8755
155,115,1463.97,1316.7,-512.819,262.678
160,115,1441.05,1183.21,-657.425,449.145
165,115,1214.59,1060.9,-757.993,592.523
170,115,807.996,984.322,-802.145,687.206
175,115,279.257,957.613,-784.224,723.556
180,115,-297.592,957.951,-712.088,691.252
0,120,1830.4,13484.7,-1029.62,-7766.6
5,120,-1088.96,13704.9,384.411,-7809.8
10,120,-3819.67,13258,1766.2,-7546.09
15,120,-6160.71,12213.7,3040.14,-7015.39
20,120,-7971.92,10703.3,4140.68,-6277.04
25,120,-9189.47,8894.94,5019.25,-5402.03
30,120,-9823.02,6966.92,5649.73,-4464.37
35,120,-9938.54,5081.42,6030.68,-3532.91
40,120,-9634.81,3365.36,6183.26,-2664.65
45,120,-9021.76,1900.6,6145.34,-1900.7
50,120,-8205.21,724.437,5963.58,-1264.98
55,120,-7278.36,-162.245,5685.57,-765.681
60,120,-6317.91,-783.199,5353.79,-398.507
65,120,-5382.61,-1175.54,5002.03,-150.832
70,120,-4513.31,-1381.23,4654.08,-5.8388
75,120,-3734.49,-1441.77,4323.95,54.1605
80,120,-3057.01,-1395.25,4017.12,45.6222
85,120,-2481.77,-1274.78,3731.99,-17.0373
90,120,-2003.43,-1107.39,3461.52,-121.13
95,120,-1613.3,-913.071,3194.77,-254.563
100,120,-1301.09,-704.067,2918.64,-404.23
105,120,-1055.06,-484.674,2620.23,-554.394
110,120,-860.961,-252.343,2289.83,-685.772
115,120,-700.25,-0.785638,1924.43,-776.257
120,120,-548.841,274.59,1530.6,-804.111
125,120,-378.219,569.836,1125.16,-753.581
130,120,-160.698,866.776,731.976,-621.269
135,120,120.761,1132.29,375.034,-420.063
140,120,460.679,1325.67,70.2571,-177.452
145,120,822.977,1413.46,-179.386,72.5113
150,120,1143.49,1386.24,-381.871,300.242
155,120,1346.17,1267.72,-547.716,488.678
160,120,1368.44,1108.94,-680.605,633.725
165,120,1184.35,967.948,-773.905,737.547
170,120,814.041,885.255,-815.968,800.059
175,120,315.622,868.429,-800.609,814.862
180,120,-234.397,894.059,-735.315,772.112
0,125,1733.7,12756.5,-1185.23,-8912.32
5,125,-1069.73,12955.9,497.076,-8957.71
10,125,-3687.05,12498.6,2134.16,-8613.37
15,125,-5918.71,11452.9,3630.22,-7928.38
20,125,-7627.45,9949.47,4904.9,-6978.92
25,125,-8753.66,8157.17,5902.02,-5857.65
30,125,-9311.63,6255.04,6595.14,-4661.68
35,125,-9371.17,4405.72,6988.4,-3481
40,125,-9033.26,2735.58,7112.16,-2389.36
45,125,-8408.35,1325,7014.93,-1438.76
50,125,-7601.45,209.182,6753.59,-658.078
55,125,-6704.04,-613.042,6384.72,-55.3329
60,125,-5790.26,-1167.16,5958.16,377.646
65,125,-4915.52,-1491.72,5513.45,659.462
70,125,-4116.66,-1630.11,5078.53,813.586
75,125,-3413.68,-1625.49,4670.09,863.937
80,125,-2813.05,-1517.91,4294.83,832.107
85,125,-2311.72,-1342.58,3951.18,736.312
90,125,-1901.19,-1128.54,3631.03,591.817
95,125,-1570.63,-897.488,3321.57,412.467
100,125,-1308.6,-662.907,3007.45,212.824
105,125,-1103.37,-429.739,2673.47,10.3324
110,125,-941.724,-195.298,2308.15,-173.412
115,125,-806.912,47.8197,1907.75,-313.412
120,125,-676.767,306.429,1479.65,-384.99
125,125,-523.971,579.726,1043.14,-370.38
130,125,-320.522,853.016,625.817,-266.147
135,125,-47.3422,1096.09,255.501,-87.6943
140,125,293.151,1269.73,-49.5183,132.919
145,125,667.432,1340.42,-286.78,356.67
150,125,1011.72,1297.79,-467.988,550.873
155,125,1247.39,1165.18,-609.482,698.954
160,125,1307.06,995.048,-720.71,801.016
165,125,1159.76,848.731,-798.736,865.458
170,125,822.541,770.477,-832.812,897.904
175,125,353.299,770.076,-815.618,895.077
180,125,-169.418,823.363,-752.946,847.096
0,130,1623.8,11931.2,-1331.83,-9990.21
5,130,-1018.85,12111.8,594.591,-10036
10,130,-3481.24,11664.3,2463.49,-9615.75
15,130,-5570.11,10653.1,4159.3,-8786.31
20,130,-7154.02,9203.45,5587.26,-7639
25,130,-8178.23,7478.96,6683.95,-6286.31
30,130,-8660.36,5653.33,7422.96,-4846.6
35,130,-8671.56,3884.36,7814.36,-3429.55
40,130,-8312.35,2294.19,7898.15,-2124.62
45,130,-7691.34,959.736,7733.79,-994.287
50,130,-6911.01,-86.1497,7388.69,-72.5201
55,130,-6059.79,-845.841,6928.42,632.26
60,130,-5208.43,-1344.99,6409.95,1131.28
65,130,-4408.44,-1621.66,5877.93,1448.28
70,130,-3692.24,-1718.53,5363.64,1612.69
75,130,-3075.14,-1678.16,4885.53,1654.23
80,130,-2558.92,-1540.31,4450.72,1599.41
85,130,-2136.33,-1340.16,4056.99,1470.24
90,130,-1795.43,-1107.01,3694.77,1284.62
95,130,-1523.03,-863.035,3349.27,1058.22
100,130,-1306.63,-622.405,3002.94,807.139
105,130,-1134.89,-390.869,2638.52,550.627
110,130,-996.341,-166.389,2243.08,312.715
115,130,-877.074,58.4185,1812.56,121.424
120,130,-758.137,291.469,1355.53,4.45828
125,130,-614.835,534.461,894.004,-18.3671
130,130,-420.253,776.351,459.373,56.4301
135,130,-154.391,990.899,83.1858,211.025
140,130,182.894,1142.01,-214.133,409.013
145,130,561.045,1197.55,-430.852,606.715
150,130,918.077,1146.77,-582.593,768.606
155,130,1174.89,1011.77,-691.779,878.679
160,130,1261.44,844.197,-774.051,941.149
165,130,1143.19,705.826,-830.664,970.509
170,130,834.478,642.21,-851.971,977.954
175,130,392.476,664.048,-829.055,963.11
180,130,-103.15,746.4,-764.847,915.634
0,135,1501.54,11015.1,-1468.28,-10992.1
5,135,-940.346,11179.1,670.621,-11037.4
10,135,-3211.13,10760.4,2741.2,-10550.7
15,135,-5128.65,9816.97,4609.75,-9594.95
20,135,-6570.25,8464.77,6168.26,-8274.06
25,135,-7486.62,6856.31,7346.57,-6717.22
30,135,-7897.25,5154.39,8118.29,-5061.04
35,135,-7871.97,3507.23,8499.05,-3432.33
40,135,-7507.77,2029.54,8537.98,-1934.51
45,135,-6908.61,793.282,8305.12,-639.716
50,135,-6171.96,-171.273,7878.11,412.992
55,135,-5381.46,-867.102,7331.23,1214.12
60,135,-4603.29,-1319.03,6728.04,1776.91
65,135,-3884.61,-1563.41,6117.69,2129.05
70,135,-3253.72,-1640.69,5533.97,2304.92
75,135,-2721.96,-1591.06,4996.24,2339.25
80,135,-2287.4,-1451.87,4511.4,2263.12
85,135,-1939.44,-1256.11,4076.12,2102.22
90,135,-1663.32,-1031.32,3679.23,1877.23
95,135,-1443.84,-798.635,3304.07,1605.87
100,135,-1267.53,-572.108,2931.1,1306.04
105,135,-1123.34,-358.228,2541.34,998.922
110,135,-1001.58,-156.217,2120.76,710.993
115,135,-891.294,40.2397,1665.22,473.098
120,135,-777.181,239.06,1184.66,315.613
125,135,-637.993,443.704,703.822,259.996
130,135,-449.064,646.763,257.709,309.529
135,135,-190.741,826.78,-118.76,444.062
140,135,138.748,952.21,-403.333,623.32
145,135,511.752,993.757,-595.074,799.632
150,135,869.197,940.959,-713.316,935.109
155,135,1133.63,813.992,-786.285,1014.33
160,135,1234.78,661.629,-835.731,1045.17
165,135,1136.36,543.277,-867.269,1047.6
170,135,850.597,503.313,-872.509,1037.86
175,135,433.291,552.016,-840.666,1018.11
180,135,-36.0968,663.757,-770.926,977.202
0,140,1367.86,10015.2,-1593.56,-11910.3
5,140,-839.382,10164.7,719.711,-11954.8
10,140,-2887.64,9791.15,2956.12,-11415.4
15,140,-4610.46,8944.41,4966.69,-10359
20,140,-5896.67,7727.4,6632.12,-8898.43
25,140,-6702.98,6276.84,7876.28,-7175.69
30,140,-7049.38,4739.77,8672.37,-5341.53
35,140,-7001.8,3250.84,9040.47,-3536.47
40,140,-6650.63,1914.76,9037.46,-1875.59
45,140,-6092.11,797.451,8742.64,-439.554
50,140,-5416.05,-73.4268,8242.84,727.505
55,140,-4699.1,-700.924,7620.17,1614.3
60,140,-4001.49,-1108.34,6944.06,2234.88
65,140,-3365.62,-1329.53,6267.33,2619.65
70,140,-2816.13,-1401.89,5625.55,2806.77
75,140,-2361.69,-1362.1,5038.43,2835.18
80,140,-1998.36,-1243.72,4512.21,2740.06
85,140,-1713.93,-1076,4042.42,2550.74
90,140,-1492.26,-883.192,3616.47,2290.89
95,140,-1316.98,-684.062,3216.17,1980.65
100,140,-1173.96,-491.568,2820.5,1639.94
105,140,-1052.25,-312.46,2409.24,1291.98
110,140,-943.331,-147.206,1967.66,965.325
115,140,-838.609,9.06877,1491.84,692.955
120,140,-726.091,163.7,993.07,506.963
125,140,-588.169,321.391,498.547,429.539
130,140,-403.284,478.211,46.229,463.257
135,140,-153.443,617.903,-326.341,585.809
140,140,163.513,714.416,-595.625,753.888
145,140,522.357,742.371,-761.504,916.944
150,140,867.711,692.195,-846.446,1035.54
155,140,1125.78,581.64,-883.611,1094.88
160,140,1228.6,454.87,-900.149,1105.81
165,140,1140.18,366.425,-905.767,1092.7
170,140,871.349,357.188,-893.344,1075.88
175,140,475.824,435.783,-850.144,1059.5
180,140,31.2312,576.063,-771.139,1031.33
0,145,1223.77,8939.01,-1706.72,-12737.8
5,145,-722.055,9075.75,737.478,-12781.9
10,145,-2523.45,8760.14,3099.2,-12206.8
15,145,-4033.53,8032.74,5218.22,-11080.9
20,145,-5155.04,6980.67,6966.65,-9522.41
25,145,-5851.23,5721.22,8263.43,-7680.83
30,145,-6141.49,4381.87,9080.76,-5716.24
35,145,-6085.66,3080.6,9441.34,-3778.8
40,145,-5764.81,1910.14,9407.47,-1992.46
45,145,-5264.64,929.573,9065.45,-445.133
50,145,-4664.7,164.065,8509.36,814.07
55,145,-4032.55,-388.962,7827.7,1771.3
60,145,-3421.1,-750.633,7094.62,2440.26
65,145,-2867.47,-951.754,6365.82,2852.82
70,145,-2393.09,-1026.14,5678.11,3049.8
75,145,-2005.18,-1006.45,5051.26,3073.55
80,145,-1699.55,-921.945,4490.89,2962.91
85,145,-1464.28,-797.506,3991.61,2750.71
90,145,-1283.59,-653.39,3539.83,2463.79
95,145,-1141.24,-505.253,3116.45,2124.98
100,145,-1023.07,-364.151,2699.65,1756.43
105,145,-918.202,-236.286,2268.67,1383.19
110,145,-818.696,-122.675,1808.69,1035.32
115,145,-717.427,-19.4361,1316.43,746.788
120,145,-604.922,80.3262,804.478,549.991
125,145,-466.95,182.433,301.861,466.571
130,145,-285.55,286.228,-151.597,497.728
135,145,-45.5387,380.64,-517.002,619.284
140,145,254.345,445.444,-770.43,786.069
145,145,590.615,459.753,-912.638,946.183
150,145,912.123,415.268,-968.367,1059.75
155,145,1150.53,327.004,-974.278,1112.76
160,145,1242.6,233.227,-961.58,1118.13
165,145,1154.66,181.619,-943.276,1103.18
170,145,896.865,207.64,-913.335,1091.02
175,145,520.082,317.229,-857.151,1087
180,145,98.3216,483.984,-765.482,1077.62
0,150,1070.36,7794.82,-1806.88,-13468.4
5,150,-595.196,7920.04,720.755,-13512.8
10,150,-2132.51,7670.68,3163.72,-12921
15,150,-3417.22,7077.65,5355.46,-11760.8
20,150,-4367.8,6210.62,7162.9,-10151.1
25,150,-4954.55,5165.1,8501.38,-8243.83
30,150,-5195.5,4046.49,9341.38,-6202.74
35,150,-5142.8,2953.85,9705.89,-4183.03
40,150,-4866.12,1966.48,9659.48,-2314.43
45,150,-4438.48,1136,9292.22,-690.547
50,150,-3927.13,485.133,8702.69,634.717
55,150,-3388.89,12.293,7983.67,1644.28
60,150,-2868.21,-300.811,7212.71,2350.43
65,150,-2396.42,-481.326,6447.67,2785.29
70,150,-1991.94,-559.052,5726.39,2991.33
75,150,-1661.28,-562.42,5068.8,3013.43
80,150,-1401.19,-516.367,4480.25,2893.45
85,150,-1201.52,-441.553,3954.92,2667.37
90,150,-1048.34,-354.375,3478.82,2365.04
95,150,-926.882,-267.303,3032.55,2011.94
100,150,-823.865,-189.117,2594.27,1632.44
105,150,-728.88,-124.743,2143.53,1253.13
110,150,-634.367,-74.793,1666.31,904.82
115,150,-534.025,-35.4173,1160.48,621.263
120,150,-420.136,0.519788,639.912,433.682
125,150,-281.38,40.2054,134.645,361.839
130,150,-103.55,86.1115,-315.145,404.943
135,150,124.953,132.044,-670.922,537.371
140,150,403.471,163.427,-909.593,713.463
145,150,709.668,163.943,-1032.93,881.705
150,150,997.023,126.738,-1066.86,1003.06
155,150,1204.16,63.9427,-1049.68,1064.47
160,150,1274.66,7.15061,-1014.76,1079.94
165,150,1178.91,-4.15264,-977.111,1078.06
170,150,926.96,58.7013,-931.381,1083.12
175,150,566,198.258,-861.334,1100.67
180,150,164.664,388.222,-754,1115.7
0,155,908.808,6591.3,-1893.29,-14096.6
5,155,-466.145,6705.61,667.712,-14141.7
10,155,-1729.73,6526.04,3145.5,-13553.1
15,155,-2781.85,6074.07,5372.66,-12395.3
20,155,-3557.81,5401.56,7214.86,-10783.7
25,155,-4035.34,4581.39,8585.5,-8866.76
30,155,-4230.76,3695.65,9452.63,-6806.41
35,155,-4187.69,2823.28,9836.89,-4757.91
40,155,-3963.23,2029.09,9801.37,-2853.33
45,155,-3616.49,1356.6,9435.92,-1190.11
50,155,-3201.29,825.983,8840.13,173.489
55,155,-2762.75,436.974,8108.59,1216.68
60,155,-2336.17,174.724,7320.77,1949.38
65,155,-1946.72,16.4241,6536.14,2402.86
70,155,-1609.63,-63.1707,5793.66,2620.08
75,155,-1330.84,-88.0274,5113.94,2647.39
80,155,-1108.48,-78.8793,4502.71,2528.67
85,155,-934.805,-52.5791,3954.29,2302.18
90,155,-798.629,-22.2319,3454.87,2000.12
95,155,-687.65,2.39387,2985.37,1650.18
100,155,-590.455,14.6193,2524.68,1278.6
105,155,-497.808,11.0525,2053.58,913.14
110,155,-402.849,-7.83975,1559.75,584.752
115,155,-299.994,-37.3544,1042.83,326.039
120,155,-182.894,-69.3213,517.9,165.92
125,155,-42.768,-94.7713,15.0306,121.34
130,155,130.913,-108.174,-426.955,189.197
135,155,345.833,-111.262,-771.772,343.023
140,155,598.893,-113.422,-998.48,538.073
145,155,868.631,-126.634,-1109.99,724.884
150,155,1113.56,-156.295,-1132.21,866.445
155,155,1280.41,-193.127,-1102.94,950.798
160,155,1321.1,-212.478,-1055.42,991.99
165,155,1211.28,-183.683,-1005.04,1018.14
170,155,961.17,-85.5703,-946.509,1052.91
175,155,613.441,80.7295,-862.341,1100.87
180,155,229.752,289.505,-736.78,1145.29
0,160,740.338,5337.63,-1965.29,-14617.4
5,160,-342.502,5441.05,577.924,-14663.8
10,160,-1330.54,5329.93,3042.93,-14097.4
15,160,-2148.29,5017.22,5267.2,-12977.9
20,160,-2748.23,4537.84,7119.28,-11412.9
25,160,-3115.62,3942.67,8512.54,-9542.1
30,160,-3265.18,3290.76,9412.05,-7519.83
35,160,-3231.91,2640.65,9833.47,-5496.46
40,160,-3060.3,2042.06,9834.38,-3602.64
45,160,-2795.38,1529.79,9500.05,-1937.49
50,160,-2477.4,1121.09,8927.24,-562.758
55,160,-2139.7,817.009,8209.54,496.836
60,160,-1808.23,606.564,7426.82,1248
65,160,-1501.75,471.905,6639.79,1720
70,160,-1231.95,392.936,5888.86,1954.96
75,160,-1003.85,350.512,5196,1999.24
80,160,-816.616,328.117,4568.01,1897.29
85,160,-664.825,312.364,4000.07,1688.27
90,160,-540.198,292.844,3479.09,1405.53
95,160,-433.355,261.803,2986.92,1078.11
100,160,-335.41,214.09,2503.88,733.471
105,160,-239.035,147.56,2012.83,400.122
110,160,-138.701,63.8299,1503.92,108.725
115,160,-29.9186,-31.186,978.93,-109.732
120,160,92.1875,-127.849,453.912,-229.105
125,160,233.947,-215.16,-42.1278,-235.527
130,160,402.336,-284.637,-473.387,-134.193
135,160,601.182,-333.978,-807.558,48.4055
140,160,824.974,-367.897,-1026.96,269.732
145,160,1053.28,-394.369,-1135.62,483.744
150,160,1250.08,-417.355,-1158.14,656.367
155,160,1370.95,-430.231,-1129.62,776.754
160,160,1376.97,-415.078,-1080.77,858.005
165,160,1249.5,-349.994,-1025.52,926.024
170,160,998.809,-221.299,-957.949,1001.99
175,160,662.202,-33.6034,-859.836,1088.28
180,160,293.093,188.585,-713.952,1166.16
0,165,566.234,4043.33,-2022.34,-15027
5,165,-231.875,4135.41,452.4,-15074.5
10,165,-950.46,4086.88,2857.12,-14547.4
15,165,-1537.66,3903.58,5039.66,-13498.9
20,165,-1962.48,3605.53,6875.62,-12025.3
25,165,-2217.67,3223.7,8280.37,-10252.9
30,165,-2316.72,2795.68,9215.76,-8322.89
35,165,-2286.82,2360.42,9690.12,-6376.08
40,165,-2160.73,1952.54,9751.75,-4537.81
45,165,-1970.43,1597.53,9477.08,-2906.32
50,165,-1743.49,1309.09,8956.17,-1545.63
55,165,-1502.06,1089.29,8278.76,-484.249
60,165,-1263.1,931.048,7523.62,280.597
65,165,-1038.87,821.809,6752.17,774.886
70,165,-837.16,747.049,6006.56,1038.26
75,165,-661.411,692.761,5310.75,1115.32
80,165,-511.108,646.736,4673.29,1049.21
85,165,-382.523,598.9,4090.86,878.325
90,165,-269.845,541.156,3551.71,635.693
95,165,-166.464,467.24,3039.35,350.512
100,165,-66.1652,372.932,2536.23,50.648
105,165,36.0752,256.783,2027.97,-235.193
110,165,143.913,121.123,1507.58,-476.943
115,165,260.177,-27.2196,978.993,-645.318
120,165,387.824,-177.362,458.556,-716.774
125,165,530.516,-316.532,-26.9377,-680.037
130,165,691.727,-433.674,-446.126,-541.586
135,165,871.726,-522.935,-771.918,-326.873
140,165,1063.06,-584.822,-990.501,-75.0872
145,165,1246.86,-623.576,-1106.7,172.122
150,165,1393.01,-641.67,-1142.49,384.165
155,165,1466.19,-634.758,-1128.21,551.181
160,165,1436.58,-591.061,-1089.76,684.404
165,165,1290.97,-496.76,-1037.81,805.952
170,165,1039.06,-344.994,-965.178,932.792
175,165,712.021,-143.152,-853.509,1063.86
180,165,354.202,86.2294,-685.69,1178.16
0,170,387.821,2718.25,-2064,-15322.2
5,170,-141.622,2798.26,293.577,-15369.8
10,170,-604.697,2802.61,2591.84,-14895.8
15,170,-970.876,2731.9,4693.93,-13945.8
20,170,-1224.27,2594.15,6486.24,-12602.1
25,170,-1364.71,2403.75,7888.29,-10973.4
30,170,-1405.13,2179.74,8858.81,-9183.79
35,170,-1366.35,1943.3,9397.1,-7359.77
40,170,-1271.32,1714.61,9539.16,-5617.71
45,170,-1140.88,1509.58,9348.94,-4052.21
50,170,-991.639,1337.64,8906.33,-2727.97
55,170,-835.857,1201.18,8294.6,-1676.88
60,170,-682.252,1096.61,7589.64,-900.68
65,170,-536.778,1016.5,6852.89,-378.043
70,170,-403.002,951.881,6128.11,-73.6127
75,170,-282.16,893.852,5441.5,53.4148
80,170,-173.238,834.463,4803.9,43.0013
85,170,-73.3202,766.862,4214.07,-69.0071
90,170,21.7289,685.161,3662.44,-251.342
95,170,116.387,584.436,3134.92,-475.828
100,170,214.62,461.168,2616.88,-715.127
105,170,319.295,314.212,2097.12,-941.024
110,170,432.055,146.036,1571.51,-1124.39
115,170,553.695,-36.3959,1045.57,-1237.57
120,170,684.783,-221.863,534.925,-1259.07
125,170,825.955,-396.768,62.9855,-1179.2
130,170,977.166,-548.335,-344.34,-1004.47
135,170,1135.54,-667.834,-665.751,-758.08
140,170,1292.42,-751.993,-891.287,-474.895
145,170,1431.17,-801.472,-1025.9,-191.536
150,170,1527.91,-817.091,-1087.68,65.1475
155,170,1556.07,-796.256,-1100.41,286.09
160,170,1494.07,-732.429,-1083.22,479.901
165,170,1333,-618.697,-1042.07,663.602
170,170,1081.05,-453.737,-967.937,848.443
175,170,762.589,-246.546,-843.083,1028.79
180,170,412.616,-16.7822,-652.21,1181.19
0,175,206.456,1372.49,-2089.94,-15500.8
5,175,-78.6019,1439.68,105.255,-15546.8
10,175,-307.705,1484.38,2253.51,-15135.3
15,175,-468.308,1503.97,4237.22,-14304.1
20,175,-557.431,1498.08,5956.76,-13119.8
25,175,-581.355,1468.77,7337.77,-11671
30,175,-553.269,1420.43,8336.43,-10060.8
35,175,-489.551,1359.38,8942.22,-8398.09
40,175,-405.917,1292.74,9176.92,-6786.91
45,175,-314.704,1227.01,9089.48,-5315.47
50,175,-223.891,1166.72,8747.01,-4047.35
55,175,-137.636,1113.58,8223.87,-3017.11
60,175,-57.5101,1066.55,7591.3,-2231.4
65,175,16.3647,1022.56,6909.42,-1674.77
70,175,84.7177,977.498,6222.95,-1317.91
75,175,149.008,927.05,5560.1,-1125.71
80,175,211.482,867.13,4934.21,-1063.15
85,175,275.116,793.937,4346.75,-1098.42
90,175,343.29,703.868,3791.1,-1203.21
95,175,419.268,593.595,3256.47,-1351.39
100,175,505.6,460.572,2731.79,-1517.06
105,175,603.658,304.007,2209.2,-1673.23
110,175,713.461,126.102,1687.03,-1792.18
115,175,833.831,-66.9819,1171.4,-1847.88
120,175,962.764,-265.064,676.058,-1820.25
125,175,1097.67,-455.243,220.037,-1700.12
130,175,1235.06,-624.378,-176.729,-1492.71
135,175,1369.41,-761.797,-498.647,-1217.78
140,175,1491.64,-860.926,-739.032,-905.034
145,175,1588,-918.949,-902.067,-585.637
150,175,1640.74,-934.807,-1000.78,-282.547
155,175,1631.09,-907.043,-1051.06,-4.17318
160,175,1544.03,-833.255,-1063.85,254.938
165,175,1373.19,-711.87,-1039.28,505.75
170,175,1123.98,-545.333,-966.219,752.622
175,175,813.56,-342.679,-828.322,984.469
180,175,467.89,-119.666,-613.766,1175.24
0,180,23.5199,16.2898,-2099.98,-15561.4
5,180,-48.9314,70.2117,-107.497,-15602.9
10,180,-72.7552,141.151,1851.1,-15258.5
15,180,-49.2573,225.31,3680.22,-14558.2
20,180,14.3469,317.794,5296.58,-13552.2
25,180,106.249,413.112,6633.66,-12307.6
30,180,212.139,505.743,7646.1,-10904.6
35,180,317.871,590.78,8313.72,-9432.06
40,180,412.077,664.52,8643.64,-7978.85
45,180,487.892,724.756,8668.66,-6624.47
50,180,543.295,770.613,8441.51,-5429.6
55,180,580.156,802.011,8025.81,-4430.51
60,180,602.639,819.052,7486.12,-3638.8
65,180,615.702,821.592,6879.58,-3045.74
70,180,624.18,809.128,6250.46,-2629.41
75,180,632.474,780.875,5628.31,-2361.87
80,180,644.618,735.885,5028.84,-2214.44
85,180,664.397,673.081,4456.64,-2160.4
90,180,695.321,591.257,3908.74,-2175.3
95,180,740.402,489.156,3378.34,-2235.81
100,180,801.774,365.798,2858.25,-2318.21
105,180,880.266,221.138,2343.87,-2397.46
110,180,975.054,56.9692,1835.26,-2447.74
115,180,1083.52,-122.186,1338.16,-2444.75
120,180,1201.39,-308.636,863.465,-2369.53
125,180,1323.08,-491.903,425.222,-2212.59
130,180,1442.07,-660.05,37.4322,-1976.91
135,180,1550.84,-801.596,-289.427,-1677.92
140,180,1640.61,-907.292,-551.052,-1339.52
145,180,1700.84,-971.053,-749.916,-987.006
150,180,1719.31,-989.799,-893.116,-639.224
155,180,1683.34,-962.614,-987.79,-303.898
160,180,1582.12,-890.009,-1035.9,21.0255
165,180,1409.63,-773.915,-1031.12,339.873
170,180,1167.17,-618.42,-960.214,649.364
175,180,864.558,-430.739,-809.024,932.412
180,180,519.603,-221.639,-570.652,1160.33
0,185,-159.595,-1340.04,-2094.04,-15503.6
5,185,-57.7653,-1299.16,-338.486,-15536.8
10,185,88.5007,-1216.29,1395.94,-15258.7
15,185,268.598,-1094.51,3037.06,-14692.3
20,185,468.155,-939.44,4519.35,-13871.8
25,185,670.926,-759.182,5785.51,-12842.7
30,185,860.693,-564.162,6789.93,-11661.9
35,185,1023.35,-366.249,7503.98,-10396.7
40,185,1148.97,-177.13,7920.95,-9119.57
45,185,1233.11,-6.47957,8057.92,-7899.36
50,185,1277,139.266,7952.85,-6792.23
55,185,1286.32,257.048,7657.37,-5835.07
60,185,1269.38,346.397,7227.57,-5043.92
65,185,1235.2,408.274,6715.51,-4417
70,185,1192.3,444.108,6163.3,-3940.46
75,185,1148.01,455.285,5600.59,-3594.38
80,185,1108.52,443.049,5044.97,-3357.25
85,185,1079,408.575,4504.19,-3208.12
90,185,1063.84,353.045,3979.22,-3126.99
95,185,1066.63,277.624,3467.47,-3093.86
100,185,1089.97,183.414,2965.61,-3087.67
105,185,1135.09,71.498,2471.84,-3085.83
110,185,1201.21,-56.7472,1987.28,-3064.83
115,185,1285.13,-199.009,1516.57,-3002.38
120,185,1381.11,-351.162,1067.3,-2880.61
125,185,1481.44,-506.516,648.56,-2689.58
130,185,1577.42,-655.7,268.96,-2429.65
135,185,1660.51,-787.547,-65.2535,-2111.48
140,185,1722.82,-890.959,-351.233,-1752.75
145,185,1756.85,-957.098,-589.026,-1372.45
150,185,1754.7,-980.994,-779.346,-984.946
155,185,1707.43,-961.809,-920.304,-597.017
160,185,1605.63,-901.721,-1004.69,-209.969
165,185,1441.21,-804.162,-1019.7,173.715
170,185,1210.16,-672.534,-950.239,542.849
175,185,915.184,-510.223,-785.023,874.196
180,185,567.361,-321.926,-523.194,1136.6
0,190,-341.496,-2686.17,-2072.16,-15327.8
5,190,-109.1,-2657.15,-580.572,-15348.2
10,190,166.444,-2575.4,901.464,-15130.6
15,190,469.846,-2441.78,2325.24,-14691.8
20,190,782.7,-2259.21,3643.43,-14051.9
25,190,1085.52,-2033.8,4808.88,-13235.9
30,190,1359.57,-1775.93,5777.23,-12278.3
35,190,1588.84,-1500,6513.33,-11225.3
40,190,1762.2,-1222.44,6998.75,-10132.2
45,190,1874.91,-958.685,7236.51,-9056.35
50,190,1928.92,-720.531,7250.58,-8048.14
55,190,1931.61,-515.022,7080.22,-7143.81
60,190,1893.76,-344.916,6771.66,-6362.91
65,190,1827.35,-210.097,6369.88,-5710.07
70,190,1743.87,-109.015,5912.84,-5179.38
75,190,1653.45,-39.5656,5428.8,-4759.08
80,190,1564.57,0.649579,4936.26,-4435.07
85,190,1484.2,14.4238,4445.59,-4192.53
90,190,1418.11,5.01724,3961.41,-4016.16
95,190,1371.04,-24.0596,3484.98,-3889.54
100,190,1346.68,-69.5927,3016.33,-3794.56
105,190,1347.26,-129.329,2555.87,-3711.25
110,190,1372.82,-202.351,2105.33,-3618.71
115,190,1420.5,-288.728,1668.04,-3496.96
120,190,1484.29,-388.237,1248.52,-3329.59
125,190,1555.7,-498.501,851.575,-3106.55
130,190,1625.37,-613.435,481.377,-2825.91
135,190,1684.85,-723.121,140.89,-2493.63
140,190,1727.64,-815.657,-167.781,-2120.97
145,190,1748.7,-880.427,-441.931,-1720.21
150,190,1742.55,-911.122,-675.964,-1300.77
155,190,1701.24,-906.759,-859.31,-868.082
160,190,1613.78,-869.974,-976.036,-426.523
165,190,1467.7,-803.651,-1007.31,14.8458
170,190,1252.71,-708.117,-936.641,437.179
175,190,965.02,-580.944,-756.183,811.394
180,190,610.802,-419.762,-471.754,1104.22
0,195,-520.797,-4011.86,-2034.52,-15035.4
5,195,-205.609,-3992.26,-825.882,-15037.9
10,195,153.877,-3922.08,382.881,-14870.2
15,195,542.038,-3798.91,1565.39,-14544.5
20,195,939.416,-3620.24,2692.04,-14068.7
25,195,1324.55,-3386.26,3726.3,-13450.2
30,195,1675.79,-3102.88,4626.55,-12703.1
35,195,1973.72,-2782.86,5353.59,-11854
40,195,2203.9,-2444.03,5880.1,-10942
45,195,2359.11,-2105.55,6197.7,-10012.9
50,195,2439.89,-1783.96,6318.11,-9110.21
55,195,2453.49,-1490.89,6268.74,-8268.5
60,195,2411.62,-1232.79,6085.19,-7509.47
65,195,2327.99,-1012.15,5803.84,-6843
70,195,2216.35,-828.977,5456.68,-6270.23
75,195,2089.21,-681.894,5068.86,-5787
80,195,1957.35,-568.465,4658.39,-5386.33
85,195,1829.7,-485.162,4237.2,-5059.4
90,195,1713.66,-427.395,3812.55,-4795.58
95,195,1615.34,-389.988,3388.68,-4582.09
100,195,1539.71,-368.204,2968.2,-4403.71
105,195,1490.26,-359.008,2553.18,-4243.19
110,195,1468.28,-361.996,2145.76,-4082.31
115,195,1472.09,-379.29,1748.33,-3903.7
120,195,1496.72,-413.987,1363.14,-3692.99
125,195,1534.62,-467.5,991.858,-3440.76
130,195,1577.51,-536.978,635.347,-3143.42
135,195,1618.35,-614.398,294.174,-2802.7
140,195,1652.36,-688.338,-29.8866,-2423.5
145,195,1675.97,-747.856,-331.506,-2011.18
150,195,1683.95,-786.317,-599.4,-1569.83
155,195,1666.44,-802.622,-815.259,-1103.16
160,195,1608.01,-798.749,-955.46,-618.121
165,195,1489.83,-775.036,-996.034,-129.765
170,195,1294.82,-726.476,-919.699,336.163
175,195,1013.63,-643.01,-722.395,745.506
180,195,649.593,-514.403,-416.724,1063.43
0,200,-696.135,-5307.01,-1981.38,-14628.5
5,200,-348.521,-5292.94,-1066.05,-14608
10,200,46.3649,-5240.99,-143.232,-14475.9
15,200,476.383,-5144.97,780.871,-14241.6
20,200,923.719,-4995.1,1693.11,-13903.6
25,200,1366.19,-4782.76,2567.6,-13454.9
30,200,1779.2,-4505.89,3366.94,-12892.8
35,200,2138.95,-4171.99,4050.37,-12227.2
40,200,2426.3,-3797.23,4584.95,-11482.5
45,200,2629.94,-3402.33,4953.98,-10693.6
50,200,2747.54,-3007.55,5159.33,-9897.3
55,200,2784.75,-2629.14,5217.77,-9125.19
60,200,2752.86,-2278.1,5154.35,-8399.71
65,200,2666.22,-1960.77,4995.99,-7734.42
70,200,2539.97,-1680.19,4767.32,-7136.04
75,200,2388.5,-1437.05,4488.76,-6606.85
80,200,2224.57,-1230.15,4176.22,-6146.11
85,200,2058.98,-1056.44,3841.62,-5750.41
90,200,1900.67,-911.217,3493.51,-5413.47
95,200,1757.03,-788.84,3137.92,-5125.87
100,200,1634.13,-684.064,2779.17,-4875.21
105,200,1536.62,-593.655,2420.54,-4646.85
110,200,1467.22,-517.62,2064.7,-4425.36
115,200,1426.02,-459.26,1713.71,-4196.25
120,200,1410.28,-423.599,1368.64,-3947.68
125,200,1415.07,-414.491,1029.3,-3671.51
130,200,1434.88,-431.666,694.389,-3363.27
135,200,1465.28,-469.454,362.845,-3021.02
140,200,1503.36,-518.362,36.2542,-2643.68
145,200,1545.89,-568.935,-277.948,-2229.83
150,200,1585.72,-615.535,-563.883,-1778.22
155,200,1608.44,-657.164,-796.978,-1290.55
160,200,1591.77,-694.136,-947.451,-775.831
165,200,1509.18,-722.416,-987.426,-254.135
170,200,1336.66,-729.686,-899.532,243.122
175,200,1060.55,-696.802,-683.572,677.898
180,200,683.441,-605.13,-358.522,1014.55
0,205,-866.175,-6561.78,-1913.17,-14110.3
5,205,-537.535,-6547.76,-1292.5,-14061.8
10,205,-157.497,-6516.03,-659.434,-13948.6
15,205,268.396,-6456.58,-2.89278,-13778.6
20,205,726.277,-6351.57,678.646,-13544.2
25,205,1194.52,-6181.92,1369.62,-13228.2
30,205,1645.89,-5935.26,2037.98,-12815.1
35,205,2051.88,-5611.21,2643.9,-12301.7
40,205,2387.99,-5221.75,3151.86,-11700.5
45,205,2638.02,-4787.1,3539.99,-11037
50,205,2795.82,-4329.94,3802.88,-10341.5
55,205,2864.44,-3870.59,3948.37,-9641.74
60,205,2853.72,-3424.76,3991.72,-8959.73
65,205,2777.58,-3003.41,3950.31,-8310.89
70,205,2651.61,-2613.59,3840.61,-7705.76
75,205,2491.29,-2259.34,3677.07,-7151.4
80,205,2310.78,-1942.06,3472.03,-6651.92
85,205,2122.29,-1660.64,3235.81,-6208.33
90,205,1935.9,-1411.73,2976.79,-5818
95,205,1759.92,-1190.59,2701.64,-5474.48
100,205,1601.2,-992.526,2415.57,-5167.97
105,205,1465.29,-814.532,2122.75,-4886.46
110,205,1356.3,-656.606,1826.52,-4617.33
115,205,1276.49,-521.973,1529.22,-4349.12
120,205,1226.19,-415.819,1231.73,-4072.73
125,205,1204.3,-342.794,933.115,-3781.65
130,205,1209.34,-304.388,631.012,-3470.97
135,205,1240.35,-297.7,323.329,-3135.72
140,205,1296.22,-316.654,11.4721,-2769.54
145,205,1373.05,-355.147,-295.771,-2364.87
150,205,1459.96,-409.889,-579.377,-1915.57
155,205,1535.93,-480.229,-810.388,-1421.38
160,205,1570.3,-563.935,-954.774,-892.766
165,205,1528.01,-651.061,-982.233,-353.583
170,205,1378.54,-720.46,-876.02,160.721
175,205,1105.28,-742.93,-639.655,609.75
180,205,712.088,-691.252,-297.592,957.951
0,210,-1029.62,-7766.6,-1830.4,-13484.7
5,210,-770.792,-7745.64,-1496.68,-13403.9
10,210,-455.908,-7730.85,-1147.99,-13291.8
15,210,-81.5818,-7709,-759.2,-13156.1
20,210,344.159,-7654.37,-316.277,-12986.4
25,210,801.523,-7537.14,174.908,-12759.6
30,210,1261.4,-7333.68,688.554,-12452.1
35,210,1690.91,-7034.29,1187.77,-12051.7
40,210,2060.23,-6645.02,1637.13,-11562.5
45,210,2348.16,-6183.93,2012.28,-11002.3
50,210,2544.39,-5674.69,2302.92,-10395.5
55,210,2648.76,-5140.83,2509.82,-9766.26
60,210,2668.82,-4602.38,2639.68,-9134.58
65,210,2616.99,-4075.03,2700.91,-8516.21
70,210,2508.18,-3570.48,2701.75,-7923.55
75,210,2357.85,-3097.03,2650.1,-7366.47
80,210,2180.58,-2659.87,2553.68,-6852.28
85,210,1989.13,-2261.11,2420.03,-6385.02
90,210,1794.18,-1900.04,2256.24,-5964.82
95,210,1604.5,-1573.93,2068.6,-5587.73
100,210,1427.39,-1279.28,1862.58,-5246.38
105,210,1269.14,-1013.39,1642.88,-4931.33
110,210,1135.18,-775.617,1413.49,-4632.75
115,210,1030.1,-567.896,1177.4,-4342.05
120,210,957.663,-394.055,935.952,-4052.65
125,210,921.12,-258.258,688.381,-3759.55
130,210,923.606,-163.206,432.095,-3457.55
135,210,967.874,-109.23,164.576,-3139.27
140,210,1054.47,-94.962,-113.001,-2794.08
145,210,1178.01,-119.175,-391.349,-2409.5
150,210,1322.77,-181.966,-649.923,-1975.44
155,210,1460.01,-283.146,-857.507,-1489.97
160,210,1549.91,-417.183,-977.956,-964.434
165,210,1548.92,-567.097,-980.178,-424.973
170,210,1420.77,-701.975,-848.767,90.8423
175,210,1147.3,-782.181,-590.614,542.014
180,210,735.315,-772.112,-234.397,894.059
0,215,-1185.23,-8912.32,-1733.7,-12756.5
5,215,-1044.89,-8876,-1670.39,-12640.4
10,215,-843.791,-8869.53,-1591.46,-12511.9
15,215,-568.041,-8877.4,-1461.09,-12380.2
20,215,-218.321,-8867.28,-1255,-12234.9
25,215,188.763,-8799.61,-970.226,-12051.3
30,215,623.365,-8640.06,-625.809,-11802.5
35,215,1049.17,-8369.43,-254.205,-11471.8
40,215,1431.79,-7987.11,111.179,-11058.2
45,215,1745.44,-7507.93,445.553,-10574.2
50,215,1975.72,-6955.4,735.619,-10039.6
55,215,2118.95,-6355.22,976.813,-9474.65
60,215,2179.57,-5731.09,1168.7,-8896.8
65,215,2167.37,-5103.09,1311.83,-8320.51
70,215,2095.16,-4487.62,1406.87,-7758.11
75,215,1976.87,-3897.59,1455.26,-7220.33
80,215,1826.13,-3342.47,1459.83,-6715.83
85,215,1655.25,-2828.2,1424.78,-6250.3
90,215,1474.75,-2357.25,1355.17,-5825.66
95,215,1293.51,-1929.22,1256.28,-5439.97
100,215,1119.22,-1541.91,1133.22,-5088.05
105,215,958.911,-1192.73,990.795,-4762.86
110,215,819.376,-879.936,833.433,-4457.07
115,215,707.431,-603.479,664.79,-4164.48
120,215,630.12,-365.179,487.055,-3880.41
125,215,594.845,-168.256,300.247,-3600.85
130,215,609.1,-16.5939,102.286,-3320.33
135,215,679.112,85.786,-109.261,-3029.68
140,215,806.749,134.716,-333.487,-2715.34
145,215,984.823,125.709,-561.434,-2361.52
150,215,1192.38,54.8172,-772.671,-1955.48
155,215,1392.79,-78.0986,-935.884,-1494.1
160,215,1537.29,-263.631,-1015.02,-988.94
165,215,1574.52,-477.133,-979.879,-466.864
170,215,1463.56,-677.676,-817.091,34.5033
175,215,1186.02,-815.46,-536.46,475.387
180,215,752.946,-847.096,-169.418,823.363
0,220,-1331.83,-9990.21,-1623.8,-11931.2
5,220,-1354.96,-9928.99,-1806.06,-11778.4
10,220,-1312.86,-9917.15,-1973.38,-11618.4
15,220,-1180.21,-9938.24,-2082.45,-11462.6
20,220,-949.153,-9955.42,-2101.02,-11303.4
25,220,-631.719,-9921.72,-2018.32,-11118.7
30,220,-256.979,-9793.99,-1846.5,-10882.7
35,220,136.761,-9544.72,-1612.74,-10578.5
40,220,511.721,-9166.99,-1347.25,-10203.1
45,220,838.295,-8672.08,-1074.05,-9766.58
50,220,1098.29,-8082.66,-808.128,-9285.21
55,220,1284.2,-7425.75,-557.987,-8775.67
60,220,1396.55,-6727.88,-329.637,-8252.22
65,220,1441.17,-6012.9,-128.938,-7726.76
70,220,1427.08,-5301.29,38.4576,-7209.83
75,220,1364.97,-4610.06,168.369,-6711.15
80,220,1265.96,-3952.45,259.102,-6239.11
85,220,1140.75,-3337.66,311.524,-5799.77
90,220,999.093,-2770.77,328.396,-5396
95,220,849.839,-2253.18,313.518,-5027.29
100,220,701.184,-1783.61,271.132,-4690.3
105,220,561.116,-1359.33,205.676,-4379.98
110,220,437.832,-977.495,121.662,-4090.92
115,220,340.112,-636.373,23.33,-3818.51
120,220,277.65,-336.19,-86.1091,-3559.15
125,220,261.131,-79.713,-205.403,-3309.25
130,220,301.531,127.56,-335.558,-3063.06
135,220,407.868,277.595,-478.504,-2810.41
140,220,582.974,360.517,-633.624,-2536.28
145,220,817.865,366.121,-793.012,-2223.29
150,220,1086.76,286.818,-937.813,-1857.47
155,220,1345.89,122.506,-1038.61,-1435.04
160,220,1538.62,-113.178,-1061.54,-967.068
165,220,1607.02,-387.87,-978.904,-479.56
170,220,1506.9,-651.074,-780.069,-8.16959
175,220,1220.82,-843.723,-477.262,410.296
180,220,764.847,-915.634,-103.15,746.4
0,225,-1468.28,-10992.1,-1501.54,-11015.1
5,225,-1694.78,-10895.7,-1896.96,-10826
10,225,-1851.82,-10860.4,-2278.84,-10622.9
15,225,-1902.22,-10870.6,-2599.2,-10419.8
20,225,-1828.7,-10887.6,-2819.97,-10214.3
25,225,-1637.26,-10860.5,-2923.74,-9989.97
30,225,-1354.48,-10740.4,-2916.1,-9726.31
35,225,-1018.96,-10494,-2818.72,-9409.63
40,225,-670.512,-10109.5,-2658.27,-9038.62
45,225,-341.765,-9594.96,-2457.51,-8622.69
50,225,-54.5258,-8972.16,-2232.44,-8176.02
55,225,179.468,-8268.83,-1994.41,-7712.16
60,225,355.864,-7513.48,-1753.46,-7241.78
65,225,475.109,-6732.63,-1520.12,-6773.18
70,225,540.781,-5949.65,-1304.7,-6313.7
75,225,558.628,-5184.19,-1115.64,-5870.58
80,225,535.881,-4451.69,-958.29,-5450.61
85,225,480.674,-3762.96,-834.755,-5059.16
90,225,401.601,-3124.16,-744.595,-4699.29
95,225,307.472,-2537.33,-685.782,-4371.37
100,225,207.248,-2001.38,-655.339,-4073.32
105,225,110.088,-1513.4,-649.578,-3801.42
110,225,25.5195,-1070.07,-664.137,-3551.4
115,225,-36.2326,-669.021,-694.254,-3319.43
120,225,-63.8002,-310.179,-735.577,-3102.26
125,225,-44.4843,3.03531,-785.343,-2896.32
130,225,34.893,262.867,-843.148,-2695.74
135,225,185.192,457.227,-910.159,-2490.21
140,225,409.848,571.001,-986.082,-2264.63
145,225,698.408,589.017,-1064.58,-2001.64
150,225,1021.25,500.773,-1129.49,-1687.3
155,225,1328.93,306.69,-1154.91,-1317.49
160,225,1558.68,24.6815,-1110.97,-902.209
165,225,1647.84,-305.707,-973.959,-465.061
170,225,1550.43,-625.532,-736.618,-37.9194
175,225,1251,-867.92,-413.163,346.906
180,225,770.926,-977.202,-36.0968,663.757
0,230,-1593.56,-11910.3,-1367.86,-10015.2
5,230,-2056.95,-11768.2,-1937.52,-9792.68
10,230,-2446.67,-11688.3,-2495.12,-9539.44
15,230,-2713.6,-11657.5,-2990.42,-9272.95
20,230,-2830.29,-11638.6,-3381.49,-8997.34
25,230,-2795.35,-11581,-3645.66,-8704.49
30,230,-2631.13,-11434.3,-3782.63,-8382.04
35,230,-2374.85,-11162.8,-3809.02,-8022.78
40,230,-2067.2,-10752.1,-3748.2,-7629.31
45,230,-1743.31,-10208.6,-3621.83,-7212.31
50,230,-1428.76,-9553.02,-3446.7,-6784.96
55,230,-1140.23,-8813.49,-3236.14,-6358.13
60,230,-888.031,-8019.43,-3002.8,-5938.7
65,230,-678.354,-7198.55,-2759.96,-5530.67
70,230,-514.371,-6375.24,-2520.67,-5137.26
75,230,-396.429,-5569.67,-2296.07,-4762.14
80,230,-322.059,-4797.22,-2094.07,-4409.52
85,230,-286.17,-4068.15,-1919.19,-4083.3
90,230,-281.486,-3387.85,-1773.18,-3786.03
95,230,-299.134,-2757.65,-1655.88,-3518.31
100,230,-329.264,-2176,-1565.76,-3278.62
105,230,-361.573,-1639.96,-1499.97,-3063.88
110,230,-385.559,-1146.55,-1454.33,-2870.28
115,230,-390.331,-694.085,-1423.52,-2694.14
120,230,-364.037,-283.645,-1402,-2532.18
125,230,-293.409,79.5376,-1385.48,-2380.81
130,230,-164.481,384.95,-1372.11,-2234.31
135,230,34.4018,616.736,-1362.26,-2083.03
140,230,306.919,755.474,-1355.96,-1912.9
145,230,641.647,782.19,-1348.66,-1707.81
150,230,1006.45,684.44,-1327.51,-1454.71
155,230,1348.18,463.568,-1271.25,-1149.41
160,230,1600.22,141.419,-1155.31,-800.17
165,230,1697.33,-236.365,-961.204,-426.922
170,230,1593.4,-604.072,-685.615,-56.2838
175,230,1275.84,-888.928,-344.404,285.13
180,230,771.139,-1031.33,31.2312,576.063
0,235,-1706.72,-12737.8,-1223.77,-8939.01
5,235,-2433.12,-12539.8,-1923.45,-8688.27
10,235,-3081.19,-12392.4,-2612.19,-8383.8
15,235,-3589.99,-12286.5,-3239.36,-8046.54
20,235,-3921.3,-12190.7,-3761.05,-7688.1
25,235,-4065.19,-12058.9,-4150.78,-7310.21
30,235,-4038.26,-11844.4,-4403.54,-6910.63
35,235,-3875.04,-11513.2,-4531.73,-6490.51
40,235,-3616.35,-11051.4,-4556.17,-6057.98
45,235,-3299.9,-10465.3,-4497.93,-5626.16
50,235,-2955.77,-9775.2,-4374.61,-5208.03
55,235,-2606.58,-9008.86,-4200.89,-4812.14
60,235,-2269.6,-8195.23,-3990.65,-4441.62
65,235,-1958.53,-7361.2,-3758.08,-4095.94
70,235,-1683.86,-6529.84,-3517.13,-3773.68
75,235,-1452.32,-5719.41,-3280,-3474.41
80,235,-1266.26,-4942.99,-3056.07,-3199.14
85,235,-1123.55,-4208.4,-2851.63,-2949.66
90,235,-1018.12,-3518.83,-2670.3,-2727.39
95,235,-941.011,-2873.96,-2513.59,-2532.49
100,235,-881.654,-2271.47,-2381.22,-2363.42
105,235,-829.013,-1708.48,-2270.97,-2217.21
110,235,-772.309,-1182.93,-2178.63,-2090.1
115,235,-700.975,-694.697,-2098.31,-1978.41
120,235,-603.915,-246.856,-2023.45,-1878.82
125,235,-468.696,152.94,-1948.54,-1787.87
130,235,-281.936,491.363,-1870.62,-1700.44
135,235,-32.224,749.401,-1789.42,-1608.03
140,235,283.965,904.432,-1705.22,-1498.35
145,235,654.732,934.912,-1615.16,-1357.26
150,235,1046.87,827.304,-1509.76,-1173.1
155,235,1405.73,583.986,-1372.81,-941.618
160,235,1663.42,229.975,-1185.94,-668.823
165,235,1754.54,-184.554,-936.659,-370.008
170,235,1634.63,-589.208,-626.041,-65.4753
175,235,1294.57,-907.498,-271.35,224.668
180,235,765.482,-1077.62,98.3216,483.984
0,240,-1806.88,-13468.4,-1070.36,-7794.82
5,240,-2814.19,-13205.3,-1851.98,-7523.38
10,240,-3737.5,-12967.1,-2623.13,-7172.69
15,240,-4504.09,-12751.2,-3334.32,-6767.04
20,240,-5064.68,-12535.1,-3941.34,-6325.62
25,240,-5399.91,-12282.6,-4415.58,-5860.51
30,240,-5519.6,-11955.9,-4748.75,-5380.21
35,240,-5454.84,-11527.4,-4950.21,-4894.96
40,240,-5246.59,-10987.1,-5039.14,-4418.94
45,240,-4935.82,-10342.9,-5036.59,-3968.15
50,240,-4558.3,-9615.15,-4961.06,-3555.64
55,240,-4143.8,-8830.22,-4828,-3188
60,240,-3717.4,-8014.7,-4651.33,-2864.87
65,240,-3300.49,-7192.26,-4444.62,-2581.4
70,240,-2910.53,-6382.04,-4221.06,-2331.62
75,240,-2559.94,-5598.18,-3992.56,-2110.87
80,240,-2255.18,-4849.71,-3768.91,-1916.7
85,240,-1996.52,-4140.92,-3557.44,-1748.39
90,240,-1778.85,-3472.27,-3363.05,-1605.74
95,240,-1593.28,-2841.69,-3188.4,-1487.99
100,240,-1428.99,-2246.04,-3033.85,-1393.22
105,240,-1274.94,-1682.6,-2897.35,-1318.37
110,240,-1120.97,-1150.19,-2774.43,-1259.79
115,240,-957.856,-650.179,-2658.64,-1213.95
120,240,-776.362,-187.515,-2542.88,-1177.8
125,240,-566.093,228.039,-2421.08,-1148.3
130,240,-315.46,580.921,-2289.82,-1121.16
135,240,-14.3078,849.863,-2148.44,-1089.36
140,240,340.239,1010.16,-1997.38,-1042.67
145,240,736.136,1038.68,-1834.97,-969.186
150,240,1140.43,921.305,-1654.67,-858.833
155,240,1499.13,661.138,-1445.21,-707.205
160,240,1745.75,285.194,-1194.56,-517.635
165,240,1817.22,-153.705,-896.658,-300.178
170,240,1672.48,-582.804,-557.139,-68.2223
175,240,1306.41,-924.213,-194.505,165.047
180,240,754,-1115.7,164.664,388.222
0,245,-1893.29,-14096.6,-908.808,-6591.3
5,245,-3190.67,-13760.5,-1721.92,-6308.93
10,245,-4396.66,-13410.1,-2524.41,-5923.25
15,245,-5426.89,-13050.7,-3269.15,-5461.56
20,245,-6220.8,-12672.6,-3913.26,-4950.01
25,245,-6749.24,-12254.5,-4427.74,-4410.34
30,245,-7014.89,-11772.4,-4802.67,-3861.19
35,245,-7045.39,-11210,-5045.63,-3321.19
40,245,-6882.47,-10564.6,-5174.97,-2810.04
45,245,-6571.66,-9847.39,-5212.11,-2346.14
50,245,-6155.92,-9078.82,-5176.31,-1942.53
55,245,-5673.37,-8282.52,-5083.23,-1604.01
60,245,-5157.29,-7480.49,-4945.86,-1327.29
65,245,-4636.3,-6690.51,-4776.01,-1103.87
70,245,-4133.66,-5925.44,-4584.92,-923.788
75,245,-3666.12,-5193.43,-4383.17,-778.555
80,245,-3242.95,-4498.48,-4180.07,-662.378
85,245,-2866.05,-3841.17,-3983.15,-571.898
90,245,-2531.1,-3219.56,-3797.81,-505.104
95,245,-2229.55,-2630.3,-3626.99,-460.195
100,245,-1950.98,-2069.82,-3470.98,-434.854
105,245,-1685.15,-1535.47,-3327.3,-426.125
110,245,-1423.32,-1026.47,-3190.95,-430.776
115,245,-1158.34,-544.833,-3055.22,-445.828
120,245,-883.627,-96.3176,-2913.05,-468.807
125,245,-591.702,308.377,-2758.7,-497.336
130,245,-273.757,652.67,-2588.96,-528.053
135,245,78.131,914.237,-2403.15,-555.392
140,245,465.546,1067.34,-2201.62,-571.162
145,245,876.352,1087.98,-1983.27,-565.706
150,245,1278.83,961.506,-1743.72,-530.474
155,245,1621.63,691.048,-1476.01,-460.783
160,245,1842.07,304.153,-1174.14,-357.07
165,245,1881.87,-145.776,-838.301,-223.901
170,245,1704.96,-585.981,-478.565,-67.5831
175,245,1310.61,-939.454,-114.536,105.668
180,245,736.78,-1145.29,229.752,289.505
0,250,-1965.29,-14617.4,-740.338,-5337.63
5,250,-3552.87,-14202.9,-1533.73,-5055.98
10,250,-5039.41,-13721.8,-2316.06,-4652.32
15,250,-6328.82,-13190,-3043.62,-4156.31
20,250,-7349.39,-12613.5,-3676.38,-3599.77
25,250,-8062.37,-11990.3,-4186.8,-3012.32
30,250,-8463.66,-11315.2,-4564.98,-2420.77
35,250,-8578.2,-10587.4,-4817.88,-1850.27
40,250,-8449.68,-9814.56,-4963.54,-1324.32
45,250,-8129.77,-9012.5,-5023.61,-862.542
50,250,-7670.12,-8201.39,-5017.64,-477.388
55,250,-7118.13,-7400.59,-4960.83,-172.05
60,250,-6515.27,-6625.16,-4864.53,58.9242
65,250,-5896.39,-5884.59,-4738.05,226.629
70,250,-5288.95,-5183.46,-4590.03,343.922
75,250,-4712.23,-4522.75,-4428.98,422.305
80,250,-4177.01,-3901.07,-4263.03,470.385
85,250,-3686.08,-3315.6,-4099.15,493.846
90,250,-3235.79,-2762.7,-3942.36,496.312
95,250,-2818.33,-2238.45,-3795.06,480.39
100,250,-2424.24,-1739.3,-3656.76,448.443
105,250,-2044.61,-1262.67,-3524.08,402.882
110,250,-1672.52,-807.596,-3391.44,346.066
115,250,-1303.22,-375.64,-3252.11,280.05
120,250,-933.075,28.0854,-3099.71,206.518
125,250,-557.987,393.593,-2929.49,127.168
130,250,-172.672,704.928,-2739.02,44.555
135,250,227.678,940.172,-2527.82,-37.0153
140,250,642.592,1073.63,-2295.91,-111.198
145,250,1059.59,1080.9,-2042.1,-170.411
150,250,1448.78,946.583,-1763.36,-207.532
155,250,1762.86,672.902,-1456.16,-217.523
160,250,1945.1,286.334,-1119.74,-197.907
165,250,1943.98,-161.17,-759.847,-147.838
170,250,1729.8,-599.08,-390.518,-66.7433
175,250,1306.44,-953.382,-32.2749,45.8686
180,250,713.952,-1166.16,293.093,188.585
0,255,-2022.34,-15027,-566.234,-4043.33
5,255,-3891.3,-14531,-1289.57,-3775.51
10,255,-5646.85,-13905.8,-2001.69,-3375.78
15,255,-7181.1,-13179.3,-2663.33,-2875.22
20,255,-8411.59,-12376.6,-3238.86,-2309.34
25,255,-9290.78,-11518.2,-3703.95,-1712.93
30,255,-9808.89,-10622,-4050.24,-1117.85
35,255,-9989.54,-9705.92,-4284.95,-552.706
40,255,-9879.9,-8790.28,-4425.8,-42.2269
45,255,-9539.28,-7896.51,-4494.01,394.558
50,255,-9029.26,-7043.83,-4508.51,746.632
55,255,-8407.01,-6245.7,-4483.12,1012.26
60,255,-7721.81,-5508.19,-4427.02,1198.12
65,255,-7013.53,-4830.7,-4346.62,1316.48
70,255,-6312.15,-4208.25,-4247.7,1381.62
75,255,-5637.91,-3634.04,-4136.4,1406.74
80,255,-5001.84,-3101.25,-4019.12,1402.32
85,255,-4407.06,-2603.99,-3901.63,1375.64
90,255,-3850.54,-2137.43,-3787.95,1331.36
95,255,-3325.46,-1697.62,-3679.41,1272.34
100,255,-2823.57,-1281.36,-3574.36,1200.45
105,255,-2337.44,-886.187,-3468.42,1117.01
110,255,-1861.9,-510.694,-3355.5,1023.09
115,255,-1394.35,-155.219,-3229.16,919.57
120,255,-933.98,176.988,-3083.95,807.323
125,255,-480.163,478.22,-2916.36,687.529
130,255,-31.5466,734.864,-2724.9,562.223
135,255,412.869,926.952,-2509.22,434.768
140,255,849.813,1029.92,-2268.79,309.934
145,255,1266,1019.42,-2001.96,193.402
150,255,1633.5,879.031,-1706.35,90.9441
155,255,1909.98,609.116,-1380.95,7.90461
160,255,2046.02,233.628,-1029.11,-50.5147
165,255,1998.38,-198.751,-661.026,-78.4075
170,255,1744.63,-621.658,-293.833,-68.8113
175,255,1293.3,-965.93,51.2716,-15.0202
180,255,685.69,-1178.16,354.202,86.2294
0,260,-2064,-15322.2,-387.821,-2718.25
5,260,-4196.87,-14744.6,-993.164,-2478.23
10,260,-6201.09,-13967.9,-1588.25,-2107.95
15,260,-7956.89,-13033.5,-2139.4,-1638.66
20,260,-9371.79,-11987.7,-2616.82,-1106.98
25,260,-10390.8,-10876.7,-3000.97,-549.304
30,260,-11000.3,-9743.47,-3286.3,1.44165
35,260,-11224.2,-8627.4,-3480.73,517.083
40,260,-11115,-7562.72,-3601.15,974.887
45,260,-10740.6,-6576.65,-3667.14,1358.59
50,260,-10173.4,-5686.67,-3695.49,1659.59
55,260,-9480.2,-4898.97,-3697.63,1877.43
60,260,-8717.6,-4209.24,-3679.9,2018.93
65,260,-7929.34,-3605.78,-3645.78,2095.89
70,260,-7146.57,-3073.55,-3598.15,2122.19
75,260,-6389.19,-2597.84,-3540.71,2111.12
80,260,-5667.61,-2166.51,-3477.89,2073.61
85,260,-4984.69,-1770.65,-3413.94,2017.51
90,260,-4337.86,-1404.3,-3351.58,1947.66
95,260,-3721.18,-1063.52,-3291,1866.52
100,260,-3127.54,-745.551,-3229.57,1774.84
105,260,-2550.68,-448.201,-3162.24,1672.45
110,260,-1986.73,-169.661,-3082.75,1558.82
115,260,-1434.78,91.1151,-2985.07,1433.55
120,260,-896.365,333.329,-2864.58,1296.8
125,260,-374.092,552.591,-2718.72,1149.51
130,260,129.409,738.952,-2546.49,993.567
135,260,610.982,875.72,-2347.37,831.736
140,260,1064.02,940.476,-2120.11,667.489
145,260,1473.94,909.415,-1862.46,504.74
150,260,1814.6,765.017,-1572.36,347.893
155,260,2048.88,505.147,-1250.49,202.414
160,260,2135.34,150.147,-903.063,75.8577
165,260,2039.69,-255.967,-543.206,-21.3757
170,260,1747.15,-652.552,-190.025,-76.6254
175,260,1270.69,-976.816,134.938,-77.6197
180,260,652.21,-1181.19,412.616,-16.7822
0,265,-2089.94,-15500.8,-206.456,-1372.49
5,265,-4461.24,-14844.8,-649.783,-1174.42
10,265,-6685.94,-13916,-1085.86,-861.157
15,265,-8632.42,-12770.8,-1487.88,-462.474
20,265,-10199.2,-11478.1,-1833.28,-13.08
25,265,-11325.8,-10111,-2108.6,453.17
30,265,-11996.8,-8739.31,-2311.93,906.909
35,265,-12238.7,-7424.2,-2451.86,1324.72
40,265,-12110.3,-6214.17,-2543.48,1689.33
45,265,-11689.2,-5141.79,-2602.96,1989.48
50,265,-11058.3,-4222.01,-2643.2,2219.89
55,265,-10294.1,-3452.84,-2671.79,2381.17
60,265,-9459.44,-2819.07,-2691.62,2479.11
65,265,-8601.2,-2297.71,-2703.1,2523.34
70,265,-7750.84,-1863.91,-2706.43,2525.39
75,265,-6927.09,-1495.33,-2702.97,2496.74
80,265,-6138.95,-1174.6,-2695.26,2447.15
85,265,-5388.49,-889.712,-2685.98,2383.7
90,265,-4673,-633.195,-2676.73,2310.5
95,265,-3986.96,-400.765,-2666.98,2228.9
100,265,-3323.91,-189.916,-2653.74,2138.18
105,265,-2678.28,1.22077,-2632.05,2036.35
110,265,-2046.96,174.62,-2595.97,1921.2
115,265,-1430.17,332.472,-2539.96,1791.08
120,265,-831.261,476.389,-2459.86,1645.58
125,265,-255.606,605.571,-2353.22,1485.66
130,265,290.521,714.302,-2218.75,1313.39
135,265,799.918,789.889,-2055.21,1131.26
140,265,1262.5,812.762,-1860.55,941.656
145,265,1662.05,760.207,-1632.04,746.812
150,265,1973.8,613.861,-1367.89,549.659
155,265,2165.58,369.002,-1069.83,355.489
160,265,2203.72,41.8578,-745.528,173.703
165,265,2062.76,-329.08,-409.429,18.4961
170,265,1735.3,-689.976,-81.2793,-92.5848
175,265,1238.31,-985.563,217.421,-142.45
180,265,613.766,-1175.24,467.89,-119.666
0,270,-2099.98,-15561.4,-23.5199,-16.2898
5,270,-4677.03,-14833.3,-266.041,126.203
10,270,-7087.38,-13759.2,-507.302,354.595
15,270,-9187.81,-12411.2,-728.871,642.566
20,270,-10869.3,-10881.5,-916.689,960.75
25,270,-12067.8,-9270.2,-1064.29,1282.27
30,270,-12768.7,-7673.23,-1173.69,1586.1
35,270,-13002.9,-6172.95,-1253.68,1857.95
40,270,-12836.8,-4831.05,-1316.11,2089.32
45,270,-12357.8,-3684.52,-1371.8,2275.93
50,270,-11658.7,-2745,-1427.66,2416.55
55,270,-10824.6,-2002.16,-1485.88,2512.5
60,270,-9924.27,-1430.09,-1545.06,2567.46
65,270,-9006.94,-995.284,-1602.35,2587.27
70,270,-8103.99,-663.826,-1655.48,2579.27
75,270,-7232.51,-406.418,-1703.79,2551.17
80,270,-6399.55,-200.694,-1748.18,2509.84
85,270,-5605.57,-31.3681,-1790.16,2460.21
90,270,-4846.93,110.939,-1830.69,2404.65
95,270,-4117.7,231.375,-1869.25,2342.91
100,270,-3411.35,332.591,-1903.44,2272.52
105,270,-2722.44,416.314,-1929.24,2189.72
110,270,-2048.21,484.605,-1941.68,2090.66
115,270,-1389.57,540.499,-1935.78,1972.58
120,270,-751.159,587.583,-1907.33,1834.67
125,270,-140.477,628.188,-1853.11,1678.09
130,270,433.242,660.465,-1770.61,1505.26
135,270,959.329,675.597,-1657.36,1318.59
140,270,1424.52,657.07,-1510.48,1119.5
145,270,1810.85,583.779,-1327.07,908.57
150,270,2094.5,437.187,-1105.69,687.122
155,270,2247.44,210.519,-848.509,459.947
160,270,2242.88,-83.9353,-563.354,237.738
165,270,2063.21,-413.474,-264.289,37.7254
170,270,1707.49,-731.659,29.6195,-118.517
175,270,1196.04,-991.532,297.306,-209.885
180,270,570.652,-1160.33,519.603,-221.639
0,275,-2094.04,-15503.6,159.595,1340.04
5,275,-4838.07,-14712.9,150.283,1414.56
10,275,-7394.01,-13507.4,132.437,1531.75
15,275,-9607.72,-11975.5,114.41,1671.04
20,275,-11364.1,-10232.1,100.673,1811.99
25,275,-12598.2,-8402.91,90.2552,1939.17
30,275,-13298.2,-6607.95,77.4162,2044.48
35,275,-13501.3,-4948.35,54.1732,2126.69
40,275,-13282.1,-3496.87,13.5479,2188.83
45,275,-12737.2,-2293.42,-47.8642,2235.1
50,275,-11968.5,-1345.89,-128.94,2268.68
55,275,-11068.3,-635.962,-224.812,2291.14
60,275,-10110.3,-128.184,-328.783,2303.1
65,275,-9145.89,220.13,-434.426,2305.34
70,275,-8206.13,450.633,-537.111,2299.4
75,275,-7306.38,598.678,-634.565,2287.57
80,275,-6451.34,691.14,-726.55,2272.2
85,275,-5639.13,746.533,-813.985,2254.75
90,275,-4864.23,776.4,-897.92,2234.96
95,275,-4119.38,787.185,-978.692,2210.49
100,275,-3397.24,782.188,-1055.41,2177.09
105,275,-2691.99,763.443,-1125.81,2129.39
110,275,-2000.84,733.343,-1186.44,2062.24
115,275,-1325.01,695.655,-1233,1972.03
120,275,-669.896,655.348,-1260.85,1857.65
125,275,-44.3037,616.857,-1265.41,1720.49
130,275,540.533,581.013,-1242.36,1563.31
135,275,1071.4,541.928,-1187.74,1388.39
140,275,1532.46,485.838,-1098,1196.2
145,275,1904.18,393.702,-970.318,985.649
150,275,2163.12,247.818,-803.598,756.375
155,275,2284.33,40.4642,-599.872,512.394
160,275,2246.36,-219.216,-365.833,265.183
165,275,2037.77,-504.01,-113.666,34.276
170,275,1662.73,-775.006,139.411,-155.588
175,275,1144.04,-993.962,373.12,-280.123
180,275,523.194,-1136.6,567.361,-321.926
0,280,-2072.16,-15327.8,341.496,2686.17
5,280,-4939.54,-14486.8,590.472,2682.26
10,280,-7597.4,-13170.7,816.733,2665.21
15,280,-9881.75,-11483.6,1016.75,2622.65
20,280,-11673.3,-9561.85,1184.52,2546.74
25,280,-12908.1,-7553.92,1311.64,2437.62
30,280,-13579.7,-5600.38,1389.44,2304.09
35,280,-13732.4,-3817.4,1412.1,2161.12
40,280,-13449.4,-2285.71,1379.28,2025.23
45,280,-12835.6,-1046.37,1296.92,1909.85
50,280,-12000.1,-103.217,1176.03,1822.49
55,280,-11040.9,569.015,1030.03,1764.47
60,280,-10035.5,1013.56,871.928,1732.63
65,280,-9036.88,1280.32,712.224,1721.76
70,280,-8076.08,1417.02,557.917,1726.57
75,280,-7166.77,1463.85,412.55,1742.72
80,280,-6311.19,1451.48,276.901,1766.77
85,280,-5504.72,1401.3,149.935,1795.6
90,280,-4739.27,1327.02,29.7505,1825.55
95,280,-4005.54,1236.64,-85.5949,1851.81
100,280,-3294.71,1134.62,-197.387,1868.4
105,280,-2600.08,1023.9,-305.673,1868.68
110,280,-1918.36,907.659,-408.837,1846.59
115,280,-1250.55,790.412,-503.436,1798
120,280,-602.052,677.841,-584.433,1721.65
125,280,17.9918,575.141,-645.842,1619.03
130,280,597.457,484.154,-681.622,1492.93
135,280,1121.63,400.505,-686.511,1345.25
140,280,1572.9,312.574,-656.515,1175.39
145,280,1930.29,203.802,-589.064,980.6
150,280,2170.25,58.5268,-483.171,758.862
155,280,2269.54,-130.453,-340.004,513.311
160,280,2210.14,-355.921,-164.028,255.828
165,280,1984.7,-595.415,35.6515,7.60879
170,280,1600.76,-817.272,244.529,-204.26
175,280,1082.7,-992.019,443.37,-353.157
180,280,471.754,-1104.22,610.802,-419.762
0,285,-2034.52,-15035.4,520.797,4011.86
5,285,-4978.12,-14158.8,1045.13,3921.62
10,285,-7692.17,-12758.4,1527.93,3752.09
15,285,-10004.5,-10953.3,1952.01,3501.72
20,285,-11793.4,-8898.34,2300.25,3178.61
25,285,-12998.2,-6760.98,2557.27,2802.04
30,285,-13618.8,-4697.56,2712.66,2400.8
35,285,-13707.9,-2834.57,2764.46,2008.13
40,285,-13356.5,-1257.03,2720.7,1654.93
45,285,-12676.2,-5.17277,2598.34,1363.86
50,285,-11781.3,921.278,2419.67,1146.25
55,285,-10773.9,1553.09,2207.84,1002.61
60,285,-9733.59,1938.99,1983.04,925.475
65,285,-8714.66,2133.75,1760.37,903.246
70,285,-7747.86,2189.19,1549.38,923.32
75,285,-6845.67,2148.89,1354.66,974.082
80,285,-6008.16,2046.34,1177.04,1045.61
85,285,-5228.09,1905.32,1014.76,1129.47
90,285,-4494.68,1741.49,864.42,1218.04
95,285,-3796.2,1564.54,721.987,1303.84
100,285,-3121.92,1380.45,583.676,1379.2
105,285,-2463.65,1193.55,446.949,1436.57
110,285,-1816.92,1008.16,311.426,1469.42
115,285,-1181.64,829.435,179.444,1473.43
120,285,-562.18,662.99,55.9624,1447.2
125,285,33.0606,513.402,-52.3163,1392.04
130,285,592.175,381.876,-138.377,1310.31
135,285,1099.93,264.205,-196.29,1203.12
140,285,1537.57,150.358,-221.958,1068.57
145,285,1882.86,26.6896,-212.962,902.337
150,285,2111.48,-119.217,-167.959,700.95
155,285,2200.46,-292.524,-86.4888,466.757
160,285,2133.1,-486.571,30.0695,211.864
165,285,1903.97,-682.65,176.442,-41.3845
170,285,1522.15,-855.733,341.31,-264.301
175,285,1012.7,-984.843,506.612,-428.774
180,285,416.724,-1063.43,649.593,-514.403
0,290,-1981.38,-14628.5,696.135,5307.01
5,290,-4952.07,-13732.8,1504.43,5125.59
10,290,-7676.15,-12279.1,2247.94,4791.43
15,290,-9975.39,-10399.2,2894.18,4316.27
20,290,-11727.8,-8263.17,3414.56,3727.05
25,290,-12877.2,-6052.42,3787.46,3064.92
30,290,-13431.1,-3933.57,4002.32,2380.61
35,290,-13450.1,-2038.24,4062.78,1726.48
40,290,-13032.1,-451.844,3986.91,1147.69
45,290,-12293.6,788.206,3803.92,675.318
50,290,-11351.9,1686.19,3548.3,323.679
55,290,-10310.7,2276.71,3253.58,91.8082
60,290,-9250.44,2611.48,2947.69,-32.2726
65,290,-8225.8,2747.58,2650.81,-66.5778
70,290,-7267.33,2738.7,2375.26,-30.953
75,290,-6386.71,2630.24,2126.73,55.7173
80,290,-5582.52,2457.45,1905.86,176.881
85,290,-4845.51,2245.83,1709.76,318.585
90,290,-4162.58,2012.73,1533.24,469.06
95,290,-3519.66,1769.47,1369.98,618.062
100,290,-2903.81,1523.67,1213.72,756.388
105,290,-2304.72,1281.12,1059.5,875.855
110,290,-1715.79,1047.21,904.896,969.806
115,290,-1134.75,827.242,750.711,1033.87
120,290,-563.797,625.981,600.957,1066.47
125,290,-9.49754,446.272,461.854,1068.3
130,290,517.406,287.573,340.179,1040.76
135,290,1001.92,145.054,241.655,983.643
140,290,1424.59,10.0626,170.188,893.599
145,290,1761.88,-127.678,128.309,764.888
150,290,1988.03,-276.356,118.326,592.979
155,290,2078.91,-437.852,142.984,379.74
160,290,2017.24,-604.817,204.47,137.517
165,290,1797.37,-761.228,301.573,-110.553
170,290,1428.31,-887.847,426.208,-334.831
175,290,934.961,-971.6,561.5,-506.548
180,290,358.522,-1014.55,683.441,-605.13
0,295,-1913.17,-14110.3,866.175,6561.78
5,295,-4861.3,-13213,1958.43,6287.71
10,295,-7550.2,-11739.7,2958.8,5783.74
15,295,-9798.41,-9832.08,3818.28,5076.98
20,295,-11485.5,-7670.76,4496.71,4215.38
25,295,-12560.9,-5445.62,4967.21,3263.66
30,295,-13039.5,-3327.73,5220.67,2295.2
35,295,-12989.3,-1448.69,5268.08,1381.2
40,295,-12513.2,109.436,5138.92,579.923
45,295,-11730.3,1313.74,4875.47,-70.4841
50,295,-10758.8,2172.37,4524.74,-553.91
55,295,-9701.55,2722.07,4130.8,-873.389
60,295,-8638.64,3015.18,3729.49,-1045.49
65,295,-7624.14,3108.51,3346.3,-1094.3
70,295,-6688.33,3055.44,2996.62,-1046.37
75,295,-5842.47,2901.47,2687.43,-927.334
80,295,-5084.39,2682.49,2419.28,-759.967
85,295,-4403.61,2425,2188.15,-563.441
90,295,-3785.36,2147.58,1987.09,-353.469
95,295,-3213.55,1862.89,1807.62,-142.87
100,295,-2672.91,1579.84,1641.21,57.807
105,295,-2150.46,1305.26,1480.66,239.941
110,295,-1636.62,1044.93,1321.34,396.885
115,295,-1125.93,803.661,1161.95,524.253
120,295,-617.452,584.638,1004.51,620.009
125,295,-115.073,388.487,853.423,683.843
130,295,372.308,212.669,713.982,715.63
135,295,830.42,51.739,590.905,713.441
140,295,1239.37,-101.36,487.724,672.372
145,295,1574.18,-253.151,407.408,585.564
150,295,1806.97,-407.041,353.733,447.926
155,295,1911.27,-560.908,332.066,261.324
160,295,1867.6,-705.831,348.147,38.5234
165,295,1668.44,-827.474,404.532,-196.741
170,295,1321.42,-911.385,496.026,-414.418
175,295,850.671,-951.522,606.845,-585.857
180,295,297.592,-957.951,712.088,-691.252
0,300,-1830.4,-13484.7,1029.62,7766.6
5,300,-4707.27,-12603.7,2397.28,7402
10,300,-7318.15,-11145.6,3643.21,6730.46
15,300,-9481.49,-9258.32,4701.12,5795.93
20,300,-11080.3,-7127.76,5519.5,4668.58
25,300,-12070.1,-4946.44,6067.28,3437.19
30,300,-12472.4,-2884.1,6338.26,2197.37
35,300,-12360.7,-1067.62,6352.19,1037.74
40,300,-11840.8,427.32,6150.88,27.8502
45,300,-11032.2,1573.68,5790.04,-788.889
50,300,-10051.3,2383.17,5329.07,-1395.86
55,300,-8998.66,2893.29,4822.24,-1798.75
60,300,-7952.36,3154.96,4313.07,-2018.62
65,300,-6965.24,3222.53,3832.36,-2085.02
70,300,-6067.11,3147.07,3398.83,-2030.39
75,300,-5269.03,2972.54,3021.08,-1886.2
80,300,-4568.55,2734.17,2699.94,-1680.6
85,300,-3954.54,2458.56,2430.66,-1437.28
90,300,-3411.11,2164.77,2204.81,-1175.34
95,300,-2920.47,1866.1,2012.09,-909.809
100,300,-2465.06,1571.93,1841.93,-652.303
105,300,-2029,1289.21,1684.93,-411.748
110,300,-1599.35,1023.21,1534.01,-194.761
115,300,-1166.96,777.566,1385.15,-5.8716
120,300,-727.339,553.669,1237.43,152.173
125,300,-281.268,350.195,1092.44,277.647
130,300,164.546,163.253,953.132,368.493
135,300,596.831,-12.5099,822.748,420.798
140,300,995.369,-182.06,704.385,428.125
145,300,1333.58,-347.999,601.655,382.845
150,300,1581.01,-508.976,519.963,279.873
155,300,1708.05,-658.784,467.142,121.605
160,300,1691.94,-786.509,451.944,-78.4773
165,300,1522.27,-878.675,479.918,-296.098
170,300,1204.38,-924.532,548.114,-501.192
175,300,761.21,-923.954,641.669,-665.907
180,300,234.397,-894.059,735.315,-772.112
0,305,-1733.7,-12756.5,1185.23,8912.32
5,305,-4493.03,-11909.2,2811.55,8462.88
10,305,-6986.47,-10500.4,4284.96,7633.43
15,305,-9035.88,-8679.88,5521.86,6485.36
20,305,-10529.5,-6633.27,6459.91,5111.12
25,305,-11428.6,-4549.68,7064.81,3622.81
30,305,-11760.3,-2592.32,7334.39,2136.63
35,305,-11600.9,-879.457,7297.98,756.507
40,305,-11056.5,521.843,7010.13,-439.022
45,305,-10244.3,1591.07,6539.71,-1403.22
50,305,-9276.83,2343.07,5957.98,-2120.21
55,305,-8250.92,2815.03,5328.71,-2598.8
60,305,-7241.51,3054.96,4702.62,-2864.33
65,305,-6299.72,3113.2,4115.63,-2951.07
70,305,-5454.62,3036.89,3589.93,-2896.32
75,305,-4717.05,2866.93,3136.18,-2736.25
80,305,-4084.42,2636.57,2756.03,-2503.32
85,305,-3545.13,2371.23,2444.53,-2224.83
90,305,-3082.36,2089.36,2192.33,-1922.57
95,305,-2676.85,1803.72,1987.66,-1613.22
100,305,-2308.96,1523,1818.02,-1309.18
105,305,-1960.2,1253.17,1671.7,-1019.51
110,305,-1614.51,998.224,1538.86,-750.783
115,305,-1259.38,760.317,1412.29,-507.755
120,305,-886.958,539.439,1287.67,-294.056
125,305,-495.036,333.301,1163.34,-113.055
130,305,-88.1005,137.916,1039.7,31.0464
135,305,321.686,-50.8943,918.413,132.248
140,305,713.866,-235.513,802.171,182.681
145,305,1060.26,-414.803,695.156,174.287
150,305,1327.7,-583.255,604.083,102.48
155,305,1483.14,-731.111,538.563,-29.3162
160,305,1500.21,-845.486,509.344,-206.574
165,305,1365.13,-913.148,523.855,-404.411
170,305,1080.62,-925.948,580.541,-592.976
175,305,668.129,-888.381,665.244,-745.756
180,305,169.418,-823.363,752.946,-847.096
0,310,-1623.8,-11931.2,1331.83,9990.21
5,310,-4223.06,-11133.7,3192.42,9465
10,310,-6563.99,-9805.92,4869.34,8494.3
15,310,-8475.5,-8094.58,6262.4,7156.48
20,310,-9852.55,-6179.39,7299.29,5565.02
25,310,-10661.9,-4240.37,7943.28,3853.29
30,310,-10933.9,-2429.59,8196.77,2155.55
35,310,-10744.9,-853.886,8098.79,588.312
40,310,-10198.5,429.482,7716.17,-763.299
45,310,-9406.75,1406.5,7130.22,-1850.98
50,310,-8476.41,2094.48,6423.01,-2660.6
55,310,-7499.18,2529.44,5666.98,-3204.34
60,310,-6546.25,2755.61,4919.35,-3511.45
65,310,-5666.58,2818.38,4220.94,-3620.11
70,310,-4888.29,2759.94,3597.45,-3571.43
75,310,-4221.89,2616.92,3061.98,-3405.15
80,310,-3664.46,2419.21,2617.57,-3156.96
85,310,-3203.87,2189.69,2259.71,-2856.87
90,310,-2822.4,1944.71,1978.61,-2528.64
95,310,-2499.51,1695.14,1761.3,-2190.12
100,310,-2213.96,1447.78,1593.44,-1854.1
105,310,-1945.32,1206.71,1460.86,-1529.55
110,310,-1675.3,974.246,1350.79,-1222.8
115,310,-1388.94,751.274,1252.71,-938.718
120,310,-1075.77,537.258,1158.99,-681.735
125,310,-731.144,330.286,1064.99,-456.83
130,310,-357.554,127.721,968.838,-270.324
135,310,33.9235,-72.4042,870.867,-130.255
140,310,422.722,-269.613,773.315,-45.799
145,310,779.282,-459.588,680.568,-25.2198
150,310,1067.98,-633.717,599.891,-72.2951
155,310,1252.67,-779.667,541.573,-182.231
160,310,1303.69,-882.965,517.03,-339.157
165,310,1204.07,-930.209,534.277,-517.415
170,310,953.921,-914.798,592.211,-687.427
175,310,573.087,-844.455,677.127,-824.357
180,310,103.15,-746.4,764.847,-915.634
0,315,-1501.54,-11015.1,1468.28,10992.1
5,315,-3903.15,-10281.6,3531.93,10403.2
10,315,-6061.57,-9062.42,5383.41,9314.09
15,315,-7816.27,-7496.69,6907.53,7818.43
20,315,-9070.24,-5752.49,8023.22,6048.17
25,315,-9794.98,-3995.68,8691.9,4154.71
30,315,-10021.6,-2363.56,8920.42,2286.98
35,315,-9823.7,-949.661,8756.76,571.088
40,315,-9298.85,198.73,8278.75,-903.494
45,315,-8551.58,1073.33,7578.68,-2088.23
50,315,-7681.06,1692.94,6748.12,-2971.23
55,315,-6772.6,2091.56,5867.11,-3567.97
60,315,-5893,2309.2,4998.73,-3911.05
65,315,-5088.75,2385.94,4188.32,-4041.79
70,315,-4386.85,2358.52,3465.17,-4004.08
75,315,-3797.33,2258.53,2845.04,-3840.3
80,315,-3316.95,2111.46,2332.8,-3588.52
85,315,-2933.08,1936.34,1924.82,-3280.72
90,315,-2627.28,1746.14,1611.23,-2942.11
95,315,-2378.19,1548.63,1378.15,-2591.27
100,315,-2163.64,1347.81,1209.5,-2241.02
105,315,-1962.23,1145.4,1088.77,-1899.85
110,315,-1754.57,941.991,1000.41,-1573.44
115,315,-1524.34,737.745,930.995,-1266.35
120,315,-1259.49,532.57,870.15,-983.422
125,315,-953.618,326.179,810.957,-730.857
130,315,-607.669,118.457,749.878,-516.806
135,315,-231.735,-89.6326,686.234,-351.143
140,315,153.687,-294.799,621.693,-244.26
145,315,518.112,-490.375,560.253,-204.599
150,315,824.183,-665.94,508.733,-235.1
155,315,1033.54,-807.775,476.808,-329.498
160,315,1114.07,-900.411,475.161,-470.379
165,315,1046.33,-930.057,511.069,-631.079
170,315,828.174,-890.738,582.93,-782.167
175,315,477.796,-792.008,677.172,-900.587
180,315,36.0968,-663.757,770.926,-977.202
0,320,-1367.86,-10015.2,1593.56,11910.3
5,320,-3540.27,-9357.27,3823.17,11272.4
10,320,-5491.73,-8269.01,5816.21,10092.7
15,320,-7075.48,-6877.61,7444.99,8477.43
20,320,-8203.6,-5334.57,8621.13,6573.14
25,320,-8851.3,-3787.32,9304.61,4544.96
30,320,-9048.13,-2355.66,9505.97,2552.46
35,320,-8861.88,-1118.97,9280.49,728.2
40,320,-8381.17,-115.163,8714.94,-835.852
45,320,-7700.57,651.861,7910.44,-2091.64
50,320,-6909.84,1201.02,6966.41,-3029.39
55,320,-6086.79,1563.44,5969.26,-3667.24
60,320,-5293.1,1774.54,4987.25,-4040.38
65,320,-4572.38,1869.04,4069.95,-4192.4
70,320,-3950.34,1878.22,3250.1,-4169.22
75,320,-3436.65,1828.41,2546.21,-4015.15
80,320,-3028.01,1740.14,1965.06,-3770.05
85,320,-2711.8,1627.94,1504.06,-3467.51
90,320,-2469.56,1500.61,1153.53,-3133.84
95,320,-2279.92,1362.27,898.905,-2788.05
100,320,-2120.75,1213.75,722.784,-2442.68
105,320,-1970.68,1054.33,606.811,-2105.28
110,320,-1810.24,883.1,533.351,-1780.38
115,320,-1622.78,699.961,486.929,-1471.55
120,320,-1395.53,505.937,455.345,-1183.3
125,320,-1121.07,303.116,430.265,-922.367
130,320,-799.245,94.5367,407.135,-698.121
135,320,-439.328,-115.655,384.518,-521.914
140,320,-61.5017,-321.687,363.323,-405.285
145,320,303.503,-515.482,346.536,-357.057
150,320,617.675,-686.088,339.561,-379.625
155,320,841.747,-819.58,350.272,-465.432
160,320,942.436,-900.16,387.325,-595.469
165,320,898.863,-913.615,456.043,-741.816
170,320,707.181,-853.877,553.394,-874.896
175,320,383.953,-731.06,665.54,-973.291
180,320,-31.2312,-576.063,771.139,-1031.33
0,325,-1223.77,-8939.01,1706.72,12737.8
5,325,-3142.3,-8365.14,4060.41,12067.5
10,325,-4868.3,-7423.96,6158.94,10828.6
15,325,-6271.35,-6226.9,7865.33,9136.2
20,325,-7273.35,-4904.98,9085.71,7146.48
25,325,-7852.22,-3584.02,9778.79,5033.08
30,325,-8033.78,-2364.63,9957.55,2961.71
35,325,-7877.3,-1311.93,9682.19,1068.32
40,325,-7460.02,-455.578,9045.55,-554.139
45,325,-6864.48,203.214,8155,-1858.11
50,325,-6169.48,681.921,7115.67,-2835.12
55,325,-5444.17,1007.78,6019.07,-3504.77
60,325,-4744.24,1211.19,4937.9,-3903.69
65,325,-4109.91,1321.61,3925.56,-4076.81
70,325,-3565.43,1365.12,3017.98,-4071.44
75,325,-3120.28,1363.03,2236.14,-3933.33
80,325,-2771.76,1331.1,1588.51,-3703.85
85,325,-2508.23,1279.41,1073.41,-3417.97
90,325,-2312.37,1212.75,681.378,-3102.98
95,325,-2163.99,1131.71,397.538,-2778.21
100,325,-2042.11,1034.24,203.815,-2455.71
105,325,-1926.44,917.421,80.9902,-2141.83
110,325,-1798.27,779.135,10.5067,-1839.45
115,325,-1641.36,619.213,-23.966,-1550.5
120,325,-1442.91,439.95,-35.3353,-1278.27
125,325,-1195.09,245.905,-32.4742,-1029.02
130,325,-897.081,43.2612,-20.3897,-812.459
135,325,-557.438,-160.877,-1.07707,-640.85
140,325,-195.707,-358.81,25.468,-526.814
145,325,158.006,-541.932,60.7721,-479.919
150,325,466.372,-699.824,108.13,-502.585
155,325,690.784,-819.341,172.725,-586.412
160,325,798.311,-885.002,260.159,-710.896
165,325,767.805,-882.322,372.745,-846.626
170,325,594.427,-804.713,505.13,-963.489
175,325,293.185,-661.818,642.681,-1041.32
180,325,-98.3216,-483.984,765.482,-1077.62
0,330,-1070.36,-7794.82,1806.88,13468.4
5,330,-2717.92,-7310.03,4239.27,12783.4
10,330,-4206.06,-6525.19,6405.05,11518.7
15,330,-5422.58,-5533.25,8161.8,9793.68
20,330,-6299.55,-4442.08,9412.24,7768.38
25,330,-6816.66,-3353.98,10113.9,5619.2
30,330,-6994.28,-2349.68,10280.5,3513.22
35,330,-6881.14,-1480.55,9974.42,1586.66
40,330,-6541.36,-769.32,9291.13,-67.6242
45,330,-6044.02,-216.164,8341.14,-1402.14
50,330,-5455.79,193.468,7232.95,-2408.2
55,330,-4836.13,481.887,6061.66,-3105.18
60,330,-4233.93,674.05,4903.54,-3529.57
65,330,-3685.28,794.168,3815.28,-3726.53
70,330,-3212.69,863.498,2835.53,-3744.02
75,330,-2825.67,898.924,1987.22,-3628.8
80,330,-2522.8,912.157,1280,-3423.49
85,330,-2294.47,909.592,712.703,-3164.26
90,330,-2125.8,892.82,276.034,-2879.33
95,330,-1999.11,859.74,-44.8341,-2588.37
100,330,-1895.78,806.14,-267.819,-2303.07
105,330,-1797.55,727.496,-411.821,-2028.62
110,330,-1687.32,620.729,-494.94,-1766.18
115,330,-1549.94,485.601,-532.998,-1515.59
120,330,-1373.19,325.39,-538.428,-1278.12
125,330,-1149.34,146.661,-519.752,-1058.49
130,330,-877.283,-41.8399,-481.855,-865.648
135,330,-564.93,-230.697,-426.995,-712.059
140,330,-230.728,-410.982,-355.989,-611.261
145,330,96.8551,-574.293,-268.862,-573.979
150,330,382.63,-711.475,-164.687,-603.354
155,330,590.301,-810.841,-41.4527,-690.737
160,330,688.839,-857.8,102.673,-814.366
165,330,658.057,-837.933,266.124,-943.17
170,330,492.899,-744.061,440.372,-1046.06
175,330,206.989,-584.666,609.315,-1103.55
180,330,-164.664,-388.222,754,-1115.7
0,335,-908.808,-6591.3,1893.29,14096.6
5,335,-2276.31,-6197.05,4356.76,13414.8
10,335,-3520.45,-5570.78,6550.28,12158.1
15,335,-4548.11,-4785.5,8330.19,10444.9
20,335,-5301.59,-3924.79,9598,8432.88
25,335,-5761.55,-3066.98,10310.2,6295.2
30,335,-5941.76,-2273.15,10479.5,4195.46
35,335,-5879.34,-1581.86,10167.2,2267.21
40,335,-5624.5,-1010.19,9467.91,602.203
45,335,-5232.23,-558.533,8491.93,-751.361
50,335,-4756.54,-216.327,7348.49,-1782.82
55,335,-4246.55,33.0877,6134.45,-2509.09
60,335,-3743.52,208.854,4928.58,-2964.62
65,335,-3278.73,329.953,3790.12,-3193.31
70,335,-2872.43,413.185,2759.81,-3242.74
75,335,-2534.12,471.671,1861.91,-3159.99
80,335,-2264.01,513.964,1106.62,-2988.45
85,335,-2055.31,543.865,492.918,-2765.18
90,335,-1896.55,560.929,11.5607,-2519.21
95,335,-1773.65,561.522,-351.915,-2270.73
100,335,-1671.4,540.29,-614.578,-2031.45
105,335,-1574.55,491.861,-793.996,-1806.02
110,335,-1468.5,412.612,-906.621,-1594.26
115,335,-1340.02,302.199,-966.537,-1394.04
120,335,-1178.2,164.44,-984.573,-1204.18
125,335,-976.054,7.11147,-967.94,-1026.98
130,335,-732.599,-159.448,-920.641,-869.645
135,335,-455.09,-324.474,-844.58,-744.014
140,335,-160.359,-478.59,-740.888,-664.269
145,335,125.815,-614.13,-610.724,-642.562
150,335,371.812,-723.553,-455.299,-683.346
155,335,545.192,-796.979,-275.827,-778.304
160,335,618.265,-821.175,-74.6506,-904.71
165,335,572.994,-782.329,142.094,-1029.77
170,335,404.949,-672.973,361.899,-1121
175,335,126.691,-500.15,566.392,-1158.94
180,335,-229.752,-289.505,736.78,-1145.29
0,340,-740.338,-5337.63,1965.29,14617.4
5,340,-1826.96,-5031.8,4411.41,13956.6
10,340,-2827.19,-4559.45,6592.7,12740.5
15,340,-3666.95,-3973.64,8368.62,11081.2
20,340,-4298.34,-3334.1,9641.8,9128.26
25,340,-4702.5,-2696.12,10367.8,7045.59
30,340,-4886.2,-2102.39,10556.7,4988.65
35,340,-4874.88,-1579.89,10265.5,3085.38
40,340,-4705.07,-1141,9584.52,1425.5
45,340,-4418.06,-786.972,8620.36,58.5838
50,340,-4055.42,-511.568,7480.11,-1000.88
55,340,-3655.7,-303.915,6260.34,-1765.06
60,340,-3251.99,-150.722,5040.83,-2264.07
65,340,-2869.99,-38.1609,3882.45,-2538.61
70,340,-2527.02,46.3586,2827.34,-2634.39
75,340,-2232.11,112.69,1900.55,-2597.68
80,340,-1987,166.983,1112.49,-2471.74
85,340,-1787.88,211.424,462.06,-2293.96
90,340,-1627.09,244.64,-59.9073,-2093.94
95,340,-1494.72,262.606,-467.331,-1892.59
100,340,-1379.67,259.89,-776.09,-1702.33
105,340,-1270.53,231.151,-1001.94,-1528.17
110,340,-1156.11,172.788,-1159.06,-1369.64
115,340,-1026.05,84.4924,-1259.03,-1223.27
120,340,-871.786,-29.7512,-1310.2,-1085.66
125,340,-687.898,-161.796,-1317.48,-956.377
130,340,-474.069,-300.841,-1282.95,-840.197
135,340,-236.986,-435.875,-1207.09,-747.686
140,340,8.58891,-557.832,-1090.25,-693.257
145,340,240.485,-660.075,-933.742,-690.454
150,340,431.833,-736.667,-740.181,-745.302
155,340,555.298,-779.571,-513.677,-850.179
160,340,587.724,-777.302,-260.871,-981.68
165,340,514.323,-717.36,7.03709,-1105.33
170,340,332.201,-592.653,272.844,-1187.01
175,340,53.3998,-408.962,515.049,-1206.52
180,340,-293.093,-188.585,713.952,-1166.16
0,345,-566.234,-4043.33,2022.34,15027
5,345,-1379.44,-3820.43,4403.23,14403.7
10,345,-2142.05,-3491.04,6532.72,13257.8
15,345,-2798.01,-3089.64,8277.54,11690.7
20,345,-3308.5,-2654.17,9543.74,9837.83
25,345,-3654.89,-2219.15,10286.2,7848.76
30,345,-3837.31,-1810.99,10510.8,5866.49
35,345,-3870.49,-1446.5,10267.9,4010.63
40,345,-3778.58,-1134.02,9639.93,2367.72
45,345,-3590.51,-875.518,8726.48,989.111
50,345,-3336.31,-668.496,7629.58,-105.411
55,345,-3044.29,-507.233,6443.05,-921.095
60,345,-2739.05,-383.82,5246,-1481.28
65,345,-2440.01,-289.339,4099.7,-1821.17
70,345,-2160.72,-215.258,3047.05,-1982.56
75,345,-1908.96,-154.772,2113.65,-2009.26
80,345,-1687.47,-103.721,1310.17,-1943.17
85,345,-1495.01,-60.9083,635.647,-1821.14
90,345,-1327.54,-27.8419,81.1876,-1673.01
95,345,-1179.28,-8.06557,-366.476,-1520.61
100,345,-1043.42,-6.19809,-722.089,-1377.75
105,345,-912.814,-26.7281,-999.761,-1250.9
110,345,-780.38,-72.5988,-1211.53,-1140.51
115,345,-639.612,-143.785,-1366.43,-1043.04
120,345,-485.293,-236.331,-1469.9,-953.723
125,345,-314.604,-342.425,-1523.76,-869.841
130,345,-128.604,-451.845,-1526.95,-793.756
135,345,66.3036,-554.332,-1476.99,-734.405
140,345,257.598,-641.717,-1371.83,-705.946
145,345,427.226,-708.409,-1211.42,-722.88
150,345,553.762,-749.752,-998.607,-792.579
155,345,615.737,-759.356,-739.728,-908.142
160,345,595.379,-727.798,-445.587,-1045.7
165,345,482.099,-644.728,-132.702,-1169.31
170,345,275.529,-504.396,176.492,-1243.07
175,345,-12.0097,-311.919,456.56,-1245.44
180,345,-354.202,-86.2294,685.69,-1178.16
0,350,-387.821,-2718.25,2064,15322.2
5,350,-943.12,-2569.78,4333.71,14751.1
10,350,-1480.54,-2366.93,6373.05,13701.1
15,350,-1960.06,-2128.26,8059.69,12258.7
20,350,-2350.95,-1873.34,9305.24,10540.8
25,350,-2634.86,-1619.41,10064.4,8678.21
30,350,-2806.41,-1379.35,10337.7,6797.88
35,350,-2871.44,-1161.47,10166.6,5008.61
40,350,-2844,-970.32,9623.12,3392.49
45,350,-2742.72,-807.762,8796.74,2002.5
50,350,-2587.57,-673.609,7781.5,864.646
55,350,-2397.35,-565.848,6665.93,-17.6616
60,350,-2188.11,-480.905,5526.38,-658.737
65,350,-1972.44,-414.231,4423.21,-1085.81
70,350,-1759.29,-361.199,3399.47,-1334.43
75,350,-1554.35,-318.034,2481.33,-1443.91
80,350,-1360.51,-282.493,1680.15,-1453.26
85,350,-1178.4,-254.139,995.704,-1397.88
90,350,-1006.97,-234.243,419.847,-1307.4
95,350,-844.004,-225.387,-59.9241,-1204.6
100,350,-686.653,-230.835,-457.52,-1105.18
105,350,-531.904,-253.656,-786.04,-1017.97
110,350,-377.002,-295.635,-1056.17,-945.602
115,350,-219.82,-356.124,-1275,-885.894
120,350,-59.3008,-431.266,-1445.3,-834.196
125,350,103.906,-514.072,-1565.37,-786.72
130,350,266.583,-595.64,-1629.9,-744.11
135,350,422.055,-667.13,-1631.78,-713.749
140,350,559.726,-721.513,-1564.62,-709.038
145,350,665.505,-753.959,-1425.12,-744.633
150,350,723.362,-760.533,-1214.89,-828.538
155,350,717.812,-736.153,-941.608,-954.258
160,350,636.861,-673.722,-619.803,-1097.61
165,350,474.888,-565.927,-271.268,-1221.52
170,350,235.076,-409.523,76.0916,-1288.43
175,350,-68.9134,-209.938,392.283,-1274.96
180,350,-412.616,16.7822,652.21,-1181.19
0,355,-206.456,-1372.49,2089.94,15500.8
5,355,-526.983,-1287.41,4205.79,14994.1
10,355,-857.55,-1190.32,6118.66,14060.4
15,355,-1171.52,-1087.56,7720.19,12768.4
20,355,-1444.98,-984.814,8929.36,11213.3
25,355,-1660.23,-886.358,9701.31,9503.85
30,355,-1808.02,-794.917,10030.6,7748.31
35,355,-1887.98,-712.005,9948.54,6042.65
40,355,-1906.86,-638.444,9514.55,4463.15
45,355,-1875.55,-574.663,8805.64,3063.83
50,355,-1805.8,-520.731,7905.25,1877.12
55,355,-1707.86,-476.259,6894.13,916.07
60,355,-1589.49,-440.414,5843.71,177.116
65,355,-1456.11,-412.099,4812.01,-356.798
70,355,-1311.53,-390.252,3841.5,-712.64
75,355,-1158.6,-374.126,2959.04,-923.206
80,355,-999.565,-363.506,2177.27,-1023.06
85,355,-836.114,-358.807,1497.48,-1045.08
90,355,-669.316,-361.091,912.867,-1018.17
95,355,-499.706,-371.94,411.925,-965.923
100,355,-327.57,-393.159,-18.687,-906.071
105,355,-153.398,-426.247,-391.791,-850.328
110,355,21.6797,-471.658,-717.742,-804.478
115,355,195.558,-528.028,-1002.76,-769.107
120,355,364.982,-591.661,-1247.65,-741.401
125,355,525.421,-656.645,-1447.3,-718.19
130,355,670.876,-715.723,-1591.45,-699.624
135,355,793.624,-761.641,-1666.95,-691.93
140,355,884.084,-788.311,-1661.23,-707.28
145,355,931.152,-791.096,-1565.89,-759.463
150,355,923.272,-766.092,-1379.79,-856.082
155,355,850.315,-709.126,-1110.82,-990.528
160,355,705.959,-615.639,-776.56,-1138.43
165,355,490.049,-482.211,-403.651,-1262.09
170,355,210.334,-309.342,-25.3141,-1322.6
175,355,-116.938,-104.02,323.606,-1294.48
180,355,-467.89,119.666,613.766,-1175.24
0,360,-23.5199,-16.2898,2099.98,15561.4
5,360,-139.386,18.3827,4023.79,15128.4
10,360,-287.132,33.4827,5776.77,14325.6
15,360,-450.303,30.6051,7266.66,13202.1
20,360,-610.423,12.824,8421.31,11829.6
25,360,-750.96,-16.0557,9196.94,10293.2
30,360,-860.978,-52.2191,9582.38,8680.97
35,360,-936.859,-92.2443,9597.87,7074.55
40,360,-981.277,-133.167,9289.26,5543.18
45,360,-1000.06,-172.442,8719.47,4140.98
50,360,-998.65,-208.051,7959.32,2906.26
55,360,-979.893,-238.802,7079.61,1861.85
60,360,-943.765,-264.608,6144.91,1015.78
65,360,-888.643,-286.495,5209.33,362.573
70,360,-812.969,-306.274,4313.96,-114.426
75,360,-716.366,-326.03,3486.11,-439.764
80,360,-599.858,-347.678,2740.13,-642.12
85,360,-465.419,-372.772,2079.37,-750.855
90,360,-315.365,-402.521,1498.98,-793.434
95,360,-152.006,-437.886,988.818,-793.833
100,360,22.2563,-479.573,536.072,-771.658
105,360,204.497,-527.812,127.766,-741.608
110,360,390.729,-581.978,-246.925,-713.175
115,360,575.544,-640.176,-594.341,-690.818
120,360,752.055,-699.006,-914.262,-675.112
125,360,912.126,-753.667,-1198.71,-665.18
130,360,1046.72,-798.423,-1432.41,-661.98
135,360,1146.18,-827.252,-1595.47,-671.094
140,360,1200.53,-834.4,-1667.87,-703.058
145,360,1199.89,-814.654,-1634.74,-769.766
150,360,1135.42,-763.435,-1490.82,-877.375
155,360,1001.03,-677.093,-1243.11,-1018.63
160,360,795.42,-553.753,-911.273,-1169.16
165,360,524.1,-394.612,-525.935,-1291.28
170,360,200.248,-205.115,-125.021,-1345.28
175,360,-155.95,4.77429,251.9,-1303.52
180,360,-519.603,221.639,570.652,-1160.33
