Theta[deg],Phi[deg],re(rETheta)[mV],im(rETheta)[mV],re(rEPhi)[mV],im(rEPhi)[mV]
0,0,-1.08935,60.64,-217.26,14841.7
5,0,-170.96,66.2277,1637.71,14835.4
10,0,-365.653,52.6463,3383.16,14458.5
15,0,-566.1,25.3711,4927.43,13736.4
20,0,-752.457,-9.04143,6194.6,12718.6
25,0,-907.918,-44.6879,7133.37,11472.5
30,0,-1021.98,-77.6622,7722.25,10074.8
35,0,-1091.84,-106.428,7969.54,8603.38
40,0,-1121.24,-131.167,7908.49,7130.9
45,0,-1117.45,-152.614,7589.5,5720.17
50,0,-1087.85,-171.119,7071.78,4421.56
55,0,-1037.55,-186.367,6416.16,3271.37
60,0,-968.884,-197.714,5679.7,2291.03
65,0,-882.223,-204.725,4911.99,1487.35
70,0,-777.397,-207.526,4152.83,854.134
75,0,-654.745,-206.828,3431.13,374.955
80,0,-515.472,-203.739,2765,26.7536
85,0,-361.425,-199.563,2162.83,-216.62
90,0,-194.695,-195.695,1625.2,-381.471
95,0,-17.4139,-193.607,1147.03,-492.148
100,0,168.069,-194.817,719.79,-569.594
105,0,358.72,-200.749,333.554,-630.26
110,0,550.301,-212.461,-20.8833,-685.273
115,0,737.065,-230.287,-349.746,-740.07
120,0,911.802,-253.541,-653.966,-795.037
125,0,1066.21,-280.424,-927.394,-847.527
130,0,1191.36,-308.196,-1156.38,-895.056
135,0,1278.06,-333.524,-1321.52,-938.497
140,0,1317.06,-352.8,-1401.74,-983.411
145,0,1299.27,-362.234,-1380,-1037.92
150,0,1216.56,-357.807,-1249.03,-1107.15
155,0,1063.26,-335.355,-1015.56,-1186.73
160,0,838.275,-291.142,-701.426,-1259.23
165,0,547.257,-222.951,-341.134,-1297.02
170,0,203.707,-131.247,23.9322,-1271.46
175,0,-171.578,-19.785,353.566,-1164.36
180,0,-552.894,104.796,616.871,-975.702
0,5,-20.0207,1353.95,-216.338,14780
5,5,-28.343,1362.66,1412.93,14819.9
10,5,-73.5112,1330.01,2953.23,14550.1
15,5,-143.242,1262.86,4332.9,13979.9
20,5,-221.814,1169.9,5489.92,13137.6
25,5,-294.305,1059.55,6379.63,12068.2
30,5,-350.731,938.385,6979.85,10828.3
35,5,-388.093,811.132,7292,9480.24
40,5,-409.291,681.625,7338.17,8087.36
45,5,-419.621,553.977,7155.44,6709.55
50,5,-422.891,432.897,6789.5,5399.84
55,5,-419.134,322.989,6288.94,4201.33
60,5,-404.713,227.599,5700.75,3144.73
65,5,-374.201,148.007,5067.08,2247.06
70,5,-322.663,83.4082,4422.99,1512.03
75,5,-247.193,31.5643,3795.01,931.82
80,5,-147.264,-10.3182,3200.81,490.102
85,5,-24.1986,-44.9127,2649.6,165.309
90,5,119.635,-74.4642,2143.38,-66.4274
95,5,281.368,-100.776,1678.51,-229.004
100,5,457.679,-125.317,1247.58,-344.663
105,5,644.413,-149.299,841.341,-432.64
110,5,836.06,-173.679,451.001,-507.945
115,5,1025.37,-199.074,70.9639,-580.413
120,5,1203.32,-225.636,-298.284,-654.493
125,5,1359.44,-252.861,-647.784,-730.295
130,5,1482.27,-279.355,-959.365,-806.005
135,5,1560.01,-302.567,-1207.6,-880.859
140,5,1580.97,-318.639,-1364.7,-957.047
145,5,1534.41,-322.593,-1407.5,-1038.81
150,5,1411.93,-309.072,-1324.42,-1128.31
155,5,1209.63,-273.644,-1120.34,-1219.94
160,5,930.558,-214.313,-817.727,-1296.79
165,5,586.495,-132.558,-453.541,-1332.4
170,5,197.876,-33.2875,-72.8581,-1298.61
175,5,-208.662,76.453,279.37,-1176.19
180,5,-604.554,189.435,566.335,-962.856
0,10,-38.7996,2636.96,-213.77,14605.7
5,10,72.8843,2657.08,1165.44,14688.4
10,10,140.218,2624.84,2477.7,14521.5
15,10,172.813,2544.83,3671.23,14099
20,10,184.638,2423.34,4698.12,13429.9
25,10,189.085,2266.67,5520.79,12538.3
30,10,194.236,2080.44,6117.12,11461.5
35,10,200.859,1870.33,6482.44,10246.7
40,10,204.242,1643.65,6628.26,8947.36
45,10,198.707,1410.19,6578.63,7619.6
50,10,182.107,1181.32,6365.65,6317.79
55,10,157.945,967.881,6025.31,5090.24
60,10,134.43,777.754,5593.91,3975.39
65,10,121.562,614.623,5105.34,2999.2
70,10,128.072,478.154,4588.89,2174.41
75,10,159.577,365.279,4067.84,1501.51
80,10,218.304,271.748,3558.59,971.101
85,10,303.887,193.329,3070.69,566.764
90,10,414.465,126.426,2607.37,267.843
95,10,547.474,68.2221,2166.59,51.7411
100,10,699.87,16.5835,1742.41,-104.278
105,10,867.863,-30.1114,1326.71,-221.548
110,10,1046.36,-73.1172,911.501,-318.483
115,10,1228.41,-113.414,491.872,-409.12
120,10,1404.81,-151.692,69.4036,-502.088
125,10,1563.99,-188.126,-344.882,-600.63
130,10,1692.23,-221.899,-729.338,-704.054
135,10,1774.21,-250.555,-1053.6,-810.27
140,10,1794.04,-269.576,-1284.06,-918.11
145,10,1736.93,-272.692,-1391.83,-1027.68
150,10,1591.76,-253.312,-1360.9,-1137.81
155,10,1354.33,-206.904,-1193.6,-1241.52
160,10,1030.49,-133.404,-911.752,-1322.49
165,10,637.719,-38.3543,-553.214,-1355.82
170,10,203.902,68.1932,-165.199,-1314.31
175,10,-237.06,174.839,203.768,-1178.06
180,10,-651.612,272.633,511.49,-942.681
0,15,-57.2833,3899.89,-209.575,14320.3
5,15,129.306,3938.55,902.8,14440.3
10,15,268.649,3923.94,1970.56,14366.6
15,15,371.473,3855.29,2960.64,14080.5
20,15,452.176,3732.54,3838.65,13574.3
25,15,522.971,3555.97,4574.33,12854
30,15,588.866,3326.95,5146.48,11939.4
35,15,646.347,3050.17,5545.56,10863.5
40,15,686.665,2735.74,5773.69,9670.43
45,15,701.78,2399.51,5842.87,8411.7
50,15,689.547,2060.67,5772.33,7141.71
55,15,655.495,1737.65,5585.81,5912.14
60,15,610.918,1444.38,5309.03,4766.96
65,15,568.958,1188.34,4967.31,3738.82
70,15,540.957,970.867,4583.65,2847.55
75,15,534.507,788.953,4177.14,2100.54
80,15,553.335,637.326,3762.05,1494.6
85,15,598.328,510.171,3347.46,1018.43
90,15,668.805,402.123,2937.41,655.054
95,15,763.438,308.679,2531.43,383.973
100,15,880.6,226.281,2125.44,182.969
105,15,1018.18,152.241,1713.02,29.7337
110,15,1173,84.6102,1287.54,-96.3905
115,15,1339.97,22.0378,845.08,-212.542
120,15,1511.14,-36.2993,388.019,-330.654
125,15,1674.91,-90.5363,-71.4952,-456.597
130,15,1815.61,-139.618,-509.832,-590.729
135,15,1913.94,-180.551,-893.445,-729.909
140,15,1948.44,-207.878,-1184.48,-870.03
145,15,1898.36,-214.107,-1349.41,-1007.42
150,15,1747.7,-191.656,-1368.05,-1137.78
155,15,1490.02,-136.103,-1239.7,-1252.87
160,15,1132.43,-49.4512,-984.357,-1337.15
165,15,697.304,58.4754,-639.122,-1367.59
170,15,220.06,171.94,-251.542,-1318.44
175,15,-257.101,274.272,127.893,-1169.68
180,15,-693.712,353.755,452.752,-915.333
0,20,-75.331,5133.15,-203.785,13925.9
5,20,138.859,5195.87,633.051,14076
10,20,307.318,5212.67,1446.93,14081.4
15,20,445.108,5175.17,2221.38,13914.1
20,20,568.933,5074.05,2934.35,13553.3
25,20,690.241,4900.51,3562.85,12990.2
30,20,810.169,4649.14,4087.49,12230.3
35,20,919.44,4321.91,4495.35,11294.2
40,20,1003.6,3930.98,4780.83,10217.1
45,20,1050.68,3498.28,4945.39,9045.63
50,20,1057.09,3051.25,4996.61,7833.02
55,20,1028.97,2616.69,4946.96,6632.41
60,20,979.188,2215.47,4812.23,5490.86
65,20,922.598,1859.91,4609.54,4444.99
70,20,871.955,1554.08,4355.48,3519.05
75,20,836.051,1295.92,4064.49,2725.09
80,20,819.842,1079.73,3747.97,2064.6
85,20,825.654,898.342,3413.78,1530.58
90,20,854.511,744.454,3066.21,1109.7
95,20,907.072,611.434,2706.12,784.153
100,20,984.008,493.742,2331.4,533.295
105,20,1085.84,387.142,1937.76,335.292
110,20,1212.29,288.745,1520.33,168.966
115,20,1361.12,196.913,1076.31,15.8929
120,20,1526.56,111.107,608.571,-137.534
125,20,1697.72,31.8599,129.366,-298.665
130,20,1857.4,-38.9161,-337.313,-468.473
135,20,1982.24,-97.2863,-756.714,-643.02
140,20,2044.57,-136.788,-1088.64,-815.961
145,20,2016.53,-148.925,-1296.36,-980.627
150,20,1875.79,-125.428,-1356.17,-1130.17
155,20,1611.96,-62.1896,-1264.14,-1255.38
160,20,1231.96,36.6483,-1037.5,-1341.66
165,20,761.96,156.886,-711.038,-1368.13
170,20,244.533,276.756,-330.777,-1311.01
175,20,-269.257,373.628,52.7497,-1150.92
180,20,-730.532,432.186,390.568,-881.018
0,25,-92.8053,6327.34,-196.444,13425.5
5,25,100.902,6417.65,364.491,13597.1
10,25,254.384,6475.33,922.615,13664.4
15,25,389.523,6483.06,1475.32,13593
20,25,526.839,6420.54,2011.22,13353.7
25,25,677.522,6268.01,2514.22,12927.3
30,25,838.55,6011.6,2967.61,12308.3
35,25,994.081,5649.22,3356.68,11507
40,25,1122.91,5194.3,3670.05,10550.8
45,25,1208.01,4674.4,3900.44,9481.36
50,25,1243.11,4125.1,4045.4,8349.47
55,25,1233.59,3581.63,4107.51,7207.98
60,25,1192.55,3072.06,4093.7,6104.69
65,25,1135.23,2614.05,4013.71,5077.51
70,25,1074.75,2215.07,3878.15,4152.33
75,25,1020.4,1874.7,3696.95,3343.34
80,25,978.053,1587.52,3478.34,2654.58
85,25,951.519,1345.45,3228.46,2082.04
90,25,943.828,1139.48,2951.29,1615.45
95,25,958.072,960.852,2648.6,1239.91
100,25,997.701,801.941,2319.95,937.267
105,25,1066.31,656.846,1963.05,687.675
110,25,1166.88,521.732,1574.77,471.356
115,25,1300.32,394.825,1153.27,270.666
120,25,1463.41,276.157,701.41,72.2101
125,25,1646.35,167.254,230.663,-131.5
130,25,1830.84,71.1357,-236.035,-341.48
135,25,1989.81,-7.26701,-664.481,-553.218
140,25,2089.53,-60.6566,-1013.98,-758.879
145,25,2094.75,-79.8486,-1246.1,-949.665
150,25,1976.04,-56.2078,-1334.6,-1116.81
155,25,1718.01,13.8821,-1272.5,-1250.42
160,25,1326.02,124.125,-1073.67,-1336.96
165,25,828.865,255.973,-769.324,-1357.94
170,25,275.507,381.508,-402.189,-1292.14
175,25,-274.111,471.773,-20.7979,-1121.74
180,25,-761.793,507.327,325.412,-839.998
0,30,-109.573,7473.38,-187.608,12823
5,30,16.2424,7592.6,105.428,13006.7
10,30,110.772,7695.59,413.712,13116.2
15,30,204.391,7755.89,745.399,13114.5
20,30,322.55,7741.8,1097.82,12968.4
25,30,476.823,7621.99,1461.18,12652.8
30,30,660.278,7373.3,1822.08,12154.8
35,30,850.446,6988.84,2165.6,11477.5
40,30,1018.98,6482.45,2476.53,10641.2
45,30,1143.05,5886.61,2740.93,9682.54
50,30,1212.68,5244.34,2948.11,8649.06
55,30,1231.28,4598.77,3092.31,7591.54
60,30,1210.96,3984.83,3172.96,6556.46
65,30,1166.29,3425.39,3193.52,5580.77
70,30,1109.89,2931.45,3159.57,4689.69
75,30,1050.96,2504.69,3077.07,3897.21
80,30,995.921,2140.49,2951.31,3207.98
85,30,949.836,1830.53,2786.58,2619.4
90,30,917.683,1564.75,2586.1,2123.4
95,30,904.996,1332.88,2351.85,1707.8
100,30,917.999,1125.67,2084.42,1357.56
105,30,963.281,935.952,1782.82,1055.96
110,30,1046.91,759.18,1445.07,786.2
115,30,1172.76,593.594,1069.81,533.11
120,30,1340.04,439.816,659.41,285.038
125,30,1540.2,300.272,223.884,35.457
130,30,1754.31,178.868,-215.797,-216.2
135,30,1952.24,81.2071,-627.24,-464.95
140,30,2094.94,15.0277,-970.74,-701.977
145,30,2140.22,-10.2026,-1207.69,-916.939
150,30,2051.6,14.196,-1310.45,-1099.55
155,30,1808.17,91.1871,-1269.57,-1239.37
160,30,1412.8,212.356,-1095.4,-1323.99
165,30,895.708,354.971,-814.713,-1337.54
170,30,311.243,485.127,-465.416,-1262.05
175,30,-272.323,567.576,-92.0381,-1082.25
180,30,-787.255,578.607,257.779,-792.585
0,35,-125.508,8562.54,-177.344,12122.8
5,35,-112.877,8709.67,-136.076,12309.3
10,35,-119.77,8857.06,-63.9271,12440.4
15,35,-106.434,8969.94,54.9082,12480.5
20,35,-41.7381,9006.09,224.399,12396.5
25,35,87.0237,8923.25,440.237,12161.9
30,35,269.8,8689.22,692.748,11760.6
35,35,478.12,8291.97,968.141,11190.6
40,35,676.716,7745.05,1249.3,10466.9
45,35,836.604,7084.85,1517.65,9620.89
50,35,943.251,6360.74,1756.22,8695.79
55,35,997.053,5622.73,1952.57,7738.8
60,35,1008.07,4911.8,2100.02,6793.46
65,35,989.376,4255.41,2197.02,5894.06
70,35,952.471,3667.75,2245.16,5063.55
75,35,905.901,3152.58,2247.29,4314.21
80,35,856.079,2706.46,2206.31,3649.84
85,35,808.809,2321.59,2124.74,3068.06
90,35,770.48,1987.88,2004.66,2562.12
95,35,748.572,1694.67,1847.57,2122.22
100,35,751.627,1432.16,1654.07,1736.46
105,35,788.768,1192.67,1423.53,1391.78
110,35,868.696,971.449,1154.24,1075.02
115,35,997.86,766.823,844.737,774.302
120,35,1177.62,579.736,496.505,480.421
125,35,1400.69,412.988,117.864,188.362
130,35,1647.93,270.719,-272.553,-101.677
135,35,1886.99,158.532,-644.874,-384.151
140,35,2074.48,83.9939,-961.506,-649.318
145,35,2162.3,56.3465,-1185.04,-885.374
150,35,2107.57,83.9475,-1287.78,-1080.53
155,35,1883.99,168.945,-1258.68,-1223.73
160,35,1491.45,300.901,-1104.84,-1303.68
165,35,960.658,453.249,-848.115,-1307.46
170,35,350.116,586.605,-520.389,-1221
175,35,-264.602,659.918,-160.412,-1032.68
180,35,-806.727,645.483,188.184,-739.14
0,40,-140.487,9586.53,-165.731,11330.4
5,40,-282.837,9758.28,-352.454,11510.4
10,40,-430.706,9943.79,-495.195,11643.3
15,40,-534.75,10101.8,-573.374,11697.4
20,40,-557.741,10181.6,-578.382,11643.9
25,40,-484.986,10131.8,-510.003,11459
30,40,-328.439,9912.41,-374.091,11126.9
35,40,-121.357,9506.49,-182.28,10643.4
40,40,94.8011,8926.69,48.0937,10019.2
45,40,284.884,8212.12,295.815,9280.77
50,40,429.123,7417.15,539.544,8465.88
55,40,523.898,6597.35,761.79,7616.93
60,40,576.312,5798.62,951.156,6773.1
65,40,597.236,5052.11,1102.16,5964.97
70,40,596.521,4374.59,1213.4,5212.39
75,40,581.534,3771.56,1285.42,4525.27
80,40,558.014,3240.97,1319.28,3905.95
85,40,531.668,2776.19,1315.9,3351.68
90,40,509.383,2368.23,1275.98,2856.52
95,40,499.71,2007.37,1199.91,2412.56
100,40,512.747,1684.6,1087.42,2010.68
105,40,559.54,1392.83,937.286,1641.11
110,40,650.927,1127.67,747.351,1294.06
115,40,795.515,887.556,515.57,960.599
120,40,996.545,673.322,242.486,633.769
125,40,1247.95,487.351,-65.1656,309.976
130,40,1530.63,333.074,-391.044,-9.703
135,40,1810.74,215.16,-708.107,-318.871
140,40,2041.66,140.175,-981.712,-606.466
145,40,2170.67,116.462,-1176.91,-858.827
150,40,2149.7,151.593,-1267.33,-1062.32
155,40,1947.74,246.718,-1241.44,-1205.07
160,40,1561.77,389.557,-1103.56,-1276.89
165,40,1022.26,550.298,-870.482,-1268.12
170,40,390.646,684.979,-567.283,-1169.3
175,40,-251.671,747.699,-225.509,-973.36
180,40,-820.058,707.447,117.157,-680.07
0,45,-154.396,10537.6,-152.856,10451.8
5,45,-488.75,10728.5,-536.866,10617.2
10,45,-812.851,10940.9,-866.253,10733.8
15,45,-1068.06,11129.4,-1118.09,10776.5
20,45,-1210.87,11237.9,-1280.91,10723.8
25,45,-1223.71,11209,-1351.03,10557.9
30,45,-1118.93,10996.6,-1330.7,10266.7
35,45,-932.963,10579.9,-1228.77,9846.19
40,45,-712.35,9970.16,-1061.44,9304.47
45,45,-498.2,9208.01,-850.819,8662.81
50,45,-316.114,8351.18,-620.835,7953.09
55,45,-174.738,7459.36,-392.475,7211.69
60,45,-70.9027,6582.19,-180.702,6472.48
65,45,3.34144,5753.63,5.9514,5761.68
70,45,55.683,4992.36,163.742,5095.79
75,45,91.8086,4305.25,291.457,4482.36
80,45,116.125,3691.58,388.687,3922.39
85,45,133.369,3146.34,454.976,3412.75
90,45,149.938,2662.43,489.59,2948.13
95,45,174.488,2232.26,491.457,2522.12
100,45,217.856,1848.77,458.995,2127.7
105,45,292.379,1506.48,389.877,1757.48
110,45,410.557,1201.93,281.112,1403.96
115,45,582.755,933.812,129.987,1060.04
120,45,813.755,702.447,-63.7312,720.072
125,45,1098.47,509.032,-294.567,381.313
130,45,1417.95,355.285,-548.245,45.6408
135,45,1737.34,243.859,-800.705,-279.342
140,45,2007.9,179.288,-1020.93,-580.65
145,45,2173.77,168.146,-1177.57,-842.141
150,45,2183.17,216.616,-1246.82,-1047.88
155,45,2001.66,324.639,-1217.72,-1184.95
160,45,1623.76,478.401,-1092.44,-1244.33
165,45,1079.34,645.707,-882.733,-1219.88
170,45,431.502,779.311,-606.473,-1107.28
175,45,-234.247,829.851,-287.059,-904.754
180,45,-827.148,764.027,45.2385,-615.824
0,50,-167.131,11408.4,-138.818,9493.62
5,50,-724.597,11611.3,-683.417,9637.67
10,50,-1254.62,11835,-1165.03,9723.18
15,50,-1689.83,12033.1,-1560.25,9733.23
20,50,-1980.45,12148,-1856.24,9655.56
25,50,-2105.13,12119.6,-2046.9,9481.3
30,50,-2075.04,11899,-2131.44,9204.41
35,50,-1927.99,11462.8,-2115.72,8823.51
40,50,-1714.36,10820.7,-2013.93,8345.17
45,50,-1480.88,10013.5,-1847.66,7786.1
50,50,-1259.61,9100.81,-1641.88,7171.78
55,50,-1065.36,8144.83,-1419.78,6531.88
60,50,-900.064,7197.87,-1198.95,5894.28
65,50,-759.562,6296.05,-990.414,5280.54
70,50,-638.902,5459.49,-799.919,4703.87
75,50,-534.474,4696.17,-630.185,4169.83
80,50,-443.623,4006.49,-482.826,3678.42
85,50,-363.125,3387.04,-359.436,3226.48
90,50,-287.74,2832.86,-261.96,2809.33
95,50,-209.422,2338.89,-192.764,2421.73
100,50,-117.277,1900.69,-154.684,2058.07
105,50,1.71462,1514.98,-151.097,1712.3
110,50,161.147,1179.84,-185.732,1377.89
115,50,372.581,894.46,-261.777,1048.27
120,50,641.783,658.571,-379.944,717.928
125,50,964.225,471.725,-535.691,384.234
130,50,1320.94,333.109,-716.634,49.6147
135,50,1676.55,242.288,-901.855,-276.912
140,50,1981.19,200.603,-1064.55,-579.991
145,50,2177.43,211.806,-1177.87,-840.563
150,50,2211.58,279.961,-1221.57,-1040.12
155,50,2047.23,403.59,-1186.05,-1164.66
160,50,1677.3,567.791,-1071.79,-1206.38
165,50,1130.86,739.117,-885.75,-1162.88
170,50,471.511,868.667,-638.501,-1035.28
175,50,-213.011,905.342,-344.924,-827.427
180,50,-827.944,814.793,-27.0243,-546.891
0,55,-178.594,12192.4,-123.723,8463.19
5,55,-983.414,12398.7,-787.345,8581.02
10,55,-1742.37,12614.8,-1381.7,8624.89
15,55,-2380.02,12796.7,-1884.14,8586.72
20,55,-2840.36,12889.3,-2281.62,8464.73
25,55,-3097.53,12834.3,-2566.75,8260.33
30,55,-3160,12583.6,-2736.45,7975.54
35,55,-3065.33,12112.7,-2793.91,7613.25
40,55,-2866.51,11430.5,-2750.88,7179.94
45,55,-2615.64,10576.8,-2627.51,6688.35
50,55,-2351.93,9611.18,-2448.62,6157.58
55,55,-2097.66,8597.17,-2238.52,5610.28
60,55,-1861.21,7588.75,-2016.73,5068.08
65,55,-1643.29,6623.71,-1796.38,4547.75
70,55,-1442.27,5723.46,-1585.08,4059.38
75,55,-1256.8,4896.87,-1386.93,3606.86
80,55,-1086,4145.16,-1204.53,3189.58
85,55,-928.137,3465.94,-1040.23,2804.51
90,55,-779.228,2855.88,-896.7,2447.61
95,55,-632.115,2312.01,-777.042,2114.51
100,55,-476.316,1832.31,-684.799,1800.46
105,55,-298.764,1415.89,-623.908,1499.95
110,55,-85.5406,1062.72,-598.416,1206.53
115,55,175.26,772.982,-611.627,913.199
120,55,489.581,546.166,-664.439,613.764
125,55,852.846,380.183,-753.05,305.102
130,55,1245.93,271.233,-866.941,-10.1353
135,55,1633.32,214.905,-988.555,-321.632
140,55,1965.16,208.201,-1095.76,-611.708
145,55,2184.04,250.943,-1166.79,-858.493
150,55,2236.16,344.306,-1185.54,-1041.13
155,55,2084.68,485.222,-1144.15,-1144.75
160,55,1721.83,658.288,-1041.66,-1162.96
165,55,1175.81,830.143,-880.434,-1097.1
170,55,509.657,952.09,-664.059,-953.675
175,55,-188.595,973.183,-399.077,-742.058
180,55,-822.438,859.357,-99.0815,-473.796
0,60,-188.697,12883.6,-107.687,7368.35
5,60,-1257.51,13083.9,-845.171,7457.23
10,60,-2260.87,13271.4,-1509.02,7453.96
15,60,-3115.8,13407.9,-2078.08,7359.11
20,60,-3760.15,13445.3,-2539.98,7181.4
25,60,-4162.97,13331.6,-2887.04,6932.94
30,60,-4328.96,13023.2,-3115,6624.74
35,60,-4294.1,12497.8,-3225.07,6265.18
40,60,-4113.08,11763.4,-3226.7,5861.78
45,60,-3843.3,10858.4,-3138.05,5424.15
50,60,-3531.86,9841.23,-2982.94,4965.48
55,60,-3209.83,8775,-2785.92,4501.5
60,60,-2893.51,7714.54,-2567.78,4047.62
65,60,-2589.5,6698.97,-2343.39,3615.91
70,60,-2299.98,5750.82,-2122,3213.49
75,60,-2025.87,4879.62,-1908.95,2842.71
80,60,-1767.62,4086.79,-1707.54,2502.45
85,60,-1524.51,3370.1,-1520.44,2189.75
90,60,-1293.44,2726.58,-1350.43,1901.01
95,60,-1068.04,2154.24,-1200.62,1632.44
100,60,-838.524,1652.66,-1074.53,1379.77
105,60,-592.452,1222.97,-975.984,1137.73
110,60,-316.515,867.213,-908.799,899.685
115,60,0.50584,587.129,-875.99,658.027
120,60,363.813,382.617,-878.386,405.712
125,60,768.229,250.366,-912.837,138.951
130,60,1194.46,183.54,-970.763,-139.656
135,60,1607.5,173.187,-1038.16,-418.955
140,60,1958.65,211.053,-1097.84,-679.619
145,60,2192.06,292.065,-1133.33,-897.816
150,60,2255.4,413.859,-1132.69,-1051.18
155,60,2112.73,571.728,-1089.75,-1124.61
160,60,1756.25,750.479,-1002.1,-1113.34
165,60,1213.21,918.282,-867.792,-1022.28
170,60,545.085,1028.57,-683.971,-862.851
175,60,-161.561,1032.44,-449.588,-649.44
180,60,-810.673,897.381,-170.385,-397.095
0,65,-197.365,13476.8,-90.8308,6217.43
5,65,-1538.68,13661.2,-854.815,6276.96
10,65,-2793.82,13798.5,-1542.66,6226.54
15,65,-3872.47,13859.3,-2135.05,6074.43
20,65,-4706.44,13806.5,-2620.92,5838.84
25,65,-5259.43,13599.3,-2993.34,5541.9
30,65,-5531.81,13202.7,-3248.11,5203.49
35,65,-5557.34,12599.4,-3385.52,4838
40,65,-5391.96,11798.3,-3413.21,4454.86
45,65,-5098.41,10836.2,-3347.21,4061.47
50,65,-4732.44,9768.86,-3209.68,3665.85
55,65,-4335.07,8657.85,-3024.54,3277.33
60,65,-3931.63,7557.77,-2813.01,2905.37
65,65,-3535.5,6508.37,-2591.13,2557.52
70,65,-3152.95,5532.89,-2369.43,2238.07
75,65,-2786.93,4640.99,-2154.16,1947.82
80,65,-2438.68,3833.51,-1949.03,1685
85,65,-2107.8,3107.14,-1756.67,1446.48
90,65,-1791.56,2457.93,-1579.45,1228.73
95,65,-1484.16,1883.44,-1419.94,1028.2
100,65,-1176.73,1383.74,-1281.03,840.951
105,65,-858.019,961.331,-1165.85,662.023
110,65,-516.223,620.27,-1077.45,484.956
115,65,-141.734,364.249,-1018.17,302.077
120,65,269.217,194.215,-988.512,106.075
125,65,710.621,106.203,-985.868,-107.153
130,65,1163.38,90.5916,-1003.6,-335.152
135,65,1593.88,133.718,-1031.33,-566.601
140,65,1955.82,221.574,-1056.75,-781.749
145,65,2196.2,343.622,-1068.47,-956.328
150,65,2265.25,493.616,-1058.34,-1067.91
155,65,2128.68,665.366,-1021.41,-1102.11
160,65,1778.96,844.706,-953.652,-1056.09
165,65,1242.11,1002.79,-849.049,-937.959
170,65,577.121,1097.01,-699.181,-763.267
175,65,-132.39,1082.25,-496.606,-550.476
180,65,-792.738,928.575,-240.391,-317.372
0,70,-204.53,13967.4,-73.2837,5019.19
5,70,-1818.52,14126.5,-815.659,5051.31
10,70,-3324.39,14192.8,-1481.34,4959.3
15,70,-4624.51,14148.5,-2053,4757.5
20,70,-5644.61,13971.1,-2521.4,4471.69
25,70,-6343.25,13635.5,-2881.39,4132.26
30,70,-6716.6,13119.7,-3130.08,3766.86
35,70,-6796.3,12414.5,-3268.09,3395.55
40,70,-6639.68,11532.1,-3302.01,3030.11
45,70,-6315.04,10507.6,-3245.77,2676.61
50,70,-5887.25,9393.56,-3119.23,2338.79
55,70,-5407.89,8248.57,-2944.6,2020.36
60,70,-4911.99,7125.49,-2742.49,1725.32
65,70,-4420.1,6063.48,-2529.18,1456.96
70,70,-3942.71,5085.49,-2315.83,1216.79
75,70,-3484.54,4200.4,-2109.26,1004.07
80,70,-3047.18,3407.44,-1913.36,816.232
85,70,-2630.1,2701.18,-1730.51,649.692
90,70,-2230.55,2075.51,-1562.52,500.702
95,70,-1843.2,1526.46,-1411.21,365.675
100,70,-1460.22,1053.59,-1278.57,240.96
105,70,-1072,660.148,-1166.7,122.203
110,70,-668.754,351.82,-1077.55,3.79194
115,70,-242.982,134.256,-1012.42,-121.018
120,70,207.485,9.716,-971.178,-258.737
125,70,676.143,-26.0309,-951.507,-412.985
130,70,1144.92,14.9585,-948.518,-581.282
135,70,1582.76,114.505,-955.187,-752.833
140,70,1946.92,252.895,-963.715,-908.951
145,70,2188.12,414.114,-967.208,-1026.85
150,70,2259.62,588.149,-960.517,-1085.84
155,70,2128.79,767.766,-939.302,-1073.48
160,70,1788.06,940.735,-897.602,-989.126
165,70,1261.65,1082.58,-825.73,-843.586
170,70,605.29,1156.25,-710.741,-655.485
175,70,-101.473,1121.82,-540.337,-446.183
180,70,-768.77,952.702,-308.568,-235.234
0,75,-210.139,14351.7,-55.1788,3782.75
5,75,-2088.6,14476.8,-728.566,3791.6
10,75,-3835.9,14453.6,-1326.88,3668.86
15,75,-5346.62,14277.8,-1834.98,3432.76
20,75,-6540.57,13945,-2245.94,3114
25,75,-7371.68,13449.1,-2557.28,2748.62
30,75,-7832.91,12785.3,-2768.72,2369.87
35,75,-7954.7,11956.5,-2882.37,2002.32
40,75,-7796.38,10979.8,-2904.55,1659.96
45,75,-7432.11,9890.16,-2847.08,1348.15
50,75,-6935.83,8736.25,-2726.74,1067.37
55,75,-6369.59,7572.09,-2562.8,816.591
60,75,-5778.08,6446.85,-2373.83,594.953
65,75,-5189.02,5397.13,-2175.17,401.843
70,75,-4617.09,4443.95,-1977.82,236.146
75,75,-4068.72,3594.09,-1788.76,95.6265
80,75,-3545.76,2844.28,-1611.98,-23.0988
85,75,-3047.44,2186.22,-1449.7,-124.073
90,75,-2570.9,1611.11,-1303.34,-211.35
95,75,-2111.3,1112.95,-1174.11,-288.582
100,75,-1661.94,690.297,-1063.2,-359.073
105,75,-1214.95,346.557,-971.716,-426.248
110,75,-762.673,88.4989,-900.405,-494.189
115,75,-299.572,-76.7761,-849.292,-567.682
120,75,175.43,-145.993,-817.291,-651.248
125,75,656.286,-123.673,-801.977,-747.033
130,75,1127.25,-24.0495,-799.719,-852.174
135,75,1561.13,130.656,-806.244,-956.946
140,75,1919.74,315.586,-817.478,-1045.16
145,75,2157.89,509.832,-830.073,-1097.44
150,75,2231.54,700.212,-840.969,-1096.67
155,75,2108.97,879.182,-845.719,-1033.55
160,75,1781.65,1037.43,-836.256,-909.899
165,75,1271.19,1156.09,-799.707,-738.615
170,75,629.341,1205.01,-719.78,-540.223
175,75,-69.1066,1150.45,-581.024,-337.69
180,75,-738.951,969.579,-374.396,-151.305
0,80,-214.149,14626.8,-36.654,2517.52
5,80,-2340.81,14710.7,-595.854,2509.21
10,80,-4312.33,14583.1,-1084.14,2371.17
15,80,-6014.88,14254.7,-1488.92,2123.07
20,80,-7362.44,13741.3,-1806.17,1797.34
25,80,-8305.41,13059.1,-2036.92,1432.25
30,80,-8835.13,12224,-2184.45,1063.7
35,80,-8982.52,11253.9,-2253.32,718.695
40,80,-8809.96,10174,-2250.04,412.65
45,80,-8397.63,9020.01,-2184.21,150.495
50,80,-7827.91,7836.62,-2068.63,-69.6651
55,80,-7172.43,6671.59,-1918.2,-252.581
60,80,-6484.78,5567.89,-1747.86,-403.155
65,80,-5799.51,4557.03,-1570.66,-525.455
70,80,-5135.53,3655.95,-1396.56,-622.969
75,80,-4501.23,2867.97,-1232.33,-699.23
80,80,-3898.96,2186.56,-1082.06,-758.175
85,80,-3327.88,1600.43,-948.092,-804.026
90,80,-2785.16,1098.18,-831.838,-840.845
95,80,-2266.42,671.905,-734.314,-872.106
100,80,-1766.05,319.126,-656.304,-900.548
105,80,-1277.78,43.0034,-598.226,-928.379
110,80,-795.694,-149.314,-559.818,-957.654
115,80,-315.507,-250.147,-539.858,-990.435
120,80,163.867,-255.984,-536.093,-1028.3
125,80,638.287,-172.043,-545.533,-1071.05
130,80,1095.89,-14.6089,-565.075,-1115.06
135,80,1514.68,190.68,-592.229,-1152.04
140,80,1861.72,414.761,-625.495,-1169.42
145,80,2095.74,632.831,-663.911,-1152.82
150,80,2174.47,829.501,-705.54,-1090.22
155,80,2065.65,997.847,-745.278,-976.391
160,80,1758.36,1132.5,-772.969,-815.788
165,80,1270.49,1221.3,-773.178,-622.705
170,80,649.28,1241.96,-727.467,-418.413
175,80,-35.4905,1167.58,-618.92,-226.231
180,80,-703.508,979.077,-437.376,-66.2251
0,85,-216.528,14790.5,-17.8503,1233.13
5,85,-2567.57,14827.8,-421.217,1215.32
10,85,-4738.93,14585.8,-760.753,1081.02
15,85,-6607.65,14090.6,-1027.2,848.676
20,85,-8082.13,13379.7,-1220.12,548.969
25,85,-9110.62,12493.7,-1344.68,218.469
30,85,-9685.03,11471.5,-1408.32,-107.968
35,85,-9838.95,10349.1,-1418.43,-403.637
40,85,-9639.12,9162.09,-1381.85,-653.245
45,85,-9171.65,7948.53,-1305.51,-852.476
50,85,-8526.22,6748.89,-1197.32,-1004.86
55,85,-7782.39,5603.08,-1066.4,-1117.77
60,85,-7001.35,4545.26,-922.529,-1199.12
65,85,-6223.9,3599.01,-775.115,-1255.71
70,85,-5473.3,2774.98,-632.182,-1292.93
75,85,-4760.42,2071.68,-499.84,-1315.2
80,85,-4088.6,1479.02,-382.306,-1326.57
85,85,-3457.2,982.968,-282.332,-1330.9
90,85,-2863.49,570.131,-201.761,-1331.66
95,85,-2303.46,231.215,-141.93,-1331.66
100,85,-1772.33,-37.1253,-103.764,-1332.67
105,85,-1265.01,-232.228,-87.5274,-1335.41
110,85,-776.602,-347.281,-92.4262,-1339.62
115,85,-302.987,-374.989,-116.308,-1344.24
120,85,158.38,-312.514,-155.79,-1347.39
125,85,606.906,-166.278,-206.935,-1346.05
130,85,1036.16,45.4914,-266.334,-1335.59
135,85,1430.45,294.442,-332.044,-1309.4
140,85,1762.41,548.364,-403.74,-1259.25
145,85,1994.15,779.702,-481.577,-1176.77
150,85,2083.79,971.9,-563.904,-1055.99
155,85,1996.66,1119.62,-644.695,-896.271
160,85,1717.68,1222.4,-711.999,-704.584
165,85,1259.84,1275.67,-748.571,-495.935
170,85,665.383,1265.74,-734.959,-291.261
175,85,-0.732764,1172.75,-654.275,-113.14
180,85,-662.711,981.123,-497.026,19.359
0,90,-217.26,14841.7,1.08935,-60.64
5,90,-2762.07,14829.2,-209.607,-79.1969
10,90,-5102.68,14468.1,-366.881,-188.401
15,90,-7106.41,13800.1,-466.013,-373.646
20,90,-8676.48,12884.8,-510.966,-609.649
25,90,-9760.59,11787.8,-511.508,-865.674
30,90,-10353.7,10572.6,-479.24,-1112.01
35,90,-10494.4,9294.92,-424.157,-1325.64
40,90,-10255.1,8002.85,-352.95,-1493.53
45,90,-9727.81,6737.96,-269.249,-1612.68
50,90,-9007.78,5536.68,-175.141,-1687.78
55,90,-8180.47,4429.75,-72.8573,-1727.66
60,90,-7312.94,3440.23,34.2196,-1741.93
65,90,-6451.45,2581.25,141.506,-1739.02
70,90,-5623.7,1855.12,243.846,-1725.36
75,90,-4843.53,1254.54,336.306,-1705.65
80,90,-4115.85,765.712,414.703,-1683.44
85,90,-3440.49,372.397,475.712,-1661.59
90,90,-2814.73,59.8978,516.696,-1642.35
95,90,-2234.67,-181.921,535.499,-1627.2
100,90,-1695.89,-357.086,530.478,-1616.51
105,90,-1193.82,-463.666,500.856,-1609.16
110,90,-723.633,-495.746,447.282,-1602.42
115,90,-280.15,-447.129,372.243,-1592.02
120,90,142.086,-316.239,279.957,-1572.58
125,90,547.483,-110.918,175.503,-1538.25
130,90,936.242,148.961,63.42,-1483.42
135,90,1299.66,433.075,-53.5816,-1403.37
140,90,1615.93,707.027,-174.863,-1294.54
145,90,1849.75,941.451,-300.495,-1154.98
150,90,1958.1,1119.45,-428.531,-985.046
155,90,1902.02,1238.04,-552.129,-788.698
160,90,1660.42,1302.41,-658.149,-575.037
165,90,1240.16,1316.32,-728.38,-359.017
170,90,678.207,1275.01,-743.333,-160.291
175,90,35.1432,1165.67,-687.307,0.163153
180,90,-616.871,975.702,-552.894,104.796
0,95,-216.338,14780,20.0207,-1353.95
5,95,-2918.44,14716.8,32.9249,-1363.95
10,95,-5392.73,14238.1,85.2424,-1425.81
15,95,-7496.41,13400.5,175.503,-1531.26
20,95,-9128.13,12284.6,294.352,-1663.91
25,95,-10236.7,10981.1,427.285,-1803
30,95,-10822.5,9577.75,559.077,-1928.19
35,95,-10931.3,8150.87,678.102,-2023.88
40,95,-10642.6,6761.77,778.857,-2081.85
45,95,-10053.6,5456.58,861.92,-2101.64
50,95,-9263.89,4267.96,931.771,-2088.93
55,95,-8362.45,3216.85,993.785,-2052.86
60,95,-7420.32,2313.78,1051.77,-2003.19
65,95,-6488.07,1559.72,1106.83,-1948.36
70,95,-5597.59,947.205,1157.52,-1894.61
75,95,-4765.97,462.355,1200.75,-1845.97
80,95,-4000.02,87.578,1232.73,-1804.82
85,95,-3300.23,-195.208,1249.63,-1772.41
90,95,-2663.76,-401.538,1247.83,-1749.23
95,95,-2086.37,-542.089,1223.95,-1734.92
100,95,-1563.4,-621.538,1175.08,-1727.96
105,95,-1089.91,-638.882,1099.24,-1725.14
110,95,-660.195,-589.383,996.154,-1721.16
115,95,-266.839,-468.127,867.908,-1708.65
120,95,99.6255,-274.746,719.07,-1679
125,95,449.519,-18.1276,555.905,-1623.85
130,95,790.227,280.852,384.772,-1536.96
135,95,1120.17,590.669,210.383,-1415.63
140,95,1422.8,875.445,35.0453,-1261.08
145,95,1664.59,1104.52,-140.261,-1077.65
150,95,1800.1,1261.05,-313.066,-871.748
155,95,1784.43,1344.78,-476.212,-651.472
160,95,1588.88,1367,-616.26,-427.361
165,95,1213.11,1340.17,-714.946,-213.48
170,95,688.574,1268.6,-753.511,-27.3773
175,95,72.186,1146.24,-718.187,112.187
180,95,-566.335,962.856,-604.554,189.435
0,100,-213.77,14605.7,38.7996,-2636.96
5,100,-3032,14493.5,299.42,-2629.14
10,100,-5600.66,13904.9,581.758,-2622.06
15,100,-7767.02,12909.8,876.13,-2615.98
20,100,-9425.92,11608.7,1166.72,-2606.63
25,100,-10528.8,10115,1434.38,-2587.09
30,100,-11083.3,8539.62,1661.35,-2550.44
35,100,-11144.4,6978.61,1835.98,-2492.15
40,100,-10799.1,5506.37,1955.54,-2411.62
45,100,-10149.9,4173.86,2025.95,-2312.46
50,100,-9299.08,3010.44,2058.86,-2201.54
55,100,-8337.34,2027.5,2067.57,-2087.3
60,100,-7337.69,1222.86,2063.34,-1977.95
65,100,-6353.59,584.827,2053.43,-1880.08
70,100,-5420.22,95.5987,2040.72,-1798.04
75,100,-4557.62,-265.784,2024.63,-1733.96
80,100,-3774.43,-520.934,2002.32,-1688.2
85,100,-3071.77,-689.841,1969.73,-1659.95
90,100,-2446.49,-788.893,1922.22,-1647.57
95,100,-1893.58,-829.375,1854.94,-1648.59
100,100,-1407.42,-816.749,1763.24,-1659.35
105,100,-981.904,-751.029,1643.32,-1674.35
110,100,-609.479,-628.544,1493.24,-1685.7
115,100,-279.77,-445.234,1313.96,-1683.2
120,100,21.1966,-201.177,1109.91,-1655.41
125,100,309.76,94.673,888.492,-1591.98
130,100,600.274,421.426,658.432,-1486.39
135,100,897.863,747.13,427.433,-1338.17
140,100,1190.77,1034.84,200.516,-1153.12
145,100,1446.63,1252.69,-19.6923,-941.479
150,100,1616.79,1383.77,-230.366,-715.116
155,100,1649.37,1430.5,-424.879,-485.468
160,100,1506.9,1410.25,-590.62,-263.601
165,100,1181,1344.19,-710.213,-61.7898
170,100,697.537,1245.55,-766.19,105.256
175,100,110.5,1114.55,-747.027,221.399
180,100,-511.49,942.681,-651.612,272.633
0,105,-209.575,14320.3,57.2833,-3899.89
5,105,-3099.31,14162.9,582.226,-3865.59
10,105,-5720.71,13477.9,1107.69,-3770.13
15,105,-7911.91,12346.4,1613.53,-3624.11
20,105,-9564.88,10885.7,2076.38,-3438.09
25,105,-10634.9,9229.56,2472.73,-3222.36
30,105,-11138.1,7509.06,2783.73,-2986.91
35,105,-11139.4,5837.61,2999.8,-2741.62
40,105,-10734.1,4301.39,3122.94,-2496.19
45,105,-10029.4,2955.88,3165.74,-2259.94
50,105,-9129.26,1827.61,3147.63,-2041.33
55,105,-8124.78,919.504,3089.8,-1847.43
60,105,-7089.23,217.853,3010.86,-1683.32
65,105,-6077.2,-300.834,2924.21,-1551.8
70,105,-5125.71,-664.282,2837.35,-1453.47
75,105,-4256.63,-900.58,2752.69,-1387.07
80,105,-3479.79,-1035.74,2668.82,-1350.05
85,105,-2796.54,-1092.18,2581.81,-1339.04
90,105,-2203.09,-1087.64,2486.14,-1350.11
95,105,-1693.27,-1034.42,2375.38,-1378.65
100,105,-1259.96,-938.975,2242.77,-1418.88
105,105,-895.218,-802.241,2082.22,-1463.04
110,105,-589.162,-621.135,1889.56,-1500.82
115,105,-328.294,-391.545,1664.11,-1519.43
120,105,-94.4654,-112.77,1409.81,-1505.03
125,105,133.935,207.493,1135.2,-1445.65
130,105,377.285,549.485,851.755,-1334.84
135,105,646.591,881.565,570.836,-1174.35
140,105,934.352,1165.97,300.808,-974.359
145,105,1209.19,1369.44,46.1253,-750.531
150,105,1419.07,1474.58,-190.544,-519.456
155,105,1504.81,1485.93,-404.216,-295.015
160,105,1419.64,1426.52,-584.378,-87.8036
165,105,1146.72,1325.75,-715.492,92.6269
170,105,706.314,1205.25,-781.773,235.067
175,105,150.225,1070.9,-773.862,326.249
180,105,-452.752,915.333,-693.712,353.755
0,110,-203.785,13925.9,75.331,-5133.15
5,110,-3118.3,13729.3,873.23,-5064.82
10,110,-5749.87,12966.6,1647.44,-4865.07
15,110,-7928.97,11727.4,2365.14,-4556.12
20,110,-9545.87,10142.2,2994.32,-4165.47
25,110,-10560.4,8361.17,3507.49,-3723.17
30,110,-10997.6,6531.61,3886.36,-3258.93
35,110,-10932.2,4780.87,4125.64,-2799.62
40,110,-10467.4,3204.43,4234.2,-2367.45
45,110,-9714.83,1861.21,4232.78,-1978.9
50,110,-8779.67,775.415,4149.17,-1644.65
55,110,-7752.32,-56.9045,4012.45,-1369.97
60,110,-6705.12,-658.771,3848.18,-1155.63
65,110,-5692.13,-1063.36,3675.54,-999.003
70,110,-4750.34,-1306.91,3506.55,-895.204
75,110,-3901.69,-1424.08,3346.71,-838.161
80,110,-3155.84,-1445.52,3196.27,-821.414
85,110,-2513.47,-1396.72,3051.68,-838.568
90,110,-1969.65,-1297.53,2906.66,-883.324
95,110,-1516.66,-1161.8,2753.12,-949.089
100,110,-1145.54,-997.17,2582.07,-1028.19
105,110,-846.376,-805.263,2384.82,-1110.92
110,110,-607.087,-582.916,2154.7,-1184.77
115,110,-411.667,-324.951,1889.16,-1234.63
120,110,-238.922,-28.6581,1591.55,-1244.47
125,110,-63.4265,300.758,1271.66,-1200.91
130,110,139.781,645.713,943.964,-1097.57
135,110,386.533,975.571,623.849,-938.372
140,110,673.176,1252.03,323.243,-737.626
145,110,969.492,1440.3,48.2488,-516.01
150,110,1220.61,1521.99,-199.375,-294.238
155,110,1360.46,1503.01,-417.509,-87.8202
160,110,1333.19,1411.08,-599.057,94.062
165,110,1113.49,1282.88,-731.271,245.461
170,110,716.211,1147.54,-800.322,359.261
175,110,191.517,1015.83,-798.649,425.212
180,110,-390.568,881.018,-730.532,432.186
0,115,-196.444,13425.5,92.8053,-6327.34
5,115,-3088.34,13197.6,1164.1,-6219.04
10,115,-5687.83,12379.9,2185.34,-5903.76
15,115,-7820.03,11067.5,3108.97,-5416.09
20,115,-9374.85,9400.43,3893.45,-4801.81
25,115,-10316.9,7539.77,4507.69,-4112.34
30,115,-10679.6,5644.46,4935.44,-3398.88
35,115,-10546.4,3851.34,5177.81,-2707
40,115,-10027.2,2262.03,5252.54,-2072.84
45,115,-9237.37,937.368,5190.02,-1521.18
50,115,-8282.82,-100.579,5027.11,-1065.36
55,115,-7252.95,-860.805,4800.79,-708.808
60,115,-6218.38,-1372.92,4543.2,-447.32
65,115,-5231.27,-1676.95,4278.8,-271.75
70,115,-4326.72,-1815.38,4023.64,-170.521
75,115,-3524.75,-1828.18,3785.99,-131.623
80,115,-2833.07,-1750.24,3567.62,-143.88
85,115,-2250.38,-1610.45,3365.28,-197.45
90,115,-1769.78,-1431.27,3171.9,-283.616
95,115,-1381.6,-1228.5,2977.7,-394.011
100,115,-1075.08,-1011.04,2771.38,-519.447
105,115,-838.658,-780.987,2541.59,-648.595
110,115,-658.882,-534.588,2279.19,-767.039
115,115,-518.54,-264.948,1979.84,-857.432
120,115,-395.092,33.3837,1646.49,-901.557
125,115,-261.166,358.452,1290.32,-884.465
130,115,-88.8836,695.592,929.047,-799.69
135,115,141.315,1015.87,582.18,-653.155
140,115,429.31,1280.96,265.145,-463.105
145,115,746.54,1454.77,-14.7013,-254.986
150,115,1036.3,1517.61,-257.324,-53.2439
155,115,1226.81,1475.89,-464.647,125.57
160,115,1254.03,1360.74,-634.253,274.427
165,115,1084.68,1214.61,-757.097,391.713
170,115,728.52,1072.8,-821.538,474.894
175,115,234.52,950.113,-821.267,516.823
180,115,-325.412,839.998,-761.793,507.327
0,120,-187.608,12823,109.573,-7473.38
5,120,-3010.19,12572.9,1446.53,-7321.07
10,120,-5536.92,11725.8,2706.02,-6884.57
15,120,-7590.54,10379,3824.26,-6210.91
20,120,-9062.07,8677.17,4749.45,-5364.54
25,120,-9920.9,6787.23,5447.21,-4418.9
30,120,-10207.1,4874.01,5904.48,-3447.24
35,120,-10011,3079.13,6130.37,-2514.49
40,120,-9447.27,1506.78,6153.17,-1671.31
45,120,-8633.66,217.878,6014.15,-951.221
50,120,-7676.28,-767.596,5759.99,-370.642
55,120,-6663.23,-1462.06,5435.76,68.7411
60,120,-5662.97,-1899.06,5079.92,376.225
65,120,-4724.87,-2122.46,4721.69,567.829
70,120,-3880.76,-2178.32,4380.5,662.343
75,120,-3147.05,-2109.93,4066.75,678.264
80,120,-2527.86,-1955.29,3783.21,631.925
85,120,-2018.55,-1746.09,3526.5,536.854
90,120,-1609.34,-1507.22,3288.52,404.188
95,120,-1288.29,-1256.37,3057.69,243.859
100,120,-1042.98,-1003.66,2820.36,66.2847
105,120,-860.964,-751.57,2562.65,-115.849
110,120,-728.612,-495.781,2273.14,-286.301
115,120,-629.118,-227.741,1946,-425.399
120,120,-540.474,60.6716,1584.12,-512.442
125,120,-435.268,370.836,1200.38,-530.589
130,120,-284.358,691.403,815.839,-472.996
135,120,-65.5594,995.866,454.153,-347.381
140,120,224.236,1246.82,134.037,-175.821
145,120,558.685,1407.52,-136.329,11.5819
150,120,880.562,1457.12,-359.35,186.836
155,120,1114.02,1401.73,-541.976,332.672
160,120,1188.35,1274.29,-687.546,444.658
165,120,1063.42,1121.13,-791.558,525.978
170,120,744.414,982.036,-844.769,579.005
175,120,279.352,874.747,-841.52,599.728
180,120,-257.779,792.585,-787.255,578.607
0,125,-177.344,12122.8,125.508,-8562.54
5,125,-2886.02,11860.5,1712.49,-8364.35
10,125,-5301.93,11010.9,3194.91,-7806.95
15,125,-7248.97,9670.38,4492,-6949.24
20,125,-8620.98,7983.08,5541.32,-5873.81
25,125,-9391.64,6116.13,6305.33,-4675.49
30,125,-9605.79,4234.58,6774.83,-3449.1
35,125,-9357.51,2479.9,6967.84,-2278.4
40,125,-8763.9,955.396,6924.15,-1228.29
45,125,-7943.01,-279.716,6696.81,-340.969
50,125,-7000.06,-1207.62,6342.9,363.964
55,125,-6021.33,-1842.88,5915.85,886.272
60,125,-5072.73,-2220.74,5460.3,1239.99
65,125,-4200.38,-2386.29,5009.8,1447.69
70,125,-3432.12,-2386.59,4586.46,1535.16
75,125,-2779.93,-2265.93,4202.05,1527.29
80,125,-2243.4,-2063.48,3859.56,1445.55
85,125,-1813.72,-1812.26,3554.91,1307.14
90,125,-1477.71,-1538.5,3278.55,1125.58
95,125,-1220.95,-1261.1,3016.87,912.237
100,125,-1029.69,-991.121,2753.9,678.646
105,125,-891.252,-731.581,2473.4,438.818
110,125,-792.939,-478.141,2161.95,210.935
115,125,-719.752,-221.416,1812.62,17.271
120,125,-651.804,48.5504,1428.56,-118.624
125,125,-563.281,335.959,1024.66,-177.666
130,125,-425.285,632.869,625.473,-152.378
135,125,-214.139,915.989,258.722,-52.1241
140,125,75.9997,1150.04,-53.7957,97.2838
145,125,421.403,1298.83,-303.424,261.176
150,125,765.631,1340.76,-495.488,408.11
155,125,1030.75,1281.07,-642.61,520.204
160,125,1141.47,1152.8,-754.665,595.733
165,125,1052.35,1003.99,-832.361,642.8
170,125,764.847,876.878,-869.049,668.77
175,125,326.077,790.949,-859.146,672.721
180,125,-188.184,739.14,-806.727,645.483
0,130,-165.731,11330.4,140.487,-9586.53
5,130,-2719.31,11066,1954.41,-9342.82
10,130,-4989.86,10240.7,3638.54,-8670.96
15,130,-6806.36,8946.47,5095.24,-7640.5
20,130,-8067.27,7322.21,6251.5,-6350.57
25,130,-8749.99,5529.44,7066.65,-4915.67
30,130,-8901.71,3727.91,7535.34,-3450.42
35,130,-8617.16,2054.36,7684.6,-2056
40,130,-8012.46,608.111,7565.89,-810.469
45,130,-7203.58,-554.804,7244.26,235.872
50,130,-6293.08,-1418.76,6787.48,1060.27
55,130,-5364.34,-1999.42,6257.44,1663.53
60,130,-4480.13,-2332.09,5704.9,2063.68
65,130,-3683.04,-2461.15,5167.28,2289.02
70,130,-2996.92,-2432.55,4668.78,2371.52
75,130,-2429.44,-2289.4,4221.73,2341.84
80,130,-1975.86,-2069.89,3828.61,2226.24
85,130,-1623.45,-1806.32,3484.04,2045.4
90,130,-1355.76,-1524.56,3176.62,1815.15
95,130,-1156.13,-1243.5,2890.58,1548.36
100,130,-1009.7,-974.6,2607.66,1257.78
105,130,-903.992,-721.58,2309.46,958.884
110,130,-827.802,-480.871,1980.84,672.006
115,130,-768.685,-243.448,1614.1,422.24
120,130,-709.835,1.2512,1212.98,236.168
125,130,-628.198,259.412,794.585,135.231
130,130,-496.42,526.389,387.022,127.607
135,130,-290.568,782.817,21.9561,202.382
140,130,-2.87262,996.851,-275.961,330.194
145,130,345.584,1134.2,-497.818,472.055
150,130,700.283,1173.26,-652.038,593.26
155,130,983.297,1117.89,-757.136,675.308
160,130,1117.22,999.697,-829.859,718.99
165,130,1053.37,866.069,-876.515,737.063
170,130,790.464,759.577,-893.173,741.663
175,130,374.695,700.131,-873.841,734.793
180,130,-117.157,680.07,-820.058,707.447
0,135,-152.856,10451.8,154.396,-10537.6
5,135,-2514.75,10195.2,2165.45,-10250.9
10,135,-4609.69,9419.14,4024.87,-9476.8
15,135,-6275.78,8208.51,5619.31,-8293.71
20,135,-7417.96,6692.18,6865.79,-6814.73
25,135,-8016.79,5020.83,7720.46,-5171.12
30,135,-8119.42,3343.79,8181.22,-3494.53
35,135,-7817.84,1789.04,8283.3,-1901.17
40,135,-7223.8,449.35,8089.07,-480.644
45,135,-6448.25,-623.418,7675.08,709.49
50,135,-5588.84,-1415.64,7119.47,1643.41
55,135,-4724.42,-1943.18,6492.43,2322.38
60,135,-3913.67,-2240.19,5850.53,2767.47
65,135,-3195.38,-2349.05,5234.66,3011.46
70,135,-2589.84,-2313.17,4670.46,3091.42
75,135,-2101.4,-2172.91,4170.22,3042.91
80,135,-1722.22,-1963.66,3735.3,2896.39
85,135,-1436.87,-1715.13,3358.63,2675.88
90,135,-1226.7,-1451.04,3026.77,2399.59
95,135,-1073.44,-1188.92,2721.84,2082.13
100,135,-961.488,-939.813,2423.47,1737.68
105,135,-878.624,-708.046,2111.37,1383.43
110,135,-815.078,-491.331,1769.02,1041.9
115,135,-760.946,-281.957,1388.25,740.871
120,135,-702.717,-69.8169,973.627,509.69
125,135,-620.722,152.438,544.559,371.819
130,135,-490.204,383.21,132.574,335.915
135,135,-288.294,607.528,-227.043,389.574
140,135,-6.4339,798.04,-507.138,500.285
145,135,336.568,923.573,-698.709,625.319
150,135,688.969,963.25,-813.156,727.156
155,135,974.918,919.357,-874.598,786.708
160,135,1117.58,820.58,-906.45,806.86
165,135,1067.39,711.524,-920.595,804.376
170,135,821.544,632.948,-915.792,795.613
175,135,425.128,603.861,-885.272,785.169
180,135,-45.2385,615.824,-827.148,764.027
0,140,-138.818,9493.62,167.131,-11408.4
5,140,-2278.1,9253.85,2339.65,-11083.3
10,140,-4172.07,8549.07,4343.48,-10224.4
15,140,-5671.86,7454.37,6051.86,-8916.52
20,140,-6690.64,6084.85,7372.97,-7283.43
25,140,-7211.79,4575.67,8259.72,-5469.24
30,140,-7280.2,3061.41,8712.2,-3618.84
35,140,-6981.99,1657.94,8772.13,-1860.48
40,140,-6421.24,449.532,8511.12,-293.208
45,140,-5700.85,-516.695,8015.77,1019.1
50,140,-4911.04,-1228.68,7373.63,2047.55
55,140,-4124.24,-1701.55,6662.45,2793.17
60,140,-3393.82,-1967.36,5944.09,3278.85
65,140,-2754.45,-2065.59,5262.34,3540.59
70,140,-2223.43,-2036.34,4643.78,3619.3
75,140,-1803.08,-1916.31,4100.18,3554.54
80,140,-1484.3,-1737.11,3631.52,3380.51
85,140,-1250.81,-1524.67,3228.89,3124.46
90,140,-1083.35,-1299.39,2876.97,2807.21
95,140,-963.173,-1076.29,2556.06,2445.46
100,140,-874.42,-865.157,2244.06,2055.19
105,140,-805.116,-670.388,1919.3,1655.33
110,140,-746.504,-490.846,1564.33,1270.35
115,140,-690.679,-320.344,1170.91,930.133
120,140,-627.074,-149.692,744.653,665.91
125,140,-539.528,29.1159,307.165,502.304
130,140,-406.66,217.21,-107.066,447.916
135,140,-207.946,404.103,-459.831,488.901
140,140,64.6457,567.491,-722.11,590.267
145,140,393.917,680.129,-885.02,706.537
150,140,731.484,722.497,-962.55,798.179
155,140,1005.5,695.183,-983.619,845.691
160,140,1142.43,622.889,-977.481,853.5
165,140,1094.27,545.574,-961.055,841.425
170,140,857.96,500.266,-935.531,829.15
175,140,477.216,503.827,-893.098,823.339
180,140,27.0243,546.891,-827.944,814.793
0,145,-123.723,8463.19,178.594,-12192.4
5,145,-2016.04,8248.09,2472.08,-11835
10,145,-3689.08,7632.21,4585.82,-10912.8
15,145,-5010.37,6679.18,6382.84,-9514.28
20,145,-5903.06,5487.26,7764.27,-7769.6
25,145,-6353.07,4172.53,8679.82,-5831.05
30,145,-6401.27,2851.41,9130.27,-3852.33
35,145,-6125.33,1625.04,9161.46,-1970.07
40,145,-5618.73,567.791,8851.55,-290.529
45,145,-4973.61,-278.228,8294.88,1117.13
50,145,-4270.36,-901.952,7586.54,2220.86
55,145,-3573.13,-1316.87,6810.61,3020.54
60,145,-2928.81,-1552.01,6033.32,3539.72
65,145,-2367.58,-1643.27,5300.81,3816.26
70,145,-1904.21,-1626.94,4640.21,3893.82
75,145,-1540.21,-1535.81,4062.6,3815.17
80,145,-1266.89,-1397.44,3566.63,3617.8
85,145,-1068.97,-1233.72,3141.84,3332.14
90,145,-928.278,-1061.34,2771.39,2981.84
95,145,-826.887,-892.339,2434.26,2586.02
100,145,-749.442,-734.567,2107.3,2162.67
105,145,-684.362,-591.727,1768.09,1732.42
110,145,-623.558,-463.067,1399,1321.15
115,145,-560.478,-343.337,992.272,959.852
120,145,-486.895,-223.985,554.815,680.323
125,145,-389.97,-96.4217,110.116,507.094
130,145,-252.152,42.9145,-305.24,447.932
135,145,-56.3302,187.747,-651.299,487.609
140,145,203.749,320.809,-898.184,589.543
145,145,511.763,419.091,-1037.45,706.859
150,145,823.087,464.818,-1085.1,799.14
155,145,1071.59,456.909,-1073.54,846.822
160,145,1189.52,415.396,-1036.4,855.288
165,145,1132.77,374.223,-994.565,846.242
170,145,899.192,365.127,-951.102,841.512
175,145,530.719,401.778,-896.996,849.083
180,145,99.0815,473.796,-822.438,859.357
0,150,-107.687,7368.35,188.697,-12883.6
5,150,-1735.96,7184.11,2559.03,-12501.5
10,150,-3173.88,6669.65,4745.31,-11540.3
15,150,-4308.03,5876.12,6604.45,-10089.4
20,150,-5072.87,4883.05,8032.86,-8280.79
25,150,-5456.9,3785.12,8977.25,-6269.68
30,150,-5495.82,2678.31,9437.4,-4213.54
35,150,-5256.87,1647.22,9460.29,-2253.47
40,150,-4820.77,755.297,9127.13,-500.382
45,150,-4266.74,39.4506,8536.71,972.28
50,150,-3663.5,-489.791,7789.07,2129.15
55,150,-3065.46,-843.459,6972.74,2968.14
60,150,-2512.12,-1046.68,6157.22,3512.22
65,150,-2028.84,-1131.08,5390.45,3800
70,150,-1628.11,-1128.74,4700.02,3876.87
75,150,-1311.38,-1068.44,4096.61,3788.01
80,150,-1071.48,-973.84,3577.93,3573.75
85,150,-895.473,-863.189,3132.54,3267.42
90,150,-767.568,-749.799,2742.67,2895.46
95,150,-671.837,-642.868,2386.62,2479.44
100,150,-594.311,-548.111,2040.93,2039.41
105,150,-524.267,-467.907,1683.32,1597.48
110,150,-454.275,-400.947,1296.84,1180.34
115,150,-378.768,-341.906,874.939,818.986
120,150,-291.356,-282.098,426.024,544.434
125,150,-182.217,-212.044,-25.0456,379.761
130,150,-37.8194,-125.943,-440.831,331.082
135,150,154.833,-26.3437,-781.24,381.868
140,150,399.288,74.1015,-1016.86,494.957
145,150,679.516,156.505,-1140.12,623.588
150,150,954.973,205.013,-1168.24,727.773
155,150,1166.64,217.019,-1135.43,788.357
160,150,1254.65,207.61,-1077.72,811.127
165,150,1180.68,203.904,-1018.34,818.388
170,150,944.365,231.282,-961.424,832.722
175,150,585.325,299.477,-896.681,862.482
180,150,170.385,397.095,-810.673,897.381
0,155,-90.8308,6217.43,197.365,-13476.8
5,155,-1445.77,6068.4,2598.03,-13078.2
10,155,-2640.47,5662.2,4817.47,-12103.8
15,155,-3582.18,5037.3,6711.1,-10640.8
20,155,-4217.71,4253.93,8173.38,-8818.44
25,155,-4538.28,3384.41,9148.48,-6789.32
30,155,-4573.85,2503.22,9633.47,-4709.45
35,155,-4380.23,1677.45,9673.09,-2720.2
40,155,-4024.06,958.873,9347.51,-934.469
45,155,-3570.4,378.917,8755.93,571.176
50,155,-3075.17,-52.2614,8000.01,1758.02
55,155,-2582.25,-342.7,7170.45,2621.24
60,155,-2123.23,-512.907,6338.74,3182.22
65,155,-1718.44,-589.498,5554.25,3479.2
70,155,-1378.12,-599.83,4845.35,3558.36
75,155,-1103.9,-568.448,4222.93,3466.43
80,155,-890.513,-515.334,3684.6,3245.76
85,155,-727.878,-455.559,3218.67,2931.91
90,155,-603.315,-399.751,2807.21,2553.54
95,155,-503.674,-354.872,2428.54,2134.31
100,155,-417.145,-324.81,2059.66,1696.04
105,155,-334.48,-310.481,1679.31,1262.04
110,155,-249.268,-309.434,1272.13,859.327
115,155,-156.953,-315.414,833.431,518.111
120,155,-52.7947,-318.795,373.179,267.524
125,155,70.2233,-308.773,-83.1368,128.155
130,155,221.621,-277.391,-498.727,103.867
135,155,409.976,-223.961,-835.169,177.015
140,155,635.672,-157.102,-1064.94,310.867
145,155,882.722,-91.8984,-1181.72,460.223
150,155,1114.99,-42.2264,-1203.05,586.794
155,155,1281.62,-11.9651,-1162.98,672.34
160,155,1332.04,9.13408,-1097.56,722.544
165,155,1234.99,41.0996,-1030.41,759.024
170,155,992.328,102.457,-965.718,803.612
175,155,640.659,198.633,-891.916,863.915
180,155,240.391,317.372,-792.738,928.575
0,160,-73.2837,5019.19,204.53,-13967.4
5,160,-1153.7,4907.77,2588,-13560.9
10,160,-2103.34,4610.84,4800.02,-12598.9
15,160,-2850.72,4154.84,6699.41,-11163.8
20,160,-3355.44,3581.34,8181.69,-9377.58
25,160,-3611.69,2940.89,9189.27,-7384.82
30,160,-3643.83,2286.64,9714.88,-5334.93
35,160,-3496.12,1668,9797.65,-3365.29
40,160,-3220.91,1124.65,9512.3,-1587.94
45,160,-2868.79,682.066,8954,-81.1539
50,160,-2482.72,349.807,8222.24,1113.23
55,160,-2095.9,122.941,7407.29,1987.13
60,160,-1732,-13.9675,6581.36,2559.42
65,160,-1406.2,-81.8954,5795.07,2866.97
70,160,-1126.37,-102.863,5078.1,2955.61
75,160,-894.083,-96.801,4442.48,2872.45
80,160,-705.766,-79.955,3886.79,2660.65
85,160,-554.082,-64.5307,3400.02,2356.77
90,160,-429.496,-59.0635,2964.89,1990.67
95,160,-321.889,-68.9969,2560.5,1587.28
100,160,-222.037,-97.0369,2165.09,1169.66
105,160,-122.691,-143.032,1759.24,761.98
110,160,-18.9264,-203.429,1329.85,391.274
115,160,92.4667,-270.784,874.473,86.5467
120,160,214.457,-334.163,404.362,-125.458
125,160,351.281,-381.209,-55.3595,-227.103
130,160,508.528,-401.916,-470.135,-216.916
135,160,690.408,-392.772,-804.929,-113.258
140,160,894.176,-358.863,-1035.33,48.5101
145,160,1104.01,-311.773,-1156.46,225.968
150,160,1288.55,-263.333,-1185.11,383.566
155,160,1405.67,-218.336,-1153.11,504.397
160,160,1414.82,-170.966,-1094.07,593.591
165,160,1292.21,-108.044,-1029.85,670.872
170,160,1041.76,-17.8393,-963.57,755.807
175,160,696.308,100.849,-882.533,854.046
180,160,308.568,235.234,-768.77,952.702
0,165,-55.1788,3782.75,210.139,-14351.7
5,165,-868.035,3709.42,2529.25,-13945.6
10,165,-1577.25,3517.19,4692.93,-13020.1
15,165,-2131.98,3221.83,6568.25,-11650.3
20,165,-2504.46,2848.16,8054.9,-9946.93
25,165,-2692.27,2426.83,9094.45,-8041.86
30,165,-2714.78,1991.16,9674.09,-6072.99
35,165,-2605.57,1573.55,9824.22,-4169.58
40,165,-2403.55,1201.52,9609.94,-2439.84
45,165,-2145.63,894.057,9117.89,-962.028
50,165,-1862.47,659.5,8441.6,219.492
55,165,-1577.14,495.692,7668.23,1093.15
60,165,-1305.69,392.311,6869.39,1674.51
65,165,-1058.26,334.368,6096.73,1997.93
70,165,-840.075,305.645,5381.86,2107.51
75,165,-652.18,291.227,4738.97,2049.19
80,165,-492.101,278.813,4168.6,1865.32
85,165,-354.658,259.019,3661.49,1591.94
90,165,-233.001,225.113,3201.91,1258.75
95,165,-119.789,172.678,2770.61,890.937
100,165,-8.3569,99.5738,2347.84,512.079
105,165,106.373,6.39208,1916.65,146.776
110,165,227.519,-102.764,1466.6,-178.154
115,165,356.596,-219.686,997.32,-435.018
120,165,494.523,-332.453,520.673,-599.448
125,165,642.649,-427.466,60.1936,-656.572
130,165,802.742,-493.016,-353.285,-606.877
135,165,974.952,-523.166,-689.45,-468.746
140,165,1153.83,-519.8,-927.762,-275.286
145,165,1324.17,-491.125,-1064.64,-65.213
150,165,1459.67,-446.76,-1114.98,129.401
155,165,1527.08,-391.962,-1106.38,293.262
160,165,1495.65,-324.727,-1067.63,430.562
165,165,1348.62,-238.076,-1016.84,558.065
170,165,1091.28,-126.485,-954.966,691.652
175,165,751.83,7.56806,-868.43,833.8
180,165,374.396,151.305,-738.951,969.579
0,170,-36.654,2517.52,214.149,-14626.8
5,170,-596.922,2481.01,2423.45,-14228.8
10,170,-1076.85,2383.94,4498.51,-13360.7
15,170,-1444.53,2233.37,6318.94,-12088.9
20,170,-1684.12,2040.23,7791.61,-10509.4
25,170,-1796.87,1818.43,8858.37,-8737.61
30,170,-1798.4,1584.07,9500.14,-6895.57
35,170,-1713.28,1354.1,9736.19,-5100.7
40,170,-1568.81,1144.28,9618.43,-3454.35
45,170,-1389.95,966.668,9221.13,-2032.8
50,170,-1196.5,827.531,8628.34,-881.945
55,170,-1002.51,726.727,7921.57,-16.8075
60,170,-817.032,658.599,7170.38,574.19
65,170,-645.33,614.002,6427.06,921.596
70,170,-489.739,582.583,5725.47,1066.12
75,170,-350.198,554.564,5082.67,1050.73
80,170,-224.561,521.707,4502.08,915.178
85,170,-108.994,477.525,3977.15,693.401
90,170,1.41999,417.11,3494.68,413.615
95,170,111.864,336.989,3038.05,100.25
100,170,226.887,235.361,2590.28,-223.356
105,170,349.639,112.815,2137.37,-532.72
110,170,481.474,-26.6732,1671.49,-801.563
115,170,622.097,-175.018,1193.74,-1003.53
120,170,770.208,-320.315,715.526,-1116.33
125,170,924.203,-448.687,257.469,-1127.2
130,170,1082.21,-547.521,-154.525,-1037.7
135,170,1240.82,-608.962,-495.656,-865.269
140,170,1392.56,-631.897,-749.435,-639.901
145,170,1523.39,-621.101,-913.073,-395.908
150,170,1612.25,-583.693,-998.41,-161.404
155,170,1634.25,-524.889,-1027.04,50.1048
160,170,1567.42,-445.755,-1020.96,241.566
165,170,1400.71,-344.554,-992.711,425.913
170,170,1139.6,-220.907,-940.282,614.104
175,170,806.783,-79.9815,-849.577,804.319
180,170,437.376,66.2251,-703.508,979.077
0,175,-17.8503,1233.13,216.528,-14790.5
5,175,-348.122,1230.69,2273.67,-14407.3
10,175,-616.385,1215.2,4221.39,-13613.5
15,175,-807.012,1187.35,5955.47,-12465.6
20,175,-914.816,1147.82,7392.48,-11043.3
25,175,-944.987,1097.82,8475.92,-9441.98
30,175,-910.926,1039.76,9180.24,-7765.05
35,175,-830.542,977.593,9512.15,-6114.72
40,175,-722.158,916.347,9507.98,-4582.71
45,175,-601.247,860.925,9226.8,-3241.17
50,175,-478.791,814.667,8740.42,-2136.29
55,175,-361.263,778.338,8122.4,-1286.2
60,175,-251.622,749.966,7438.66,-683.914
65,175,-150.532,725.507,6741.32,-303.995
70,175,-57.2498,699.935,6066.23,-110.85
75,175,29.9593,668.252,5433.56,-66.318
80,175,113.692,626.089,4850.22,-134.917
85,175,197.304,569.863,4313.15,-286.179
90,175,284.637,496.687,3812.66,-494.406
95,175,379.508,404.36,3335.66,-736.772
100,175,485.058,291.694,2868.67,-990.895
105,175,603.091,159.28,2400.84,-1233.05
110,175,733.631,10.5023,1926.6,-1437.97
115,175,874.843,-147.682,1447.63,-1580.8
120,175,1023.37,-304.79,973.663,-1641
125,175,1174.85,-448.166,521.247,-1607.14
130,175,1324.18,-565.51,110.611,-1480.78
135,175,1465.02,-647.762,-239.158,-1277.37
140,175,1588.69,-691.022,-515.287,-1022.92
145,175,1682.82,-696.5,-715.046,-746.77
150,175,1731.39,-668.512,-846.142,-472.702
155,175,1716.76,-611.75,-922.843,-212.285
160,175,1623.91,-529.561,-958.811,35.9938
165,175,1445.5,-424.272,-959.805,280.597
170,175,1185.64,-299.201,-920.234,526.586
175,175,860.737,-160.819,-826.003,766.918
180,175,497.026,-19.359,-662.711,981.123
0,180,1.08935,-60.64,217.26,-14841.7
5,180,-128.79,-32.9053,2084.24,-14478.3
10,180,-209.334,16.7917,3868.55,-13770.6
15,180,-237.816,85.222,5484.69,-12764.8
20,180,-218.004,166.805,6861.05,-11523
25,180,-159.178,254.653,7944.03,-10119.4
30,180,-74.2552,341.777,8702.15,-8636.26
35,180,22.7546,422.251,9129.24,-7158.43
40,180,119.403,492.022,9245.11,-5765.64
45,180,206.795,549.112,9092.17,-4523.89
50,180,280.39,593.146,8728.25,-3478.19
55,180,339.57,624.485,8217.11,-2649.28
60,180,386.439,643.391,7619.35,-2035.1
65,180,424.49,649.583,6985.53,-1616.41
70,180,457.633,642.235,6352.59,-1364.25
75,180,489.737,620.267,5743.46,-1246.83
80,180,524.55,582.633,5168.67,-1234.26
85,180,565.76,528.48,4629.21,-1300.53
90,180,616.953,457.16,4119.63,-1423.18
95,180,681.388,368.257,3631.02,-1581.59
100,180,761.579,261.8,3153.87,-1754.95
105,180,858.745,138.756,2680.41,-1920.94
110,180,972.288,1.75607,2206.81,-2055.9
115,180,1099.48,-144.202,1734.44,-2136.76
120,180,1235.48,-291.46,1270.39,-2144.62
125,180,1373.81,-430.19,826.467,-2068.78
130,180,1506.85,-549.785,417.028,-1909.93
135,180,1626.25,-640.84,55.7717,-1680.6
140,180,1722.84,-697.001,-247.603,-1402.04
145,180,1786.27,-715.921,-489.671,-1098.05
150,180,1804.84,-698.964,-673.236,-787.686
155,180,1766.43,-649.957,-804.409,-480.367
160,180,1660.47,-573.757,-887.664,-176.069
165,180,1480.86,-475.42,-921.243,128.818
170,180,1228.59,-360.224,-895.787,432.815
175,180,913.287,-234.242,-797.79,723.027
180,180,552.894,-104.796,-616.871,975.702
0,185,20.0207,-1353.95,216.338,-14780
5,185,54.7359,-1300.62,1860.67,-14439.9
10,185,131.975,-1203.6,3449.19,-13824.6
15,185,245.372,-1067.62,4916.61,-12970.2
20,185,384.21,-900.531,6204.49,-11921.3
25,185,535.109,-712.559,7263.43,-10730.8
30,185,683.881,-515.503,8057.07,-9459.07
35,185,817.555,-321.518,8567.26,-8172.22
40,185,926.307,-141.491,8797.82,-6936.34
45,185,1004.79,16.4607,8774.57,-5809.59
50,185,1052.43,147.723,8540.74,-4834.47
55,185,1072.68,250.889,8149.1,-4033.49
60,185,1071.54,326.704,7653.24,-3409.5
65,185,1056.11,376.874,7100.37,-2950.1
70,185,1033.39,403.223,6527.09,-2633.95
75,185,1009.68,407.37,5958.11,-2436.66
80,185,990.46,390.793,5407.21,-2334.8
85,185,980.409,355.004,4879.5,-2307.46
90,185,983.575,301.657,4374.04,-2335.87
95,185,1003.37,232.512,3886.39,-2402.03
100,185,1042.39,149.345,3410.94,-2487.17
105,185,1102.02,53.9002,2942.77,-2570.92
110,185,1181.83,-51.9195,2479.22,-2631.74
115,185,1279.04,-165.575,2020.82,-2648.75
120,185,1388.34,-283.192,1571.62,-2604.76
125,185,1502.15,-398.952,1138.71,-2489.67
130,185,1611.5,-505.048,730.979,-2302.8
135,185,1707.11,-592.558,357.423,-2053.17
140,185,1780.11,-653.22,25.362,-1756.68
145,185,1822.04,-681.501,-260.548,-1430.99
150,185,1824.4,-676.033,-497.875,-1090
155,185,1778.24,-639.674,-684.35,-740.701
160,185,1674.55,-578.094,-815.061,-384.439
165,185,1505.74,-497.648,-880.611,-22.5745
170,185,1268.05,-403.634,-868.04,336.612
175,185,964.066,-299.839,-765.052,674.129
180,185,604.554,-189.435,-566.335,962.856
0,190,38.7996,-2636.96,213.77,-14605.7
5,190,197.129,-2562.87,1609.5,-14290.9
10,190,396.747,-2436.37,2974.68,-13768.6
15,190,626.138,-2261.61,4264.52,-13065.7
20,190,869.797,-2045.03,5434.48,-12210.9
25,190,1110.39,-1795.71,6440.44,-11236.4
30,190,1330.89,-1525.73,7242.76,-10181.5
35,190,1516.66,-1249.62,7813.16,-9093.43
40,190,1657.46,-982.443,8141.38,-8023.95
45,190,1748.64,-737.254,8238.03,-7022.18
50,190,1791.26,-523.056,8132.36,-6126.89
55,190,1791.1,-344.229,7865.63,-5361.4
60,190,1756.9,-201.335,7483.05,-4732.99
65,190,1698.69,-92.6125,7026.64,-4236.06
70,190,1626.32,-15.3308,6530.8,-3857.18
75,190,1548.67,33.4655,6020.58,-3579.82
80,190,1473.29,56.8228,5512.07,-3387.4
85,190,1406.38,58.0535,5013.99,-3264.4
90,190,1353.02,40.8561,4529.57,-3196.02
95,190,1317.31,9.13655,4058.49,-3167.15
100,190,1302.48,-33.5088,3598.63,-3161.36
105,190,1310.64,-84.4587,3147.46,-3160.58
110,190,1342.21,-142.505,2703.15,-3145.73
115,190,1395.29,-207.636,2265.33,-3098.47
120,190,1465.16,-279.944,1835.37,-3003.64
125,190,1544.55,-357.931,1416.35,-2851.85
130,190,1624.62,-437.039,1012.6,-2641.13
135,190,1696.45,-509.459,629.265,-2376.79
140,190,1752.07,-565.827,271.832,-2069.01
145,190,1784.57,-598.311,-53.647,-1728.88
150,190,1787.02,-603.539,-339.689,-1364.71
155,190,1751.01,-583.605,-576.043,-980.701
160,190,1666,-544.384,-748.863,-579.39
165,190,1520.32,-492.046,-841.572,-166.946
170,190,1304,-429.895,-838.09,241.718
175,190,1012.74,-357.494,-727.921,621.698
180,190,651.612,-272.633,-511.49,942.681
0,195,57.2833,-3899.89,209.575,-14320.3
5,195,294.247,-3809.69,1338.13,-14031.1
10,195,576.116,-3670.13,2458.31,-13596.8
15,195,890.025,-3483.12,3545.05,-13036.9
20,195,1217.86,-3250.7,4567.72,-12366
25,195,1538.69,-2976.94,5488.47,-11598.1
30,195,1831.35,-2670.1,6266.23,-10753
35,195,2077.35,-2343.41,6865.19,-9860.34
40,195,2263.41,-2013.32,7263.82,-8957.68
45,195,2383.19,-1696.2,7460.07,-8084.71
50,195,2437.36,-1405.19,7470.71,-7275.5
55,195,2432.46,-1148.43,7325.84,-6553.16
60,195,2378.89,-929.316,7061.41,-5928.44
65,195,2288.83,-747.823,6712.66,-5401.91
70,195,2174.64,-602.003,6309.91,-4967.62
75,195,2047.69,-488.97,5876.81,-4616.68
80,195,1917.81,-405.192,5430.34,-4339.28
85,195,1793.05,-346.394,4981.64,-4125.32
90,195,1679.85,-307.528,4537.15,-3964.09
95,195,1583.39,-283.163,4099.85,-3843.47
100,195,1507.83,-268.394,3670.36,-3749.53
105,195,1456.32,-260.035,3248.08,-3666.62
110,195,1430.6,-257.543,2831.97,-3578.31
115,195,1430.3,-263.002,2421.17,-3468.99
120,195,1452.42,-279.754,2015.31,-3325.87
125,195,1491.41,-309.908,1614.64,-3140.66
130,195,1540.14,-351.839,1220.12,-2910.44
135,195,1591.31,-399.23,833.875,-2636.98
140,195,1638.45,-442.69,459.904,-2324.68
145,195,1675.59,-473.516,105.426,-1977.85
150,195,1695.55,-487.558,-217.706,-1598.97
155,195,1687.77,-486.639,-492.228,-1189.25
160,195,1637.26,-476.295,-696.413,-752.15
165,195,1526,-461.044,-807.452,-298.218
170,195,1336.82,-440.229,-806.893,151.604
175,195,1059.02,-407.369,-686.532,567.138
180,195,693.712,-353.755,-452.752,915.333
0,200,75.331,-5133.15,203.785,-13925.9
5,200,343.271,-5030.87,1054.6,-13661
10,200,663.521,-4891.92,1914.99,-13305.3
15,200,1025.29,-4714.86,2777.95,-12872.1
20,200,1409.97,-4495.2,3626.22,-12364.8
25,200,1793.56,-4229.07,4428.96,-11782.4
30,200,2150.04,-3917.68,5145.69,-11128.3
35,200,2455.39,-3569.71,5736.03,-10416.4
40,200,2691.45,-3200.32,6170.55,-9671.62
45,200,2848.32,-2827.47,6437.62,-8924.26
50,200,2924.74,-2467.61,6543.74,-8203.26
55,200,2926.74,-2132.96,6508.86,-7530.52
60,200,2865.32,-1830.72,6359.53,-6919.06
65,200,2754.09,-1563.99,6123.1,-6374.4
70,200,2607.39,-1333.11,5824.23,-5897.08
75,200,2438.86,-1136.64,5483.4,-5485.03
80,200,2260.53,-971.822,5116.72,-5134.68
85,200,2082.43,-834.606,4736.17,-4841.05
90,200,1912.52,-719.744,4350,-4597.36
95,200,1757.19,-621.397,3963.3,-4394.47
100,200,1621.6,-534.291,3578.67,-4220.95
105,200,1510.04,-455.187,3197.03,-4063.59
110,200,1425.68,-384.038,2818.3,-3908.63
115,200,1370.11,-324.098,2441.86,-3743.31
120,200,1342.83,-280.478,2066.71,-3557.37
125,200,1341.23,-257.405,1691.6,-3344
130,200,1361.27,-255.339,1315.33,-3099.69
135,200,1398.42,-269.686,937.74,-2823.03
140,200,1448.1,-292.319,561.496,-2512.94
145,200,1504.62,-315.478,194.481,-2167.16
150,200,1558.83,-335.781,-148.153,-1782.49
155,200,1595.61,-355.413,-443.561,-1357.16
160,200,1593.14,-379.079,-663.682,-895.303
165,200,1525.29,-408.249,-780.84,-411.162
170,200,1367.22,-436.54,-775.132,69.3112
175,200,1102.62,-449.882,-641.003,511.727
180,200,730.532,-432.186,-390.568,881.018
0,205,92.8053,-6327.34,196.444,-13425.5
5,205,342.811,-6216.08,767.377,-13182.6
10,205,655.041,-6087.6,1360.9,-12892
15,205,1023.67,-5936.59,1985.77,-12563
20,205,1431.56,-5750.86,2637.09,-12190.7
25,205,1852.48,-5516.9,3291.61,-11763
30,205,2255.35,-5226.63,3911.38,-11270.6
35,205,2609.84,-4881.81,4454.49,-10714.9
40,205,2891.76,-4494.05,4887.03,-10109.9
45,205,3086.52,-4081.04,5190.96,-9477.65
50,205,3189.9,-3661.56,5365.06,-8841.98
55,205,3206.4,-3251.5,5420.58,-8222.76
60,205,3146.73,-2862.29,5375.13,-7634.03
65,205,3025.11,-2501.03,5247.76,-7084.74
70,205,2857.21,-2171.49,5056.37,-6580.46
75,205,2658.42,-1875.05,4816.78,-6124.63
80,205,2442.7,-1611.1,4542.53,-5718.92
85,205,2221.83,-1377.23,4244.77,-5362.8
90,205,2005.26,-1169.42,3932.06,-5052.96
95,205,1800.5,-982.726,3610.44,-4783.1
100,205,1613.66,-812.475,3283.72,-4544.19
105,205,1450,-655.751,2954.08,-4325.44
110,205,1314.08,-512.566,2622.59,-4115.71
115,205,1209.53,-386.073,2289.49,-3905.03
120,205,1138.77,-281.366,1954.17,-3685.65
125,205,1102.86,-203.073,1614.98,-3452.25
130,205,1101.77,-152.794,1269.59,-3200.99
135,205,1134.57,-127.922,916.219,-2927.72
140,205,1198.79,-122.966,556.28,-2626.5
145,205,1288.45,-132.988,197.691,-2289.24
150,205,1391.07,-156.912,-142.382,-1907.68
155,205,1485.16,-197.872,-437.284,-1477.46
160,205,1540.39,-259.246,-654.534,-1003.09
165,205,1521.56,-338.226,-763.248,-501.643
170,205,1396.12,-421.294,-743.114,-2.69508
175,205,1143.27,-485.667,-591.434,456.566
180,205,761.793,-507.327,-325.412,839.998
0,210,109.573,-7473.38,187.608,-12823
5,210,292.973,-7355.06,485.066,-12598.9
10,210,549.663,-7242.29,812.978,-12357.6
15,210,881.086,-7125.98,1193.17,-12105.9
20,210,1273.37,-6986.13,1631.85,-11834.2
25,210,1699.2,-6799.08,2113.65,-11523.2
30,210,2122.95,-6546.5,2605.03,-11155.2
35,210,2507.97,-6221.84,3065.22,-10722.8
40,210,2823.79,-5831.57,3458.98,-10231.7
45,210,3050.74,-5391.6,3764.81,-9697.43
50,210,3180.99,-4921.75,3976.1,-9139.04
55,210,3216.88,-4440.95,4097.08,-8573.92
60,210,3167.95,-3964.64,4137.34,-8016.01
65,210,3048.13,-3504.31,4107.82,-7476.11
70,210,2873.46,-3067.98,4019.24,-6963.01
75,210,2660.24,-2660.91,3881.77,-6484.04
80,210,2423.66,-2285.94,3705.14,-6044.68
85,210,2176.76,-1943.64,3498.28,-5647.8
90,210,1930.16,-1632.46,3268.83,-5292.96
95,210,1692.29,-1349.37,3022.8,-4976.32
100,210,1470.05,-1090.92,2764.6,-4691.15
105,210,1269.54,-854.544,2497.35,-4429.03
110,210,1096.51,-639.673,2223.31,-4181.3
115,210,956.518,-448.143,1943.9,-3940.48
120,210,854.88,-283.528,1659.46,-3701
125,210,796.531,-149.562,1368.76,-3458.76
130,210,785.803,-48.3888,1069.11,-3209.53
135,210,825.661,20.23,757.746,-2946.96
140,210,915.836,57.9096,434.914,-2661.17
145,210,1049.67,65.2287,107.979,-2339.49
150,210,1210.52,39.7839,-205.237,-1969.75
155,210,1369.54,-22.8426,-476.205,-1545.56
160,210,1487.08,-124.201,-670.165,-1071.64
165,210,1518.64,-256.244,-754.874,-566.802
170,210,1424.54,-397.376,-710.709,-62.6284
175,210,1180.69,-515.53,-537.902,402.542
180,210,787.255,-578.607,-257.779,792.585
0,215,125.508,-8562.54,177.344,-12122.8
5,215,195.373,-8437.76,216.176,-11913.9
10,215,349.469,-8340.96,288.42,-11705
15,215,598.196,-8259.82,426.15,-11502
20,215,932.63,-8167.4,645.226,-11293.5
25,215,1325.86,-8030.65,938.36,-11057.4
30,215,1738.89,-7821.35,1277.85,-10771.8
35,215,2129.62,-7524.39,1626.41,-10424.5
40,215,2461.83,-7140.33,1949.96,-10016.1
45,215,2710.94,-6682.28,2225.87,-9557.49
50,215,2865.41,-6170.06,2444.13,-9063.87
55,215,2924.87,-5624.75,2603.57,-8550.11
60,215,2896.88,-5065.41,2706.87,-8029.01
65,215,2793.95,-4507.82,2757.62,-7511.7
70,215,2631.18,-3964.63,2759.5,-7008.34
75,215,2424.51,-3445.59,2716.82,-6528.23
80,215,2189.17,-2957.73,2634.86,-6079.08
85,215,1938.63,-2505.28,2519.55,-5665.89
90,215,1684.12,-2089.75,2376.83,-5290.33
95,215,1434.72,-1710.36,2211.98,-4950.58
100,215,1198.05,-1364.93,2029.42,-4642.03
105,215,980.977,-1050.98,1832.85,-4358.43
110,215,790.326,-766.824,1625.41,-4093.32
115,215,633.346,-512.312,1409.7,-3841.21
120,215,517.932,-288.837,1187.2,-3598.02
125,215,452.569,-98.808,957.55,-3360.32
130,215,445.7,55.1095,718.342,-3123.45
135,215,504.032,170.315,466.388,-2879.33
140,215,629.361,243.723,200.968,-2615.42
145,215,814.19,270.681,-71.6013,-2316.03
150,215,1037.5,244.775,-334.122,-1966.54
155,215,1262.94,160.329,-558.137,-1559.32
160,215,1441.67,18.1096,-708.821,-1099.07
165,215,1520.43,-167.988,-754.495,-605.165
170,215,1453.4,-367.931,-677.332,-109.454
175,215,1214.55,-540.394,-480.466,350.302
180,215,806.727,-645.483,-188.184,739.14
0,220,140.487,-9586.53,165.731,-11330.4
5,220,53.1087,-9454.58,-31.1635,-11133.2
10,220,59.6976,-9368.98,-195.957,-10940.1
15,220,180.782,-9315.21,-289.045,-10757.5
20,220,413.964,-9261.07,-286.395,-10575.2
25,220,734.547,-9166.08,-187.307,-10372
30,220,1101.97,-8993.7,-12.5625,-10126
35,220,1470.29,-8721.23,205.718,-9823.98
40,220,1798.68,-8343.53,436.38,-9464.87
45,220,2058.3,-7870.56,657.262,-9057.03
50,220,2234.03,-7321.5,856.415,-8612.99
55,220,2322.36,-6718.9,1028.56,-8145.23
60,220,2327.95,-6084.82,1170.81,-7664.76
65,220,2260.5,-5439.05,1280.41,-7181.54
70,220,2132.6,-4798.63,1354.88,-6705.3
75,220,1958.05,-4177.67,1393.04,-6245.49
80,220,1750.64,-3587.17,1395.8,-5810.35
85,220,1523.11,-3034.74,1365.89,-5405.84
90,220,1286.57,-2524.5,1307.15,-5034.88
95,220,1050.51,-2057.42,1223.67,-4697.22
100,220,823.228,-1632.08,1119.37,-4390.02
105,220,612.478,-1245.78,997.963,-4108.84
110,220,426.159,-895.651,863.122,-3848.88
115,220,272.955,-579.739,718.303,-3605.91
120,220,162.829,-297.676,566.121,-3376.59
125,220,107.106,-51.0608,407.357,-3157.58
130,220,117.614,156.416,240.387,-2943.7
135,220,204.223,318.923,62.1146,-2725.84
140,220,370.494,428.431,-128.909,-2490.13
145,220,608.108,475.011,-327.75,-2219.58
150,220,892.02,448.428,-518.947,-1898.62
155,220,1179.04,342.12,-675.905,-1519.14
160,220,1412.1,159.58,-765.84,-1085.57
165,220,1530.42,-79.2652,-759.517,-616.696
170,220,1483.44,-336.189,-641.98,-142.916
175,220,1244.49,-561.238,-419.184,300.235
180,220,820.058,-707.447,-117.157,680.07
0,225,154.396,-10537.6,152.856,-10451.8
5,225,-129.319,-10396.5,-249.463,-10263.1
10,225,-311.314,-10312.7,-624.325,-10071.2
15,225,-360.163,-10270.8,-927.04,-9883.86
20,225,-270.234,-10235.8,-1126.89,-9694.31
25,225,-61.9366,-10162.5,-1215.52,-9485.56
30,225,224.911,-10008.9,-1206.23,-9239.54
35,225,542.575,-9746.86,-1125.01,-8945.63
40,225,847.194,-9366.68,-999.106,-8603.85
45,225,1106.5,-8875.62,-849.328,-8222.31
50,225,1301.89,-8292.1,-688.71,-7812.19
55,225,1426.21,-7639.69,-525.557,-7383.91
60,225,1480.16,-6942.9,-367.072,-6946.08
65,225,1469.14,-6224.8,-220.919,-6506.31
70,225,1401.4,-5505.99,-94.5309,-6072.29
75,225,1286.83,-4803.95,6.42512,-5651.91
80,225,1136.13,-4132.45,79.0349,-5252.57
85,225,960.065,-3501.1,123.054,-4880.06
90,225,768.927,-2915.27,140.091,-4537.8
95,225,572.328,-2376.52,132.701,-4226.54
100,225,379.302,-1883.47,103.848,-3944.73
105,225,198.617,-1433.02,56.8319,-3689.16
110,225,39.2605,-1021.6,-4.59011,-3456.01
115,225,-88.9242,-646.449,-76.3333,-3241.58
120,225,-174.551,-306.681,-154.711,-3042.56
125,225,-204.397,-4.24433,-237.652,-2855.32
130,225,-164.291,255.402,-325.665,-2674.29
135,225,-42.0626,463.021,-421.354,-2490.07
140,225,167.174,605.995,-526.643,-2288.74
145,225,454.434,669.804,-638.166,-2053.54
150,225,791.426,641.141,-743.015,-1769.25
155,225,1129.44,513.159,-817.929,-1427.9
160,225,1404.87,292.316,-834.013,-1033.37
165,225,1551.24,4.29543,-766.174,-602.766
170,225,1514.99,-305.294,-603.32,-163.533
175,225,1270.07,-579.044,-354.134,252.477
180,225,827.148,-764.027,-45.2385,615.824
0,230,167.131,-11408.4,138.818,-9493.62
5,230,-346.139,-11255.3,-432.125,-9311.25
10,230,-752.328,-11160.2,-982.47,-9108.96
15,230,-1008.61,-11108.2,-1464.54,-8896.79
20,230,-1099.89,-11064.3,-1842.38,-8673.17
25,230,-1040.07,-10982.8,-2100.66,-8427.81
30,230,-865.705,-10819.7,-2245.21,-8149.39
35,230,-624.019,-10544.2,-2295.61,-7832.76
40,230,-360.35,-10144.5,-2274.95,-7481.57
45,230,-109.695,-9626.22,-2202.47,-7105.54
50,230,105.723,-9007.42,-2091.89,-6715.65
55,230,274.374,-8312.44,-1953.72,-6320.65
60,230,391.768,-7567.46,-1798.21,-5926.38
65,230,457.557,-6797.7,-1636.37,-5537.18
70,230,474.053,-6025.86,-1479.02,-5157.4
75,230,445.708,-5270.99,-1335.05,-4792.12
80,230,378.853,-4547.7,-1210.33,-4446.72
85,230,281.336,-3865.65,-1107.71,-4125.91
90,230,162.053,-3229.73,-1027.74,-3832.92
95,230,30.486,-2640.76,-969.601,-3568.9
100,230,-103.651,-2096.73,-931.544,-3332.93
105,230,-230.6,-1594.21,-910.943,-3122.44
110,230,-340.451,-1129.68,-904.13,-2933.93
115,230,-422.635,-700.863,-906.514,-2763.66
120,230,-465.123,-307.833,-913.403,-2608
125,230,-453.865,45.8814,-921.434,-2462.99
130,230,-373.54,352.415,-929.893,-2322.91
135,230,-210.703,599.244,-940.681,-2178.81
140,230,40.3347,769.945,-955.978,-2017.74
145,230,370.144,846.507,-973.966,-1824.3
150,230,748.256,813.573,-984.728,-1584.53
155,230,1122.24,664.607,-969.349,-1290.96
160,230,1424.2,409.013,-904.248,-946.642
165,230,1584.31,77.5334,-769.873,-566.07
170,230,1547.91,-278.138,-559.827,-172.536
175,230,1290.79,-594.736,-285.438,206.919
180,230,827.944,-814.793,27.0243,546.891
0,235,178.594,-12192.4,123.723,-8463.19
5,235,-590.483,-12023.7,-573.663,-8285.9
10,235,-1249.54,-11901.3,-1258.38,-8065.9
15,235,-1743.99,-11812.5,-1881.49,-7815.86
20,235,-2047.91,-11725.9,-2403.27,-7540.4
25,235,-2166.54,-11598.8,-2802.41,-7237.65
30,235,-2130.67,-11389.8,-3077.88,-6904.97
35,235,-1984.89,-11069.7,-3243.26,-6544.68
40,235,-1774.74,-10627.2,-3317.81,-6165.76
45,235,-1537.66,-10068.1,-3319.44,-5780.86
50,235,-1300.06,-9410.6,-3262.47,-5401.59
55,235,-1078.95,-8679.67,-3158.98,-5035.34
60,235,-885.251,-7902.03,-3021.01,-4685.1
65,235,-726.276,-7103.35,-2861.37,-4351.33
70,235,-606.657,-6306.34,-2692.61,-4034.29
75,235,-528.186,-5529.41,-2525.49,-3735.36
80,235,-489.475,-4785.84,-2367.9,-3457.1
85,235,-485.976,-4083.52,-2224.76,-3202.46
90,235,-510.453,-3425.41,-2098.61,-2973.77
95,235,-553.778,-2810.71,-1990.26,-2771.96
100,235,-605.821,-2236.42,-1899.14,-2596.18
105,235,-656.19,-1698.92,-1823.22,-2443.95
110,235,-694.556,-1195.42,-1758.85,-2311.72
115,235,-710.333,-725.017,-1700.95,-2195.52
120,235,-691.777,-289.729,-1643.99,-2091.44
125,235,-625.158,104.597,-1583.54,-1995.36
130,235,-495.242,447.457,-1517.87,-1901.89
135,235,-288.393,723.457,-1448.18,-1802.99
140,235,1.29047,913.307,-1376.69,-1687.36
145,235,364.165,996.655,-1302.9,-1541.59
150,235,768.789,957.029,-1219.88,-1353.42
155,235,1161.1,788.588,-1113.53,-1116.03
160,235,1471.54,503.34,-966.458,-831.307
165,235,1629.56,136.025,-765.637,-510.457
170,235,1581.49,-257.211,-509.951,-171.789
175,235,1306.06,-609.132,-213.296,163.234
180,235,822.438,-859.357,99.0815,473.796
0,240,188.697,-12883.6,107.687,-7368.35
5,240,-854.601,-12695.5,-669.894,-7196.23
10,240,-1787.05,-12528.4,-1442.76,-6956.04
15,240,-2541.94,-12373.9,-2162.09,-6663.2
20,240,-3081.33,-12207,-2785.93,-6328.95
25,240,-3399.85,-11992.9,-3288.38,-5960.44
30,240,-3520.43,-11697.6,-3662.69,-5564.59
35,240,-3483.32,-11297.7,-3917.38,-5152.03
40,240,-3333.49,-10785.6,-4068.58,-4737.78
45,240,-3111.16,-10169.5,-4133.37,-4337.93
50,240,-2847.99,-9468.61,-4126.65,-3965.15
55,240,-2567.8,-8707.7,-4061.53,-3625.73
60,240,-2289.1,-7912.58,-3950.76,-3319.85
65,240,-2026.91,-7107.14,-3807.44,-3044.04
70,240,-1793.04,-6311.62,-3644.4,-2794.22
75,240,-1595.41,-5541.49,-3473.01,-2567.72
80,240,-1437.3,-4806.87,-3302.24,-2363.82
85,240,-1317.24,-4112.65,-3138.48,-2183.19
90,240,-1229.58,-3459.27,-2985.79,-2026.75
95,240,-1165.75,-2844.12,-2846.24,-1894.67
100,240,-1115.66,-2263.27,-2719.98,-1785.76
105,240,-1068.96,-1713.11,-2605.2,-1697.37
110,240,-1015.7,-1191.68,-2498.03,-1625.86
115,240,-946.205,-699.613,-2392.97,-1567.23
120,240,-850.048,-240.904,-2283.94,-1517.59
125,240,-714.98,176.383,-2166,-1473.07
130,240,-527.084,539.471,-2036.86,-1428.93
135,240,-273.638,830.764,-1897.2,-1378.41
140,240,50.8145,1029.01,-1749.1,-1312.06
145,240,436.57,1112.43,-1592.9,-1218.63
150,240,852.404,1064.03,-1424.24,-1087.68
155,240,1244.79,878.661,-1233.77,-912.908
160,240,1545.28,570.285,-1010.58,-694.748
165,240,1685.36,176.311,-748.613,-440.714
170,240,1614.49,-244.481,-452.303,-163.664
175,240,1315.25,-622.896,-138.014,120.914
180,240,810.673,-897.381,170.385,397.095
0,245,197.365,-13476.8,90.8308,-6217.43
5,245,-1130.11,-13265.4,-718.08,-6051.92
10,245,-2347.41,-13036.5,-1529.42,-5794.22
15,245,-3375.31,-12787.2,-2295.67,-5462.36
20,245,-4162.85,-12502.5,-2974.21,-5073.91
25,245,-4692.63,-12159.9,-3536.3,-4644.71
30,245,-4978.13,-11737.6,-3971.1,-4190.85
35,245,-5054.28,-11222.3,-4283.32,-3730.9
40,245,-4965.36,-10614,-4486.9,-3285.47
45,245,-4755.19,-9924.91,-4598.44,-2873.83
50,245,-4462.1,-9175.84,-4633.41,-2509.53
55,245,-4118.18,-8390.55,-4605.35,-2197.91
60,245,-3750.41,-7591.93,-4526.79,-1936.66
65,245,-3381.67,-6799.58,-4409.93,-1718.79
70,245,-3030.42,-6028.74,-4266.69,-1536.23
75,245,-2709.82,-5289.9,-4107.98,-1382.41
80,245,-2426.88,-4588.78,-3943.04,-1253.33
85,245,-2182.52,-3926.87,-3778.99,-1147.13
90,245,-1972.44,-3302.23,-3620.73,-1063.03
95,245,-1788.81,-2710.95,-3470.85,-1000.17
100,245,-1622.1,-2148.56,-3329.57,-956.866
105,245,-1462.73,-1611.56,-3194.75,-930.372
110,245,-1302.02,-1098.54,-3062.05,-917.213
115,245,-1132.07,-611.01,-2925.63,-913.728
120,245,-944.766,-154.082,-2779.41,-916.494
125,245,-730.402,262.911,-2618.61,-922.245
130,245,-477.554,625.875,-2440.98,-927.139
135,245,-175.539,915.935,-2246.94,-925.731
140,245,179.905,1110.69,-2038.21,-910.383
145,245,579.013,1187.49,-1815.39,-871.883
150,245,991.792,1128.95,-1576.05,-801.395
155,245,1367.27,930.297,-1315.01,-692.985
160,245,1640.8,606.462,-1027.61,-545.406
165,245,1748.56,196.079,-714.593,-362.282
170,245,1645.1,-241.295,-385.846,-150.892
175,245,1317.69,-636.506,-60.0343,79.3109
180,245,792.738,-928.575,240.391,317.372
0,250,204.53,-13967.4,73.2837,-5019.19
5,250,-1408.29,-13729.7,-717.028,-4863.03
10,250,-2912.3,-13423.3,-1515.57,-4595.53
15,250,-4215.34,-13052.8,-2277.21,-4236.95
20,250,-5252.75,-12616.1,-2960.34,-3810.22
25,250,-5994.23,-12107.2,-3535.4,-3338.55
30,250,-6443.13,-11521,-3989.39,-2845.68
35,250,-6628.74,-10858.6,-4324.68,-2356.43
40,250,-6595.14,-10130.5,-4553.79,-1895.54
45,250,-6390.95,-9355.04,-4693.03,-1484.24
50,250,-6062.68,-8554.51,-4758.08,-1136.35
55,250,-5651.92,-7750.5,-4762.31,-856.248
60,250,-5194.69,-6960.88,-4717.16,-639.71
65,250,-4721.34,-6198.54,-4633.1,-477.094
70,250,-4255.94,-5471.53,-4520.27,-357.222
75,250,-3815.53,-4783.81,-4388.36,-270.365
80,250,-3409.63,-4136.06,-4246.08,-209.616
85,250,-3040.77,-3526.43,-4100.56,-170.777
90,250,-2705.71,-2951.25,-3956.71,-151.411
95,250,-2397.5,-2406,-3816.88,-149.706
100,250,-2107.57,-1886.23,-3680.67,-163.655
105,250,-1827.67,-1388.61,-3545.09,-190.724
110,250,-1550.91,-911.783,-3405.17,-228
115,250,-1271.78,-457.174,-3254.96,-272.564
120,250,-985.128,-29.6877,-3088.83,-321.781
125,250,-684.663,361.535,-2902.76,-373.176
130,250,-362.502,702.464,-2695.05,-423.814
135,250,-11.0876,974.08,-2466.07,-469.447
140,250,371.811,1153.59,-2216.98,-504.023
145,250,776.166,1217.77,-1948.12,-520.104
150,250,1173.93,1148.69,-1658.18,-510.235
155,250,1518.37,941.261,-1345.38,-468.638
160,250,1750.88,610.327,-1010.51,-392.294
165,250,1814.68,194.27,-660.485,-280.938
170,250,1671.11,-248.331,-310.06,-136.405
175,250,1312.72,-650.231,20.0442,37.6892
180,250,768.77,-952.702,308.568,235.234
0,255,210.139,-14351.7,55.1788,-3782.75
5,255,-1680.31,-14085.5,-667.128,-3639.81
10,255,-3463.21,-13689,-1401.93,-3374.71
15,255,-5032.93,-13175.7,-2107.62,-3009.31
20,255,-6310.84,-12559.3,-2745.37,-2570.31
25,255,-7253.65,-11853.8,-3286.99,-2086.1
30,255,-7854.69,-11074.5,-3719.36,-1585.39
35,255,-8138.11,-10240.6,-4043.95,-1096.56
40,255,-8148.7,-9375.46,-4272.4,-645.966
45,255,-7941.13,-8504.74,-4420.53,-254.908
50,255,-7571.4,-7652.02,-4503.5,63.5501
55,255,-7091.47,-6835.43,-4533.68,306.087
60,255,-6546.55,-6065.9,-4520.67,478.102
65,255,-5973.77,-5347.64,-4472.61,590.632
70,255,-5401.55,-4679.98,-4397.32,656.579
75,255,-4849.4,-4059.46,-4302.69,687.658
80,255,-4328.22,-3481.42,-4196.32,692.794
85,255,-3841.41,-2940.87,-4084.59,677.922
90,255,-3386.55,-2432.91,-3971.8,646.695
95,255,-2957.62,-1952.96,-3859.42,601.472
100,255,-2547.18,-1496.97,-3746.01,544.148
105,255,-2148.4,-1061.86,-3627.57,476.605
110,255,-1756.26,-646.01,-3498.48,400.794
115,255,-1367.74,-249.932,-3352.86,318.61
120,255,-980.883,122.879,-3185.8,231.795
125,255,-593.335,464.934,-2994.29,142.1
130,255,-201.544,763.743,-2777.37,51.7672
135,255,197.987,1001.36,-2535.35,-35.8772
140,255,604.641,1155.37,-2268.69,-116.091
145,255,1007.76,1202.19,-1977.06,-182.983
150,255,1381.59,1123.06,-1659.7,-230.317
155,255,1684.73,911.845,-1317.31,-252.39
160,255,1866.32,582.263,-955.019,-244.431
165,255,1878.31,171.109,-584.702,-202.453
170,255,1690.03,-265.576,-225.077,-123.159
175,255,1299.7,-664.12,101.451,-4.722
180,255,738.951,-969.579,374.396,151.305
0,260,214.149,-14626.8,36.654,-2517.52
5,260,-1937.62,-14331.1,-570.344,-2392.5
10,260,-3982.14,-13836.1,-1192.73,-2145.62
15,260,-5799.94,-13165.4,-1793.68,-1799.32
20,260,-7298.56,-12350.9,-2339.05,-1382.07
25,260,-8422.37,-11428.9,-2804.18,-924.348
30,260,-9155.66,-10438.2,-3177.8,-456.355
35,260,-9518.57,-9418.23,-3461.74,-6.45357
40,260,-9557.79,-8407.19,-3666.98,400.538
45,260,-9335.11,-7438.23,-3808.11,745.634
50,260,-8916.86,-6535.83,-3898.7,1017.83
55,260,-8365.77,-5713.42,-3949.01,1214.98
60,260,-7736,-4973.65,-3966.08,1342.82
65,260,-7070.69,-4310.9,-3955.22,1412.26
70,260,-6401.49,-3715.04,-3921.62,1436.23
75,260,-5749.16,-3174.83,-3870.98,1426.83
80,260,-5125.04,-2680.18,-3809.29,1393.71
85,260,-4532.81,-2223.02,-3741.73,1343.55
90,260,-3970.61,-1797.29,-3671.53,1280.46
95,260,-3433.15,-1398.4,-3599.16,1206.69
100,260,-2913.99,-1022.81,-3522.13,1123.49
105,260,-2407.45,-667.749,-3435.64,1031.61
110,260,-1910.02,-331.243,-3333.7,931.719
115,260,-1420.82,-12.5788,-3210.57,824.565
120,260,-940.952,286.85,-3062.01,711.102
125,260,-472.091,562.223,-2885.82,592.657
130,260,-15.4007,803.759,-2681.45,471.167
135,260,427.971,995.659,-2448.99,349.407
140,260,853.946,1116.6,-2188.07,231.067
145,260,1250.81,1142.94,-1897.56,120.611
150,260,1595.08,1054.92,-1576.87,23.0627
155,260,1851.17,844.864,-1228.33,-56.0206
160,260,1976.78,524.534,-860.071,-110.269
165,260,1933.52,128.059,-487.408,-132.252
170,260,1699.3,-292.352,-131.766,-113.973
175,260,1278.08,-678.004,183.244,-48.6758
180,260,703.508,-979.077,437.376,66.2251
0,265,216.528,-14790.5,17.8503,-1233.13
5,265,-2172.13,-14466.2,-430.146,-1131.22
10,265,-4452.3,-13869.2,-895.514,-920.732
15,265,-6490.41,-13035,-1347.71,-623.497
20,265,-8180.81,-12014.9,-1759.17,-267.117
25,265,-9456.91,-10869.2,-2110.8,119.353
30,265,-10295.7,-9661.54,-2394.94,508.366
35,265,-10714.9,-8452.89,-2614.64,875.649
40,265,-10764.3,-7296.42,-2780.04,1201.42
45,265,-10513.7,-6232.73,-2903.42,1471.52
50,265,-10039.9,-5286.45,-2995.26,1678.33
55,265,-9416.22,-4465.49,-3062.41,1821.05
60,265,-8705.34,-3763.55,-3108.44,1904.84
65,265,-7955.66,-3164.95,-3135.44,1938.96
70,265,-7201.17,-2650.15,-3145.68,1934.49
75,265,-6463.08,-2200.28,-3142.49,1902.08
80,265,-5752.4,-1799.85,-3129.95,1850.49
85,265,-5072.53,-1437.54,-3111.79,1785.89
90,265,-4421.65,-1105.74,-3090.16,1711.87
95,265,-3794.86,-799.536,-3064.73,1629.87
100,265,-3186.22,-515.623,-3032.52,1539.91
105,265,-2590.73,-251.471,-2988.49,1441.24
110,265,-2005.87,-4.8652,-2926.69,1333.05
115,265,-1432.41,226.061,-2841.65,1214.95
120,265,-874.035,442.089,-2729.48,1087.34
125,265,-336.152,641.386,-2588.12,951.53
130,265,175.518,817.417,-2416.82,809.618
135,265,655.131,957.139,-2215.05,664.206
140,265,1094.92,1040.89,-1981.53,518.123
145,265,1481.77,1045.36,-1714.51,374.406
150,265,1794.14,949.973,-1413.35,236.731
155,265,2002.06,745.416,-1081.3,110.309
160,265,2071.73,441.078,-728.046,2.85716
165,265,1974.4,67.6823,-370.629,-75.1038
170,265,1696.47,-327.381,-31.7517,-111.372
175,265,1247.43,-691.506,264.315,-94.8574
180,265,662.711,-981.123,497.026,-19.359
0,270,217.26,-14841.7,-1.08935,60.64
5,270,-2376.55,-14491,-251.385,134.222
10,270,-4858.74,-13794.4,-520.804,289.145
15,270,-7081.67,-12799.8,-786.87,505.762
20,270,-8927.64,-11578.5,-1030.42,760.229
25,270,-10321.1,-10215.6,-1239.71,1028.86
30,270,-11233.9,-8799.33,-1411.98,1291.13
35,270,-11683.4,-7411.61,-1551.95,1531
40,270,-11723.7,-6119.91,-1668.33,1737.16
45,270,-11432.8,-4971.35,-1769.72,1902.58
50,270,-10897.7,-3989.94,-1861.78,2024.24
55,270,-10201.5,-3177.71,-1946.41,2102.75
60,270,-9414.67,-2519.61,-2022.75,2141.92
65,270,-8590.22,-1990.48,-2089.11,2147.94
70,270,-7763.95,-1562.1,-2144.7,2128.23
75,270,-6956.97,-1208.55,-2190.34,2090.17
80,270,-6179.41,-909.089,-2228.12,2039.91
85,270,-5433.73,-648.915,-2260.39,1981.7
90,270,-4717.46,-418.373,-2288.48,1917.54
95,270,-4025.42,-211.595,-2311.83,1847.36
100,270,-3351.63,-25.0268,-2327.75,1769.5
105,270,-2691.24,143.861,-2331.75,1681.51
110,270,-2042.27,297.526,-2318.49,1581.02
115,270,-1406.59,438.742,-2282.88,1466.63
120,270,-789.913,570.099,-2220.93,1338.48
125,270,-200.643,692.375,-2130.01,1198.22
130,270,351.646,802.015,-2008.43,1048.48
135,270,856.979,888.693,-1854.61,891.945
140,270,1304.13,934.658,-1666.47,730.691
145,270,1678.42,917.419,-1441.77,566.24
150,270,1959.7,816.175,-1179.87,400.729
155,270,2122.76,620.4,-884.205,238.784
160,270,2141.39,337.166,-564.64,89.1788
165,270,1995.57,-6.56224,-238.179,-34.8594
170,270,1679.44,-368.874,72.6252,-117.459
175,270,1207.5,-704.069,343.419,-143.838
180,270,616.871,-975.702,552.894,-104.796
0,275,216.338,-14780,-20.0207,1353.95
5,275,-2544.6,-14406.9,-40.128,1394.38
10,275,-5188.84,-13618.8,-81.6865,1475.1
15,275,-7555.19,-12476.1,-132.292,1580.45
20,275,-9515.47,-11070.4,-182.939,1693.46
25,275,-10987.5,-9510.16,-230.565,1799.85
30,275,-11940.7,-7906.94,-278.02,1890.33
35,275,-12394.2,-6361.56,-331.663,1961
40,275,-12407.3,-4953.83,-397.855,2011.89
45,275,-12065.9,-3735.88,-479.959,2045.01
50,275,-11466.2,-2730.36,-577.03,2062.73
55,275,-10700.2,-1933.64,-684.436,2067.08
60,275,-9844.69,-1322.81,-795.773,2059.9
65,275,-8956.84,-864.521,-905.021,2043.18
70,275,-8073.87,-523.132,-1008.08,2019.26
75,275,-7216.56,-266.566,-1103.27,1990.57
80,275,-6393.73,-69.2917,-1190.84,1959.1
85,275,-5606.29,87.0701,-1272.01,1925.78
90,275,-4850.42,214.63,-1347.76,1890.02
95,275,-4119.89,320.789,-1418,1849.56
100,275,-3408.07,409.948,-1481.08,1800.81
105,275,-2709.87,485.111,-1533.87,1739.52
110,275,-2023.44,549.184,-1572.19,1661.95
115,275,-1351.29,605.683,-1591.44,1565.9
120,275,-700.359,658.424,-1587.27,1451.42
125,275,-81.0134,709.891,-1555.99,1320.72
130,275,494.524,758.532,-1494.48,1177.07
135,275,1013.21,796.062,-1399.95,1023.3
140,275,1460.99,806.546,-1269.58,860.664
145,275,1821.57,768.869,-1100.95,689.094
150,275,2075.46,662.927,-893.281,509.058
155,275,2200.91,477.87,-649.549,324.432
160,275,2177.64,218.961,-378.471,144.807
165,275,1992.69,-90.5778,-95.446,-14.2697
170,275,1646.64,-414.654,178.411,-133.813
175,275,1158.25,-714.985,419.204,-196.04
180,275,566.335,-962.856,604.554,-189.435
0,280,213.77,-14605.7,-38.7996,2636.96
5,280,-2671.2,-14216.1,196.552,2640.27
10,280,-5432.76,-13349.8,406.739,2630.17
15,280,-7897.26,-12080.3,591.937,2596.94
20,280,-9927.98,-10517.8,749.445,2533.68
25,280,-11438.8,-8792.53,872.802,2439.32
30,280,-12399.3,-7035.93,953.419,2319.63
35,280,-12832.2,-5364.56,983.91,2185.95
40,280,-12802.8,-3867.6,961.441,2051.88
45,280,-12404.3,-2600.26,889.476,1929.58
50,280,-11740.8,-1583.24,777.228,1827.16
55,280,-10910.8,-807.85,637.305,1747.95
60,280,-9996.7,-244.814,482.727,1691.38
65,280,-9058.63,145.592,324.482,1654.54
70,280,-8135.08,404.754,170.205,1633.71
75,280,-7246.42,569.675,24.0378,1625.24
80,280,-6400.06,669.992,-112.703,1625.68
85,280,-5595.02,727.406,-240.479,1631.51
90,280,-4825.56,756.622,-360.447,1638.66
95,280,-4083.86,766.983,-473.542,1642.19
100,280,-3362.15,764.306,-579.808,1636.38
105,280,-2654.67,752.648,-677.994,1615.37
110,280,-1959.27,735.744,-765.448,1574.28
115,280,-1278.43,717.795,-838.304,1510.36
120,280,-619.333,703.186,-891.939,1423.71
125,280,7.05719,694.927,-921.56,1316.97
130,280,587.342,692.108,-922.706,1193.83
135,280,1106.71,687.442,-891.483,1057.01
140,280,1549.06,666.521,-824.604,906.806
145,280,1896.51,610.165,-719.532,741.504
150,280,2129.33,500.091,-575.176,559.965
155,280,2227.58,326.291,-393.317,365.333
160,280,2174.78,93.0224,-180.417,167.878
165,280,1962.9,-179.917,50.9835,-14.8843
170,280,1597.2,-462.29,282.202,-161.43
175,280,1099.88,-723.437,490.26,-251.705
180,280,511.49,-942.681,651.612,-272.633
0,285,209.575,-14320.3,-57.2833,3899.89
5,285,-2752.63,-13921,450.815,3863.41
10,285,-5583.73,-12994.9,927.961,3749.21
15,285,-8099.31,-11627.3,1359.94,3555.62
20,285,-10156.4,-9945.32,1731.05,3288.8
25,285,-11667.6,-8097.06,2024.99,2964.23
30,285,-12605.1,-6230.1,2227.91,2605.79
35,285,-12996.6,-4472.31,2332.49,2242.3
40,285,-12914,-2918.65,2340.83,1902.08
45,285,-12456.7,-1625.19,2264.7,1607.77
50,285,-11734.3,-610.177,2122.96,1373.12
55,285,-10850.3,139.222,1937.31,1202.44
60,285,-9890.48,656.744,1728.29,1092.45
65,285,-8917.12,986.337,1512.41,1035.07
70,285,-7969.58,1173.19,1301.1,1020.15
75,285,-7067.98,1257.74,1100.93,1037.36
80,285,-6218.49,1272.73,914.534,1077.1
85,285,-5418.31,1242.65,741.798,1130.68
90,285,-4659.73,1184.65,580.985,1189.94
95,285,-3933.08,1110.19,429.759,1246.94
100,285,-3229.11,1026.89,286.116,1293.84
105,285,-2540.9,940.34,149.199,1323.41
110,285,-1865.28,855.43,19.8926,1329.95
115,285,-1203.76,776.938,-98.986,1310.34
120,285,-562.457,709.161,-202.998,1264.64
125,285,48.5168,654.479,-286.854,1195.52
130,285,616.085,611.315,-345.341,1106.56
135,285,1124.9,572.409,-374,999.854
140,285,1557.53,524.628,-369.326,874.516
145,285,1894.39,451.287,-328.628,727.307
150,285,2114.57,337.009,-250.105,555.754
155,285,2198.14,173.804,-133.685,362.504
160,285,2130.11,-34.1848,17.2429,158.516
165,285,1905.05,-270.076,193.797,-37.0422
170,285,1531.09,-509.242,380.344,-200.697
175,285,1032.85,-728.538,555.174,-310.876
180,285,452.752,-915.333,693.712,-353.755
0,290,203.785,-13925.9,-75.331,5133.15
5,290,-2786.67,-13525,714.317,5055.77
10,290,-5638.18,-12561.1,1464.69,4828.69
15,290,-8158.02,-11130,2145.17,4460.24
20,290,-10199.6,-9372.42,2726.15,3972.22
25,290,-11676.4,-7450.38,3181.59,3399.3
30,290,-12565.4,-5522.42,3493.41,2785.57
35,290,-12900.3,-3722.84,3655.82,2178.42
40,290,-12759.1,-2148.5,3677.37,1621.09
45,290,-12246.2,-854.08,3579.43,1146.25
50,290,-11474.8,145.089,3391.45,772.605
55,290,-10550.7,864.847,3144.97,505.026
60,290,-9560.96,1341.39,2868.55,337.38
65,290,-8569,1620.59,2584.63,256.489
70,290,-7614.59,1749.33,2308.68,245.884
75,290,-6717.69,1769.81,2049.71,288.595
80,290,-5883.67,1716.68,1811.53,368.78
85,290,-5108.46,1616.47,1594.14,472.344
90,290,-4382.68,1488.37,1395,586.891
95,290,-3694.92,1345.85,1210.28,701.416
100,290,-3034.18,1198.44,1036,806.126
105,290,-2391.78,1053.41,869.243,892.667
110,290,-1762.62,916.763,708.977,954.768
115,290,-1145.97,793.594,556.532,988.988
120,290,-545.56,687.494,415.372,995.018
125,290,30.7425,599.388,290.27,974.966
130,290,571.401,526.223,186.205,931.497
135,290,1061.46,460.256,107.506,865.523
140,290,1482.57,389.624,57.6512,774.79
145,290,1813.3,300.636,39.6565,654.773
150,290,2030.55,181.652,56.4665,502.159
155,290,2112.74,27.5974,110.49,319.527
160,290,2044.23,-156.728,201.82,118.641
165,290,1819.93,-356.759,325.505,-79.9472
170,290,1449.1,-552.995,469.164,-251.398
175,290,957.879,-729.382,612.582,-373.393
180,290,390.568,-881.018,730.532,-432.186
0,295,196.444,-13425.5,-92.8053,6327.34
5,295,-2772.58,-13031.5,978.485,6209.83
10,295,-5595.76,-12054.4,1999.47,5866.38
15,295,-8075.13,-10598,2921.54,5317
20,295,-10063.1,-8812.85,3700.62,4601.11
25,295,-11476.4,-6869.85,4301.5,3774.29
30,295,-12297.7,-4933.03,4703.19,2901.8
35,295,-12567.3,-3138.18,4903.07,2049.66
40,295,-12368.2,-1580.27,4917.66,1275.22
45,295,-11808.3,-310.506,4778.92,620.049
50,295,-11001.9,659.056,4527.46,106.81
55,295,-10054.9,1346.2,4204.89,-259.666
60,295,-9053.95,1787.65,3847.92,-488.419
65,295,-8062.06,2028.99,3485.07,-597.384
70,295,-7118.87,2116.71,3135.99,-608.805
75,295,-6244.23,2093.03,2812.24,-545.732
80,295,-5443.2,1993.21,2518.84,-429.804
85,295,-4710.96,1844.88,2255.87,-280.154
90,295,-4037.02,1668.67,2020.01,-113.151
95,295,-3408.44,1479.62,1806.03,57.4058
100,295,-2812.3,1288.85,1608.2,220.022
105,295,-2237.53,1104.9,1421.59,365.455
110,295,-1676.18,934.504,1243.1,486.96
115,295,-1124.18,782.597,1072.06,580.616
120,295,-581.77,651.666,910.043,645.293
125,295,-53.6196,540.917,760.206,681.812
130,295,451.038,445.774,626.301,691.203
135,295,918.153,358.157,511.899,672.667
140,295,1328.66,267.751,420.279,622.505
145,295,1659.01,164.211,354.972,535.272
150,295,1883.16,40.0211,320.345,407.413
155,295,1976.52,-106.55,321.287,241.955
160,295,1921.04,-269.546,361.269,51.6445
165,295,1710.22,-436.113,439.019,-141.814
170,295,1352.92,-591.185,545.21,-312.768
175,295,875.949,-725.081,661.236,-438.891
180,295,325.412,-839.998,761.793,-507.327
0,300,187.608,-12823,-109.573,7473.38
5,300,-2711.2,-12444.5,1234.79,7318.45
10,300,-5459.26,-11479.7,2515.31,6860.89
15,300,-7857.04,-10037.5,3664.36,6133.53
20,300,-9758.8,-8273.84,4623.32,5194.55
25,300,-11086,-6362.79,5348.66,4121.06
30,300,-11827.7,-4468.54,5817.94,2999.33
35,300,-12029.9,-2723.66,6033.29,1913
40,300,-11779.6,-1217.95,6020.44,932.049
45,300,-11185.9,2.57389,5822.67,105.324
50,300,-10362.3,929.321,5491.85,-541.822
55,300,-9412.47,1581.12,5079.49,-1005.23
60,300,-8421.08,1993.64,4630.19,-1296.84
65,300,-7449.65,2210.27,4178.46,-1438.82
70,300,-6537.04,2275.23,3748.16,-1458.35
75,300,-5702.81,2229.14,3353.54,-1383.62
80,300,-4951.83,2106.5,3001.01,-1241.19
85,300,-4278.89,1934.95,2690.94,-1054.43
90,300,-3672.66,1735.66,2419.45,-843.047
95,300,-3118.81,1524.46,2180.12,-623.152
100,300,-2602.37,1313.21,1965.59,-407.601
105,300,-2109.53,1110.95,1768.96,-206.353
110,300,-1628.93,924.431,1584.85,-26.6534
115,300,-1152.65,757.972,1410.01,126.845
120,300,-676.985,612.923,1243.39,251.739
125,300,-203.077,487.188,1085.76,346.985
130,300,262.377,375.365,938.964,411.428
135,300,706.388,269.742,805.464,442.244
140,300,1109.24,162.003,688.264,434.329
145,300,1445.1,45.2346,591.455,381.711
150,300,1684.55,-84.1003,520.784,281.158
155,300,1799.21,-224.496,483.288,136.619
160,300,1767.52,-368.659,485.196,-38.0109
165,300,1580.33,-504.892,528.188,-220.064
170,300,1245,-621.707,605.473,-383.558
175,300,788.267,-714.814,700.057,-506.813
180,300,257.779,-792.585,787.255,-578.607
0,305,177.344,-12122.8,-125.508,8562.54
5,305,-2604.82,-11768.2,1475.03,8374.86
10,305,-5234.36,-10840.8,2996.19,7811.25
15,305,-7514.25,-9451.36,4351.14,6917.82
20,305,-9303.31,-7756.03,5467.14,5771.57
25,305,-10529,-5926.69,6293.37,4470.62
30,305,-11186.3,-4122.42,6807.26,3120.95
35,305,-11325.8,-2468.55,7016.97,1822.02
40,305,-11036.3,-1047.18,6958.24,654.388
45,305,-10425.9,101.963,6685.89,-327.651
50,305,-9605.18,973.786,6262.84,-1097.34
55,305,-8674.13,1587.44,5749.94,-1651.78
60,305,-7714.02,1976.39,5199.24,-2005.71
65,305,-6784.01,2180.45,4650.88,-2184.91
70,305,-5921.62,2240.17,4132.86,-2220.49
75,305,-5145.75,2193.07,3662.3,-2144.65
80,305,-4460.86,2071.58,3247.26,-1987.7
85,305,-3861.19,1902.12,2888.72,-1776.28
90,305,-3334.47,1705.21,2582.53,-1532.62
95,305,-2864.91,1496.3,2321.3,-1274.54
100,305,-2435.5,1286.88,2096.08,-1015.93
105,305,-2029.7,1085.48,1897.85,-767.287
110,305,-1632.95,898.116,1718.66,-536.394
115,305,-1233.74,728.311,1552.33,-328.785
120,305,-824.77,576.683,1394.87,-148.386
125,305,-404.004,440.784,1244.32,1.62122
130,305,24.1673,315.565,1100.55,117.67
135,305,447.739,194.66,964.844,194.817
140,305,846.393,72.1515,839.907,226.668
145,305,1192.15,-55.6837,730.22,207.033
150,305,1452.24,-189.038,642.446,133.39
155,305,1594.36,-323.737,584.975,10.9226
160,305,1593.1,-451.258,565.734,-145.22
165,305,1436.05,-560.566,588.276,-311.553
170,305,1128.42,-642.792,647.586,-462.128
175,305,696.234,-697.857,728.181,-576.431
180,305,188.184,-739.14,806.727,-645.483
0,310,165.731,-11330.4,-140.487,9586.53
5,310,-2457.14,-11006.9,1691.56,9372.58
10,310,-4929.33,-10140.1,3427.57,8716.45
15,310,-7060.63,-8838.72,4962.21,7677.13
20,310,-8716.99,-7253.99,6209.62,6349.36
25,310,-9832.58,-5550.14,7112.82,4850.48
30,310,-10407.4,-3876.56,7650.14,3303.92
35,310,-10494.5,-2348.19,7836.45,1822.5
40,310,-10181.9,-1037.78,7717.65,495.048
45,310,-9574.54,21.6313,7359.76,-620.444
50,310,-8777.93,828.161,6836.08,-1496.92
55,310,-7886.98,1400.69,6216.1,-2133.18
60,310,-6978.73,1769.79,5558.64,-2546.54
65,310,-6109.38,1970.92,4909.08,-2765.63
70,310,-5314.66,2040,4299.41,-2824.51
75,310,-4612.37,2010.42,3749.71,-2758.19
80,310,-4006.11,1911.28,3269.98,-2599.63
85,310,-3489.12,1766.49,2862.14,-2377.73
90,310,-3047.93,1594.61,2522.07,-2116.48
95,310,-2665.18,1409.4,2241.49,-1834.9
100,310,-2321.95,1220.8,2009.84,-1547.49
105,310,-1999.56,1035.88,1815.81,-1265.14
110,310,-1680.97,859.485,1648.69,-995.976
115,310,-1352.09,694.419,1499.32,-746.311
120,310,-1003.01,541.294,1360.83,-521.466
125,310,-629.318,398.476,1228.86,-326.644
130,310,-233.645,262.529,1101.57,-167.707
135,310,172.801,129.326,979.299,-51.6112
140,310,569.254,-4.45364,864.403,14.0674
145,310,926.007,-139.895,761.353,23.0339
150,310,1207.53,-274.813,676.944,-26.4093
155,310,1378.13,-403.224,619.79,-127.772
160,310,1408.87,-515.67,598.196,-264.641
165,310,1284.16,-601.363,616.304,-412.803
170,310,1006.73,-653.063,669.967,-546.551
175,310,601.394,-673.619,745.004,-646.87
180,310,117.157,-680.07,820.058,-707.447
0,315,152.856,-10451.8,-154.396,10537.6
5,315,-2273.12,-10165.3,1877.54,10305.4
10,315,-4554.71,-9379.02,3796.73,9575.03
15,315,-6512.7,-8195.89,5481.08,8417.11
20,315,-8022.55,-6757.13,6833.18,6941.74
25,315,-9025.38,-5214.45,7791.07,5282.55
30,315,-9524.84,-3703.68,8334.6,3577.29
35,315,-9573.89,-2327.13,8485.24,1949.19
40,315,-9257.15,-1147.51,8298.41,493.128
45,315,-8673.46,-191.397,7850.36,-730.731
50,315,-7921.61,541.834,7223.64,-1695.74
55,315,-7090.11,1070.22,6495.42,-2402.46
60,315,-6251.02,1421.04,5730.59,-2870.34
65,315,-5457.17,1625.13,4979.32,-3130.17
70,315,-4742.2,1713.37,4277.41,-3217.94
75,315,-4122.53,1714.36,3647.91,-3170.53
80,315,-3600.58,1653,3102.93,-3022.59
85,315,-3168.4,1549.53,2645.58,-2804.56
90,315,-2811.18,1419.38,2271.93,-2541.61
95,315,-2510.17,1273.5,1972.96,-2253.48
100,315,-2245.05,1119.36,1736.46,-1955.01
105,315,-1995.77,961.977,1548.87,-1657.04
110,315,-1743.95,804.824,1396.8,-1367.68
115,315,-1474.13,650.28,1268.39,-1093.52
120,315,-1174.99,499.672,1154.38,-840.733
125,315,-840.734,353.174,1048.58,-616.032
130,315,-472.879,209.929,947.98,-427.148
135,315,-82.0424,68.6209,852.256,-282.795
140,315,310.838,-71.5543,763.326,-191.687
145,315,675.044,-209.774,685.143,-160.35
150,315,973.308,-342.557,623.731,-189.866
155,315,1167.66,-463.05,586.723,-272.623
160,315,1226.61,-561.239,581.424,-391.044
165,315,1131.85,-626.252,611.242,-520.222
170,315,883.718,-651.562,671.914,-634.722
175,315,505.381,-641.662,750.204,-717.142
180,315,45.2385,-615.824,827.148,-764.027
0,320,138.818,-9493.62,-167.131,11408.4
5,320,-2058.82,-9248.3,2027.12,11167.1
10,320,-4122.84,-8558.26,4093.08,10384.7
15,320,-5888.91,-7516.83,5894.68,9140.97
20,320,-7243.93,-6250.99,7325.06,7557.96
25,320,-8135.93,-4895.72,8318.47,5781.62
30,320,-8570.51,-3570.3,8856.43,3960.13
35,320,-8597.91,-2363.07,8966.2,2223.99
40,320,-8296.4,-1326.71,8711.23,672.004
45,320,-7756.39,-482.264,8176.22,-634.498
50,320,-7067.88,172.43,7451.45,-1669.43
55,320,-6311.74,653.866,6620.56,-2434.69
60,320,-5554.29,985.763,5753.71,-2951.21
65,320,-4844.58,1194.35,4905.39,-3251.07
70,320,-4213.97,1305.5,4114.96,-3371.46
75,320,-3677.49,1342.86,3408.31,-3350.38
80,320,-3236.57,1326.66,2799.65,-3223.64
85,320,-2882.41,1272.87,2293.3,-3022.75
90,320,-2599.34,1193.06,1885.64,-2773.75
95,320,-2367.89,1094.76,1567.06,-2496.84
100,320,-2167.17,982.508,1323.99,-2206.77
105,320,-1976.73,859.04,1140.95,-1913.92
110,320,-1777.91,726.47,1002.37,-1625.73
115,320,-1554.94,586.993,894.338,-1348.27
120,320,-1296.1,443.081,805.856,-1087.72
125,320,-995.116,297.237,729.592,-851.435
130,320,-652.933,151.622,661.835,-648.32
135,320,-279.734,7.88563,601.84,-488.475
140,320,103.749,-132.567,550.986,-381.762
145,320,466.718,-267.764,512.265,-335.284
150,320,771.521,-393.907,490.173,-350.006
155,320,979.427,-504.102,490.326,-417.618
160,320,1057.67,-588.149,517.806,-519.587
165,320,986.172,-634.886,574.037,-630.294
170,320,763.181,-637.75,653.624,-724.457
175,320,409.855,-601.72,743.752,-786.175
180,320,-27.0243,-546.891,827.944,-814.793
0,325,123.723,-8463.19,-178.594,12192.4
5,325,-1821.19,-8261.25,2135.63,11952
10,325,-3647.52,-7677.9,4308.42,11142.2
15,325,-5208.97,-6794.02,6193.4,9849
20,325,-6405.37,-5718.72,7676.91,8201.99
25,325,-7191.34,-4567.08,8690.61,6354.55
30,325,-7572.7,-3439.89,9217.43,4460.87
35,325,-7594.52,-2410.87,9288.94,2655.44
40,325,-7326.12,-1523.32,8974.35,1039.11
45,325,-6847.21,-793.954,8364.44,-326.084
50,325,-6237.27,-220.301,7555.15,-1414.16
55,325,-5568.23,211.774,6635.13,-2227.39
60,325,-4899.79,522.172,5678.88,-2787.16
65,325,-4276.69,732.644,4744.63,-3125.97
70,325,-3727.88,864.352,3874.91,-3281.52
75,325,-3267.27,936.265,3098.12,-3292.51
80,325,-2895.92,964.05,2430.28,-3195.62
85,325,-2605.09,959.417,1876.77,-3023.33
90,325,-2379.4,930.016,1434.3,-2802.4
95,325,-2199.83,879.967,1092.95,-2553.31
100,325,-2046.05,810.929,838.339,-2290.51
105,325,-1898.21,723.475,653.844,-2023.44
110,325,-1738.26,618.438,522.647,-1758.23
115,325,-1550.92,497.87,429.641,-1499.57
120,325,-1324.79,365.377,362.914,-1252.62
125,325,-1053.67,225.736,314.549,-1024.28
130,325,-738.378,84.0061,280.527,-823.75
135,325,-388.678,-55.4616,259.833,-661.982
140,325,-24.6136,-189.511,253.29,-549.994
145,325,323.997,-315.665,262.728,-495.927
150,325,620.627,-430.517,290.7,-501.313
155,325,827.47,-527.728,340.129,-557.736
160,325,912.032,-597.232,412.932,-645.997
165,325,853.553,-627.513,507.458,-739.735
170,325,648.705,-611.491,616.156,-813.588
175,325,316.444,-553.702,725.916,-852.853
180,325,-99.0815,-473.796,822.438,-859.357
0,330,107.687,-7368.35,-188.697,12883.6
5,330,-1567.86,-7209.79,2199.69,12654.1
10,330,-3143.48,-6738.03,4436.99,11843
15,330,-4493.22,-6019.34,6370.98,10538.2
20,330,-5530.71,-5142.58,7884.2,8872.16
25,330,-6216.62,-4201.02,8906.99,7000.08
30,330,-6555.46,-3275.91,9423.15,5077.45
35,330,-6585.14,-2426.45,9466.54,3239.42
40,330,-6364.06,-1687.47,9109.36,1587.3
45,330,-5959.54,-1072.63,8445.53,183.722
50,330,-5439.15,-580.36,7574.2,-944.406
55,330,-4864.75,-199.69,6587.23,-1798.29
60,330,-4288.5,85.1798,5562.31,-2398.35
65,330,-3750.25,291.675,4560.65,-2776.44
70,330,-3276.3,436.688,3627.34,-2970.11
75,330,-2879.74,535.046,2792.73,-3018.4
80,330,-2562.06,598.44,2074.15,-2958.74
85,330,-2315.73,634.868,1477.71,-2824.48
90,330,-2127.06,648.641,1000.39,-2643.12
95,330,-1978.88,640.998,632.313,-2435.43
100,330,-1852.72,611.22,359.063,-2215.45
105,330,-1730.4,558.051,163.903,-1991.56
110,330,-1595.3,481.167,29.9057,-1768.19
115,330,-1433.3,382.343,-58.1505,-1548.04
120,330,-1233.83,265.942,-112.257,-1334.26
125,330,-991.215,138.478,-140.345,-1132.19
130,330,-706.334,7.29065,-146.396,-950.277
135,330,-388.459,-121.171,-131.467,-799.676
140,330,-56.3573,-242.542,-95.1013,-692.44
145,330,262.241,-354.292,-36.467,-638.168
150,330,533.454,-453.77,45.074,-639.65
155,330,722.074,-535.493,149.499,-688.999
160,330,797.429,-589.773,274.951,-766.689
165,330,739.297,-604.865,415.796,-845.611
170,330,543.465,-573.012,561.328,-900.046
175,330,226.683,-497.703,697.237,-916.044
180,330,-170.385,-397.095,810.673,-897.381
0,335,90.8308,-6217.43,-197.365,13476.8
5,335,-1306.9,-6100.06,2217.28,13267.9
10,335,-2626.07,-5739.07,4475.6,12481.1
15,335,-3762.2,-5185.01,6424.4,11202.4
20,335,-4642.98,-4505.5,7945.69,9561.25
25,335,-5234.49,-3771.39,8969.77,7709.22
30,335,-5538.76,-3044.41,9480.65,5798.26
35,335,-5585.21,-2369.89,9512.26,3960.87
40,335,-5420.26,-1775.12,9136.67,2297.33
45,335,-5098,-1271.82,8447.74,871.052
50,335,-4673.34,-860.188,7545,-288.848
55,335,-4197.34,-532.979,6521.4,-1180.72
60,335,-3713.86,-278.687,5456.36,-1822.27
65,335,-3257.15,-84.0464,4413.05,-2243.37
70,335,-2850.55,64.0164,3438.29,-2480.52
75,335,-2506.36,176.834,2563.69,-2572.58
80,335,-2227.01,262.911,1807.27,-2557.39
85,335,-2007.13,327.398,1175.46,-2469.03
90,335,-1835.89,372.167,665.47,-2335.67
95,335,-1699.23,396.44,267.805,-2178.49
100,335,-1581.72,397.861,-31.3099,-2011.42
105,335,-1467.96,373.87,-247.714,-1842.06
110,335,-1343.66,323.204,-397.346,-1673.32
115,335,-1196.64,247.191,-494.485,-1505.72
120,335,-1017.78,150.409,-550.328,-1339.85
125,335,-802.323,40.278,-572.148,-1178.59
130,335,-551.421,-74.5322,-563.368,-1028.61
135,335,-273.664,-186.327,-524.594,-900.48
140,335,14.0713,-290.105,-455.183,-806.982
145,335,287.192,-383.52,-354.72,-759.352
150,335,515.818,-464.693,-224.02,-762.119
155,335,668.822,-529.01,-65.9064,-808.444
160,335,718.794,-567.348,113.689,-878.81
165,335,647.285,-568.047,304.452,-945.408
170,335,450.071,-522.86,491.574,-981.921
175,335,141.966,-433.988,658.505,-974.638
180,335,-240.391,-317.372,792.738,-928.575
0,340,73.2837,-5019.19,-204.53,13967.4
5,340,-1046.6,-4938.77,2187.85,13788
10,340,-2110.76,-4682.22,4423.61,13049.6
15,340,-3036.23,-4284.49,6353.65,11832.2
20,340,-3764.29,-3792.42,7862.8,10256.8
25,340,-4265.73,-3255.22,8882.64,8466.03
30,340,-4539.38,-2716.13,9396.66,6603.5
35,340,-4605.79,-2207.66,9436.7,4795.89
40,340,-4499.3,-1750.5,9071.58,3140.99
45,340,-4260.94,-1355,8391.78,1703.13
50,340,-3933.1,-1023.47,7494.19,514.9
55,340,-3555.86,-752.459,6470.47,-417.305
60,340,-3164.28,-534.655,5399.93,-1106.54
65,340,-2786.39,-360.713,4346.35,-1579
70,340,-2441.97,-220.986,3357.35,-1868.84
75,340,-2142.21,-107.073,2465.05,-2013.76
80,340,-1890.53,-12.9259,1687.66,-2051.32
85,340,-1684.05,64.6219,1031.65,-2015.87
90,340,-1515.39,125.933,494.446,-1936.13
95,340,-1374.37,169.136,67.1543,-1833.86
100,340,-1249.49,191.065,-262.894,-1723.45
105,340,-1129.06,188.497,-510.022,-1612.49
110,340,-1002.13,159.568,-688.432,-1503.14
115,340,-859.346,105.1,-810.666,-1394.25
120,340,-693.856,29.3749,-886.306,-1283.88
125,340,-502.448,-60.1974,-921.155,-1172.01
130,340,-286.82,-154.711,-917.238,-1062.82
135,340,-54.7725,-246.187,-873.791,-965.515
140,340,179.204,-329.526,-788.984,-893.057
145,340,394.464,-402.599,-661.818,-858.082
150,340,566.139,-464.026,-493.73,-866.936
155,340,668.307,-509.856,-289.895,-914.069
160,340,678.012,-531.683,-60.3464,-980.238
165,340,579.791,-518.423,179.448,-1037.07
170,340,370.459,-461.841,409.763,-1057.51
175,340,63.5,-362.992,610.717,-1027.57
180,340,-308.568,-235.234,768.77,-952.702
0,345,55.1788,-3782.75,-210.139,14351.7
5,345,-795.19,-3733.2,2112.24,14209.3
10,345,-1612.86,-3569.84,4282.91,13540.4
15,345,-2335.13,-3313.3,6161.63,12415.5
20,345,-2915.83,-2991.48,7639.29,10942
25,345,-3329.75,-2634.08,8650.03,9248.71
30,345,-3572.37,-2267.86,9176.31,7466.76
35,345,-3655.81,-1913.91,9245.86,5714
40,345,-3603.37,-1587.07,8921.44,4084.2
45,345,-3444.17,-1296.36,8287,2642.45
50,345,-3209.04,-1045.81,7433.76,1425.78
55,345,-2927.51,-835.173,6449.41,446.995
60,345,-2625.77,-660.792,5411.01,-300.324
65,345,-2325.07,-516.838,4381.42,-836.749
70,345,-2040.89,-396.759,3407.98,-1192.3
75,345,-1782.68,-294.71,2522.72,-1402.05
80,345,-1554.36,-206.61,1743.77,-1502.18
85,345,-1355.3,-130.637,1077.64,-1526.52
90,345,-1181.51,-67.1968,522.07,-1504.03
95,345,-1026.87,-18.4776,68.903,-1457.26
100,345,-884.143,12.2987,-293.309,-1401.73
105,345,-745.925,21.8878,-577.259,-1346.07
110,345,-605.355,8.24837,-795.228,-1292.92
115,345,-456.816,-28.2289,-957.675,-1240.53
120,345,-296.633,-83.9443,-1071.99,-1185.22
125,345,-123.88,-152.309,-1141.65,-1124.36
130,345,58.7333,-225.216,-1166.17,-1059.42
135,345,244.062,-295.295,-1142.08,-997.662
140,345,420.154,-357.766,-1064.94,-951.444
145,345,570.64,-410.57,-931.827,-934.1
150,345,676.111,-452.364,-743.711,-953.327
155,345,716.454,-479.537,-507.448,-1004.75
160,345,674.026,-484.549,-236.957,-1069.54
165,345,537.469,-457.515,46.9356,-1119.01
170,345,305.844,-390.967,319.005,-1125.35
175,345,-7.72253,-285.299,555.032,-1073.85
180,345,-374.396,-151.305,738.951,-969.579
0,350,36.654,-2517.52,-214.149,14626.8
5,350,-560.614,-2491.31,1992.74,14527
10,350,-1147.06,-2405.83,4057.81,13944.9
15,350,-1677.95,-2269.67,5853.96,12937.9
20,350,-2118.01,-2094.95,7281.02,11596.3
25,350,-2445.4,-1895.17,8276.9,10030.8
30,350,-2652.61,-1683.33,8822.73,8356.65
35,350,-2744.67,-1470.92,8940.56,6680.2
40,350,-2735.71,-1267.44,8684.74,5089.61
45,350,-2644.97,-1080.14,8129.93,3650.2
50,350,-2493.34,-913.597,7358.86,2403.87
55,350,-2300.83,-769.497,6452.53,1371
60,350,-2084.95,-646.815,5483.48,553.553
65,350,-1859.87,-542.576,4511.89,-61.3749
70,350,-1636.1,-452.983,3583.71,-497.636
75,350,-1420.55,-374.551,2730.43,-785.861
80,350,-1216.9,-304.94,1970.1,-959.343
85,350,-1026.13,-243.346,1309.53,-1050.44
90,350,-847.109,-190.509,747.04,-1087.9
95,350,-677.343,-148.422,275.332,-1095.12
100,350,-513.657,-119.831,-115.955,-1089.3
105,350,-352.905,-107.5,-438.191,-1081.13
110,350,-192.577,-113.266,-702.081,-1075.05
115,350,-31.298,-137.038,-916.156,-1070.26
120,350,130.778,-176.131,-1085.41,-1062.72
125,350,291.612,-225.369,-1210.32,-1048.24
130,350,446.892,-278.219,-1286.7,-1025.97
135,350,589.657,-328.556,-1306.88,-1000.94
140,350,710.088,-372.124,-1262.18,-984.043
145,350,795.71,-406.649,-1146.21,-988.177
150,350,832.267,-430.302,-958.293,-1021.43
155,350,805.412,-439.477,-706.147,-1080.12
160,350,703.247,-427.681,-407.119,-1145.92
165,350,519.478,-386.916,-87.2593,-1190.08
170,350,256.722,-311.398,222.463,-1184.22
175,350,-70.9456,-201.628,492.723,-1112.59
180,350,-437.376,-66.2251,703.508,-979.077
0,355,17.8503,-1233.13,-216.528,14790.5
5,355,-350.305,-1221.74,1832.95,14736.8
10,355,-727.151,-1195.81,3754.96,14253.9
15,355,-1082.7,-1155.08,5438.93,13383.7
20,355,-1390.55,-1099.99,6795.99,12196.7
25,355,-1631.63,-1031.97,7768.97,10782.7
30,355,-1796.31,-953.693,8337.57,9238.32
35,355,-1884.52,-869.033,8517.16,7656.55
40,355,-1903.74,-782.64,8352,6118.35
45,355,-1865.88,-699.046,7905.32,4688.35
50,355,-1783.96,-621.709,7248.94,3413.08
55,355,-1669.79,-552.4,6454.74,2321.03
60,355,-1532.82,-491.208,5588.5,1423.72
65,355,-1380.12,-437.058,4705.9,717.622
70,355,-1216.83,-388.452,3850.41,187.007
75,355,-1046.71,-344.124,3052.5,-192.407
80,355,-872.459,-303.444,2330.29,-449.488
85,355,-695.859,-266.583,1691.26,-614.034
90,355,-517.848,-234.509,1134.68,-713.945
95,355,-338.747,-208.86,654.259,-773.319
100,355,-158.686,-191.689,240.565,-811.291
105,355,21.8311,-185.044,-116.912,-841.309
110,355,201.394,-190.352,-427.885,-870.787
115,355,377.328,-207.734,-699.47,-901.413
120,355,545.599,-235.515,-934.433,-930.549
125,355,700.897,-270.229,-1129.89,-953.968
130,355,836.765,-307.287,-1277.1,-969.437
135,355,945.628,-342.05,-1362.87,-979.795
140,355,1018.75,-370.732,-1372.78,-993.599
145,355,1046.33,-390.48,-1295.59,-1021.99
150,355,1018.13,-398.518,-1127.83,-1072.19
155,355,924.821,-391.007,-877.145,-1140.51
160,355,760.196,-362.712,-563.622,-1209.1
165,355,523.738,-308.216,-218.008,-1249.55
170,355,222.924,-224.39,123.179,-1233.16
175,355,-125.656,-112.814,425.12,-1142.98
180,355,-497.026,19.359,662.711,-981.123
0,360,-1.08935,60.64,-217.26,14841.7
5,360,-170.96,66.2277,1637.71,14835.4
10,360,-365.653,52.6463,3383.16,14458.5
15,360,-566.1,25.3711,4927.43,13736.4
20,360,-752.457,-9.04143,6194.6,12718.6
25,360,-907.918,-44.6879,7133.37,11472.5
30,360,-1021.98,-77.6622,7722.25,10074.8
35,360,-1091.84,-106.428,7969.54,8603.38
40,360,-1121.24,-131.167,7908.49,7130.9
45,360,-1117.45,-152.614,7589.5,5720.17
50,360,-1087.85,-171.119,7071.78,4421.56
55,360,-1037.55,-186.367,6416.16,3271.37
60,360,-968.884,-197.714,5679.7,2291.03
65,360,-882.223,-204.725,4911.99,1487.35
70,360,-777.397,-207.526,4152.83,854.134
75,360,-654.745,-206.828,3431.13,374.955
80,360,-515.472,-203.739,2765,26.7536
85,360,-361.425,-199.563,2162.83,-216.62
90,360,-194.695,-195.695,1625.2,-381.471
95,360,-17.4139,-193.607,1147.03,-492.148
100,360,168.069,-194.817,719.79,-569.594
105,360,358.72,-200.749,333.554,-630.26
110,360,550.301,-212.461,-20.8833,-685.273
115,360,737.065,-230.287,-349.746,-740.07
120,360,911.802,-253.541,-653.966,-795.037
125,360,1066.21,-280.424,-927.394,-847.527
130,360,1191.36,-308.196,-1156.38,-895.056
135,360,1278.06,-333.524,-1321.52,-938.497
140,360,1317.06,-352.8,-1401.74,-983.411
145,360,1299.27,-362.234,-1380,-1037.92
150,360,1216.56,-357.807,-1249.03,-1107.15
155,360,1063.26,-335.355,-1015.56,-1186.73
160,360,838.275,-291.142,-701.426,-1259.23
165,360,547.257,-222.951,-341.134,-1297.02
170,360,203.707,-131.247,23.9322,-1271.46
175,360,-171.578,-19.785,353.566,-1164.36
180,360,-552.894,104.796,616.871,-975.702
