Theta[deg],Phi[deg],re(rETheta)[mV],im(rETheta)[mV],re(rEPhi)[mV],im(rEPhi)[mV]
0,0,844.458,1085.99,-1858.91,10393
5,0,1014.34,878.109,-4368.84,9680.61
10,0,1117.13,649.917,-6718.68,8729.05
15,0,1160.15,421.18,-8775.63,7600.78
20,0,1158.97,216.871,-10437.1,6375.85
25,0,1131.83,59.527,-11642.7,5140.82
30,0,1094.75,-37.4612,-12377.6,3975.98
35,0,1058.74,-72.8131,-12667.6,2944.54
40,0,1029.46,-55.7975,-12568.3,2086.29
45,0,1008.57,-1.53053,-12152.7,1416.79
50,0,995.866,74.3829,-11500.7,931.05
55,0,991.025,159.67,-10689.8,609.992
60,0,994.467,246.736,-9791.02,427.367
65,0,1007.42,331.943,-8864.35,355.69
70,0,1031.44,413.937,-7957.24,370.23
75,0,1067.86,492.096,-7103.11,450.891
80,0,1117.2,565.616,-6321.25,582.246
85,0,1178.85,633.265,-5617.72,752.246
90,0,1250.74,693.486,-4987.34,950.12
95,0,1329.25,744.544,-4416.66,1163.99
100,0,1409.09,784.489,-3887.7,1378.8
105,0,1483.61,810.868,-3382.17,1575.28
110,0,1545.21,820.29,-2885.97,1730.71
115,0,1586.14,808.132,-2392.92,1822.13
120,0,1599.39,768.732,-1906.86,1831.69
125,0,1579.31,696.393,-1441,1752.84
130,0,1521.83,587.127,-1014,1594.75
135,0,1424.3,440.651,-643.74,1382.23
140,0,1285.29,261.77,-341.313,1149.75
145,0,1105.07,60.4076,-108.051,930.787
150,0,887.122,-149.841,62.3453,746.794
155,0,640.146,-354.023,177.369,600.895
160,0,379.704,-537.96,238.458,479.779
165,0,128.064,-689.423,237.466,363.032
170,0,-88.41,-798.334,159.658,235.258
175,0,-243.937,-856.671,-7.54573,94.8756
180,0,-318.751,-858.893,-264.105,-44.6844
0,5,679.23,1987.66,-1925.43,10258.8
5,5,623.835,1709.97,-4283.59,9637.09
10,5,513.502,1397.09,-6520.35,8852.79
15,5,371.768,1072.15,-8512.8,7950.34
20,5,226.775,764.131,-10161.6,6984.59
25,5,103.851,499.979,-11402.5,6014.18
30,5,20.1456,297.494,-12210.4,5093.53
35,5,-17.3056,162.021,-12597.5,4265.65
40,5,-10.224,87.7103,-12605.1,3557.64
45,5,34.2156,61.9729,-12294.5,2979.86
50,5,106.917,70.6433,-11737,2528.47
55,5,199.369,101.744,-11005.3,2190.29
60,5,304.753,146.96,-10168.3,1948.17
65,5,418.013,201.213,-9285.67,1785.57
70,5,535.491,261.325,-8405.86,1689.31
75,5,654.545,324.743,-7563.88,1650.3
80,5,773.266,388.775,-6781.19,1662.72
85,5,890.18,450.41,-6066.32,1721.96
90,5,1003.84,506.469,-5416.68,1822.17
95,5,1112.33,553.868,-4821.29,1953.83
100,5,1212.78,589.781,-4264.32,2101.8
105,5,1301.17,611.629,-3729.4,2244.63
110,5,1372.59,616.883,-3204.01,2355.95
115,5,1421.87,602.79,-2683.29,2408.37
120,5,1444.44,566.196,-2172.01,2379.8
125,5,1436.79,503.743,-1683.53,2260.53
130,5,1396.45,412.602,-1235.55,2058.24
135,5,1321.21,291.703,-843.845,1797.92
140,5,1208.49,143.102,-516.782,1515.19
145,5,1055.8,-27.1329,-253.484,1244.65
150,5,862.745,-209,-47.2985,1007.91
155,5,634.533,-389.749,106.848,807.293
160,5,385.065,-555.724,205.231,628.556
165,5,137.772,-694.18,232.871,451.562
170,5,-77.2402,-794.482,168.295,263.344
175,5,-229.297,-848.66,-5.85241,66.7836
180,5,-294.52,-851.73,-290.881,-119.372
0,10,508.833,2874.21,-1977.31,10046.5
5,10,257.385,2543.86,-4145.72,9524.21
10,10,-45.0326,2177.56,-6230.12,8914.06
15,10,-360.406,1797.83,-8119.71,8243.4
20,10,-648.162,1432.21,-9720.67,7542.65
25,10,-874.663,1106.11,-10966.5,6842.99
30,10,-1019.61,836.548,-11823.4,6173.06
35,10,-1077.63,629.323,-12290.7,5555.53
40,10,-1055.51,480.271,-12396.5,5004.73
45,10,-967.11,379.269,-12190.4,4525.9
50,10,-828.494,314.78,-11735.1,4116.57
55,10,-654.781,277.086,-11097.8,3769.59
60,10,-458.986,259.538,-10343.2,3476.79
65,10,-252.048,258.131,-9528.85,3231.98
70,10,-43.0761,270.257,-8701.49,3032.51
75,10,160.659,293.435,-7895.85,2879.12
80,10,353.914,324.499,-7134.18,2774.37
85,10,533.491,359.374,-6426.81,2720.24
90,10,697.836,393.316,-5773.67,2715.48
95,10,846.245,421.448,-5166.53,2753.19
100,10,977.952,439.365,-4592.29,2819.17
105,10,1091.5,443.652,-4036.96,2891.53
110,10,1184.65,432.14,-3490.06,2942.44
115,10,1254.74,403.768,-2948.3,2942.59
120,10,1299.35,358.034,-2417.4,2867.81
125,10,1316.47,294.283,-1910.73,2706.5
130,10,1304.03,211.281,-1444.85,2464.74
135,10,1258.87,107.615,-1033.35,2166.14
140,10,1175.99,-16.9606,-682.009,1844.97
145,10,1049.33,-159.702,-388.278,1534.23
150,10,874.934,-313.609,-145.965,1253.81
155,10,655.761,-467.643,46.7391,1004.61
160,10,406.198,-608.627,180.489,771.967
165,10,153.358,-723.991,233.758,537.087
170,10,-66.5779,-804.049,179.401,290.25
175,10,-216.484,-842.908,-3.21443,38.9667
180,10,-268.047,-838.085,-315.443,-193.151
0,15,334.563,3738.88,-2014.13,9757.77
5,15,-77.3449,3373.89,-3960.11,9339.59
10,15,-543.712,2985.05,-5855.86,8902.3
15,15,-1014.32,2590.99,-7604.45,8458.02
20,15,-1436.86,2212.9,-9119.75,8015.03
25,15,-1768.67,1869.27,-10335.3,7579.11
30,15,-1984.58,1571.53,-11210.4,7154.61
35,15,-2078.71,1322.53,-11733.4,6744.88
40,15,-2060.67,1118.08,-11920.2,6352
45,15,-1948.93,950.38,-11809.9,5976.37
50,15,-1764.65,811.453,-11456.7,5616.98
55,15,-1528.02,695.424,-10921.1,5272.58
60,15,-1257.05,599.186,-10263,4943.31
65,15,-967.766,521.772,-9535.17,4632.18
70,15,-674.328,463.023,-8781.23,4345.37
75,15,-388.605,422.19,-8033.79,4091.46
80,15,-119.44,396.933,-7314.58,3879.5
85,15,127.751,382.98,-6634.89,3716.61
90,15,350.662,374.465,-5996.67,3605.39
95,15,549.09,364.813,-5394.34,3541.77
100,15,723.668,347.921,-4817.59,3513.52
105,15,874.852,319.332,-4255.05,3500.25
110,15,1002.48,277.024,-3698.44,3475.36
115,15,1105.91,221.437,-3146.16,3410.39
120,15,1184.25,154.553,-2604.8,3281.55
125,15,1236.2,78.282,-2087.62,3076.76
130,15,1259.18,-7.02068,-1609.94,2800.44
135,15,1248,-102.882,-1183.27,2473.3
140,15,1194.41,-211.267,-811.305,2125.75
145,15,1088.65,-331.874,-490.565,1786.69
150,15,923.85,-459.735,-216.19,1472.56
155,15,702.339,-584.866,9.73044,1182.35
160,15,441.147,-694.591,172.227,901.551
165,15,173.318,-777.411,244.082,613.608
170,15,-57.0902,-826.231,194.095,312.573
175,15,-205.561,-839.197,0.211261,10.3356
180,15,-239.535,-818.062,-337.605,-265.46
0,20,157.747,4575.1,-2035.62,9394.77
5,20,-373.616,4193.46,-3732.88,9081.44
10,20,-969.115,3810.75,-5408.13,8808
15,20,-1569.04,3439.23,-6979.6,8574.02
20,20,-2110.67,3089.88,-8370.8,8369.08
25,20,-2542.14,2769.84,-9517.67,8177.05
30,20,-2832.16,2480.89,-10375.3,7980.94
35,20,-2972.43,2219.91,-10923,7766.72
40,20,-2973.29,1981.14,-11166.5,7525.27
45,20,-2855.89,1758.79,-11135.3,7252.56
50,20,-2644.81,1549.08,-10875.3,6948.85
55,20,-2363.88,1351.06,-10440.5,6618.19
60,20,-2034.92,1166.4,-9884.13,6268.03
65,20,-1678.01,998.415,-9253.66,5909.01
70,20,-1311.46,850.595,-8587.79,5554.29
75,20,-951.07,725.074,-7915.86,5218.19
80,20,-608.964,621.422,-7257.97,4914.28
85,20,-292.847,536.16,-6625.41,4653.25
90,20,-6.2689,463.16,-6021.46,4440.67
95,20,250.259,394.868,-5442.67,4275.22
100,20,477.768,324.038,-4881.23,4147.56
105,20,677.579,245.525,-4328.27,4040.51
110,20,850.652,157.545,-3777.72,3930.89
115,20,997.457,61.8232,-3229.52,3793.56
120,20,1117.88,-37.6757,-2690.96,3607.17
125,20,1210.59,-137.077,-2174.95,3360.29
130,20,1271.77,-234.865,-1695.53,3055.64
135,20,1293.65,-332.614,-1262.4,2709.79
140,20,1264.47,-433.328,-877.815,2347.4
145,20,1171.09,-537.993,-538.244,1991.38
150,20,1004.84,-642.491,-240.978,1653.57
155,20,769.103,-737.199,7.66383,1330.84
160,20,485.54,-810.101,187.55,1009.4
165,20,194.867,-851.824,267.139,675.538
170,20,-49.8843,-859.501,213.182,327.163
175,20,-196.61,-837.045,4.22192,-20.1092
180,20,-209.199,-791.813,-357.197,-335.748
0,25,-20.2697,5376.5,-2041.63,8960.27
5,25,-625.82,4995.36,-3471.17,8748.77
10,25,-1309.69,4643.6,-4899.98,8623.4
15,25,-2005.7,4325.53,-6262.1,8574.23
20,25,-2642.63,4039.41,-7492.4,8576.5
25,25,-3159.95,3777.93,-8531.67,8596.82
30,25,-3519.49,3530.17,-9333.32,8600.87
35,25,-3709,3284.65,-9870.52,8560.14
40,25,-3737.74,3032.61,-10140.8,8455.89
45,25,-3627.76,2769.82,-10165.2,8280
50,25,-3405.62,2496.91,-9982.26,8033.58
55,25,-3097.57,2218.41,-9638.7,7724.9
60,25,-2728.11,1941.41,-9181.08,7367.31
65,25,-2320.18,1674.05,-8650.41,6977.51
70,25,-1895.09,1424.07,-8079.88,6573.86
75,25,-1471.51,1197.15,-7494.68,6174.7
80,25,-1064.08,995.601,-6912.45,5796.6
85,25,-682.536,817.789,-6343.65,5452.53
90,25,-331.976,658.506,-5792.04,5150.25
95,25,-13.9668,510.428,-5255.64,4891
100,25,271.875,366.241,-4728.64,4668.74
105,25,526.601,220.868,-4204.34,4470.44
110,25,751.21,73.0369,-3678.54,4277.72
115,25,946.358,-74.5396,-3152.42,4070.19
120,25,1111.94,-216.676,-2633.61,3830.09
125,25,1245.98,-348.462,-2134.39,3547.32
130,25,1342.97,-467.871,-1667.44,3222.81
135,25,1392.38,-576.524,-1241,2868.34
140,25,1379.12,-677.687,-856.557,2501.77
145,25,1287.44,-772.376,-511.418,2139.18
150,25,1108.12,-856.123,-205.644,1787.42
155,25,847.283,-919.095,50.2403,1441.4
160,25,532.8,-950.274,231.871,1088.46
165,25,214.15,-943.527,305.157,717.947
170,25,-46.3973,-901.678,237.01,331.282
175,25,-189.71,-835.729,8.55217,-53.2199
180,25,-177.271,-759.537,-374.071,-403.482
0,30,-198.132,6136.98,-2032.09,8457.59
5,30,-829.662,5771.95,-3183.01,8341.51
10,30,-1556.24,5470.67,-4346.65,8342.92
15,30,-2308.49,5229.04,-5473.02,8445.59
20,30,-3009.09,5031.49,-6509.65,8615.18
25,30,-3590.05,4854.73,-7404.49,8806.44
30,30,-4006.26,4673.34,-8112.06,8972.6
35,30,-4240.49,4465.87,-8602.07,9074.28
40,30,-4299.43,4219.3,-8866.04,9085.17
45,30,-4204.58,3930.32,-8918.27,8993.55
50,30,-3983.23,3603.77,-8790.31,8800.73
55,30,-3662.97,3249.73,-8521.92,8517.84
60,30,-3269.9,2880.82,-8152.67,8162.48
65,30,-2828.66,2510.19,-7716.87,7755.73
70,30,-2362.24,2149.96,-7241.82,7319.69
75,30,-1890.91,1809.67,-6748.17,6875.53
80,30,-1430.9,1495.03,-6250.5,6441.77
85,30,-993.526,1207.17,-5757.74,6032.98
90,30,-585.454,943.071,-5273.42,5658.56
95,30,-209.819,696.992,-4796.35,5321.97
100,30,132.338,462.798,-4322.13,5020.37
105,30,440.908,236.341,-3845.69,4744.97
110,30,716.077,17.1209,-3364.23,4482.37
115,30,957.938,-191.536,-2879.72,4217.14
120,30,1165.75,-384.089,-2399.69,3935.3
125,30,1336.43,-555.567,-1935.47,3628.17
130,30,1462.47,-704.051,-1498.34,3294.87
135,30,1530.57,-831.121,-1095.41,2942.29
140,30,1522.83,-939.487,-728.076,2581.54
145,30,1421.81,-1029,-395.154,2222
150,30,1219.1,-1093.84,-99.7898,1865.86
155,30,924.985,-1123.66,143.734,1506.56
160,30,574.616,-1108.95,308.176,1132.79
165,30,226.563,-1047.86,358.946,736.809
170,30,-48.242,-950.023,265.353,322.742
175,30,-184.905,-834.331,12.8657,-89.6525
180,30,-143.994,-721.481,-388.097,-468.144
0,35,-374.487,6850.75,-2007.09,7890.53
5,35,-982.3,6515.31,-2877.01,7860.65
10,35,-1702.4,6277.79,-3765.09,7963.68
15,35,-2465.53,6126.14,-4636.95,8180.08
20,35,-3191.2,6031.42,-5453.67,8470.79
25,35,-3805.79,5954.47,-6172.26,8784.29
30,35,-4257.85,5854.99,-6751.05,9066.76
35,35,-4524.78,5700.77,-7158.96,9272.14
40,35,-4609.7,5473.64,-7383.77,9368.98
45,35,-4532.48,5170.34,-7434.48,9342.8
50,35,-4320.1,4799.37,-7336.55,9194.47
55,35,-4000.54,4376.06,-7123.15,8936.61
60,35,-3600.47,3918.45,-6827.02,8589.3
65,35,-3144.97,3444.65,-6475.79,8176.36
70,35,-2657.36,2971.16,-6090.9,7722.3
75,35,-2158.26,2511.52,-5688.18,7250.18
80,35,-1664.42,2075.16,-5278.82,6779.93
85,35,-1188.07,1666.67,-4869.66,6327.28
90,35,-737.174,1286.11,-4463.39,5902.94
95,35,-316.518,930.414,-4058.93,5512.23
100,35,71.1379,595.581,-3652.73,5154.97
105,35,424.124,279.027,-3240.79,4825.95
110,35,741.358,-18.8258,-2821.28,4516.01
115,35,1021.88,-294.415,-2396.5,4213.9
120,35,1263.81,-542.549,-1973.53,3908.86
125,35,1462.48,-758.893,-1562.58,3593.23
130,35,1608.14,-941.959,-1173.57,3264.42
135,35,1684.83,-1093,-812.801,2924.87
140,35,1672.39,-1213.37,-482.081,2579.71
145,35,1552.69,-1300.81,-182.144,2232.6
150,35,1319.44,-1347.51,80.8883,1882
155,35,988.123,-1342.65,289.884,1520.41
160,35,601.644,-1278.82,416.443,1137.95
165,35,227.188,-1159.37,427.664,729.225
170,35,-57.0198,-1001.37,297.361,300.02
175,35,-182.177,-831.778,16.7574,-129.827
180,35,-109.621,-677.934,-399.17,-529.244
0,40,-547.991,7512.39,-1966.81,7263.42
5,40,-1082.45,7217.43,-2562.13,7308.32
10,40,-1744.96,7050.13,-3173.49,7485.71
15,40,-2469.76,6991.77,-3781.29,7775.34
20,40,-3176.37,7001.87,-4360.56,8137.83
25,40,-3788.05,7027.08,-4878.97,8520.9
30,40,-4248.34,7013.37,-5300.93,8869.07
35,40,-4529.47,6918.02,-5597.06,9134.05
40,40,-4630.66,6717.19,-5753.46,9282.18
45,40,-4569.41,6406.88,-5775.32,9297.35
50,40,-4371.66,5998.4,-5682.93,9179.83
55,40,-4064.88,5511.87,-5503.47,8942.51
60,40,-3675.22,4970.55,-5263.3,8606.36
65,40,-3226.91,4397.46,-4983.75,8196.32
70,40,-2742.17,3813.48,-4680.45,7738
75,40,-2240.55,3236.12,-4364.41,7255.37
80,40,-1738.16,2678.52,-4043.02,6769.14
85,40,-1247.25,2148.8,-3720.58,6295.81
90,40,-776.486,1650.34,-3398.32,5847.04
95,40,-331.88,1183.07,-3074.73,5429.5
100,40,82.3112,745.474,-2746.56,5044.95
105,40,462.924,336.748,-2410.57,4690.77
110,40,807.495,-41.7657,-2065.53,4360.86
115,40,1113.71,-386.464,-1713.97,4046.99
120,40,1378.11,-692.786,-1362.41,3740.59
125,40,1593.98,-957.198,-1019.99,3434.57
130,40,1749.03,-1178.49,-695.502,3124.7
135,40,1824.76,-1357.07,-394.75,2809.76
140,40,1799.38,-1492.22,-120.273,2490.17
145,40,1655.12,-1578.95,125.25,2165.24
150,40,1388.8,-1607.36,333.275,1830.83
155,40,1021.76,-1566.45,485.152,1479.04
160,40,604.41,-1451.67,553.301,1101.25
165,40,211.301,-1272.06,508.718,693.608
170,40,-74.1179,-1052.29,331.552,262.347
175,40,-181.412,-826.906,19.7675,-173.898
180,40,-74.4141,-629.228,-407.206,-586.316
0,45,-717.325,8116.85,-1911.57,6581.03
5,45,-1130.43,7870.45,-2247.43,6687.79
10,45,-1684.16,7772.95,-2590.59,6912.05
15,45,-2319.51,7800.82,-2935.16,7234.89
20,45,-2959.52,7905.04,-3270.04,7620.32
25,45,-3527.28,8021.3,-3574.63,8020.08
30,45,-3963.3,8084.36,-3821.31,8382.18
35,45,-4235.62,8042.35,-3984.46,8660.5
40,45,-4339.66,7865.96,-4050.31,8822.3
45,45,-4290.33,7549.8,-4021.46,8851.55
50,45,-4111.93,7107.28,-3913.97,8748.18
55,45,-3830.6,6562.71,-3749.73,8524.63
60,45,-3470.77,5944.4,-3549.36,8201.51
65,45,-3054.3,5280.25,-3328.37,7803.35
70,45,-2600.66,4595.44,-3096.88,7355.41
75,45,-2126.82,3911.14,-2860.95,6881.32
80,45,-1646.86,3243.66,-2623.92,6401.6
85,45,-1171.93,2603.98,-2387.01,5932.73
90,45,-710.528,1998.15,-2149.48,5486.66
95,45,-269.186,1428.49,-1908.96,5070.75
100,45,146.869,895.579,-1662.19,4687.97
105,45,533.299,400.18,-1406.48,4337.35
110,45,886.335,-55.5027,-1141.31,4014.79
115,45,1202.11,-467.737,-869.492,3713.99
120,45,1475.22,-832.337,-597.335,3427.7
125,45,1696.47,-1146.12,-333.22,3148.95
130,45,1850.88,-1407.5,-85.185,2872.11
135,45,1917.65,-1615.34,141.126,2593.23
140,45,1874.07,-1766.28,342.312,2309.35
145,45,1703.67,-1852.4,514.038,2016.89
150,45,1407.13,-1861.93,646.275,1710.13
155,45,1011.71,-1784.39,720.486,1381.13
160,45,574.328,-1618.64,712.022,1022.12
165,45,174.905,-1379.67,597.838,629.831
170,45,-100.507,-1099.22,365.886,209.762
175,45,-182.373,-818.515,21.4062,-221.741
180,45,-38.6406,-575.733,-412.142,-638.926
0,50,-881.199,8659.54,-1841.78,5848.56
5,50,-1128.16,8466.86,-1941.67,6003.46
10,50,-1523.77,8432.24,-2035.01,6248.73
15,50,-2018.95,8529.62,-2128.22,6568.09
20,50,-2543.9,8705.2,-2223.59,6931.71
25,50,-3024.9,8888.15,-2312.8,7299.26
30,50,-3401.97,9005.93,-2377.59,7626.55
35,50,-3640.49,9000.11,-2397.66,7873.74
40,50,-3732.7,8836.92,-2360.7,8012.2
45,50,-3690.89,8509.52,-2267.67,8027.95
50,50,-3537.25,8032.84,-2131.02,7921.37
55,50,-3295.62,7434.9,-1968.01,7704.3
60,50,-2987.26,6748.73,-1794.16,7396.01
65,50,-2629.94,6006.91,-1619.74,7019.34
70,50,-2238.51,5238.5,-1449.7,6597.63
75,50,-1825.55,4467.59,-1285.24,6152.64
80,50,-1401.72,3712.47,-1125.43,5703.26
85,50,-975.908,2985.59,-968.129,5264.69
90,50,-555.601,2294.18,-810.333,4848.18
95,50,-147.213,1641.72,-648.55,4460.97
100,50,243.557,1029.97,-479.48,4106.48
105,50,611.53,460.733,-301.073,3784.78
110,50,951.77,-62.9935,-113.688,3493.04
115,50,1258.82,-537.024,79.1564,3226.25
120,50,1525.12,-956.891,270.959,2977.99
125,50,1738.93,-1318.87,453.568,2741.27
130,50,1882.7,-1620.08,619.221,2509.48
135,50,1933.91,-1857.03,762.081,2276.86
140,50,1869.74,-2023.29,877.854,2038.37
145,50,1675.88,-2108.14,961.019,1788.75
150,50,1357.21,-2098.52,1001.19,1521.43
155,50,946.237,-1985.14,981.704,1228.46
160,50,504.721,-1770.72,882.851,902.319
165,50,115.249,-1475.95,689.319,539.293
170,50,-136.563,-1138.72,397.891,143.113
175,50,-184.682,-805.435,21.1892,-272.954
180,50,-2.57306,-517.856,-413.941,-686.673
0,55,-1038.37,9136.32,-1757.97,5071.58
5,55,-1079.1,8999.68,-1653.14,5260.79
10,55,-1271.09,9015.42,-1524.52,5504.42
15,55,-1578.2,9157.27,-1389.34,5789.56
20,55,-1941.49,9371.01,-1262.36,6094.23
25,55,-2294.06,9584.53,-1147.59,6388.72
30,55,-2578.41,9723.06,-1036.86,6639.95
35,55,-2759.14,9725.37,-916.274,6817.75
40,55,-2826.17,9555.39,-775.725,6900.53
45,55,-2789.13,9205.45,-614.984,6878.43
50,55,-2667.39,8691.76,-443.122,6753.36
55,55,-2481.24,8045.5,-273.098,6536.68
60,55,-2247.07,7303.79,-115.837,6245.72
65,55,-1976.56,6503.11,23.0091,5900.46
70,55,-1677.97,5675.4,143.112,5520.84
75,55,-1357.83,4846.22,247.737,5125.14
80,55,-1022.07,4034.17,341.844,4728.95
85,55,-676.6,3251.31,430.821,4344.8
90,55,-327.381,2504.34,519.822,3982.05
95,55,19.5646,1796.47,613.312,3646.9
100,55,358.299,1129.56,714.507,3342.64
105,55,683.032,505.885,824.634,3069.84
110,55,987.877,-70.889,942.219,2826.64
115,55,1265.99,-595.821,1062.77,2609.05
120,55,1507.93,-1063.48,1179.22,2411.36
125,55,1699.8,-1468.7,1283.18,2226.86
130,55,1822.17,-1806.33,1366.72,2048.56
135,55,1851.74,-2069.85,1423.45,1869.92
140,55,1766.65,-2249.55,1448.14,1684.95
145,55,1555.38,-2332.16,1434.58,1487.57
150,55,1226.87,-2303.98,1373.11,1270.76
155,55,817.631,-2157.47,1250.5,1026.27
160,55,391.741,-1899.28,1053.7,746.029
165,55,31.2581,-1555.1,776.44,424.901
170,55,-181.922,-1167.56,424.853,64.0319
175,55,-187.807,-786.585,18.68,-326.862
180,55,33.5141,-456.038,-412.59,-729.194
0,60,-1187.63,9543.57,-1660.78,4256
5,60,-988.106,9462.7,-1389.29,4466.2
10,60,-936.703,9511.9,-1075.32,4690.14
15,60,-1013.1,9666.96,-745.215,4918.39
20,60,-1172.82,9877.68,-424.941,5137.52
25,60,-1359.55,10076.5,-130.28,5329.82
30,60,-1521.43,10192.3,136.699,5475.38
35,60,-1624.29,10166,383.128,5556.11
40,60,-1656.46,9962.3,616.669,5559.73
45,60,-1624.53,9574.25,838.875,5482.29
50,60,-1543.82,9019.38,1044.28,5328.22
55,60,-1429.35,8331.19,1224.31,5108.61
60,60,-1290.7,7549.62,1372.28,4838.38
65,60,-1131.53,6713.44,1486.46,4533.65
70,60,-951.857,5855.59,1570.24,4209.72
75,60,-750.967,5001.15,1630.41,3879.98
80,60,-529.433,4167.1,1675.12,3555.46
85,60,-289.912,3363.38,1712.26,3244.84
90,60,-36.937,2594.77,1748.56,2954.6
95,60,223.77,1863.1,1789.01,2689.2
100,60,486.033,1169.57,1836.47,2451.19
105,60,743.627,516.384,1891.21,2241.27
110,60,990.075,-92.4323,1950.62,2058.23
115,60,1217.66,-651.192,2009.25,1898.99
120,60,1415.78,-1153.22,2059.36,1758.75
125,60,1569.33,-1591.36,2092.17,1631.51
130,60,1658.32,-1957.64,2099.25,1510.79
135,60,1660.01,-2242.09,2073.4,1390.36
140,60,1554.7,-2431.67,2008.39,1264.26
145,60,1334.21,-2510.93,1897.64,1126.28
150,60,1010.91,-2465.92,1733.05,968.972
155,60,623.385,-2291.09,1505.98,783.304
160,60,235.045,-1996.62,1211.16,559.761
165,60,-76.1635,-1612.03,852.014,290.95
170,60,-235.409,-1182.98,444.044,-25.1525
175,60,-191.067,-761.031,13.538,-382.553
180,60,69.3462,-390.749,-408.099,-766.166
0,65,-1327.86,9878.19,-1550.95,3408.02
5,65,-861.305,9850.55,-1156.51,3626.89
10,65,-534.199,9913.49,-701.342,3818.6
15,65,-344.716,10046.9,-219.083,3976.89
20,65,-266.275,10208.8,254.806,4096.64
25,65,-256.82,10342.1,693.928,4172.21
30,65,-273.212,10385.8,1086.55,4197.52
35,65,-284.37,10288.6,1433.29,4167.68
40,65,-277.333,10020.3,1739.7,4081.05
45,65,-254.535,9576.61,2009.19,3940.64
50,65,-225.357,8976.51,2240.51,3754.04
55,65,-197.367,8254.62,2429.74,3532.02
60,65,-171.429,7451.5,2574.19,3286.62
65,65,-141.779,6605.65,2675.14,3029.34
70,65,-99.3791,5748.49,2738.33,2770.02
75,65,-35.9833,4902.39,2772.58,2516.42
80,65,53.0795,4081.04,2787.78,2274.39
85,65,168.062,3291.1,2793.13,2048.29
90,65,305.538,2534.72,2796.03,1841.34
95,65,459.883,1811.92,2801.46,1655.86
100,65,624.691,1122.84,2811.61,1493.28
105,65,793.531,469.126,2825.82,1353.95
110,65,959.775,-145.358,2840.5,1236.94
115,65,1115.51,-714.674,2849.51,1139.82
120,65,1249.98,-1231.22,2844.72,1058.8
125,65,1348.25,-1685.98,2817.08,989.148
130,65,1391.37,-2068.14,2757.66,925.815
135,65,1358.93,-2364.36,2658.33,863.898
140,65,1234.65,-2558.43,2511.84,798.45
145,65,1014.05,-2632.99,2311.37,723.59
150,65,712.004,-2574.02,2050.8,631.377
155,65,366.9,-2377.64,1726.61,511.428
160,65,38.1676,-2056.61,1341.67,352.045
165,65,-204.002,-1642.76,909.026,142.898
170,65,-295.018,-1182.77,452.978,-121.534
175,65,-193.653,-728.03,5.56541,-438.908
180,65,104.65,-322.486,-400.502,-797.306
0,70,-1457.98,10137.6,-1429.32,2534.11
5,70,-705.831,10158.9,-959.909,2750.73
10,70,-79.6169,10214.8,-413.684,2903.65
15,70,401.562,10290.8,170.478,2989.25
20,70,743.255,10357.3,749.736,3009.62
25,70,969.943,10373.3,1288.91,2970.11
30,70,1113.31,10294.1,1767.92,2877.68
35,70,1199.99,10082.6,2181.77,2740.27
40,70,1244.64,9718.08,2534.56,2566.9
45,70,1250.83,9201.48,2832.29,2367.63
50,70,1217.71,8553.4,3078.46,2153.07
55,70,1147.53,7807.65,3274.04,1933.4
60,70,1049.63,7002.43,3419.83,1717.3
65,70,939.636,6172.75,3518.97,1511.24
70,70,835.247,5345.7,3577.89,1319.35
75,70,751.437,4538.94,3605.57,1143.84
80,70,697.347,3761.7,3611.95,985.668
85,70,675.638,3017.02,3606.25,845.229
90,70,683.826,2304.37,3595.66,722.8
95,70,716.488,1622.03,3584.61,618.66
100,70,767.227,968.902,3574.5,532.934
105,70,829.703,345.647,3563.76,465.251
110,70,897.512,-244.774,3548.12,414.421
115,70,963.143,-797,3521.08,378.308
120,70,1016.61,-1303.32,3474.57,354.031
125,70,1044.56,-1753.55,3399.63,338.443
130,70,1030.85,-2134.69,3287.11,328.609
135,70,959.134,-2430.5,3128.11,321.829
140,70,817.788,-2622.11,2914.41,314.892
145,70,606.262,-2690.43,2639.05,302.66
150,70,340.899,-2621.2,2297.88,276.691
155,70,57.5545,-2411.47,1892.33,224.893
160,70,-191.503,-2075.2,1432.87,132.892
165,70,-347.202,-1644.62,941.31,-12.9633
170,70,-357.984,-1165.45,449.662,-221.786
175,70,-194.654,-687.076,-5.24901,-494.652
180,70,139.158,-251.769,-389.857,-822.379
0,75,-1577.01,10319.9,-1296.8,1640.92
5,75,-529.586,10384.4,-803.14,1846
10,75,409.15,10413,-220.097,1959.55
15,75,1197.07,10398.4,410.478,1979.9
20,75,1816.07,10326.2,1040.97,1914.7
25,75,2270.33,10176.5,1629.92,1778.11
30,75,2578.02,9927.17,2150.94,1587.91
35,75,2760.68,9560.99,2594.8,1362.97
40,75,2835.76,9071.6,2965.03,1121.46
45,75,2815.35,8467.39,3270.53,879.416
50,75,2710.05,7770.47,3519.7,649.662
55,75,2534.07,7011.61,3718.01,441.177
60,75,2307.73,6223.29,3868.98,258.985
65,75,2055.77,5433.62,3976.26,104.613
70,75,1802.98,4662.77,4045.27,-23.0008
75,75,1569.43,3922.25,4083.44,-126.37
80,75,1367.66,3216.37,4099.29,-208.398
85,75,1202.43,2544.63,4100.95,-271.62
90,75,1072.51,1904.13,4094.78,-317.871
95,75,973.222,1291.54,4084.41,-348.385
100,75,898.674,704.366,4070.37,-364.171
105,75,842.923,141.805,4050.3,-366.482
110,75,799.982,-394.783,4019.38,-357.1
115,75,763.058,-901.481,3971.09,-338.262
120,75,723.629,-1371.41,3897.73,-312.189
125,75,671.079,-1794.23,3790.88,-280.459
130,75,593.502,-2155.7,3641.58,-243.683
135,75,480.04,-2437.65,3440.58,-201.969
140,75,324.703,-2619.17,3179.01,-156.378
145,75,130.968,-2679.72,2849.8,-110.969
150,75,-84.3322,-2604.43,2450.47,-74.5085
155,75,-289.854,-2390.25,1986.54,-60.7801
160,75,-443.132,-2050.73,1474.81,-86.9079
165,75,-498.937,-1616.49,944.183,-169.903
170,75,-420.921,-1130.26,432.834,-322.348
175,75,-193.113,-637.918,-18.6945,-548.406
180,75,172.607,-179.136,-376.246,-841.192
0,80,-1684.03,10423.7,-1154.43,735.234
5,80,-340.942,10524.9,-688.28,921.232
10,80,913.076,10508.4,-124.671,1000.35
15,80,2011.2,10374.8,494.169,972.079
20,80,2909.74,10127.8,1118.91,847.564
25,80,3590.75,9772.29,1704.97,646.769
30,80,4057.69,9313.91,2222.3,394.763
35,80,4327.18,8760.22,2659.19,117.952
40,80,4421.14,8123.22,3019.17,-159.289
45,80,4362.9,7420.84,3313.82,-417.221
50,80,4177.22,6676.32,3555.52,-642.256
55,80,3891.88,5915.15,3753.17,-827.259
60,80,3538.02,5160.97,3911.74,-970.764
65,80,3147.93,4432.09,4034.13,-1075.46
70,80,2751.21,3739.78,4123.47,-1146.44
75,80,2371.1,3088.5,4184.47,-1189.49
80,80,2022.47,2477.53,4223.27,-1209.95
85,80,1712.16,1903.04,4246.29,-1211.96
90,80,1440.77,1359.9,4258.73,-1198.41
95,80,1205.18,843.047,4263.33,-1171.26
100,80,1000.55,348.287,4259.83,-1132.15
105,80,821.59,-127.11,4245.16,-1082.92
110,80,662.789,-583.88,4214.13,-1025.88
115,80,518.224,-1020.11,4160.27,-963.484
120,80,381.263,-1430.44,4076.43,-897.525
125,80,244.746,-1805.25,3955.01,-828.349
130,80,101.899,-2130.11,3787.69,-754.579
135,80,-51.8823,-2385.88,3565.42,-673.965
140,80,-216.54,-2550.43,3279.09,-585.441
145,80,-384.688,-2602.09,2921.7,-491.77
150,80,-539.749,-2525.07,2491.88,-401.644
155,80,-656.233,-2315.24,1997.96,-330.091
160,80,-703.212,-1984.1,1461.05,-296.592
165,80,-651.064,-1558.79,914.979,-321.19
170,80,-480.035,-1077.29,402.146,-419.617
175,80,-188.073,-580.58,-34.3159,-598.745
180,80,204.742,-105.14,-359.77,-853.604
0,85,-1778.24,10448.1,-1003.26,-176.045
5,85,-148.429,10579.3,-615.774,-14.9531
10,85,1412.77,10503.5,-127.657,39.2123
15,85,2812.8,10230.2,421.353,-13.6514
20,85,3981.32,9782.61,983.699,-161.24
25,85,4877.49,9193.56,1515.3,-381.49
30,85,5490.04,8499.53,1985.54,-646.523
35,85,5831.5,7736.61,2382.01,-927.093
40,85,5930.18,6937.85,2708.48,-1196.82
45,85,5823,6132.08,2977.97,-1435.43
50,85,5550.84,5343.29,3204.9,-1630.42
55,85,5155.85,4590,3399.58,-1777.02
60,85,4679.26,3884.79,3566.9,-1876.69
65,85,4159.06,3234.19,3707.97,-1935.02
70,85,3627.46,2639.3,3823.04,-1959.37
75,85,3109.07,2096.99,3913.71,-1957.12
80,85,2620.22,1601.37,3983.42,-1934.47
85,85,2169.72,1145.14,4036.65,-1895.92
90,85,1760.45,720.709,4077.3,-1844.38
95,85,1391.33,320.855,4107.29,-1781.67
100,85,1058.96,-60.7422,4125.72,-1709.26
105,85,758.876,-429.04,4129.08,-1628.94
110,85,486.235,-787.034,4111.93,-1542.94
115,85,236.217,-1134.94,4067.93,-1453.62
120,85,4.43077,-1469.16,3990.53,-1362.44
125,85,-212.498,-1781.28,3873,-1269
130,85,-416.049,-2057.33,3707.96,-1170.7
135,85,-604.659,-2278.1,3486.99,-1063.69
140,85,-772.531,-2420.92,3201.3,-945.207
145,85,-908.782,-2463.42,2844.06,-816.631
150,85,-997.566,-2388.79,2414.38,-686.035
155,85,-1019.78,-2191.11,1921.82,-568.893
160,85,-956.632,-1878.63,1389.45,-486.248
165,85,-794.731,-1473.46,853.427,-460.535
170,85,-531.381,-1007.35,358.285,-510.143
175,85,-178.649,-515.36,-51.4059,-644.256
180,85,235.319,-30.3431,-340.557,-859.519
0,90,-1858.91,10393,-844.458,-1085.99
5,90,39.5744,10547.4,-584.429,-954.046
10,90,1889.27,10403,-225.474,-912.082
15,90,3571.55,9978.46,198.336,-960.517
20,90,4989.47,9317.65,644.988,-1088.41
25,90,6079.77,8482.34,1074.8,-1275.69
30,90,6817.42,7541.59,1459.82,-1496.83
35,90,7212.36,6561.47,1788.6,-1725.24
40,90,7300.93,5597.22,2064.78,-1937.54
45,90,7135.11,4689.02,2300.76,-2116.63
50,90,6772.73,3861.37,2510.06,-2253.09
55,90,6270.22,3125.14,2701.74,-2344.77
60,90,5678.03,2480.91,2878.8,-2395.07
65,90,5038.39,1922.66,3039.9,-2410.58
70,90,4384.65,1440.69,3182.42,-2398.97
75,90,3741.52,1023.74,3305.09,-2367.36
80,90,3125.9,660.249,3408.87,-2321.34
85,90,2548.02,338.912,3496.35,-2264.64
90,90,2012.74,49.0493,3570.17,-2199.31
95,90,1520.82,-219.194,3631.5,-2126.22
100,90,1070.34,-474.565,3679.16,-2045.83
105,90,657.883,-724.293,3709.55,-1958.9
110,90,279.698,-973.473,3717.37,-1866.78
115,90,-67.3682,-1224.2,3696.63,-1771.13
120,90,-385.048,-1474.47,3641.38,-1672.99
125,90,-672.915,-1717.03,3545.7,-1571.69
130,90,-927.669,-1938.64,3403.19,-1464.29
135,90,-1142.52,-2120.37,3206.37,-1346.3
140,90,-1306.93,-2239.55,2947.1,-1213.86
145,90,-1407.25,-2273.6,2618.75,-1067.01
150,90,-1428.56,-2204.93,2220.23,-912.601
155,90,-1357.85,-2025.56,1760.63,-765.585
160,90,-1187.94,-1739.83,1262.54,-647.556
165,90,-921.07,-1363.79,761.823,-582.489
170,90,-571.16,-921.966,303.013,-590.805
175,90,-164.094,-442.816,-69.0163,-683.591
180,90,264.105,44.6844,-318.751,-858.893
0,95,-1925.43,10258.8,-679.23,-1987.66
5,95,215.156,10430,-591.49,-1887.77
10,95,2324.79,10213.2,-410.887,-1843.49
15,95,4259.38,9636.3,-162.455,-1856.34
20,95,5896.53,8763.77,121.198,-1919.32
25,95,7152.28,7686.21,408.675,-2018.57
30,95,7989.81,6504.69,677.721,-2136.31
35,95,8418.28,5314.6,919.195,-2254.39
40,95,8483.14,4192.56,1135.77,-2357.62
45,95,8251.64,3189.61,1336.54,-2435.87
50,95,7798.07,2330.7,1530.69,-2484.74
55,95,7192.28,1619.39,1722.94,-2504.82
60,95,6493.16,1044.89,1912.58,-2500.08
65,95,5746.6,588.93,2095.18,-2476.2
70,95,4986.57,230.943,2265.58,-2439.01
75,95,4237.24,-49.0085,2420.22,-2393.53
80,95,3515.14,-269.051,2558.08,-2343.34
85,95,2830.76,-445.357,2680.1,-2290.37
90,95,2189.67,-592.338,2787.82,-2234.96
95,95,1593.59,-722.794,2881.95,-2176.31
100,95,1041.65,-847.876,2961.4,-2113.14
105,95,531.737,-976.814,3023.13,-2044.4
110,95,61.8744,-1116.4,3062.6,-1969.83
115,95,-368.648,-1270.15,3074.61,-1889.86
120,95,-758.472,-1437.19,3053.94,-1804.98
125,95,-1103.62,-1611.05,2995.47,-1714.57
130,95,-1397.02,-1778.95,2893.7,-1616.03
135,95,-1628.16,-1922.27,2742.09,-1504.97
140,95,-1783.27,-2018.65,2533.2,-1376.96
145,95,-1846.78,-2045.72,2260.45,-1230.66
150,95,-1804.65,-1985.56,1921.76,-1071.16
155,95,-1648.99,-1828.49,1524.17,-912.03
160,95,-1382.67,-1574.79,1087.53,-774.365
165,95,-1021.93,-1234.11,644.984,-682.759
170,95,-596.012,-823.245,239.125,-658.962
175,95,-143.862,-363.746,-85.9862,-715.521
180,95,290.881,119.372,-294.52,-851.73
0,100,-1977.31,10046.5,-508.833,-2874.21
5,100,371.159,10228.7,-632.755,-2808.21
10,100,2703.44,9941.37,-673.334,-2746.96
15,100,4851.6,9221.4,-643.162,-2693.9
20,100,6670.12,8153.05,-561.712,-2648.58
25,100,8057.18,6853.94,-448.563,-2607.46
30,100,8966.92,5454.67,-317.69,-2565.62
35,100,9409.52,4076.99,-175.059,-2518.81
40,100,9439.91,2816.4,-20.1187,-2464.81
45,100,9139.53,1733.26,150.173,-2403.91
50,100,8597.33,852.954,337.182,-2338.37
55,100,7895.08,172.982,538.286,-2271.49
60,100,7099.4,-327.129,747.075,-2206.64
65,100,6260.03,-676.461,955.338,-2146.66
70,100,5411.91,-905.945,1155.48,-2093.58
75,100,4578.62,-1044.56,1342.2,-2048.51
80,100,3775.46,-1117.83,1513,-2011.58
85,100,3011.58,-1147.65,1667.6,-1981.77
90,100,2291.52,-1152.61,1806.79,-1956.93
95,100,1616.57,-1148.46,1931.22,-1934
100,100,986.213,-1148.38,2040.55,-1909.49
105,100,399.696,-1163.09,2133.02,-1880.24
110,100,-142.611,-1200.52,2205.66,-1844.11
115,100,-638.364,-1265.05,2254.7,-1800.21
120,100,-1082.92,-1356.38,2276.1,-1748.43
125,100,-1469.25,-1468.26,2265.65,-1688.32
130,100,-1787.78,-1587.95,2218.65,-1617.87
135,100,-2025.9,-1696.87,2129.33,-1533.03
140,100,-2168.14,-1773.03,1990.68,-1428.9
145,100,-2197.84,-1794.73,1795.72,-1302.65
150,100,-2101.51,-1744.35,1540.56,-1157.23
155,100,-1874.89,-1611.08,1228.82,-1004.1
160,100,-1528.62,-1391.61,875.788,-863.052
165,100,-1090.56,-1089.44,509.969,-758.422
170,100,-603.3,-713.726,170.307,-712.552
175,100,-117.668,-279.15,-100.989,-738.971
180,100,315.443,193.151,-268.047,-838.085
0,105,-2014.13,9757.77,-334.563,-3738.88
5,105,501.438,9945.95,-702.756,-3707.85
10,105,3011.84,9595.17,-999.411,-3616.41
15,105,5327.91,8751.19,-1221.42,-3470.89
20,105,7284.44,7516.04,-1371.82,-3279.82
25,105,8765.51,6031.23,-1455.46,-3053.7
30,105,9719.38,4452.55,-1476.17,-2805.02
35,105,10158.9,2923.42,-1436.35,-2547.9
40,105,10148.1,1554.12,-1338.8,-2296.95
45,105,9780.4,411.915,-1189,-2065.48
50,105,9156.65,-477.621,-996.299,-1863.66
55,105,8368.37,-1121.49,-773.355,-1697.47
60,105,7489.11,-1547.43,-534.169,-1568.67
65,105,6572.84,-1793.11,-291.785,-1475.75
70,105,5656.32,-1898.54,-56.5574,-1415.22
75,105,4762.91,-1901.39,164.608,-1382.65
80,105,3906.15,-1834.87,368.11,-1373.22
85,105,3092.57,-1726.93,552.925,-1381.84
90,105,2324.07,-1600.44,719.637,-1403.05
95,105,1600.06,-1473.85,869.474,-1431.13
100,105,919.509,-1361.86,1003.5,-1460.35
105,105,282.678,-1276.06,1122.07,-1485.69
110,105,-307.746,-1224.92,1224.6,-1503.52
115,105,-846.4,-1213.13,1309.6,-1511.94
120,105,-1325.68,-1240.4,1374.82,-1510.43
125,105,-1736.3,-1300.25,1417.35,-1498.65
130,105,-2067.31,-1379.53,1433.32,-1474.89
135,105,-2305.44,-1459.49,1417.43,-1435.08
140,105,-2434.61,-1518.57,1362.62,-1373.55
145,105,-2437.61,-1536.03,1260.87,-1285.71
150,105,-2300.87,-1495.16,1105.67,-1172.12
155,105,-2022.05,-1384.74,896.225,-1041.78
160,105,-1616.96,-1198.71,642.04,-912.625
165,105,-1122.21,-935.142,365.604,-808.014
170,105,-591.343,-596.223,100.932,-750.162
175,105,-85.5353,-190.199,-112.595,-753.058
180,105,337.605,265.46,-239.535,-818.062
0,110,-2035.62,9394.77,-157.747,-4575.1
5,110,601.082,9584.57,-794.987,-4579.65
10,110,3239.55,9182.19,-1373.45,-4447.67
15,110,5673.08,8241.37,-1871.47,-4189.39
20,110,7721.11,6879.3,-2272.99,-3824.55
25,110,9257.89,5256.85,-2566.15,-3380.81
30,110,10229.1,3549.3,-2743.54,-2891.49
35,110,10651.7,1915.73,-2804.12,-2392.29
40,110,10597.5,476.104,-2755.16,-1917.14
45,110,10169.3,-698.51,-2612.47,-1493.9
50,110,9476.33,-1583.04,-2398.19,-1141.25
55,110,8617.18,-2187.62,-2137.03,-867.665
60,110,7671.1,-2544.69,-1852.25,-672.63
65,110,6696.31,-2697.86,-1563.03,-549.266
70,110,5732.09,-2693.99,-1283.27,-487.305
75,110,4802.21,-2578.04,-1021.81,-475.449
80,110,3918.54,-2390.03,-783.249,-502.728
85,110,3084.51,-2163.51,-568.929,-558.996
90,110,2298.5,-1925.24,-377.895,-634.942
95,110,1557.06,-1695.94,-207.718,-722.036
100,110,857.652,-1491.39,-55.2657,-812.688
105,110,200.658,-1323.56,82.6058,-900.679
110,110,-409.827,-1200.95,208.476,-981.666
115,110,-966.355,-1128.1,323.954,-1053.38
120,110,-1459.32,-1104.38,429.421,-1115.14
125,110,-1878.14,-1122.75,523.807,-1166.44
130,110,-2211.39,-1169.53,604.264,-1205.24
135,110,-2445.88,-1225.78,665.706,-1226.7
140,110,-2565.5,-1270.44,700.481,-1223.7
145,110,-2552.45,-1283.94,698.855,-1189.6
150,110,-2392.39,-1250.82,651.101,-1122.49
155,110,-2083.1,-1160.18,551.473,-1028.87
160,110,-1643,-1004.14,403.136,-924.574
165,110,-1114.55,-776.526,221.833,-831.489
170,110,-559.585,-473.656,35.7846,-771.034
175,110,-47.8219,-98.1814,-119.344,-757.108
180,110,357.197,335.748,-209.199,-791.813
0,115,-2041.63,8960.27,20.2697,-5376.5
5,115,666.579,9147.95,-902.158,-5417.02
10,115,3379.48,8709.32,-1778.18,-5238.14
15,115,5877.42,7704.86,-2565.34,-4855.02
20,115,7969.5,6263.34,-3226.77,-4300.42
25,115,9524.68,4559.54,-3732.84,-3621.38
30,115,10489.2,2781.56,-4064.74,-2874.19
35,115,10884.6,1097.46,-4218.47,-2117.79
40,115,10789.4,-368.62,-4206.68,-1406.3
45,115,10312.4,-1545.23,-4056.57,-782.398
50,115,9567.69,-2408.93,-3804.19,-273.081
55,115,8658.01,-2972.15,-3487.44,111.025
60,115,7666.42,-3269.85,-3140.12,373.189
65,115,6654.71,-3348.76,-2788.73,526.192
70,115,5664.81,-3259.75,-2451.75,587.682
75,115,4721.47,-3052.45,-2140.59,576.474
80,115,3835.51,-2771.64,-1861.01,510.282
85,115,3007.68,-2454.92,-1614.51,404.71
90,115,2232.95,-2132.02,-1399.38,273.046
95,115,1504.6,-1825.34,-1211.58,126.35
100,115,817.727,-1551.43,-1045.48,-26.4931
105,115,171.452,-1322.35,-894.737,-178.859
110,115,-430.339,-1146.4,-753.038,-326.492
115,115,-979.763,-1027.76,-614.966,-467.305
120,115,-1466.63,-965.341,-476.756,-600.528
125,115,-1880,-951.623,-336.98,-725.128
130,115,-2208.53,-972.574,-197.146,-837.919
135,115,-2439.25,-1009.29,-62.2021,-932.384
140,115,-2555.91,-1041.32,59.2136,-999.303
145,115,-2539.75,-1050.27,155.24,-1029.7
150,115,-2374.79,-1022.08,212.697,-1019.27
155,115,-2057.49,-946.558,220.882,-972.284
160,115,-1606.66,-815.04,176.681,-902.51
165,115,-1067.89,-618.496,88.9809,-830.07
170,115,-508.686,-348.895,-20.2541,-775.035
175,115,-5.235,-4.46696,-119.829,-750.666
180,115,374.071,403.482,-177.271,-759.537
0,120,-2032.09,8457.59,198.132,-6136.98
5,120,695.937,8639.86,-1016.49,-6213.84
10,120,3428.05,8182.49,-2195.43,-5986.42
15,120,5936.96,7150.98,-3274.1,-5475.79
20,120,8026.76,5681.38,-4194.09,-4728.91
25,120,9565.55,3956.15,-4908.04,-3813.31
30,120,10502.5,2169.14,-5386.34,-2808.92
35,120,10864.4,490.638,-5622.78,-1797.84
40,120,10734.2,-956.298,-5636,-853.765
45,120,10223.9,-2103.16,-5464.9,-33.1524
50,120,9449.14,-2929.47,-5159.63,629.645
55,120,8513.63,-3449.57,-4771.54,1122.54
60,120,7502.07,-3699.36,-4345.59,1451.87
65,120,6478.43,-3726.21,-3916.46,1636.33
70,120,5486.76,-3581.88,-3508.09,1700.79
75,120,4552.96,-3317.49,-3135.17,1671.33
80,120,3687.54,-2979.57,-2805.02,1572.08
85,120,2889.55,-2607.43,-2519.46,1423.69
90,120,2151.24,-2232.13,-2276.02,1242.89
95,120,1462.8,-1876.95,-2069.04,1042.68
100,120,816.281,-1558.82,-1890.41,832.614
105,120,208.227,-1289.85,-1730.5,619.144
110,120,-359.475,-1078.17,-1579.08,405.996
115,120,-880.319,-927.699,-1426.52,194.901
120,120,-1344.97,-837.169,-1265.13,-13.1407
125,120,-1742.99,-799.013,-1090.4,-216.037
130,120,-2063.28,-799.338,-902.095,-408.732
135,120,-2292.79,-819.638,-704.828,-582.272
140,120,-2414.63,-840.144,-508.212,-724.817
145,120,-2408.49,-843.506,-326.208,-824.941
150,120,-2256.11,-816.851,-175.204,-876.24
155,120,-1951.57,-750.948,-70.3463,-881.139
160,120,-1512.42,-637.202,-20.426,-851.635
165,120,-985.192,-465.292,-23.0297,-806.006
170,120,-440.522,-224.627,-62.5339,-762.582
175,120,41.1803,89.5408,-112.781,-733.499
180,120,388.097,468.144,-143.994,-721.481
0,125,-2007.09,7890.53,374.487,-6850.75
5,125,688.731,8064.35,-1130.02,-6964.38
10,125,3385.26,7606.41,-2606.87,-6691.85
15,125,5853.31,6585,-3969.04,-6060.82
20,125,7897.4,5138.66,-5136.97,-5132.85
25,125,9388.75,3450.94,-6046.62,-3995.76
30,125,10281.4,1714.31,-6658.72,-2752.13
35,125,10606.5,95.0735,-6965.76,-1505.64
40,125,10450,-1289.38,-6992.55,-347.44
45,125,9923.95,-2376.17,-6789.32,654.247
50,125,9142.58,-3148.86,-6419.65,1459.32
55,125,8208.1,-3623.58,-5947.91,2055.12
60,125,7204.51,-3836.11,-5430.08,2451.17
65,125,6196.23,-3832.49,-4909.34,2671.63
70,125,5228.28,-3662.78,-4415.67,2747.64
75,125,4327.4,-3376.47,-3967.6,2711.36
80,125,3504.2,-3018.74,-3574.62,2592.08
85,125,2756.84,-2627.92,-3239.3,2414.31
90,125,2075.69,-2234.41,-2958.9,2197.21
95,125,1448.23,-1861.07,-2726.51,1954.95
100,125,863.303,-1524.62,-2532,1697.22
105,125,314.004,-1237.03,-2362.78,1430.06
110,125,-201.036,-1006.4,-2204.94,1156.65
115,125,-678.035,-836.829,-2044.66,878.57
120,125,-1109.6,-727.414,-1870.13,597.406
125,125,-1486.36,-671.247,-1673.4,316.814
130,125,-1797.47,-655.25,-1451.96,44.2848
135,125,-2029.34,-661.744,-1209.62,-208.294
140,125,-2163.85,-671.7,-956.454,-426.196
145,125,-2178.68,-668.473,-707.976,-595.611
150,125,-2052.94,-640.009,-483.052,-708.405
155,125,-1777.9,-578.04,-300.353,-765.692
160,125,-1368.96,-474.82,-173.373,-778.123
165,125,-871.863,-320.295,-105.421,-762.271
170,125,-358.1,-103.245,-86.9527,-734.544
175,125,90.0711,182.442,-97.1472,-705.588
180,125,399.17,529.244,-109.621,-677.934
0,130,-1966.81,7263.42,547.991,-7512.39
5,130,646.11,7425.77,-1234.88,-7663.28
10,130,3254.58,6984.51,-2994.68,-7353.98
15,130,5633.38,6008.18,-4622.73,-6619.01
20,130,7592.63,4632.72,-6019.89,-5533.92
25,130,9010,3036.15,-7107.28,-4205.15
30,130,9845.35,1402.96,-7837.58,-2755.44
35,130,10133.4,-109.933,-8202.68,-1306.86
40,130,9960.49,-1394.33,-8233.33,35.0779
45,130,9436.25,-2394.7,-7990,1193.1
50,130,8671.22,-3099.14,-7548.36,2123.19
55,130,7763.88,-3525.31,-6984.67,2812.9
60,130,6795.64,-3708.06,-6365.27,3274.76
65,130,5829.6,-3690.85,-5741.66,3537.31
70,130,4910.47,-3520.25,-5150.1,3636.45
75,130,4065.04,-3241.92,-4613.52,3608.61
80,130,3303.87,-2897.31,-4144.22,3486.47
85,130,2624.55,-2521.43,-3746.26,3296.84
90,130,2016.1,-2142,-3417.33,3060.21
95,130,1463.82,-1779.95,-3150.08,2791.16
100,130,953.582,-1450.69,-2932.96,2499.22
105,130,474.975,-1165.57,-2751.12,2189.98
110,130,23.0158,-932.6,-2587.53,1866.24
115,130,-401.771,-756.358,-2424.62,1529.66
120,130,-794.444,-636.99,-2246.59,1182.75
125,130,-1147,-569.034,-2041.9,831.056
130,130,-1448.78,-540.967,-1805.32,484.846
135,130,-1685.36,-536.393,-1539.07,159.195
140,130,-1836.98,-537.05,-1252.83,-128.186
145,130,-1879.21,-526.642,-962.658,-361.246
150,130,-1788.67,-493.478,-688.862,-530.51
155,130,-1554.04,-430.155,-452.498,-636.314
160,130,-1188.31,-330.416,-270.599,-688.485
165,130,-735.326,-185.94,-151.2,-702.234
170,130,-265.386,13.2176,-90.2372,-692.115
175,130,139.827,272.875,-72.1655,-667.107
180,130,407.206,586.316,-74.4141,-629.228
0,135,-1911.57,6581.03,717.325,-8116.85
5,135,570.73,6728.67,-1323.63,-8305.46
10,135,3042.73,6319.05,-3342.19,-7972.1
15,135,5288.88,5418.14,-5210.02,-7157.84
20,135,7129.49,4154.24,-6810.96,-5950.43
25,135,8451.29,2693.74,-8053.83,-4471.88
30,135,9220.18,1207.32,-8885.02,-2861
35,135,9472.89,-161.756,-9296.3,-1254
40,135,9293.71,-1316.8,-9323.46,233.182
45,135,8787.57,-2210.33,-9035.49,1517.07
50,135,8059.21,-2834.71,-8518.22,2551.29
55,135,7201.76,-3208.52,-7858.14,3323.93
60,135,6292.5,-3364.98,-7130.94,3849.71
65,135,5391.82,-3344.22,-6396.08,4160.03
70,135,4542.85,-3188.48,-5696.22,4293.6
75,135,3771.54,-2938.57,-5059.21,4289.2
80,135,3087.9,-2630.97,-4500.91,4181.23
85,135,2488.82,-2296.02,-4027.73,3997.6
90,135,1962.32,-1957.25,-3638.63,3759.3
95,135,1492.04,-1632.15,-3326.53,3480.92
100,135,1061.56,-1333.57,-3079.22,3171.69
105,135,657.613,-1071.2,-2880.3,2836.61
110,135,272.06,-852.454,-2710.31,2478.06
115,135,-97.6204,-682.365,-2548.57,2097.69
120,135,-448.94,-562.501,-2375.79,1698.84
125,135,-775.323,-489.497,-2176.88,1288.97
130,135,-1066.31,-454.064,-1943.47,881.179
135,135,-1306.57,-441.546,-1675.43,493.835
140,135,-1474.76,-434.536,-1380.99,147.697
145,135,-1544.62,-416.819,-1075.68,-139.027
150,135,-1490.98,-376.682,-780.133,-355.784
155,135,-1300.75,-307.465,-516.653,-502.584
160,135,-984.817,-204.918,-304.621,-588.977
165,135,-584.47,-63.7067,-155.635,-629.333
170,135,-167.076,123.118,-70.167,-636.69
175,135,188.647,359.541,-37.4242,-618.409
180,135,412.142,638.926,-38.6406,-575.733
0,140,-1841.78,5848.56,881.199,-8659.54
5,140,466.643,5977.9,-1389.52,-8886.12
10,140,2759.37,5611.31,-3634.5,-8544.83
15,140,4835.64,4809.49,-5708.83,-7682.27
20,140,6529.83,3688.5,-7482.78,-6395.53
25,140,7739.5,2397.8,-8855.91,-4817.71
30,140,8436.22,1089.67,-9770.16,-3098.41
35,140,8656.84,-109.321,-10217.2,-1382.78
40,140,8481.22,-1115.2,-10236.5,207.009
45,140,8007.33,-1888.38,-9903.03,1583.91
50,140,7332.4,-2424.64,-9310.45,2700.15
55,140,6542.8,-2742.57,-8553.54,3543.79
60,140,5710.46,-2873.07,-7716.17,4130.21
65,140,4891.89,-2852.56,-6865.39,4491.71
70,140,4127.64,-2718.74,-6050.45,4667.82
75,140,3442.01,-2507.45,-5304.69,4698.12
80,140,2844.02,-2250.08,-4648.25,4617.71
85,140,2329.92,-1971.91,-4090.63,4455.1
90,140,1887.05,-1691.66,-3632.72,4231.67
95,140,1498.16,-1422.4,-3268.24,3962.05
100,140,1145.52,-1173.24,-2984.84,3655
105,140,814.052,-951.09,-2765.14,3314.69
110,140,493.355,-761.837,-2587.91,2942.46
115,140,178.477,-610.412,-2430.13,2539.28
120,140,-130.243,-499.727,-2269.53,2108.71
125,140,-427.602,-428.791,-2087.79,1659.61
130,140,-703.432,-390.995,-1873.25,1207.71
135,140,-941.732,-373.823,-1622.84,774.665
140,140,-1119.99,-360.889,-1342.52,384.368
145,140,-1210.95,-335.972,-1046.43,57.268
150,140,-1188.83,-287.125,-754.646,-195.067
155,140,-1039.96,-208.375,-489.786,-372.596
160,140,-773.869,-97.8638,-272.464,-485.111
165,140,-428.992,45.7966,-116.543,-546.79
170,140,-68.3083,225.204,-25.7247,-569.743
175,140,234.621,441.228,7.09702,-559.999
180,140,413.941,686.673,-2.57306,-517.856
0,145,-1757.97,5071.58,1038.37,-9136.32
5,145,339.133,5178.57,-1426.71,-9400.7
10,145,2416.67,4862.01,-3858.92,-9069.78
15,145,4292.92,4174.85,-6100.76,-8194.02
20,145,5819.28,3217.19,-8013.05,-6875.96
25,145,6905.15,2117.55,-9489.5,-5254.25
30,145,7526.99,1006.6,-10469.3,-3483.07
35,145,7719.82,-7.54332,-10943.9,-1710.79
40,145,7556.89,-853.902,-10954.3,-61.6778
45,145,7127.25,-1500.09,-10578.9,1375.81
50,145,6519.02,-1944.27,-9916.18,2552.62
55,145,5810.53,-2204.16,-9067.18,3455.37
60,145,5067.2,-2307.77,-8122.83,4097.93
65,145,4340.56,-2287.55,-7157.4,4511.21
70,145,3667.69,-2176.7,-6226.99,4733.89
75,145,3070.78,-2006.35,-5370.85,4805.3
80,145,2557.8,-1803.13,-4613.87,4761.03
85,145,2124.77,-1587.57,-3968.98,4630.46
90,145,1759.16,-1373.69,-3439.17,4435.82
95,145,1443.95,-1169.97,-3019.19,4192.11
100,145,1161.31,-981.268,-2696.79,3907.58
105,145,895.507,-810.907,-2453.96,3585
110,145,634.89,-662.335,-2268.37,3223.78
115,145,372.796,-539.614,-2115.3,2823.1
120,145,107.821,-446.463,-1970.28,2385.59
125,145,-156.1,-384.05,-1812.19,1920.68
130,145,-409.276,-348.488,-1626.29,1446.18
135,145,-635.499,-329.57,-1406.44,986.836
140,145,-811.937,-312.105,-1156.07,569.739
145,145,-911.525,-279.96,-887.557,217.787
150,145,-909.384,-220.992,-620.02,-56.2879
155,145,-792.724,-129.973,-375.765,-252.489
160,145,-570.654,-7.69657,-175.646,-381.281
165,145,-278.708,142.693,-34.3708,-457.373
170,145,25.6348,318.572,42.8337,-492.723
175,145,275.815,516.818,61.0047,-492.513
180,145,412.59,729.194,33.5141,-456.038
0,150,-1660.78,4256,1187.63,-9543.57
5,150,194.514,4336.12,-1430.52,-9844.86
10,150,2028.81,4071.66,-4005.41,-9543.38
15,150,3682.6,3505.88,-6371.56,-8691.11
20,150,5026.17,2720.39,-8384.94,-7391.45
25,150,5981.09,1820.35,-9936.94,-5782.34
30,150,6527.75,913.141,-10965.8,-4015.91
35,150,6697.67,87.8952,-11462.3,-2237.95
40,150,6555.66,-597.018,-11466.9,-570.857
45,150,6180.27,-1115.57,-11058.3,897.072
50,150,5649.19,-1467.52,-10337,2114.94
55,150,5031.44,-1669.13,-9407.95,3065.95
60,150,4384.66,-1745.25,-8368.04,3759.93
65,150,3754.3,-1724.24,-7298.36,4224.17
70,150,3173.13,-1634.76,-6261.81,4494.94
75,150,2660.88,-1503.25,-5303.6,4610.85
80,150,2224.81,-1351.83,-4453.21,4608.12
85,150,1861.51,-1196.68,-3726.68,4517.63
90,150,1559.89,-1047.67,-3128.8,4363.11
95,150,1304.54,-909.256,-2655.12,4160.27
100,150,1078.93,-782.344,-2293.51,3916.86
105,150,867.956,-666.728,-2025.75,3633.8
110,150,659.713,-563.118,-1828.98,3307.77
115,150,446.595,-474.128,-1677.63,2935.07
120,150,225.925,-403.576,-1545.79,2516.32
125,150,0.505222,-354.115,-1410.33,2060.46
130,150,-220.694,-324.082,-1253.99,1586.56
135,150,-421.943,-305.343,-1068.09,1121.96
140,150,-581.208,-283.942,-853.954,696.862
145,150,-673.109,-244.072,-622.521,336.748
150,150,-675.309,-173.672,-392.114,55.7359
155,150,-577.392,-68.4862,-184.464,-146.195
160,150,-388.996,67.9021,-19.7825,-280.531
165,150,-142.899,227.648,87.9362,-363.231
170,150,109.639,402.612,133.992,-406.963
175,150,310.369,585.299,123.491,-416.695
180,150,408.099,766.166,69.3462,-390.749
0,155,-1550.95,3408.02,1327.86,-9878.19
5,155,39.8936,3456.41,-1397.59,-10214.5
10,155,1611.44,3241.08,-4066.83,-9960.78
15,155,3028.31,2794.5,-6511.45,-9167.76
20,155,4180.5,2178.65,-8587.26,-7934.65
25,155,5001.44,1474.63,-10186.9,-6392.34
30,155,5474.45,766.503,-11249.5,-4684.28
35,155,5626.25,124.935,-11764.9,-2948.16
40,155,5512.05,-403.49,-11771,-1300.96
45,155,5198.88,-798.389,-11344.1,170.416
50,155,4752.97,-1060.76,-10583.4,1412.45
55,155,4232.92,-1205.41,-9595.71,2402.86
60,155,3687.38,-1254.16,-8482.33,3144.94
65,155,3154.53,-1231.28,-7330.38,3660.28
70,155,2661.99,-1160.71,-6208.96,3981.47
75,155,2226.73,-1063.94,-5168.58,4145.78
80,155,1855.6,-958.354,-4242.44,4190.11
85,155,1546.73,-855.964,-3448.74,4147.05
90,155,1291.77,-763.059,-2793.29,4042.13
95,155,1078.43,-680.962,-2271.93,3892
100,155,893,-607.779,-1872.71,3703.98
105,155,722.335,-540.721,-1577.58,3477.13
110,155,555.466,-478.328,-1363.93,3205.19
115,155,384.762,-421.754,-1206.16,2881.25
120,155,206.895,-374.337,-1077.94,2503.26
125,155,23.7566,-339.25,-955.085,2078.86
130,155,-156.688,-316.046,-818.92,1627.43
135,155,-320.003,-297.97,-659.363,1178.16
140,155,-446.238,-272.131,-476.786,763.82
145,155,-513.263,-223.357,-281.783,412.344
150,155,-502.844,-140.192,-92.5561,139.29
155,155,-408.238,-19.7201,69.6807,-55.3771
160,155,-240.438,131.657,186.146,-184.452
165,155,-29.7447,301.654,245.222,-265.798
170,155,179.04,476.924,245.062,-313.636
175,155,336.581,645.762,193.354,-333.379
180,155,400.502,797.306,104.65,-322.486
0,160,-1429.32,2534.11,1457.98,-10137.6
5,160,-117.091,2545.72,-1325.96,-10505.9
10,160,1181.13,2371.82,-4039.13,-10316
15,160,2354.7,2033.94,-6515.23,-9614.56
20,160,3313.02,1574.81,-8614.44,-8491.65
25,160,4000.61,1052.49,-10234.2,-7065.03
30,160,4402.7,529.175,-11316.2,-5463.51
35,160,4540.48,58.5163,-11849.6,-3811.74
40,160,4459.01,-323.593,-11868.4,-2218.12
45,160,4213.39,-601.914,-11443.7,-766.983
50,160,3857.88,-778.794,-10670.8,484.954
55,160,3439.93,-868.082,-9655.85,1508.3
60,160,2998.23,-889.104,-8502.32,2297.86
65,160,2562.7,-862.347,-7301.79,2867.68
70,160,2154.99,-806.895,-6128.23,3245.25
75,160,1788.92,-738.918,-5036.06,3465.52
80,160,1471.02,-670.666,-4060.8,3565.27
85,160,1201.51,-609.851,-3221.56,3578.29
90,160,975.716,-559.585,-2524.17,3531.48
95,160,785.733,-519.054,-1964.34,3442.32
100,160,622.01,-484.95,-1530.3,3317.96
105,160,474.804,-453.421,-1204.62,3156.19
110,160,335.432,-422.046,-965.592,2948.59
115,160,197.422,-391.05,-788.546,2685.68
120,160,57.6447,-362.976,-647.717,2363.04
125,160,-82.5616,-340.503,-519.118,1986.69
130,160,-216.475,-323.123,-384.139,1575.58
135,160,-331.781,-304.476,-233.054,1159.67
140,160,-411.857,-272.435,-67.1498,773.388
145,160,-439.189,-212.852,101.667,446.472
150,160,-400.859,-115.562,254.183,195.585
155,160,-294.693,20.5445,369.411,20.492
160,160,-133.625,186.357,430.713,-93.2017
165,160,54.1182,365.812,430.547,-165.785
170,160,229.876,541.239,372.339,-213.724
175,160,352.995,697.406,269.039,-243.474
180,160,389.857,822.379,139.158,-251.769
0,165,-1296.8,1640.92,1577.01,-10319.9
5,165,-268.546,1610.81,-1215.18,-10715.5
10,165,754.788,1466.65,-3921.46,-10602
15,165,1686.55,1219.79,-6382.32,-10019
20,165,2454.36,895.639,-8466.48,-9042.9
25,165,3012.47,531.823,-10079.2,-7773.17
30,165,3347.17,171.327,-11166.9,-6319.05
35,165,3473.73,-146.995,-11718.6,-4788.07
40,165,3427.17,-396.65,-11763.5,-3277.33
45,165,3250.84,-567.192,-11365.7,-1867.28
50,165,2987.13,-662.706,-10614.3,-617.706
55,165,2672.18,-696.894,-9611.44,434.087
60,165,2334.27,-687.444,-8460.13,1273.12
65,165,1994.55,-651.695,-7253.76,1904.4
70,165,1668.15,-604.196,-6068.95,2348.64
75,165,1365.27,-555.764,-4962.15,2636.77
80,165,1091.86,-513.376,-3969.75,2803.82
85,165,850.227,-480.405,-3110.64,2883.24
90,165,639.679,-457.072,-2390.01,2902.27
95,165,457.283,-441.178,-1803.15,2878.86
100,165,298.613,-429.18,-1338.46,2820.37
105,165,158.526,-417.555,-979.418,2724.47
110,165,31.9801,-404.148,-705.684,2582.2
115,165,-85.0419,-388.926,-494.103,2383.15
120,165,-194.468,-373.505,-320.424,2121.71
125,165,-295.018,-359.219,-162.22,1802.69
130,165,-381.321,-344.342,-2.79935,1444.17
135,165,-443.822,-322.022,164.973,1075.84
140,165,-470.123,-280.703,336.547,732.438
145,165,-448.183,-207.756,496.646,444.337
150,165,-370.974,-95.0774,623.667,228.475
155,165,-241.2,56.193,696.425,83.9215
160,165,-74.0185,234.531,701.053,-5.6287
165,165,103.887,421.122,635.682,-63.2287
170,165,259.081,595.329,511.309,-108.03
175,165,358.467,739.527,348.699,-147.952
180,165,376.246,841.192,172.607,-179.136
0,170,-1154.43,735.234,1684.03,-10423.7
5,170,-406.6,658.965,-1066.32,-10840.4
10,170,349.071,529.849,-3716.1,-10811.4
15,170,1048.1,350.82,-6116.69,-10366.4
20,170,1634.2,133.162,-8148.72,-9564.54
25,170,2069.74,-102.069,-9728.02,-8483.34
30,170,2341.14,-327.419,-10807.5,-7208.79
35,170,2457.75,-516.135,-11377,-5828.32
40,170,2445.03,-649.649,-11461.4,-4425.45
45,170,2335.32,-721.959,-11116.6,-3075.18
50,170,2159.82,-739.324,-10423,-1839.55
55,170,1943.85,-716.166,-9475.69,-763.511
60,170,1705.68,-669.593,-8373.58,127.685
65,170,1457.77,-614.861,-7208.41,828.8
70,170,1208.66,-562.934,-6056.54,1352.02
75,170,964.642,-520.039,-4974.43,1722
80,170,730.633,-488.426,-3998.09,1969.68
85,170,510.531,-467.522,-3145.66,2126.14
90,170,307.251,-455.015,-2421.52,2217.53
95,170,122.703,-447.749,-1820.54,2261.73
100,170,-42.188,-442.515,-1331.33,2266.82
105,170,-187.343,-436.776,-938.187,2231.73
110,170,-313.242,-429.223,-622.083,2148.96
115,170,-420.417,-419.852,-361.596,2009.34
120,170,-508.71,-409.201,-134.675,1807.84
125,170,-576.367,-396.722,78.1914,1549.06
130,170,-619.266,-378.833,289.759,1250.19
135,170,-630.809,-347.836,502.098,939.675
140,170,-603.066,-292.919,704.861,651.136
145,170,-529.474,-203.619,877.257,413.954
150,170,-408.6,-74.6098,993.895,244.071
155,170,-247.639,90.452,1032.94,139.099
160,170,-63.9184,278.168,983.812,80.5079
165,170,116.737,468.298,851.639,42.3861
170,170,264.623,638.939,656.887,2.78745
175,170,352.23,771.522,430.265,-47.8463
180,170,359.77,853.604,204.742,-105.14
0,175,-1003.26,-176.045,1778.24,-10448.1
5,175,-523.681,-302.042,-881.901,-10878.3
10,175,-20.1367,-432.528,-3428.34,-10936.3
15,175,462.23,-570.426,-5726.58,-10640.4
20,175,880.544,-714.437,-7671.66,-10029.9
25,175,1203.3,-855.297,-9191.86,-9158.06
30,175,1416.22,-976.808,-10248.3,-8085.58
35,175,1522.81,-1061.27,-10833.1,-6878.07
40,175,1539.74,-1096.44,-10967.3,-5603.81
45,175,1489.43,-1080.31,-10698.7,-4330.73
50,175,1393.08,-1021.62,-10097,-3121.53
55,175,1266.39,-936.308,-9247.27,-2027.75
60,175,1118.73,-842.032,-8240.37,-1084.53
65,175,954.751,-753.406,-7162.42,-307.997
70,175,776.954,-679.438,-6086.3,303.91
75,175,587.78,-623.378,-5066.42,767.361
80,175,390.761,-584.127,-4137.55,1106.78
85,175,190.691,-558.154,-3317,1348.77
90,175,-6.76355,-541.148,-2608.73,1516.97
95,175,-195.661,-529.134,-2007.46,1628.63
100,175,-370.318,-519.074,-1501.96,1692.99
105,175,-525.703,-509.079,-1077.02,1711.47
110,175,-657.663,-498.284,-714.477,1679.89
115,175,-762.924,-486.321,-394.478,1592.34
120,175,-838.817,-472.352,-97.5847,1446.25
125,175,-882.716,-453.817,191.605,1247.19
130,175,-891.389,-425.406,479.996,1011.71
135,175,-860.761,-379.004,762.269,766.347
140,175,-786.679,-305.232,1019.98,542.076
145,175,-667.006,-196.542,1224.96,365.57
150,175,-504.631,-50.894,1346.87,250.282
155,175,-310.155,125.599,1362.86,191.495
160,175,-102.74,318.484,1265.96,168.243
165,175,91.8272,507.627,1069.17,151.955
170,175,245.579,671.728,803.672,118.154
175,175,333.925,792.887,511.533,55.7589
180,175,340.557,859.519,235.319,-30.3431
0,180,-844.458,-1085.99,1858.91,-10393
5,180,-612.777,-1263.95,-665.859,-10827.4
10,180,-338.243,-1412.51,-3066.32,-10969.5
15,180,-50.1361,-1537.31,-5224.26,-10824.5
20,180,218.977,-1642.3,-7050.61,-10411.4
25,180,441.639,-1724.79,-8487.2,-9758.11
30,180,601.993,-1775.31,-9504.52,-8899.89
35,180,697.877,-1782.03,-10098.3,-7880.06
40,180,738.049,-1737.34,-10287.2,-6750.8
45,180,736.315,-1642.69,-10110.8,-5571.46
50,180,705.408,-1509.49,-9627.75,-4403.58
55,180,653.131,-1355.85,-8910.51,-3303.46
60,180,581.673,-1201.11,-8038.21,-2315.02
65,180,489.47,-1060.9,-7087.61,-1465.05
70,180,374.092,-944.317,-6124.97,-762.474
75,180,234.715,-853.809,-5200.62,-201.174
80,180,73.4118,-786.896,-4347.26,234.928
85,180,-104.757,-738.509,-3581.56,566.268
90,180,-292.428,-703.031,-2907.49,812.821
95,180,-480.906,-675.586,-2320.01,990.715
100,180,-661.074,-652.574,-1808.08,1110.46
105,180,-824.161,-631.608,-1356.6,1176.79
110,180,-962.344,-611.045,-947.852,1190.02
115,180,-1069.19,-589.219,-563.248,1148.99
120,180,-1139.79,-563.547,-186.23,1054.91
125,180,-1170.49,-529.779,193.582,915.306
130,180,-1158.36,-481.762,575.781,746.36
135,180,-1100.67,-412.124,945.949,572.07
140,180,-995.354,-313.992,1275.95,419.509
145,180,-842.587,-183.425,1529.03,311.039
150,180,-647.419,-21.8196,1669.24,256.251
155,180,-422.217,162.715,1672.45,247.377
160,180,-187.447,355.754,1535.39,261.041
165,180,30.1971,538.874,1279.22,266.545
170,180,202.155,693.235,946.211,237.507
175,180,303.625,803.216,590.251,161.723
180,180,318.751,858.893,264.105,44.6844
0,185,-679.23,-1987.66,1925.43,-10258.8
5,185,-667.678,-2218.1,-423.374,-10687.1
10,185,-592.407,-2400.22,-2640.65,-10904.5
15,185,-470.695,-2539.02,-4625.58,-10903.2
20,185,-328.023,-2638.79,-6305.35,-10682.1
25,185,-189.873,-2698.22,-7635.54,-10244.9
30,185,-74.5039,-2710.03,-8596.47,-9602.56
35,185,10.4718,-2665.22,-9188.59,-8776.98
40,185,66.8362,-2559.12,-9429.31,-7804.28
45,185,101.152,-2396.1,-9351.47,-6734.29
50,185,119.429,-2190.37,-9002.2,-5625.52
55,185,123.554,-1962.83,-8440.19,-4536.92
60,185,110.633,-1735.62,-7730.48,-3519.22
65,185,74.8561,-1526.93,-6937.51,-2608.68
70,185,10.4619,-1347.99,-6118.15,-1824.86
75,185,-85.6624,-1202.65,-5316.71,-1172.06
80,185,-212.631,-1089.08,-4562.88,-643.339
85,185,-365.547,-1002.15,-3872.39,-225.302
90,185,-536.384,-935.612,-3249.43,97.5952
95,185,-715.185,-883.51,-2689.5,339.869
100,185,-891.201,-840.723,-2181.85,513.137
105,185,-1053.84,-802.95,-1711.48,625.512
110,185,-1193.45,-766.324,-1260.97,682.197
115,185,-1301.96,-726.894,-813.045,687.254
120,185,-1373.14,-680.171,-354.255,646.237
125,185,-1402.43,-620.946,120.239,568.956
130,185,-1386.33,-543.599,602.034,471.148
135,185,-1321.7,-442.994,1066.94,373.711
140,185,-1206.01,-315.852,1476.64,298.763
145,185,-1038.84,-162.244,1785.55,263.161
150,185,-824.655,13.2974,1951.99,271.704
155,185,-575.666,201.505,1950.51,313.251
160,185,-313.049,389.215,1781.32,362.394
165,185,-65.4149,561.244,1473.31,387.16
170,185,135.643,702.873,1079.24,360.205
175,185,261.832,802.21,664.213,268.853
180,185,294.52,851.73,290.881,119.372
0,190,-508.833,-2874.21,1977.31,-10046.5
5,190,-683.183,-3155.53,-160.72,-10457.4
10,190,-771.936,-3384.06,-2164.11,-10736.1
15,190,-784.296,-3560.84,-3949.48,-10862.8
20,190,-741.775,-3685.88,-5459.66,-10817.7
25,190,-669.775,-3754.38,-6663.24,-10582.9
30,190,-589.639,-3757.22,-7550.12,-10147.6
35,190,-514.135,-3685.31,-8125.91,-9514.37
40,190,-447.5,-3535.45,-8407.98,-8704.25
45,190,-388.996,-3314.43,-8423.58,-7757.27
50,190,-337.576,-3039.5,-8209.4,-6727.45
55,190,-295.255,-2735.01,-7810.32,-5674.06
60,190,-267.863,-2426.86,-7276.46,-4652.16
65,190,-263.403,-2137.1,-6658.33,-3705.25
70,190,-289.244,-1880.64,-6001.59,-2861.8
75,190,-349.616,-1664.4,-5342.8,-2135.51
80,190,-444.345,-1488.72,-4707.3,-1528.11
85,190,-568.943,-1349.51,-4109.1,-1033.22
90,190,-715.627,-1240.41,-3552.27,-639.992
95,190,-874.661,-1154.16,-3032.82,-335.966
100,190,-1035.59,-1083.4,-2540.59,-108.936
105,190,-1188.2,-1020.88,-2061.06,52.0441
110,190,-1323.27,-959.586,-1577.6,156.523
115,190,-1433,-892.837,-1074.63,213.313
120,190,-1511.11,-814.54,-542.103,231.841
125,190,-1552.35,-719.542,19.2665,223.726
130,190,-1551.62,-604.138,593.383,203.705
135,190,-1503.24,-466.666,1146.88,188.895
140,190,-1401.26,-308.094,1632.02,195.725
145,190,-1241.44,-132.393,1995.18,234.918
150,190,-1024.84,53.4945,2189.48,306.186
155,190,-761.611,240.214,2188.21,395.234
160,190,-473.095,417.071,1994.51,475.383
165,190,-190.803,573.41,1643.86,514.507
170,190,48.3381,699.952,1197.91,485.453
175,190,209.463,789.683,731.347,375.903
180,190,268.047,838.085,315.443,193.151
0,195,-334.563,-3738.88,2014.13,-9757.77
5,195,-655.279,-4067.11,114.941,-10139.5
10,195,-868.61,-4350.98,-1651.16,-10461.1
15,195,-979.413,-4584.63,-3217.34,-10692.4
20,195,-1008.03,-4759.84,-4540.61,-10798
25,195,-981.375,-4864.23,-5601.08,-10741.9
30,195,-924.328,-4883.34,-6397.18,-10495
35,195,-854.402,-4805.59,-6939.51,-10043.6
40,195,-780.844,-4627.92,-7246.04,-9395.67
45,195,-707.336,-4359.22,-7339.79,-8581.76
50,195,-636.119,-4020.11,-7248.47,-7650.37
55,195,-571.244,-3639.08,-7004.49,-6658.95
60,195,-519.556,-3246.6,-6643.7,-5664.03
65,195,-489.42,-2869.43,-6202.68,-4713.34
70,195,-488.276,-2526.93,-5715.17,-3841.5
75,195,-520.419,-2229.92,-5208.82,-3069.36
80,195,-585.928,-1981.53,-4703.27,-2405.77
85,195,-680.902,-1779.22,-4209.65,-1850.49
90,195,-798.581,-1616.67,-3731.11,-1397.12
95,195,-930.743,-1485.35,-3263.94,-1035.54
100,195,-1068.92,-1375.44,-2798.81,-753.679
105,195,-1205.28,-1276.64,-2322.43,-538.798
110,195,-1333.03,-1178.89,-1819.77,-378.262
115,195,-1446.42,-1073.26,-1277.64,-259.859
120,195,-1540.2,-952.872,-689.498,-171.627
125,195,-1608.51,-813.626,-61.0433,-101.362
130,195,-1643.62,-654.611,585.215,-36.3376
135,195,-1635.18,-478.104,1208.51,36.0535
140,195,-1571.06,-289.18,1753.62,126.159
145,195,-1440.32,-95.0163,2160.51,238.544
150,195,-1238.15,96.0553,2378.14,368.197
155,195,-971.019,275.672,2378.67,498.403
160,195,-660.076,436.596,2167.34,602.263
165,195,-340.549,573.604,1784.4,648.771
170,195,-56.5901,683.724,1298,612.221
175,195,147.804,765.578,789.797,481.578
180,195,239.535,818.062,337.605,265.46
0,200,-157.747,-4575.1,2035.62,-9394.77
5,200,-581.274,-4943.68,395.789,-9735.76
10,200,-876.916,-5286.84,-1117.51,-10078.7
15,200,-1048.5,-5589.55,-2452.34,-10385.4
20,200,-1117.52,-5832.36,-3577.84,-10608.7
25,200,-1113.6,-5992.26,-4483.55,-10698.8
30,200,-1065.35,-6046.78,-5174.82,-10613
35,200,-994.463,-5979.95,-5666.4,-10324.9
40,200,-914.151,-5787.79,-5977.01,-9831.6
45,200,-831.166,-5481.08,-6126.44,-9155.25
50,200,-749.52,-5084.13,-6135.21,-8338.21
55,200,-673.717,-4630.15,-6025.25,-7434.2
60,200,-610.055,-4154.71,-5820.06,-6498.4
65,200,-565.842,-3689.63,-5543.57,-5579.46
70,200,-547.456,-3258.85,-5218.12,-4714.91
75,200,-558.527,-2876.93,-4862.2,-3929.82
80,200,-599.141,-2549.71,-4488.94,-3237.88
85,200,-666.219,-2276.02,-4105.55,-2643.49
90,200,-754.675,-2049.65,-3713.44,-2144
95,200,-858.779,-1861,-3308.79,-1731.66
100,200,-973.273,-1698.39,-2883.35,-1395.28
105,200,-1093.99,-1549.39,-2425.64,-1121.59
110,200,-1217.88,-1402.09,-1923,-896.54
115,200,-1342.27,-1246.59,-1365.05,-706.421
120,200,-1463.48,-1076.29,-748.532,-538.619
125,200,-1574.93,-888.759,-82.9328,-381.995
130,200,-1665.32,-685.915,604.854,-227.033
135,200,-1718.04,-473.406,1269.25,-66.2577
140,200,-1712.73,-259.435,1850.2,104.583
145,200,-1629.7,-53.2293,2283.46,284.393
150,200,-1456.52,136.58,2515.17,464.281
155,200,-1194.99,303.493,2516.54,626.156
160,200,-865.746,444.343,2293.8,744.082
165,200,-508.286,559.768,1889.78,789.435
170,200,-175.25,653.457,1376.04,739.192
175,200,78.4645,729.981,837.991,584.541
180,200,209.199,791.813,357.197,335.748
0,205,20.2697,-5376.5,2041.63,-8960.27
5,205,-459.889,-5776.31,673.594,-9249.72
10,205,-794.203,-6177,-579.536,-9590.43
15,205,-988.23,-6553.03,-1678.64,-9939.4
20,205,-1066.38,-6871.98,-2602.51,-10242
25,205,-1061.74,-7098.38,-3347.73,-10439.9
30,205,-1006.59,-7200.05,-3924.58,-10480.9
35,205,-926.12,-7155.31,-4350.66,-10330.1
40,205,-836.463,-6958.53,-4645.05,-9976.48
45,205,-746.206,-6622.07,-4825,-9434.98
50,205,-659.848,-6174.06,-4905.39,-8741.52
55,205,-581.089,-5652.68,-4899.9,-7944.51
60,205,-514.52,-5098.76,-4822.1,-7095.29
65,205,-465.413,-4549.01,-4685.49,-6240.38
70,205,-438.369,-4031.54,-4502.56,-5417.03
75,205,-435.981,-3564.11,-4283.42,-4651.63
80,205,-458.317,-3154.68,-4034.81,-3960.25
85,205,-503.398,-2803.14,-3759.68,-3350.18
90,205,-568.296,-2503.46,-3457.28,-2821.49
95,205,-650.348,-2245.59,-3123.43,-2368.62
100,205,-748.055,-2017.23,-2750.91,-1981.76
105,205,-861.389,-1805.44,-2330.27,-1648.34
110,205,-991.315,-1598.28,-1851.38,-1354.64
115,205,-1138.38,-1386.39,-1306.52,-1087.4
120,205,-1300.44,-1164.3,-694.878,-835.306
125,205,-1469.85,-931.214,-28.1348,-589.883
130,205,-1631.21,-690.972,664.813,-345.848
135,205,-1760.83,-451.165,1336.42,-101.166
140,205,-1829.21,-221.557,1924.67,142.658
145,205,-1806.96,-12.0764,2363.51,379.678
150,205,-1673.29,169.295,2597.69,598.151
155,205,-1424.77,318.446,2597.68,779.689
160,205,-1081.35,436.453,2369.56,900.395
165,205,-686.962,529.753,1956.28,935.15
170,205,-303.213,608.524,1429.49,864.731
175,205,3.30503,683.136,874.706,683.432
180,205,177.271,759.537,374.071,403.482
0,210,198.132,-6136.98,2032.09,-8457.59
5,210,-291.301,-6556.4,939.974,-8686.07
10,210,-620.734,-7006.82,-53.8217,-9000.75
15,210,-799.569,-7451.86,-920.588,-9357.21
20,210,-856.322,-7845.75,-1646.21,-9698.05
25,210,-827.902,-8140.07,-2231.87,-9961.12
30,210,-749.932,-8292.35,-2690.62,-10090
35,210,-650.384,-8274.6,-3041.4,-10044.8
40,210,-547.308,-8078.92,-3302.92,-9809.18
45,210,-450.083,-7718.91,-3490.12,-9391.95
50,210,-362.682,-7226.2,-3613.48,-8822.6
55,210,-287.081,-6643.64,-3680.43,-8143.07
60,210,-225.376,-6016.9,-3697.07,-7398.84
65,210,-180.178,-5387.07,-3668.94,-6631.93
70,210,-153.896,-4785.77,-3600.88,-5876.73
75,210,-147.888,-4233.35,-3496.3,-5158.52
80,210,-162.225,-3739.44,-3356.62,-4493.69
85,210,-196.182,-3304.96,-3181.12,-3890.69
90,210,-249.171,-2924.49,-2967.03,-3351.3
95,210,-321.684,-2588.61,-2709.71,-2871.73
100,210,-415.879,-2285.87,-2402.73,-2443.85
105,210,-535.541,-2004.58,-2038.29,-2056.71
110,210,-685.166,-1734.4,-1608.24,-1698.25
115,210,-867.967,-1467.56,-1106.63,-1357.29
120,210,-1082.84,-1199.96,-533.894,-1025.27
125,210,-1320.86,-931.661,97.8525,-697.467
130,210,-1562.47,-666.908,759.942,-373.339
135,210,-1777.06,-413.371,1405.45,-56.1845
140,210,-1926.18,-180.648,1973.03,247.34
145,210,-1970.95,21.8904,2397.08,527.302
150,210,-1882.29,187.609,2622.44,770.013
155,210,-1651.54,314.961,2619.11,957.623
160,210,-1297.79,409.036,2391.97,1069.09
165,210,-869.11,481.546,1981.72,1083.68
170,210,-435.704,548.5,1456.79,986.884
175,210,-75.6353,625.462,899.103,776.876
180,210,143.994,721.481,388.097,468.144
0,215,374.487,-6850.75,2007.09,-7890.53
5,215,-77.1449,-7275.96,1186.66,-8050.63
10,215,-359.637,-7762.29,443.438,-8316.85
15,215,-487.721,-8263.32,-201.863,-8646.75
20,215,-494.654,-8720.99,-739.769,-8984.7
25,215,-421.14,-9074.78,-1173.69,-9269.65
30,215,-305.662,-9272.5,-1517.46,-9445.3
35,215,-178.191,-9279.9,-1789.72,-9470.36
40,215,-57.8294,-9086.6,-2007.98,-9325.51
45,215,46.1088,-8706.78,-2184.8,-9014.7
50,215,130.921,-8174.81,-2327.12,-8561.02
55,215,196.965,-7537.28,-2437.72,-7999.14
60,215,245.134,-6843.73,-2517.33,-7367.41
65,215,275.86,-6138.71,-2565.96,-6701.71
70,215,289.221,-5456.67,-2583.13,-6031.93
75,215,285.307,-4820.16,-2567.65,-5380.55
80,215,264.231,-4240.56,-2517.32,-4762.72
85,215,225.661,-3720.29,-2428.86,-4186.87
90,215,168.128,-3255.52,-2298.1,-3655.55
95,215,88.4162,-2838.66,-2119.95,-3166.3
100,215,-18.6715,-2460.51,-1888.38,-2712.71
105,215,-159.946,-2111.9,-1596.39,-2285.9
110,215,-342.572,-1784.9,-1236.75,-1876.26
115,215,-571.659,-1473.59,-804.147,-1475.47
120,215,-846.692,-1174.66,-298.899,-1078.43
125,215,-1157.44,-887.826,267.87,-684.461
130,215,-1480.73,-616.062,869.437,-297.602
135,215,-1779.93,-365.348,1461.49,74.0264
140,215,-2008.79,-143.6,1985.48,419.326
145,215,-2120,41.4101,2378.27,725.08
150,215,-2077.03,184.867,2586.18,976.223
155,215,-1866.29,287.733,2579.22,1155.9
160,215,-1505.84,358.59,2360.21,1246.39
165,215,-1047.12,413.522,1965.54,1231.92
170,215,-567.816,473.267,1457.41,1103.41
175,215,-156.223,557.567,910.754,863.521
180,215,109.621,677.934,399.17,529.244
0,220,547.991,-7512.39,1966.81,-7263.42
5,220,179.536,-7927.78,1405.72,-7350.3
10,220,-16.7661,-8430.64,896.918,-7548.57
15,220,-61.8851,-8966.43,455.33,-7820.98
20,220,6.03093,-9467.1,87.9958,-8117.73
25,220,142.841,-9862.31,-208.665,-8383.23
30,220,307.847,-10091.8,-447.384,-8565.18
35,220,469.878,-10115.8,-645.093,-8624.08
40,220,609.585,-9921.6,-817.199,-8539.61
45,220,718.432,-9523.17,-973.753,-8311.93
50,220,795.544,-8956.45,-1118.68,-7957.94
55,220,844.018,-8270.32,-1251.35,-7504.76
60,220,868.019,-7516.77,-1368.88,-6982.96
65,220,871.258,-6742.67,-1467.7,-6421.52
70,220,856.549,-5984.61,-1544.18,-5844.91
75,220,825.77,-5267.18,-1594.54,-5271.93
80,220,779.691,-4603.96,-1614.61,-4715.61
85,220,717.563,-3999.74,-1599.84,-4183.56
90,220,636.631,-3453.38,-1545.26,-3678.46
95,220,531.831,-2960.27,-1445.39,-3198.76
100,220,395.847,-2514.36,-1294.02,-2739.63
105,220,219.748,-2109.48,-1084.11,-2294.22
110,220,-5.50084,-1740.09,-808.351,-1855.45
115,220,-286.332,-1401.58,-460.992,-1417.87
120,220,-622.628,-1090.49,-41.3708,-979.612
125,220,-1003.18,-804.979,441.285,-543.566
130,220,-1402.09,-545.393,963.197,-117.669
135,220,-1778.12,-314.692,1483.95,285.933
140,220,-2078.94,-117.946,1949.42,652.385
145,220,-2250.48,39.5299,2300.58,965.624
150,220,-2250.02,155.168,2486.63,1209.4
155,220,-2059.72,232.333,2478.14,1367.94
160,220,-1696.33,282.414,2275.39,1426.98
165,220,-1213.54,324.671,1908.81,1376.01
170,220,-694.715,383.104,1431.87,1211.84
175,220,-236.314,480.256,909.651,942.059
180,220,74.4141,629.228,407.206,586.316
0,225,717.325,-8116.85,1911.57,-6581.03
5,225,474.378,-8505.62,1589.86,-6592.9
10,225,399.528,-9000.95,1292.64,-6708.16
15,225,465.134,-9543.02,1031.01,-6897.44
20,225,628.401,-10057.4,811.395,-7120.19
25,225,842.386,-10467.2,631.754,-7329.77
30,225,1065,-10706.8,482.01,-7481.16
35,225,1264.76,-10732.7,348.191,-7539.16
40,225,1422.9,-10529.8,217.762,-7484.2
45,225,1532.36,-10111.5,83.3652,-7313.58
50,225,1594.63,-9513.78,-56.3613,-7038.53
55,225,1615.88,-8786.23,-198.333,-6678.77
60,225,1603.74,-7981.65,-337.361,-6257.11
65,225,1565.34,-7147.93,-467.915,-5795.5
70,225,1506.41,-6323.08,-584.817,-5312.74
75,225,1431,-5533.66,-683.206,-4823.57
80,225,1341.13,-4795.74,-758.258,-4338.48
85,225,1236.52,-4117.17,-804.966,-3863.79
90,225,1114.17,-3500.22,-817.977,-3401.9
95,225,968.244,-2943.87,-791.369,-2951.81
100,225,790.311,-2445.42,-718.39,-2509.88
105,225,570.133,-2001.55,-591.376,-2070.96
110,225,297.379,-1608.59,-402.318,-1629.99
115,225,-35.4177,-1262.56,-144.609,-1183.8
120,225,-428.6,-959.121,183.708,-732.927
125,225,-870.502,-694.134,575.521,-282.851
130,225,-1333.54,-464.597,1010.37,155.623
135,225,-1773.52,-269.642,1452.48,567.213
140,225,-2133.99,-110.587,1853.23,933.894
145,225,-2356.15,10.5749,2159.15,1236.99
150,225,-2392.73,94.095,2323.55,1459.01
155,225,-2222.42,145.739,2318.22,1585.08
160,225,-1860.44,178.962,2140.66,1604.3
165,225,-1361.35,214.805,1814.18,1511.51
170,225,-811.848,278.763,1381.67,1309.6
175,225,-313.838,394.535,896.191,1011.27
180,225,38.6406,575.733,412.142,638.926
0,230,881.199,-8659.54,1841.78,-5848.56
5,230,801.824,-9004.33,1732.56,-5786.99
10,230,878.712,-9464.57,1618.4,-5809.86
15,230,1077.46,-9978.79,1508.1,-5897.61
20,230,1351.16,-10470.5,1408.86,-6021.37
25,230,1650.95,-10860.8,1321.53,-6146.08
30,230,1934.39,-11082.2,1239.92,-6236.34
35,230,2170.71,-11089.4,1154.01,-6263.21
40,230,2342.74,-10866.1,1054.74,-6209.24
45,230,2445.74,-10424.2,937.553,-6069.96
50,230,2484.22,-9798.81,803.247,-5851.64
55,230,2467.83,-9038.37,656.599,-5567.25
60,230,2407.89,-8194.96,504.089,-5232.37
65,230,2315,-7316.29,352.153,-4862.24
70,230,2197.9,-6441,206.478,-4470.11
75,230,2063,-5597.14,72.1162,-4066.61
80,230,1914.05,-4803.1,-46.0965,-3659.41
85,230,1751.9,-4069.65,-143.12,-3253.21
90,230,1574.21,-3402.32,-213.39,-2849.78
95,230,1375.34,-2803.3,-250.541,-2448.27
100,230,1146.59,-2272.86,-247.191,-2045.79
105,230,877.125,-1810.01,-194.988,-1638.35
110,230,555.775,-1412.56,-85.2589,-1222.26
115,230,174.28,-1076.89,89.3022,-795.72
120,230,-268.216,-797.802,331.693,-360.646
125,230,-760.045,-568.934,636.699,75.9889
130,230,-1272.98,-383.904,987.164,501.596
135,230,-1761.48,-237.621,1352.28,898.629
140,230,-2167.1,-126.838,1689.8,1246.45
145,230,-2428.57,-49.1918,1952.81,1523.93
150,230,-2495.91,-0.783217,2099.8,1712.26
155,230,-2345.3,26.7215,2104.4,1797.2
160,230,-1990.14,48.1197,1961.27,1770.98
165,230,-1484.28,84.7014,1685.86,1633.65
170,230,-915.136,161.522,1309.26,1394.08
175,230,-386.873,301.603,871.151,1070.04
180,230,2.57306,517.856,413.941,686.673
0,235,1038.37,-9136.32,1757.97,-5071.58
5,235,1155.29,-9420.01,1828.32,-4941.72
10,235,1408.44,-9815.62,1864.07,-4869.37
15,235,1756.78,-10264.1,1872.88,-4845.9
20,235,2150.01,-10692,1863.71,-4855.45
25,235,2538.44,-11023.4,1841.19,-4876.03
30,235,2880.51,-11192.8,1803.91,-4883.3
35,235,3147.48,-11156.3,1746.54,-4855.84
40,235,3324.98,-10897.1,1663.91,-4779.54
45,235,3411.72,-10426,1554.22,-4649.14
50,235,3416.05,-9775.7,1420.05,-4467.06
55,235,3351.71,-8992.33,1267.25,-4240.52
60,235,3233.98,-8125.81,1102.93,-3978.74
65,235,3077,-7222.51,933.854,-3690.87
70,235,2892.46,-6320.69,765.782,-3384.92
75,235,2689.01,-5449,603.675,-3067.32
80,235,2472.2,-4627.17,452.213,-2742.69
85,235,2244.21,-3867.8,316.337,-2413.74
90,235,2003.72,-3178.4,201.666,-2081.2
95,235,1745.78,-2563.25,114.768,-1743.98
100,235,1462.02,-2024.57,63.3003,-1399.53
105,235,1141.56,-1563.15,55.8461,-1044.53
110,235,773.017,-1178.25,101.206,-676.037
115,235,347.796,-867.11,206.83,-292.942
120,235,-135.221,-624.476,376.241,102.328
125,235,-664.586,-442.671,605.739,502.269
130,235,-1212.31,-312.48,881.336,893.455
135,235,-1733.17,-224.488,1177.41,1256.91
140,235,-2168.97,-170.081,1458.57,1569.99
145,235,-2458.32,-141.341,1685.28,1809.46
150,235,-2550.5,-129.698,1821.9,1955.19
155,235,-2420.17,-123.95,1844.37,1993.47
160,235,-2078.56,-108.65,1744.45,1919.33
165,235,-1577.12,-63.8081,1529.37,1737.62
170,235,-1001.15,33.2011,1217.86,1462.82
175,235,-453.72,202.843,835.643,1117.44
180,235,-33.5141,456.038,412.59,729.194
0,240,1187.63,-9543.57,1660.78,-4256
5,240,1527.33,-9750.09,1872.79,-4066.56
10,240,1975,-10051.2,2021.91,-3903.26
15,240,2483.09,-10394.6,2115.44,-3768.53
20,240,2998.75,-10715.1,2164.64,-3659.74
25,240,3472.69,-10945.1,2178.48,-3568.27
30,240,3865.71,-11025.7,2160.83,-3481.28
35,240,4152.61,-10917.2,2111.49,-3385.54
40,240,4323.35,-10604.3,2029.3,-3271.03
45,240,4381.36,-10096.4,1915.09,-3132.84
50,240,4339.93,-9423.6,1772.82,-2970.73
55,240,4217.6,-8628.36,1608.95,-2787.45
60,240,4033.98,-7757.25,1430.88,-2586.92
65,240,3806.82,-6854.04,1245.54,-2372.93
70,240,3550.55,-5955.36,1058.83,-2148.58
75,240,3275.81,-5089.03,875.748,-1916.04
80,240,2989.51,-4274.52,700.892,-1676.57
85,240,2694.85,-3524.42,539.004,-1430.48
90,240,2391.25,-2846.42,395.415,-1177.05
95,240,2074.37,-2245.2,276.332,-914.557
100,240,1736.38,-1723.73,188.952,-640.491
105,240,1366.87,-1284.04,141.283,-351.959
110,240,954.941,-927.035,141.475,-46.5007
115,240,492.514,-651.703,196.442,276.681
120,240,-21.2229,-454.067,309.713,615.12
125,240,-575.03,-326.496,478.776,961.419
130,240,-1141.99,-257.858,692.7,1302.07
135,240,-1678.89,-234.557,931.167,1617.49
140,240,-2130.09,-241.94,1166,1883.78
145,240,-2436.53,-265.404,1365.45,2076.24
150,240,-2548.64,-290.707,1500.13,2173.76
155,240,-2440.42,-303.478,1548.41,2163.13
160,240,-2120.45,-288.263,1499.2,2041.83
165,240,-1635.95,-227.831,1351.37,1818.89
170,240,-1067.24,-103.85,1111.32,1513.62
175,240,-512.954,99.7935,791.056,1152.74
180,240,-69.3462,390.749,408.099,766.166
0,245,1327.86,-9878.19,1550.95,-3408.02
5,245,1909.9,-9993.3,1862.92,-3171.11
10,245,2563.73,-10171.5,2086.7,-2928.28
15,245,3235.44,-10371.6,2229.77,-2692.28
20,245,3870.43,-10541.6,2305.94,-2472.75
25,245,4421.1,-10627.4,2328.63,-2273.57
30,245,4852.22,-10581.4,2307.12,-2092.92
35,245,5143.9,-10371.5,2246.38,-1925.62
40,245,5292.05,-9985.47,2149.18,-1766.26
45,245,5306.34,-9432.5,2018.63,-1611.11
50,245,5206.13,-8739.35,1859.69,-1458.54
55,245,5015.53,-7943.99,1679.09,-1308.11
60,245,4758.89,-7088.38,1484.4,-1159.59
65,245,4457.67,-6212.21,1282.88,-1012.2
70,245,4128.82,-5348.82,1080.88,-864.437
75,245,3784.58,-4523.42,883.716,-714.283
80,245,3432.62,-3753.3,695.981,-559.409
85,245,3076.44,-3049.15,522.013,-397.368
90,245,2715.58,-2417.06,366.338,-225.658
95,245,2345.82,-1860.56,234.052,-41.7173
100,245,1959.71,-1382.28,131.034,157.053
105,245,1547.66,-984.931,63.8665,373.141
110,245,1100.01,-671.137,39.2955,608.475
115,245,610.067,-442.361,63.0992,863.522
120,245,77.9851,-297.079,138.375,1135.87
125,245,-485.201,-228.999,263.532,1418.53
130,245,-1054.56,-226.088,430.588,1698.44
135,245,-1590.66,-270.96,624.552,1956.23
140,245,-2042.75,-342.638,824.557,2167.74
145,245,-2356.35,-419.12,1006.73,2307.7
150,245,-2484.71,-479.848,1147.96,2354.72
155,245,-2401.71,-507.136,1229.01,2296.21
160,245,-2112.59,-486.101,1235.88,2131.69
165,245,-1658.39,-403.482,1159.31,1873.47
170,245,-1111.67,-246.806,993.962,1544.72
175,245,-563.472,-5.87963,738.992,1175.41
180,245,-104.65,322.486,400.502,797.306
0,250,1457.98,-10137.6,1429.32,-2534.11
5,250,2294.52,-10149.7,1796.97,-2264.82
10,250,3159.51,-10180,2055.81,-1960.71
15,250,3992.7,-10201.8,2213.83,-1643.15
20,250,4738.46,-10181.6,2287.36,-1332.06
25,250,5352.14,-10083.1,2294.09,-1041.96
30,250,5804.17,-9874.59,2248.4,-780.51
35,250,6081.79,-9534.71,2160.08,-549.83
40,250,6188.61,-9056.87,2035.39,-349.007
45,250,6142.02,-8450.63,1879.28,-176.15
50,250,5968.58,-7739.5,1697.24,-29.206
55,250,5698.72,-6956.13,1496.01,94.2596
60,250,5361.91,-6136.4,1283.3,197.602
65,250,4983.35,-5314.13,1066.91,285.359
70,250,4582.4,-4517.37,853.916,363.054
75,250,4172.45,-3766.73,650.136,436.664
80,250,3761.42,-3075.51,460.141,512.024
85,250,3352.41,-2450.99,287.557,594.355
90,250,2944.34,-1896.48,135.602,688.016
95,250,2532.55,-1413.44,7.64712,796.457
100,250,2109.72,-1003.46,-92.3693,922.329
105,250,1667.2,-669.357,-159.862,1067.6
110,250,1197.03,-415.223,-189.994,1233.46
115,250,694.463,-245.054,-178.569,1419.82
120,250,160.918,-160.235,-123.308,1624.15
125,250,-393.119,-156.559,-25.2112,1839.84
130,250,-945.833,-221.908,110.422,2054.68
135,250,-1463.41,-335.742,273.719,2250.22
140,250,-1902.09,-471.074,450.914,2403.13
145,250,-2213.88,-598.56,625.779,2488.76
150,250,-2356.03,-691.303,781.19,2486.32
155,250,-2302.46,-728.456,900.109,2384.13
160,250,-2054.04,-696.181,965.683,2183.27
165,250,-1643.71,-586.014,961.079,1898.28
170,250,-1133.66,-392.454,870.322,1554.87
175,250,-604.517,-112.426,681.191,1185.24
180,250,-139.158,251.769,389.857,822.379
0,255,1577.01,-10319.9,1296.8,-1640.92
5,255,2672.53,-10220.7,1674.64,-1356.79
10,255,3747.2,-10082.7,1929.2,-1015.65
15,255,4734.31,-9897.53,2069.34,-645.028
20,255,5577.7,-9653.23,2113.77,-272.281
25,255,6236.88,-9336.1,2083.9,80.3045
30,255,6689.52,-8933.78,1998.55,397.872
35,255,6931.79,-8439.02,1871.53,672.54
40,255,6976.75,-7852.98,1711.83,901.358
45,255,6850.92,-7186.84,1525.58,1084.28
50,255,6589.07,-6460.95,1318.27,1223.12
55,255,6228.56,-5701.74,1096.36,1321.42
60,255,5804.26,-4937.45,867.563,1384.68
65,255,5345.13,-4193.94,640.222,1420.27
70,255,4872.73,-3491.82,422.131,1436.96
75,255,4401.31,-2845.19,219.577,1443.98
80,255,3938.59,-2261.89,36.9244,1450.12
85,255,3486.81,-1744.9,-123.154,1462.94
90,255,3043.83,-1294.26,-258.998,1488.36
95,255,2604.19,-909.183,-369.141,1530.55
100,255,2160.48,-589.941,-451.692,1592.1
105,255,1704.99,-339.081,-504.147,1674.37
110,255,1231.46,-161.541,-523.715,1777.66
115,255,737.043,-63.2173,-508.033,1901.09
120,255,223.974,-47.9669,-456.026,2041.71
125,255,-298.72,-113.618,-368.582,2193.19
130,255,-813.754,-248.366,-248.853,2344.23
135,255,-1294.65,-429.308,-102.164,2477.96
140,255,-1706.33,-624.428,64.2171,2572.92
145,255,-2008.63,-797.989,241.092,2606.31
150,255,-2163.34,-917.511,416.807,2558.9
155,255,-2144.13,-959.478,576.261,2420.25
160,255,-1946.35,-911.421,700.023,2192.51
165,255,-1592.91,-770.027,764.605,1891.3
170,255,-1133.38,-537.306,744.96,1543.47
175,255,-635.693,-218.059,619.454,1182.25
180,255,-172.607,179.136,376.246,841.192
0,260,1684.03,-10423.7,1154.43,-735.234
5,260,3035.33,-10208.6,1497,-455.58
10,260,4312.08,-9888.53,1709.32,-106.454
15,260,5440.87,-9475.44,1801.53,281.477
20,260,6365.35,-8982.14,1794.51,676.993
25,260,7050.16,-8420.4,1712.67,1053.57
30,260,7481.64,-7800.39,1578.22,1392.19
35,260,7666.56,-7131.77,1407.76,1681.43
40,260,7629.07,-6425.55,1211.94,1915.73
45,260,7406.1,-5695.72,997.116,2093.53
50,260,7041.52,-4959.56,768.169,2216.19
55,260,6580.04,-4236.42,530.761,2287.71
60,260,6062.01,-3545.2,292.265,2314.81
65,260,5519.96,-2901.83,61.1789,2306.68
70,260,4977.43,-2317.51,-154.323,2274.15
75,260,4449.18,-1798.18,-347.824,2228.57
80,260,3942.44,-1345.22,-515.382,2180.61
85,260,3458.41,-956.884,-655.324,2139.3
90,260,2993.77,-629.995,-767.377,2111.48
95,260,2542.25,-361.743,-851.624,2101.63
100,260,2096.4,-151.221,-907.771,2112.19
105,260,1649.27,-0.488729,-934.989,2143.86
110,260,1195.98,85.3299,-932.299,2196.11
115,260,734.701,99.4437,-899.201,2267.15
120,260,267.337,36.6035,-836.131,2353.45
125,260,-200.034,-102.31,-744.437,2448.69
130,260,-656.213,-305.764,-625.906,2542.54
135,260,-1083.47,-549.296,-482.268,2620.07
140,260,-1456.5,-797.362,-315.342,2662.49
145,260,-1743.51,-1009.57,-128.32,2649.88
150,260,-1910.86,-1149.27,71.841,2565.46
155,260,-1931.32,-1191.05,271.737,2400.33
160,260,-1793.47,-1123.98,449.864,2157.25
165,260,-1508.63,-949.72,577.408,1851.83
170,260,-1111.97,-677.75,622.228,1510.67
175,260,-656.953,-321.009,555.57,1166.8
180,260,-204.742,105.14,359.77,853.604
0,265,1778.24,-10448.1,1003.26,176.045
5,265,3374.58,-10116.9,1266.5,430.988
10,265,4840.22,-9608.37,1400.94,755.801
15,265,6094.69,-8956.17,1418.66,1120.11
20,265,7081.66,-8199.68,1342.55,1492.85
25,265,7771.53,-7378.14,1199.23,1847.31
30,265,8160.54,-6526.4,1012.86,2163.93
35,265,8267.49,-5673.11,801.316,2430.48
40,265,8129.06,-4840.81,575.353,2640.62
45,265,7793.74,-4047.26,340.406,2792.18
50,265,7315.19,-3306.77,99.8261,2886.22
55,265,6745.67,-2630.73,-142.214,2926.75
60,265,6130.79,-2027.3,-379.386,2920.81
65,265,5506.28,-1500.81,-603.731,2878.11
70,265,4897.14,-1051.54,-807.359,2810.14
75,265,4318.25,-676.256,-984.191,2728.85
80,265,3776.16,-369.295,-1130.85,2645.37
85,265,3270.98,-124.021,-1246.43,2569.01
90,265,2798.38,65.7754,-1331.48,2506.61
95,265,2351.62,204.629,-1386.87,2462.52
100,265,1923.32,294.37,-1413.09,2438.78
105,265,1507.15,333.455,-1410.28,2435.56
110,265,1098.83,317.032,-1378.76,2451.6
115,265,696.294,238.358,-1319.68,2484.29
120,265,299.398,92.0033,-1235.07,2529.5
125,265,-90.4549,-121.401,-1127.21,2580.81
130,265,-469.571,-390.27,-997.354,2628.8
135,265,-829.853,-689.332,-844.872,2660.62
140,265,-1156.09,-981.245,-667.591,2660.63
145,265,-1424.72,-1223.1,-464.128,2612.42
150,265,-1606.17,-1375.9,-237.753,2502.22
155,265,-1671.54,-1413.24,-0.409163,2322.89
160,265,-1601.66,-1325.64,225.074,2077.44
165,265,-1395.07,-1119.18,406.219,1780.53
170,265,-1071.4,-810.201,506.069,1457.33
175,265,-668.582,-419.578,491.244,1139.52
180,265,-235.319,30.3431,340.557,859.519
0,270,1858.91,-10393,844.458,1085.99
5,270,3682.44,-9949.92,986.874,1295.96
10,270,5318.82,-9254.58,1010.93,1562.69
15,270,6680.23,-8362.92,931.541,1859.72
20,270,7710.34,-7341.36,773.62,2160.41
25,270,8385.77,-6257.33,565.096,2442.2
30,270,8713.44,-5171.4,330.555,2688.91
35,270,8725.37,-4132.33,87.202,2890.66
40,270,8471.9,-3175.23,-155.961,3042.56
45,270,8014.01,-2322.24,-395.979,3143.1
50,270,7415.6,-1584.6,-632.214,3193.37
55,270,6736.37,-965.123,-862.959,3197.01
60,270,6026.69,-460.217,-1083.84,3160.4
65,270,5324.78,-61.6384,-1288.34,3092.37
70,270,4656.37,241.955,-1469.59,3003.42
75,270,4035.99,463.432,-1622.29,2904.49
80,270,3469.22,615.657,-1743.58,2805.61
85,270,2955.15,710.16,-1832.87,2715.06
90,270,2488.79,756.122,-1890.76,2638.79
95,270,2063.18,759.673,-1917.99,2580.36
100,270,1671.25,723.419,-1914.97,2541.2
105,270,1306.95,646.261,-1882.04,2520.96
110,270,965.673,523.812,-1820.18,2517.8
115,270,643.7,349.946,-1731.7,2528.55
120,270,337.104,119.939,-1620,2548.58
125,270,41.1138,-164.975,-1488.41,2571.47
130,270,-248.999,-492.865,-1338.38,2588.68
135,270,-534.941,-838.333,-1168.18,2589.41
140,270,-811.158,-1163.89,-973.387,2561.21
145,270,-1061.57,-1426.21,-749.765,2491.32
150,270,-1259.91,-1585.71,-498.115,2369.18
155,270,-1374.91,-1615.83,-229.161,2189.49
160,270,-1379.07,-1508.3,33.8406,1955.24
165,270,-1257.67,-1272.7,256.618,1679.53
170,270,-1014.34,-931.271,399.841,1385.1
175,270,-671.157,-512.198,428.036,1101.32
180,270,-264.105,-44.6844,318.751,858.893
0,275,1925.43,-10258.8,679.23,1987.66
5,275,3951.72,-9712.35,663.046,2133.33
10,275,5736.45,-8840.36,547.998,2308.67
15,275,7184.28,-7720.24,352.979,2494.77
20,275,8238.78,-6444.73,105.153,2673.66
25,275,8882.9,-5108.89,-167.051,2831.35
30,275,9134.72,-3798.78,-440.303,2959.07
35,275,9040.13,-2583.33,-700.235,3052.68
40,275,8663.89,-1510.37,-941.79,3111.08
45,275,8080.05,-606.449,-1166.4,3134.79
50,275,7362.82,120.351,-1377.64,3125.34
55,275,6578.96,676.15,-1577.47,3085.57
60,275,5782.8,1076.6,-1764.46,3020.09
65,275,5014.09,1342.69,-1934.38,2935.43
70,275,4298.43,1497.33,-2082.01,2839.48
75,275,3649.36,1562.82,-2203.02,2740.49
80,275,3071.21,1559.02,-2294.91,2646.03
85,275,2562.1,1502.26,-2356.82,2562.14
90,275,2116.51,1404.73,-2388.66,2492.96
95,275,1727.5,1274.19,-2390.29,2440.7
100,275,1388.17,1114.05,-2361.34,2405.86
105,275,1092.34,923.618,-2301.66,2387.45
110,275,834.159,698.95,-2212.26,2383.17
115,275,606.97,434.679,-2095.87,2389.53
120,275,401.864,127.1,-1956.69,2401.71
125,275,207.071,-221.632,-1798.85,2413.51
130,275,9.32878,-599.25,-1624.41,2417.31
135,275,-202.261,-980.873,-1431.71,2404.25
140,275,-430.72,-1330.17,-1215.82,2364.72
145,275,-666.332,-1605.05,-971.511,2289.35
150,275,-885.285,-1766.7,-698.398,2170.58
155,275,-1053.56,-1788.95,-406.251,2004.86
160,275,-1135.31,-1664.42,-117.816,1795.06
165,275,-1102.82,-1405.11,132.755,1552.31
170,275,-944.014,-1037.93,306.174,1296.33
175,275,-665.503,-597.484,367.307,1053.39
180,275,-290.881,-119.372,294.52,851.73
0,280,1977.31,-10046.5,508.833,2874.21
5,280,4176.09,-9409.4,301.014,2938.07
10,280,6083.3,-8379.09,22.3898,2991.15
15,280,7596.13,-7052.65,-302.745,3025.43
20,280,8657.92,-5547.16,-644.57,3035.69
25,280,9257.84,-3983.5,-974.843,3020.75
30,280,9425.07,-2471.63,-1273.15,2983.19
35,280,9219.5,-1099.52,-1530.23,2927.84
40,280,8720.49,73.0613,-1747.37,2859.73
45,280,8015.13,1015.56,-1932.59,2782.66
50,280,7187.59,1723.3,-2095.42,2698.86
55,280,6311.03,2211.18,-2242.76,2609.78
60,280,5442.77,2506.53,-2377.11,2517.18
65,280,4623.05,2642.44,-2497.15,2423.84
70,280,3876.44,2652.65,-2599.6,2333.56
75,280,3214.84,2568.13,-2681.12,2250.53
80,280,2641,2415.23,-2739.26,2178.61
85,280,2151.87,2214.79,-2772.41,2120.63
90,280,1741.39,1981.93,-2779.28,2078.19
95,280,1402.43,1726.16,-2758.35,2051.61
100,280,1127.93,1451.75,-2707.99,2040.08
105,280,910.919,1158.42,-2627.08,2041.82
110,280,743.579,842.57,-2515.95,2054.16
115,280,615.599,499.389,-2376.96,2073.45
120,280,512.679,125.945,-2214.24,2095.05
125,280,416.194,-274.981,-2032.28,2113.28
130,280,305.132,-691.176,-1833.83,2121.55
135,280,160.711,-1098.86,-1618.28,2112.68
140,280,-27.1705,-1463.69,-1381.72,2079.43
145,280,-253.888,-1745.69,-1119.59,2015.2
150,280,-497.392,-1907.59,-831.562,1914.99
155,280,-720.911,-1923.85,-526.703,1776.81
160,280,-880.876,-1787.52,-226.378,1603.31
165,280,-937.459,-1512.03,37.1563,1403.59
170,280,-864.004,-1127.67,226.879,1194
175,280,-652.634,-674.281,310.184,997.103
180,280,-315.443,-193.151,268.047,838.085
0,285,2014.13,-9757.77,334.563,3738.88
5,285,4350.21,-9046.42,-92.3107,3706.14
10,285,6351.29,-7883.58,-554.384,3610.37
15,285,7907.54,-6383.21,-1020.38,3457.41
20,285,8961.99,-4683.62,-1457.23,3258.4
25,285,9509.61,-2928.34,-1837.41,3028.8
30,285,9590.17,-1248.46,-2144.94,2786.17
35,285,9276.98,251.317,-2377.88,2547.23
40,285,8663.35,1500.9,-2546.31,2325.12
45,285,7848.68,2466.67,-2667.05,2127.86
50,285,6926.29,3147.43,-2757.43,1958.42
55,285,5974.73,3566.33,-2830.61,1816.18
60,285,5053.36,3761.29,-2893.81,1698.92
65,285,4201.99,3776.19,-2949.01,1604.39
70,285,3443.41,3654.26,-2994.92,1531
75,285,2787.31,3434.08,-3029.01,1477.79
80,285,2234.43,3147.61,-3048.56,1443.93
85,285,1780.24,2819.65,-3050.93,1428.36
90,285,1417.68,2467.96,-3033.32,1429.53
95,285,1138.95,2103.67,-2992.6,1445.46
100,285,936.217,1731.89,-2925.6,1473.79
105,285,801.129,1352.72,-2829.77,1511.83
110,285,723.452,962.705,-2704.13,1556.52
115,285,689.202,557.197,-2549.86,1604.29
120,285,679.19,133.421,-2370.24,1650.94
125,285,669.004,-305.904,-2169.53,1691.53
130,285,631.413,-749.24,-1951.22,1720.58
135,285,541.505,-1174.34,-1716.34,1732.35
140,285,383.755,-1549.09,-1463.16,1721.42
145,285,158.878,-1835.86,-1189.15,1683.31
150,285,-112.385,-1999.01,-894.959,1615.04
155,285,-390.896,-2013.6,-589.153,1515.84
160,285,-626.45,-1872.67,-290.994,1388.17
165,285,-768.681,-1590.2,-29.3511,1239.12
170,285,-778.02,-1198.61,162.908,1081.56
175,285,-633.693,-741.704,257.533,934.026
180,285,-337.605,-265.46,239.535,818.062
0,290,2035.62,-9394.77,157.747,4575.1
5,290,4469.84,-8628.68,-509.264,4434.42
10,290,6534.21,-7365.45,-1169.85,4169.14
15,290,8112.65,-5732.29,-1784.12,3801.32
20,290,9147.94,-3884.55,-2315.05,3361.46
25,290,9640.25,-1984.16,-2736.17,2884.9
30,290,9638.86,-179.37,-3037.24,2407.16
35,290,9229.12,1411.65,-3225.58,1959.22
40,290,8516.75,2710.83,-3322.26,1563.83
45,290,7611.93,3682.66,-3355,1233.76
50,290,6615.68,4329.42,-3350.57,972.476
55,290,5610.77,4681.5,-3329.62,776.507
60,290,4657.67,4785.77,-3304.73,638.595
65,290,3795.14,4695.09,-3281.4,550.334
70,290,3043.73,4460.53,-3260.27,503.752
75,290,2410.55,4126.82,-3239.35,491.832
80,290,1893.93,3730.46,-3215.42,508.436
85,290,1487.33,3299.34,-3184.61,548.076
90,290,1182.11,2853.21,-3142.49,605.773
95,290,969.129,2404.37,-3084.18,677.035
100,290,839.101,1958.51,-3004.71,757.847
105,290,781.89,1515.87,-2899.72,844.594
110,290,784.862,1072.85,-2766.37,933.894
115,290,830.957,624.472,-2604.06,1022.36
120,290,897.294,167.414,-2414.67,1106.37
125,290,955.351,-296.408,-2201.92,1181.88
130,290,973.599,-756.663,-1969.97,1244.49
135,290,922.882,-1192.79,-1721.9,1289.7
140,290,783.809,-1574.7,-1458.83,1313.52
145,290,554.178,-1866.75,-1180.98,1312.98
150,290,253.624,-2034.6,-890.63,1286.6
155,290,-76.9991,-2053.73,-595.919,1234.57
160,290,-382.28,-1916.81,-313.463,1159.09
165,290,-603.286,-1637.62,-67.6108,1065.37
170,290,-689.702,-1249.6,114.365,962.854
175,290,-609.887,-799.168,209.956,865.834
180,290,-357.197,-335.748,209.199,791.813
0,295,2041.63,-8960.27,-20.2697,5376.5
5,295,4531.98,-8161.26,-941.612,5120.6
10,295,6627.73,-6834.6,-1810.86,4672.43
15,295,8207.84,-5116.47,-2577.94,4071.88
20,295,9214.98,-3174.17,-3201.14,3370.97
25,295,9653.72,-1182.78,-3655.18,2627.28
30,295,9581.26,697.142,-3936.56,1896.52
35,295,9092.83,2338,-4063.35,1225.57
40,295,8304.14,3656.54,-4069.34,647.625
45,295,7333.72,4616.59,-3994.74,180.337
50,295,6288.36,5223.72,-3877.16,-172.85
55,295,5253.6,5514.14,-3745.64,-419.077
60,295,4290.24,5541.71,-3618.71,-571.59
65,295,3435.64,5366.12,-3505.54,-645.854
70,295,2707.98,5044.32,-3408.62,-657.012
75,295,2111.67,4625.58,-3326.33,-618.71
80,295,1642.41,4149.58,-3254.71,-542.791
85,295,1291.27,3646.18,-3188.5,-439.356
90,295,1047.49,3136.18,-3121.48,-316.883
95,295,899.997,2632.29,-3046.83,-182.33
100,295,837.656,2140.17,-2957.52,-41.2831
105,295,848.44,1659.73,-2847.09,101.808
110,295,917.717,1186.82,-2710.55,243.316
115,295,1026.31,715.619,-2545.33,380.085
120,295,1149.14,241.762,-2351.76,509.089
125,295,1255.37,-234.107,-2132.98,627.182
130,295,1311.08,-703.073,-1893.91,731.019
135,295,1284.58,-1146.09,-1639.69,817.261
140,295,1153.93,-1534.62,-1374.54,883.069
145,295,914.798,-1834.35,-1101.7,926.674
150,295,585.764,-2011.87,-825.207,947.667
155,295,208.641,-2042.72,-552.787,946.893
160,295,-157.516,-1918.99,-298.019,926.269
165,295,-447.4,-1653.71,-79.9912,889.215
170,295,-602.423,-1280.3,80.5708,841.878
175,295,-582.43,-846.403,167.792,794.256
180,295,-374.071,-403.482,177.271,759.537
0,300,2032.09,-8457.59,-198.132,6136.98
5,300,4534.89,-7648.85,-1380.74,5763.03
10,300,6629.44,-6298.75,-2463.82,5126.82
15,300,8191.48,-4547.67,-3385.8,4286.74
20,300,9163.91,-2569.08,-4099.55,3317.48
25,300,9554.72,-545.29,-4581,2300.24
30,300,9426.97,1356.43,-4833.9,1312.07
35,300,8882.9,3003.52,-4888.03,416.547
40,300,8044.98,4310.43,-4790.93,-342.491
45,300,7037.08,5241.53,-4596.3,-942.829
50,300,5969.22,5805.15,-4353.41,-1381.69
55,300,4928.18,6041.73,-4100.33,-1670.68
60,300,3974.33,6009.85,-3861.91,-1829.83
65,300,3143.43,5773.68,-3651.23,-1882.32
70,300,2451.47,5393.95,-3472.59,-1850.96
75,300,1900.37,4922.69,-3324.59,-1756.32
80,300,1483.29,4401.24,-3202.37,-1616.01
85,300,1188.88,3860.14,-3098.96,-1444.64
90,300,1004.12,3320.12,-3006.1,-1254
95,300,915.868,2793.3,-2914.74,-1053.25
100,300,911.146,2284.54,-2815.61,-849.358
105,300,976.279,1792.77,-2700.1,-647.473
110,300,1095.24,1312.8,-2561.18,-451.421
115,300,1247.74,837.632,-2394.52,-264.149
120,300,1407.78,361.646,-2199.27,-88.1126
125,300,1543.77,-115.82,-1978.19,74.4146
130,300,1620.88,-587.095,-1737.01,221.176
135,300,1606.27,-1034.26,-1482.92,350.008
140,300,1476.52,-1429.78,-1222.97,459.21
145,300,1225.77,-1740.15,-963.234,548.033
150,300,871.591,-1932.45,-709.368,616.896
155,300,456.058,-1982.13,-468.498,667.058
160,300,40.338,-1880.49,-250.938,700.035
165,300,-306.132,-1639.34,-70.1415,717.561
170,300,-519.12,-1291.18,60.1735,722.631
175,300,-552.485,-883.46,131.138,721.007
180,300,-388.097,-468.144,143.994,721.481
0,305,2007.09,-7890.53,-374.487,6850.75
5,305,4478.13,-7095.68,-1817.86,6360.6
10,305,6538.85,-5763.2,-3114.97,5539.88
15,305,8063.86,-4032.62,-4191.8,4465.2
20,305,8996.75,-2077.55,-4995.23,3233.93
25,305,9347.86,-81.0079,-5502.13,1950.98
30,305,9183.68,1788.84,-5723.64,714.848
35,305,8610.11,3399.07,-5701.48,-394.415
40,305,7752.59,4664.69,-5497.2,-1322.75
45,305,6736.81,5551.44,-5178.27,-2044.02
50,305,5673.31,6069.71,-4805.82,-2556.82
55,305,4648.36,6262.25,-4427.19,-2877.89
60,305,3721.1,6189.99,-4073.76,-3034.54
65,305,2925.67,5919.21,-3762.6,-3058.07
70,305,2276.17,5512.23,-3499.89,-2979.1
75,305,1772.5,5021.98,-3284.32,-2825.05
80,305,1405.82,4489.87,-3109.85,-2619.08
85,305,1162.77,3945.8,-2967.54,-2379.93
90,305,1028.51,3409.27,-2846.73,-2122.27
95,305,988.28,2890.88,-2735.92,-1857.16
100,305,1027.68,2393.84,-2623.64,-1592.71
105,305,1131.92,1915.5,-2499.35,-1334.69
110,305,1284.21,1449.24,-2354.51,-1087.12
115,305,1463.89,986.766,-2183.69,-852.753
120,305,1644.96,521.299,-1985.41,-633.481
125,305,1796.02,51.1753,-1762.52,-430.641
130,305,1882.37,-416.795,-1521.62,-245.274
135,305,1870.97,-865.413,-1271.73,-78.2188
140,305,1737.75,-1267.74,-1022.31,70.0672
145,305,1475.88,-1590.82,-781.734,199.847
150,305,1102.09,-1801.98,-556.882,312.227
155,305,658.113,-1876.47,-354.005,408.697
160,305,205.852,-1804.66,-180.011,490.257
165,305,-183.315,-1596.78,-42.6673,556.996
170,305,-442.16,-1283.49,51.2968,608.921
175,305,-521.12,-910.699,99.8839,647.73
180,305,-399.17,-529.244,109.621,677.934
0,310,1966.81,-7263.42,-547.991,7512.39
5,310,4362.62,-6505.48,-2244.17,6912.51
10,310,6357.37,-5230.66,-3750.59,5919.49
15,310,7826.99,-3572.73,-4980.28,4626.87
20,310,8716.34,-1699.18,-5873.64,3153.38
25,310,9037.01,212.659,-6408.16,1626.47
30,310,8856.33,1999.66,-6601.9,164.88
35,310,8280.16,3532.99,-6508.03,-1135.95
40,310,7432.94,4730.65,-6201.57,-2212.78
45,310,6438.46,5560.32,-5763.24,-3036.4
50,310,5405,6033.33,-5265.65,-3607.41
55,310,4416.55,6192.74,-4765.18,-3948.03
60,310,3530.27,6099.41,-4299.64,-4093.04
65,310,2778.61,5819.34,-3890.07,-4081.78
70,310,2174.21,5414.33,-3544.46,-3952.49
75,310,1715.64,4936.39,-3261.5,-3739.04
80,310,1392.79,4425.54,-3033.79,-3469.63
85,310,1191.21,3909.82,-2850.17,-3166.6
90,310,1095.09,3406.53,-2697.47,-2847.04
95,310,1088.85,2923.97,-2561.81,-2523.57
100,310,1157.47,2463.12,-2429.78,-2205.29
105,310,1285.7,2019.38,-2289.45,-1898.52
110,310,1456.55,1584.49,-2131.5,-1607.46
115,310,1649.47,1148.97,-1950.17,-1334.65
120,310,1838.95,705.174,-1744.06,-1081.32
125,310,1994.26,250.811,-1516.51,-847.676
130,310,2081.39,-207.815,-1275.16,-633.341
135,310,2067.72,-653.993,-1030.58,-437.598
140,310,1929.25,-1061.29,-794.134,-259.487
145,310,1658.74,-1397.23,-575.891,-97.6594
150,310,1272.28,-1629.4,-383.348,49.6365
155,310,810.886,-1732.81,-221.537,183.99
160,310,335.923,-1696.77,-93.9019,305.776
165,310,-81.3476,-1529.57,-2.75213,413.448
170,310,-373.252,-1259.22,51.7137,504.191
175,310,-489.271,-928.768,73.7448,575.929
180,310,-407.206,-586.316,74.4141,629.228
0,315,1911.57,-6581.03,-717.325,8116.85
5,315,4190.58,-5881.42,-2651.12,7418.11
10,315,6088.29,-4701.33,-4357.22,6273.21
15,315,7484.54,-3164.13,-5735.78,4790.27
20,315,8326.26,-1425.35,-6720.48,3106.84
25,315,8625.2,349.616,-7288.77,1370.3
30,315,8446.88,2008.17,-7464.72,-282.723
35,315,7893.55,3429.57,-7311.66,-1743.45
40,315,7084.66,4536.86,-6916.7,-2940.97
45,315,6138.58,5299.78,-6372.52,-3843.93
50,315,5158.6,5729.29,-5762.28,-4455.25
55,315,4224.79,5866.61,-5150.67,-4802.63
60,315,3391.63,5770.12,-4581.54,-4927.96
65,315,2689.9,5503.3,-4079.67,-4878.12
70,315,2131.25,5125.44,-3654.74,-4698.33
75,315,1713.64,4686.09,-3305.4,-4428.28
80,315,1426.6,4222.63,-3022.97,-4100.56
85,315,1255.53,3760.33,-2794.24,-3740.61
90,315,1184.62,3313.67,-2603.82,-3367.51
95,315,1198.4,2888.21,-2435.85,-2995.21
100,315,1282.02,2482.47,-2275.48,-2633.63
105,315,1420.43,2089.81,-2110.03,-2289.56
110,315,1596.96,1700.49,-1930.02,-1967.32
115,315,1791.54,1304.01,-1729.94,-1669.09
120,315,1979.37,892.126,-1509.03,-1395.21
125,315,2130.66,462.171,-1271.49,-1144.55
130,315,2212.41,20.0499,-1026.16,-915.029
135,315,2192.93,-418.054,-785.04,-704.157
140,315,2048.83,-826.368,-560.971,-509.353
145,315,1773.1,-1173.04,-365.06,-328.047
150,315,1381.42,-1426.05,-204.802,-157.814
155,315,913.78,-1560.19,-83.6102,2.96653
160,315,429.851,-1563.6,-1.48054,153.937
165,315,-1.13562,-1442.31,44.2459,291.893
170,315,-313.412,-1220.99,59.0333,411.369
175,315,-457.72,-938.564,52.3105,506.918
180,315,-412.142,-638.926,38.6406,575.733
0,320,1841.78,-5848.56,-881.199,8659.54
5,320,3965.49,-5226.22,-3030.54,7876.75
10,320,5736.71,-4173.12,-4921.9,6607.6
15,320,7041.9,-2798.24,-6443.18,4971.56
20,320,7830.91,-1239.96,-7521.26,3121.22
25,320,8114.76,353.762,-8132.79,1220.02
30,320,7954.8,1845.69,-8306.3,-581.111
35,320,7446.31,3126.55,-8113.26,-2162.89
40,320,6700.2,4125.99,-7650.67,-3448.57
45,320,5826.19,4815.61,-7021.21,-4405.54
50,320,4920.15,5204.56,-6316.95,-5039.07
55,320,4056.8,5330.05,-5609.88,-5381.7
60,320,3287.31,5245.73,-4949.15,-5481.5
65,320,2640.88,5010.4,-4363.02,-5391.86
70,320,2128.65,4679.22,-3862.83,-5164.01
75,320,1748.71,4297.94,-3447.5,-4842.67
80,320,1491.05,3900.51,-3107.54,-4464.21
85,320,1341.72,3508.9,-2828.43,-4056.7
90,320,1285.65,3134.54,-2593.31,-3641
95,320,1308.15,2780.25,-2385.06,-3232.14
100,320,1395.1,2442.25,-2187.98,-2840.73
105,320,1532.19,2112.14,-1988.98,-2473.86
110,320,1703.47,1778.93,-1778.63,-2135.74
115,320,1889.72,1431.38,-1551.92,-1827.98
120,320,2067.14,1060.78,-1308.91,-1549.86
125,320,2207.15,664.051,-1055.01,-1298.69
130,320,2278.14,246.527,-800.455,-1070.49
135,320,2249.81,-176.42,-558.722,-860.765
140,320,2100.01,-579.987,-343.852,-665.083
145,320,1822.48,-933.233,-167.446,-479.44
150,320,1432.72,-1204.67,-36.375,-300.62
155,320,969.344,-1368.93,47.9466,-126.991
160,320,489.234,-1413.01,88.8407,40.2337
165,320,57.8564,-1340.43,93.1928,196.122
170,320,-262.966,-1171.9,70.8877,332.733
175,320,-427.083,-941.188,35.0893,441.772
180,320,-413.941,-686.673,2.57306,517.856
0,325,1757.97,-5071.58,-1038.37,9136.32
5,325,3692.06,-4542.19,-3374.87,8287.58
10,325,5309.54,-3641.99,-5432.36,6927.67
15,325,6506.19,-2462.48,-7087.69,5183.46
20,325,7235.77,-1120.75,-8261.07,3217.72
25,325,7507.96,257.127,-8927.38,1204.91
30,325,7377.98,1553.13,-9117.58,-694.275
35,325,6931.43,2672.04,-8908.54,-2353.53
40,325,6267.68,3551.21,-8404.21,-3692.46
45,325,5485.12,4163.76,-7714.58,-4677.89
50,325,4670.16,4515.64,-6938.53,-5317.04
55,325,3890.83,4638.14,-6153.92,-5646.13
60,325,3194.47,4578.04,-5414.51,-5717.87
65,325,2608.74,4387.69,-4751.84,-5590.62
70,325,2144.76,4116.58,-4179.27,-5320.35
75,325,1801.43,3805.77,-3696.76,-4955.82
80,325,1569.9,3485.22,-3295.12,-4536.6
85,325,1437.41,3173.54,-2959.7,-4093.09
90,325,1390.07,2879.3,-2673.25,-3647.69
95,325,1414.23,2602.95,-2418.18,-3216.36
100,325,1496.73,2338.9,-2178.28,-2810.15
105,325,1624.21,2077.5,-1940.03,-2436.22
110,325,1781.71,1806.94,-1693.78,-2098.47
115,325,1951.2,1515.46,-1434.76,-1797.85
120,325,2110.29,1193.88,-1163.82,-1532.48
125,325,2232.1,838.458,-887.71,-1298.11
130,325,2286.93,453.589,-618.376,-1088.76
135,325,2246.55,53.4014,-370.923,-897.733
140,325,2090.66,-338.655,-160.459,-718.401
145,325,1814.23,-692.837,1.36141,-544.977
150,325,1432.73,-978.402,108.834,-373.213
155,325,982.865,-1169.99,162.831,-201.451
160,325,517.707,-1253.51,169.698,-31.921
165,325,97.458,-1229.88,139.543,128.585
170,325,-221.618,-1115.4,85.1047,269.826
175,325,-397.812,-937.89,21.553,381.295
180,325,-412.59,-729.194,-33.5141,456.038
0,330,1660.78,-4256,-1187.63,9543.57
5,330,3376.07,-3831.36,-3677.32,8649.47
10,330,4815.43,-3102.44,-5877.27,7236.49
15,330,5886.39,-2141.3,-7655.01,5434.38
20,330,6547.8,-1040.89,-8924.47,3410.48
25,330,6807.74,97.6302,-9657.59,1344.35
30,330,6714.04,1178.09,-9885.38,-598.827
35,330,6340.65,2121.09,-9686.81,-2289.73
40,330,5773.23,2872.35,-9169.19,-3646.62
45,330,5096.77,3406.21,-8446.54,-4636.43
50,330,4386.52,3724.37,-7622.08,-5267.62
55,330,3702.65,3850.67,-6777.93,-5578.43
60,330,3088.06,3823.41,-5971.85,-5624.22
65,330,2568.78,3686.86,-5238.83,-5466.3
70,330,2156.27,3483.65,-4595.18,-5163.69
75,330,1850.77,3249.37,-4043.17,-4768.03
80,330,1645.18,3009.72,-3575.43,-4321.33
85,330,1528.4,2780.07,-3178.59,-3855.85
90,330,1487.9,2566.61,-2836.11,-3395.23
95,330,1511.09,2368.11,-2530.46,-2956.12
100,330,1585.67,2177.95,-2244.96,-2549.81
105,330,1699.08,1985.9,-1965.28,-2183.41
110,330,1837.4,1779.9,-1680.98,-1860.57
115,330,1983.99,1547.91,-1386.98,-1581.74
120,330,2118.3,1280.23,-1084.68,-1344.22
125,330,2215.77,972.179,-782.231,-1142.45
130,330,2249.41,626.736,-493.503,-968.557
135,330,2193.81,256.331,-235.399,-813.359
140,330,2031.29,-117.342,-23.9932,-667.573
145,330,1758.4,-466.051,129.374,-523.055
150,330,1390.5,-760.074,220.59,-374.131
155,330,961.806,-974.313,252.936,-219.059
160,330,520.561,-1093.77,235.268,-61.2996
165,330,120.563,-1116.82,179.649,90.3025
170,330,-188.543,-1055.13,99.8561,223.391
175,330,-370.21,-930.011,11.1769,325.997
180,330,-408.099,-766.166,-69.3462,390.749
0,335,1550.95,-3408.02,-1327.86,9878.19
5,335,3024.31,-3095.63,-3932.06,8960.9
10,335,4264.65,-2548.1,-6246.48,7534.79
15,335,5193.46,-1817.33,-8131.59,5727.79
20,335,5775.9,-970.823,-9495.54,3705.71
25,335,6018.74,-83.3957,-10306.3,1646.83
30,335,5961.84,771.877,-10592.1,-284.97
35,335,5666.47,1532.25,-10430.6,-1961.62
40,335,5203.31,2152.15,-9928.43,-3302.5
45,335,4642.62,2607,-9200,-4275.31
50,335,4047.19,2893.76,-8350.15,-4888.92
55,335,3468.22,3027.98,-7463.69,-5181.78
60,335,2943.38,3038.39,-6601.92,-5209.51
65,335,2496.72,2960.06,-5803.9,-5034
70,335,2140.06,2827.76,-5090.15,-4715.23
75,335,1875.39,2670.88,-4466.93,-4306.03
80,335,1697.8,2510.64,-3930.26,-3849.61
85,335,1598.25,2359.38,-3469.32,-3379.25
90,335,1565.77,2221.47,-3068.98,-2919.22
95,335,1588.78,2094.85,-2712.06,-2486.54
100,335,1655.6,1972.76,-2381.15,-2092.66
105,335,1754.19,1845.29,-2060.61,-1744.87
110,335,1871.46,1700.74,-1738.67,-1447.07
115,335,1992.1,1527.18,-1409.5,-1199.98
120,335,2097.74,1314.45,-1074.76,-1000.95
125,335,2166.72,1056.7,-743.937,-843.737
130,335,2175.59,755.142,-432.863,-718.828
135,335,2102.68,420.082,-160.203,-614.334
140,335,1933.55,71.0614,57.2061,-517.616
145,335,1666.63,-265.575,208.697,-417.381
150,335,1316.82,-561.495,292.04,-305.982
155,335,915.169,-792.229,312.819,-181.492
160,335,504.278,-942.202,281.628,-48.8422
165,335,130.833,-1007.37,210.991,80.8551
170,335,-162.525,-994.729,113.77,193.359
175,335,-344.449,-918.91,3.47152,276.081
180,335,-400.502,-797.306,-104.65,322.486
0,340,1429.32,-2534.11,-1457.98,10137.6
5,340,2644.38,-2336.94,-4134.33,9219.95
10,340,3669.01,-1972.36,-6531.32,7820.89
15,340,4440.43,-1472.62,-8504.89,6061.98
20,340,4931.44,-880.182,-9958.28,4101.39
25,340,5148.22,-243.754,-10854.4,2109.56
30,340,5122.92,386.488,-11216.3,243.269
35,340,4904.05,964.327,-11116.4,-1375.07
40,340,4546.96,1452.89,-10656.7,-2668.46
45,340,4106.57,1828.84,-9948.57,-3606.19
50,340,3632.39,2084.49,-9095.62,-4196.81
55,340,3165.68,2227.11,-8183.87,-4477.19
60,340,2737.93,2275.54,-7277.9,-4500.81
65,340,2370.51,2255.08,-6421.58,-4327.49
70,340,2075.27,2191.95,-5640.97,-4015.54
75,340,1855.94,2108.82,-4947.81,-3616.68
80,340,1710.04,2022.11,-4342.8,-3173.42
85,340,1630.9,1941.29,-3818.46,-2718.55
90,340,1609.36,1869.38,-3361.45,-2276.06
95,340,1634.94,1804.28,-2954.84,-1862.9
100,340,1696.45,1739.99,-2580.3,-1490.8
105,340,1782.18,1667.76,-2220.61,-1167.88
110,340,1879.55,1576.99,-1862.45,-899.441
115,340,1974.48,1456.37,-1499.07,-687.856
120,340,2050.83,1295.51,-1132.29,-531.866
125,340,2090.27,1087.43,-772.781,-425.659
130,340,2073.56,831.395,-438.075,-358.515
135,340,1983.49,535.293,-148.256,-315.592
140,340,1809.32,216.127,79.5231,-280.119
145,340,1551.29,-102.1,235.668,-236.738
150,340,1223.4,-392.939,319.98,-175.198
155,340,852.846,-633.013,339.986,-93.2538
160,340,476.012,-806.527,306.988,2.47079
165,340,132.363,-907.26,232.327,98.4444
170,340,-142.111,-937.667,126.002,178.866
175,340,-320.599,-905.911,-1.99316,231.454
180,340,-389.857,-822.379,-139.158,251.769
0,345,1296.8,-1640.92,-1577.01,10319.9
5,345,2244.58,-1557.43,-4280.63,9424.26
10,345,3041.7,-1369,-6724.81,8090.67
15,345,3642.46,-1089.98,-8763.82,6430.07
20,345,4028.62,-739.767,-10297.1,4587.29
25,345,4206.95,-342.898,-11281.7,2718.72
30,345,4202.91,71.7219,-11733.2,968.47
35,345,4052.94,473.348,-11715.5,-550.903
40,345,3797.64,833.468,-11322.3,-1768.6
45,345,3476.75,1130.3,-10658.6,-2656.36
50,345,3126.24,1352.26,-9824.43,-3221.98
55,345,2776.69,1499.07,-8905.62,-3499.28
60,345,2452.48,1580.27,-7969.68,-3537.34
65,345,2171.35,1611.58,-7065.77,-3391.14
70,345,1944.39,1610.54,-6226.34,-3114.38
75,345,1776.56,1592.83,-5469.52,-2754.77
80,345,1667.66,1569.92,-4801.31,-2351.58
85,345,1613.45,1548.41,-4217.89,-1935.17
90,345,1606.77,1530.31,-3707.76,-1527.97
95,345,1638.46,1513.91,-3254.22,-1146.37
100,345,1698.06,1494.64,-2838.04,-802.713
105,345,1774.24,1465.54,-2440.58,-506.931
110,345,1854.9,1417.75,-2047.24,-267.202
115,345,1927.08,1341.12,-1650.59,-89.3569
120,345,1976.85,1225.51,-1252.66,24.7398
125,345,1989.36,1063.11,-865.086,79.1737
130,345,1949.87,851.409,-506.628,85.2369
135,345,1845.87,595.757,-198.091,60.8531
140,345,1670.36,310.29,43.7415,27.5897
145,345,1425.03,16.1426,210.81,5.6687
150,345,1122.32,-262.705,304.945,8.4747
155,345,784.98,-504.475,335.009,38.6832
160,345,443.054,-693.495,311.779,87.8431
165,345,129.319,-821.613,243.738,140.013
170,345,-125.781,-887.101,136.258,178.311
175,345,-298.663,-892.232,-5.57535,191.742
180,345,-376.246,-841.192,-172.607,179.136
0,350,1154.43,-735.234,-1684.03,10423.7
5,350,1833.63,-759.624,-4368.76,9571.14
10,350,2397.05,-732.866,-6821.95,8337.74
15,350,2816.74,-654.203,-8899.22,6820.37
20,350,3084.75,-523.401,-10497.6,5145.55
25,350,3209.94,-344.303,-11567.9,3450.23
30,350,3212.58,-127.458,-12116.4,1860.86
35,350,3118.62,109.931,-12195.8,476.351
40,350,2955.08,346.988,-11888.8,-641.025
45,350,2747.42,563.87,-11291.2,-1466.44
50,350,2518.4,746.237,-10497.5,-2006.81
55,350,2287.73,887.788,-9592.06,-2291.74
60,350,2071.94,990.122,-8644.75,-2363.98
65,350,1884.06,1060.42,-7709.72,-2271.13
70,350,1733.29,1108.21,-6825.83,-2059.32
75,350,1624.83,1142.47,-6017.5,-1769.21
80,350,1560.02,1169.87,-5296,-1434.09
85,350,1536.67,1194.15,-4661.08,-1079.78
90,350,1549.67,1216.36,-4103.15,-725.807
95,350,1591.51,1235.28,-3605.93,-387.518
100,350,1652.94,1247.81,-3149.73,-78.1661
105,350,1723.43,1249.03,-2715.15,189.511
110,350,1791.72,1232.13,-2286.9,402.997
115,350,1846.14,1188.59,-1857.41,551.335
120,350,1874.94,1109.12,-1429.12,627.92
125,350,1866.67,985.749,-1014.41,633.861
130,350,1810.88,814.637,-632.587,580.323
135,350,1699.46,598.797,-304.314,488.178
140,350,1528.52,349.255,-45.1754,384.039
145,350,1300.47,83.7521,138.755,293.324
150,350,1025.44,-176.802,251.188,232.734
155,350,721.339,-412.681,301.499,205.373
160,350,412.288,-608.599,298.608,200.964
165,350,125.577,-754.737,246.585,201.417
170,350,-112.109,-845.724,144.771,189.445
175,350,-278.602,-878.935,-7.55876,156.32
180,350,-359.77,-853.604,-204.742,105.14
0,355,1003.26,176.045,-1778.24,10448.1
5,355,1420.54,53.4481,-4397.94,9657.62
10,355,1750.28,-60.386,-6820,8553.8
15,355,1982.41,-153.171,-8904.38,7217
20,355,2120.34,-209.625,-10547.3,5751.68
25,355,2176.78,-217.61,-11693.7,4271.03
30,355,2168.78,-173.323,-12339.4,2879.83
35,355,2113.69,-83.1038,-12524,1660.25
40,355,2026.79,38.6983,-12317.2,664.037
45,355,1920.72,174.501,-11803.9,-88.3162
50,355,1805.98,308.616,-11071.7,-602.772
55,355,1691.82,430.658,-10202.1,-903.957
60,355,1586.58,536.373,-9266.33,-1026.84
65,355,1497.69,626.287,-8322.43,-1009.57
70,355,1431.13,703.389,-7414.52,-888.275
75,355,1390.91,771.02,-6572.36,-694.061
80,355,1378.7,831.596,-5811.78,-451.932
85,355,1393.63,886.204,-5135.88,-181.33
90,355,1432.35,934.715,-4537.1,102.223
95,355,1489.28,976.01,-4000.21,384.902
100,355,1556.92,1008.02,-3505.88,652.424
105,355,1626.31,1027.45,-3034.79,888.692
110,355,1687.67,1029.46,-2571.84,1076
115,355,1731.03,1007.43,-2109.91,1197.29
120,355,1746.94,953.598,-1652.03,1240.27
125,355,1727.05,860.672,-1211.12,1202.26
130,355,1664.59,724.287,-806.407,1093.65
135,355,1554.87,545.522,-457.517,937.759
140,355,1396,332.231,-178.057,765.787
145,355,1189.96,98.3404,28.219,607.885
150,355,943.822,-138.791,166.572,483.673
155,355,670.688,-361.789,245.941,396.481
160,355,389.664,-555.909,272.077,334.361
165,355,124.386,-709.942,243.363,277.641
170,355,-99.9199,-815.654,152.227,209.486
175,355,-260.371,-866.878,-8.16025,124.36
180,355,-340.557,-859.519,-235.319,30.3431
0,360,844.458,1085.99,-1858.91,10393
5,360,1014.34,878.109,-4368.84,9680.61
10,360,1117.13,649.917,-6718.68,8729.05
15,360,1160.15,421.18,-8775.63,7600.78
20,360,1158.97,216.871,-10437.1,6375.85
25,360,1131.83,59.527,-11642.7,5140.82
30,360,1094.75,-37.4612,-12377.6,3975.98
35,360,1058.74,-72.8131,-12667.6,2944.54
40,360,1029.46,-55.7975,-12568.3,2086.29
45,360,1008.57,-1.53053,-12152.7,1416.79
50,360,995.866,74.3829,-11500.7,931.05
55,360,991.025,159.67,-10689.8,609.992
60,360,994.467,246.736,-9791.02,427.367
65,360,1007.42,331.943,-8864.35,355.69
70,360,1031.44,413.937,-7957.24,370.23
75,360,1067.86,492.096,-7103.11,450.891
80,360,1117.2,565.616,-6321.25,582.246
85,360,1178.85,633.265,-5617.72,752.246
90,360,1250.74,693.486,-4987.34,950.12
95,360,1329.25,744.544,-4416.66,1163.99
100,360,1409.09,784.489,-3887.7,1378.8
105,360,1483.61,810.868,-3382.17,1575.28
110,360,1545.21,820.29,-2885.97,1730.71
115,360,1586.14,808.132,-2392.92,1822.13
120,360,1599.39,768.732,-1906.86,1831.69
125,360,1579.31,696.393,-1441,1752.84
130,360,1521.83,587.127,-1014,1594.75
135,360,1424.3,440.651,-643.74,1382.23
140,360,1285.29,261.77,-341.313,1149.75
145,360,1105.07,60.4076,-108.051,930.787
150,360,887.122,-149.841,62.3453,746.794
155,360,640.146,-354.023,177.369,600.895
160,360,379.704,-537.96,238.458,479.779
165,360,128.064,-689.423,237.466,363.032
170,360,-88.41,-798.334,159.658,235.258
175,360,-243.937,-856.671,-7.54573,94.8756
180,360,-318.751,-858.893,-264.105,-44.6844
