Theta[deg],Phi[deg],re(rETheta)[mV],im(rETheta)[mV],re(rEPhi)[mV],im(rEPhi)[mV]
0,0,1058.82,1057.45,-949.632,10659.2
5,0,1204.9,827.56,-3585.46,10232
10,0,1275.31,590.573,-6078.46,9544.05
15,0,1281.25,365.36,-8286.49,8642.9
20,0,1243.12,174.645,-10096.6,7597.7
25,0,1183.53,37.9031,-11438.2,6489.1
30,0,1121.37,-34.8085,-12288.4,5396.75
35,0,1068.6,-45.3202,-12667.7,4387.65
40,0,1030.22,-5.41647,-12629.7,3508.46
45,0,1006.36,68.0776,-12248.7,2783.28
50,0,995.222,158.682,-11607.9,2216.19
55,0,995.242,253.953,-10789.9,1796.82
60,0,1006.16,346.601,-9870.78,1506.84
65,0,1028.95,433.541,-8915.38,1325.55
70,0,1065.13,514.049,-7974.86,1233.61
75,0,1116.03,588.119,-7085.2,1214.8
80,0,1182.14,655.546,-6267.11,1256
85,0,1262.72,715.691,-5527.28,1345.93
90,0,1355.47,767.624,-4860.79,1473.26
95,0,1456.36,810.275,-4254.48,1624.52
100,0,1559.55,842.381,-3691.12,1782.36
105,0,1657.43,862.145,-3153.92,1924.96
110,0,1741.13,866.716,-2630.92,2027.27
115,0,1801.19,851.772,-2118.54,2064.76
120,0,1828.56,811.642,-1622.98,2019.18
125,0,1815.46,740.287,-1158.71,1884.94
130,0,1755.92,633.159,-743.922,1673.33
135,0,1645.84,489.397,-394.052,1411.79
140,0,1483.19,313.401,-116.339,1137.02
145,0,1268.49,114.928,91.8531,883.654
150,0,1006.31,-92.5068,239.391,673.032
155,0,707.284,-294.254,333.891,507.501
160,0,389.603,-476.945,374.505,373.311
165,0,78.8692,-629.712,349.586,250.786
170,0,-194.65,-744.084,241.526,126.512
175,0,-400.963,-813.315,37.1194,1.24696
180,0,-516.254,-832.229,-261.367,-110.337
0,5,972.024,1982.43,-1038.3,10526.5
5,5,881.491,1708.03,-3512.67,10178
10,5,727.11,1409.71,-5873.36,9649.98
15,5,537.022,1107.92,-7990.29,8972.72
20,5,344.783,828.153,-9756.84,8189.85
25,5,180.535,593.71,-11102,7353.17
30,5,64.5368,419.163,-11995.6,6514.94
35,5,4.83795,307.399,-12446.7,5720.26
40,5,-1.01763,251.017,-12496.5,5001.62
45,5,38.0941,236.762,-12207.9,4376.92
50,5,111.205,250.557,-11655.5,3850.89
55,5,208.276,281.076,-10916.6,3419.02
60,5,321.473,321.008,-10064.1,3072.29
65,5,445.155,366.426,-9161.57,2801.28
70,5,575.344,415.289,-8259.57,2598.54
75,5,709.189,466.048,-7394.41,2459.23
80,5,844.588,516.84,-6587.79,2380.1
85,5,979.842,565.294,-5847.94,2357.59
90,5,1113.2,608.74,-5171.92,2385.56
95,5,1242.31,644.512,-4548.76,2453.06
100,5,1363.68,670.168,-3963.49,2542.81
105,5,1472.42,683.485,-3401.54,2630.88
110,5,1562.49,682.219,-2853.15,2688.62
115,5,1627.28,663.733,-2316.82,2687.01
120,5,1660.59,624.741,-1800.37,2603.47
125,5,1657.23,561.469,-1319.03,2429.05
130,5,1613.12,470.493,-890.287,2173.22
135,5,1524.79,350.189,-527.4,1863.18
140,5,1388.92,202.329,-234.534,1536.37
145,5,1202.97,33.0671,-6.40149,1228.2
150,5,967.346,-147.338,166.579,960.135
155,5,688.965,-326.141,289.807,734.041
160,5,384.363,-490.427,357.393,535.93
165,5,80.3923,-629.101,351.067,347.348
170,5,-188.888,-733.773,246.908,158.313
175,5,-388.719,-798.547,27.5696,-25.1045
180,5,-491.51,-819.446,-305.367,-182.451
0,10,877.831,2892.33,-1119.07,10313.6
5,10,581.82,2588.16,-3392.37,10048.1
10,10,227.359,2258.27,-5580.17,9682.63
15,10,-142.687,1920.87,-7566.65,9231.03
20,10,-482.406,1598.59,-9253.72,8712.66
25,10,-753.653,1312.34,-10571.5,8151.06
30,10,-933.435,1075.75,-11484.2,7571.25
35,10,-1015.77,892.578,-11990.5,6996.4
40,10,-1008.46,757.89,-12119.4,6444.82
45,10,-927.261,661.825,-11923,5928.33
50,10,-790.169,593.804,-11467.2,5452.53
55,10,-613.872,545.52,-10822.7,5018.79
60,10,-412.437,511.991,-10057.7,4627.08
65,10,-197.421,490.977,-9231.94,4278.32
70,10,21.7129,481.576,-8393.29,3975.66
75,10,237.46,482.791,-7576.53,3724.13
80,10,444.35,492.611,-6803.16,3529.01
85,10,638.905,507.731,-6082.46,3393.52
90,10,819.178,523.841,-5413.5,3316.34
95,10,983.932,536.259,-4787.86,3289.43
100,10,1131.72,540.646,-4193.23,3296.61
105,10,1260.24,533.614,-3617.6,3313.69
110,10,1366.28,512.984,-3053.56,3310.67
115,10,1446.17,477.606,-2501.54,3256.68
120,10,1496.34,426.732,-1970.76,3127.04
125,10,1513.64,359.283,-1476.8,2910.77
130,10,1494.83,273.529,-1036.3,2615.45
135,10,1435.63,167.698,-660.437,2266.47
140,10,1330.13,41.5569,-350.82,1899.43
145,10,1171.9,-101.712,-100.407,1547.81
150,10,957.432,-254.512,100.001,1231.37
155,10,691.21,-405.639,252.643,950.911
160,10,390.192,-542.81,346.192,692.819
165,10,84.8812,-655.69,356.185,440.905
170,10,-184.751,-737.772,253.595,189.335
175,10,-377.878,-786.258,18.468,-50.555
180,10,-463.025,-800.426,-347.043,-253.176
0,15,776.957,3780.21,-1191.32,10022.3
5,15,313.176,3461.11,-3229.69,9840.61
10,15,-209.521,3128.28,-5207.97,9632.01
15,15,-736.248,2794.47,-7026.25,9396.33
20,15,-1210.05,2474.52,-8596.88,9131.1
25,15,-1584.75,2181.37,-9853.21,8833.91
30,15,-1833.5,1922.63,-10755.4,8504.31
35,15,-1950.65,1699.26,-11293.4,8144.66
40,15,-1947.33,1506.92,-11485.4,7759.71
45,15,-1844.03,1338.85,-11373.1,7355.55
50,15,-1663.79,1188.84,-11013.9,6938.75
55,15,-1428.15,1053.1,-10471.4,6516.3
60,15,-1155.95,930.813,-9807.14,6096.27
65,15,-863.632,823.36,-9075.51,5688.52
70,15,-565.528,732.842,-8319.96,5304.78
75,15,-273.601,660.485,-7572.26,4957.74
80,15,3.1681,605.453,-6852.68,4659.15
85,15,259.096,564.411,-6170.95,4417.46
90,15,491.431,531.906,-5527.82,4235.42
95,15,699.35,501.383,-4917.3,4108.02
100,15,882.742,466.548,-4329.72,4021.34
105,15,1041.28,422.686,-3755.64,3952.9
110,15,1174.06,367.519,-3189.79,3874.1
115,15,1279.84,301.226,-2634.28,3755.09
120,15,1357.16,225.478,-2099.23,3571.64
125,15,1404.15,141.825,-1600.29,3312.21
130,15,1417.43,50.3164,-1153.09,2982.48
135,15,1390.83,-50.6225,-767.09,2604.52
140,15,1315.03,-162.552,-442.161,2209.59
145,15,1179.58,-284.332,-170.654,1826.77
150,15,977.801,-410.114,55.1027,1472.37
155,15,713.361,-529.73,233.451,1145.76
160,15,405.767,-631.788,347.679,834.242
165,15,91.2861,-707.869,368.114,524.734
170,15,-182.625,-755.227,262.319,215.867
175,15,-368.383,-776.278,9.59047,-76.2574
180,15,-431.017,-775.314,-386.078,-321.974
0,20,670.171,4639.33,-1254.5,9654.68
5,20,81.8468,4319.44,-3030.95,9554.17
10,20,-570.754,4009.28,-4768.48,9489.51
15,20,-1223.78,3713.84,-6384.06,9449.34
20,20,-1811.06,3436.32,-7802.17,9413.16
25,20,-2278.78,3177.19,-8961.28,9356.44
30,20,-2595.53,2933.7,-9819.8,9256.46
35,20,-2754.42,2700.79,-10360.7,9096.94
40,20,-2767.96,2472.94,-10593.1,8870.33
45,20,-2659.47,2246.09,-10549.5,8577.4
50,20,-2455.21,2018.9,-10278.8,8225.5
55,20,-2179.96,1793.15,-9836.85,7826.49
60,20,-1855.98,1573.36,-9278.11,7395.33
65,20,-1503.34,1365.71,-8650.13,6949.09
70,20,-1140.22,1176.43,-7990.79,6506
75,20,-782.247,1010.05,-7327.9,6084.14
80,20,-441.457,867.95,-6679.64,5699.6
85,20,-125.712,747.756,-6055.48,5364.4
90,20,161.032,643.772,-5457.27,5084.38
95,20,417.637,548.376,-4880.97,4857.5
100,20,644.404,453.98,-4319.2,4673
105,20,841.979,355.018,-3764.72,4511.83
110,20,1010.86,249.315,-3214.12,4349.11
115,20,1151.32,138.255,-2670.68,4158.5
120,20,1263.23,25.4989,-2145,3918.33
125,20,1345.14,-85.3258,-1652.33,3617.69
130,20,1392.77,-192.77,-1207.25,3260.35
135,20,1397.43,-298.103,-817.934,2863.85
140,20,1346.17,-403.503,-483.457,2453.27
145,20,1224.97,-508.741,-196.752,2051.44
150,20,1025.16,-608.63,47.2958,1670.14
155,20,751.362,-693.512,242.719,1307.13
160,20,427.586,-753.267,367.929,951.118
165,20,97.4485,-782.657,389.484,592.594
170,20,-183.242,-784.482,273.572,234.493
175,20,-360.175,-768.153,0.694692,-103.271
180,20,-395.728,-744.302,-422.174,-388.322
0,25,558.284,5463.13,-1308.14,9213.6
5,25,-107.088,5155.22,-2803.44,9188.54
10,25,-845.702,4888.69,-4275.72,9248.53
15,25,-1588.02,4659.57,-5659.16,9374.29
20,25,-2260.93,4457.02,-6891.56,9531.9
25,25,-2803.92,4265.85,-7918.44,9679.74
30,25,-3180.64,4069.78,-8698.62,9777.18
35,25,-3381.68,3855.12,-9210.42,9792.52
40,25,-3419.3,3613.54,-9455.77,9707.57
45,25,-3317.86,3343.07,-9459.18,9518.27
50,25,-3105.28,3047.39,-9261.53,9232.19
55,25,-2808.28,2734.34,-8910.83,8864.92
60,25,-2451.25,2414.32,-8453.91,8436.75
65,25,-2056.66,2098.8,-7930.98,7970.19
70,25,-1645.24,1798.61,-7373.74,7488.11
75,25,-1235.09,1522.14,-6805.37,7012.15
80,25,-840.469,1273.74,-6241.34,6561.11
85,25,-471.04,1053,-5690.15,6149.2
90,25,-132.111,855.224,-5154.05,5784.52
95,25,174.248,673.023,-4630.31,5467.75
100,25,447.824,498.731,-4113.28,5191.64
105,25,689.185,326.841,-3597.47,4941.61
110,25,899.151,155.688,-3080.8,4697.85
115,25,1078.55,-12.3281,-2567.28,4438.99
120,25,1227.65,-172.257,-2067.39,4147.1
125,25,1344.72,-319.294,-1595.61,3812.59
130,25,1423.97,-451.238,-1165.39,3437.22
135,25,1453.96,-569.06,-784.034,3033.38
140,25,1418.42,-674.817,-450.683,2619.03
145,25,1300.59,-767.997,-159.901,2209.98
150,25,1091.26,-842.993,90.1301,1813.14
155,25,797.766,-890.259,289.124,1424.79
160,25,450.136,-901.466,411.559,1035.41
165,25,100.276,-875.811,422.015,639.045
170,25,-187.59,-823.154,287.474,242.269
175,25,-353.166,-761.177,-8.49041,-132.501
180,25,-357.427,-707.625,-455.057,-451.714
0,30,442.148,6245.36,-1351.81,8702.39
5,30,-249.922,5960.18,-2555.28,8744.5
10,30,-1026.33,5752.34,-3745.7,8905.02
15,30,-1815.23,5608.69,-4874.29,9160.06
20,30,-2539.19,5503.56,-5892.9,9467.38
25,30,-3132.44,5404.6,-6755.73,9773.98
30,30,-3553.77,5280.14,-7424.21,10026.6
35,30,-3790.46,5106.05,-7874.37,10182.1
40,30,-3853.06,4869.8,-8102.84,10213.9
45,30,-3765.57,4570.68,-8127.52,10113.5
50,30,-3556.31,4217.06,-7982.06,9888.19
55,30,-3252.78,3822.85,-7706.93,9555.67
60,30,-2880.39,3404.39,-7341.16,9139.83
65,30,-2462.74,2978.47,-6917.61,8666.87
70,30,-2021.75,2560.55,-6461.52,8162.79
75,30,-1576.71,2163.06,-5991.19,7651.52
80,30,-1143.03,1793.87,-5518.88,7153.52
85,30,-731.58,1455.47,-5051.48,6684.43
90,30,-348.921,1145.42,-4590.98,6253.98
95,30,1.5888,858.052,-4135.28,5865.21
100,30,318.565,586.986,-3679.91,5514.29
105,30,601.68,327.76,-3220.57,5191.13
110,30,851.217,79.5985,-2756.08,4881.16
115,30,1067.72,-154.386,-2290.62,4568.21
120,30,1251.05,-368.783,-1834.09,4238.24
125,30,1398.52,-558.577,-1399.86,3883
130,30,1502.43,-721.455,-1000.19,3502.27
135,30,1548.64,-858.035,-641.838,3103.23
140,30,1518.05,-969.492,-324.721,2696.82
145,30,1392.33,-1053.93,-45.7363,2292.06
150,30,1163.19,-1104.44,193.311,1891.44
155,30,842.16,-1111.45,378.269,1490.17
160,30,466.318,-1069.06,481.031,1080.54
165,30,96.0354,-981.997,466.201,659.734
170,30,-196.781,-868.257,303.682,236.884
175,30,-347.228,-754.437,-18.2681,-164.643
180,30,-316.406,-665.563,-484.478,-511.669
0,35,322.647,6980.06,-1385.21,8124.96
5,35,-344.448,6725.94,-2295.06,8223.95
10,35,-1107.57,6585,-3195.88,8457.8
15,35,-1895.97,6535.83,-4055.17,8801.03
20,35,-2630.76,6538.6,-4839.13,9208.13
25,35,-3242.76,6544.13,-5511.91,9620.73
30,35,-3686.6,6505.02,-6039.53,9978.73
35,35,-3945.8,6385.81,-6397.91,10231.9
40,35,-4028.32,6168.68,-6580.33,10348.1
45,35,-3956.73,5853.2,-6599.52,10315.3
50,35,-3758.76,5451.79,-6482.83,10139.7
55,35,-3461.73,4983.96,-6263.68,9839.66
60,35,-3090.97,4471.82,-5973.76,9440.93
65,35,-2669.98,3937.27,-5638.72,8971.67
70,35,-2220.46,3400.27,-5277.52,8459.64
75,35,-1761.54,2877.33,-4903.4,7930.17
80,35,-1308.68,2380.07,-4525.07,7404.77
85,35,-873.195,1914.52,-4147.3,6900.06
90,35,-462.549,1481.49,-3771.15,6427.05
95,35,-81.3464,1078.11,-3394.59,5990.72
100,35,267.652,700.357,-3013.76,5590.08
105,35,582.854,345.52,-2625.12,5218.87
110,35,863.515,13.9063,-2227.98,4866.96
115,35,1109.29,-291.002,-1826.37,4522.57
120,35,1319.02,-564.023,-1429.36,4174.9
125,35,1488.42,-800.632,-1049.01,3816.68
130,35,1607.58,-998.729,-696.435,3445.71
135,35,1659.7,-1158.33,-378.128,3064.52
140,35,1623.57,-1278.98,-95.159,2677.88
145,35,1480.45,-1356.54,152.925,2289.11
150,35,1224.34,-1382.33,360.873,1897.2
155,35,872.044,-1346.87,511.601,1496.75
160,35,468.092,-1247.39,576.1,1081.75
165,35,80.7428,-1095.02,521.09,651.661
170,35,-211.883,-916.356,321.345,216.782
175,35,-342.163,-746.862,-28.9687,-200.147
180,35,-272.977,-618.435,-510.211,-567.73
0,40,200.69,7661.64,-1408.06,7485.69
5,40,-390.041,7444.19,-2031.64,7630.03
10,40,-1087.66,7371.18,-2644.64,7908.81
15,40,-1825.77,7414.58,-3229.71,8297.63
20,40,-2527.13,7522.69,-3767.25,8752.25
25,40,-3121.4,7631.45,-4232.22,9214.7
30,40,-3560.16,7678.97,-4596.89,9623.81
35,40,-3823.4,7618.71,-4838.99,9927.15
40,40,-3916.06,7426.97,-4950.23,10089.9
45,40,-3858.64,7102.63,-4939.48,10098
50,40,-3677.56,6661.21,-4828.76,9956.13
55,40,-3399.15,6127.27,-4645.27,9682.37
60,40,-3047.55,5528.31,-4413.97,9302.43
65,40,-2644.79,4891.19,-4153.9,8844.89
70,40,-2210.88,4240.19,-3877.97,8337.97
75,40,-1763.38,3595.71,-3594.38,7807.41
80,40,-1316.62,2973.07,-3307.98,7275.13
85,40,-881.424,2381.87,-3020.89,6758.33
90,40,-465.537,1826.35,-2732.72,6268.89
95,40,-74.3864,1306.83,-2440.91,5813.18
100,40,288.127,821.963,-2141.79,5392.3
105,40,619.202,371.024,-1832.31,5002.78
110,40,916.907,-44.593,-1512.14,4637.75
115,40,1179.64,-421.232,-1185.14,4288.59
120,40,1404.63,-754.209,-859.594,3946.7
125,40,1585.52,-1039.63,-546.371,3605.27
130,40,1709.81,-1275.44,-255.62,3260.3
135,40,1758.26,-1460.55,6.23097,2910.47
140,40,1708.26,-1592.2,236.795,2555.74
145,40,1541.75,-1663.52,434.014,2195.18
150,40,1256.14,-1664.01,589.862,1825.37
155,40,874.111,-1584.77,685.686,1440.75
160,40,447.333,-1426.82,693.499,1036.55
165,40,50.6265,-1208.12,584.208,613.384
170,40,-233.751,-963.744,339.106,181.261
175,40,-337.686,-737.291,-40.9347,-239.182
180,40,-227.47,-566.601,-532.061,-619.47
0,45,77.2065,8284.9,-1420.19,6789.45
5,45,-387.686,8106.95,-1773.85,6967.02
10,45,-968.258,8095.78,-2110.6,7263.19
15,45,-1605.62,8219.08,-2426.89,7656.53
20,45,-2227.34,8416.67,-2716.75,8107.91
25,45,-2764.5,8613.24,-2966.42,8564.8
30,45,-3167.28,8735.16,-3155.68,8970.38
35,45,-3412.8,8726.25,-3265.61,9274.74
40,45,-3503.08,8557.06,-3287.76,9443.78
45,45,-3456.32,8225.09,-3228.22,9463.05
50,45,-3297.16,7748.09,-3104.63,9336.2
55,45,-3050.08,7154.99,-2938.76,9080.11
60,45,-2736.86,6478.32,-2749.7,8719.34
65,45,-2376.52,5749.69,-2550.58,8281.36
70,45,-1985.73,4997.47,-2348.68,7793.4
75,45,-1578.87,4245.46,-2147.23,7280.35
80,45,-1167.82,3512.01,-1946.99,6763.53
85,45,-761.937,2809.53,-1747.02,6259.87
90,45,-368.415,2144.95,-1544.93,5781.41
95,45,7.09953,1521.17,-1337.27,5335.24
100,45,360.016,939.096,-1120.29,4923.76
105,45,686.581,399.724,-891.414,4545.34
110,45,983.697,-94.5359,-650.758,4195.31
115,45,1248.26,-539.755,-402.342,3867.09
120,45,1475.51,-931.461,-154.027,3553.47
125,45,1656.55,-1265.89,84.1119,3247.67
130,45,1776.21,-1540.37,302.562,2944.15
135,45,1813.12,-1751.98,494.75,2638.74
140,45,1744.04,-1895.17,657.025,2328.03
145,45,1552.6,-1960.21,785.29,2008.3
150,45,1240.34,-1935.17,869.8,1674.7
155,45,835.806,-1812.35,891.992,1321.66
160,45,396.775,-1597.15,826.935,944.976
165,45,2.61446,-1314.33,651.628,545.164
170,45,-262.848,-1006.65,355.171,130.517
175,45,-333.406,-724.531,-54.497,-281.626
180,45,-180.232,-510.455,-549.861,-666.495
0,50,-46.865,8845.12,-1421.51,6041.53
5,50,-339.946,8706.74,-1530.16,6240.38
10,50,-754.532,8744.85,-1611.94,6529.07
15,50,-1242.21,8925.48,-1675.58,6890.41
20,50,-1738.57,9184.29,-1727.83,7293.14
25,50,-2178.95,9439.57,-1766.31,7694.22
30,50,-2514.16,9610.16,-1779.12,8045.78
35,50,-2719.58,9633.01,-1751.8,8304.75
40,50,-2794.74,9473.97,-1676.68,8441.17
45,50,-2755.52,9129.02,-1557.8,8442.21
50,50,-2624.31,8617.49,-1408.97,8311.35
55,50,-2422.87,7972.01,-1247.28,8064.12
60,50,-2169.19,7229.72,-1086.74,7723.04
65,50,-1877.48,6426.52,-935.295,7313.21
70,50,-1559.18,5594.21,-795.202,6859.31
75,50,-1223.84,4759.05,-664.96,6383.82
80,50,-879.559,3941.03,-541.196,5905.96
85,50,-533.229,3153.83,-419.717,5441.1
90,50,-190.853,2405.56,-295.969,5000.37
95,50,142.178,1700.34,-165.42,4590.71
100,50,460.935,1040.37,-24.2626,4215.1
105,50,760.946,427.845,129.525,3873.12
110,50,1038.03,-133.891,295.026,3561.59
115,50,1287.53,-640.294,467.668,3275.39
120,50,1502.54,-1086.41,639.493,3008.21
125,50,1671.63,-1467.68,800.696,2753.26
130,50,1777.14,-1779.84,941.974,2503.94
135,50,1796.21,-2017.39,1056.39,2254.25
140,50,1705.89,-2171.64,1139.18,1998.73
145,50,1492.31,-2230.23,1184.83,1732.08
150,50,1161.42,-2180.42,1183.11,1448.69
155,50,746.941,-2016.42,1117.29,1142.78
160,50,310.975,-1748.22,967.417,809.848
165,50,-65.201,-1406.85,718.21,449.012
170,50,-299.093,-1041.44,367.432,65.6383
175,50,-328.812,-707.434,-69.9434,-327.069
180,50,-131.623,-450.423,-563.477,-708.448
0,55,-170.58,9338.01,-1412.02,5247.64
5,55,-250.883,9236.84,-1308.39,5456.56
10,55,-455.022,9306.27,-1165.72,5717.25
15,55,-747.876,9513.45,-1003.28,6017.28
20,55,-1076.25,9794.67,-839.419,6334.93
25,55,-1382.74,10067.6,-682.818,6639.41
30,55,-1621.05,10249.1,-530.25,6895.29
35,55,-1766.25,10273.1,-372.359,7069.93
40,55,-1815.91,10103.1,-202.688,7140.54
45,55,-1783.42,9734.05,-23.4326,7098.08
50,55,-1688.27,9186.56,155.274,6946.92
55,55,-1548.23,8496.26,320.737,6701.42
60,55,-1375.86,7703.98,463.39,6381.5
65,55,-1178.63,6848.98,579.652,6008.77
70,55,-960.871,5965.15,671.574,5603.94
75,55,-725.735,5079.55,744.775,5185.42
80,55,-476.472,4211.92,806.323,4768.72
85,55,-216.964,3375.26,863.351,4366.14
90,55,48.2149,2577.01,922.348,3986.72
95,55,314.013,1821.05,988.686,3636.33
100,55,575.236,1109.81,1066.05,3317.9
105,55,826.816,446.077,1155.67,3031.73
110,55,1063.67,-165.98,1255.61,2775.86
115,55,1279.78,-720.887,1360.44,2546.37
120,55,1466.41,-1212.51,1461.75,2337.81
125,55,1610.06,-1634.57,1549.59,2143.7
130,55,1691.42,-1980.31,1614.5,1957.09
135,55,1687.15,-2241.02,1648.96,1771.22
140,55,1575.64,-2404.76,1647.2,1579.81
145,55,1346.15,-2456.92,1602.91,1376.86
150,55,1008.82,-2384.59,1506.51,1156.23
155,55,601.173,-2184.33,1344.64,911.496
160,55,187.152,-1870.56,1103.93,636.771
165,55,-153.178,-1479.5,777.992,328.62
170,55,-341.748,-1064.82,373.64,-11.4492
175,55,-323.276,-684.953,-87.4807,-374.829
180,55,-82.0119,-386.964,-572.805,-745.009
0,60,-292.996,9759.84,-1391.78,4413.81
5,60,-125.919,9691.43,-1115.51,4622.92
10,60,-81.3974,9770.31,-787.159,4840.73
15,60,-140.259,9967.37,-434.808,5059.51
20,60,-263.642,10224.5,-87.0336,5267.64
25,60,-404.431,10465.1,237.197,5447.95
30,60,-521.673,10610.3,532.527,5579.61
35,60,-591.478,10596.5,803.11,5642.91
40,60,-609.753,10387.7,1054.23,5624.61
45,60,-586.79,9979.47,1285.87,5521.23
50,60,-537.894,9393.52,1491.96,5339.01
55,60,-475.239,8667.42,1664.24,5091.36
60,60,-404.089,7844.22,1797.19,4795.14
65,60,-323.421,6964.56,1890.75,4467.57
70,60,-228.979,6062.41,1950.18,4124.19
75,60,-116.557,5163.4,1984.08,3778.1
80,60,15.8618,4284.98,2002.19,3439.79
85,60,167.387,3437.61,2013.68,3117.38
90,60,334.613,2626.68,2026.26,2816.87
95,60,512.556,1854.7,2045.62,2542.34
100,60,695.64,1123.56,2074.98,2296.11
105,60,878.293,436.133,2114.62,2078.8
110,60,1054.83,-202.929,2161.56,1889.31
115,60,1218.37,-787.238,2209.53,1724.86
120,60,1359.11,-1309.22,2249.62,1581.02
125,60,1462.5,-1760.43,2271.64,1452.1
130,60,1508.9,-2131.1,2265.8,1331.78
135,60,1475.93,-2409.06,2223.89,1213.69
140,60,1344.53,-2579.21,2139.17,1091.78
145,60,1107.55,-2625.1,2004.97,960.011
150,60,778.627,-2534.06,1813.17,811.706
155,60,397.107,-2305.04,1554.91,639.106
160,60,25.8059,-1956.1,1224.41,433.928
165,60,-259.865,-1527.09,824.708,189.182
170,60,-389.36,-1074.04,371.614,-98.0902
175,60,-316.062,-656.201,-107.195,-423.985
180,60,-31.7766,-320.56,-577.773,-775.9
0,65,-413.183,10107.4,-1360.95,3546.39
5,65,28.3552,10065.7,-957.288,3747.55
10,65,351.953,10130,-489.026,3914.07
15,65,558.348,10277.3,8.81582,4042.47
20,65,669.113,10459.8,499.149,4130.73
25,65,718.106,10613.2,953.888,4175.34
30,65,738.661,10669.6,1359.74,4170.69
35,65,752.516,10573.8,1716.04,4111.17
40,65,765.693,10294.9,2027.37,3994.41
45,65,772.387,9830.82,2296.6,3823.5
50,65,763.481,9204.21,2522.38,3607.12
55,65,734.475,8453.07,2701.19,3357.63
60,65,689.082,7620.16,2831.21,3088.42
65,65,637.946,6744.81,2914.88,2811.64
70,65,594.408,5858.32,2959.17,2537.01
75,65,570.023,4982.63,2974.02,2271.71
80,65,571.708,4131.13,2970.28,2020.78
85,65,601.066,3310.62,2957.91,1787.79
90,65,655.405,2523.71,2944.88,1575.38
95,65,729.537,1771.15,2936.55,1385.49
100,65,817.45,1053.86,2935.34,1219.4
105,65,913.242,374.283,2940.55,1077.58
110,65,1010.99,-262.976,2948.29,959.357
115,65,1103.62,-851.172,2951.73,862.754
120,65,1181.17,-1381.69,2941.78,784.444
125,65,1229.43,-1844.13,2908.23,720.085
130,65,1230.08,-2225.9,2841.08,664.869
135,65,1163.44,-2511.59,2731.46,613.984
140,65,1014.21,-2683.25,2571.77,562.592
145,65,779.166,-2722.96,2355.17,505.127
150,65,474.432,-2618.33,2075.43,434.258
155,65,138.896,-2370.15,1728.61,340.264
160,65,-168.985,-1998.84,1316.82,211.619
165,65,-381.907,-1545.79,852.385,37.0805
170,65,-439.765,-1067.05,359.471,-191.055
175,65,-306.349,-620.505,-129.012,-473.419
180,65,18.7005,-251.716,-578.344,-800.886
0,70,-530.225,10378,-1319.76,2651.98
5,70,204.411,10356,-838.187,2839
10,70,828.444,10381.5,-281.132,2952.68
15,70,1321.9,10439.5,311.448,2992.93
20,70,1686.38,10497,895.99,2966.08
25,70,1939.82,10507.9,1437,2880.95
30,70,2106,10422.5,1914.46,2746.24
35,70,2203.93,10200.2,2323.72,2570.02
40,70,2242.57,9819.78,2669.36,2360.73
45,70,2222.88,9283.78,2957.84,2128.1
50,70,2144.6,8615.59,3193.11,1883.06
55,70,2013.1,7851.37,3376.57,1636.56
60,70,1842.23,7030.38,3509.55,1398.07
65,70,1652.28,6187.24,3595.74,1174.41
70,70,1464.89,5347.81,3642.06,969.472
75,70,1297.88,4528.38,3657.94,784.788
80,70,1162.1,3737.27,3653.66,620.44
85,70,1061.06,2977.25,3638.67,475.99
90,70,992.613,2248.16,3620.33,351.085
95,70,951.462,1548.98,3603.2,245.667
100,70,931.4,879.489,3588.72,159.811
105,70,926.448,241.172,3575.19,93.3549
110,70,930.762,-362.203,3558.01,45.4973
115,70,937.535,-924.424,3530.13,14.5846
120,70,937.546,-1436.74,3482.69,-1.78072
125,70,918.244,-1887.65,3405.94,-6.32686
130,70,864.323,-2262.49,3290.03,-1.65222
135,70,760.469,-2543.36,3125.73,9.85555
140,70,596.342,-2710.07,2904.74,25.3606
145,70,372.809,-2743.46,2620.14,40.2073
150,70,107.392,-2631.18,2267.61,46.4113
155,70,-163.763,-2374.81,1847.9,31.939
160,70,-389.622,-1995.33,1370.45,-18.4412
165,70,-514.138,-1533.38,855.957,-120.525
170,70,-490.166,-1042.56,335.853,-286.734
175,70,-293.267,-577.436,-152.663,-521.867
180,70,69.0353,-180.956,-574.513,-819.777
0,75,-643.232,10569.7,-1268.52,1737.38
5,75,394.05,10560,-761.152,1906.17
10,75,1329.93,10524,-169.902,1972.06
15,75,2121.75,10456.6,462.563,1937.42
20,75,2748.86,10343.1,1088.64,1814.96
25,75,3211.15,10161,1667.69,1623.39
30,75,3521.49,9885.11,2174.73,1383.24
35,75,3696.27,9495.79,2602.31,1114.21
40,75,3749.19,8985.96,2955.65,834.02
45,75,3690.84,8364.8,3245.03,557.847
50,75,3532.82,7655.88,3479.72,298.031
55,75,3292.32,6890.9,3665.64,63.5788
60,75,2993.64,6102.05,3806.38,-140.188
65,75,2665.53,5315.9,3905.51,-311.551
70,75,2335.95,4550.44,3968.28,-451.724
75,75,2027.12,3815.12,4001.92,-563.746
80,75,1752.66,3112.84,4014.78,-651.27
85,75,1517.69,2442.52,4014.85,-717.586
90,75,1320.94,1801.46,4008.39,-765.112
95,75,1157.62,1186.94,3998.92,-795.367
100,75,1021.84,597.278,3986.87,-809.339
105,75,907.793,32.4817,3969.59,-808.006
110,75,809.833,-505.296,3941.92,-792.725
115,75,721.652,-1011.29,3896.77,-765.271
120,75,635.348,-1477.63,3825.89,-727.44
125,75,541.069,-1892.8,3720.37,-680.427
130,75,427.874,-2241.27,3571.05,-624.441
135,75,286.134,-2503.65,3368.75,-559.086
140,75,111.331,-2658.34,3104.83,-484.777
145,75,-91.5521,-2685.21,2772.42,-404.908
150,75,-304.564,-2571.48,2368.74,-327.89
155,75,-496.226,-2318.25,1898.46,-267.963
160,75,-625.42,-1945.06,1377.01,-243.993
165,75,-649.86,-1489.42,831.842,-276.18
170,75,-537.277,-1000.19,300.131,-381.347
175,75,-275.946,-526.836,-177.662,-567.986
180,75,118.845,-108.819,-566.31,-832.429
0,80,-751.343,10680.9,-1207.63,809.564
5,80,588.701,10676.1,-727.527,958.021
10,80,1837.41,10559.7,-158.123,987.093
15,80,2927.88,10337.1,457.736,900.565
20,80,3815.56,10015,1071.25,715.126
25,80,4480.91,9598.91,1639.43,455.904
30,80,4925.34,9093.44,2134.6,151.452
35,80,5163.45,8504.84,2547.78,-170.519
40,80,5215.87,7844.12,2885.11,-486.1
45,80,5105.93,7128.81,3160.15,-776.842
50,80,4859.86,6381.84,3386.42,-1030.35
55,80,4508.02,5627.9,3573.11,-1240.11
60,80,4084.59,4888.88,3724.87,-1404.71
65,80,3624.73,4180.55,3843.94,-1526.65
70,80,3160.19,3511.36,3932.73,-1610.93
75,80,2715.42,2883.3,3995.27,-1663.59
80,80,2305.76,2293.91,4037.21,-1690.42
85,80,1937.95,1738.52,4064.62,-1696.19
90,80,1612.3,1211.93,4082.46,-1684.25
95,80,1325.34,709.442,4093.26,-1656.81
100,80,1072,227.491,4096.54,-1615.41
105,80,846.873,-235.96,4088.87,-1561.6
110,80,644.519,-680.906,4064.6,-1497.27
115,80,459.211,-1104.62,4016.74,-1424.44
120,80,284.714,-1500.87,3937.72,-1344.59
125,80,114.51,-1859.08,3819.75,-1257.75
130,80,-57.2089,-2163.93,3654.7,-1162.13
135,80,-233.74,-2395.69,3433.99,-1054.84
140,80,-413.474,-2532.17,3149.08,-933.941
145,80,-587.499,-2552.59,2793.25,-801.364
150,80,-738.195,-2443.35,2364.82,-665.484
155,80,-840.025,-2203.88,1871.11,-542.14
160,80,-863.377,-1850.45,1331.61,-453.196
165,80,-781.294,-1415.24,778.41,-422.655
170,80,-577.531,-940.396,252.555,-471.176
175,80,-253.567,-468.824,-203.289,-610.406
180,80,167.75,-35.8543,-553.797,-838.745
0,85,-853.736,10710.8,-1137.56,-124.415
5,85,779.727,10704.4,-737.014,3.40113
10,85,2331.78,10493.2,-244.833,11.3649
15,85,3710.27,10094.7,298.793,-96.3746
20,85,4845.91,9538.37,847.109,-301.939
25,85,5699.28,8860.81,1357.98,-577.906
30,85,6260.69,8100,1803.6,-892.625
35,85,6544.28,7291.68,2174.71,-1215.34
40,85,6579.95,6467.5,2478.04,-1520.19
45,85,6406.38,5654.32,2728.79,-1788.48
50,85,6066.38,4873.76,2942.49,-2009.38
55,85,5604.05,4141.56,3129.58,-2179.12
60,85,5062.46,3467.13,3294.24,-2299.41
65,85,4480.99,2853.64,3436.54,-2375.52
70,85,3892.69,2299.01,3555.65,-2414.47
75,85,3322.43,1797.49,3652.23,-2423.51
80,85,2786.36,1341.29,3729.11,-2409.03
85,85,2292.79,922.03,3790.36,-2375.92
90,85,1844.03,531.662,3839.65,-2327.49
95,85,1438.43,163.004,3878.69,-2265.72
100,85,1072.09,-189.936,3906.36,-2191.98
105,85,740.179,-531.6,3918.77,-2107.72
110,85,437.579,-864.348,3910,-2014.76
115,85,159.384,-1187.67,3873.25,-1915.09
120,85,-98.6451,-1497.23,3801.65,-1809.93
125,85,-339.406,-1783.93,3688.49,-1698.64
130,85,-563.494,-2033.38,3526.85,-1578.23
135,85,-768.069,-2226.32,3309.07,-1444.15
140,85,-945.801,-2340.65,3027.15,-1292.62
145,85,-1084.35,-2355.36,2674.65,-1124.05
150,85,-1166.92,-2255.82,2250.42,-946.172
155,85,-1174.4,-2039.04,1762.91,-775.421
160,85,-1089.21,-1716.64,1233.47,-635.568
165,85,-900.158,-1313.84,696.308,-553.444
170,85,-607.33,-864.46,194.351,-552.771
175,85,-225.431,-403.79,-228.595,-647.798
180,85,215.378,37.3836,-537.069,-838.679
0,90,-949.632,10659.2,-1058.82,-1057.45
5,90,958.733,10645.5,-787.687,-949.111
10,90,2794.55,10331.6,-425.39,-943.343
15,90,4440.17,9746.83,-6.35906,-1036.71
20,90,5801.67,8945.03,428.19,-1213.12
25,90,6820.4,7994.95,840.435,-1447.44
30,90,7476.75,6969.48,1205.05,-1710.56
35,90,7786.1,5935.27,1513.51,-1974.46
40,90,7789.49,4945.56,1772.12,-2216.3
45,90,7542.48,4036.77,1995.15,-2420.66
50,90,7105.3,3228.81,2196.93,-2579.85
55,90,6535.64,2527.72,2386.37,-2692.8
60,90,5884.35,1929.55,2565.59,-2763.07
65,90,5193.49,1424.24,2732,-2796.8
70,90,4495.83,998.75,2881.86,-2801.04
75,90,3815.31,639.206,3012.94,-2782.5
80,90,3167.95,332.083,3125.64,-2746.73
85,90,2563.09,64.7754,3222.2,-2697.7
90,90,2004.67,-174.176,3305.14,-2637.69
95,90,1492.62,-394.957,3375.55,-2567.72
100,90,1024.23,-606.292,3432.1,-2488.13
105,90,595.414,-815.124,3470.93,-2399.33
110,90,201.883,-1026.08,3486.39,-2302.29
115,90,-159.862,-1240.7,3472.14,-2198.33
120,90,-491.611,-1456.44,3421.99,-2088.28
125,90,-792.616,-1665.64,3330.2,-1971.29
130,90,-1058.8,-1855.03,3190.91,-1844.07
135,90,-1282.18,-2006.11,2997.52,-1701.41
140,90,-1450.8,-2097.31,2742.76,-1538.4
145,90,-1549.68,-2107.72,2420.52,-1353.99
150,90,-1563.1,-2021.92,2029.51,-1154.59
155,90,-1478.12,-1834.26,1577.78,-956.086
160,90,-1288.55,-1551.06,1086.19,-782.803
165,90,-998.338,-1189.58,588.576,-663.196
170,90,-623.317,-774.354,127.739,-623.141
175,90,-191.015,-332.375,-252.422,-678.925
180,90,261.367,110.337,-516.254,-832.229
0,95,-1038.3,10526.5,-972.024,-1982.43
5,95,1117.87,10501.3,-876.073,-1891.36
10,95,3208.59,10083.1,-691.679,-1867.44
15,95,5091.32,9313.66,-444.207,-1909.11
20,95,6648.68,8270.63,-165.745,-2005.07
25,95,7804.49,7054.75,113.608,-2137.28
30,95,8531.17,5773.09,373.431,-2284.99
35,95,8847.08,4522.3,606.565,-2428.96
40,95,8805.37,3376.29,817.368,-2554.53
45,95,8478.68,2380.51,1015.99,-2652.99
50,95,7944.11,1553.13,1211.84,-2721.34
55,95,7272.12,890.939,1409.17,-2760.87
60,95,6520.65,377.289,1606.33,-2775.45
65,95,5733.87,-10.7255,1797.84,-2770.06
70,95,4943.77,-297.176,1977.56,-2749.74
75,95,4172.67,-504.595,2141.28,-2718.95
80,95,3435.45,-653.047,2287.58,-2681.06
85,95,2741.13,-760.123,2417.27,-2638.07
90,95,2094,-841.208,2531.91,-2590.53
95,95,1494.62,-909.675,2632.32,-2537.71
100,95,941.059,-976.892,2717.5,-2478.21
105,95,430.273,-1052.04,2784.37,-2410.72
110,95,-40.4671,-1141.7,2828.27,-2334.61
115,95,-472.388,-1249.08,2843.83,-2250.03
120,95,-864.323,-1373.05,2825.75,-2157.27
125,95,-1212.07,-1507.03,2769.08,-2055.54
130,95,-1507.88,-1638.49,2668.84,-1941.9
135,95,-1740.13,-1749.55,2519.32,-1811.27
140,95,-1893.76,-1819.23,2313.94,-1658.18
145,95,-1952.11,-1827.11,2046.7,-1480.12
150,95,-1900.54,-1757.42,1715.46,-1281.6
155,95,-1731.34,-1602.25,1326.37,-1076.82
160,95,-1448.21,-1362.68,897.666,-889.366
165,95,-1068.56,-1047.84,460.562,-748.039
170,95,-622.656,-672.606,55.8583,-679.904
175,95,-150.034,-255.443,-273.437,-702.691
180,95,305.367,182.451,-491.51,-819.446
0,100,-1119.07,10313.6,-877.831,-2892.33
5,100,1250.13,10274.3,-997.284,-2815.71
10,100,3558.72,9757.15,-1032.47,-2753.73
15,100,5640.93,8816.07,-996.354,-2707.88
20,100,7358.16,7551.53,-908.453,-2674.74
25,100,8619.36,6094.15,-788.063,-2647.92
30,100,9391.45,4582.29,-648.712,-2620.62
35,100,9697.21,3139.49,-495.983,-2587.97
40,100,9601.96,1857.67,-329.219,-2548.24
45,100,9194.08,789.938,-145.648,-2502.57
50,100,8565.73,-47.0923,55.4809,-2453.81
55,100,7798.75,-664.407,270.744,-2405.23
60,100,6957.73,-1089.55,492.928,-2359.54
65,100,6089.35,-1356.91,713.162,-2318.58
70,100,5225.31,-1501.22,923.408,-2283.46
75,100,4386.22,-1554.11,1118.16,-2254.65
80,100,3584.81,-1543,1294.91,-2231.97
85,100,2828.11,-1491.15,1453.55,-2214.43
90,100,2118.88,-1418.12,1595.14,-2199.99
95,100,1456.89,-1340.24,1720.72,-2185.68
100,100,840.323,-1271.03,1830.26,-2167.96
105,100,267.347,-1221.35,1922.32,-2143.51
110,100,-262.542,-1199.21,1994.06,-2109.96
115,100,-747.595,-1209.05,2041.78,-2066.19
120,100,-1183.41,-1250.62,2061.45,-2011.92
125,100,-1562.77,-1317.85,2049.04,-1946.55
130,100,-1875.42,-1398.38,2000.24,-1867.72
135,100,-2107.77,-1474.5,1909.96,-1770.73
140,100,-2243.18,-1525.76,1771.99,-1649.61
145,100,-2264.14,-1532.51,1579.98,-1500.32
150,100,-2156.87,-1479.29,1330.11,-1324.96
155,100,-1917.47,-1356.68,1025.36,-1135.22
160,100,-1557.35,-1161.27,679.627,-952.812
165,100,-1105.04,-894.561,319.629,-805.774
170,100,-603.285,-562.108,-17.3686,-721.377
175,100,-102.489,-174.034,-290.183,-718.179
180,100,347.043,253.176,-463.025,-800.426
0,105,-1191.32,10022.3,-776.957,-3780.21
5,105,1349.54,9967.62,-1145.2,-3715.11
10,105,3832.3,9363.12,-1433.89,-3597.36
15,105,6070.53,8274.19,-1640.44,-3432.85
20,105,7907.71,6821.92,-1768.74,-3228.91
25,105,9241.29,5163.1,-1824.82,-2994.95
30,105,10035.4,3462.69,-1813.94,-2742.91
35,105,10318.3,1866.07,-1740.28,-2487
40,105,10166.4,479.125,-1608.61,-2242.12
45,105,9681.5,-639.567,-1426.34,-2021.61
50,105,8967.82,-1474.78,-1204.49,-1835.09
55,105,8116.62,-2043.42,-956.868,-1687.38
60,105,7198.69,-2381.36,-698.02,-1578.81
65,105,6263.96,-2532.38,-441.045,-1506.44
70,105,5344.9,-2540.7,-195.997,-1465.67
75,105,4460.85,-2446.9,30.7016,-1451.34
80,105,3621.82,-2286.05,236.015,-1458.32
85,105,2831.45,-2087.31,419.525,-1481.48
90,105,2089.29,-1874.26,582.452,-1515.48
95,105,1392.89,-1665.73,726.678,-1554.73
100,105,739.754,-1476.7,853.906,-1593.61
105,105,128.979,-1319,965.046,-1627.15
110,105,-437.636,-1201.45,1059.92,-1651.67
115,105,-955.312,-1129.15,1137.26,-1665.21
120,105,-1416.66,-1102.19,1194.96,-1667.19
125,105,-1812.17,-1114.44,1230.21,-1657.12
130,105,-2130.21,-1153.22,1239.44,-1632.98
135,105,-2356.51,-1200.64,1217.87,-1590.03
140,105,-2474.03,-1236.63,1159.17,-1521.51
145,105,-2464.93,-1242.61,1055.98,-1421.49
150,105,-2315.74,-1204.04,902.05,-1289.33
155,105,-2024.73,-1110.93,696.167,-1133.72
160,105,-1608.51,-956.526,446.723,-973.795
165,105,-1103.99,-735.796,174.663,-835.902
170,105,-564.121,-445.927,-87.4597,-746.617
175,105,-48.7044,-89.326,-301.15,-724.676
180,105,386.078,321.974,-431.017,-775.314
0,110,-1254.5,9654.68,-670.171,-4639.33
5,110,1411.45,9584.83,-1312.7,-4583.09
10,110,4019.59,8910.04,-1880,-4395.7
15,110,6366.52,7705.98,-2351.17,-4088.76
20,110,8281.8,6111.16,-2712.1,-3682.94
25,110,9655.24,4303.55,-2953.87,-3206.87
30,110,10450.8,2468.46,-3072.83,-2694.91
35,110,10702.7,766.868,-3072.23,-2183.56
40,110,10497,-686.437,-2963.7,-1706.78
45,110,9945.18,-1830.17,-2766.87,-1291.44
50,110,9160.2,-2650.74,-2506.69,-954.269
55,110,8240.19,-3169.2,-2209.34,-701.272
60,110,7261.21,-3427.05,-1898.35,-529.469
65,110,6276.91,-3474.74,-1592.19,-429.939
70,110,5321.54,-3364,-1303.6,-390.976
75,110,4414,-3143,-1040.05,-400.427
80,110,3561.76,-2853.71,-804.837,-446.94
85,110,2764.61,-2530.66,-598.134,-520.311
90,110,2018.03,-2200.96,-417.913,-611.384
95,110,1316.39,-1885.36,-260.774,-711.9
100,110,655.548,-1599.67,-122.707,-814.592
105,110,34.7164,-1356.07,0.167304,-913.561
110,110,-542.849,-1163.52,110.978,-1004.75
115,110,-1070.22,-1027.19,211.665,-1086.1
120,110,-1537.92,-947.078,302.762,-1157.06
125,110,-1935.07,-916.624,383.303,-1217.11
130,110,-2249.53,-922.597,450.665,-1263.9
135,110,-2467.11,-946.841,500.236,-1291.92
140,110,-2570.86,-969.735,525.069,-1292.87
145,110,-2542.65,-973.895,516.15,-1258.54
150,110,-2368.53,-946.184,464.152,-1185.42
155,110,-2047.29,-876.936,363.129,-1079.09
160,110,-1598.28,-757.292,215.394,-955.78
165,110,-1064.02,-577.263,35.4484,-839.521
170,110,-505.203,-327.112,-149.643,-755.408
175,110,10.6475,-2.58255,-304.845,-721.687
180,110,422.174,388.322,-395.728,-744.302
0,115,-1308.14,9213.6,-558.284,-5463.13
5,115,1432.63,9129.89,-1491.92,-5413.78
10,115,4114.12,8405.93,-2353.39,-5147.91
15,115,6520.45,7125.95,-3101.42,-4684.21
20,115,8471.95,5441.72,-3702.33,-4058.75
25,115,9854.69,3546.28,-4131.5,-3321.76
30,115,10634.7,1638.15,-4376.42,-2532.26
35,115,10852.2,-112.983,-4440.12,-1750.66
40,115,10600.6,-1588.84,-4342.06,-1030.82
45,115,9997.48,-2728.51,-4115.2,-413.258
50,115,9160.77,-3520.74,-3799.49,78.4773
55,115,8192.52,-3989.47,-3434.62,437.704
60,115,7172.55,-4179.35,-3054.3,671.325
65,115,6157.9,-4144.65,-2683.6,794.965
70,115,5185.14,-3941.71,-2338.85,828.203
75,115,4273.63,-3623.82,-2029.17,790.984
80,115,3429.21,-3237.82,-1758.2,701.54
85,115,2648.41,-2822.13,-1525.59,575.564
90,115,1922.85,-2406.47,-1328.13,426.123
95,115,1243.36,-2012.87,-1160.5,263.837
100,115,603.334,-1657.51,-1016.05,97.0014
105,115,0.713949,-1352.46,-887.622,-68.4342
110,115,-561.39,-1106.4,-768.343,-228.897
115,115,-1075.53,-924.163,-652.459,-382.912
120,115,-1531.57,-805.327,-536.037,-530.163
125,115,-1918.22,-742.913,-417.517,-669.802
130,115,-2223.35,-723.318,-298.142,-798.445
135,115,-2433.02,-728.346,-182.332,-908.849
140,115,-2530.23,-738.953,-77.9566,-990.474
145,115,-2496.1,-739.036,3.92169,-1032.5
150,115,-2315.41,-717.035,50.6281,-1028.61
155,115,-1985.95,-664.229,51.4122,-981.485
160,115,-1527.69,-570.938,2.53318,-904.505
165,115,-986.308,-423.967,-88.0516,-819.074
170,115,-427.758,-208.521,-199.161,-748.18
175,115,74.549,84.893,-299.876,-708.935
180,115,455.057,451.714,-357.427,-707.625
0,120,-1351.81,8702.39,-442.148,-6245.36
5,120,1411.38,8606.94,-1674.52,-6201.81
10,120,4112.78,7857.44,-2835.91,-5854.53
15,120,6529.16,6544.36,-3863.34,-5230.43
20,120,8476.53,4827.8,-4703.05,-4382.32
25,120,9840.95,2909,-5314.88,-3383.2
30,120,10592.2,992.173,-5678.13,-2317.31
35,120,10776,-751.19,-5796.34,-1268.92
40,120,10490.2,-2204.46,-5697.33,-311.01
45,120,9855.46,-3310.1,-5427.5,503.249
50,120,8990.84,-4060.09,-5041.88,1144.5
55,120,7999.41,-4480.52,-4593.88,1606.09
60,120,6962.64,-4617.33,-4127.97,1899.27
65,120,5939.89,-4525.88,-3676.67,2046.5
70,120,4969.91,-4263.93,-3260.89,2075.24
75,120,4073.12,-3886.62,-2892.1,2013.11
80,120,3254.85,-3442.72,-2574.76,1884.97
85,120,2509.67,-2972.3,-2308.21,1711.64
90,120,1826.26,-2506.11,-2088.09,1509.6
95,120,1192.18,-2066.67,-1907.23,1291.24
100,120,597.691,-1670.14,-1756.46,1065.25
105,120,38.1472,-1328.22,-1625.34,837.041
110,120,-485.324,-1049.14,-1503.16,609.208
115,120,-966.618,-837.283,-1379.98,382.402
120,120,-1396.43,-691.956,-1247.92,156.741
125,120,-1763.95,-606.084,-1102.25,-66.1835
130,120,-2057.31,-566.194,-942.294,-281.27
135,120,-2262.5,-554.489,-771.982,-478.832
140,120,-2361.94,-552.681,-600.018,-645.556
145,120,-2335.35,-545.844,-439.47,-767.895
150,120,-2165.47,-523.894,-306.163,-837.011
155,120,-1848.05,-479.38,-215.219,-853.176
160,120,-1402.16,-402.905,-175.902,-827.264
165,120,-874.541,-279.914,-186.44,-778.016
170,120,-334.181,-92.6823,-231.589,-725.907
175,120,141.652,171.8,-285.037,-686.353
180,120,484.478,511.669,-316.406,-665.563
0,125,-1385.21,8124.96,-322.647,-6980.06
5,125,1347.63,8020.29,-1852.03,-6942.3
10,125,4015.89,7269.62,-3309.22,-6516.91
15,125,6394.58,5966.8,-4609.35,-5739.83
20,125,8300.31,4274.74,-5679.02,-4680.98
25,125,9622.37,2395.71,-6463.53,-3435.84
30,125,10335.2,532.173,-6935.09,-2112.83
35,125,10488.8,-1148.91,-7098.38,-818.245
40,125,10183,-2536.97,-6989.52,357.862
45,125,9538.11,-3580.24,-6667.67,1351.71
50,125,8671.33,-4274.67,-6202.06,2129.65
55,125,7684.08,-4648.1,-5659.2,2685.93
60,125,6657.34,-4746.36,-5094.26,3036.25
65,125,5651.24,-4623.7,-4547.59,3209.52
70,125,4705.85,-4336.47,-4045.37,3240.23
75,125,3842.76,-3938.44,-3602.23,3162.59
80,125,3067.61,-3477.19,-3224.15,3006.94
85,125,2374.19,-2991.73,-2910.81,2798.1
90,125,1749.35,-2511.99,-2657.27,2555.01
95,125,1177.97,-2059.72,-2455.08,2291.09
100,125,647.066,-1650.45,-2292.99,2014.99
105,125,148.513,-1295.29,-2157.76,1731.36
110,125,-319.849,-1002.02,-2035.02,1441.85
115,125,-754.697,-774.835,-1910.71,1146.44
120,125,-1148.74,-613.213,-1772.72,845.375
125,125,-1492.33,-510.643,-1612.71,541.419
130,125,-1773.9,-454.489,-1427.5,241.874
135,125,-1978.99,-427.87,-1219.94,-40.7005
140,125,-2088.77,-413.387,-998.998,-290.007
145,125,-2081.02,-397.039,-779.186,-489.896
150,125,-1935.97,-369.87,-578.798,-629.47
155,125,-1646.88,-325.763,-416.497,-707.234
160,125,-1231.03,-256.497,-306.183,-732.108
165,125,-734.711,-147.949,-251.58,-720.414
170,125,-227.927,18.3047,-243.126,-689.96
175,125,210.319,256.88,-259.38,-654.067
180,125,510.211,567.73,-272.977,-618.435
0,130,-1408.06,7485.69,-200.69,-7661.64
5,130,1242.88,7374.31,-2016.09,-7630.71
10,130,3827.09,6645.81,-3755.53,-7136.59
15,130,6123.48,5394.16,-5313.11,-6224.5
20,130,7953.86,3779.33,-6597.27,-4980.7
25,130,9213.33,1997.45,-7540.45,-3521.31
30,130,9881.22,242.372,-8109.05,-1976.16
35,130,10010,-1328.84,-8309.26,-470.364
40,130,9698.89,-2614.98,-8184.77,892.155
45,130,9064.87,-3571.51,-7806.09,2039.59
50,130,8220.9,-4198.6,-7255.02,2935.68
55,130,7264.59,-4525.27,-6609.96,3576.26
60,130,6274.55,-4596.25,-5936.08,3981.24
65,130,5310.05,-4463.16,-5281.6,4184.94
70,130,4411.41,-4178.93,-4678.42,4227.34
75,130,3600.85,-3793.57,-4145.11,4147.53
80,130,2884.48,-3350.96,-3690.09,3979.63
85,130,2255.97,-2886.77,-3314.33,3751.03
90,130,1701.16,-2428.07,-3013.24,3482.05
95,130,1202.96,-1994.38,-2777.88,3186.56
100,130,745.542,-1599.57,-2595.72,2872.9
105,130,317.303,-1253.67,-2451.32,2545.04
110,130,-87.5954,-963.93,-2327.28,2203.87
115,130,-469.22,-734.642,-2205.76,1849.03
120,130,-822.93,-566.062,-2070.6,1481.21
125,130,-1140.63,-453.028,-1909.59,1104.64
130,130,-1411.15,-384.509,-1716.53,729.075
135,130,-1619.23,-345.066,-1492.34,370.111
140,130,-1744.42,-318.285,-1245.32,47.0143
145,130,-1762.29,-290.767,-990.425,-221.725
150,130,-1650.64,-254.211,-747.405,-423.665
155,130,-1400.37,-203.707,-537.403,-556.224
160,130,-1026.74,-132.894,-377.895,-627.054
165,130,-574.666,-29.6991,-277.191,-650.529
170,130,-113.335,122.821,-230.866,-641.95
175,130,278.676,338.939,-222.285,-612.369
180,130,532.061,619.47,-227.47,-566.601
0,135,-1420.19,6789.45,-77.2065,-8284.9
5,135,1100.18,6673.49,-2158.78,-8262.8
10,135,3553.16,5987.82,-4158.13,-7714.79
15,135,5726.98,4823.12,-5950.31,-6694.91
20,135,7452.75,3330.72,-7427.96,-5303.74
25,135,8633.23,1694.07,-8512.88,-3674.63
30,135,9252.21,92.4362,-9166.91,-1954.51
35,135,9362.46,-1331.18,-9397.66,-282.904
40,135,9059.82,-2487.01,-9255.03,1226.22
45,135,8455.56,-3338.18,-8818.74,2495.74
50,135,7656.36,-3888.57,-8181,3488.19
55,135,6754.41,-4167.6,-7430.39,4201.1
60,135,5824.49,-4217.98,-6641.21,4657.67
65,135,4923.66,-4087.79,-5869.34,4896.07
70,135,4091.3,-3825.47,-5152.85,4959.9
75,135,3349.45,-3476.11,-4515.04,4891.2
80,135,2704.36,-3078.56,-3967.76,4726.34
85,135,2149.67,-2663.67,-3514.3,4494.1
90,135,1670.74,-2254.19,-3151.37,4215.56
95,135,1249.27,-1865.97,-2870.36,3904.69
100,135,867.432,-1509.99,-2658.18,3569.45
105,135,510.919,-1194.28,-2497.95,3213.1
110,135,170.729,-925.087,-2369.94,2835.8
115,135,-156.409,-706.806,-2253.23,2436.84
120,135,-468.577,-540.866,-2128.03,2017.3
125,135,-759.428,-424.113,-1978.36,1582.86
130,135,-1018.24,-347.822,-1794.54,1145.76
135,135,-1228.99,-298.494,-1574.72,724.62
140,135,-1369.58,-260.813,-1325.46,341.612
145,135,-1413.65,-221.696,-1060.99,17.3504
150,135,-1337.16,-173.042,-801.447,-234.586
155,135,-1129.35,-110.937,-569.359,-411.13
160,135,-803.831,-31.3605,-384.686,-519.375
165,135,-403.556,74.3547,-259.276,-572.435
170,135,4.61471,219.734,-192.989,-583.573
175,135,344.687,416.876,-173.515,-561.692
180,135,549.861,666.495,-180.232,-510.455
0,140,-1421.51,6041.53,46.865,-8845.12
5,140,923.973,5922.37,-2272.85,-8834.54
10,140,3203.68,5296.14,-4501.96,-8251.89
15,140,5220.01,4246.84,-6499.38,-7158.71
20,140,6816.76,2912.03,-8145.1,-5666.68
25,140,7905.51,1456.91,-9352.79,-3921.51
30,140,8473.54,41.433,-10080.9,-2081.65
35,140,8571.67,-1208.3,-10338,-295.729
40,140,8289.76,-2214.92,-10178,1316.31
45,140,7731.14,-2948.76,-9687.14,2674.4
50,140,6994.58,-3416.35,-8965.5,3740.56
55,140,6165.56,-3646.45,-8109.99,4513.26
60,140,5313.87,-3678.92,-7203.1,5017.35
65,140,4493.2,-3557.72,-6308.27,5292.82
70,140,3740.96,-3326.48,-5470.21,5384.95
75,140,3078.23,-3025.14,-4717.74,5337.29
80,140,2510.97,-2687.3,-4067.05,5187.47
85,140,2032.84,-2338.63,-3524.55,4965.35
90,140,1629.18,-1996.92,-3088.88,4692.66
95,140,1281.38,-1673.46,-2752.33,4383.57
100,140,970.757,-1375.26,-2501.74,4045.62
105,140,681.505,-1107.3,-2319.38,3681.1
110,140,402.472,-873.987,-2183.96,3288.95
115,140,127.862,-679.333,-2072.28,2867.45
120,140,-142.83,-525.893,-1961.62,2417.49
125,140,-404.993,-412.81,-1832.58,1945.78
130,140,-648.529,-334.125,-1671.82,1466.77
135,140,-856.917,-278.676,-1474.14,1002.02
140,140,-1006.89,-232.394,-1243.44,576.605
145,140,-1070.91,-182.356,-992.346,213.233
150,140,-1024.22,-120.332,-740.428,-73.5388
155,140,-855.574,-43.2081,-510.718,-280.56
160,140,-577.64,50.3893,-324.625,-415.044
165,140,-231.183,164.723,-196.365,-489.681
170,140,120.58,308.36,-128.895,-516.465
175,140,406.236,489.686,-113.25,-502.582
180,140,563.477,708.448,-131.623,-450.423
0,145,-1412.02,5247.64,170.58,-9338.01
5,145,720.005,5125.67,-2352.03,-9342.06
10,145,2790.71,4570.35,-4774.02,-8747.03
15,145,4620.71,3656.02,-6941.99,-7619.93
20,145,6069.03,2502.3,-8726.96,-6079.14
25,145,7056.65,1251.88,-10037.2,-4276.74
30,145,7573.13,42.2541,-10828.8,-2376.2
35,145,7665.2,-1018.99,-11110.1,-529.5
40,145,7414.44,-1866.88,-10936.9,1141.46
45,145,6914.36,-2478.03,-10398.8,2555.52
50,145,6254.36,-2860.41,-9600.66,3673.93
55,145,5512.04,-3041.03,-8645.99,4494.49
60,145,4751.03,-3056.19,-7624.64,5041.38
65,145,4020.62,-2945.34,-6607.63,5354.14
70,145,3355.31,-2747.24,-5646.8,5478.04
75,145,2774.67,-2496.86,-4777.07,5457.22
80,145,2284.25,-2222.87,-4019.45,5330.42
85,145,1878.08,-1946.14,-3383.75,5128.89
90,145,1542.31,-1679.71,-2870.66,4875.56
95,145,1259.13,-1430.21,-2473.45,4585.12
100,145,1010.31,-1200.32,-2179.12,4264.64
105,145,779.825,-991.284,-1969.55,3914.93
110,145,555.521,-804.837,-1822.59,3532.84
115,145,329.918,-643.902,-1713.66,3114.58
120,145,100.578,-511.653,-1617.97,2659.8
125,145,-129.486,-409.323,-1513.3,2175.38
130,145,-350.991,-333.744,-1382.92,1677.46
135,145,-547.423,-276.223,-1218.16,1190.33
140,145,-695.211,-224.042,-1019.94,741.995
145,145,-766.902,-164.423,-798.823,357.455
150,145,-738.49,-88.8832,-573.381,52.3374
155,145,-599.692,4.98084,-366.509,-170.298
160,145,-363.121,115.745,-200.141,-318.36
165,145,-67.3279,242.678,-89.5569,-405.045
170,145,229.159,388.39,-39.257,-442.091
175,145,461.222,556.471,-42.1035,-435.669
180,145,572.805,745.009,-82.0119,-386.964
0,150,-1391.78,4413.81,292.996,-9759.84
5,150,495.076,4288.29,-2391.17,-9781.61
10,150,2328.29,3809.61,-4963.8,-9197.9
15,150,3949.73,3040.08,-7263.53,-8078.41
20,150,5235.27,2078.58,-9156.41,-6543.04
25,150,6115.34,1042.73,-10548.2,-4743.55
30,150,6580.61,45.9682,-11393.5,-2841.43
35,150,6671.92,-822.992,-11699.4,-986.163
40,150,6460.85,-1511,-11520.9,702.125
45,150,6029.58,-1999.9,-10947.4,2142.45
50,150,5456.88,-2298.13,-10086.3,3294.41
55,150,4811.26,-2430.22,-9045.39,4152.85
60,150,4148.99,-2428.47,-7921.18,4738.62
65,150,3513.74,-2327.58,-6792.23,5088.52
70,150,2936.28,-2161.25,-5717.69,5246.35
75,150,2434.28,-1959.46,-4738.7,5256.33
80,150,2013.13,-1746.24,-3880.88,5158.53
85,150,1668.01,-1538.13,-3156.97,4986.16
90,150,1387.02,-1344.14,-2569.27,4763.93
95,150,1154.51,-1166.98,-2111.68,4507.43
100,150,954.074,-1005.49,-1771.41,4223.25
105,150,770.754,-857.345,-1530.32,3910.27
110,150,592.483,-721.457,-1366.15,3562.47
115,150,410.987,-599.128,-1253.88,3173
120,150,222.505,-493.482,-1167.65,2739.21
125,150,28.7087,-407.159,-1083.3,2267.19
130,150,-162.107,-339.235,-981.451,1773.98
135,150,-334.109,-283.173,-850.499,1286.19
140,150,-464.586,-227.523,-688.79,834.706
145,150,-527.716,-159.74,-505.149,447.019
150,150,-501.958,-71.2104,-317.226,140.079
155,150,-379.469,39.6931,-147.496,-83.1517
160,150,-173.718,168.713,-17.5781,-231.754
165,150,78.8738,309.983,57.635,-320.377
170,150,325.187,459.795,74.0155,-361.656
175,150,507.645,616.428,38.8841,-361.648
180,150,577.773,775.9,-31.7766,-320.56
0,155,-1360.95,3546.39,413.183,-10107.4
5,155,256.829,3415.44,-2386.48,-10149.6
10,155,1832.02,3013.15,-5063.53,-9600.63
15,155,3229.59,2388.44,-7453.32,-8529.69
20,155,4342.97,1618.13,-9421.1,-7052.59
25,155,5111.7,794.088,-10872.8,-5313.86
30,155,5526.55,5.70966,-11762.7,-3466.13
35,155,5621.29,-676.478,-12095.8,-1650.77
40,155,5456.36,-1210.19,-11923.5,17.2811
45,155,5101.69,-1581.69,-11332.4,1458.13
50,155,4624.42,-1799.38,-10429.1,2628.57
55,155,4082.84,-1885.21,-9324.14,3518.12
60,155,3524.55,-1867.43,-8119.35,4141.67
65,155,2986.43,-1775.82,-6900.35,4531.09
70,155,2494.61,-1638.72,-5733.25,4727.38
75,155,2064.56,-1480.78,-4664.77,4774.2
80,155,1701.81,-1321.17,-3724.2,4712.86
85,155,1403.57,-1172.39,-2926.21,4578.68
90,155,1161.13,-1040.11,-2273.74,4398.35
95,155,962.386,-924.28,-1760.83,4188.47
100,155,794.121,-821.196,-1374.82,3955.21
105,155,643.709,-726.15,-1098,3695.58
110,155,500.324,-635.933,-908.733,3400.56
115,155,355.89,-550.342,-782.529,3059.97
120,155,206.09,-471.922,-693.491,2668.33
125,155,51.6534,-403.748,-616.66,2230.18
130,155,-100.241,-346.062,-531.191,1762.67
135,155,-235.184,-293.656,-423.816,1294.06
140,155,-332.64,-236.025,-291.563,857.789
145,155,-370.066,-161.006,-142.578,483.817
150,155,-330.041,-60.2214,5.73752,190.576
155,155,-208.484,66.9367,131.291,-19.0687
160,155,-20.4908,213.443,213.551,-155.779
165,155,199.473,368.604,239.597,-236.548
170,155,404.012,522.708,207.872,-276.064
175,155,543.7,668.847,128.271,-281.261
180,155,578.344,800.886,18.7005,-251.716
0,160,-1319.76,2651.98,530.225,-10378
5,160,13.5014,2512.68,-2335.58,-10442.4
10,160,1318.51,2180.85,-5068.36,-9949.84
15,160,2483.96,1691.69,-7504.88,-8965.17
20,160,3420.68,1100.38,-9513.51,-7594.74
25,160,4076.66,474.151,-11003.2,-5969.31
30,160,4441.97,-120.105,-11928.9,-4226.36
35,160,4542.73,-628.517,-12293.1,-2494.06
40,160,4427.86,-1018.52,-12141.8,-879.088
45,160,4154.66,-1280.26,-11556.3,540.632
50,160,3778.14,-1422.17,-10639.5,1718.22
55,160,3345.45,-1464.03,-9502.35,2635.93
60,160,2894.49,-1430.46,-8250.32,3300.43
65,160,2454.25,-1346.45,-6974.71,3736.67
70,160,2045.37,-1234.73,-5747.36,3981.23
75,160,1680.73,-1114.11,-4619.28,4076.07
80,160,1366.1,-998.483,-3622.12,4062.8
85,160,1101.28,-896.2,-2771.14,3978.11
90,160,881.623,-810.15,-2069.04,3850.14
95,160,699.669,-738.637,-1509.48,3696.31
100,160,546.595,-677.041,-1079.92,3522.64
105,160,413.356,-620.002,-763.411,3324.89
110,160,291.619,-563.621,-539.582,3091.92
115,160,174.684,-506.886,-385.226,2810.99
120,160,58.6385,-451.549,-275.412,2474.21
125,160,-56.1779,-400.11,-185.647,2084.39
130,160,-163.748,-352.617,-95.2372,1658.21
135,160,-251.796,-304.064,8.84129,1224.75
140,160,-303.199,-244.427,128.873,819.276
145,160,-300.158,-162.157,255.627,473.797
150,160,-230.687,-49.6941,370.776,208.024
155,160,-95.4018,92.1629,452.316,24.5607
160,160,88.4556,253.798,481.505,-89.2394
165,160,288.116,420.431,449.047,-153.476
170,160,461.73,577.314,358.288,-185.911
175,160,567.858,713.099,224.261,-195.286
180,160,574.513,819.777,69.0353,-180.956
0,165,-1268.52,1737.38,643.232,-10569.7
5,165,-226.351,1586.02,-2237.64,-10657
10,165,804.877,1313.7,-4976.53,-10238.8
15,165,1737.03,942.726,-7415.95,-9372.64
20,165,2497.36,508.7,-9430.99,-8150.13
25,165,3041.35,56.9581,-10936.2,-6682.77
30,165,3357.87,-365.281,-11888.5,-5087.55
35,165,3465.29,-718.582,-12287.9,-3475.23
40,165,3401.25,-978.824,-12174.4,-1941.48
45,165,3210.67,-1139.73,-11621.5,-561.074
50,165,2936.38,-1210.22,-10726.3,615.239
55,165,2614.11,-1208.65,-9596.95,1561.3
60,165,2271.49,-1156.82,-8339.97,2273.91
65,165,1928.9,-1075.47,-7049.9,2769.22
70,165,1600.91,-981.896,-5802.25,3077.46
75,165,1297.29,-888.977,-4650.68,3236.9
80,165,1023.81,-805.091,-3627.83,3287.62
85,165,782.843,-734.378,-2748.69,3265.99
90,165,574.064,-677.25,-2015.1,3200.47
95,165,395.175,-631.216,-1420.14,3108.87
100,165,242.536,-592.069,-951.342,2997.43
105,165,111.727,-555.388,-592.666,2861.89
110,165,-1.8791,-518.023,-325.169,2690.68
115,165,-102.359,-479.018,-127.337,2470.21
120,165,-192.151,-439.325,24.0549,2191.51
125,165,-270.656,-400.049,151.74,1856.29
130,165,-332.948,-359.827,274.353,1480.52
135,165,-369.401,-312.851,402.267,1093.35
140,165,-367.199,-249.249,534.522,730.803
145,165,-314.214,-158.495,658.553,426.012
150,165,-204.566,-34.5742,753.611,199.278
155,165,-43.8988,119.881,797.306,52.4752
160,165,148.204,292.997,773.31,-29.4466
165,165,340.301,467.036,677.533,-70.2524
170,165,495.363,623.735,520.472,-91.5182
175,165,578.936,748.625,324.765,-104.533
180,165,566.31,832.429,118.845,-108.819
0,170,-1207.63,809.564,751.343,-10680.9
5,170,-454.126,641.959,-2093.4,-10790.2
10,170,308.2,414.205,-4789.34,-10460.1
15,170,1012.8,137.668,-7188.55,-9737.04
20,170,1601.69,-168.221,-9175.79,-8694.45
25,170,2036.7,-475.899,-10673.3,-7420.21
30,170,2305.06,-754.026,-11641.7,-6006.96
35,170,2417.73,-974.869,-12079.3,-4544.83
40,170,2401.74,-1121.36,-12019.7,-3116.1
45,170,2290.37,-1190.58,-11527.7,-1790.86
50,170,2114.84,-1192.42,-10691.9,-623.106
55,170,1899.86,-1144.79,-9614.52,352.432
60,170,1662.88,-1067.73,-8399.56,1121.74
65,170,1415.7,-978.788,-7141.35,1690.5
70,170,1166.52,-890.741,-5916.38,2080.42
75,170,921.655,-811.224,-4779.13,2323.55
80,170,686.347,-743.585,-3762.35,2455.88
85,170,465.015,-688.075,-2880.45,2511.36
90,170,261.253,-642.933,-2134.54,2517.27
95,170,77.7341,-605.291,-1517.16,2491.3
100,170,-83.8448,-571.968,-1015.93,2440.42
105,170,-222.755,-540.231,-615.4,2361.72
110,170,-339.078,-508.401,-297.749,2245.2
115,170,-433.279,-476.007,-43.0158,2078.69
120,170,-505.41,-443.162,169.906,1854
125,170,-553.999,-409.093,360.804,1572.95
130,170,-575.013,-370.376,544.233,1251.08
135,170,-561.619,-319.995,725.295,916.944
140,170,-505.55,-248.371,897.014,606.192
145,170,-400.412,-146.653,1041.1,351.683
150,170,-246.187,-11.1425,1132.8,173.168
155,170,-53.1431,153.376,1148.8,71.04
160,170,156.954,333.325,1075.7,27.4444
165,170,353.498,509.462,915.953,14.6758
170,170,502.988,661.949,689.108,7.00005
175,170,576.149,774.927,427.478,-9.84544
180,170,553.797,838.745,167.75,-35.8543
0,175,-1137.56,-124.415,853.736,-10710.8
5,175,-661.457,-312.486,-1905.1,-10839.7
10,175,-154.983,-513.262,-4511.1,-10605.3
15,175,334.438,-723.47,-6828.83,-10041.4
20,175,761.448,-935.346,-8754.98,-9200.02
25,175,1092.86,-1134.06,-10221.2,-8142.94
30,175,1313.97,-1299.72,-11193.1,-6936.25
35,175,1428.78,-1413.24,-11668.6,-5647.46
40,175,1454.68,-1463.1,-11675.6,-4343.61
45,175,1414.41,-1449.41,-11269.7,-3088.42
50,175,1328.71,-1383.54,-10529.2,-1937.7
55,175,1212.29,-1283.85,-9547.03,-934.011
60,175,1073.39,-1169.87,-8420.51,-102.337
65,175,915.863,-1057.5,-7239.83,551.38
70,175,741.918,-956.692,-6079.36,1038.25
75,175,554.279,-871.461,-4992.62,1381.59
80,175,357.154,-801.475,-4011.92,1610.73
85,175,156.225,-744.006,-3151.43,1755.06
90,175,-41.9044,-695.558,-2412.07,1839.3
95,175,-230.405,-652.914,-1786.3,1880.48
100,175,-402.827,-613.671,-1261.71,1886.73
105,175,-553.546,-576.397,-822.94,1857.68
110,175,-678.01,-540.471,-452.566,1786.72
115,175,-772.741,-505.55,-131.681,1665.15
120,175,-834.982,-470.658,158.587,1487.52
125,175,-862.004,-433.067,434.075,1257.16
130,175,-850.335,-387.473,703.391,989.7
135,175,-795.538,-326.143,963.929,712.72
140,175,-693.248,-240.571,1200.17,460.261
145,175,-541.778,-124.468,1385.98,263.368
150,175,-345.681,22.8929,1491.24,139.835
155,175,-118.695,194.514,1491.26,87.7022
160,175,115.706,375.931,1375.87,86.0323
165,175,327.12,548.082,1155.03,103.271
170,175,483.798,691.715,858.606,109.649
175,175,559.149,791.561,529.967,87.8911
180,175,537.069,838.679,215.378,37.3836
0,180,-1058.82,-1057.45,949.632,-10659.2
5,180,-840.47,-1269.78,-1676.5,-10803.4
10,180,-569.184,-1462.31,-4148.98,-10666.6
15,180,-276.334,-1636.36,-6346.95,-10268.1
20,180,2.84734,-1790.7,-8180.37,-9637.55
25,180,238.741,-1917.71,-9591.3,-8809.88
30,180,414.381,-2004.25,-10551.6,-7824.09
35,180,527.4,-2036.69,-11060.1,-6724.43
40,180,586.633,-2007.46,-11140.3,-5561.62
45,180,605.586,-1919.33,-10838.7,-4391.39
50,180,596.016,-1785.49,-10222.3,-3269.56
55,180,564.215,-1625.62,-9372.06,-2244.96
60,180,510.794,-1460.09,-8374.64,-1352.82
65,180,433.024,-1304.99,-7312.22,-611.031
70,180,328.025,-1169.64,-6253.9,-20.3658
75,180,195.25,-1056.74,-5250.45,431.881
80,180,37.5949,-964.253,-4333.22,766.423
85,180,-138.781,-887.85,-3516.53,1006.39
90,180,-325.378,-822.863,-2801.84,1172.83
95,180,-512.475,-765.476,-2181.99,1281.67
100,180,-690.114,-713.13,-1644.56,1342.31
105,180,-848.863,-664.357,-1173.85,1357.67
110,180,-980.4,-618.206,-752.133,1325.71
115,180,-1077.89,-573.416,-361.074,1242.6
120,180,-1136.08,-527.518,15.9345,1107.1
125,180,-1150.93,-476.187,390.023,925.147
130,180,-1119.07,-413.236,762.435,712.989
135,180,-1037.43,-331.558,1121.07,496.843
140,180,-903.921,-225.021,1440.08,308.036
145,180,-719.436,-90.8449,1684.09,174.292
150,180,-490.852,68.3353,1816.75,110.102
155,180,-233.612,243.615,1811.68,110.42
160,180,27.7943,420.71,1662.08,151.228
165,180,262.411,582.512,1385.77,197.633
170,180,438.11,712.545,1023.35,216.442
175,180,528.04,798.141,629.761,187.743
180,180,516.254,832.229,261.367,110.337
0,185,-972.024,-1982.43,1038.3,-10526.5
5,185,-984.04,-2221.92,-1412.67,-10680.2
10,185,-920.419,-2424.49,-3712.76,-10636.5
15,185,-799.895,-2592.25,-5756.79,-10399.9
20,185,-650.186,-2725.19,-7468.4,-9978.03
25,185,-498.762,-2817.4,-8800.38,-9380.02
30,185,-365.097,-2857.83,-9731.52,-8618.9
35,185,-257.339,-2835.22,-10262.7,-7716.44
40,185,-174.107,-2744.35,-10414.5,-6706.89
45,185,-109.685,-2590.25,-10225.5,-5636.84
50,185,-59.624,-2388.28,-9750.68,-4560.2
55,185,-24.1459,-2160.29,-9057.65,-3530.02
60,185,-8.31357,-1928.83,-8219.69,-2590.11
65,185,-19.6283,-1712.03,-7307.74,-1769.45
70,185,-64.7072,-1520.83,-6382.79,-1080.7
75,185,-146.626,-1358.96,-5490.92,-522.413
80,185,-263.759,-1224.81,-4661.66,-83.4517
85,185,-410.065,-1113.87,-3909.41,252.129
90,185,-576.258,-1020.89,-3236.5,500.933
95,185,-751.193,-941.041,-2636.55,677.322
100,185,-923.083,-870.401,-2097.3,791.811
105,185,-1080.46,-805.755,-1602.64,850.672
110,185,-1212.95,-744.101,-1134.4,856.78
115,185,-1311.81,-682.053,-674.728,811.733
120,185,-1370.27,-615.369,-209.44,719.075
125,185,-1383.29,-538.887,267.427,587.815
130,185,-1346.96,-447.067,749.073,434.838
135,185,-1257.97,-335.188,1213.16,284.513
140,185,-1114.03,-200.913,1622.92,164.441
145,185,-915.64,-45.7107,1933.32,97.813
150,185,-669.131,124.439,2101.65,94.8473
155,185,-389.546,299.391,2099.72,147.071
160,185,-101.637,466.263,1923.98,227.793
165,185,162.241,611.602,1599.76,299.721
170,185,367.319,723.701,1177.95,327.293
175,185,483.377,794.344,724.443,288.718
180,185,491.51,819.446,305.367,182.451
0,190,-877.831,-2892.33,1119.07,-10313.6
5,190,-1086.01,-3160.5,-1119.91,-10469.6
10,190,-1196.63,-3389.39,-3214.56,-10508.5
15,190,-1219.29,-3578.1,-5075.57,-10421
20,190,-1176.73,-3722.87,-6639.81,-10194.5
25,190,-1095.56,-3814.37,-7870.42,-9814.81
30,190,-997.932,-3839.42,-8753.14,-9271.61
35,190,-897.138,-3786.23,-9291.8,-8566.28
40,190,-798.117,-3650.53,-9505.13,-7717.53
45,190,-701.482,-3439.27,-9425.11,-6762.33
50,190,-608.369,-3170.41,-9095.81,-5751.02
55,190,-523.578,-2868.86,-8570.87,-4738.49
60,190,-455.803,-2560.6,-7909.05,-3774.66
65,190,-415.396,-2267.36,-7168.12,-2897.49
70,190,-411.147,-2003.48,-6398.85,-2130.06
75,190,-447.68,-1775.57,-5640.75,-1481.35
80,190,-524.337,-1584.05,-4920.14,-949.544
85,190,-635.582,-1425.34,-4250.69,-526.002
90,190,-772.315,-1293.95,-3635.33,-198.892
95,190,-923.428,-1183.68,-3068.54,44.107
100,190,-1077.15,-1088.22,-2538.53,214.118
105,190,-1222.07,-1001.29,-2029.3,320.286
110,190,-1347.92,-916.581,-1522.79,369.926
115,190,-1446.01,-827.9,-1002.13,369.648
120,190,-1509.42,-729.394,-455.903,327.377
125,190,-1532.49,-616.085,116.599,254.723
130,190,-1509.97,-484.643,700.768,168.611
135,190,-1436.31,-334.271,1264.57,90.7896
140,190,-1306.08,-167.443,1761.03,44.2651
145,190,-1116.07,9.88768,2136.24,46.9322
150,190,-869.072,188.846,2341.62,104.353
155,190,-577.644,358.962,2347.37,204.839
160,190,-266.126,509.962,2152.72,319.874
165,190,30.8809,633.492,1789.53,411.07
170,190,273.81,724.227,1317.44,441.896
175,190,426.145,779.921,811.741,389.756
180,190,463.025,800.426,347.043,253.176
0,195,-776.957,-3780.21,1191.32,-10022.3
5,195,-1141.4,-4076.84,-805.528,-10172.2
10,195,-1388.05,-4344.87,-2668.45,-10278.1
15,195,-1520.76,-4577.1,-4323.34,-10318.7
20,195,-1559.59,-4761.65,-5719.25,-10264.1
25,195,-1531.37,-4881.47,-6828.57,-10080.5
30,195,-1460.96,-4917.67,-7643.4,-9738.42
35,195,-1366.07,-4855.54,-8170.71,-9221.77
40,195,-1256.79,-4690.47,-8428.4,-8535.58
45,195,-1138.62,-4431.16,-8443.16,-7707.46
50,195,-1016.64,-4098.7,-8249.47,-6782.94
55,195,-898.435,-3721.99,-7888.15,-5816.33
60,195,-794.48,-3331.49,-7403.74,-4860.66
65,195,-716.217,-2953.58,-6840.39,-3959.78
70,195,-673.155,-2607.03,-6237.58,-3144.43
75,195,-670.492,-2302.27,-5626.75,-2431.95
80,195,-708.177,-2042.44,-5029.47,-1828.43
85,195,-781.429,-1825.35,-4457.35,-1331.86
90,195,-882.157,-1645.37,-3913.05,-935.058
95,195,-1000.6,-1494.75,-3391.7,-628.097
100,195,-1126.69,-1364.4,-2882.42,-399.939
105,195,-1251.07,-1244.56,-2370.13,-239.519
110,195,-1365.62,-1125.54,-1837.96,-136.216
115,195,-1463.59,-998.572,-1270.88,-79.6726
120,195,-1539.11,-856.92,-660.615,-58.9086
125,195,-1586.16,-696.808,-11.2867,-61.0273
130,195,-1597.2,-518.152,655.84,-70.2712
135,195,-1562.39,-324.807,1300.75,-68.5033
140,195,-1470.31,-124.224,1868.22,-37.9751
145,195,-1311.05,73.5571,2297.17,33.6724
150,195,-1081.19,257.566,2534.33,147.584
155,195,-789.137,417.973,2548.51,289.595
160,195,-458.293,548.104,2341.05,430.563
165,195,-126.254,645.737,1948.67,532.543
170,195,160.83,713.016,1437.47,559.636
175,195,357.716,754.715,889.61,489.724
180,195,431.017,775.314,386.078,321.974
0,200,-670.171,-4639.33,1254.5,-9654.68
5,200,-1146.52,-4962.11,-477.621,-9789.6
10,200,-1487.47,-5277.5,-2090,-9942.83
15,200,-1694.19,-5569.28,-3522.44,-10083.6
20,200,-1786.01,-5814.27,-4734.61,-10169
25,200,-1790.78,-5984.45,-5706.6,-10150.4
30,200,-1735.91,-6052.49,-6435.78,-9983.45
35,200,-1642.74,-5998.86,-6931.85,-9638.69
40,200,-1525.32,-5817.68,-7212.29,-9109.9
45,200,-1392.65,-5519.31,-7299.7,-8416.21
50,200,-1252.26,-5128.42,-7220.62,-7597.52
55,200,-1112.97,-4678.67,-7004.91,-6705.37
60,200,-985.504,-4205.77,-6684.38,-5792.71
65,200,-881.001,-3741.25,-6290.53,-4905.74
70,200,-808.545,-3308.57,-5851.64,-4079.48
75,200,-773.178,-2921.95,-5390.41,-3336.69
80,200,-775.207,-2587.14,-4922.51,-2689.21
85,200,-810.854,-2303.18,-4456.23,-2140.29
90,200,-873.725,-2064.26,-3993.03,-1686.82
95,200,-956.439,-1861.15,-3528.26,-1321.38
100,200,-1051.96,-1682.45,-3052.26,-1033.72
105,200,-1154.4,-1515.73,-2551.71,-812.034
110,200,-1259.27,-1348.96,-2011.93,-643.982
115,200,-1362.9,-1172.02,-1420.46,-517.308
120,200,-1461.19,-978.29,-772.197,-419.925
125,200,-1547.68,-765.859,-75.1741,-339.491
130,200,-1611.61,-538.013,644.585,-262.927
135,200,-1637.13,-302.856,1341.65,-176.694
140,200,-1604.69,-72.0324,1955.25,-68.663
145,200,-1495.48,141.308,2419.5,68.2228
150,200,-1298.08,325.058,2677.93,231.404
155,200,-1015.57,470.829,2698.35,405.304
160,200,-670.13,576.17,2483.24,561.517
165,200,-302.851,645.493,2072.05,664.122
170,200,32.3415,688.904,1534.47,679.512
175,200,279.802,718.683,956.3,587.419
180,200,395.728,744.302,422.174,388.322
0,205,-558.284,-5463.13,1308.14,-9213.6
5,205,-1099.14,-5807.55,-144.842,-9324.52
10,205,-1490.52,-6172.97,-1495.81,-9502.64
15,205,-1733.49,-6532.54,-2696.8,-9711.01
20,205,-1848.22,-6849.78,-3716.18,-9898.32
25,205,-1864.14,-7083.77,-4540,-10006.4
30,205,-1810.9,-7197.1,-5169.46,-9981.11
35,205,-1712.59,-7164.11,-5616.1,-9783.67
40,205,-1586.07,-6976.99,-5896.96,-9399.54
45,205,-1442.54,-6647.56,-6031.28,-8840.54
50,205,-1290.67,-6204.36,-6039.24,-8140.49
55,205,-1139.27,-5686.18,-5941.77,-7346.29
60,205,-998.15,-5134.23,-5760.16,-6507.93
65,205,-877.1,-4585.2,-5515.06,-5670.62
70,205,-784.017,-4066.91,-5224.77,-4870.19
75,205,-723.349,-3596.84,-4903.66,-4131.76
80,205,-695.691,-3182.79,-4561.25,-3470.47
85,205,-698.548,-2824.67,-4201.95,-2893.06
90,205,-727.756,-2516.48,-3825.38,-2399.56
95,205,-779.009,-2248.16,-3426.84,-1984.85
100,205,-849.016,-2007.12,-2997.9,-1640
105,205,-936.064,-1779.94,-2527.38,-1353.69
110,205,-1039.77,-1554.03,-2003.18,-1113.54
115,205,-1159.87,-1319.46,-1415.58,-907.444
120,205,-1294.01,-1070.62,-762.104,-724.288
125,205,-1434.93,-807.412,-53.3114,-554.149
130,205,-1567.97,-535.637,682.276,-387.99
135,205,-1670.28,-266.248,1396.66,-217.571
140,205,-1713.12,-13.5602,2026.5,-36.3923
145,205,-1667.71,207.464,2503.69,157.845
150,205,-1513.83,384.489,2770.16,359.775
155,205,-1248.73,511.075,2793.08,553.514
160,205,-893.192,589.166,2575.03,712.655
165,205,-491.946,629.758,2155.94,804.766
170,205,-107.158,650.78,1605.75,800.091
175,205,194.381,671.919,1010.42,681.573
180,205,357.427,707.625,455.057,451.714
0,210,-442.148,-6245.36,1351.81,-8702.39
5,210,-998.52,-6604.61,183.867,-8780.89
10,210,-1395.69,-7016.72,-902.999,-8960.3
15,210,-1636.77,-7443.64,-1871.12,-9201.2
20,210,-1743.9,-7835.09,-2695.63,-9448.78
25,210,-1748.37,-8136.77,-3366.68,-9640.69
30,210,-1681.66,-8300.55,-3887.75,-9717.99
35,210,-1569.78,-8294.17,-4271.14,-9636.87
40,210,-1431.31,-8107.37,-4532.94,-9377.19
45,210,-1278.5,-7753.12,-4689.44,-8944.77
50,210,-1120.1,-7263.6,-4755.65,-8367.18
55,210,-963.899,-6682.53,-4745.42,-7685.24
60,210,-817.917,-6056.27,-4671.79,-6943.73
65,210,-689.904,-5426.2,-4546.79,-6184.07
70,210,-586.054,-4823.91,-4380.63,-5440.08
75,210,-509.961,-4269.55,-4180.78,-4736.56
80,210,-462.503,-3772.57,-3951.42,-4089.63
85,210,-442.642,-3333.68,-3693.38,-3507.8
90,210,-448.726,-2947.2,-3404.47,-2993.1
95,210,-479.768,-2603.21,-3079.74,-2542.32
100,210,-536.334,-2289.58,-2711.78,-2148.18
105,210,-620.771,-1993.67,-2291.28,-1800.76
110,210,-736.502,-1704.07,-1808.36,-1489.17
115,210,-886.187,-1412.18,-1255.39,-1203.14
120,210,-1068.73,-1113.65,-631.472,-934.225
125,210,-1275.66,-809.441,51.8992,-676.273
130,210,-1488.18,-506.264,765.89,-425.105
135,210,-1676.39,-215.984,1462.56,-177.993
140,210,-1802.4,46.2183,2078.78,66.2273
145,210,-1827.63,264.897,2546.58,305.723
150,210,-1723.15,428.225,2807.94,533.094
155,210,-1480.43,531.909,2829.75,732.993
160,210,-1118.72,582.043,2613.76,881.991
165,210,-686.166,595.641,2198.03,952.342
170,210,-252.821,597.715,1649.6,919.505
175,210,103.623,614.683,1050.98,770.873
180,210,316.406,665.563,484.478,511.669
0,215,-322.647,-6980.06,1385.21,-8124.96
5,215,-845.461,-7345.21,499.533,-8163.72
10,215,-1204.46,-7794.52,-328.661,-8321.38
15,215,-1406.43,-8279.43,-1070.1,-8559.66
20,215,-1476.31,-8736.84,-1704.82,-8825.09
25,215,-1447.27,-9099.96,-2225.36,-9056.24
30,215,-1352.22,-9310.6,-2635.93,-9194.21
35,215,-1218.27,-9330.03,-2948.45,-9193.9
40,215,-1064.73,-9145.36,-3177.43,-9032.16
45,215,-903.981,-8770.17,-3336.22,-8710.05
50,215,-743.937,-8239.51,-3435.49,-8248.9
55,215,-590.635,-7601.11,-3483.53,-7682.55
60,215,-449.659,-6905.56,-3487.11,-7048.99
65,215,-326.204,-6198.05,-3451.88,-6383.99
70,215,-224.381,-5513.26,-3382.16,-5717.33
75,215,-146.673,-4873.72,-3280.4,-5071.56
80,215,-94.069,-4290.61,-3146.95,-4462.04
85,215,-66.8749,-3766.03,-2980.09,-3897.58
90,215,-65.7977,-3295.59,-2776.27,-3381.23
95,215,-92.9133,-2870.94,-2530.27,-2911.2
100,215,-152.207,-2481.8,-2235.24,-2481.93
105,215,-249.442,-2117.74,-1882.96,-2085.51
110,215,-391.069,-1769.46,-1464.81,-1713.41
115,215,-581.892,-1429.98,-974.138,-1358.24
120,215,-821.495,-1095.68,-410.441,-1015.07
125,215,-1100.04,-767.3,215.311,-682.011
130,215,-1394.86,-450.687,875.708,-359.817
135,215,-1669.77,-156.683,1524.94,-50.9796
140,215,-1878.77,100.349,2102.3,240.806
145,215,-1974.53,305.664,2542.08,510.065
150,215,-1920.31,448.529,2787.77,747.789
155,215,-1702.18,526.791,2806.5,939.593
160,215,-1337.79,550.157,2598.36,1065.61
165,215,-877.982,540.647,2197.57,1103.65
170,215,-399.651,529.09,1665.34,1035.47
175,215,9.80891,547.419,1077.4,853.98
180,215,272.977,618.435,510.211,567.73
0,220,-200.69,-7661.64,1408.06,-7485.69
5,220,-642.261,-8021.87,793.419,-7479.16
10,220,-921.183,-8493.11,210.644,-7594.18
15,220,-1049.11,-9018.06,-317.585,-7797.09
20,220,-1054.24,-9523.2,-774.575,-8040.07
25,220,-971.594,-9931.57,-1153.73,-8267.22
30,220,-834.978,-10176.7,-1458.67,-8423.87
35,220,-671.875,-10214.2,-1699.8,-8466.93
40,220,-501.484,-10028.8,-1889.37,-8372.47
45,220,-335.425,-9633.85,-2037.71,-8137.91
50,220,-180.06,-9066.23,-2151.71,-7778.57
55,220,-39.0537,-8376.19,-2235.27,-7320.86
60,220,84.9115,-7617.11,-2290.53,-6795.24
65,220,189.577,-6836.81,-2318.74,-6230.78
70,220,273.251,-6072.45,-2320.33,-5652.13
75,220,334.924,-5348.82,-2294.7,-5078.42
80,220,373.917,-4679.39,-2239.97,-4523.11
85,220,389.117,-4068.6,-2152.99,-3994.36
90,220,378.099,-3514.67,-2029.43,-3495.49
95,220,336.466,-3012.02,-1863.74,-3025.71
100,220,257.631,-2553.31,-1649.1,-2581.04
105,220,133.27,-2130.86,-1377.49,-2155.71
110,220,-45.2753,-1737.55,-1040.48,-1743.76
115,220,-284.304,-1367.52,-631.412,-1340.8
120,220,-583.761,-1016.91,-149.164,-945.324
125,220,-932.604,-684.973,396.755,-559.334
130,220,-1305.08,-375.183,981.457,-187.894
135,220,-1660.03,-95.8533,1562.65,161.939
140,220,-1944.99,140.846,2083.75,482.122
145,220,-2105.56,321.933,2482.98,763.785
150,220,-2098.47,438.356,2706.75,996.342
155,220,-1905.15,490.082,2722.96,1166.38
160,220,-1541.46,489.716,2529.57,1257.81
165,220,-1059.97,462.954,2155.37,1254.53
170,220,-542.7,444.712,1653.31,1145.38
175,220,-84.7576,470.774,1089.55,929.563
180,220,227.47,566.601,532.061,619.47
0,225,-77.2065,-8284.9,1420.19,-6789.45
5,225,-392.664,-8627.97,1057.28,-6734.27
10,225,-552.924,-9100.77,699.411,-6789.54
15,225,-575.384,-9640.16,364.231,-6929.03
20,225,-491.716,-10165.8,66.5241,-7114.19
25,225,-338.57,-10594,-186.751,-7298.42
30,225,-150.138,-10852.8,-397.481,-7434.71
35,225,46.4866,-10894.1,-573.584,-7484.7
40,225,233.081,-10700.2,-724.479,-7425.55
45,225,399.623,-10284.1,-857.375,-7252.08
50,225,542.049,-9682.94,-975.812,-6974.04
55,225,659.631,-8947.76,-1080.27,-6610.59
60,225,752.985,-8133.09,-1169.62,-6184.48
65,225,823.07,-7288.17,-1242.23,-5717.83
70,225,870.887,-6451.88,-1296.29,-5229.76
75,225,897.277,-5651.21,-1329.63,-4735.4
80,225,902.46,-4902.34,-1339.37,-4245.73
85,225,885.325,-4212.88,-1321.75,-3767.69
90,225,842.708,-3584.48,-1272,-3304.38
95,225,768.934,-3015.09,-1184.16,-2855.63
100,225,655.81,-2500.65,-1051,-2418.77
105,225,493.293,-2036.15,-864.057,-1989.83
110,225,271.151,-1616.2,-614.458,-1565.05
115,225,-18.0488,-1235.37,-294.938,-1142.43
120,225,-374.609,-888.839,96.6243,-723.091
125,225,-786.745,-573.541,552.554,-311.906
130,225,-1226.64,-289.773,1050.99,82.7599
135,225,-1649.71,-42.3255,1553.99,450.12
140,225,-1998.97,159.959,2010.23,778.247
145,225,-2214.95,306.974,2363.31,1054.92
150,225,-2249.5,392.129,2563.72,1267.76
155,225,-2080.22,417.621,2580.78,1404.04
160,225,-1721.07,398.196,2410.06,1451.41
165,225,-1225.09,361.647,2073.79,1400.07
170,225,-677.271,344.916,1614.84,1246.39
175,225,-177.831,385.613,1087.73,996.341
180,225,180.232,510.455,549.861,666.495
0,230,46.865,-8845.12,1421.51,-6041.53
5,230,-101.746,-9157.87,1283.59,-5937.01
10,230,-109.24,-9607.93,1123.65,-5920.44
15,230,0.626443,-10129.9,955.559,-5975.22
20,230,192.647,-10641.1,793.247,-6074.64
25,230,428.885,-11055.9,644.995,-6184.13
30,230,675.393,-11300.4,511.572,-6266.9
35,230,906.311,-11324.9,388.295,-6291.4
40,230,1105.37,-11110.6,269.042,-6237.38
45,230,1265.12,-10669.4,149.725,-6098.14
50,230,1384.66,-10037.4,29.6832,-5878.64
55,230,1466.85,-9265.02,-88.9646,-5591.33
60,230,1515.98,-8406.29,-202.852,-5251.73
65,230,1536.46,-7510.57,-308.59,-4875.28
70,230,1532.13,-6617.68,-403.168,-4475.53
75,230,1505.92,-5756.38,-483.699,-4063.49
80,230,1459.44,-4945.37,-546.948,-3647.33
85,230,1392.32,-4195.36,-588.905,-3232.36
90,230,1301.61,-3511.36,-604.486,-2821.1
95,230,1181.38,-2894.61,-587.311,-2413.64
100,230,1022.79,-2343.98,-529.585,-2008.16
105,230,814.831,-1856.73,-422.285,-1601.98
110,230,546.207,-1428.84,-256.02,-1192.79
115,230,208.586,-1055.15,-22.9766,-780.072
120,230,-198.784,-729.867,279.864,-366.451
125,230,-663.891,-447.729,646.582,41.51
130,230,-1157.9,-205.724,1058.46,433.277
135,230,-1634.46,-4.56661,1482.34,795.184
140,230,-2034.13,151.29,1873.03,1111.86
145,230,-2294.5,255.936,2180.53,1367.76
150,230,-2364.33,306.319,2360.43,1548.42
155,230,-2218.41,307.178,2384.05,1641.52
160,230,-1868.57,274.654,2244.49,1638.17
165,230,-1366.97,236.914,1956.64,1534.84
170,230,-799.103,230.639,1552.17,1335.54
175,230,-267.306,293.016,1072.61,1053.12
180,230,131.623,450.423,563.477,708.448
0,235,170.58,-9338.01,1412.02,-5247.64
5,235,224.231,-9607.06,1465.79,-5095.94
10,235,398.163,-10007.5,1471.29,-5001.56
15,235,661.781,-10475.9,1439.64,-4958.72
20,235,976.405,-10932.5,1384.64,-4954
25,235,1303.27,-11294.6,1316.61,-4966.44
30,235,1609.44,-11490.9,1239.65,-4971.04
35,235,1871.32,-11473.1,1152.85,-4944.43
40,235,2075.74,-11222.4,1053.64,-4870.21
45,235,2219.03,-10749.7,940.924,-4741.22
50,235,2304.49,-10089.1,816.416,-4558.67
55,235,2339.34,-9289.03,684.115,-4329.31
60,235,2332.03,-8401.6,548.876,-4062.28
65,235,2290.57,-7475.14,415.214,-3766.88
70,235,2221.66,-6549.34,286.908,-3451.4
75,235,2130.38,-5653.77,167.293,-3122.62
80,235,2019.84,-4808.66,59.8475,-2785.64
85,235,1890.8,-4026.64,-31.2601,-2443.79
90,235,1741.04,-3314.86,-100.761,-2098.61
95,235,1565.08,-2676.68,-142.04,-1749.96
100,235,1354.11,-2112.99,-147.069,-1396.46
105,235,1096.85,-1622.83,-106.675,-1036.13
110,235,781.496,-1203.63,-11.424,-667.443
115,235,399.227,-851.101,146.578,-290.537
120,235,-51.0551,-559.448,370.839,91.4431
125,235,-557.474,-322.145,656.933,471.29
130,235,-1091.18,-133.387,989.265,837.293
135,235,-1605.68,10.4558,1339.75,1173.72
140,235,-2041.25,110.396,1669.91,1462.29
145,235,-2334.82,166.238,1936.95,1684.31
150,235,-2433.91,179.774,2102.27,1823.19
155,235,-2311.46,158.735,2139.57,1866.75
160,235,-1976.99,119.939,2039.46,1809.31
165,235,-1480.21,90.1562,1809.11,1653.28
170,235,-904.543,103.454,1468.37,1409.96
175,235,-351.283,194.276,1045.24,1098.85
180,235,82.0119,386.964,572.805,745.009
0,240,292.996,-9759.84,1391.78,-4413.81
5,240,577.999,-9972.26,1598.4,-4220.09
10,240,955.815,-10295.3,1732.52,-4048.66
15,240,1388.58,-10671.9,1803.22,-3904.76
20,240,1834.26,-11030.5,1824.74,-3788.52
25,240,2253.82,-11297.1,1809.84,-3692.97
30,240,2616.27,-11407.6,1766.37,-3605.36
35,240,2901.47,-11318.2,1697.51,-3511.26
40,240,3100.75,-11012.2,1604.29,-3398.92
45,240,3215.56,-10499.6,1488.29,-3261.83
50,240,3254.61,-9812.26,1353.06,-3098.67
55,240,3230.38,-8995.12,1203.88,-2911.73
60,240,3156,-8097.41,1046.66,-2704.83
65,240,3043.29,-7165.08,886.837,-2481.9
70,240,2901.8,-6236.38,729.015,-2246.31
75,240,2738.56,-5340.2,577.146,-2000.58
80,240,2558.06,-4496.55,435.072,-1746.48
85,240,2361.97,-3718.12,307.076,-1484.9
90,240,2148.84,-3012.23,198.312,-1215.91
95,240,1913.72,-2382.7,115.086,-938.757
100,240,1648.22,-1831.2,64.9373,-652.044
105,240,1341.33,-1358.11,56.3909,-354.151
110,240,981.481,-962.638,98.1599,-43.9223
115,240,560.034,-642.456,197.571,278.315
120,240,75.9568,-393.257,358.153,609.469
125,240,-459.176,-208.707,576.717,942.385
130,240,-1017.44,-81.0893,840.768,1264.95
135,240,-1553.96,-2.38791,1127.52,1560.18
140,240,-2010.96,34.8462,1405.64,1807.55
145,240,-2327.01,37.6023,1640.03,1985.81
150,240,-2450.23,13.7952,1798.29,2076.49
155,240,-2352.55,-25.4154,1856.73,2067.54
160,240,-2040.8,-63.2335,1803.37,1956.11
165,240,-1560.61,-75.975,1637.5,1749.97
170,240,-990.689,-34.4278,1367.16,1466.97
175,240,-428.134,90.8764,1006.97,1132.65
180,240,31.7766,320.56,577.773,775.9
0,245,413.183,-10107.4,1360.95,-3546.39
5,245,951.487,-10251.5,1677.26,-3318.74
10,245,1548.92,-10470.2,1900.03,-3077.95
15,245,2159.88,-10717.2,2036.95,-2839.52
20,245,2739.11,-10934.4,2102.99,-2616.22
25,245,3247.95,-11061.9,2113.58,-2414.2
30,245,3658.41,-11047.3,2080.46,-2232.47
35,245,3955.16,-10855.5,2010.92,-2065.41
40,245,4135.49,-10473.6,1909.36,-1906.43
45,245,4207.45,-9911.54,1779.6,-1750.52
50,245,4186.41,-9198.58,1626.45,-1595.08
55,245,4091.02,-8375.65,1456.03,-1439.22
60,245,3939.7,-7487.61,1275.05,-1282.61
65,245,3748.37,-6576.58,1090.01,-1124.65
70,245,3529.4,-5677.64,906.609,-964.17
75,245,3291.61,-4817.11,729.74,-799.561
80,245,3040.44,-4012.8,563.735,-628.985
85,245,2778.08,-3275.41,412.813,-450.571
90,245,2503.31,-2610.6,281.523,-262.505
95,245,2211.44,-2020.99,175.123,-63.0498
100,245,1894.47,-1507.98,99.7989,149.429
105,245,1542.06,-1072.77,62.5575,376.34
110,245,1143.61,-716.563,70.6139,618.524
115,245,691.491,-439.882,130.103,875.535
120,245,185.274,-241.234,244.133,1144.49
125,245,-363.916,-115.847,410.508,1418.59
130,245,-930.123,-55.0337,619.78,1685.91
135,245,-1471.92,-46.5777,854.585,1928.95
140,245,-1935.8,-75.9976,1090.96,2125.95
145,245,-2264.2,-128.091,1301.72,2253.96
150,245,-2407.42,-187.935,1460.83,2293.33
155,245,-2336.97,-240.713,1547.11,2232.3
160,245,-2056.37,-270.321,1545.97,2070.46
165,245,-1605.41,-257.627,1448.95,1820.03
170,245,-1055.5,-180.207,1252.74,1504.32
175,245,-496.545,-15.5357,959.368,1153.88
180,245,-18.7005,251.716,578.344,800.886
0,250,530.225,-10378,1319.76,-2651.98
5,250,1336.05,-10443.9,1699.57,-2401.15
10,250,2161.81,-10534.1,1969.18,-2105.37
15,250,2953.66,-10616.5,2135.48,-1788.78
20,250,3663.2,-10651.7,2214.39,-1474.74
25,250,4252.79,-10598.6,2224,-1180.56
30,250,4698.57,-10421.4,2179.81,-915.503
35,250,4991.43,-10096.9,2092.88,-681.923
40,250,5136.16,-9618.36,1970.52,-478.239
45,250,5148.79,-8997.21,1818.21,-301.557
50,250,5052.52,-8259.9,1641.46,-148.97
55,250,4873.09,-7442.51,1446.78,-17.5899
60,250,4634.81,-6584.17,1241.61,95.9736
65,250,4358,-5721.29,1033.6,195.982
70,250,4057.97,-4883.75,829.833,287.512
75,250,3745.2,-4093.23,636.29,376.044
80,250,3425.72,-3363.44,457.76,466.919
85,250,3101.67,-2701.57,298.096,564.874
90,250,2771.51,-2110.34,160.734,673.753
95,250,2430.27,-1590.27,49.2712,796.415
100,250,2070.14,-1141.71,-32.0942,934.802
105,250,1681.68,-766.197,-78.4662,1090.08
110,250,1255.78,-466.772,-84.6702,1262.64
115,250,786.408,-246.94,-46.2545,1451.74
120,250,274.023,-108.544,39.0375,1654.54
125,250,-271.108,-49.095,169.648,1864.68
130,250,-826.231,-59.6205,338.945,2070.71
135,250,-1355.3,-124.105,534.86,2255.43
140,250,-1811.28,-221.071,740.745,2396.91
145,250,-2142.41,-326.9,937.256,2471.79
150,250,-2302.42,-419.486,1104.55,2460.13
155,250,-2262.61,-480.494,1223.86,2350.81
160,250,-2022.25,-495.12,1277.98,2145.41
165,250,-1613.46,-449.88,1251.13,1859.45
170,250,-1097.87,-330.577,1129.58,1520.28
175,250,-555.55,-123.193,904.193,1162.17
180,250,-69.0353,180.956,574.513,819.777
0,255,643.232,-10569.7,1268.52,-1737.38
5,255,1722.72,-10550.1,1664,-1476.37
10,255,2778.44,-10491.6,1938.07,-1145.98
15,255,3747.76,-10380.2,2097.52,-776.583
20,255,4579.15,-10198.4,2159.4,-399.18
25,255,5236.61,-9928.5,2144.29,-39.3697
30,255,5701.52,-9555.39,2070.98,285.811
35,255,5972.37,-9071.02,1953.68,567.647
40,255,6062.88,-8477.61,1801.87,803.429
45,255,5998.38,-7789,1621.97,993.891
50,255,5810.95,-7029.17,1419.57,1141.62
55,255,5534.19,-6228.51,1201.15,1250.59
60,255,5198.81,-5418.77,974.641,1326.24
65,255,4829.84,-4628.61,748.753,1375.56
70,255,4445.68,-3880.47,531.862,1406.71
75,255,4058.34,-3189.43,330.914,1428.34
80,255,3674.25,-2563.64,150.898,1448.76
85,255,3295.07,-2005.81,-5.00115,1475.19
90,255,2918.49,-1515.3,-134.74,1513.26
95,255,2538.9,-1090.33,-236.579,1566.81
100,255,2148.55,-730.002,-308.415,1638.02
105,255,1738.89,-435.835,-347.545,1727.73
110,255,1302.45,-212.083,-350.987,1835.76
115,255,834.892,-64.601,-316.261,1960.85
120,255,337.201,1.94765,-242.4,2099.97
125,255,-182.081,-12.0328,-130.847,2247.03
130,255,-704.871,-97.4844,14.0353,2391.27
135,255,-1202.36,-235.143,184.973,2516.43
140,255,-1635.85,-397.297,372.155,2601.6
145,255,-1960.92,-552.708,563.638,2624.28
150,255,-2135.44,-672.787,745.39,2565.39
155,255,-2130.26,-736.229,900.851,2414.81
160,255,-1939.33,-730.032,1010.41,2175.63
165,255,-1585.22,-646.952,1051.79,1865.39
170,255,-1117.63,-481.85,1002.26,1513.81
175,255,-604.541,-230.256,843.283,1157.42
180,255,-118.845,108.819,566.31,832.429
0,260,751.343,-10680.9,1207.63,-809.564
5,260,2102.42,-10571.6,1570.68,-553.016
10,260,3382.83,-10350.3,1807.53,-213.316
15,260,4520.59,-10023.1,1925.66,176.016
20,260,5460.99,-9597.87,1943.53,579.916
25,260,6170.19,-9083.3,1883.92,968.19
30,260,6635.81,-8488.24,1768.18,1319.2
35,260,6865.27,-7822.89,1612.7,1620.25
40,260,6882.53,-7100.55,1428.13,1865.74
45,260,6723.37,-6338.9,1220.92,2054.74
50,260,6429.64,-5559.65,996.03,2189.34
55,260,6043.39,-4786.57,759.378,2273.97
60,260,5602.07,-4042.39,518.842,2315.22
65,260,5135.6,-3345.92,283.714,2321.76
70,260,4665.43,-2710.17,63.1471,2303.69
75,260,4205.01,-2141.98,-135.434,2271.73
80,260,3760.94,-1642.91,-307.192,2236.13
85,260,3334.28,-1210.81,-449.762,2205.7
90,260,2921.76,-841.771,-562.391,2187.2
95,260,2517.16,-531.993,-644.863,2185.05
100,260,2112.72,-279.57,-696.705,2201.48
105,260,1700.77,-85.7777,-716.976,2236.96
110,260,1275.22,44.5896,-704.632,2290.71
115,260,832.766,104.453,-659.198,2360.87
120,260,373.956,87.6039,-581.342,2444.03
125,260,-95.7745,-6.64935,-473.008,2534.2
130,260,-564.58,-168.867,-337.094,2621.4
135,260,-1012.46,-377.141,-177.008,2690.83
140,260,-1410.39,-598.895,3.31325,2723.54
145,260,-1722.12,-796.963,198.423,2699.12
150,260,-1909.92,-937.741,399.436,2600.38
155,260,-1943.7,-997.854,591.805,2418.6
160,260,-1810.85,-966.415,754.001,2157.83
165,260,-1522.82,-842.475,858.417,1836.37
170,260,-1115.56,-630.112,875.18,1484.64
175,260,-643.274,-334.871,778.492,1139.86
180,260,-167.75,35.8543,553.797,838.745
0,265,853.736,-10710.8,1137.56,124.415
5,265,2466.23,-10511,1421.23,360.862
10,265,3959.55,-10119.6,1580.98,681.158
15,265,5251.8,-9564.15,1626.08,1052.01
20,265,6285,-8879.66,1576.77,1438.4
25,265,7027.92,-8103.35,1457.69,1809.72
30,265,7475.26,-7270.23,1291.79,2143.52
35,265,7644.48,-6411.04,1096.37,2426.1
40,265,7570.99,-5552.05,881.944,2650.94
45,265,7302.07,-4715.83,653.871,2816.52
50,265,6890.01,-3921.93,415.593,2924.65
55,265,6385.66,-3186.67,171.634,2979.79
60,265,5833.22,-2522.28,-70.9814,2988.82
65,265,5267.31,-1936.03,-303.289,2960.86
70,265,4712.19,-1429.95,-516.223,2906.62
75,265,4182.47,-1001.59,-702.547,2837.42
80,265,3684.76,-645.331,-857.897,2764.02
85,265,3219.46,-354.074,-980.623,2695.62
90,265,2782.58,-120.85,-1070.78,2639.15
95,265,2367.47,59.7527,-1128.94,2598.97
100,265,1966.6,190.358,-1155.44,2577.11
105,265,1573.02,269.922,-1150.35,2573.63
110,265,1181.39,293.648,-1114.02,2587.25
115,265,788.353,254.349,-1047.72,2615.53
120,265,392.47,145.742,-953.857,2654.67
125,265,-5.51217,-32.6421,-835.343,2698.69
130,265,-401.386,-270.424,-694.487,2738.44
135,265,-784.977,-543.665,-532.058,2760.9
140,265,-1137.55,-816.636,-347.564,2749.74
145,265,-1431.22,-1048.46,-141.336,2687.57
150,265,-1632.42,-1202.45,81.9237,2559.81
155,265,-1709.47,-1254.2,309.466,2359.44
160,265,-1642.25,-1195.03,518.557,2091.04
165,265,-1429.86,-1029.82,677.84,1772.48
170,265,-1093.27,-771.395,752.423,1433.35
175,265,-671.846,-435.229,711.618,1110.04
180,265,-215.378,-37.3836,537.069,838.679
0,270,949.632,-10659.2,1058.82,1057.45
5,270,2805.63,-10371.8,1218.68,1257.97
10,270,4494.05,-9810.72,1264.33,1528.41
15,270,5922.75,-9025.15,1208.18,1839.3
20,270,7030.4,-8077.84,1072.83,2159.94
25,270,7788.59,-7035.36,884.434,2463.81
30,270,8199.8,-5959.98,666.489,2731.8
35,270,8292.47,-4904.23,435.622,2952.6
40,270,8114.49,-3908.49,200.574,3121.25
45,270,7725.42,-3000.96,-35.7937,3237.01
50,270,7188.46,-2198.96,-272.755,3301.92
55,270,6563.24,-1510.73,-508.236,3320.13
60,270,5900.37,-936.922,-737.151,3297.92
65,270,5238.57,-472.214,-951.975,3243.56
70,270,4604.28,-106.912,-1144.71,3166.81
75,270,4012.81,171.213,-1308.96,3077.97
80,270,3470.57,375.102,-1440.97,2986.78
85,270,2977.4,516.798,-1539.48,2901.45
90,270,2528.83,606.204,-1604.65,2828.02
95,270,2118.22,650.172,-1636.99,2770.11
100,270,1738.41,651.861,-1636.78,2729.14
105,270,1382.93,610.412,-1604.29,2704.72
110,270,1046.38,521.317,-1540.59,2695.12
115,270,723.949,378.043,-1448.18,2697.47
120,270,410.665,175.357,-1330.89,2707.67
125,270,101.166,-85.9032,-1192.75,2719.88
130,270,-208.877,-393.981,-1036.15,2725.82
135,270,-519.408,-723.565,-860.57,2714.44
140,270,-821.776,-1037.52,-662.84,2672.33
145,270,-1096.03,-1293.51,-439.954,2585.52
150,270,-1312.23,-1453.7,-193.666,2442.46
155,270,-1436.59,-1493.58,64.8164,2237.96
160,270,-1440.86,-1406.55,312.421,1976.76
165,270,-1311.21,-1202.43,515.857,1675.42
170,270,-1053.12,-901.87,637.548,1361.36
175,270,-690.665,-529.631,644.341,1068.82
180,270,-261.367,-110.337,516.254,832.229
0,275,1038.3,-10526.5,972.024,1982.43
5,275,3112.7,-10158.2,967.392,2131.83
10,275,4973.09,-9435.65,865.668,2322.14
15,275,6517,-8429.36,684.053,2531.2
20,275,7679.7,-7228.85,448.252,2736.93
25,275,8435.79,-5929.49,185.704,2921.47
30,275,8795.9,-4620.62,-80.7572,3073.3
35,275,8800.15,-3376.71,-336.923,3187.13
40,275,8509.55,-2252.48,-577.756,3262.18
45,275,7996.5,-1281.87,-804.672,3300.1
50,275,7335.22,-479.876,-1021.15,3303.67
55,275,6593.72,153.763,-1228.86,3276.45
60,275,5828.22,630.33,-1425.84,3223.13
65,275,5080.63,967.985,-1607.06,3149.74
70,275,4378.62,1188.16,-1766.44,3063.53
75,275,3737.62,1312.69,-1898.83,2972.2
80,275,3163.51,1361.63,-2001.06,2882.99
85,275,2655.61,1351.89,-2071.83,2801.84
90,275,2209.27,1296.28,-2110.74,2732.91
95,275,1818.02,1203.19,-2117.5,2678.37
100,275,1475.11,1076.33,-2091.66,2638.63
105,275,1174.11,915.068,-2033.04,2612.63
110,275,908.653,715.304,-1942.73,2598.21
115,275,671.274,471.46,-1823.69,2592.25
120,275,452.256,179.828,-1680.51,2590.57
125,275,239.349,-157.023,-1518.04,2587.66
130,275,19.5611,-525.965,-1339.17,2576.25
135,275,-216.64,-901.065,-1143.25,2547.28
140,275,-469.777,-1245.27,-926.323,2490.25
145,275,-726.907,-1516.64,-683.974,2394.55
150,275,-961.06,-1677.68,-416.401,2251.7
155,275,-1136.04,-1704.49,-133.578,2058.31
160,275,-1215.48,-1592.1,141.999,1819.03
165,275,-1172.75,-1354.24,376.978,1548.46
170,275,-998.039,-1018.04,533.456,1270.92
175,275,-700.409,-616.551,578.165,1017.34
180,275,-305.367,-182.451,491.51,819.446
0,280,1119.07,-10313.6,877.831,2892.33
5,280,3380.33,-9874.47,672.94,2976.86
10,280,5385.01,-9006.78,395.057,3058.81
15,280,7020.55,-7800.25,68.0308,3126.62
20,280,8218.97,-6369.24,-278.391,3170.9
25,280,8957.91,-4836.07,-615.639,3186.75
30,280,9256.29,-3315.56,-922.699,3174.42
35,280,9166.09,-1903,-1189.66,3138.2
40,280,8761.72,-666.697,-1417.36,3084.07
45,280,8128.41,354.126,-1613.52,3017.57
50,280,7351.07,1147,-1787.6,2942.65
55,280,6505.35,1720.62,-1946.4,2861.87
60,280,5652.01,2097.91,-2092.22,2777.3
65,280,4834.94,2309.29,-2223.37,2691.41
70,280,4082.1,2387.23,-2336.19,2607.45
75,280,3408.25,2362.48,-2426.92,2529.11
80,280,2818.41,2261.72,-2492.85,2459.87
85,280,2311.25,2106.42,-2532.21,2402.35
90,280,1881.87,1912.33,-2543.62,2357.99
95,280,1523.94,1689.45,-2525.56,2326.9
100,280,1230.76,1442.25,-2476.39,2308.05
105,280,995.373,1170.46,-2395.01,2299.5
110,280,809.645,870.403,-2281.82,2298.62
115,280,662.725,537.354,-2139.35,2302.14
120,280,539.697,168.937,-1972.11,2306.06
125,280,421.515,-230.889,-1785.13,2305.45
130,280,287.272,-648.16,-1581.95,2294.22
135,280,119.111,-1057.13,-1362.78,2265.2
140,280,-91.2257,-1421.88,-1124.48,2210.51
145,280,-336.609,-1701.99,-863.103,2122.58
150,280,-592.438,-1861.19,-578.609,1995.71
155,280,-820.153,-1876.41,-280.073,1828.13
160,280,-975.846,-1743.86,11.4213,1624.23
165,280,-1020.98,-1479.97,264.221,1396.34
170,280,-931.377,-1116.89,442.288,1165.01
175,280,-701.973,-694.688,514.375,956.994
180,280,-347.043,-253.176,463.025,800.426
0,285,1191.32,-10022.3,776.957,3780.21
5,285,3602.41,-9525.56,341.95,3788.35
10,285,5719.93,-8536.08,-135.813,3737.62
15,285,7422.05,-7160.05,-623.865,3629.92
20,285,8637.77,-5533.44,-1087.36,3472.14
25,285,9347.77,-3802.3,-1496.63,3276.28
30,285,9579.04,-2104.07,-1833.55,3058.19
35,285,9395.08,-552.466,-2094.38,2834.87
40,285,8883.25,772.285,-2287.99,2621.35
45,285,8140.98,1826.66,-2430.65,2428.27
50,285,7262.97,2600.92,-2539.58,2260.98
55,285,6331.41,3111.68,-2628.19,2120.48
60,285,5410.44,3392.5,-2703.98,2005.19
65,285,4544.83,3484.82,-2769.14,1912.8
70,285,3761.86,3430.89,-2822.63,1841.29
75,285,3074.94,3269.27,-2862.06,1789.16
80,285,2487.75,3032.49,-2884.94,1755.13
85,285,1997.95,2746.06,-2888.84,1737.73
90,285,1600.03,2428.44,-2871.16,1735.04
95,285,1287.28,2091.22,-2828.98,1744.68
100,285,1052.46,1739.76,-2759.22,1763.88
105,285,887.483,1374.22,-2659.39,1789.63
110,285,781.986,991.262,-2528.56,1818.77
115,285,721.614,586.665,-2368.02,1848
120,285,686.657,158.682,-2181.25,1873.67
125,285,652.259,-288.209,-1972.96,1891.64
130,285,591.081,-740.079,-1747.27,1897.08
135,285,478.705,-1172.08,-1505.94,1884.59
140,285,300.831,-1549.95,-1247.92,1848.52
145,285,60.0026,-1835.15,-971.148,1783.85
150,285,-221.08,-1992.84,-676.449,1687.21
155,285,-501.884,-2000.7,-372.282,1558.2
160,285,-732.058,-1855.57,-77.6358,1400.84
165,285,-862.633,-1575.46,179.016,1225.03
170,285,-856.673,-1196.1,365.372,1047.23
175,285,-696.41,-763.015,454.012,889.387
180,285,-386.078,-321.974,431.017,775.314
0,290,1254.5,-9654.68,670.171,4639.33
5,290,3773.93,-9116.26,-18.0639,4562.41
10,290,5969.99,-8034.5,-713.926,4360.23
15,290,7712.82,-6528.5,-1374.39,4050.35
20,290,8928.95,-4751.59,-1958.4,3658.87
25,290,9601.97,-2869.15,-2435.12,3218.03
30,290,9766.33,-1037.18,-2790.25,2762.41
35,290,9496.08,615.623,-3027.85,2324.36
40,290,8890.25,1999.64,-3166.91,1929.67
45,290,8057.01,3068.36,-3234.18,1594.81
50,290,7099.39,3814.87,-3256.49,1326.5
55,290,6104.76,4262.81,-3255.08,1123.52
60,290,5139.47,4454.77,-3243.46,979.694
65,290,4248.27,4441.43,-3228.1,886.81
70,290,3457.07,4273.16,-3210.57,836.558
75,290,2777.44,3994.99,-3189.72,821.365
80,290,2211.18,3644.17,-3163.1,834.487
85,290,1754.36,3249.53,-3127.49,869.825
90,290,1400.24,2831.62,-3079.03,921.784
95,290,1141,2403.36,-3013.23,985.233
100,290,968.191,1970.81,-2925.36,1055.54
105,290,872.085,1534.45,-2811.17,1128.56
110,290,840.067,1091.04,-2667.81,1200.65
115,290,854.767,636.3,-2494.68,1268.49
120,290,892.784,168.251,-2293.75,1328.9
125,290,925.047,-309.096,-2068.99,1378.62
130,290,919.69,-782.678,-1825.09,1414.1
135,290,847.679,-1228.97,-1565.75,1431.52
140,290,690.348,-1615.41,-1292.76,1427.18
145,290,446.767,-1905.09,-1006.8,1398.08
150,290,138.022,-2064.35,-710.263,1342.75
155,290,-194.005,-2071.33,-411.185,1261.84
160,290,-493.939,-1922.97,-125.966,1158.92
165,290,-704.312,-1637.95,121.212,1041.44
170,290,-777.48,-1254.11,303.224,921.62
175,290,-684.871,-820.819,397.857,816.266
180,290,-422.174,-388.322,395.728,744.302
0,295,1308.14,-9213.6,558.284,5463.13
5,295,3891.19,-8651.27,-398.903,5295.92
10,295,6129.47,-7511.41,-1325.28,4930.38
15,295,7886.89,-5921.71,-2165.49,4401.19
20,295,9088.32,-4047.71,-2871.27,3755.8
25,295,9720.05,-2068.76,-3410.42,3049.08
30,295,9822.98,-154.315,-3773.16,2336.7
35,295,9480.01,1556.23,-3972.67,1668.14
40,295,8799.69,2966.87,-4039.66,1081.02
45,295,7898.73,4029.63,-4013.04,597.895
50,295,6886.38,4740.38,-3930.58,226.502
55,295,5853.6,5128.48,-3822.5,-37.3243
60,295,4867.86,5243.6,-3708.95,-205.238
65,295,3973.27,5143.48,-3600.92,-292.22
70,295,3194.04,4884.69,-3502.63,-313.646
75,295,2539.53,4517.08,-3414.02,-283.767
80,295,2009.33,4081.35,-3332.55,-215.198
85,295,1597.41,3608.54,-3254.06,-118.882
90,295,1295.13,3120.5,-3173.25,-4.17207
95,295,1092.89,2630.74,-3083.9,121.083
100,295,980.537,2145.54,-2979.35,250.436
105,295,946.511,1665.28,-2853.28,378.699
110,295,976.24,1186.36,-2700.65,501.747
115,295,1050.22,703.841,-2518.78,616.302
120,295,1142.77,214.823,-2307.96,719.675
125,295,1222.38,-277.864,-2071.45,809.486
130,295,1254.56,-762.484,-1814.52,883.425
135,295,1207.49,-1216.91,-1542.93,939.195
140,295,1059.62,-1609.91,-1261.51,974.767
145,295,807.458,-1905.75,-973.994,988.878
150,295,470.653,-2071.5,-684.604,981.501
155,295,91.7295,-2085.43,-400.996,954.064
160,295,-270.457,-1944.16,-136.671,909.565
165,295,-552.08,-1666.21,89.1887,853.041
170,295,-697.167,-1290.23,255.587,792.501
175,295,-668.544,-867.722,346.431,739.461
180,295,-455.057,-451.714,357.427,707.625
0,300,1351.81,-8702.39,442.148,6245.36
5,300,3951.79,-8135.1,-791.885,5986.36
10,300,6194.83,-6974.19,-1955.21,5453.35
15,300,7940.93,-5351.28,-2978.71,4698.66
20,300,9114.26,-3438.32,-3806.03,3792.18
25,300,9703.63,-1422.47,-4403.43,2812.82
30,300,9754.94,519.175,-4766.03,1838.56
35,300,9357.61,2241.31,-4916.96,936.921
40,300,8626.82,3644.85,-4899.68,157.613
45,300,7684.81,4681.77,-4766.28,-470.896
50,300,6644.55,5350.48,-4566.43,-940.461
55,300,5598.74,5684.5,-4339.99,-1258.9
60,300,4614.97,5738.38,-4114.28,-1444.1
65,300,3736.25,5574.57,-3905.09,-1518.43
70,300,2985,5253.65,-3719.31,-1504.82
75,300,2368.4,4828.5,-3557.89,-1424.48
80,300,1883.72,4341.75,-3417.94,-1295.97
85,300,1522.64,3825.39,-3294.13,-1134.99
90,300,1274.32,3301.44,-3179.4,-954.463
95,300,1127.14,2783.12,-3065.5,-764.734
100,300,1069.06,2276.1,-2943.65,-573.871
105,300,1086.85,1780.03,-2805.35,-387.997
110,300,1164.47,1290.37,-2643.53,-211.631
115,300,1281.21,801.091,-2453.69,-47.9964
120,300,1410.38,308.005,-2234.8,100.697
125,300,1519.55,-187.443,-1989.65,232.968
130,300,1573.23,-674.843,-1724.19,347.768
135,300,1538.25,-1133.21,-1446.12,444.318
140,300,1391.38,-1532.26,-1163.1,522.192
145,300,1127.34,-1836.94,-881.701,581.63
150,300,764.484,-2014.65,-607.858,623.775
155,300,345.358,-2043.57,-348.764,650.536
160,300,-69.1882,-1919.67,-114.843,664.205
165,300,-411.153,-1660.63,80.058,667.469
170,300,-618.754,-1304.67,221.531,664.249
175,300,-648.603,-903.691,300.005,660.81
180,300,-484.478,-511.669,316.406,665.563
0,305,1385.21,-8124.96,322.647,6980.06
5,305,3954.75,-7571.86,-1188.07,6631.73
10,305,6164.78,-6427.95,-2588.7,5935.39
15,305,7874.1,-4823.8,-3795.45,4960.63
20,305,9007.41,-2931.62,-4743.22,3799.73
25,305,9555.69,-939.767,-5396.51,2555.71
30,305,9568.15,973.234,-5755.4,1329
35,305,9137.84,2661.16,-5853.25,204.999
40,305,8383.11,4025.04,-5746.55,-754.922
45,305,7428.27,5018.02,-5500.94,-1517.03
50,305,6387.16,5640.54,-5178.29,-2073.45
55,305,5352.27,5928.53,-4828.4,-2436.3
60,305,4390.26,5939.06,-4486.05,-2630.18
65,305,3542.72,5736.84,-4171.96,-2685.22
70,305,2830.34,5384.28,-3895.77,-2632.03
75,305,2258.41,4935.32,-3659.28,-2498.71
80,305,1822.18,4432.9,-3459.01,-2309.52
85,305,1511.32,3908.58,-3288.03,-2084.56
90,305,1313.08,3383.39,-3137.17,-1839.91
95,305,1214.07,2869.21,-2995.89,-1588.1
100,305,1200.69,2370.29,-2853.27,-1338.59
105,305,1258.43,1884.81,-2698.93,-1098.29
110,305,1370.33,1406.89,-2524.3,-872.072
115,305,1515.18,929.179,-2323.72,-663.05
120,305,1666.15,446.231,-2095.5,-472.889
125,305,1790.92,-41.6659,-1842.37,-302.076
130,305,1854.07,-525.114,-1571.05,-150.273
135,305,1822.14,-983.954,-1290.9,-16.6399
140,305,1671.14,-1388.52,-1011.93,100.027
145,305,1394.69,-1704.2,-743.037,201.372
150,305,1010.06,-1898.63,-491.471,289.494
155,305,559.353,-1949.69,-263.734,366.538
160,305,104.094,-1852.48,-67.0969,433.956
165,305,-285.637,-1623.23,89.9494,492.129
170,305,-544.781,-1298.55,199.571,541.095
175,305,-626.152,-929.033,258.628,582.095
180,305,-510.211,-567.73,272.977,618.435
0,310,1408.06,-7485.69,200.69,7661.64
5,310,3900.53,-6965.33,-1578.48,7230.3
10,310,6040.31,-5875.39,-3210.73,6383.02
15,310,7688.05,-4340.62,-4597.23,5205.23
20,310,8770.36,-2527.23,-5663.84,3810.23
25,310,9280.04,-618.05,-6373.03,2323.98
30,310,9267.68,1213.17,-6729.54,868.119
35,310,8826.81,2824.15,-6776.58,-455.274
40,310,8075.17,4118.93,-6583.26,-1574.23
45,310,7135.49,5052.7,-6228.32,-2450.67
50,310,6119.49,5627.07,-5785.54,-3077.65
55,310,5117.48,5878.49,-5314.52,-3471.99
60,310,4194.14,5864.14,-4857.38,-3665.18
65,310,3389.38,5648.63,-4439.76,-3695.08
70,310,2722.36,5293.94,-4074,-3599.74
75,310,2196.92,4853.25,-3762.55,-3413.76
80,310,1806.92,4368.21,-3501.09,-3166.59
85,310,1540.74,3868.62,-3280.83,-2882.17
90,310,1384.41,3373.48,-3090.26,-2579.28
95,310,1323.49,2892.47,-2916.6,-2272.25
100,310,1343.47,2427.69,-2747.04,-1971.74
105,310,1429.14,1975.44,-2569.91,-1685.34
110,310,1563.13,1528.23,-2375.86,-1418.16
115,310,1724.16,1077.47,-2158.92,-1173.1
120,310,1885.77,616.736,-1917.41,-951.099
125,310,2016.26,145.541,-1654.41,-751.437
130,310,2080.84,-327.395,-1377.51,-572.171
135,310,2046.47,-782.53,-1097.46,-410.665
140,310,1889.14,-1190.78,-826.044,-263.997
145,310,1601.97,-1518.03,-573.849,-129.148
150,310,1201.5,-1732.14,-348.851,-3.21375
155,310,729.042,-1810.72,-156.543,115.995
160,310,245.689,-1747.76,-1.01449,228.956
165,310,-178.363,-1557.48,114.343,333.795
170,310,-477.209,-1273.8,187.828,426.922
175,310,-602.194,-944.372,222.16,504.966
180,310,-532.061,-619.47,227.47,566.601
0,315,1420.19,-6789.45,77.2065,8284.9
5,315,3790.96,-6318.86,-1954.32,7780.54
10,315,5824.6,-5316.9,-3806.55,6802.42
15,315,7386.8,-3898.01,-5365.92,5449.47
20,315,8407.53,-2216.5,-6549.28,3853.41
25,315,8881.1,-443.268,-7316.75,2160.42
30,315,8857.5,1258.61,-7677.08,510.902
35,315,8427.56,2755.19,-7682.27,-978.549
40,315,7704.64,3955.96,-7412.84,-2227.03
45,315,6806.27,4818.63,-6959.48,-3193.15
50,315,5839.2,5344.84,-6406.92,-3871.38
55,315,4889.67,5569.53,-5823.88,-4283.24
60,315,4019.44,5547.63,-5259.39,-4466.85
65,315,3266.49,5341.31,-4743.76,-4467.27
70,315,2648.75,5010.15,-4291.79,-4329.41
75,315,2169.18,4604.88,-3906.54,-4093.71
80,315,1821,4164.54,-3582.81,-3794.15
85,315,1592.11,3716.19,-3310.05,-3457.93
90,315,1468.21,3275.97,-3074.68,-3106.07
95,315,1434.63,2850.85,-2862.04,-2754.42
100,315,1476.7,2440.5,-2657.98,-2414.56
105,315,1579.13,2039.16,-2450.14,-2094.66
110,315,1724.58,1637.83,-2229.01,-1799.88
115,315,1892.09,1226.87,-1988.91,-1532.72
120,315,2055.79,799.17,-1728.67,-1293.12
125,315,2184.85,353.719,-1452.11,-1078.89
130,315,2245.45,-101.305,-1167.78,-886.218
135,315,2205.41,-547.043,-887.652,-710.454
140,315,2041.28,-955.193,-624.863,-546.836
145,315,1746.34,-1292.38,-390.996,-390.943
150,315,1336.71,-1526.87,-194.122,-239.14
155,315,852.758,-1636.02,-38.3212,-89.348
160,315,354.076,-1612.55,75.4583,57.8161
165,315,-90.8067,-1468.15,148.435,198.263
170,315,-417.372,-1233.1,184.191,325.084
175,315,-577.599,-950.618,190.306,430.882
180,315,-549.861,-666.495,180.232,510.455
0,320,1421.51,-6041.53,-46.865,8845.12
5,320,3629.27,-5635.47,-2307.2,8280.9
10,320,5523.02,-4750.72,-4361.98,7198.82
15,320,6976.69,-3487.64,-6083.91,5708
20,320,7925.16,-1983.42,-7381.18,3954.77
25,320,8363.98,-391.285,-8211.25,2101.55
30,320,8340.72,1141.49,-8585.75,303.738
35,320,7940.54,2493.06,-8563.74,-1310.58
40,320,7268.94,3580.28,-8235.2,-2653.67
45,320,6435.03,4363.45,-7700.86,-3681.88
50,320,5537.91,4842.95,-7054.83,-4391.22
55,320,4658.04,5050.17,-6373.79,-4807.44
60,320,3853.44,5035.47,-5712.95,-4974.38
65,320,3160.04,4856.51,-5106.83,-4943.33
70,320,2594.85,4568.67,-4572.61,-4765.11
75,320,2160.56,4218.91,-4114.16,-4485.12
80,320,1850.48,3842.73,-3725.89,-4141.21
85,320,1652.74,3463.83,-3396.14,-3763.33
90,320,1553.41,3095.25,-3110.04,-3374.38
95,320,1538.22,2741.16,-2851.78,-2991.39
100,320,1592.89,2398.84,-2606.39,-2626.69
105,320,1702.53,2060.75,-2361.16,-2288.74
110,320,1850.33,1716.62,-2106.63,-1982.59
115,320,2015.94,1355.98,-1837.52,-1710.08
120,320,2174.39,971.173,-1553.37,-1469.96
125,320,2295.94,560.653,-1259.01,-1258.31
130,320,2348.03,131.87,-964.17,-1069.22
135,320,2299.79,-297.31,-682.083,-895.829
140,320,2128.92,-699.746,-426.914,-731.331
145,320,1829.4,-1043.13,-210.683,-569.785
150,320,1417.3,-1296.38,-40.8952,-406.812
155,320,931.729,-1436.64,80.1769,-240.543
160,320,429.849,-1455.24,154.611,-72.8212
165,320,-23.1139,-1361.01,187.496,90.0696
170,320,-365.972,-1179.71,186.491,238.255
175,320,-553.086,-948.913,162.665,361.06
180,320,-563.477,-708.448,131.623,450.423
0,325,1412.02,-5247.64,-170.58,9338.01
5,325,3419.96,-4917.9,-2629.37,8729.72
10,325,5142.99,-4173.35,-4863.76,7575.9
15,325,6466.38,-3097.38,-6734.37,5991.98
20,325,7331.41,-1805.88,-8141.48,4133.95
25,325,7734.79,-429.829,-9039.44,2175.31
30,325,7720.19,903.441,-9441.29,281.663
35,325,7364.61,2087.13,-9410.84,-1411.22
40,325,6762.81,3046.81,-9044.76,-2811.18
45,325,6012.61,3745.22,-8451.22,-3873.32
50,325,5203.28,4180.32,-7731.58,-4594.95
55,325,4407.95,4377.98,-6968.95,-5004.99
60,325,3680.12,4381.99,-6223.79,-5151.53
65,325,3053.54,4243.55,-5534.54,-5090.58
70,325,2544.65,4012.39,-4921.02,-4877.47
75,325,2156.47,3730.63,-4388.57,-4561.58
80,325,1882.99,3429.72,-3932.28,-4183.9
85,325,1713.16,3129.88,-3540.62,-3776.67
90,325,1633.81,2841.17,-3198.49,-3364.3
95,325,1631.35,2565.31,-2889.71,-2964.75
100,325,1692.14,2297.76,-2598.82,-2590.83
105,325,1801.96,2029.63,-2312.63,-2251.08
110,325,1944.77,1749.79,-2021.43,-1950.28
115,325,2101.24,1447.17,-1719.99,-1689.53
120,325,2247.61,1113.52,-1408.52,-1466.39
125,325,2355.67,746.488,-1092.95,-1275.14
130,325,2394.62,352.371,-784.524,-1107.67
135,325,2335.46,-52.4449,-497.895,-954.668
140,325,2157.65,-442.433,-248.103,-806.979
145,325,1856.44,-786.713,-47.1096,-656.85
150,325,1447.96,-1055.06,98.7485,-499.011
155,325,969.745,-1224.57,189.345,-331.849
160,325,475.516,-1285.16,229.51,-158.584
165,325,25.7898,-1242.52,227.213,12.2868
170,325,-323.117,-1117.35,192.661,168.309
175,325,-529.221,-940.578,138.765,296.428
180,325,-572.805,-745.009,82.0119,386.964
0,330,1391.78,-4413.81,-292.996,9759.84
5,330,3168.7,-4168.74,-2913.89,9125.08
10,330,4693.94,-3580.01,-5299.78,7935.45
15,330,5866.84,-2712.29,-7301.5,6308.24
20,330,6636.59,-1657.39,-8812.4,4403.41
25,330,7001.23,-520.845,-9783.33,2399.42
30,330,6999.51,592.779,-10226.9,466.522
35,330,6698.48,1593.7,-10208.9,-1256.2
40,330,6179.99,2417.1,-9829.21,-2674.84
45,330,5528.47,3028.06,-9200.35,-3744.23
50,330,4821.45,3421.11,-8428.3,-4462.46
55,330,4123.35,3615.22,-7600.85,-4860.1
60,330,3482.33,3645.9,-6782.87,-4987.48
65,330,2929.74,3556.34,-6016.75,-4903.26
70,330,2481.65,3389.33,-5325.65,-4665.54
75,330,2141.89,3181.38,-4717.66,-4326.31
80,330,1905.72,2959.53,-4190,-3928.76
85,330,1763.35,2740.65,-3732.65,-3506.79
90,330,1702.62,2532.31,-3331.39,-3085.92
95,330,1710.69,2334.53,-2970.14,-2684.74
100,330,1774.51,2141.68,-2632.97,-2316.3
105,330,1880.49,1944.3,-2305.77,-1989.22
110,330,2013.4,1730.93,-1977.89,-1708.11
115,330,2155.12,1490.15,-1643.7,-1473.68
120,330,2283.54,1213.02,-1303.75,-1282.61
125,330,2372.52,896.021,-965.26,-1127.72
130,330,2393.72,543.772,-641.181,-998.735
135,330,2320.79,170.621,-347.756,-883.64
140,330,2135.68,-199.992,-100.755,-770.456
145,330,1835.3,-538.978,88.3814,-649.088
150,330,1435.84,-817.249,215.007,-513.04
155,330,972.683,-1012.03,281.332,-360.93
160,330,495.177,-1111.95,294.456,-197.53
165,330,58.0092,-1119.49,263.979,-33.6016
170,330,-288.401,-1049.96,200.878,116.245
175,330,-506.42,-927.041,118.105,237.6
180,330,-577.773,-775.9,31.7766,320.56
0,335,1360.95,-3546.39,-413.183,10107.4
5,335,2882.2,-3390.57,-3154.8,9464.8
10,335,4187.05,-2965.26,-5659.42,8277.04
15,335,5191.28,-2315.87,-7770.83,6658.67
20,335,5853.38,-1508.93,-9376.73,4767.52
25,335,6173.17,-623.084,-10424.1,2780.37
30,335,6184.05,261.278,-10923.2,865.993
35,335,5942.16,1072.35,-10938.4,-837.879
40,335,5515.17,1755.41,-10569.5,-2238.48
45,335,4972.66,2277.85,-9929.57,-3291.34
50,335,4379,2630.38,-9126.37,-3994.77
55,335,3788.67,2824.29,-8250.63,-4379.21
60,335,3243.55,2885.8,-7370.97,-4494.89
65,335,2772.06,2848.97,-6534.12,-4400.57
70,335,2389.86,2748.6,-5767.66,-4154.85
75,335,2101.91,2614.86,-5083.94,-3810.44
80,335,1905.18,2470.12,-4483.79,-3411.29
85,335,1791.58,2328.07,-3959.89,-2991.98
90,335,1750.24,2194.4,-3499.52,-2578.45
95,335,1769.12,2068.26,-3086.91,-2189.55
100,335,1835.64,1943.92,-2705.33,-1838.6
105,335,1936.59,1812.24,-2339.3,-1534.56
110,335,2057.41,1662.13,-1976.73,-1282.53
115,335,2181.17,1482.19,-1611.17,-1083.68
120,335,2287.66,1262.84,-1243.41,-934.765
125,335,2353.41,999.124,-881.927,-827.86
130,335,2353.33,693.508,-541.519,-750.807
135,335,2264.6,357.79,-239.946,-688.637
140,335,2072.36,12.8415,6.59755,-625.88
145,335,1775.41,-314.439,187.693,-549.333
150,335,1389.77,-596.441,300.811,-450.75
155,335,947.96,-810.818,350.481,-328.869
160,335,494.13,-945.13,345.331,-190.175
165,335,76.4292,-998.749,295.115,-47.7359
170,335,-261.012,-981.53,209.67,82.1584
175,335,-484.962,-909.777,100.189,184.864
180,335,-578.344,-800.886,-18.7005,251.716
0,340,1319.76,-2651.98,-530.225,10378
5,340,2568.03,-2586.08,-3347.34,9746.35
10,340,3635.17,-2323.54,-5933.82,8597.9
15,340,4455.13,-1891.28,-8129.56,7040.04
20,340,4997.09,-1331.01,-9818.19,5222.31
25,340,5263.31,-694.761,-10942.5,3313.07
30,340,5282.07,-38.9623,-11508.5,1473.43
35,340,5098.45,582.507,-11576.1,-165.048
40,340,4765.54,1125.06,-11241,-1513.7
45,340,4337.43,1558.64,-10613.4,-2529.86
50,340,3864.48,1870.33,-9800.2,-3211.58
55,340,3390.13,2063.8,-8893.24,-3587.45
60,340,2948.94,2155.78,-7964.46,-3705.12
65,340,2565.6,2170.65,-7065.35,-3620.65
70,340,2254.96,2134.6,-6229.07,-3390.29
75,340,2023.03,2070.86,-5473.43,-3064.94
80,340,1868.76,1996.82,-4803.94,-2687.26
85,340,1786.12,1923.09,-4216.57,-2290.92
90,340,1765.88,1853.96,-3700.29,-1901.31
95,340,1796.99,1788.5,-3239.49,-1537.15
100,340,1867.34,1721.78,-2816.46,-1212.19
105,340,1963.98,1645.91,-2414.1,-936.473
110,340,2072.79,1550.95,-2018.85,-716.793
115,340,2177.91,1426.04,-1623.5,-556.237
120,340,2261.14,1261.24,-1229.16,-453.105
125,340,2302.07,1050.11,-845.612,-399.874
130,340,2279.54,792.762,-489.289,-383.048
135,340,2175.01,498.047,-179.088,-384.525
140,340,1977.27,183.83,68.9595,-384.605
145,340,1687.04,-125.64,246.045,-366.081
150,340,1319.63,-404.671,352.064,-318.318
155,340,903.973,-631.726,393.603,-239.987
160,340,478.422,-793.603,379.828,-139.381
165,340,84.4224,-886.794,319.024,-31.8361
170,340,-239.869,-915.92,217.998,65.2541
175,340,-465.013,-890.225,84.5484,138.182
180,340,-574.513,-819.777,-69.0353,180.956
0,345,1268.52,-1737.38,-643.232,10569.7
5,345,2234.44,-1758.29,-3488.02,9966.93
10,345,3052.48,-1649.94,-6116.18,8892.97
15,345,3675.93,-1422.67,-8367.05,7444.04
20,345,4085.78,-1095.59,-10122,5755.6
25,345,4287.7,-696.164,-11319.6,3981.22
30,345,4305.62,-258.523,-11959.9,2268.43
35,345,4174.17,180.271,-12095.5,738
40,345,3932.28,585.433,-11814.7,-528.407
45,345,3618.74,929.774,-11221.6,-1491.17
50,345,3269.55,1197.56,-10419.7,-2147.8
55,345,2916.46,1385.73,-9500.57,-2523.65
60,345,2585.76,1502.17,-8538.83,-2661.41
65,345,2297.41,1561.87,-7590.95,-2611.54
70,345,2064.6,1582.32,-6696.19,-2424.81
75,345,1893.91,1579.59,-5878.37,-2147.29
80,345,1786.1,1565.91,-5147.94,-1817.7
85,345,1737.32,1548.84,-4504.21,-1466.81
90,345,1740.25,1531.5,-3937.69,-1118.22
95,345,1785.2,1513.34,-3432.82,-790.093
100,345,1860.84,1490.87,-2970.93,-496.912
105,345,1954.61,1458.09,-2533.66,-250.812
110,345,2052.87,1406.83,-2106.47,-61.7911
115,345,2140.77,1327.4,-1681.94,63.3244
120,345,2202.14,1209.97,-1261.84,122.903
125,345,2219.81,1046.99,-857.237,122.654
130,345,2176.93,836.283,-485.819,76.6626
135,345,2059.55,583.672,-166.874,6.16933
140,345,1860.14,303.657,84.5655,-64.3154
145,345,1580.95,17.3472,261.951,-112.817
150,345,1235.86,-251.995,367.764,-125.744
155,345,849.561,-484.08,410.129,-101.494
160,345,454.378,-665.266,397.567,-50.1458
165,345,85.5316,-789.496,335.256,10.9175
170,345,-223.762,-856.659,225.282,63.9
175,345,-446.647,-869.731,70.7626,97.2082
180,345,-566.31,-832.429,-118.845,108.819
0,350,1207.63,-809.564,-751.343,10680.9
5,350,1890.11,-910.634,-3574.76,10123.5
10,350,2454.23,-940.685,-6201.95,9155.14
15,350,2873.06,-896.472,-8475.18,7857.66
20,350,3140.29,-778.084,-10275.5,6347.61
25,350,3266.14,-592.094,-11537.6,4758.16
30,350,3271.34,-353.417,-12254.3,3217.98
35,350,3181.31,-84.3293,-12468.7,1832.97
40,350,3021.93,189.394,-12258.9,675.094
45,350,2817.53,443.802,-11720.6,-220.29
50,350,2590.22,661.533,-10951.7,-850.129
55,350,2359.89,834.344,-10042.2,-1235.44
60,350,2143.9,962.778,-9068.62,-1412.01
65,350,1956.52,1053.6,-8091.81,-1422.06
70,350,1808.14,1116.35,-7156.7,-1307.83
75,350,1704.95,1160.34,-6292.7,-1107.49
80,350,1648.84,1192.81,-5514.78,-853.121
85,350,1637.8,1218.29,-4825.17,-570.465
90,350,1666.55,1238.77,-4215.8,-280.039
95,350,1727.1,1254.09,-3671.28,1.05985
100,350,1809.42,1262.21,-3172.51,257.298
105,350,1901.91,1259.16,-2700.65,473.526
110,350,1991.77,1238.87,-2241.09,635.142
115,350,2065.41,1193.29,-1786.99,729.929
120,350,2108.75,1113.32,-1341.27,751.282
125,350,2107.91,990.985,-916.247,701.754
130,350,2050.25,822.389,-530.32,595.18
135,350,1926.13,610.503,-202.257,455.655
140,350,1731.15,366.307,54.8465,312.627
145,350,1468.27,107.331,237.286,193.128
150,350,1149.04,-146.107,350.083,113.923
155,350,793.463,-375.37,402.157,77.015
160,350,428.124,-566.681,400.097,70.718
165,350,83.1468,-711.84,344.49,76.0673
170,350,-211.5,-806.785,231.397,75.724
175,350,-429.873,-849.478,58.4639,61.3235
180,350,-553.797,-838.745,-167.75,35.8543
0,355,1137.56,124.415,-853.736,10710.8
5,355,1543.97,-47.1267,-3606.95,10212.9
10,355,1856.4,-193.786,-6189.15,9375.52
15,355,2067.48,-302.442,-8448.86,8263.94
20,355,2184.14,-358.99,-10269,6972.08
25,355,2222.28,-354.052,-11581.1,5608.32
30,355,2200.94,-287.545,-12370.1,4278.26
35,355,2137.9,-169.8,-12667.9,3069.54
40,355,2047.63,-18.8055,-12541.1,2042.24
45,355,1941.42,144.994,-12074.9,1226.43
50,355,1828.61,303.989,-11360.4,625.666
55,355,1717.77,446.748,-10484.6,224.014
60,355,1617.22,568.621,-9524.58,-5.98897
65,355,1534.72,670.15,-8544.26,-96.3221
70,355,1476.76,754.573,-7592.79,-78.3718
75,355,1447.75,825.615,-6703.79,20.0466
80,355,1449.58,886.203,-5895.76,175.749
85,355,1481.37,938.069,-5173.38,369.737
90,355,1539.61,981.868,-4530.02,585.72
95,355,1618.29,1017.37,-3951.03,808.159
100,355,1709.26,1043.41,-3417.74,1020.44
105,355,1802.58,1057.6,-2911.84,1203.92
110,355,1887.04,1055.75,-2419.66,1338.64
115,355,1950.78,1031.69,-1935.71,1406.09
120,355,1982.11,977.741,-1464.46,1393.75
125,355,1970.29,886.415,-1019.42,1300.15
130,355,1906.4,752.968,-619.095,1138.11
135,355,1784.27,578.076,-280.897,933.926
140,355,1601.45,369.272,-15.1967,721.395
145,355,1360.36,140.214,177.492,532.08
150,355,1069.42,-92.1128,304.423,385.562
155,355,743.761,-311.016,374.379,284.173
160,355,405.1,-502.829,390.771,214.959
165,355,80.1963,-657.707,348.423,158.113
170,355,-202.051,-768.705,236.615,97.7414
175,355,-414.662,-830.435,47.3388,29.6778
180,355,-537.069,-838.679,-215.378,-37.3836
0,360,1058.82,1057.45,-949.632,10659.2
5,360,1204.9,827.56,-3585.46,10232
10,360,1275.31,590.573,-6078.46,9544.05
15,360,1281.25,365.36,-8286.49,8642.9
20,360,1243.12,174.645,-10096.6,7597.7
25,360,1183.53,37.9031,-11438.2,6489.1
30,360,1121.37,-34.8085,-12288.4,5396.75
35,360,1068.6,-45.3202,-12667.7,4387.65
40,360,1030.22,-5.41647,-12629.7,3508.46
45,360,1006.36,68.0776,-12248.7,2783.28
50,360,995.222,158.682,-11607.9,2216.19
55,360,995.242,253.953,-10789.9,1796.82
60,360,1006.16,346.601,-9870.78,1506.84
65,360,1028.95,433.541,-8915.38,1325.55
70,360,1065.13,514.049,-7974.86,1233.61
75,360,1116.03,588.119,-7085.2,1214.8
80,360,1182.14,655.546,-6267.11,1256
85,360,1262.72,715.691,-5527.28,1345.93
90,360,1355.47,767.624,-4860.79,1473.26
95,360,1456.36,810.275,-4254.48,1624.52
100,360,1559.55,842.381,-3691.12,1782.36
105,360,1657.43,862.145,-3153.92,1924.96
110,360,1741.13,866.716,-2630.92,2027.27
115,360,1801.19,851.772,-2118.54,2064.76
120,360,1828.56,811.642,-1622.98,2019.18
125,360,1815.46,740.287,-1158.71,1884.94
130,360,1755.92,633.159,-743.922,1673.33
135,360,1645.84,489.397,-394.052,1411.79
140,360,1483.19,313.401,-116.339,1137.02
145,360,1268.49,114.928,91.8531,883.654
150,360,1006.31,-92.5068,239.391,673.032
155,360,707.284,-294.254,333.891,507.501
160,360,389.603,-476.945,374.505,373.311
165,360,78.8692,-629.712,349.586,250.786
170,360,-194.65,-744.084,241.526,126.512
175,360,-400.963,-813.315,37.1194,1.24696
180,360,-516.254,-832.229,-261.367,-110.337
