Theta[deg],Phi[deg],re(rETheta)[mV],im(rETheta)[mV],re(rEPhi)[mV],im(rEPhi)[mV]
0,0,229.809,170.89,-11875.7,98.9728
5,0,32.0936,87.3397,-11495.9,-2293.53
10,0,-194.669,44.4513,-10822.6,-4598.13
15,0,-425.892,39.1997,-9898.87,-6691.52
20,0,-637.562,64.5589,-8788.34,-8465.36
25,0,-810.846,110.497,-7569.77,-9838.49
30,0,-934.761,165.511,-6328.76,-10767.6
35,0,-1006.29,218.735,-5147.1,-11252.3
40,0,-1028.44,262.058,-4091.66,-11332.6
45,0,-1007.42,291.409,-3206.15,-11077.8
50,0,-950.236,306.658,-2508.21,-10572.1
55,0,-863.336,310.263,-1992.43,-9899.76
60,0,-752.224,305.404,-1637.51,-9134.52
65,0,-621.484,294.475,-1414.93,-8334.46
70,0,-474.761,278.513,-1296.41,-7540.67
75,0,-314.593,257.547,-1258.64,-6778.76
80,0,-142.281,231.493,-1284.95,-6061.22
85,0,41.9703,201.047,-1364.38,-5389.93
90,0,238.591,168.235,-1489.08,-4758.47
95,0,447.989,136.512,-1650.94,-4154.49
100,0,669.877,110.466,-1838.28,-3562.73
105,0,902.73,95.2396,-2033.47,-2968.79
110,0,1143.34,95.7227,-2212.42,-2363.56
115,0,1386.4,115.616,-2346.72,-1747.36
120,0,1624.05,156.489,-2408.41,-1132.43
125,0,1845.42,217.071,-2376.65,-542.096
130,0,2036.58,293.046,-2243.83,-5.95122
135,0,2181.09,377.456,-2018.31,447.896
140,0,2261.57,461.571,-1721.69,800.797
145,0,2262.22,535.833,-1380.97,1048.1
150,0,2171.56,590.51,-1018.82,1197.89
155,0,1984.84,616.08,-647.193,1264.34
160,0,1705.31,603.779,-268.025,1259.23
165,0,1344.49,546.857,118.877,1186.13
170,0,921.501,442.578,505.571,1040.39
175,0,461.832,294.248,870.172,814.78
180,0,-4.54369,112.114,1180.19,507.663
0,5,-806.103,178.866,-11850.6,83.7022
5,5,-970.956,-153.713,-11424.7,-2452.1
10,5,-1131.74,-430.295,-10618.4,-4867.39
15,5,-1267.47,-637.432,-9491,-7028.29
20,5,-1360.93,-770.414,-8130.36,-8822.42
25,5,-1402.49,-833.757,-6642.93,-10171.4
30,5,-1391.74,-839.567,-5141.12,-11040.4
35,5,-1335.9,-804.093,-3729.33,-11440.5
40,5,-1246.18,-743.686,-2491.03,-11423.9
45,5,-1133.54,-671.67,-1479.75,-11071.3
50,5,-1005.88,-597.053,-716.386,-10475.4
55,5,-867.519,-525.058,-192.808,-9726.99
60,5,-720.205,-458.625,119.917,-8903.37
65,5,-564.675,-399.841,261.491,-8063.81
70,5,-401.561,-350.625,273.27,-7248.64
75,5,-231.439,-312.595,191.778,-6481.2
80,5,-54.3999,-286.483,45.4566,-5770.81
85,5,130.3,-271.569,-145.655,-5115.84
90,5,324.143,-265.404,-368.03,-4506.31
95,5,528.793,-263.921,-611.465,-3926.57
100,5,745.236,-261.808,-865.451,-3358.24
105,5,972.846,-253.077,-1116.02,-2783.97
110,5,1208.53,-231.755,-1344.05,-2191.96
115,5,1446.11,-192.703,-1525.97,-1580.58
120,5,1676.07,-132.532,-1637.22,-961.562
125,5,1885.85,-50.4843,-1658.1,-359.98
130,5,2060.8,50.9116,-1579.99,190.157
135,5,2185.58,165.605,-1409.2,654.317
140,5,2245.73,284.289,-1165.93,1007.11
145,5,2229.08,395.073,-877.827,1239.22
150,5,2126.71,484.47,-570.579,1358.09
155,5,1933.83,538.749,-260.279,1382.01
160,5,1650.8,545.897,48.0409,1330.56
165,5,1284.81,498.281,354.699,1216.53
170,5,851.611,395.482,656.017,1043.54
175,5,376.442,246.12,937.61,809.789
180,5,-107.387,67.4419,1175.31,515.503
0,10,-1835.88,185.48,-11735.2,67.7945
5,10,-1959.43,-416.724,-11270,-2565.58
10,10,-2029.61,-941.076,-10345.9,-5047.99
15,10,-2032.57,-1356.34,-9037.68,-7237.78
20,10,-1963.13,-1646.16,-7455.6,-9020.82
25,10,-1826.8,-1810.71,-5730.92,-10323.2
30,10,-1639.24,-1864.37,-3999.45,-11119.1
35,10,-1422.4,-1830.52,-2384.91,-11431.4
40,10,-1198.55,-1735.42,-984.556,-11323.3
45,10,-984.606,-1603.21,139.927,-10884.8
50,10,-789.032,-1453.32,964.871,-10215.5
55,10,-612.334,-1300.08,1500.36,-9409.74
60,10,-450.01,-1153.57,1781.24,-8546.63
65,10,-296.014,-1020.71,1856.19,-7685.29
70,10,-145.099,-905.995,1777.4,-6864.52
75,10,6.49098,-811.755,1592.73,-6105.18
80,10,161.475,-738.205,1341.11,-5413.62
85,10,322.273,-683.558,1051.04,-4785.03
90,10,491.38,-644.285,741.617,-4206.48
95,10,671.155,-615.513,425.411,-3659.65
100,10,863.09,-591.448,112.1,-3123.67
105,10,1066.81,-565.782,-187.789,-2578.77
110,10,1279.06,-532.095,-460.159,-2010.69
115,10,1492.95,-484.303,-686.619,-1415.58
120,10,1697.93,-417.272,-846.517,-803.872
125,10,1880.57,-327.635,-921.65,-201.197
130,10,2026.29,-214.803,-902.312,355.342
135,10,2121.41,-81.994,-792.082,825.776
140,10,2154.76,62.9795,-608.574,1178.34
145,10,2118.14,207.494,-378.739,1398.59
150,10,2005.59,334.836,-130.216,1492.28
155,10,1812.64,426.211,117.13,1480.36
160,10,1536.77,464.232,354.797,1388.76
165,10,1180.03,437.512,582.284,1238.44
170,10,753.072,345.104,799.08,1040.85
175,10,278.473,198.879,997.496,800.108
180,10,-209.413,22.2562,1161.47,519.419
0,15,-2851.69,190.683,-11530.6,51.3708
5,15,-2927.11,-693.568,-11035.3,-2631.29
10,15,-2885.99,-1472.36,-10015.4,-5136.7
15,15,-2724.92,-2095.99,-8559.76,-7318.5
20,15,-2455.3,-2536.95,-6797.63,-9062.98
25,15,-2102.76,-2792.34,-4880.7,-10301.8
30,15,-1703.57,-2880.41,-2963.46,-11018.4
35,15,-1297.89,-2833.16,-1184.49,-11246.4
40,15,-921.31,-2687.99,348.662,-11058.7
45,15,-597.602,-2480.96,1568.56,-10552.2
50,15,-335.627,-2243.01,2449.64,-9830.56
55,15,-131.053,-1998.53,3003.32,-8989.55
60,15,28.5907,-1765.44,3268.46,-8107.92
65,15,158.264,-1555.73,3299.77,-7243.3
70,15,271.377,-1376.11,3156.92,-6432.33
75,15,378.123,-1228.86,2895.86,-5693.34
80,15,485.644,-1112.69,2563.28,-5029.95
85,15,598.972,-1023.89,2194.29,-4434.81
90,15,721.866,-957.263,1812.76,-3892.72
95,15,857.091,-906.924,1433.64,-3383.49
100,15,1006.1,-866.766,1066.52,-2884.65
105,15,1168.25,-830.624,719.633,-2374.77
110,15,1339.92,-792.215,403.292,-1837.68
115,15,1513.77,-745.024,131.706,-1267.43
120,15,1678.8,-682.359,-77.7477,-672.682
125,15,1821.47,-597.883,-208.175,-78.55
130,15,1927.91,-486.855,-248.854,476.279
135,15,1986.46,-348.056,-200.688,947.93
140,15,1989.31,-185.975,-78.4669,1299.31
145,15,1932.17,-12.4431,92.1119,1511.13
150,15,1812.2,153.297,282.165,1586.72
155,15,1625.54,286.94,468.551,1548.2
160,15,1366.92,364.143,639.248,1425.96
165,15,1032.8,367.406,792.232,1247.39
170,15,627.459,292.708,929.002,1030.67
175,15,168.821,153.067,1047.4,785.658
180,15,-309.845,-23.0989,1138.8,519.383
0,20,-3845.79,194.435,-11238.1,34.5562
5,20,-3868.45,-975.85,-10723.9,-2648.01
10,20,-3700.89,-2008.57,-9636.13,-5132.97
15,20,-3352.89,-2835.54,-8075.13,-7272.52
20,20,-2855.95,-3418.88,-6184.72,-8955.32
25,20,-2259.41,-3753.88,-4131.41,-10119.2
30,20,-1623.34,-3864,-2082.69,-10756.3
35,20,-1008.44,-3791,-186.896,-10909.3
40,20,-464.958,-3584.18,1442.17,-10658.8
45,20,-24.1179,-3292.13,2733.9,-10106.3
50,20,304.843,-2957.7,3661.98,-9356.51
55,20,531.482,-2615.71,4238.72,-8504.35
60,20,676.934,-2292.15,4505.06,-7626.25
65,20,766.091,-2004.08,4518.71,-6777.15
70,20,821.822,-1760.23,4343,-5991
75,20,862.185,-1562.41,4038,-5283.6
80,20,900.092,-1407.39,3654.65,-4656.29
85,20,944.237,-1289.05,3232.02,-4099.75
90,20,1000.27,-1200.16,2797.21,-3597.3
95,20,1071.6,-1133.67,2367.29,-3127.72
100,20,1159.6,-1083.16,1952.59,-2667.8
105,20,1263.33,-1042.77,1560.68,-2195.32
110,20,1378.81,-1006.64,1200.06,-1692.93
115,20,1498.52,-968.129,882.65,-1153
120,20,1611.48,-919.115,623.884,-582.288
125,20,1704.55,-850.124,439.859,-4.58995
130,20,1764.9,-751.661,342.089,541.254
135,20,1782.94,-617.047,331.749,1009.21
140,20,1753.99,-446.181,396.381,1358.41
145,20,1677.52,-248.932,511.532,1565.47
150,20,1553.72,-46.3729,647.536,1631.02
155,20,1379.57,131.615,778.578,1576.95
160,20,1147.26,252.813,889.358,1436.05
165,20,847.54,291.987,975.861,1239.89
170,20,477.461,240.061,1040.43,1011.71
175,20,48.844,109.302,1085.04,766.453
180,20,-407.919,-68.2782,1107.46,515.393
0,25,-4810.62,196.707,-10860.2,17.4786
5,25,-4778.47,-1255.16,-10339.5,-2615.96
10,25,-4476.16,-2534.5,-9215.81,-5038.76
15,25,-3928.51,-3555.32,-7597.71,-7105.03
20,25,-3189.28,-4270.34,-5638.14,-8707.51
25,25,-2333.51,-4674.12,-3512.09,-9790.15
30,25,-1446.66,-4796.29,-1393.69,-10352.6
35,25,-610.981,-4689,564.328,-10444.6
40,25,108.147,-4413.86,2246,-10151.7
45,25,671.879,-4031.93,3580.14,-9577.22
50,25,1070.48,-3597.75,4540.66,-8824.85
55,25,1318.5,-3156.25,5140.39,-7986.14
60,25,1445.48,-2741.16,5420.63,-7133.6
65,25,1486.08,-2374.4,5439.28,-6318.45
70,25,1472.77,-2066.7,5259.83,-5571.61
75,25,1432,-1819.46,4942.67,-4906.45
80,25,1383.3,-1627.59,4539.45,-4322.48
85,25,1340.01,-1482.62,4090.37,-3809.03
90,25,1310.64,-1375.31,3623.97,-3348.61
95,25,1300.06,-1297.26,3158.83,-2919.65
100,25,1310.21,-1241.58,2706.58,-2498.91
105,25,1340.27,-1202.58,2275.59,-2064.12
110,25,1386.31,-1174.75,1874.57,-1597.48
115,25,1440.88,-1151.26,1515.12,-1090.25
120,25,1493.22,-1122.62,1212.1,-547.538
125,25,1530.64,-1076.21,981.333,8.60072
130,25,1541.35,-997.647,834.772,540.289
135,25,1517.59,-874.411,774.82,1001
140,25,1457.53,-701.24,790.585,1347.79
145,25,1364.09,-485.356,858.62,1554.33
150,25,1240.41,-249.086,948.879,1618.61
155,25,1084.4,-27.6326,1033.58,1561.17
160,25,885.963,138.683,1094.57,1415.06
165,25,630.242,216.121,1125.57,1213.66
170,25,306.76,189.307,1128.66,983.218
175,25,-79.6745,68.2417,1108.4,742.634
180,25,-502.889,-112.938,1067.7,507.481
0,30,-5738.84,197.482,-10399.6,0.267967
5,30,-5652.72,-1523.29,-9885.55,-2536.76
10,30,-5214.91,-3035.7,-8760.23,-4858.41
15,30,-4466.23,-4237.21,-7136.65,-6823.95
20,30,-3483.21,-5072.24,-5171.01,-8331.63
25,30,-2366.86,-5535.38,-3040.04,-9331.15
30,30,-1227.89,-5662.88,-918.019,-9827.76
35,30,-169.777,-5517.44,1043.37,-9875.67
40,30,727.281,-5172.74,2729.82,-9562.7
45,30,1416.97,-4701.76,4071.79,-8991.27
50,30,1888.8,-4169.92,5044.21,-8261.56
55,30,2161.62,-3631.3,5659.88,-7460.08
60,30,2272.31,-3126.57,5958.93,-6654.08
65,30,2264.23,-2682.16,5997.18,-5890.36
70,30,2178.61,-2310.84,5835.53,-5196.53
75,30,2049.93,-2014.03,5531.76,-4583.78
80,30,1904.53,-1785.4,5135.44,-4050.22
85,30,1761.17,-1614.63,4685.54,-3584.38
90,30,1632.28,-1490.7,4210.39,-3168.47
95,30,1525.44,-1403.89,3729.28,-2781.02
100,30,1444.29,-1346.6,3255.25,-2399.18
105,30,1389.03,-1312.96,2798.31,-2001.15
110,30,1356.29,-1297.45,2368.64,-1569.33
115,30,1338.9,-1292.9,1978.79,-1094.54
120,30,1326.19,-1288.38,1643.96,-580.699
125,30,1305.71,-1268.23,1379.92,-48.1497
130,30,1266.27,-1213.36,1198.63,466.9
135,30,1201.66,-1105.63,1102.94,918.789
140,30,1112.59,-934.632,1082.88,1264.17
145,30,1005.15,-704.768,1115.9,1475.09
150,30,885.315,-439.221,1172.05,1547.23
155,30,751.977,-178.018,1222.33,1498.9
160,30,593.002,30.8216,1246.29,1361.51
165,30,388.244,145.131,1235.17,1167.85
170,30,119.874,142.799,1189.79,945.028
175,30,-214.583,30.5567,1115.79,714.482
180,30,-594.031,-156.738,1019.81,495.707
0,35,-6623.39,196.753,-9859.84,-16.9447
5,35,-6487.08,-1772.48,-9365.48,-2413.38
10,35,-5920.94,-3498.75,-8273.05,-4598.39
15,35,-4981.57,-4864.83,-6695.91,-6439.46
20,35,-3767.25,-5807.99,-4787.63,-7841.55
25,35,-2403.32,-6323.24,-2719.97,-8759.39
30,35,-1023.99,-6453.27,-661.054,-9201.67
35,35,247.587,-6270.84,1243.61,-9224.16
40,35,1317.43,-5860.9,2884.89,-8913.86
45,35,2132.1,-5307.32,4196.69,-8369.78
50,35,2679.91,-4685,5155.33,-7686.59
55,35,2982.97,-4055.81,5772.91,-6944.3
60,35,3084.03,-3466.29,6087.04,-6204.02
65,35,3033.51,-2946.8,6149.74,-5507.59
70,35,2879.98,-2512.27,6017.43,-4879.26
75,35,2664.95,-2164.81,5743.5,-4328.22
80,35,2421.24,-1897.67,5373.72,-3851.61
85,35,2173.29,-1699.48,4944.37,-3437.61
90,35,1938.38,-1557.95,4482.42,-3068.5
95,35,1727.95,-1462.21,4007.11,-2723.22
100,35,1548.59,-1403.86,3532.51,-2379.58
105,35,1402.47,-1376.56,3070.24,-2016.6
110,35,1287.31,-1374.51,2632.16,-1617.35
115,35,1196.25,-1389.86,2231.98,-1172.9
120,35,1118.47,-1410.17,1885.31,-686.577
125,35,1041.25,-1416.86,1607.67,-177.271
130,35,953.679,-1386.53,1410.61,320.822
135,35,850.746,-1295.92,1296.96,763.964
140,35,735.492,-1129.99,1257.38,1109.87
145,35,617.015,-890.565,1270.34,1330.28
150,35,503.95,-601.48,1306.58,1419.11
155,35,396.17,-306.936,1336.65,1391.79
160,35,279.771,-61.7301,1338.3,1276.46
165,35,129.888,84.3885,1300.15,1103.13
170,35,-78.0347,102.922,1220.9,897.637
175,35,-353.434,-3.11359,1105.9,682.427
180,35,-680.653,-199.345,964.151,480.16
0,40,-7457.53,194.528,-9245.06,-34.0284
5,40,-7277.68,-1995.63,-8782.57,-2250
10,40,-6598.04,-3911.54,-7755.74,-4267.07
15,40,-5489.73,-5423.72,-6274.23,-5963.62
20,40,-4070.18,-6463.43,-4483.42,-7252.27
25,40,-2485.72,-7026.08,-2543.91,-8091.98
30,40,-890.789,-7160,-611.873,-8492.59
35,40,574.457,-6946.79,1178,-8508.41
40,40,1803.88,-6481.31,2724.81,-8222.61
45,40,2737.32,-5856.68,3967.39,-7728.36
50,40,3361.32,-5155.62,4883.59,-7113.09
55,40,3699.95,-4446.11,5484.01,-6449.28
60,40,3800.2,-3779.28,5802.58,-5791.25
65,40,3717.88,-3188.81,5886.24,-5175.59
70,40,3507.31,-2691.89,5785.85,-4623.14
75,40,3215.82,-2291.97,5549.47,-4141.26
80,40,2881.9,-1982.8,5218.4,-3726.44
85,40,2535.45,-1752.93,4825.64,-3366.99
90,40,2198.84,-1589.5,4396.21,-3045.66
95,40,1888.01,-1480.97,3948.73,-2742.13
100,40,1613.19,-1418.31,3497.57,-2435.18
105,40,1379.12,-1394.73,3055.29,-2104.92
110,40,1184.88,-1403.91,2634.65,-1735.55
115,40,1023.9,-1437.16,2249.82,-1318.85
120,40,884.935,-1480.32,1916.17,-858.117
125,40,754.76,-1511.96,1648.47,-371.057
130,40,622.555,-1504.76,1457.44,110.377
135,40,484.455,-1431.06,1345.73,545.214
140,40,345.776,-1272.03,1304.71,893.508
145,40,218.484,-1027.46,1314.28,1127.87
150,40,113.684,-721.845,1346.43,1241.01
155,40,32.1728,-402.815,1371.93,1245.04
160,40,-41.4049,-130.611,1367.1,1163.46
165,40,-135.847,38.9118,1317.88,1021.62
170,40,-281.378,71.9074,1220.16,842.186
175,40,-493.563,-32.1998,1077.87,647.044
180,40,-762.094,-240.435,901.159,460.958
0,45,-8234.91,190.822,-8559.91,-50.8531
5,45,-8020.75,-2186.45,-8139.97,-2051.92
10,45,-7249.4,-4263.5,-7207.72,-3874.48
15,45,-6004.21,-5901.42,-5865.44,-5410
20,45,-4417.83,-7026.6,-4245.41,-6579.53
25,45,-2652.85,-7634.48,-2491.84,-7345.43
30,45,-879.248,-7777.59,-743.991,-7716.56
35,45,749.45,-7544.52,878.26,-7742.88
40,45,2117.08,-7037.95,2284.91,-7500.92
45,45,3157.27,-6358.27,3420.95,-7075.77
50,45,3854.1,-5593.99,4265.85,-6546.22
55,45,4232.16,-4817.39,4828.08,-5976.41
60,45,4341.11,-4082.9,5136.92,-5413.47
65,45,4240.63,-3426.85,5233.31,-4888.58
70,45,3989.45,-2868.76,5161.87,-4419.08
75,45,3639.52,-2414.02,4964.98,-4010.67
80,45,3233.96,-2057.87,4679.28,-3659.54
85,45,2807.27,-1789.73,4334.39,-3354.58
90,45,2386.27,-1597.15,3953.21,-3079.63
95,45,1990.97,-1468.63,3553.24,-2815.64
100,45,1634.99,-1395.02,3148.47,-2542.82
105,45,1325.48,-1369.29,2751.36,-2242.78
110,45,1062.77,-1384.59,2374.4,-1901.16
115,45,840.541,-1431.11,2031.06,-1510.78
120,45,647.187,-1492.76,1735.54,-1075.11
125,45,469.204,-1545.26,1501.22,-610.703
130,45,296.165,-1557.82,1337.78,-146.938
135,45,125.652,-1499.25,1247.7,278.771
140,45,-34.633,-1348.01,1223.35,629.897
145,45,-169.975,-1102.7,1246.42,880.941
150,45,-267.042,-788.6,1290.69,1023.83
155,45,-324.197,-455.934,1327.54,1067.02
160,45,-357.86,-168.744,1332.15,1028.26
165,45,-399.757,12.9829,1287.72,926.744
170,45,-484.383,51.6597,1186.87,780.407
175,45,-632.18,-56.2426,1031.33,609.039
180,45,-837.735,-279.696,831.309,438.249
0,50,-8949.62,185.664,-7809.62,-67.2909
5,50,-8712.48,-2339.64,-7440.75,-1825.36
10,50,-7877,-4545.77,-6626.66,-3432
15,50,-6535.58,-6287.47,-5459.06,-4793.36
20,50,-4831.12,-7487.45,-4053.31,-5839.45
25,50,-2936.6,-8140.48,-2533.13,-6535.36
30,50,-1031.87,-8301.39,-1017.03,-6887.07
35,50,720.699,-8063.19,393.111,-6937.72
40,50,2197.57,-7533.85,1620.38,-6754.73
45,50,3326.93,-6818.52,2617.12,-6413.19
50,50,4089.68,-6009.32,3364.64,-5982.11
55,50,4509.53,-5181.05,3868.95,-5516.76
60,50,4637.26,-4390.15,4154.02,-5056.89
65,50,4535.07,-3675.04,4254.15,-4628.17
70,50,4264.98,-3057.6,4207.25,-4244.49
75,50,3882.42,-2545.81,4049.71,-3910.02
80,50,3433.9,-2137.27,3813.41,-3621.03
85,50,2957.09,-1823.37,3524.48,-3367.57
90,50,2481.68,-1593.07,3203.48,-3135.25
95,50,2030.23,-1435.77,2866.44,-2907.07
100,50,1618.45,-1342.8,2526.29,-2665.3
105,50,1254.9,-1307.11,2194.49,-2393.51
110,50,940.707,-1321.25,1882.25,-2079.04
115,50,669.805,-1374.06,1601.4,-1715.82
120,50,430.74,-1447.28,1364.21,-1307.37
125,50,210.503,-1513.93,1182.28,-868.817
130,50,-0.090539,-1540.4,1064.21,-426.363
135,50,-201.367,-1493.17,1012.47,-13.0584
140,50,-382.97,-1349.32,1020.7,338.926
145,50,-527.547,-1107.29,1072.66,606.737
150,50,-619.817,-793.266,1144.06,781.829
155,50,-657.383,-459.145,1207.1,868.654
160,50,-657.239,-170.854,1235.92,878.406
165,50,-652.851,9.82926,1211,823.04
170,50,-681.325,43.6067,1121.48,714.516
175,50,-766.46,-74.9268,966.365,569.223
180,50,-907.001,-316.827,755.133,412.204
0,55,-9596.22,179.092,-6999.89,-83.2164
5,55,-9348.99,-2451.03,-6688,-1577.33
10,55,-8481.15,-4751.35,-6008.92,-2952.17
15,55,-7090.4,-6573.46,-5041.35,-4129.46
20,55,-5324.26,-7837.57,-3881.06,-5048.51
25,55,-3359.53,-8536.92,-2628.61,-5676.54
30,55,-1379.51,-8726.33,-1379.22,-6015.3
35,55,449.787,-8500.24,-214.554,-6099.13
40,55,2000.71,-7968.84,803.294,-5984.33
45,55,3197.2,-7239.3,1635.11,-5734.59
50,55,4016.5,-6405.12,2264.55,-5408.33
55,55,4480.06,-5541.93,2695.21,-5051.72
60,55,4638.2,-4707.12,2945.45,-4697.21
65,55,4554.18,-3940.76,3042.57,-4365.08
70,55,4292.06,-3267.3,3017.3,-4065.93
75,55,3909.44,-2697.82,2899.64,-3802.63
80,55,3454.73,-2233.17,2716.3,-3571.83
85,55,2966.89,-1867.64,2489.52,-3365.25
90,55,2476.38,-1592.42,2237.11,-3170.95
95,55,2006.1,-1398.51,1973.1,-2974.66
100,55,1571.8,-1278.03,1708.87,-2761.34
105,55,1182.05,-1223.98,1454.27,-2517.01
110,55,838.011,-1228.11,1218.74,-2230.89
115,55,533.955,-1277.68,1012.05,-1897.98
120,55,259.325,-1352.3,844.439,-1521.56
125,55,2.75893,-1422.84,725.825,-1114.74
130,55,-242.514,-1453.99,663.944,-699.868
135,55,-473.879,-1411.49,661.59,-304.8
140,55,-677.969,-1272.66,713.815,43.4218
145,55,-834.883,-1036.87,806.433,325.129
150,55,-927.644,-731.315,917.01,531.448
155,55,-953.093,-408.416,1018.44,662.592
160,55,-928.186,-133.854,1083.83,722.682
165,55,-886.776,31.3805,1090.96,715.779
170,55,-866.768,48.5812,1025.54,647.081
175,55,-893.63,-88.109,883.566,528.476
180,55,-969.363,-351.547,673.209,383.022
0,60,-10169.8,171.158,-6136.89,-98.5087
5,60,-9926.17,-2517.68,-5884.92,-1315.39
10,60,-9060.14,-4875.19,-5350.08,-2448.33
15,60,-7670.51,-6753.03,-4596.45,-3434.85
20,60,-5903.49,-8070.01,-3698.79,-4223.53
25,60,-3932.88,-8816.9,-2733.29,-4783.38
30,60,-1938.7,-9046.02,-1770.75,-5110.99
35,60,-84.8987,-8849.95,-871.485,-5230.6
40,60,1500.67,-8337.76,-81.6586,-5186.16
45,60,2739.48,-7615.87,568.898,-5029.04
50,60,3605.06,-6777.03,1066.91,-4806.78
55,60,4115.33,-5896.34,1413.87,-4556.68
60,60,4318.23,-5031.39,1622.65,-4304.26
65,60,4276.17,-4223.73,1713.33,-4064.88
70,60,4053.3,-3500.54,1709.11,-3846.1
75,60,3707.7,-2876.49,1633.1,-3649.68
80,60,3287.79,-2356.26,1506.18,-3472.86
85,60,2831.88,-1937.52,1346.03,-3309.23
90,60,2369.1,-1614.17,1167.04,-3149.58
95,60,1920.54,-1378.9,980.649,-2982.74
100,60,1500.12,-1224.61,796.153,-2796.8
105,60,1114.9,-1144.06,621.557,-2580.53
110,60,765.323,-1127.94,464.48,-2325.25
115,60,445.99,-1161.91,332.907,-2027.01
120,60,147.897,-1223.97,235.507,-1688.57
125,60,-137.624,-1283.92,181.168,-1320.56
130,60,-413.856,-1306.55,177.41,-940.816
135,60,-674.456,-1258.88,227.766,-571.324
140,60,-902.712,-1120.29,328.837,-233.443
145,60,-1076.22,-892.129,468.333,56.6801
150,60,-1176.46,-602.532,625.355,289.93
155,60,-1199.34,-303.123,773.223,462.205
160,60,-1161.01,-57.0648,883.892,570.431
165,60,-1094.22,78.1208,932.54,610.623
170,60,-1035.77,66.7459,901.555,580.855
175,60,-1011.06,-95.8344,783.965,487.704
180,60,-1024.35,-383.592,586.161,350.926
0,65,-10665.9,161.921,-5227.18,-113.051
5,65,-10439.8,-2537.95,-5035,-1047.48
10,65,-9610.09,-4914.35,-4645.6,-1934.41
15,65,-8272.58,-6821.96,-4107.75,-2726.7
20,65,-6566.28,-8179.24,-3475.06,-3381.9
25,65,-4655.36,-8973.58,-2799.53,-3870.57
30,65,-2709.85,-9252.25,-2127.81,-4183.77
35,65,-885.724,-9102.67,-1498.89,-4335.16
40,65,693.38,-8629.53,-942.658,-4355.86
45,65,1948.9,-7935.86,-478.97,-4284.76
50,65,2851.07,-7111.96,-117.383,-4158.88
55,65,3412.98,-6231.49,142.066,-4007.26
60,65,3677.9,-5351.88,307.064,-3849.32
65,65,3704.57,-4516.08,390.52,-3696.08
70,65,3554.55,-3754.03,407.914,-3552.47
75,65,3283.89,-3084.12,375.025,-3419.17
80,65,2939.01,-2514.84,306.376,-3293.84
85,65,2555.86,-2047.23,214.437,-3171.72
90,65,2160.74,-1677.65,109.452,-3046.1
95,65,1771.64,-1400.18,-0.316362,-2908.85
100,65,1399.47,-1208.01,-108.071,-2751.18
105,65,1048.84,-1093.3,-207.808,-2564.79
110,65,718.811,-1045.5,-293.525,-2343.26
115,65,404.12,-1049,-358.46,-2083.78
120,65,97.4954,-1081.19,-394.651,-1788.54
125,65,-206.572,-1112.56,-393.253,-1465.52
130,65,-507.333,-1110.19,-346.044,-1127.71
135,65,-794.311,-1044.69,-248.119,-790.936
140,65,-1047.29,-899.379,-101.085,-470.629
145,65,-1241.39,-678.525,84.5566,-179.29
150,65,-1356.54,-410.953,289.138,73.832
155,65,-1387.4,-146.078,486.112,280.525
160,65,-1348.28,57.7394,646.17,430.873
165,65,-1269.24,149.046,742.001,513.216
170,65,-1184.06,97.5633,752.902,518.597
175,65,-1116.34,-98.3437,669.014,447.797
180,65,-1071.54,-412.718,494.653,316.158
0,70,-11080.9,151.452,-4277.69,-126.733
5,70,-10885.3,-2511.53,-4142.12,-781.665
10,70,-10124.9,-4868.01,-3891.48,-1424.66
15,70,-8888.04,-6778.27,-3559.41,-2022.72
20,70,-7301.14,-8161.33,-3179.31,-2541.82
25,70,-5512.67,-9000.34,-2780.56,-2953.95
30,70,-3676.43,-9335.2,-2387.19,-3244.89
35,70,-1934.63,-9245.13,-2018.07,-3418.01
40,70,-402.065,-8827.52,-1687.41,-3492.07
45,70,845.544,-8179.94,-1405.07,-3494.15
50,70,1775.88,-7389.06,-1176.48,-3451.62
55,70,2395.95,-6526.69,-1002.69,-3386.33
60,70,2741.54,-5650.01,-880.737,-3312.56
65,70,2864.19,-4803.15,-804.554,-3237.7
70,70,2819.38,-4018.48,-766.251,-3164.28
75,70,2658.2,-3317.42,-757.383,-3091.74
80,70,2423.06,-2711.66,-769.953,-3017.65
85,70,2146.37,-2204.93,-796.993,-2938.3
90,70,1851.06,-1795.41,-832.745,-2848.89
95,70,1551.85,-1477.96,-872.518,-2743.82
100,70,1256.49,-1245.6,-912.321,-2617.15
105,70,966.954,-1089.56,-948.27,-2463.34
110,70,680.594,-998.2,-975.826,-2278.3
115,70,391.817,-955.324,-988.968,-2060.48
120,70,94.6723,-939.077,-979.662,-1811.71
125,70,-213.528,-922.648,-938.153,-1537.43
130,70,-528.247,-877.734,-854.57,-1246.02
135,70,-835.063,-780.784,-721.865,-947.335
140,70,-1110.43,-620.731,-539.378,-651.123
145,70,-1327.15,-405.553,-315.65,-366.371
150,70,-1463.52,-164.445,-69.151,-102.324
155,70,-1512.4,56.7345,173.615,129.24
160,70,-1485.19,206.478,382.075,312.429
165,70,-1407.52,241.729,526.583,428.803
170,70,-1308.19,139.814,583.598,462.9
175,70,-1207.34,-96.0673,540.526,409.582
180,70,-1110.57,-438.702,399.38,278.984
0,75,-11411.6,139.83,-3295.64,-139.451
5,75,-11258.3,-2439.48,-3210.68,-525.966
10,75,-10596.5,-4737.55,-3084.87,-933.262
15,75,-9503.43,-6622.38,-2937.68,-1340.91
20,75,-8088.1,-8014.25,-2784.32,-1722.43
25,75,-6478.03,-8891.35,-2634.1,-2051.31
30,75,-4805.41,-9284.33,-2491.17,-2308.79
35,75,-3193.5,-9261.71,-2356.6,-2489.15
40,75,-1743.87,-8911.4,-2230.55,-2600.13
45,75,-526.463,-8324.04,-2113.64,-2658.38
50,75,424.726,-7582.19,-2007.24,-2682.91
55,75,1109.33,-6755.77,-1913.01,-2689.58
60,75,1552.69,-5901.58,-1832.07,-2688.43
65,75,1795.32,-5064.38,-1764.58,-2683.75
70,75,1882.88,-4277.8,-1709.58,-2675.71
75,75,1858.64,-3565.01,-1665.41,-2662.2
80,75,1759.27,-2939.53,-1630.17,-2640.12
85,75,1613.05,-2406.75,-1602.05,-2606.05
90,75,1439.85,-1965.91,-1579.63,-2556.4
95,75,1251.79,-1612.26,-1561.76,-2487.45
100,75,1054.24,-1338.39,-1547.3,-2395.59
105,75,846.97,-1134.71,-1534.59,-2277.68
110,75,625.608,-988.943,-1520.57,-2131.72
115,75,383.769,-885.252,-1499.82,-1957.4
120,75,116.001,-803.972,-1463.92,-1756.31
125,75,-178.53,-722.783,-1401.68,-1531.8
130,75,-492.444,-619.947,-1300.93,-1288.24
135,75,-808.195,-479.521,-1151.75,-1030.36
140,75,-1099.57,-297.36,-950.522,-763.061
145,75,-1337.48,-85.7377,-703.258,-492.291
150,75,-1498.65,126.027,-426.806,-227.158
155,75,-1573.67,296.651,-147.35,17.8298
160,75,-1569.78,383.07,103.502,222.128
165,75,-1506.44,352.477,294.024,361.871
170,75,-1405.59,191.66,398.117,416.021
175,75,-1282.27,-89.6077,400.617,373.776
180,75,-1141.15,-461.348,301.067,239.687
0,80,-11655.4,127.144,-2288.52,-151.107
5,80,-11554.1,-2324.17,-2245.76,-288.097
10,80,-11015.2,-4526.59,-2224.68,-474.126
15,80,-10101.1,-6357.32,-2232.31,-699.345
20,80,-8899.8,-7738.41,-2268.43,-943.859
25,80,-7513.7,-8642.61,-2325.76,-1182.87
30,80,-6049.14,-9089.99,-2392.22,-1394.28
35,80,-4606.32,-9136.8,-2454.43,-1565.26
40,80,-3270,-8860.06,-2501.1,-1694.58
45,80,-2101.9,-8342.82,-2525.19,-1790.33
50,80,-1136.95,-7663.48,-2524.61,-1864.61
55,80,-384.011,-6890.13,-2501.36,-1928.27
60,80,169.193,-6078.82,-2459.85,-1987.72
65,80,548.805,-5273.78,-2405.3,-2044.35
70,80,787.464,-4508.22,-2342.52,-2095.96
75,80,918.32,-3805.08,-2275.47,-2138.59
80,80,971.056,-3178.08,-2207.27,-2168.05
85,80,969.689,-2633.12,-2140.45,-2180.74
90,80,931.614,-2170.04,-2077.19,-2173.74
95,80,867.392,-1784.34,-2019.41,-2144.65
100,80,781.059,-1468.52,-1968.57,-2091.58
105,80,670.967,-1212.7,-1925.15,-2013.19
110,80,531.348,-1004.72,-1887.71,-1909
115,80,354.772,-830.083,-1851.67,-1779.48
120,80,135.53,-672.479,-1808.46,-1625.93
125,80,-126.454,-515.273,-1745.61,-1449.98
130,80,-422.212,-344.436,-1648.49,-1252.99
135,80,-732.351,-152.613,-1503.88,-1035.93
140,80,-1029.18,56.6736,-1304.46,-800.216
145,80,-1282.64,266.446,-1052.79,-549.658
150,80,-1468.39,447.29,-763.231,-293.198
155,80,-1574.44,563.003,-460.941,-47.0757
160,80,-1602.83,579.882,-178.036,165.147
165,80,-1565.15,476.574,52.1026,315.87
170,80,-1474.64,250.743,201.169,379.743
175,80,-1339.7,-79.7119,251.634,340.947
180,80,-1163.05,-480.482,200.464,198.566
0,85,-11810.5,113.49,-1263.97,-161.614
5,85,-11768.4,-2169.23,-1253.16,-75.2747
10,85,-11369.8,-4240.95,-1312.02,-60.4808
15,85,-10660.2,-5988.9,-1437.53,-115.851
20,85,-9703.2,-7337.25,-1617.46,-227.053
25,85,-8573.38,-8253.09,-1831.97,-371.33
30,85,-7348.42,-8745.39,-2057.12,-524.943
35,85,-6102.89,-8857.47,-2269.23,-670.339
40,85,-4902.46,-8655.05,-2448.93,-799.923
45,85,-3799.15,-8213.51,-2583.88,-915.247
50,85,-2828.33,-7607.1,-2669.52,-1022.8
55,85,-2008.08,-6901.93,-2707.97,-1128.99
60,85,-1340.85,-6152.5,-2705.83,-1236.75
65,85,-816.973,-5401.04,-2671.77,-1344.62
70,85,-418.735,-4678.31,-2614.61,-1447.99
75,85,-124.534,-4005.04,-2542.28,-1541.07
80,85,87.6402,-3393.58,-2461.47,-1618.61
85,85,237.456,-2849.42,-2377.79,-1676.73
90,85,340.236,-2372.74,-2296.03,-1712.96
95,85,405.667,-1959.65,-2220.35,-1725.86
100,85,437.267,-1603.19,-2154.27,-1714.65
105,85,432.751,-1294.04,-2100.15,-1679.02
110,85,385.5,-1021.07,-2058.2,-1619.08
115,85,287.243,-772.014,-2025.13,-1535.3
120,85,131.793,-534.525,-1992.89,-1428.25
125,85,-80.8312,-298.048,-1948.37,-1298.1
130,85,-341.148,-56.4223,-1874.95,-1144.28
135,85,-629.336,189.04,-1756.06,-965.681
140,85,-917.844,427.011,-1580.07,-762.042
145,85,-1177.23,635.567,-1345.11,-536.269
150,85,-1383.13,784.945,-1061.96,-297.29
155,85,-1521.21,843.907,-753.724,-62.0818
160,85,-1587.53,788.257,-452.206,144.509
165,85,-1584.38,608.586,-191.793,293.005
170,85,-1514.63,314.323,-2.49956,355.264
175,85,-1378.61,-67.2336,96.0801,311.486
180,85,-1176.1,-495.96,98.3342,155.933
0,90,-11875.7,98.9728,-229.809,-170.89
5,90,-11897,-1979.49,-239.5,105.996
10,90,-11649,-3888.57,-350.593,295.443
15,90,-11157.9,-5525.88,-552.899,392.448
20,90,-10461.7,-6817.83,-826.024,406.739
25,90,-9605.36,-7726.02,-1142.07,358.551
30,90,-8636.79,-8248.6,-1469.97,271.429
35,90,-7604.03,-8416.31,-1780.28,164.959
40,90,-6553.16,-8283.99,-2049.51,50.4431
45,90,-5526.15,-7919.51,-2262.72,-69.1049
50,90,-4558.75,-7392.83,-2414.09,-195.513
55,90,-3678.31,-6767.35,-2505.63,-330.945
60,90,-2902.27,-6094.85,-2544.73,-474.697
65,90,-2237.65,-5414,-2541.47,-622.387
70,90,-1682.03,-4751.49,-2506.5,-767.19
75,90,-1225.66,-4124.41,-2449.75,-901.895
80,90,-854.522,-3542.62,-2379.85,-1020.6
85,90,-553.564,-3010.68,-2304.16,-1119.45
90,90,-309.709,-2529.07,-2229,-1196.49
95,90,-114.137,-2094.87,-2159.89,-1250.98
100,90,36.3964,-1702.41,-2101.64,-1282.7
105,90,139.466,-1343.8,-2058.05,-1291.45
110,90,188.282,-1009.77,-2030.95,-1276.93
115,90,174.452,-690.767,-2018.65,-1238.61
120,90,91.8457,-378.508,-2014.35,-1175.71
125,90,-59.315,-68.0966,-2005.24,-1087.07
130,90,-269.567,239.469,-1973.48,-971.183
135,90,-519.932,534.908,-1899.45,-826.66
140,90,-784.885,799.457,-1767.01,-653.476
145,90,-1037.66,1006.15,-1569.13,-455.047
150,90,-1255.57,1124.35,-1312.01,-240.631
155,90,-1422.72,1127.09,-1015.64,-27.1212
160,90,-1528.95,999.094,-710.474,160.966
165,90,-1566.22,742.693,-431.029,294.132
170,90,-1525.68,379.427,-208.295,343.125
175,90,-1398.39,-53.089,-63.4508,285.581
180,90,-1180.19,-507.663,-4.54369,112.114
0,95,-11850.6,83.7022,806.103,-178.866
5,95,-11936.3,-1760.8,787.838,250.107
10,95,-11841.1,-3479.43,653.205,582.776
15,95,-11571,-4980.01,416.351,809.651
20,95,-11137.6,-6191.28,101.708,936.675
25,95,-10556.2,-7069.89,-259.42,981.022
30,95,-9845.38,-7604.21,-633.639,964.219
35,95,-9027.61,-7813.7,-990.432,905.328
40,95,-8130.55,-7743.23,-1306.09,816.897
45,95,-7187.1,-7453.38,-1565.79,704.813
50,95,-6233.63,-7009.13,-1763.65,571.21
55,95,-5306.12,-6469.91,-1901.18,418.194
60,95,-4435.58,-5883.32,-1984.98,250.31
65,95,-3644.19,-5283.3,-2024.34,74.847
70,95,-2943.45,-4691.66,-2029.4,-99.5763
75,95,-2334.8,-4121.36,-2010.03,-264.985
80,95,-1812.22,-3579.57,-1975.17,-415.492
85,95,-1365.81,-3069.78,-1932.67,-547.728
90,95,-985.501,-2592.74,-1889.41,-660.351
95,95,-664.021,-2146.77,-1851.45,-753.072
100,95,-398.73,-1727.85,-1824.28,-825.669
105,95,-192.022,-1330.06,-1812.65,-877.311
110,95,-50.1507,-946.358,-1819.73,-906.314
115,95,19.464,-569.949,-1845.59,-910.308
120,95,11.9272,-196.119,-1885.15,-886.66
125,95,-71.5118,175.354,-1926.63,-833.014
130,95,-221.359,537.569,-1951.69,-747.835
135,95,-420.436,874.428,-1938.26,-630.985
140,95,-647.091,1160.42,-1865.89,-484.475
145,95,-879.52,1363.51,-1722.27,-313.602
150,95,-1098.78,1451.54,-1508.45,-128.443
155,95,-1288.75,1400.68,-1240.48,54.7331
160,95,-1433.38,1203.41,-946.484,213.066
165,95,-1513.83,873.027,-659.979,318.743
170,95,-1508.69,443.014,-411.926,343.185
175,95,-1398.81,-38.2082,-224.348,263.209
180,95,-1175.31,-515.503,-107.387,67.4419
0,100,-11735.2,67.7945,1835.88,-185.48
5,100,-11883.5,-1519.91,1820.69,352.516
10,100,-11935.4,-3025.34,1690.24,792.363
15,100,-11877.2,-4366,1459.27,1121.68
20,100,-11694.6,-5473.06,1152.05,1343.29
25,100,-11374.5,-6299.15,798.698,1470.77
30,100,-10908.1,-6824.53,430.299,1522.09
35,100,-10294.9,-7059.25,74.1927,1513.64
40,100,-9546.7,-7039.51,-249.184,1457.23
45,100,-8689.46,-6818.65,-527.408,1360.24
50,100,-7760.62,-6455.51,-755.384,1228.16
55,100,-6803.54,-6003.76,-933.64,1067.28
60,100,-5860.18,-5505.37,-1066.42,885.965
65,100,-4964.74,-4988.84,-1160.16,694.156
70,100,-4140.01,-4471.33,-1222.33,501.732
75,100,-3397.1,-3962.32,-1260.83,316.762
80,100,-2737.65,-3466.92,-1283.39,144.544
85,100,-2157.53,-2987.87,-1297.27,-12.3358
90,100,-1650.75,-2526.28,-1309.12,-153.132
95,100,-1212.62,-2081.52,-1325,-277.698
100,100,-841.772,-1651.11,-1350.59,-385.314
105,100,-540.619,-1230.91,-1391.18,-473.909
110,100,-314.238,-815.86,-1451.02,-539.883
115,100,-167.883,-401.336,-1531.75,-578.6
120,100,-103.811,14.7317,-1630.01,-585.446
125,100,-118.617,429.144,-1735.25,-557.149
130,100,-202.395,830.492,-1829.12,-492.937
135,100,-340.378,1197.1,-1887.67,-395.135
140,100,-516.322,1497.48,-1886.85,-269.176
145,100,-715.445,1694.61,-1809.56,-123.41
150,100,-924.603,1754.08,-1651.96,30.6967
155,100,-1129.02,1653.91,-1425.86,177.713
160,100,-1307.66,1392.87,-1156.17,297.381
165,100,-1431.12,994.001,-874.173,365.047
170,100,-1465.18,502.142,-609.522,354.625
175,100,-1380.04,-23.4837,-384.046,244.134
180,100,-1161.47,-519.419,-209.413,22.2562
0,105,-11530.6,51.3708,2851.69,-190.683
5,105,-11736.5,-1264.3,2850.22,409.894
10,105,-11922.8,-2539.65,2748.87,917.095
15,105,-12056.8,-3701.29,2559.61,1316.93
20,105,-12100.4,-4682.93,2302.5,1609.57
25,105,-12014.6,-5434.38,2002.22,1804.66
30,105,-11766.5,-5929.9,1683.41,1915.45
35,105,-11336.3,-6172.32,1366.69,1954.23
40,105,-10723.9,-6190.54,1066.6,1930.6
45,105,-9950.63,-6030.57,791.673,1852.4
50,105,-9055.75,-5743.72,545.87,1727.79
55,105,-8088.39,-5376.05,330.295,1566.73
60,105,-7098.19,-4962.54,144.34,1380.95
65,105,-6127.48,-4526.1,-13.8978,1182.54
70,105,-5206.99,-4080.14,-147.592,982.104
75,105,-4355.3,-3632.09,-261.137,787.366
80,105,-3580.93,-3186.3,-359.861,602.825
85,105,-2885.83,-2745.52,-449.543,430.328
90,105,-2268.93,-2311.26,-535.999,270.29
95,105,-1729.1,-1883.57,-624.92,123.103
100,105,-1266.87,-1460.77,-721.95,-9.63039
105,105,-884.77,-1039.63,-832.694,-124.336
110,105,-586.213,-616.077,-962.125,-215.435
115,105,-373.357,-186.638,-1112.96,-276.178
120,105,-244.733,249.276,-1283.06,-300.316
125,105,-193.903,686.264,-1462.76,-284.169
130,105,-210.198,1109.62,-1633.68,-228.389
135,105,-281.604,1493.16,-1770.61,-138.592
140,105,-398.248,1800.16,-1846.86,-24.5646
145,105,-553.765,1988.76,-1841.86,101.398
150,105,-742.382,2021.7,-1747.84,225.818
155,105,-952.208,1877.65,-1572.7,334.005
160,105,-1158.53,1560.16,-1337.58,408.86
165,105,-1322.33,1100.58,-1070.32,430.121
170,105,-1397.15,554.117,-797.702,376.002
175,105,-1342.6,-9.72195,-540.078,227.923
180,105,-1138.8,-519.383,-309.845,-23.0989
0,110,-11238.1,34.5562,3845.79,-194.435
5,110,-11494.4,-1001.91,3867.06,420.231
10,110,-11795.9,-2036.96,3815.25,952.205
15,110,-12093.6,-3005.64,3696.52,1386.85
20,110,-12328.5,-3844.51,3523.1,1722.1
25,110,-12439.5,-4501.93,3310.47,1963.48
30,110,-12373.6,-4948.32,3073.51,2118.99
35,110,-12096.5,-5181.51,2823.58,2196.05
40,110,-11600.1,-5224.41,2567.8,2201.26
45,110,-10903.8,-5115.64,2310.25,2142.06
50,110,-10049.2,-4897.77,2054.03,2028.37
55,110,-9089.59,-4607.77,1802.63,1872.87
60,110,-8079.19,-4272.68,1560.06,1689.74
65,110,-7064.6,-3909.97,1329.93,1492.45
70,110,-6081.06,-3530.39,1114.38,1291.86
75,110,-5152.13,-3140.91,913.387,1095.28
80,110,-4291.88,-2746.53,724.83,906.628
85,110,-3507.91,-2350.85,545.008,727.431
90,110,-2804.3,-1955.91,369.308,558.254
95,110,-2183.79,-1561.82,192.616,400.141
100,110,-1649.09,-1166.69,9.43745,255.774
105,110,-1202.83,-766.944,-185.953,130.131
110,110,-846.557,-358.191,-398.826,30.3695
115,110,-578.976,63.123,-632.268,-35.2837
120,110,-394.556,497.168,-884.458,-59.6543
125,110,-283.627,937.29,-1145.81,-39.313
130,110,-234.733,1366.38,-1397.62,23.1233
135,110,-238.735,1754.6,-1613.85,118.256
140,110,-292.38,2060.65,-1766.56,231.379
145,110,-398.156,2238.15,-1833.41,345.581
150,110,-558.427,2246.72,-1804.39,444.731
155,110,-765.381,2064.79,-1684.38,514.527
160,110,-992.186,1699.3,-1490.6,541.275
165,110,-1191.85,1188.5,-1246.22,510.12
170,110,-1306.97,596.634,-973.614,405.326
175,110,-1287.32,2.40302,-690.127,213.965
180,110,-1107.46,-515.393,-407.919,-68.2782
0,115,-10860.2,17.4786,4810.62,-196.707
5,115,-11157.1,-740.979,4861.47,382.917
10,115,-11550.1,-1532.69,4873.88,895.504
15,115,-11976.5,-2300.64,4845.66,1326.53
20,115,-12360.2,-2984.63,4778.25,1672.04
25,115,-12623,-3533.01,4675.05,1933.6
30,115,-12696.9,-3914.34,4538.84,2113.97
35,115,-12537.8,-4123.4,4370.29,2215.57
40,115,-12133,-4178.21,4168.65,2241.69
45,115,-11502.4,-4110.21,3934.01,2198.68
50,115,-10690.2,-3952.63,3669.37,2097.16
55,115,-9752.62,-3732.63,3381.44,1951.22
60,115,-8745.66,-3469.03,3079.46,1776.19
65,115,-7717.35,-3174.14,2772.97,1586.04
70,115,-6704.52,-2856.86,2469.71,1391.57
75,115,-5733.34,-2524.73,2174.27,1199.83
80,115,-4821.62,-2184.26,1887.98,1014.67
85,115,-3981.39,-1840.36,1609.48,837.96
90,115,-3220.97,-1495.54,1335.51,670.961
95,115,-2546.45,-1149.41,1061.64,515.669
100,115,-1962.32,-798.931,782.627,375.808
105,115,-1471.19,-439.086,492.852,257.362
110,115,-1072.82,-64.1239,187.26,168.359
115,115,-762.839,330.468,-136.768,117.637
120,115,-532.229,745.127,-476.674,112.448
125,115,-368.698,1172.52,-822.005,155.318
130,115,-260.379,1593.75,-1153.32,241.243
135,115,-200.952,1976.03,-1444.23,356.748
140,115,-193.315,2274.24,-1666.91,481.857
145,115,-248.24,2438.05,-1799.35,594.505
150,115,-376.071,2424.16,-1831.25,675.26
155,115,-573.765,2210.3,-1765.78,709.728
160,115,-813.975,1805.83,-1616.37,687.679
165,115,-1043.88,1254.46,-1400.65,600.508
170,115,-1197.22,627.882,-1134.93,440.166
175,115,-1215.35,12.3887,-832.058,201.512
180,115,-1067.7,-507.481,-502.889,-112.938
0,120,-10399.6,0.267968,5738.84,-197.482
5,120,-10726.4,-489.759,5823.54,298.777
10,120,-11183.7,-1042.65,5908.17,747.55
15,120,-11699.4,-1608.95,5980.42,1135.07
20,120,-12185.4,-2132.3,6028.92,1455.99
25,120,-12551.5,-2562.32,6043.15,1708.31
30,120,-12720.2,-2867.38,6012.59,1890.04
35,120,-12641.6,-3040.57,5926.95,1998.96
40,120,-12302.1,-3096.03,5778.16,2035.03
45,120,-11723,-3058.42,5563.33,2002.93
50,120,-10951.2,-2951.96,5286.53,1912.82
55,120,-10044.3,-2794.32,4958.48,1778.76
60,120,-9058.85,-2596.51,4594,1615.93
65,120,-8042.31,-2366.12,4208.55,1437.94
70,120,-7031.27,-2110.44,3815.21,1255.25
75,120,-6052.64,-1837.58,3422.98,1074.98
80,120,-5126.02,-1555.43,3036.49,901.488
85,120,-4265.87,-1269.89,2656.62,737.564
90,120,-3482.97,-983.503,2281.49,585.584
95,120,-2785.23,-694.966,1907.37,448.568
100,120,-2177.91,-399.627,1529.36,331
105,120,-1663.23,-90.6302,1142.16,239.279
110,120,-1239.48,239.4,741.405,181.518
115,120,-900.174,596.087,325.653,166.322
120,120,-634.122,980.251,-100.924,200.284
125,120,-427.635,1384.11,-526.237,284.488
130,120,-269.112,1787.39,-929.797,411.215
135,120,-154.853,2155.09,-1285.34,562.702
140,120,-92.8927,2439.27,-1566.48,713.433
145,120,-100.918,2586.59,-1753.46,835.753
150,120,-196.288,2551.51,-1837.76,906.357
155,120,-380.865,2311.19,-1822.23,910.31
160,120,-628.271,1876.79,-1716.88,840.843
165,120,-882.342,1296.18,-1533.09,696.311
170,120,-1070.61,646.64,-1279.82,477.773
175,120,-1128.05,19.935,-963.952,189.715
180,120,-1019.81,-495.707,-594.031,-156.738
0,125,-9859.84,-16.9447,6623.39,-196.753
5,125,-10204.8,-256.29,6743.43,170.066
10,125,-10698.3,-582.488,6901.15,511.718
15,125,-11262.6,-953.534,7073.34,815.904
20,125,-11803.3,-1317.5,7234.93,1076.48
25,125,-12224.1,-1626.43,7360.93,1288.69
30,125,-12443.2,-1849.61,7427.54,1446.51
35,125,-12409.1,-1979.36,7414.19,1543.67
40,125,-12108.8,-2026.57,7306.73,1576.91
45,125,-11566,-2009.9,7100.63,1548.66
50,125,-10829.1,-1945.62,6802.17,1467.52
55,125,-9956.6,-1843.2,6426.72,1346.2
60,125,-9004.24,-1706.92,5994.81,1198.64
65,125,-8018.4,-1540.11,5527.62,1037.45
70,125,-7034.65,-1348.24,5043.2,872.654
75,125,-6079.47,-1139.06,4554.61,711.635
80,125,-5172.54,-920.64,4069.51,559.68
85,125,-4328.59,-698.795,3590.89,420.796
90,125,-3558.5,-475.378,3118.16,298.518
95,125,-2869.89,-247.892,2648.2,196.65
100,125,-2267.3,-10.2522,2176.4,119.938
105,125,-1751.93,245.728,1697.82,74.5394
110,125,-1320.98,528.401,1208.86,67.957
115,125,-966.947,843.882,709.505,107.931
120,125,-678.078,1192.97,205.913,199.872
125,125,-440.75,1567.38,-287.842,343.039
130,125,-244.427,1945.89,-750.143,526.74
135,125,-87.7931,2292.13,-1155.29,728.733
140,125,17.2571,2556.49,-1479.44,917.771
145,125,47.9336,2684.06,-1706.67,1060.34
150,125,-18.6283,2628.22,-1831.84,1128.92
155,125,-188.837,2366.2,-1858.75,1107.76
160,125,-438.524,1910.69,-1794.43,993.612
165,125,-710.747,1312.48,-1643.61,792.35
170,125,-929.889,652.325,-1406.89,515.219
175,125,-1027,24.9655,-1084.13,177.675
180,125,-964.151,-480.16,-680.653,-199.345
0,130,-9245.06,-34.0284,7457.53,-194.528
5,130,-9596.57,-48.1446,7611.58,0.422388
10,130,-10098.3,-167.239,7836.2,194.178
15,130,-10671.9,-356.752,8097.53,376.796
20,130,-11222.1,-569.872,8357.27,542.25
25,130,-11652.2,-761.895,8576.77,683.961
30,130,-11881.2,-903.703,8720.17,792.873
35,130,-11859.2,-987.195,8758.12,859.286
40,130,-11575.2,-1020.46,8671.95,876.678
45,130,-11054.4,-1017.1,8456.82,844.647
50,130,-10346.1,-986.943,8121.97,769.225
55,130,-9508.17,-933.05,7687.75,660.831
60,130,-8595.44,-854.416,7180.44,531.417
65,130,-7653.05,-750.649,6626.71,392.257
70,130,-6715.55,-624.781,6049.45,252.91
75,130,-5808.47,-482.887,5465.69,121.113
80,130,-4950.34,-331.569,4886.13,3.07493
85,130,-4154.33,-175.174,4315.88,-96.1441
90,130,-3429.21,-14.1388,3755.54,-172.249
95,130,-2780.24,155.207,3202.43,-221.22
100,130,-2209.65,339.685,2651.85,-238.691
105,130,-1716.85,547.7,2098.71,-219.35
110,130,-1298.01,787.357,1539.59,-156.799
115,130,-945.557,1064.21,975.462,-44.5404
120,130,-648.472,1378.38,414.119,121.355
125,130,-394.532,1720.91,-128.576,338.07
130,130,-175.042,2070.03,-630.088,591.741
135,130,9.11795,2388.96,-1065.68,855.535
140,130,143.413,2627.88,-1414.77,1092.47
145,130,201.837,2731.96,-1666.19,1263.22
150,130,157.782,2655.07,-1819.25,1336.11
155,130,1.01354,2375.48,-1879.46,1294.63
160,130,-247.411,1907.4,-1851.25,1139.16
165,130,-532.208,1303.24,-1732.57,883.45
170,130,-777.76,645.026,-1515.16,549.529
175,130,-913.931,27.6367,-1191.14,164.495
180,130,-901.159,-460.958,-762.094,-240.435
0,135,-8559.91,-50.8531,8234.91,-190.822
5,135,-8907.02,127.806,8418.96,-205.225
10,135,-9391.69,189.234,8697.69,-196.234
15,135,-9938.99,160.488,9028,-170.253
20,135,-10458.4,82.6792,9360.22,-132.001
25,135,-10858.5,-3.35063,9644.16,-88.6481
30,135,-11063.3,-70.3415,9834.22,-51.2678
35,135,-11026.9,-109.816,9894.44,-32.477
40,135,-10741,-127.311,9803.28,-42.1667
45,135,-10231.5,-132.258,9556.52,-84.2375
50,135,-9546.86,-129.673,9166.71,-156.035
55,135,-8743.63,-117.987,8659.15,-250.127
60,135,-7875.08,-92.2432,8065.66,-356.883
65,135,-6985.24,-48.7226,7418.4,-466.481
70,135,-6107.73,12.5401,6745.36,-569.928
75,135,-5266.92,88.3599,6067.88,-659.367
80,135,-4479.47,174.902,5400.09,-728.153
85,135,-3755.75,270.207,4749.45,-770.886
90,135,-3101.03,375.535,4117.7,-783.326
95,135,-2516.71,495.315,3502.15,-762.021
100,135,-2001.6,636.16,2897.23,-703.615
105,135,-1552.55,805.475,2296.55,-604.048
110,135,-1164.55,1009.9,1695.72,-458.251
115,135,-830.302,1253.46,1095.47,-261.092
120,135,-540.335,1535,504.25,-10.2353
125,135,-284.731,1844.8,-61.0099,289.285
130,135,-57.2462,2160.95,-577.36,620.333
135,135,139.134,2447.27,-1021.41,951.573
140,135,288.232,2655.25,-1376.13,1240.63
145,135,362.519,2731.93,-1635.45,1442.93
150,135,333.395,2633.46,-1803.37,1523.2
155,135,187.745,2340.24,-1887.32,1464.54
160,135,-57.0391,1867.97,-1889.3,1271.13
165,135,-349.449,1269.43,-1800.53,964.631
170,135,-616.866,625.505,-1603.94,577.827
175,135,-790.719,28.3358,-1283.83,149.335
180,135,-831.309,-438.249,-837.735,-279.696
0,140,-7809.62,-67.2909,8949.62,-185.664
5,140,-8142.73,265.615,9157.27,-440.792
10,140,-8588.84,474.711,9471.67,-648.246
15,140,-9080.39,579.586,9842.96,-809.363
20,140,-9536.35,615.241,10213.2,-926.045
25,140,-9875.21,618.287,10524.1,-1004.63
30,140,-10029.7,614.085,10723.5,-1057.14
35,140,-9960.06,611.604,10771.6,-1098.63
40,140,-9660.52,607.689,10645.5,-1142.57
45,140,-9156.71,596.273,10342.2,-1197
50,140,-8495.02,575.847,9877.55,-1263.32
55,140,-7729.47,551.218,9281.31,-1337.56
60,140,-6911.22,530.382,8590.58,-1412.66
65,140,-6082.81,520.193,7843.19,-1480.45
70,140,-5276.62,524.004,7072.6,-1532.88
75,140,-4515.45,542.119,6305.12,-1562.75
80,140,-3813.56,573.879,5558.82,-1564.04
85,140,-3178.01,619.7,4843.64,-1532.19
90,140,-2610.05,682.055,4162.24,-1464.09
95,140,-2106.9,765.322,3511.18,-1357.64
100,140,-1663.52,874.944,2882.88,-1210.87
105,140,-1273.94,1016.4,2268.31,-1021.03
110,140,-931.745,1194.11,1660.57,-784.233
115,140,-629.909,1410.01,1058.68,-496.563
120,140,-360.735,1661.4,470.476,-157.219
125,140,-117.015,1937.87,-87.1227,226.53
130,140,104.725,2217.88,-591.527,634.371
135,140,299.498,2466.81,-1021.13,1030.88
140,140,450.255,2638.92,-1362.57,1369.13
145,140,529.338,2684.97,-1614.6,1600.41
150,140,507.717,2564.98,-1785.45,1686.9
155,140,370.393,2262.5,-1884.12,1611.97
160,140,130.849,1794.6,-1910.06,1383.7
165,140,-164.869,1213.04,-1848.12,1031.27
170,140,-449.755,595.172,-1672.86,597.47
175,140,-659.315,27.6666,-1361.25,131.464
180,140,-755.133,-412.204,-907.001,-316.827
0,145,-6999.89,-83.2164,9596.22,-179.092
5,145,-7311.3,360.45,9819.17,-699.208
10,145,-7702.65,679.052,10146.4,-1148.48
15,145,-8116.76,884.999,10524.8,-1521.3
20,145,-8485.8,1007.03,10892.2,-1814.97
25,145,-8741.93,1077.4,11186.8,-2033.39
30,145,-8829.4,1119.6,11354,-2188.35
35,145,-8715.79,1143.2,11352.8,-2296.86
40,145,-8398.09,1147.21,11160.9,-2376.07
45,145,-7900.76,1128.29,10777,-2438.69
50,145,-7266.97,1087.48,10219.7,-2490.82
55,145,-6547.1,1031.98,9522.74,-2532.5
60,145,-5789.23,972.369,8728.08,-2559.71
65,145,-5033.47,918.593,7879.17,-2566.6
70,145,-4309.98,877.486,7015.24,-2547.13
75,145,-3639.07,852.735,6167.81,-2496.1
80,145,-3032.06,846.34,5358.88,-2409.69
85,145,-2492.59,860.181,4600.56,-2285.67
90,145,-2018.27,896.832,3895.64,-2123.11
95,145,-1602.71,959.543,3238.99,-1921.73
100,145,-1237.69,1051.75,2619.89,-1680.89
105,145,-914.81,1176.46,2025.54,-1398.71
110,145,-626.438,1335.58,1445.44,-1071.92
115,145,-365.809,1528.92,875.858,-697.392
120,145,-126.924,1752.34,322.908,-275.614
125,145,94.7819,1995,-197.583,184.077
130,145,300.113,2236.33,-664.355,658.559
135,145,482.383,2444.24,-1058.21,1109.16
140,145,624.358,2577.16,-1369.5,1485.76
145,145,699.344,2591.06,-1601.26,1737.14
150,145,679.138,2451.23,-1765.06,1824.39
155,145,547.748,2145.04,-1870.62,1731.91
160,145,314.707,1690.55,-1914.6,1471.61
165,145,19.3867,1137.01,-1875.9,1079.25
170,145,-278.878,556.039,-1721.74,606.177
175,145,-521.733,26.4236,-1422.76,110.307
180,145,-673.209,-383.022,-969.363,-351.547
0,150,-6136.89,-98.5087,10169.8,-171.158
5,150,-6421.2,408.763,10398.4,-972.624
10,150,-6747.81,794.574,10712.9,-1681.85
15,150,-7071.78,1064.85,11060.7,-2284.16
20,150,-7340.94,1242.3,11381,-2770.22
25,150,-7503.47,1354.87,11613.2,-3139.78
30,150,-7516.92,1424.3,11705,-3403.1
35,150,-7357.22,1460.69,11617.6,-3578.44
40,150,-7024.11,1464.95,11331,-3686.56
45,150,-6540.34,1435.86,10846.2,-3745.22
50,150,-5944.98,1376.35,10184.3,-3765.94
55,150,-5283.72,1295.48,9382.31,-3753.66
60,150,-4600.3,1206.17,8486.47,-3708.59
65,150,-3930.92,1121.32,7545.31,-3628.62
70,150,-3302.02,1050.98,6603.24,-3511.48
75,150,-2730.19,1001.58,5696.19,-3355.89
80,150,-2223.11,976.736,4849.03,-3162.07
85,150,-1781.1,978.511,4074.75,-2931.41
90,150,-1398.9,1008.3,3374.97,-2665.87
95,150,-1067.84,1067.17,2741.76,-2366.93
100,150,-777.895,1155.9,2160.58,-2034.68
105,150,-519.495,1274.73,1614.56,-1667.21
110,150,-284.592,1423.08,1089.57,-1261.03
115,150,-67.0007,1598.81,579.019,-813.162
120,150,137.688,1796.68,86.9239,-325.003
125,150,331.795,2005.94,-372.756,192.447
130,150,514.01,2207.61,-781.077,713.98
135,150,676.583,2373.16,-1122.05,1198.97
140,150,802.815,2466.31,-1389.96,1595.94
145,150,867.817,2449.48,-1591.57,1853.2
150,150,845.09,2294.1,-1740.72,1932.33
155,150,718.296,1991.53,-1846.87,1819.55
160,150,493.077,1560.14,-1903.56,1530.16
165,150,201.362,1045.19,-1884.4,1105.1
170,150,-106.592,510.642,-1750.62,602.15
175,150,-380.013,25.5546,-1467.94,85.4903
180,150,-586.161,-350.926,-1024.35,-383.592
0,155,-5227.18,-113.051,10665.9,-161.921
5,155,-5481.58,408.41,10889.8,-1252.64
10,155,-5740.2,816.332,11164.9,-2232.04
15,155,-5970.98,1111.38,11443.6,-3074.12
20,155,-6138.28,1310.91,11671.5,-3760.81
25,155,-6207.23,1438.9,11795.5,-4285.9
30,155,-6149.46,1515.38,11769.8,-4656.73
35,155,-5949.67,1550.85,11562,-4891.88
40,155,-5610.39,1547.71,11156.3,-5015.38
45,155,-5152.38,1506.24,10556.8,-5050.37
50,155,-4609.88,1430.65,9787.15,-5014.68
55,155,-4022.86,1331.29,8886.96,-4919.74
60,155,-3429.34,1222.91,7905.71,-4771.95
65,155,-2860.05,1120.84,6895.49,-4575.28
70,155,-2336.21,1037.65,5903.99,-4333.51
75,155,-1869.49,981.632,4969.33,-4051.35
80,155,-1463.38,956.971,4116.86,-3734.49
85,155,-1115.07,964.843,3358.21,-3388.72
90,155,-817.381,1004.55,2692.16,-3018.8
95,155,-560.79,1074.34,2107.09,-2627.36
100,155,-335.242,1171.92,1584.68,-2214.21
105,155,-131.653,1294.65,1104.81,-1776.37
110,155,57.1325,1439.58,650.883,-1309.33
115,155,236.037,1602.87,214.552,-809.666
120,155,407.878,1778.58,-201.768,-279.21
125,155,573.302,1956.58,-586.214,270.001
130,155,729.759,2120.26,-922.941,811.791
135,155,869.33,2245.46,-1200.02,1305.31
140,155,976.601,2302.1,-1416.04,1699.93
145,155,1029.07,2259.8,-1581.13,1945.64
150,155,1002.42,2096.37,-1710.49,2006.18
155,155,880.307,1806.82,-1812.46,1870.08
160,155,664.534,1408.84,-1877.29,1555.32
165,155,379.223,942.276,-1874.09,1106.18
170,155,64.8306,461.948,-1759.69,584.179
175,155,-236.195,26.1149,-1496.65,56.8749
180,155,-494.653,-316.158,-1071.54,-412.718
0,160,-4277.69,-126.733,11080.9,-151.452
5,160,-4502,358.739,11289.7,-1530.58
10,160,-4696.23,742.309,11499.4,-2782.04
15,160,-4840.44,1021.23,11671.7,-3866.32
20,160,-4914.78,1208.68,11764.4,-4754.62
25,160,-4900.77,1325.25,11736.9,-5432.99
30,160,-4783.75,1389.42,11555.8,-5904.43
35,160,-4557.04,1411.84,11198,-6186.78
40,160,-4225.92,1395.86,10654.8,-6306.87
45,160,-3808.85,1342.64,9934.95,-6293.51
50,160,-3334.65,1256.76,9064.49,-6172.18
55,160,-2836.54,1148.88,8084.9,-5962.89
60,160,-2345.63,1034.5,7047.11,-5681.03
65,160,-1886.05,930.194,6004.12,-5339.45
70,160,-1472.83,849.933,5003.68,-4950.39
75,160,-1112.25,802.868,4082.48,-4526.1
80,160,-803.559,793.02,3262.98,-4078.32
85,160,-541.221,820.218,2552.78,-3616.95
90,160,-317.006,881.455,1946.2,-3148.72
95,160,-121.78,972.128,1427.57,-2676.27
100,160,53.0777,1086.96,975.679,-2198.11
105,160,214.657,1220.6,568.856,-1709.48
110,160,367.976,1367.89,190.143,-1204.35
115,160,515.976,1523.59,-168.67,-678.586
120,160,659.839,1681.43,-505.543,-134.056
125,160,799.099,1832.42,-810.381,417.029
130,160,930.857,1962.92,-1070.83,949.006
135,160,1047.89,2053.77,-1279.7,1422.87
140,160,1136.65,2081.6,-1440.25,1791.19
145,160,1177.33,2023.26,-1565.84,2007.81
150,160,1147.88,1862.59,-1672.48,2039.98
155,160,1031.99,1597.32,-1766.83,1878.82
160,160,827.675,1243.27,-1835.91,1543.95
165,160,551.213,833.637,-1845.36,1080.79
170,160,233.188,413.231,-1749.32,551.735
175,160,-92.295,29.213,-1508.96,24.5793
180,160,-399.38,-278.984,-1110.57,-438.702
0,165,-3295.64,-139.451,11411.6,-139.83
5,165,-3492.24,260.622,11595.6,-1797.71
10,165,-3632.15,573.511,11716.4,-3314.65
15,165,-3705.51,795.519,11749.1,-4635.73
20,165,-3705.98,937.331,11668.4,-5719.61
25,165,-3629.33,1017.07,11452,-6543.12
30,165,-3473.13,1051.86,11083.1,-7103.63
35,165,-3238.52,1052.27,10552.3,-7417.26
40,165,-2933.08,1022.01,9860.66,-7513.17
45,165,-2572.65,962.201,9022.49,-7426.27
50,165,-2179.98,876.609,8066.92,-7191.19
55,165,-1780.8,774.641,7036.01,-6839.12
60,165,-1398.59,670.657,5979.63,-6397.37
65,165,-1050.49,580.649,4948.15,-5890.44
70,165,-745.554,518.408,3985.03,-5340.82
75,165,-485.194,492.925,3121.34,-4768.93
80,165,-265.194,507.65,2373.03,-4192.02
85,165,-78.1127,561.204,1741.23,-3622.83
90,165,84.57,648.786,1214.77,-3068.55
95,165,230.858,763.622,774.311,-2530.61
100,165,367.211,898.164,397.145,-2005.53
105,165,498.033,1044.96,62.2132,-1486.57
110,165,625.654,1197.15,-245.458,-966.364
115,165,750.754,1348.55,-531.881,-440.159
120,165,872.959,1492.94,-793.947,90.5017
125,165,991.088,1622.86,-1022.64,614.251
130,165,1102.42,1728.03,-1209.07,1107.66
135,165,1200.87,1794.47,-1351.01,1535.79
140,165,1274.98,1805.38,-1456.64,1856.63
145,165,1307.54,1744.26,-1542.5,2029.71
150,165,1278.58,1599.86,-1625.12,2026.84
155,165,1171.7,1371.3,-1709.37,1841.6
160,165,981.133,1071.19,-1779.44,1494.02
165,165,715.609,725.21,-1798.59,1028.39
170,165,396.339,367.929,-1720.01,505.035
175,165,49.7247,35.9517,-1505.21,-11.0087
180,165,-301.067,-239.687,-1141.15,-461.348
0,170,-2288.52,-151.107,11655.4,-127.144
5,170,-2462.09,116.452,11806.3,-2045.56
10,170,-2563.43,313.95,11818.9,-3813.09
15,170,-2589.65,439.774,11684.7,-5357.95
20,170,-2544.18,504.279,11399.8,-6625
25,170,-2433.57,524.293,10964.8,-7580.72
30,170,-2264.94,515.931,10383.7,-8215.93
35,170,-2045.62,489.364,9664.4,-8544.34
40,170,-1784.72,447.994,8819.94,-8597.21
45,170,-1494.89,391.788,7871.93,-8416.1
50,170,-1192.44,322.1,6852.29,-8046.32
55,170,-895.192,244.943,5802.18,-7532.44
60,170,-619.061,171.111,4767.39,-6916.21
65,170,-374.911,113.615,3791.63,-6235.64
70,170,-167.079,84.1948,2909.73,-5524.33
75,170,6.20354,90.6072,2143.13,-4810.39
80,170,151.018,135.522,1498.37,-4115.18
85,170,275.482,216.888,968.515,-3452.46
90,170,387.726,329.141,536.733,-2828.28
95,170,494.458,464.618,180.91,-2241.93
100,170,600.2,614.816,-121.497,-1687.71
105,170,707.114,771.38,-388.995,-1157.34
110,170,815.351,926.78,-632.676,-642.644
115,170,923.779,1074.59,-854.78,-138.529
120,170,1030.78,1209.23,-1049.99,354.151
125,170,1134.57,1325.04,-1209.69,826.009
130,170,1232.52,1415.11,-1328.06,1257.61
135,170,1319.44,1470.32,-1407.65,1620.02
140,170,1385.59,1479.55,-1461.43,1878.51
145,170,1415.99,1431.6,-1508.95,1999.55
150,170,1392.39,1318.46,-1567.23,1959.98
155,170,1298.06,1138.98,-1639.52,1755.46
160,170,1123.58,901.343,-1707.81,1405.06
165,170,870.695,623.252,-1734.19,949.723
170,170,552.199,329.48,-1672.47,445.082
175,170,187.975,47.366,-1485.95,-49.2342
180,170,-200.464,-198.566,-1163.05,-480.482
0,175,-1263.97,-161.614,11810.5,-113.49
5,175,-1421.11,-69.9214,11921.8,-2266.17
10,175,-1504.18,-29.4618,11812.2,-4261.46
15,175,-1513.33,-36.302,11491.9,-6010.05
20,175,-1456.93,-77.8777,10981.5,-7442.24
25,175,-1347.58,-137.248,10307.7,-8513.67
30,175,-1198.25,-198.928,9499.21,-9208.21
35,175,-1020.01,-253.493,8583.56,-9536.97
40,175,-822.235,-298.747,7588.02,-9533.41
45,175,-613.927,-337.226,6542.21,-9246.33
50,175,-404.861,-371.882,5480.36,-8732.72
55,175,-205.342,-402.49,4440.84,-8051.88
60,175,-24.6146,-424.508,3462.39,-7261.11
65,175,131.132,-430.455,2578.41,-6412.47
70,175,260.076,-412.612,1811.59,-5550.27
75,175,364.787,-365.549,1170.97,-4709.11
80,175,451.096,-287.523,651.993,-3912.82
85,175,526.36,-180.586,239.246,-3174.57
90,175,597.763,-49.8004,-89.2088,-2498.19
95,175,671.053,97.8863,-357.069,-1880.4
100,175,749.846,254.75,-585.312,-1313.56
105,175,835.489,413.205,-788.595,-788.389
110,175,927.39,566.502,-973.131,-296.47
115,175,1023.69,709.143,-1136.7,167.575
120,175,1121.98,836.864,-1271.35,604.14
125,175,1219.68,946.093,-1368.44,1006.97
130,175,1313.52,1032.94,-1424.78,1362.04
135,175,1398.31,1092.18,-1447.19,1647.85
140,175,1465.19,1116.86,-1452.84,1837.9
145,175,1500.75,1099.07,-1463.96,1906.13
150,175,1488.09,1031.96,-1497.93,1834.31
155,175,1410.04,912.393,-1556.73,1619.51
160,175,1253.74,743.163,-1620.93,1278.47
165,175,1014.73,534.061,-1652.62,846.956
170,175,698.731,301.142,-1607.57,373.669
175,175,320.668,64.3618,-1451.99,-89.1916
180,175,-98.3342,-155.933,-1176.1,-495.96
0,180,-229.809,-170.89,11875.7,-98.9728
5,180,-378.47,-293.29,11943,-2452.33
10,180,-466.664,-447.117,11703.9,-4645.3
15,180,-493.172,-619.188,11187.8,-6571.19
20,180,-465.691,-791.961,10441.3,-8145.83
25,180,-397.302,-946.846,9519.78,-9314.05
30,180,-302.126,-1068.62,8478.38,-10053
35,180,-191.908,-1149.16,7366.38,-10371.7
40,180,-74.6747,-1188.6,6226.2,-10306.2
45,180,44.5255,-1193.61,5095.55,-9912.78
50,180,161.86,-1173.41,4009.99,-9260.48
55,180,273.32,-1135.89,3003.23,-8423.1
60,180,374.562,-1085.21,2104.51,-7472.85
65,180,461.861,-1021.68,1334.48,-6474.74
70,180,533.408,-943.36,701.755,-5482.35
75,180,590.104,-848.143,201.857,-4535.29
80,180,635.469,-735.354,-181.007,-3658.6
85,180,674.797,-606.415,-470.116,-2864.09
90,180,713.996,-464.666,-691.498,-2153.15
95,180,758.489,-314.73,-869.342,-1520.17
100,180,812.405,-161.752,-1022.21,-955.986
105,180,878.108,-10.7266,-1160.47,-450.669
110,180,956.044,134.05,-1285.45,4.46291
115,180,1044.87,269.351,-1390.79,415.501
120,180,1141.79,393.085,-1466.23,784.917
125,180,1242.92,503.908,-1503.24,1110.54
130,180,1343.32,600.34,-1500.99,1384.61
135,180,1436.49,679.632,-1469.84,1593.43
140,180,1513.43,736.924,-1430.35,1718.77
145,180,1561.7,765.266,-1406.7,1741.62
150,180,1565.4,756.791,-1416.39,1648.09
155,180,1506.89,704.824,-1460.41,1435.77
160,180,1370.3,606.282,-1518.71,1117.95
165,180,1145.93,463.634,-1554.46,723.726
170,180,833.961,285.808,-1526.41,293.343
175,180,446.138,87.6581,-1404.29,-129.755
180,180,4.54369,-112.114,-1180.19,-507.663
0,185,806.103,-178.866,11850.6,-83.7022
5,185,657.19,-547.239,11872.1,-2597.82
10,185,539.045,-926.994,11503.2,-4952.01
15,185,458.719,-1292,10791.7,-7023.31
20,185,415.07,-1616.92,9810.58,-8713.89
25,185,400.685,-1879.93,8644.14,-9958.53
30,185,405.518,-2065.85,7374.75,-10728.6
35,185,420.812,-2168.6,6073.92,-11031.5
40,185,441.594,-2192.16,4799.19,-10906.8
45,185,466.745,-2149.05,3595.72,-10418.4
50,185,497.044,-2056.7,2499.16,-9646.45
55,185,532.69,-1932.97,1536.99,-8677.51
60,185,571.845,-1792.49,727.545,-7596.33
65,185,610.85,-1644.98,77.8661,-6478.27
70,185,645.677,-1495.49,-417.645,-5384
75,185,673.634,-1345.97,-776.325,-4356.69
80,185,694.482,-1196.9,-1024.06,-3422.06
85,185,710.653,-1048.6,-1190.66,-2590.83
90,185,726.727,-901.697,-1305.08,-1862.53
95,185,748.488,-757.181,-1391.24,-1229.91
100,185,781.824,-616.111,-1465.06,-682.593
105,185,831.601,-479.32,-1533.01,-209.827
110,185,900.631,-347.159,-1592.42,198.015
115,185,988.908,-219.358,-1633.88,548.717
120,185,1093.35,-95.1065,-1645.89,847.764
125,185,1208.19,26.4945,-1620.69,1097.63
130,185,1325.78,145.53,-1559.76,1296.73
135,185,1437.31,260.075,-1476.38,1438.55
140,185,1532.84,365.154,-1393.46,1512.07
145,185,1600.35,452.443,-1336.14,1504.22
150,185,1624.76,511.128,-1321.57,1404.42
155,185,1588.07,529.931,-1349.89,1209.89
160,185,1471.91,499.894,-1401.14,929.612
165,185,1262.44,417.272,-1440.49,585.115
170,185,955.988,285.822,-1430.32,207.318
175,185,562.873,117.736,-1344.08,-169.62
180,185,107.387,-67.4419,-1175.31,-515.503
0,190,1835.88,-185.48,11735.2,-67.7945
5,190,1677.86,-824.328,11711.9,-2697.62
10,190,1505.28,-1455.01,11220,-5171.26
15,190,1335.12,-2035.03,10324.4,-7351.57
20,190,1178.48,-2528.53,9122.31,-9128.65
25,190,1039.81,-2909.02,7725.88,-10428.5
30,190,918.631,-3161.19,6243.83,-11217.9
35,190,813.034,-3282.05,4768.99,-11504
40,190,722.827,-3281.12,3373.06,-11330.2
45,190,650.441,-3178.64,2107.43,-10767.8
50,190,599.325,-3001.85,1006.6,-9906.23
55,190,571.185,-2779.77,90.9733,-8842.02
60,190,563.993,-2538.39,-632.227,-7668.75
65,190,571.936,-2297.47,-1168.92,-6468.61
70,190,587.189,-2069.59,-1537.46,-5306.69
75,190,602.473,-1861,-1766.09,-4228.44
80,190,613.268,-1673.38,-1888.76,-3260.26
85,190,619.016,-1505.62,-1940.11,-2412.53
90,190,623.174,-1355.04,-1950.88,-1684.08
95,190,632.34,-1218.16,-1944.32,-1066.68
100,190,654.719,-1091.04,-1934.07,-548.859
105,190,698.181,-969.351,-1923.66,-118.415
110,190,768.19,-848.585,-1907.86,236.322
115,190,866.073,-724.233,-1875.91,525.965
120,190,988.191,-592.232,-1816.58,759.701
125,190,1126.47,-449.672,-1723.88,944.544
130,190,1270.14,-295.837,-1601.82,1084.12
135,190,1407.71,-133.405,-1466.01,1177.51
140,190,1527.97,30.5821,-1340.59,1219.1
145,190,1619.17,184.53,-1250.57,1200.17
150,190,1666.92,313.308,-1212.06,1112.26
155,190,1652.98,400.561,-1224.41,951.48
160,190,1557.06,432.01,-1268.35,722.024
165,190,1362.37,399.185,-1311.72,437.501
170,190,1063.01,302.808,-1320.89,119.349
175,190,669.534,154.8,-1272.73,-207.364
180,190,209.413,-22.2562,-1161.47,-519.419
0,195,2851.69,-190.683,11530.6,-51.3708
5,195,2676.24,-1116.31,11465.8,-2748.07
10,195,2426.85,-2015.44,10864.9,-5295.3
15,195,2133.77,-2826.32,9806.46,-7544.76
20,195,1825.39,-3500.17,8409.12,-9376.76
25,195,1523.73,-4004.49,6809.54,-10710.3
30,195,1243.18,-4323.81,5140.32,-11508.9
35,195,992.466,-4459.41,3513.55,-11780.3
40,195,777.828,-4428.06,2013.27,-11572.3
45,195,604.679,-4259.51,695.695,-10962.8
50,195,476.955,-3991.95,-406.674,-10048.3
55,195,395.009,-3666.07,-1280.6,-8931.68
60,195,354.008,-3319.15,-1929.06,-7711.33
65,195,344.195,-2980.69,-2369.15,-6472.38
70,195,353.101,-2670.52,-2629.53,-5281.61
75,195,368.764,-2399.05,-2746.74,-4185.38
80,195,382.706,-2169.03,-2760.39,-3210.7
85,195,391.789,-1977.79,-2708.16,-2368.37
90,195,398.616,-1819.17,-2621.57,-1657.32
95,195,410.566,-1685.03,-2523.04,-1068.9
100,195,437.766,-1566.15,-2424.56,-590.413
105,195,490.363,-1452.89,-2328.03,-207.494
110,195,575.582,-1335.74,-2227.41,94.4994
115,195,695.283,-1205.94,-2112.47,329.712
120,195,844.833,-1056.37,-1973.87,511.071
125,195,1013.91,-882.585,-1808.46,649.275
130,195,1189.02,-684.112,-1623.04,751.502
135,195,1356.53,-465.561,-1434.98,820.308
140,195,1504.35,-237.366,-1268.53,853.378
145,195,1620.96,-15.5454,-1147.45,844.634
150,195,1692.55,179.814,-1086.17,786.688
155,195,1700.77,327.419,-1083.28,674.017
160,195,1624.02,408.673,-1120.73,505.921
165,195,1443.77,412.106,-1169.53,288.296
170,195,1153.38,337.535,-1200.01,33.5538
175,195,764.988,198.746,-1191.78,-241.505
180,195,309.845,23.0989,-1138.8,-519.383
0,200,3845.79,-194.435,11238.1,-34.5562
5,200,3645.72,-1414.4,11137.5,-2747
10,200,3300.91,-2591.37,10447.8,-5319.26
15,200,2857.18,-3642.25,9257.45,-7595.62
20,200,2364.09,-4503.43,7701.47,-9449.5
25,200,1866.02,-5135.23,5936.65,-10794.9
30,200,1396.85,-5522,4115.44,-11593.3
35,200,979.418,-5670.24,2366.01,-11853.9
40,200,627.91,-5605.6,782.475,-11628.7
45,200,350.26,-5368.7,-575.455,-11000.7
50,200,148.951,-5009.4,-1677.57,-10071.4
55,200,20.4997,-4579.87,-2517.06,-8946.64
60,200,-44.87,-4127.86,-3105.46,-7725.61
65,200,-62.1186,-3691.62,-3468.62,-6492.95
70,200,-48.6407,-3297.31,-3642.81,-5314.44
75,200,-20.6594,-2959,-3670.12,-4235.82
80,200,10.0788,-2680.37,-3593.54,-3284.1
85,200,38.3759,-2457.24,-3452.13,-2470.54
90,200,65.9869,-2280.25,-3277.35,-1794.41
95,200,100.408,-2136.95,-3090.74,-1246.69
100,200,152.386,-2013.36,-2903.36,-813.286
105,200,232.657,-1895.12,-2716.83,-477.392
110,200,348.564,-1768.37,-2525.95,-221.177
115,200,501.38,-1620.81,-2322.74,-27.153
120,200,685.248,-1442.94,-2101.22,120.544
125,200,888.284,-1229.44,-1861.8,234.831
130,200,1095.57,-980.638,-1614.1,324.479
135,200,1292.58,-703.652,-1376.56,393.385
140,200,1467.07,-412.816,-1172.55,440.61
145,200,1607.93,-128.892,-1023.63,461.289
150,200,1701.78,123.155,-942.122,448.263
155,200,1730.15,317.745,-926.077,394.162
160,200,1670.83,433.25,-959.114,293.655
165,200,1504.66,456.981,-1015.72,145.552
170,200,1225.63,389.817,-1069.86,-45.8012
175,200,848.326,249.154,-1102.93,-270.574
180,200,407.919,68.2782,-1107.46,-515.393
0,205,4810.62,-196.707,10860.2,-17.4786
5,205,4580.39,-1709.5,10731.4,-2693.81
10,205,4126.74,-3165.19,9978.18,-5241.24
15,205,3512.1,-4458.23,8694.4,-7501.02
20,205,2809.61,-5508.87,7025.79,-9342.96
25,205,2089.36,-6269.26,5143.36,-10678.2
30,205,1408.32,-6723.4,3214.15,-11467.2
35,205,806.274,-6883.66,1378.39,-11721
40,205,306.81,-6785.6,-262.229,-11494.6
45,205,-79.7358,-6481.6,-1645.58,-10875
50,205,-353.574,-6033.34,-2743.46,-9966.07
55,205,-523.673,-5503.78,-3554.14,-8873.65
60,205,-606.124,-4949.88,-4095.59,-7694.81
65,205,-621.794,-4417.19,-4399.94,-6510.86
70,205,-593.006,-3937.1,-4508.48,-5384.26
75,205,-539.814,-3526.68,-4466.55,-4358.36
80,205,-476.782,-3190.39,-4318.59,-3458.98
85,205,-411.093,-2922.95,-4103.72,-2697
90,205,-342.41,-2712.43,-3852.65,-2071.53
95,205,-264.404,-2542.99,-3586.07,-1572.96
100,205,-167.539,-2396.97,-3314.76,-1185.84
105,205,-42.4765,-2256.45,-3041.15,-891.245
110,205,116.608,-2104.5,-2762.27,-668.914
115,205,309.616,-1926.45,-2473.6,-499.142
120,205,529.78,-1711.29,-2173.27,-364.611
125,205,764.949,-1453.36,-1865.51,-251.897
130,205,1000.52,-1154,-1562.29,-152.418
135,205,1222.64,-822.744,-1282.33,-62.6192
140,205,1419.73,-477.576,-1047.27,16.5258
145,205,1581.18,-143.599,-875.935,80.3611
150,205,1693.87,149.96,-778.528,121.455
155,205,1739.31,374.208,-752.934,130.612
160,205,1695.29,505.879,-784.95,98.3944
165,205,1543.18,532.76,-852.617,17.4784
170,205,1278.54,458.474,-932.938,-114.539
175,205,918.893,305.289,-1007.99,-293.191
180,205,502.889,112.938,-1067.7,-507.481
0,210,5738.84,-197.482,10399.6,-0.267967
5,210,5474.95,-1992.5,10251.5,-2589.51
10,210,4905.35,-3719.12,9463.87,-5062.51
15,210,4108.76,-5249.3,8130.96,-7262.1
20,210,3182.56,-6486.59,6402.97,-9058.1
25,210,2224.21,-7374.22,4458.3,-10361
30,210,1315.94,-7895.4,2472.53,-11131.1
35,210,516.541,-8068.4,593.39,-11380.6
40,210,-139.706,-7939.05,-1072.6,-11166.5
45,210,-639.656,-7571.64,-2461.66,-10577.7
50,210,-986.519,-7039.35,-3546.95,-9717.98
55,210,-1195.34,-6414.93,-4330.06,-8691
60,210,-1289.01,-5763.11,-4833.19,-7589.52
65,210,-1294.51,-5135.24,-5092.43,-6489.47
70,210,-1239.05,-4566.79,-5151.92,-5448.15
75,210,-1146.45,-4077.26,-5058.42,-4504.87
80,210,-1034.29,-3671.99,-4856.43,-3682.71
85,210,-912.42,-3345.23,-4584.19,-2990.97
90,210,-783.144,-3083.5,-4271.26,-2427.73
95,210,-642.963,-2868.88,-3937.55,-1982.56
100,210,-485.356,-2681.45,-3594.04,-1639
105,210,-303.947,-2501.26,-3244.76,-1377
110,210,-95.3539,-2309.74,-2889.66,-1175.26
115,210,138.934,-2091.02,-2528.19,-1013.56
120,210,392.135,-1833.39,-2162.56,-874.809
125,210,653.37,-1531.16,-1800.27,-746.575
130,210,910.04,-1186.45,-1454.8,-621.721
135,210,1150.23,-810.654,-1144.27,-498.035
140,210,1363.67,-424.639,-887.987,-377.306
145,210,1540.3,-57.0287,-702.023,-264.528
150,210,1667.11,259.612,-594.871,-167.636
155,210,1725.85,494.196,-564.892,-97.4593
160,210,1695.07,623.181,-600.486,-66.8575
165,210,1557.59,636.334,-683.115,-88.1134
170,210,1311.23,541.351,-792.036,-168.824
175,210,976.306,366.125,-908.819,-308.129
180,210,594.031,156.738,-1019.81,-495.707
0,215,6623.39,-196.753,9859.84,16.9447
5,215,6324.63,-2254.6,9702.35,-2436.7
10,215,5639,-4235.74,8911.14,-4787.4
15,215,4659.85,-5990.84,7576.63,-6884.29
20,215,3507.65,-7406.96,5846.94,-8600.87
25,215,2306.98,-8417.94,3900.69,-9849.2
30,215,1165.91,-9005.46,1915.41,-10590.1
35,215,163.248,-9193.1,41.3466,-10835.9
40,215,-654.905,-9036.45,-1612.92,-10644
45,215,-1271.73,-8611.23,-2982.76,-10102.5
50,215,-1692.85,-8001.3,-4041.83,-9313.05
55,215,-1938.99,-7288.1,-4793.33,-8375.25
60,215,-2039.58,-6542.7,-5261.53,-7375.89
65,215,-2027.53,-5820.94,-5484.38,-6384.26
70,215,-1934.98,-5161.35,-5507.1,-5451.26
75,215,-1789.9,-4585.42,-5376.49,-4610.83
80,215,-1613.68,-4099.63,-5136.15,-3882.08
85,215,-1420.06,-3698.57,-4822.89,-3271.69
90,215,-1215.55,-3368.54,-4464.92,-2776.18
95,215,-1001,-3090.97,-4081.51,-2384.26
100,215,-774.196,-2845.29,-3684.18,-2079.18
105,215,-532.398,-2611,-3278.81,-1841.01
110,215,-274.657,-2369.13,-2868.39,-1649.05
115,215,-3.18934,-2103.58,-2455.92,-1484.13
120,215,276.327,-1802.45,-2046.94,-1330.76
125,215,555.546,-1460.01,-1651.06,-1178.5
130,215,824.957,-1078.76,-1282.13,-1022.23
135,215,1075.3,-671.205,-956.817,-861.43
140,215,1297.9,-260.21,-691.928,-698.953
145,215,1483.32,123.057,-501.149,-540.32
150,215,1618.83,443.722,-392.06,-394.011
155,215,1686.98,669.644,-364.226,-272.188
160,215,1667.84,778.279,-408.943,-190.338
165,215,1546.5,762.632,-510.736,-164.38
170,215,1323.23,635.408,-650.208,-205.409
175,215,1020.47,430.379,-807.342,-314.388
180,215,680.653,199.345,-964.151,-480.16
0,220,7457.53,-194.528,9245.06,34.0284
5,220,7125.11,-2487.5,9088.09,-2239.52
10,220,6330.61,-4698.49,8324.3,-4423.34
15,220,5179.3,-6659.2,7036.23,-6377.27
20,220,3811.84,-8241.24,5363.83,-7982.17
25,220,2377.72,-9368.96,3478.89,-9153.87
30,220,1009.69,-10021.6,1554.22,-9854.2
35,220,-193.481,-10226.7,-262.49,-10094.7
40,220,-1173.17,-10048.6,-1863.63,-9930.73
45,220,-1907.75,-9573.18,-3184.68,-9447.32
50,220,-2404.02,-8893.92,-4199.17,-8741.62
55,220,-2687.34,-8099.78,-4910.36,-7907.19
60,220,-2792.94,-7267.02,-5342.66,-7023.82
65,220,-2759.36,-6454.75,-5534.05,-6153.33
70,220,-2623.74,-5703.69,-5529.27,-5339.58
75,220,-2418.75,-5036.94,-5374.02,-4610.54
80,220,-2170.52,-4462.33,-5110.23,-3980.83
85,220,-1897.85,-3975.62,-4772.97,-3454.14
90,220,-1612.55,-3564.07,-4389.06,-3025.43
95,220,-1320.73,-3210,-3977.26,-2683.05
100,220,-1024.8,-2893.57,-3549.7,-2410.78
105,220,-725.513,-2595,-3113.98,-2190
110,220,-423.743,-2295.94,-2675.59,-2001.81
115,220,-121.626,-1980.62,-2240.14,-1829.23
120,220,176.989,-1637.27,-1815.14,-1659.15
125,220,466.768,-1260.03,-1410.9,-1483.48
130,220,741.505,-851.467,-1040.46,-1299.21
135,220,994.671,-424.618,-718.432,-1107.4
140,220,1219.31,-3.56809,-459.23,-911.85
145,220,1406.9,378.879,-274.862,-718.582
150,220,1545.65,686.579,-172.886,-536.522
155,220,1619.69,887.476,-154.725,-378.778
160,220,1611.53,961.168,-214.629,-262.561
165,220,1509,904.883,-339.621,-205.983
170,220,1314.53,736.872,-510.719,-221.85
175,220,1051.59,496.569,-705.459,-311.241
180,220,762.094,240.435,-901.159,-460.958
0,225,8234.91,-190.822,8559.91,50.8531
5,225,7872.32,-2683.76,8412.97,-2003.52
10,225,6983.2,-5092.25,7705.72,-3980.57
15,225,5681.01,-7232.41,6509.72,-5754.8
20,225,4122.27,-8962.31,4951.48,-7217.76
25,225,2477.34,-10197.1,3189.51,-8291.29
30,225,900.824,-10912.7,1385.6,-8938.84
35,225,-489.857,-11139.1,-320.214,-9170.11
40,225,-1623.43,-10947.2,-1824.49,-9036.22
45,225,-2472.36,-10431.7,-3064.14,-8616.43
50,225,-3043.15,-9694.35,-4012.42,-8000.97
55,225,-3364.47,-8830.59,-4671.5,-7275.76
60,225,-3476.49,-7920.8,-5064.37,-6512.55
65,225,-3423,-7026.4,-5227.31,-5765.33
70,225,-3246.28,-6189.4,-5203.12,-5070.84
75,225,-2984.02,-5433.98,-5035.24,-4451.25
80,225,-2667.5,-4769.24,-4763.28,-3916.95
85,225,-2320.86,-4192.56,-4420.19,-3469.07
90,225,-1961.26,-3693.1,-4031.33,-3101.58
95,225,-1599.8,-3255.11,-3614.94,-2803.12
100,225,-1242.95,-2860.7,-3183.58,-2558.84
105,225,-894.238,-2491.74,-2746.13,-2352.15
110,225,-555.736,-2131.22,-2309.7,-2166.66
115,225,-229.235,-1764.25,-1881.27,-1988.11
120,225,83.0773,-1379.46,-1468.9,-1806.03
125,225,378.348,-971.064,-1082.28,-1614.67
130,225,653.062,-541.643,-732.665,-1412.89
135,225,903.065,-104.569,-432.336,-1203.02
140,225,1123.26,315.365,-193.591,-989.592
145,225,1306.78,684.537,-27.5086,-778.943
150,225,1443.8,966.573,57.6102,-580.237
155,225,1521.16,1130.61,58.116,-407.025
160,225,1524.61,1159.39,-22.9738,-277.215
165,225,1444.82,1055.04,-174.466,-209.537
170,225,1285.71,841.448,-376.958,-216.683
175,225,1070.17,563.078,-605.014,-298.28
180,225,837.735,279.696,-831.309,-438.249
0,230,8949.62,-185.664,7809.62,67.2909
5,230,8562.44,-2836.97,7681.12,-1735.51
10,230,7599.23,-5403.78,7055.88,-3472
15,230,6177.47,-7690.83,5992.38,-5034.48
20,230,4464.03,-9545.37,4599.55,-6328.16
25,230,2644.57,-10874.3,3017.25,-7283.02
30,230,891.112,-11649.2,1390.66,-7864.87
35,230,-662.826,-11900.9,-152.598,-8080.81
40,230,-1933.98,-11704.7,-1516.62,-7975.72
45,230,-2888.16,-11162.2,-2641.57,-7620.52
50,230,-3530.21,-10381.9,-3500.84,-7096.19
55,230,-3890.82,-9464.48,-4094.87,-6479.36
60,230,-4014.23,-8493.69,-4443.94,-5833
65,230,-3949.15,-7532.36,-4581.14,-5203.21
70,230,-3742.85,-6622.9,-4545.8,-4620.17
75,230,-3437.85,-5789.77,-4377.89,-4100.99
80,230,-3070.08,-5042.86,-4113.84,-3652.72
85,230,-2668.1,-4381.04,-3784.01,-3274.82
90,230,-2253.14,-3795.66,-3412.01,-2961.01
95,230,-1839.8,-3273.51,-3015.31,-2700.88
100,230,-1437.33,-2799.29,-2606.55,-2481.38
105,230,-1051.17,-2357.27,-2195.25,-2288.32
110,230,-684.378,-1932.39,-1789.21,-2108.04
115,230,-338.929,-1511.27,-1395.7,-1929.09
120,230,-16.4701,-1083.51,-1022.18,-1743.63
125,230,281.257,-643.972,-676.761,-1548.1
130,230,552.268,-195.719,-368.369,-1342.99
135,230,794.258,247.422,-106.826,-1131.6
140,230,1004.32,660.249,97.3201,-918.906
145,230,1178.27,1009.07,233.382,-711.362
150,230,1309.64,1258.34,291.904,-518.071
155,230,1389.17,1379.42,267.023,-352.401
160,230,1406.4,1358.99,159.526,-231.794
165,230,1354.58,1204.32,-20.4086,-173.92
170,230,1237.93,944.576,-252.336,-189.537
175,230,1077.02,628.224,-507.734,-275.44
180,230,907.001,316.827,-755.133,-412.204
0,235,9596.22,-179.092,6999.89,83.2164
5,235,9191.7,-2942.03,6896.7,-1443.35
10,235,8180.1,-5622.2,6373.71,-2912.77
15,235,6678.55,-8017.82,5475.32,-4237.35
20,235,4858,-9968.75,4290.21,-5338.33
25,235,2912.72,-11375,2935.56,-6155.74
30,235,1026.38,-12203.7,1535.45,-6658.7
35,235,-655.23,-12484.4,200.861,-6851.3
40,235,-2038.48,-12294.8,-983.184,-6770.6
45,235,-3082.38,-11740.8,-1962.23,-6476.96
50,235,-3789.13,-10936.1,-2710.79,-6040
55,235,-4190.2,-9985.51,-3227.44,-5525.63
60,235,-4333.02,-8975.13,-3528.85,-4987.55
65,235,-4270.58,-7968.44,-3643.51,-4464.36
70,235,-4054.57,-7007.38,-3605.79,-3980.54
75,235,-3731.5,-6115.78,-3450.89,-3549.35
80,235,-3340.51,-5303.48,-3211.03,-3175.64
85,235,-2912.68,-4570.3,-2913.26,-2858.08
90,235,-2471.09,-3909.4,-2578.97,-2590.82
95,235,-2031.75,-3310.09,-2224.38,-2364.72
100,235,-1605.07,-2759.84,-1861.74,-2168.67
105,235,-1197.56,-2245.7,-1500.55,-1990.85
110,235,-813.428,-1755.19,-1148.64,-1820.29
115,235,-455.83,-1277.15,-812.815,-1648.27
120,235,-127.448,-803.093,-499.298,-1469.48
125,235,169.393,-329.504,-214.135,-1282.44
130,235,432.95,139.31,36.2758,-1089.02
135,235,662.274,588.708,244.507,-893.299
140,235,857.089,993.299,401.533,-700.497
145,235,1017.04,1320.08,496.854,-516.992
150,235,1140.35,1535.3,519.905,-351.524
155,235,1222.64,1613.48,463.027,-216.592
160,235,1257.44,1545.6,325.492,-127.926
165,235,1239.89,1343.83,117.169,-100.424
170,235,1173.02,1041.71,-140.147,-141.176
175,235,1073.2,690.341,-415.177,-243
180,235,969.363,351.547,-673.209,-383.022
0,240,10169.8,-171.158,6136.89,98.5087
5,240,9756.34,-2995.24,6063.89,-1135.75
10,240,8725.67,-5739.37,5656.93,-2319.88
15,240,7190.28,-8200.41,4946.39,-3387.44
20,240,5318.77,-10214.7,3999.46,-4277.25
25,240,3306.57,-11677.5,2908.25,-4941.04
30,240,1342.2,-12551.6,1772.59,-5352.26
35,240,-421.257,-12863.8,683.485,-5512
40,240,-1882.49,-12691.7,-287.945,-5448.48
45,240,-2994.42,-12143.1,-1094.94,-5209.82
50,240,-3755.88,-11334.8,-1714.44,-4852.65
55,240,-4198.02,-10374.3,-2143.49,-4431.12
60,240,-4370.18,-9348.98,-2394.54,-3989.48
65,240,-4328.44,-8322.21,-2490.33,-3559.46
70,240,-4127.69,-7334.78,-2458.9,-3161
75,240,-3816.82,-6409.14,-2329.35,-2804.73
80,240,-3436.34,-5554.27,-2128.57,-2494.33
85,240,-3017.61,-4770.12,-1879.51,-2228.46
90,240,-2583.32,-4051,-1600.64,-2001.99
95,240,-2148.87,-3388.18,-1306.43,-1807.17
100,240,-1724.36,-2771.63,-1008.21,-1634.72
105,240,-1316.66,-2191.2,-715.063,-1475.09
110,240,-931.248,-1637.33,-434.401,-1319.82
115,240,-573.224,-1101.85,-172.246,-1162.79
120,240,-247.552,-579.237,66.5994,-1001.04
125,240,41.5456,-68.6334,278.18,-834.938
130,240,291.567,423.539,458.549,-667.523
135,240,502.561,881.476,602.529,-503.443
140,240,677.248,1279.87,702.558,-348.097
145,240,819.99,1587.14,748.485,-207.735
150,240,934.65,1772.23,729.117,-90.5199
155,240,1022.2,1813.33,635.755,-7.44678
160,240,1079.86,1705.6,466.982,28.6632
165,240,1103.53,1465.2,232.893,7.2883
170,240,1093.49,1128.59,-43.42,-73.4604
175,240,1060.06,747.858,-328.679,-201.576
180,240,1024.35,383.592,-586.161,-350.926
0,245,10665.9,-161.921,5227.18,113.051
5,245,10252.6,-2994.52,5187.05,-821.933
10,245,9233.92,-5750.28,4902.66,-1711.68
15,245,7714.1,-8229.8,4391.33,-2511.1
20,245,5853.06,-10270.2,3698.97,-3177.37
25,245,3839.76,-11764.7,2891.94,-3675.03
30,245,1860.08,-12672.1,2044.24,-3982.86
35,245,68.449,-13015.8,1224.72,-4099.36
40,245,-1429.84,-12870.9,488.214,-4043.55
45,245,-2583.05,-12344.4,-128.321,-3850.36
50,245,-3386.42,-11553.6,-605.691,-3562.47
55,245,-3869.44,-10606.7,-940.031,-3221.72
60,245,-4081.56,-9591.35,-1139.36,-2863.08
65,245,-4079.97,-8570.07,-1219.84,-2512.18
70,245,-3920.63,-7582.05,-1202.05,-2185.48
75,245,-3652.87,-6648,-1107.82,-1891.99
80,245,-3316.57,-5775.61,-957.753,-1635
85,245,-2941.61,-4964.32,-769.839,-1413.48
90,245,-2548.75,-4208.84,-559.051,-1223.24
95,245,-2151.55,-3501.66,-337.618,-1057.89
100,245,-1758.86,-2834.62,-115.595,-909.955
105,245,-1377.36,-2199.95,98.6553,-772.071
110,245,-1013.42,-1591.03,298.288,-638.189
115,245,-674.112,-1003.12,478.086,-504.538
120,245,-366.903,-434.342,634.546,-370.158
125,245,-98.2916,112.62,765.548,-236.809
130,245,128.105,628.643,869.292,-108.316
135,245,313.19,1096.64,942.648,10.3282
140,245,462.83,1491.78,979.585,113.562
145,245,586.436,1784.65,970.75,195.142
150,245,693.712,1947.49,905.124,247.509
155,245,790.733,1962.17,773.952,261.614
160,245,877.558,1827.22,575.939,228.525
165,245,949.515,1561.23,321.717,143.414
170,245,1002.46,1201.54,35.2435,10.7639
175,245,1039.11,799.363,-249.306,-152.083
180,245,1071.54,412.718,-494.653,-316.158
0,250,11080.9,-151.452,4277.69,126.733
5,250,10676.7,-2939.46,4270.83,-511.404
10,250,9700.84,-5653.2,4108.01,-1107.29
15,250,8246.28,-8101.94,3795.15,-1636.29
20,250,6458.55,-10127.8,3358.44,-2073.81
25,250,4512.73,-11625,2839.42,-2397.66
30,250,2584.41,-12549.9,2286.35,-2592.79
35,250,822.718,-12921.6,1745.15,-2655.82
40,250,-667.564,-12810.7,1253.01,-2596.85
45,250,-1832.19,-12320.8,835.521,-2437.62
50,250,-2662.86,-11566.7,506.666,-2206.66
55,250,-3185.82,-10655.3,270.449,-1933.58
60,250,-3448.18,-9672.8,123.109,-1644.53
65,250,-3505.41,-8680.2,55.4255,-1359.72
70,250,-3411.91,-7715.07,54.9225,-1092.91
75,250,-3215.11,-6796.45,107.817,-852.05
80,250,-2952.64,-5930.76,200.519,-640.318
85,250,-2651.86,-5116.74,320.555,-457.163
90,250,-2331.09,-4349.01,456.894,-299.322
95,250,-2001.8,-3620.56,599.858,-161.867
100,250,-1671.4,-2924.26,740.895,-39.2747
105,250,-1345.86,-2254.06,872.507,73.5067
110,250,-1031.79,-1605.84,988.478,180.163
115,250,-737.28,-978.128,1084.31,282.407
120,250,-471.363,-372.922,1157.55,379.771
125,250,-242.05,203.361,1207.5,469.797
130,250,-53.5964,738.818,1234.05,548.503
135,250,95.9389,1215.35,1235.84,610.883
140,250,215.495,1609.21,1208.47,651.197
145,250,319.192,1893.75,1143.99,662.974
150,250,421.915,2044.74,1032.51,639.096
155,250,533.824,2047.2,866.259,572.642
160,250,656.458,1901.51,644.779,459.178
165,250,783.055,1626.39,379.277,300.406
170,250,903.615,1257.68,93.8384,107.851
175,250,1012.06,843.672,-177.809,-95.6923
180,250,1110.57,438.702,-399.38,-278.984
0,255,11411.6,-139.83,3295.64,139.451
5,255,11024.7,-2831.31,3320.27,-213.622
10,255,10120.4,-5449.92,3270.72,-525.974
15,255,8777.82,-7817.85,3143.7,-791.68
20,255,7123.45,-9786.43,2948.24,-1003.3
25,255,5311.83,-11253.9,2703.51,-1151.75
30,255,3500.79,-12176.2,2433.77,-1228.58
35,255,1827.45,-12568.1,2162.86,-1229.37
40,255,391.034,-12494.2,1910.21,-1156.27
45,255,-754.309,-12052,1689.3,-1018.69
50,255,-1596.93,-11350.9,1507.98,-831.786
55,255,-2158.14,-10493.7,1369.51,-613.648
60,255,-2479.83,-9563.61,1273.84,-382.212
65,255,-2612.43,-8619.5,1218.42,-152.821
70,255,-2605.76,-7697.31,1198.91,63.1692
75,255,-2503.14,-6814.91,1209.72,258.782
80,255,-2338.64,-5977.89,1244.5,431.069
85,255,-2136.74,-5184.45,1296.51,580.27
90,255,-1913.53,-4428.99,1358.8,708.735
95,255,-1678.89,-3704.44,1424.37,819.789
100,255,-1439.06,-3004.03,1486.3,916.722
105,255,-1199.18,-2322.61,1538.08,1002.03
110,255,-965.205,-1657.76,1574.21,1077
115,255,-744.867,-1010.69,1590.86,1141.58
120,255,-547.034,-386.675,1586.39,1194.5
125,255,-379.556,204.651,1561.04,1233.39
130,255,-246.059,749.243,1515.9,1254.8
135,255,-142.966,1228.76,1451.04,1254.13
140,255,-58.4366,1621.27,1363.77,1225.48
145,255,25.4762,1903.39,1248.08,1161.94
150,255,127.431,2054.2,1096.18,1056.58
155,255,259.975,2060.7,902.218,904.543
160,255,424.435,1923,667.058,706.041
165,255,610.47,1657.26,402.27,469.519
170,255,801.096,1295.1,131.108,213.595
175,255,980.682,879.871,-114.593,-33.7664
180,255,1141.15,461.348,-301.067,-239.687
0,260,11655.4,-127.144,2288.52,151.107
5,260,11292.9,-2673.02,2340.91,62.3035
10,260,10484.7,-5145.71,2389.82,13.4993
15,260,9294.76,-7383.87,2425.15,-5.64231
20,260,7826.86,-9251.65,2442.12,-3.02552
25,260,6209.44,-10654.8,2441.22,18.3424
30,260,4576.01,-11550.6,2426.04,60.3073
35,260,3045.26,-11950.5,2400.68,127.5
40,260,1705.89,-11912.1,2368.14,224.266
45,260,609.159,-11524.5,2330.14,351.837
50,260,-230.301,-10888.8,2287.96,506.783
55,260,-827.23,-10101,2243.36,681.249
60,260,-1215.32,-9239.71,2199.01,864.683
65,260,-1436.76,-8360.74,2158.11,1046.28
70,260,-1533.9,-7498.51,2123.69,1217.19
75,260,-1543.91,-6670.25,2097.75,1371.74
80,260,-1496.3,-5881.37,2080.76,1507.64
85,260,-1412.5,-5130.02,2071.41,1625.16
90,260,-1306.86,-4410.43,2066.73,1725.89
95,260,-1188.31,-3715.33,2062.35,1811.48
100,260,-1062.5,-3037.8,2053.07,1882.82
105,260,-933.794,-2372.9,2033.54,1939.69
110,260,-806.976,-1719.08,1999.12,1980.95
115,260,-688.123,-1079.14,1946.74,2005.03
120,260,-584.114,-460.463,1875.35,2010.26
125,260,-500.609,125.423,1785.82,1994.94
130,260,-438.865,663.684,1679.93,1956.68
135,260,-392.714,1136.94,1558.87,1891.57
140,260,-347.53,1525.97,1421.66,1793.66
145,260,-282.695,1810.82,1264.73,1655.51
150,260,-177.635,1973.25,1083.09,1470.2
155,260,-19.4665,2000.59,873.427,1234.7
160,260,191.127,1890.21,638.173,953.54
165,260,438.955,1652.77,388.803,641.443
170,260,699.328,1312.95,146.673,323.51
175,260,946.795,907.347,-59.6969,32.2093
180,260,1163.05,480.482,-200.464,-198.566
0,265,11810.5,-113.49,1263.97,161.614
5,265,11477.8,-2469.11,1338.87,307.908
10,265,10784.4,-4749.24,1466.2,493.525
15,265,9778.95,-6811.65,1631.43,694.772
20,265,8539.87,-8536.37,1819.87,890.878
25,265,7165.46,-9839.53,2017.9,1068.42
30,265,5759.68,-10682.5,2213.01,1223.26
35,265,4417.39,-11074.3,2393.42,1359.59
40,265,3212.3,-11065.4,2548.38,1486.56
45,265,2190.15,-10734.6,2669.25,1613.7
50,265,1368.03,-10172.6,2751.02,1746.98
55,265,739.125,-9466.3,2793.31,1886.96
60,265,280.312,-8687.34,2800.26,2029.5
65,265,-39.5949,-7887.75,2779.28,2168.11
70,265,-253.111,-7100.24,2739.16,2296.73
75,265,-389.619,-6341.83,2688.09,2411.58
80,265,-473.151,-5618.37,2632.21,2511.55
85,265,-521.845,-4928.48,2574.88,2597.36
90,265,-548.456,-4266.61,2516.63,2670.14
95,265,-561.434,-3625.37,2455.59,2730.08
100,265,-566.261,-2997.54,2388.33,2775.83
105,265,-566.834,-2377.95,2310.86,2804.61
110,265,-566.661,-1765.1,2219.62,2813.03
115,265,-569.476,-1162.14,2112.39,2798.13
120,265,-578.851,-576.871,1988.74,2758.02
125,265,-596.507,-20.7515,1849.94,2691.69
130,265,-619.648,492.489,1698.27,2597.86
135,265,-638.467,947.938,1535.82,2473.41
140,265,-635.58,1329.84,1363.39,2312.43
145,265,-588.846,1621.62,1180.06,2107.05
150,265,-477.654,1806.65,984,1850.33
155,265,-290.783,1870.67,774.704,1540.72
160,265,-32.5047,1805.72,556.019,1186.31
165,265,276.246,1614.23,338.703,806.992
170,265,602.827,1311.51,141.13,433.132
175,265,912.155,925.802,-12.7906,100.7
180,265,1176.1,495.96,-98.3342,-155.933
0,270,11875.7,-98.9728,229.809,170.89
5,270,11576.1,-2225.56,320.949,515.655
10,270,11009.5,-4272.36,503.014,898.309
15,270,10209.2,-6118,759.39,1284.95
20,270,9227.44,-7660.64,1069.48,1644.86
25,270,8129.93,-8829.38,1410.75,1956.5
30,270,6987.6,-9591.97,1760.01,2210.93
35,270,5867.65,-9956.65,2094.55,2411.66
40,270,4825.37,-9967.05,2393.67,2570.93
45,270,3898.77,-9691.21,2640.79,2703.96
50,270,3106.79,-9207.46,2825.53,2823.35
55,270,2451.17,-8591.24,2945,2935.96
60,270,1920.9,-7905.8,3003.44,3042.82
65,270,1497.57,-7197.97,3010.49,3141.5
70,270,1160.1,-6498.32,2978.46,3229.04
75,270,888.132,-5823.77,2919.58,3304.01
80,270,663.976,-5181.05,2843.9,3366.97
85,270,473.328,-4569.77,2758.15,3419.48
90,270,305.289,-3985.09,2665.58,3462.62
95,270,151.946,-3419.85,2566.48,3495.64
100,270,7.78633,-2866.7,2459.18,3515.55
105,270,-130.936,-2320.06,2341.17,3517.61
110,270,-266.705,-1777.75,2210.18,3496.67
115,270,-400.893,-1241.91,2065,3448.55
120,270,-533.261,-718.777,1905.95,3370.97
125,270,-660.65,-217.504,1734.85,3263.2
130,270,-775.13,251.405,1554.56,3124.59
135,270,-862.539,676.998,1368.2,2952.55
140,270,-902.795,1047.56,1178.42,2741.26
145,270,-873.163,1349.43,986.988,2482.63
150,270,-754.492,1566.27,795.183,2169.78
155,270,-538.743,1680.3,605.092,1802.19
160,270,-234.83,1675.99,421.514,1390.39
165,270,130.196,1545.22,253.719,957.783
170,270,515.978,1292.06,116.085,538.301
175,270,878.395,935.242,26.8167,170.198
180,270,1180.19,507.663,4.54369,-112.114
0,275,11850.6,-83.7022,-806.103,178.866
5,275,11585,-1949.59,-705.425,679.186
10,275,11149.6,-3729.74,-493.964,1214.47
15,275,10562.7,-5324.4,-188.377,1743.78
20,275,9850.91,-6651.3,188.816,2229.62
25,275,9046.68,-7654.47,611.496,2645.05
30,275,8186.57,-8310.06,1051.7,2978.06
35,275,7308.16,-8627.34,1481.32,3231.68
40,275,6446.42,-8644.13,1874.22,3419.86
45,275,5630.1,-8417.51,2208.97,3560.95
50,275,4879.14,-8012.53,2471.31,3671.37
55,275,4203.77,-7491.87,2655.8,3761.91
60,275,3605.49,-6908.67,2765.52,3837.43
65,275,3079.3,-6303.31,2810.18,3899.06
70,275,2616.28,-5703.39,2803.04,3946.96
75,275,2205.85,-5125.41,2757.82,3982.31
80,275,1837.41,-4577.04,2686.24,4007.53
85,275,1501.24,-4059.29,2596.69,4025.32
90,275,1188.93,-3568.55,2494.03,4037.1
95,275,893.562,-3098.42,2380.09,4041.89
100,275,609.744,-2641.78,2254.7,4035.98
105,275,333.737,-2192.54,2116.8,4013.67
110,275,63.6954,-1747.21,1965.47,3968.81
115,275,-199.832,-1305.57,1800.72,3896.33
120,275,-453.118,-870.408,1623.94,3793.26
125,275,-688.223,-446.395,1437.94,3658.53
130,275,-892.031,-38.9336,1246.67,3491.36
135,275,-1046.02,346.137,1054.7,3289.13
140,275,-1127.69,701.332,866.69,3046.04
145,275,-1114.33,1015.18,686.984,2753.97
150,275,-989.082,1270.31,519.572,2406.11
155,275,-747.806,1443.77,368.535,2002.39
160,275,-404.373,1510.8,238.894,1554.33
165,275,8.28505,1451.27,137.603,1086.85
170,275,442.795,1256.82,74.149,635.436
175,275,846.942,935.955,60.146,239.283
180,275,1175.31,515.503,107.387,-67.4419
0,280,11735.2,-67.7945,-1835.88,185.48
5,280,11502.5,-1649.48,-1732.18,793.531
10,280,11194.6,-3138.33,-1516.3,1431.56
15,280,10816.8,-4456.3,-1203.18,2054.63
20,280,10370.9,-5541.24,-813.579,2621.66
25,280,9857.68,-6353.27,-372.051,3103.29
30,280,9280.1,-6878.46,94.4365,3486.54
35,280,8646.37,-7128.77,557.969,3774.62
40,280,7970.81,-7137.43,991.731,3982.32
45,280,7272.24,-6951.29,1372.76,4128.98
50,280,6570.74,-6622.08,1684.78,4232.25
55,280,5884.14,-6199.04,1920.07,4304.59
60,280,5225.73,-5724.16,2079.54,4353.15
65,280,4603.43,-5230.21,2171.02,4381.79
70,280,4020.31,-4740.72,2206.23,4393.52
75,280,3475.77,-4270.99,2197.77,4391.91
80,280,2966.76,-3829.3,2156.64,4381.18
85,280,2488.85,-3418.09,2090.97,4365.19
90,280,2036.91,-3035.31,2005.79,4346.02
95,280,1605.68,-2675.81,1903.51,4323.1
100,280,1190.36,-2332.97,1784.88,4292.99
105,280,787.333,-2000.22,1649.96,4250.15
110,280,395.117,-1672.22,1499.12,4188.29
115,280,15.5279,-1345.3,1333.78,4101.96
120,280,-345.181,-1017.31,1156.84,3987.46
125,280,-675.403,-686.947,972.775,3842.78
130,280,-957.913,-353.299,787.397,3666.31
135,280,-1170.71,-16.5395,607.353,3454.91
140,280,-1289.47,319.875,439.585,3202.57
145,280,-1291.85,645.883,290.835,2901.14
150,280,-1163.35,941.994,167.237,2543.68
155,280,-903.533,1179.1,74.0721,2129.71
160,280,-530.726,1322.44,15.7344,1670.12
165,280,-82.8977,1339.36,-3.9562,1189.14
170,280,386.686,1208.7,18.85,721.733
175,280,818.953,928.471,88.5029,306.689
180,280,1161.47,519.419,209.413,-22.2562
0,285,11530.6,-51.3708,-2851.69,190.683
5,285,11327.4,-1334.23,-2750.69,855.277
10,285,11136.1,-2516.85,-2552.97,1542.48
15,285,10950.5,-3542.21,-2270.34,2206.15
20,285,10750.4,-4368.12,-1918.52,2804.7
25,285,10507.7,-4971.08,-1515.96,3309.33
30,285,10194.7,-5347.98,-1083.41,3708.37
35,285,9792.66,-5514.57,-643.496,4006.3
40,285,9296.53,-5500.84,-219.382,4218.34
45,285,8715.41,-5344.53,167.68,4363.34
50,285,8068.7,-5084.9,501.236,4458.12
55,285,7380.41,-4758.06,771.845,4514.81
60,285,6673.94,-4394.57,977.621,4541.28
65,285,5968.7,-4018.76,1122.95,4543.06
70,285,5278.75,-3649,1215.98,4525.19
75,285,4612.97,-3298.29,1265.9,4493.14
80,285,3975.9,-2974.57,1280.81,4452.5
85,285,3368.8,-2681.25,1266.68,4408.04
90,285,2790.43,-2417.68,1227.13,4362.59
95,285,2237.9,-2180.04,1163.97,4316.4
100,285,1707.63,-1962.38,1077.93,4266.99
105,285,1196.47,-1757.59,969.664,4209.83
110,285,703.256,-1558.2,840.566,4139.39
115,285,230.355,-1356.64,693.558,4050.39
120,285,-214.802,-1145.27,533.493,3938.64
125,285,-618.789,-916.324,367.202,3801.15
130,285,-962.23,-662.382,203.121,3635.2
135,285,-1221.27,-378.102,50.6303,3436.8
140,285,-1370.67,-63.3731,-80.7006,3199.5
145,285,-1388.57,272.561,-181.84,2914.86
150,285,-1262.26,607.652,-245.019,2575.27
155,285,-994.037,906.522,-264.513,2178.74
160,285,-605.459,1124.66,-237.354,1733.79
165,285,-138.146,1217.35,-163.56,1261.85
170,285,350.236,1151.05,-45.5026,795.323
175,285,795.251,913.507,113.416,371.339
180,285,1138.8,519.383,309.845,23.0989
0,290,11238.1,-34.5562,-3845.79,194.435
5,290,11059.3,-1013.32,-3751.91,862.68
10,290,10967.3,-1885.06,-3590.71,1543.79
15,290,10946.3,-2612.59,-3369.76,2192.9
20,290,10957.6,-3172.8,-3097.15,2770.77
25,290,10948.8,-3558.12,-2781.49,3251.93
30,290,10866.2,-3776.23,-2433.1,3628.31
35,290,10668,-3847.27,-2065.23,3906.89
40,290,10332.9,-3798.97,-1693.86,4103.42
45,290,9861.2,-3661.39,-1335.88,4235.39
50,290,9271.03,-3462.75,-1006.28,4317.37
55,290,8590.81,-3227.25,-715.591,4359.65
60,290,7851.87,-2974.6,-468.791,4369.38
65,290,7082.93,-2720.53,-265.907,4352.48
70,290,6307.29,-2477.45,-103.843,4315
75,290,5542.17,-2254.7,21.5272,4263.39
80,290,4799.11,-2058.61,113.757,4203.92
85,290,4084.91,-1892.33,175.05,4141.81
90,290,3402.46,-1755.8,206.236,4080.39
95,290,2751.77,-1646.07,207.254,4020.7
100,290,2131.05,-1557.62,177.899,3961.48
105,290,1538.13,-1482.84,118.674,3899.6
110,290,972.151,-1412.33,31.639,3830.82
115,290,435.42,-1335.04,-78.8811,3750.64
120,290,-64.9183,-1238.45,-205.899,3654.99
125,290,-515.732,-1109.14,-339.837,3540.38
130,290,-897.841,-934.043,-469.11,3403.26
135,290,-1187.49,-703.051,-581.102,3238.87
140,290,-1359.66,-413.007,-663.277,3040.14
145,290,-1392.96,-72.4637,-704.259,2797.87
150,290,-1275.63,294.338,-694.921,2502.99
155,290,-1011.26,646.626,-629.601,2150.79
160,290,-622.906,931.414,-507.331,1745.75
165,290,-154.057,1093.28,-332.473,1304.57
170,290,335.027,1087.41,-114.018,855.328
175,290,776.284,891.913,136.564,432.376
180,290,1107.46,515.393,407.919,68.2782
0,295,10860.2,-17.4786,-4810.62,196.707
5,295,10699.1,-696.388,-4726.5,815.717
10,295,10684,-1263.04,-4614.45,1435.81
15,295,10791.6,-1698.54,-4477.01,2015.65
20,295,10968.9,-1997.44,-4312.75,2520.8
25,295,11144.5,-2166.89,-4117.8,2931.67
30,295,11244.9,-2224.58,-3889.19,3245.72
35,295,11211,-2194.82,-3628,3473.68
40,295,11008.7,-2103.69,-3340.65,3632.17
45,295,10631.4,-1974.83,-3037.9,3736.99
50,295,10095.8,-1827.24,-2732.1,3799.72
55,295,9432.94,-1675.04,-2434.31,3827.74
60,295,8679.56,-1528.45,-2152.66,3826.33
65,295,7871.14,-1395.18,-1892.07,3800.59
70,295,7038,-1281.24,-1655.3,3756.37
75,295,6203.91,-1191.32,-1444.22,3700
80,295,5386.13,-1128.53,-1260.83,3637.57
85,295,4596.21,-1094.18,-1107.67,3574.01
90,295,3840.92,-1087.42,-987.638,3512.63
95,295,3123.2,-1105.12,-903.506,3454.81
100,295,2443.43,-1141.74,-857.171,3400.18
105,295,1800.73,-1189.23,-848.869,3346.89
110,295,1194.64,-1236.99,-876.362,3292.17
115,295,626.854,-1271.79,-934.266,3232.8
120,295,103.032,-1277.98,-1013.69,3165.61
125,295,-365.836,-1238.35,-1102.42,3087.49
130,295,-762.89,-1135.86,-1185.68,2994.82
135,295,-1066.37,-956.797,-1247.41,2882.46
140,295,-1252.6,-695.356,-1271.87,2742.69
145,295,-1300.86,-358.978,-1245.14,2565.09
150,295,-1199.5,27.0718,-1156.7,2338.31
155,295,-951.885,418.39,-1001.09,2053.81
160,295,-580.733,755.611,-779.582,1710.63
165,295,-129.338,974.687,-501.117,1319.2
170,295,341.514,1021.22,-181.47,901.849
175,295,762.091,864.608,159.686,489.172
180,295,1067.7,507.481,502.889,112.938
0,300,10399.6,-0.267968,-5738.84,197.482
5,300,10249,-392.886,-5665.09,716.078
10,300,10285,-670.432,-5608.02,1222.66
15,300,10479.7,-830.528,-5564.72,1681.38
20,300,10770.2,-883.474,-5523.2,2064.82
25,300,11072.6,-849.38,-5465.77,2361.27
30,300,11300.3,-754.451,-5374.75,2575.38
35,300,11383,-626.294,-5237.79,2722.54
40,300,11278.5,-489.329,-5050.78,2820.65
45,300,10975.5,-361.822,-4817.5,2883.8
50,300,10489.2,-255.285,-4547.09,2920.22
55,300,9851.93,-175.758,-4250.9,2933.87
60,300,9103.31,-125.797,-3940.06,2927.32
65,300,8282.97,-106.158,-3624.55,2903.79
70,300,7425.71,-116.758,-3313.18,2867.75
75,300,6559.59,-156.97,-3014.09,2824.31
80,300,5705.79,-225.56,-2735.1,2778.33
85,300,4879.24,-320.473,-2483.72,2733.6
90,300,4089.59,-438.584,-2266.81,2692.56
95,300,3342.28,-575.416,-2090.06,2656.22
100,300,2639.66,-724.801,-1957.28,2624.41
105,300,1982.22,-878.465,-1869.76,2596.11
110,300,1369.89,-1025.61,-1825.51,2569.82
115,300,803.536,-1152.6,-1818.63,2543.95
120,300,286.644,-1243,-1838.99,2516.88
125,300,-173.058,-1278.21,-1872.34,2486.8
130,300,-562.471,-1239.3,-1901.21,2450.92
135,300,-863.318,-1110.24,-1906.39,2404.3
140,300,-1054.4,-882.801,-1868.85,2338.73
145,300,-1116.13,-562.503,-1771.93,2242.36
150,300,-1036.58,-173.917,-1603.46,2101.02
155,300,-817.76,237.265,-1358,1901.58
160,300,-480.222,607.942,-1038.94,1636.77
165,300,-64.9587,868.009,-659.642,1309.68
170,300,368.956,955.561,-242.567,935.871
175,300,752.299,832.519,184.498,541.323
180,300,1019.81,495.707,594.031,156.738
0,305,9859.84,16.9447,-6623.39,196.753
5,305,9712.12,-111.794,-6558.43,567.107
10,305,9772.62,-125.736,-6554.87,912.045
15,305,10010.7,-37.0395,-6604.28,1202.99
20,305,10358.8,130.424,-6684,1421.45
25,305,10727.1,345.846,-6762.54,1565.17
30,305,11023.1,576.507,-6807.69,1647.06
35,305,11171.7,792.888,-6794.05,1687.77
40,305,11127,972.683,-6707.22,1706.67
45,305,10875.6,1102.46,-6544.27,1716.16
50,305,10431.3,1176.79,-6311.22,1721.06
55,305,9826.52,1195.88,-6019.61,1721.6
60,305,9101.73,1163.09,-5683.57,1717.08
65,305,8298.12,1083.25,-5317.92,1708
70,305,7452.42,961.803,-4937.3,1696.42
75,305,6594.63,804.505,-4555.78,1685.16
80,305,5747.64,617.353,-4186.6,1676.76
85,305,4927.92,406.494,-3841.74,1672.92
90,305,4146.5,178.22,-3531.5,1674.3
95,305,3410.23,-60.8953,-3263.96,1680.72
100,305,2722.78,-303.669,-3044.52,1691.49
105,305,2085.66,-541.794,-2875.38,1705.83
110,305,1499.17,-765.216,-2754.95,1723.29
115,305,963.461,-961.531,-2677.38,1743.85
120,305,479.913,-1115.61,-2632.1,1767.87
125,305,52.8101,-1209.81,-2603.87,1795.39
130,305,-309.093,-1225.26,-2573.47,1825.06
135,305,-591.96,-1144.81,-2519.2,1852.69
140,305,-778.194,-958.023,-2419.18,1869.96
145,305,-850.2,-667.598,-2254.02,1863.74
150,305,-796.059,-295.567,-2009.64,1817.12
155,305,-615.739,113.601,-1680.21,1712.27
160,305,-326.221,495.92,-1270.73,1535.32
165,305,35.8473,778.049,-798.532,1281.57
170,305,415.428,892.944,-292.244,959.095
175,305,746.128,796.534,212.591,588.626
180,305,964.151,480.16,680.653,199.345
0,310,9245.06,34.0284,-7457.53,194.528
5,310,9093.17,138.678,-7397.65,373.67
10,310,9152.14,354.39,-7438.86,514.923
15,310,9391.32,656.585,-7567.58,598.684
20,310,9743.37,1010.25,-7751.36,616.953
25,310,10118.8,1376.41,-7946.35,578.088
30,310,10426.5,1718.11,-8107.59,503.787
35,310,10592.1,2005.61,-8198.4,420.042
40,310,10570.5,2219.48,-8195.72,347.629
45,310,10348.2,2350.96,-8090.96,297.14
50,310,9938.19,2399.76,-7887.67,269.846
55,310,9371.74,2371.02,-7597.84,262.004
60,310,8688.44,2272.59,-7238.41,269.154
65,310,7928.83,2113.58,-6828.64,288.372
70,310,7129.22,1903.71,-6388.39,318.402
75,310,6319.28,1653.03,-5936.85,358.731
80,310,5521.47,1371.69,-5491.71,408.66
85,310,4751.75,1069.52,-5068.37,466.865
90,310,4020.82,755.794,-4679.49,531.472
95,310,3335.4,439.127,-4334.51,600.449
100,310,2699.39,127.66,-4039.52,672.108
105,310,2114.76,-170.471,-3796.99,745.583
110,310,1582.1,-446.478,-3605.56,821.151
115,310,1101.28,-690.131,-3459.59,900.24
120,310,672.286,-888.972,-3348.79,984.983
125,310,296.598,-1027.87,-3257.9,1077.26
130,310,-21.1886,-1089.52,-3167.2,1177.27
135,310,-272.15,-1056.76,-3053.73,1281.93
140,310,-443.36,-917.219,-2893.68,1383.28
145,310,-520.462,-670.159,-2665.43,1467.63
150,310,-492.363,-333.551,-2353.04,1515.99
155,310,-357.008,51.6287,-1949.87,1506.5
160,310,-126.797,423.262,-1461.79,1419.09
165,310,167.756,707.648,-909.175,1241.38
170,310,477.894,835.151,-325.939,973.721
175,310,742.426,757.452,245.353,631.044
180,310,901.159,460.958,762.094,240.435
0,315,8559.91,50.8531,-8234.91,190.822
5,315,8397.86,351.35,-8174.49,141.986
10,315,8432.24,755.714,-8245.08,45.0739
15,315,8634.88,1229.19,-8428.81,-108.915
20,315,8943.2,1728.25,-8685.36,-316.186
25,315,9274.29,2208.38,-8961.27,-557.09
30,315,9544,2630.75,-9202.12,-801.112
35,315,9684.4,2967.08,-9363.07,-1017.29
40,315,9654.48,3201.71,-9414.99,-1183.95
45,315,9442.24,3330.56,-9345.48,-1292.69
50,315,9060.21,3357.95,-9156.6,-1346.14
55,315,8537.44,3293.03,-8861.05,-1352.45
60,315,7911.04,3147.19,-8478.3,-1320.41
65,315,7219.02,2932.74,-8031.36,-1257.17
70,315,6495.38,2662.49,-7544.27,-1168.13
75,315,5767.57,2349.5,-7040.19,-1058.01
80,315,5055.81,2006.65,-6539.96,-931.52
85,315,4373.87,1646.12,-6061.12,-793.636
90,315,3730.4,1278.96,-5617.32,-649.175
95,315,3130.53,914.929,-5218.11,-502.21
100,315,2577.19,562.598,-4869.04,-355.482
105,315,2072.04,229.684,-4571.88,-209.987
110,315,1615.89,-76.3923,-4324.69,-64.8602
115,315,1208.85,-347.728,-4121.72,82.3501
120,315,850.519,-574.923,-3953.06,234.972
125,315,540.631,-746.048,-3804.24,396.068
130,315,280.323,-846.283,-3656.24,566.978
135,315,73.5114,-859.291,-3486.47,745.682
140,315,-72.4502,-771.337,-3270.76,925.183
145,315,-147.814,-578.137,-2986.47,1092.24
150,315,-143.535,-292.714,-2616.33,1227.08
155,315,-56.0289,49.173,-2152.64,1305.13
160,315,107.37,389.687,-1601.28,1301.24
165,315,323.658,657.542,-984.383,1196
170,315,552.349,783.164,-339.846,982.201
175,315,739.719,715.963,283.877,668.664
180,315,831.309,438.249,837.735,279.696
0,320,7809.62,67.2909,-8949.62,185.664
5,320,7633,520.294,-8881.5,-120.595
10,320,7624.39,1066.9,-8960.58,-481.487
15,320,7760.36,1664.6,-9166.03,-893.859
20,320,7987.16,2264.05,-9452.59,-1341.1
25,320,8233.43,2817.85,-9761.25,-1792.02
30,320,8427.07,3287.51,-10032.6,-2207.78
35,320,8510.43,3647.7,-10217.8,-2553.3
40,320,8449.21,3887.17,-10285.2,-2806.88
45,320,8234.04,4006.52,-10220.7,-2963.1
50,320,7876.61,4014.28,-10026.1,-3029.17
55,320,7402.92,3923,-9714.76,-3018.37
60,320,6846.09,3746.84,-9308.16,-2944.7
65,320,6240.02,3500.43,-8831.89,-2820.38
70,320,5614.95,3198.57,-8312.84,-2655.84
75,320,4994.78,2855.89,-7776.72,-2460.61
80,320,4396.38,2486.37,-7246.16,-2243.87
85,320,3830.18,2102.79,-6739.54,-2014.34
90,320,3301.73,1716.38,-6270.3,-1779.64
95,320,2813.47,1336.75,-5846.89,-1545.54
100,320,2366.36,972.044,-5473.09,-1315.44
105,320,1961.06,629.222,-5148.64,-1090.22
110,320,1598.36,314.428,-4869.78,-868.499
115,320,1278.93,33.5444,-4629.62,-647.348
120,320,1002.83,-206.804,-4418.11,-423.166
125,320,769.13,-397.872,-4221.74,-192.775
130,320,576.35,-527.679,-4023.36,45.4332
135,320,423.627,-581.416,-3802.48,290.22
140,320,312.166,-544.751,-3536.71,535.981
145,320,245.941,-410.382,-3204.29,771.072
150,320,230.696,-186.246,-2787.73,976.622
155,320,270.731,98.1401,-2278.39,1127.12
160,320,363.752,391.143,-1681.27,1193.96
165,320,495.079,626.435,-1018.79,1151.96
170,320,634.017,737.16,-331.129,986.981
175,320,736.279,672.625,328.9,701.654
180,320,755.133,412.204,907.001,316.827
0,325,6999.89,83.2164,-9596.22,179.092
5,325,6806.3,641.003,-9512.2,-405.844
10,325,6742.38,1279.85,-9574.92,-1047.15
15,325,6791.31,1952.08,-9762.5,-1728.08
20,325,6911.35,2605.32,-10028.4,-2418.5
25,325,7046.45,3191.81,-10313.2,-3075.9
30,325,7140.07,3675.26,-10557.9,-3654.04
35,325,7147.45,4034.34,-10714.9,-4115.07
40,325,7042.47,4262.51,-10753.6,-4438.56
45,325,6818.79,4364.8,-10660.8,-4623.22
50,325,6486.76,4353.35,-10438.8,-4681.91
55,325,6068.21,4243.49,-10101.7,-4634.14
60,325,5590.9,4051.44,-9671.61,-4500.14
65,325,5083.4,3793.3,-9175.08,-4298.19
70,325,4571.09,3484.81,-8640.21,-4044.42
75,325,4073.66,3140.93,-8093.69,-3753.53
80,325,3604.18,2775.36,-7558.7,-3439.03
85,325,3169.52,2400.07,-7053.42,-3112.93
90,325,2771.8,2025.11,-6590.24,-2784.87
95,325,2410.39,1658.8,-6175.58,-2461.48
100,325,2083.79,1308.09,-5810.42,-2146.09
105,325,1791.13,978.773,-5491.09,-1839.05
110,325,1532.74,675.736,-5210.49,-1538.61
115,325,1309.85,403.187,-4959.04,-1241.94
120,325,1123.3,165.457,-4725.45,-946.237
125,325,972.202,-31.5413,-4496.8,-649.45
130,325,853.204,-178.707,-4258.46,-350.787
135,325,761.136,-263.323,-3993.83,-51.2691
140,325,690.987,-271.438,-3684.66,245.096
145,325,640.328,-193.759,-3312.4,529.266
150,325,610.647,-33.7181,-2861.03,784.909
155,325,606.058,185.709,-2321.44,987.607
160,325,628.806,420.433,-1697.08,1107.35
165,325,672.666,611.261,-1009.11,1114.89
170,325,717.591,696.583,-298.081,990.268
175,325,730.207,627.871,380.75,730.213
180,325,673.209,383.022,969.363,351.547
0,330,6136.89,98.5087,-10169.8,171.158
5,330,5926.21,710.521,-10061.3,-704.936
10,330,5801.65,1389.9,-10080.7,-1633.41
15,330,5754.33,2086.57,-10207.5,-2582.66
20,330,5756.61,2747.91,-10398.5,-3508.73
25,330,5769.9,3328.09,-10599.2,-4358.43
30,330,5755.06,3794.43,-10757.4,-5079.57
35,330,5681.35,4130.11,-10831.8,-5633.21
40,330,5531.28,4333.03,-10797.1,-6001.93
45,330,5301.32,4411.95,-10643.6,-6190.1
50,330,4999.73,4381.8,-10374.7,-6217.63
55,330,4643.2,4259.83,-10004.1,-6111.51
60,330,4252.99,4063.44,-9553.1,-5899.35
65,330,3851.32,3809.34,-9047.21,-5606.3
70,330,3458.08,3513.22,-8513.6,-5254.58
75,330,3088.52,3189.41,-7978.32,-4863.85
80,330,2752.08,2850.42,-7463.92,-4451.28
85,330,2452.51,2506.61,-6987.72,-4031.09
90,330,2189.06,2166.2,-6560.56,-3613.72
95,330,1958.37,1835.71,-6186.39,-3205.5
100,330,1756.56,1520.41,-5862.64,-2808.83
105,330,1581.01,1224.7,-5581.21,-2423.14
110,330,1431.2,952.115,-5330.19,-2046.38
115,330,1308.44,705.387,-5095.73,-1676.47
120,330,1214.13,486.924,-4863.8,-1312.41
125,330,1147.57,300.163,-4621.31,-954.484
130,330,1104.02,151.376,-4356.36,-603.853
135,330,1074.65,50.6806,-4057.54,-262.095
140,330,1048.74,10.5587,-3712.95,68.211
145,330,1017.58,40.9106,-3309.7,381.219
150,330,977.981,141.667,-2835.11,664.491
155,330,933.092,296.027,-2280.49,896.656
160,330,888.789,468.139,-1647.39,1048.55
165,330,846.704,607.607,-954.316,1089.01
170,330,797.498,660.281,-240.22,993.821
175,330,719.524,582.016,439.308,754.53
180,330,586.161,350.926,1024.35,383.592
0,335,5227.18,113.051,-10665.9,161.921
5,335,5001.68,727.502,-10524.6,-1008.74
10,335,4818.52,1395.87,-10473.8,-2221.52
15,335,4677.47,2068.58,-10497.1,-3429.06
20,335,4565.67,2695.51,-10559.2,-4573.63
25,335,4462.47,3234.66,-10617,-5592.55
30,335,4346.13,3657.86,-10630.7,-6429.44
35,335,4199.58,3952.66,-10571.2,-7046.41
40,335,4013.4,4120.54,-10422.2,-7431.06
45,335,3786.24,4172.84,-10179.6,-7595.22
50,335,3523.64,4126.13,-9848.24,-7567.42
55,335,3236.4,3998.48,-9440.72,-7383.42
60,335,2938.61,3807.5,-8975.06,-7079.15
65,335,2645.53,3569.52,-8473.28,-6687.05
70,335,2371.22,3299.28,-7959.32,-6235.24
75,335,2126.56,3009.74,-7456.73,-5747.62
80,335,1917.85,2711.69,-6986.3,-5243.84
85,335,1746.59,2413.65,-6563.83,-4738.84
90,335,1610.18,2121.98,-6198.4,-4242.47
95,335,1503.52,1841.48,-5891.44,-3759.52
100,335,1421.01,1575.89,-5636.68,-3290.63
105,335,1358.46,1328.22,-5421.14,-2833.92
110,335,1314.26,1100.77,-5227.28,-2387.12
115,335,1289.15,894.92,-5035.79,-1949.37
120,335,1284.48,711.425,-4828.66,-1522.27
125,335,1299.29,551.517,-4591.63,-1109.48
130,335,1327.66,418.661,-4315.24,-715.189
135,335,1357.79,319.888,-3993.96,-342.528
140,335,1374.3,265.094,-3623.75,6.74525
145,335,1363.04,263.241,-3199.37,329.992
150,335,1316.46,316.111,-2713.28,619.497
155,335,1236.17,412.144,-2158.31,858.601
160,335,1130.48,523.727,-1534.12,1021.27
165,335,1007.62,610.241,-855.609,1076.81
170,335,868.175,626.691,-158.319,998.811
175,335,702.267,535.286,503.999,774.754
180,335,494.653,316.158,1071.54,412.718
0,340,4277.69,126.733,-11080.9,151.452
5,340,4041.92,692.226,-10899.2,-1308.11
10,340,3809.42,1299.94,-10753.3,-2793.22
15,340,3588.5,1903.86,-10633.7,-4240.22
20,340,3380.35,2458.83,-10517.8,-5578.22
25,340,3180.88,2928.24,-10379.6,-6736.59
30,340,2984,3288.72,-10197.5,-7656.94
35,340,2784.53,3531.39,-9959.37,-8304.75
40,340,2579.71,3659.96,-9661.79,-8674.78
45,340,2369.45,3686.76,-9307.79,-8788.26
50,340,2156.19,3628.53,-8904.32,-8683.8
55,340,1944.74,3502.98,-8461.22,-8407.03
60,340,1742,3326.86,-7991.24,-8002.65
65,340,1556.2,3115.16,-7510.14,-7510.27
70,340,1395.61,2880.89,-7036.02,-6963.17
75,340,1266.91,2634.95,-6587.86,-6388.24
80,340,1173.86,2386.09,-6183.14,-5806.08
85,340,1116.56,2140.97,-5835.33,-5230.91
90,340,1091.76,1904.42,-5551.55,-4670.6
95,340,1093.84,1680.01,-5330.92,-4127.39
100,340,1116.58,1470.48,-5163.92,-3599.44
105,340,1154.89,1277.98,-5033.15,-3083.17
110,340,1206.07,1103.96,-4915.62,-2575.95
115,340,1269.79,948.848,-4786.37,-2078.33
120,340,1346.47,812.093,-4622.81,-1594.94
125,340,1434.23,693.013,-4408.75,-1133.55
130,340,1525.76,592.318,-4136.52,-702.416
135,340,1607.06,513.538,-3806.28,-307.366
140,340,1659.43,462.973,-3422.34,49.5644
145,340,1664.84,447.144,-2988.13,368.311
150,340,1612.22,468.013,-2502.61,646.072
155,340,1501.39,517.882,-1961.2,872.116
160,340,1341.81,576.672,-1362.17,1025.63
165,340,1146.47,613.689,-716.324,1078.94
170,340,924.344,594.049,-54.3747,1005.74
175,340,676.59,487.847,573.801,790.965
180,340,399.38,278.984,1110.57,438.702
0,345,3295.64,139.451,-11411.6,139.83
5,345,3056.19,606.559,-11183.6,-1594.18
10,345,2790.14,1107.47,-10921.7,-3331.31
15,345,2513.35,1602.78,-10626.1,-4991.54
20,345,2238.89,2054.54,-10291.5,-6491.95
25,345,1976.18,2432.55,-9913.83,-7755.89
30,345,1731.35,2717.96,-9494.83,-8725.33
35,345,1508.07,2904.18,-9043.12,-9371.44
40,345,1308.04,2995.25,-8571.04,-9698.3
45,345,1131.44,3002.61,-8090.57,-9738.15
50,345,977.592,2941.54,-7610.78,-9540.91
55,345,845.964,2828.08,-7137.89,-9162.62
60,345,737.074,2677.13,-6677.35,-8656.7
65,345,652.853,2501.51,-6236.07,-8069.24
70,345,596.224,2311.73,-5823.64,-7437.44
75,345,570.056,2116.13,-5451.91,-6789.71
80,345,575.964,1921.11,-5133.13,-6146.12
85,345,613.404,1731.49,-4877.19,-5518.81
90,345,679.422,1550.94,-4688.78,-4912.67
95,345,769.145,1382.38,-4565.01,-4326.65
100,345,876.892,1228.31,-4494.11,-3755.88
105,345,997.564,1090.82,-4455.6,-3194.64
110,345,1127.73,971.262,-4422.46,-2639.59
115,345,1265.75,869.786,-4365.13,-2092.4
120,345,1410.33,785.179,-4256.89,-1560.73
125,345,1557.87,715.329,-4079.32,-1056.78
130,345,1699.42,658.432,-3825.77,-593.734
135,345,1819.4,614.346,-3501.06,-181.433
140,345,1897.36,585.083,-3117.12,176.318
145,345,1913.22,573.489,-2685.91,480.807
150,345,1853.73,580.109,-2213.42,733.702
155,345,1716.99,599.423,-1698.58,930.871
160,345,1512.31,617.496,-1139.08,1058.47
165,345,1255.31,612.795,-541.722,1094.26
170,345,961.261,560.615,68.4824,1014.42
175,345,640.858,439.842,647.273,803.171
180,345,301.067,239.687,1141.15,461.348
0,350,2288.52,151.107,-11655.4,127.144
5,350,2053.57,473.853,-11377.3,-1858.62
10,350,1775.09,826.659,-10984.1,-3820.15
15,350,1474.64,1179.66,-10488.3,-5661.62
20,350,1173.69,1503.99,-9905.81,-7289.62
25,350,890.612,1776.33,-9258.15,-8623.69
30,350,639.045,1981.6,-8573.85,-9608.56
35,350,427.363,2113.75,-7885.18,-10223.3
40,350,258.965,2175.02,-7222.2,-10483
45,350,133.159,2173.86,-6607.06,-10432.1
50,350,46.5369,2122.28,-6051.27,-10132.4
55,350,-5.40753,2033.33,-5556.95,-9650.38
60,350,-26.8046,1919.04,-5120.85,-9047.46
65,350,-20.4809,1789.33,-4738.94,-8375.07
70,350,12.2396,1651.73,-4409.74,-7672.98
75,350,71.0731,1511.65,-4135.38,-6969.68
80,350,155.933,1372.98,-3920.49,-6283.42
85,350,266.065,1238.79,-3769.72,-5623.34
90,350,399.482,1111.87,-3684.54,-4990.72
95,350,552.89,995.003,-3660.32,-4380.78
100,350,722.135,891.12,-3684.26,-3785.28
105,350,902.972,802.991,-3734.85,-3195.9
110,350,1091.75,732.718,-3783.36,-2607.98
115,350,1285.45,681.064,-3797.84,-2023.66
120,350,1480.63,646.983,-3748.96,-1453.07
125,350,1671.31,627.698,-3616.49,-912.797
130,350,1846.74,619.475,-3393.98,-421.506
135,350,1990.35,618.797,-3089.34,5.68108
140,350,2081.5,623.246,-2720.23,361.478
145,350,2099.95,631.291,-2305.86,646.887
150,350,2031.75,640.735,-1858.88,867.078
155,350,1873.58,646.425,-1382.41,1024.62
160,350,1633.48,638.594,-874.539,1113.86
165,350,1327.58,603.213,-338.702,1120.02
170,350,974.942,524.876,206.135,1024.04
175,350,593.73,391.427,722.604,811.301
180,350,200.464,198.566,1163.05,480.482
0,355,1263.97,161.614,-11810.5,113.49
5,355,1042.8,298.817,-11480.9,-2093.92
10,355,776.781,468.124,-10947.9,-4246.17
15,355,490.577,651.911,-10238.9,-6232.81
20,355,209.535,831.795,-9392.73,-7951.89
25,355,-44.6186,991.344,-8459.43,-9321.44
30,355,-256.482,1118.01,-7496.01,-10291.2
35,355,-417.79,1204.35,-6559.68,-10849.9
40,355,-526.648,1248.52,-5699.08,-11024.9
45,355,-585.85,1253.79,-4947.18,-10873.3
50,355,-600.933,1227.05,-4318.39,-10468.5
55,355,-578.452,1176.85,-3810.77,-9886.58
60,355,-524.693,1111.35,-3411.87,-9195.95
65,355,-444.864,1036.97,-3105.48,-8452.05
70,355,-342.705,957.979,-2877.1,-7695.85
75,355,-220.497,876.859,-2716.82,-6954.78
80,355,-79.4149,795.207,-2619.4,-6244.44
85,355,79.8922,714.603,-2582.42,-5570.4
90,355,256.661,637.235,-2603.15,-4930.08
95,355,449.53,566.122,-2675.29,-4314.84
100,355,656.343,504.981,-2786.21,-3712.9
105,355,874.217,457.753,-2915.46,-3112.98
110,355,1099.67,427.879,-3035.44,-2508.45
115,355,1328.44,417.443,-3114.61,-1900.97
120,355,1554.78,426.41,-3123.21,-1302.28
125,355,1770.16,452.284,-3040.16,-732.773
130,355,1962.01,490.388,-2858.62,-216.779
135,355,2113.5,534.736,-2587.62,224.313
140,355,2205.07,579.079,-2248.11,578.125
145,355,2218.08,617.505,-1864.36,843.613
150,355,2139.24,644.211,-1454.73,1028.13
155,355,1964.27,652.645,-1026.75,1140.49
160,355,1699.1,634.819,-579.982,1183.84
165,355,1358.35,581.796,-115.465,1152.24
170,355,962.344,485.722,353.664,1033.26
175,355,534.236,342.804,797.681,815.226
180,355,98.3342,155.933,1176.1,495.96
0,360,229.809,170.89,-11875.7,98.9728
5,360,32.0936,87.3397,-11495.9,-2293.53
10,360,-194.669,44.4513,-10822.6,-4598.13
15,360,-425.892,39.1997,-9898.87,-6691.52
20,360,-637.562,64.5589,-8788.34,-8465.36
25,360,-810.846,110.497,-7569.77,-9838.49
30,360,-934.761,165.511,-6328.76,-10767.6
35,360,-1006.29,218.735,-5147.1,-11252.3
40,360,-1028.44,262.058,-4091.66,-11332.6
45,360,-1007.42,291.409,-3206.15,-11077.8
50,360,-950.236,306.658,-2508.21,-10572.1
55,360,-863.336,310.263,-1992.43,-9899.76
60,360,-752.224,305.404,-1637.51,-9134.52
65,360,-621.484,294.475,-1414.93,-8334.46
70,360,-474.761,278.513,-1296.41,-7540.67
75,360,-314.593,257.547,-1258.64,-6778.76
80,360,-142.281,231.493,-1284.95,-6061.22
85,360,41.9703,201.047,-1364.38,-5389.93
90,360,238.591,168.235,-1489.08,-4758.47
95,360,447.989,136.512,-1650.94,-4154.49
100,360,669.877,110.466,-1838.28,-3562.73
105,360,902.73,95.2396,-2033.47,-2968.79
110,360,1143.34,95.7227,-2212.42,-2363.56
115,360,1386.4,115.616,-2346.72,-1747.36
120,360,1624.05,156.489,-2408.41,-1132.43
125,360,1845.42,217.071,-2376.65,-542.096
130,360,2036.58,293.046,-2243.83,-5.95122
135,360,2181.09,377.456,-2018.31,447.896
140,360,2261.57,461.571,-1721.69,800.797
145,360,2262.22,535.833,-1380.97,1048.1
150,360,2171.56,590.51,-1018.82,1197.89
155,360,1984.84,616.08,-647.193,1264.34
160,360,1705.31,603.779,-268.025,1259.23
165,360,1344.49,546.857,118.877,1186.13
170,360,921.501,442.578,505.571,1040.39
175,360,461.832,294.248,870.172,814.78
180,360,-4.54369,112.114,1180.19,507.663
