Theta[deg],Phi[deg],re(rETheta)[mV],im(rETheta)[mV],re(rEPhi)[mV],im(rEPhi)[mV]
0,0,175.766,157.628,-11783.5,1572.22
5,0,-22.0685,109.019,-11717,-881.047
10,0,-245.156,101.709,-11346,-3281.72
15,0,-469.991,129.63,-10697.3,-5500.34
20,0,-674.212,183.078,-9820.26,-7419.91
25,0,-840.839,250.197,-8782.42,-8948.83
30,0,-960.501,318.77,-7663.44,-10032.6
35,0,-1031.18,378.28,-6545.02,-10660.6
40,0,-1056.05,421.723,-5499.52,-10864.5
45,0,-1040.74,446.46,-4580.11,-10709.2
50,0,-991.23,453.73,-3815.73,-10277.6
55,0,-912.932,447.068,-3212.11,-9656.13
60,0,-810.626,430.392,-2757.55,-8922.45
65,0,-688.646,406.577,-2430.98,-8139.25
70,0,-550.788,376.972,-2209.42,-7351.8
75,0,-399.923,341.829,-2072.91,-6588.86
80,0,-237.629,301.213,-2006.58,-5864.94
85,0,-64.1512,255.899,-1999.97,-5182.91
90,0,121.228,207.932,-2044.67,-4536.77
95,0,319.54,160.736,-2131.19,-3914.61
100,0,531.429,118.847,-2245.97,-3302
105,0,756.53,87.3555,-2369.47,-2686.25
110,0,992.913,71.1556,-2476.23,-2060.89
115,0,1236.5,74.0644,-2537.55,-1429.69
120,0,1480.4,97.9641,-2526.77,-808.509
125,0,1714.25,142.173,-2425.86,-223.515
130,0,1924.03,203.264,-2231.01,294.508
135,0,2092.58,275.406,-1954.34,718.514
140,0,2201.31,351.069,-1619.93,1032.9
145,0,2232.84,421.735,-1255.17,1236.98
150,0,2173.86,478.339,-880.979,1342.2
155,0,2017.57,511.541,-506.304,1364.32
160,0,1765,512.284,-130.25,1314.87
165,0,1425.38,473.153,248.778,1196.42
170,0,1015.77,390.475,622.315,1004.33
175,0,560.293,266.382,966.538,733.605
180,0,88.5459,109.686,1246.87,386.819
0,5,-851.903,294.057,-11754,1552.5
5,5,-1049.96,-8.94804,-11658.1,-1047.48
10,5,-1238.16,-259.309,-11166.8,-3574.46
15,5,-1394.31,-446.238,-10322.1,-5886.27
20,5,-1501.22,-566.966,-9196.94,-7858.66
25,5,-1550.4,-626.782,-7887.31,-9399.14
30,5,-1543.15,-637.222,-6500.68,-10458
35,5,-1488.51,-612.846,-5142.84,-11033
40,5,-1399.03,-567.743,-3904.2,-11166
45,5,-1286.34,-513.069,-2849.07,-10931.2
50,5,-1158.55,-456.252,-2010.61,-10419.9
55,5,-1019.92,-401.688,-1392.41,-9724.93
60,5,-872.273,-352.095,-975.424,-8928.45
65,5,-716.693,-309.651,-727.355,-8095.76
70,5,-554.363,-276.424,-611.885,-7273.13
75,5,-386.441,-254.123,-595.489,-6488.89
80,5,-213.407,-243.522,-651.095,-5756.02
85,5,-34.5631,-243.945,-758.743,-5075.2
90,5,151.934,-253.049,-903.966,-4437.74
95,5,348.506,-266.925,-1074.85,-3828.7
100,5,557.25,-280.434,-1258.72,-3230.36
105,5,778.918,-287.68,-1439.41,-2626.49
110,5,1011.95,-282.611,-1596.18,-2007.15
115,5,1251.68,-259.749,-1705,-1373.33
120,5,1489.86,-215.064,-1742.59,-739.773
125,5,1714.72,-146.909,-1692.3,-134.237
130,5,1911.74,-56.8179,-1549.89,407.831
135,5,2064.97,50.0622,-1326.17,852.38
140,5,2158.66,165.067,-1044.63,1176.47
145,5,2178.71,276.639,-733.788,1374.42
150,5,2113.83,371.391,-417.547,1457.13
155,5,1956.47,435.617,-108.386,1444.9
160,5,1704.08,457.336,192.544,1357.47
165,5,1361.15,428.863,488.125,1206.7
170,5,941.479,349.378,775.123,995.704
175,5,469.591,226.462,1037.76,723.966
180,5,-20.4631,75.5547,1249.84,394.907
0,10,-1873.09,428.247,-11635,1520.96
5,10,-2065.24,-150.397,-11510.5,-1178.95
10,10,-2195.4,-660.809,-10908.3,-3786.53
15,10,-2246.13,-1073.55,-9885.27,-6149.79
20,10,-2210.68,-1372.73,-8536.73,-8139.76
25,10,-2095.15,-1557.43,-6984.03,-9665.08
30,10,-1917.26,-1639.42,-5359.31,-10682.1
35,10,-1701.74,-1638.47,-3789.07,-11197.4
40,10,-1473.57,-1577.04,-2378.86,-11262.1
45,10,-1251.79,-1476.23,-1202.15,-10958.6
50,10,-1046.43,-1353.73,-295.544,-10384.1
55,10,-859.138,-1223.49,338.987,-9635.33
60,10,-686.414,-1096.19,726.402,-8796.72
65,10,-523.165,-979.789,908.123,-7934.54
70,10,-365.022,-879.75,931.622,-7094.95
75,10,-208.893,-799.113,842.169,-6305.39
80,10,-52.378,-738.541,677.739,-5577.33
85,10,107.04,-696.53,467.137,-4909.54
90,10,272.372,-669.786,230.756,-4291.2
95,10,446.866,-653.654,-16.8762,-3705.05
100,10,633.226,-642.515,-263.685,-3130.79
105,10,832.545,-630.114,-496.749,-2549.24
110,10,1043.19,-609.831,-700.126,-1947.2
115,10,1259.96,-575.061,-854.793,-1322.58
120,10,1473.77,-519.814,-941.253,-688.17
125,10,1672.34,-439.68,-944.467,-72.0413
130,10,1841.62,-333.099,-859.459,487.023
135,10,1967.72,-202.681,-694.969,948.9
140,10,2038.39,-56.1634,-472.6,1283.52
145,10,2043.46,93.477,-220.726,1479.57
150,10,1974.14,229.085,34.6771,1546.19
155,10,1822.38,331.749,277.762,1506.69
160,10,1581.82,384.474,504.718,1387.58
165,10,1251.01,376.555,718.586,1209.08
170,10,838.389,307.42,920.182,981.812
175,10,366.243,188.34,1101.04,710.303
180,10,-129.316,40.8488,1243.31,399.989
0,15,-2880.02,559.178,-11427.5,1477.85
5,15,-3060.68,-307.935,-11277.3,-1272.41
10,15,-3112.65,-1087.45,-10580.5,-3913.47
15,15,-3026.44,-1730.13,-9407.83,-6286.77
20,15,-2810.49,-2206.83,-7873.69,-8261.27
25,15,-2490.59,-2510.98,-6120.71,-9748.46
30,15,-2105.6,-2655.58,-4300.93,-10711.5
35,15,-1699.63,-2666.62,-2557.01,-11165.6
40,15,-1312.4,-2575.88,-1005.88,-11170.2
45,15,-971.408,-2415.42,272.493,-10813.6
50,15,-688.562,-2214.3,1239.31,-10196.6
55,15,-461.988,-1997.15,1893.93,-9417.2
60,15,-281.217,-1783.5,2265.49,-8559.96
65,15,-132.877,-1587.56,2401.78,-7690.26
70,15,-4.68919,-1418.1,2358.08,-6853.06
75,15,112.928,-1278.99,2188.13,-6074.31
80,15,227.031,-1170.01,1938.06,-5363.9
85,15,343.028,-1088.08,1643.62,-4718.97
90,15,465.422,-1028.41,1330.23,-4127.17
95,15,598,-985.358,1014.97,-3569.75
100,15,743.452,-952.94,709.973,-3024.84
105,15,902.574,-924.933,425.966,-2471.26
110,15,1073.31,-894.738,175.244,-1893.34
115,15,1249.98,-855.195,-27.1607,-1286.24
120,15,1423.27,-798.671,-164.846,-660.434
125,15,1581.11,-717.775,-224.01,-43.2502
130,15,1710.75,-606.923,-198.821,524.732
135,15,1800.94,-464.619,-95.7536,998.905
140,15,1843.32,-295.792,65.8299,1343.16
145,15,1831.81,-113.232,258.288,1540.77
150,15,1760.35,62.904,454.161,1598.32
155,15,1620.7,208.081,634.496,1540.53
160,15,1402.57,298.733,792.481,1398.85
165,15,1097.91,318.851,930.339,1200.14
170,15,708.176,265.73,1051.6,961.562
175,15,251.172,152.491,1153.93,692.735
180,15,-237.185,5.83199,1227.3,402.027
0,20,-3865.03,685.853,-11133,1423.49
5,20,-4029.72,-473.828,-10961.8,-1326.27
10,20,-3987.94,-1523.56,-10192.8,-3953.59
15,20,-3741.02,-2393.91,-8908.06,-6297.02
20,20,-3316.14,-3042.75,-7237.07,-8225.98
25,20,-2762.62,-3458.64,-5338.14,-9656.15
30,20,-2143.82,-3656.67,-3377.39,-10557.6
35,20,-1525.61,-3669.86,-1508.39,-10953.6
40,20,-963.918,-3539.99,144.845,-10909.9
45,20,-495.267,-3310.57,1498.83,-10518.9
50,20,-133.466,-3022.52,2514.02,-9882.49
55,20,127.236,-2711.53,3190.96,-9097.49
60,20,304.941,-2406.31,3561.3,-8246.21
65,20,422.318,-2127.4,3676.21,-7391.6
70,20,500.891,-1886.85,3595.02,-6576.33
75,20,558.232,-1689.05,3375.91,-5824.31
80,20,607.479,-1532.62,3069.56,-5143.7
85,20,658.056,-1412.55,2715.95,-4530.25
90,20,716.628,-1322.3,2343.9,-3970.62
95,20,787.753,-1255.1,1972.7,-3445.39
100,20,874.043,-1204.62,1615.24,-2932.12
105,20,975.838,-1164.86,1281.6,-2408.79
110,20,1090.6,-1129.58,982.355,-1858.33
115,20,1212.41,-1091.43,730.404,-1273.88
120,20,1332.04,-1041.38,540.44,-663.718
125,20,1438.22,-968.999,425.683,-53.7274
130,20,1519.89,-864.119,392.816,515.214
135,20,1568.68,-720.089,437.264,995.913
140,20,1580.06,-537.684,541.611,1347.91
145,20,1552.04,-328.219,679.009,1549.93
150,20,1481.37,-114.073,820.901,1605.65
155,20,1359.77,74.5712,945.603,1539.8
160,20,1173.21,206.669,1043.23,1386.56
165,20,906.693,259.322,1114.39,1177.31
170,20,553.67,225.824,1163.94,934.197
175,20,125.768,119.418,1194.18,671.464
180,20,-343.249,-29.2292,1201.96,401.006
0,25,-4820.63,807.308,-10753.8,1358.3
5,25,-4966.36,-640.255,-10567.8,-1340.35
10,25,-4821.25,-1953.61,-9753.27,-3907.98
15,25,-4399.41,-3043.52,-8400.74,-6184.04
20,25,-3749.12,-3855.54,-6649.56,-8040.86
25,25,-2945.35,-4374.13,-4667.35,-9399.15
30,25,-2077.64,-4617.2,-2627.84,-10235.6
35,25,-1234.72,-4625.35,-689.822,-10579.8
40,25,-489.18,-4450.63,1020,-10502.3
45,25,113.302,-4148.04,2417.5,-10097.1
50,25,556.954,-3770.09,3463.74,-9464.71
55,25,851.257,-3363.23,4160.34,-8698.63
60,25,1021.72,-2964.96,4539.9,-7877.08
65,25,1100.18,-2601.91,4654.3,-7059.17
70,25,1117.56,-2289.3,4563.39,-6284.38
75,25,1099.93,-2032.2,4325.94,-5574.18
80,25,1067.32,-1828.18,3993.57,-4934.9
85,25,1034.16,-1670.55,3607.51,-4361.11
90,25,1010.23,-1551.05,3198.1,-3838.89
95,25,1001.67,-1461.81,2786.18,-3348.75
100,25,1011.64,-1396.09,2385.89,-2868.47
105,25,1040.5,-1348.09,2008.08,-2376.2
110,25,1085.55,-1311.89,1663.56,-1854.54
115,25,1140.85,-1280.06,1365.04,-1295.53
120,25,1197.51,-1242.26,1126.9,-705.724
125,25,1245.09,-1185,962.405,-109.241
130,25,1274.21,-1093.41,878.882,453.932
135,25,1279.21,-955.237,873.026,935.861
140,25,1259.19,-766.416,928.796,1293.65
145,25,1216.01,-536.004,1020.02,1502.72
150,25,1149.22,-287.937,1117.4,1563.95
155,25,1050.69,-57.7528,1197.04,1500.78
160,25,902.864,115.808,1246.11,1348
165,25,683.864,202.19,1262.99,1139.13
170,25,378.725,189.481,1252.45,899.407
175,25,-8.15236,89.6282,1219.76,646.796
180,25,-446.701,-64.0679,1167.47,396.932
0,30,-5739.54,922.62,-10292.7,1282.77
5,30,-5865.17,-799.56,-10099.1,-1315.91
10,30,-5613.94,-2362.66,-9268.36,-3780.36
15,30,-5013.86,-3658.82,-7896.18,-5954.71
20,30,-4135.01,-4622.27,-6126.01,-7716.42
25,30,-3078.36,-5234.07,-4127.93,-8991.78
30,30,-1959.58,-5515.4,-2076.54,-9763.02
35,30,-889.922,-5514.61,-130.141,-10064.4
40,30,41.7401,-5293.87,1586.06,-9968.74
45,30,780.823,-4919.17,2989.84,-9569.37
50,30,1309.49,-4453.79,4043.88,-8963.24
55,30,1640.41,-3953.88,4750.58,-8238.66
60,30,1805.58,-3464.82,5142.14,-7468.29
65,30,1844.98,-3018.77,5268.91,-6706.36
70,30,1798.06,-2634.06,5188.51,-5988.57
75,30,1698.93,-2316.75,4957.35,-5333.74
80,30,1574.65,-2064,4625.03,-4746.45
85,30,1445.27,-1867.96,4231.64,-4220.29
90,30,1324.73,-1719.13,3807.3,-3740.98
95,30,1221.99,-1608.69,3373.56,-3289.34
100,30,1141.91,-1529.45,2945.87,-2843.82
105,30,1085.79,-1475.58,2536.69,-2383.39
110,30,1051.39,-1441.34,2158.31,-1891.17
115,30,1032.95,-1419.02,1824.48,-1358.99
120,30,1021.8,-1396.91,1550.18,-792.335
125,30,1008.07,-1358.58,1348.9,-213.607
130,30,983.654,-1284.53,1228.31,338.873
135,30,945.207,-1157.03,1185.76,817.96
140,30,895.135,-967.125,1206.11,1180.14
145,30,838.901,-721.338,1263.89,1398.95
150,30,778.755,-444.696,1329.55,1472.79
155,30,706.846,-177.551,1377.6,1422.9
160,30,602.473,34.0575,1392.52,1282.69
165,30,437.276,151.971,1369.92,1085.4
170,30,188.046,158.603,1313.23,857.396
175,30,-148.408,63.608,1229.02,619.143
180,30,-546.753,-98.4191,1124.1,389.838
0,35,-6614.76,1030.91,-9753.3,1197.47
5,35,-6721.15,-944.49,-9559.64,-1255.55
10,35,-6368.18,-2736.76,-8742.72,-3576.86
15,35,-5597.9,-4221.32,-7399.84,-5618.87
20,35,-4501.29,-5322.36,-5672.68,-7266.18
25,35,-3203.74,-6018.11,-3726.97,-8450.82
30,35,-1845.25,-6333.07,-1731.59,-9159.29
35,35,-558.021,-6323.05,161.159,-9428.2
40,35,553.966,-6059.7,1831.4,-9330.15
45,35,1427.71,-5618.97,3200.88,-8955.43
50,35,2043.09,-5073.55,4234.53,-8395.55
55,35,2415.13,-4487.77,4934.97,-7732.11
60,35,2581.02,-3913.61,5332.75,-7031.15
65,35,2587.34,-3387.99,5475.05,-6341.33
70,35,2480.59,-2932.23,5415.4,-5694.26
75,35,2301.86,-2553.9,5205.96,-5106.09
80,35,2084.7,-2250.52,4892.6,-4579.82
85,35,1854.97,-2013.89,4512.69,-4108.31
90,35,1631.55,-1833.91,4094.96,-3677.18
95,35,1427.39,-1701.15,3660.86,-3267.69
100,35,1250.32,-1608.06,3226.79,-2859.2
105,35,1103.58,-1548.72,2806.8,-2431.83
110,35,985.966,-1517.28,2414.82,-1969.75
115,35,892.033,-1505.51,2065.84,-1465.3
120,35,813.029,-1500.23,1775.38,-923.528
125,35,739.183,-1482.07,1557.01,-365.361
130,35,663.201,-1427.22,1418.28,172.958
135,35,583.643,-1312.9,1356.83,646.219
140,35,505.889,-1125.71,1358.32,1011.87
145,35,438.774,-869.806,1398.25,1242.91
150,35,387.115,-571.057,1447.47,1335.79
155,35,343.447,-273.946,1479.55,1308.82
160,35,284.364,-30.894,1476.53,1192.36
165,35,175.774,113.112,1430.85,1017.23
170,35,-13.0293,135.059,1343.45,808.913
175,35,-292.526,41.7883,1220.67,589.034
180,35,-642.644,-132.021,1072.17,379.777
0,40,-7439.65,1131.35,-9139.67,1103.07
5,40,-7529.59,-1068.42,-8953.19,-1163.13
10,40,-7086.35,-3063.29,-8179,-3305.83
15,40,-6165.02,-4714.52,-6912.15,-5188.95
20,40,-4875.05,-5937.78,-5287.08,-6705.97
25,40,-3362.92,-6708.88,-3458.9,-7794.69
30,40,-1789.57,-7055.27,-1584.65,-8444.35
35,40,-305.304,-7039.35,194.398,-8691.5
40,40,972.541,-6741.08,1767.09,-8605.96
45,40,1973.17,-6244.85,3060.88,-8272.72
50,40,2673.86,-5630.96,4043.19,-7776.17
55,40,3090.91,-4970.11,4716.23,-7190.06
60,40,3265.28,-4319.37,5107.75,-6573.06
65,40,3248.57,-3719.62,5260.52,-5967.84
70,40,3092.77,-3195.05,5222.93,-5401.76
75,40,2844.59,-2755.21,5041.98,-4888.36
80,40,2543.16,-2398.81,4759.09,-4429.38
85,40,2219.74,-2118.21,4408.26,-4017.28
90,40,1898.35,-1903.45,4016.23,-3637.93
95,40,1596.46,-1745.06,3603.7,-3273.27
100,40,1325.57,-1635.44,3187.37,-2903.76
105,40,1091.49,-1568.62,2782.13,-2510.86
110,40,894.345,-1538.56,2402.75,-2080.08
115,40,728.999,-1536.28,2064.68,-1604.67
120,40,586.416,-1546.86,1783.31,-1089.67
125,40,456.621,-1548.01,1571.63,-554.77
130,40,332.872,-1511.94,1436.75,-33.8423
135,40,215.445,-1411.52,1376.45,430.72
140,40,112.492,-1229.66,1377.46,798.612
145,40,35.9798,-968.711,1416.75,1043.5
150,40,-6.90253,-655.306,1466.23,1160.39
155,40,-23.1547,-337.288,1499.09,1164.22
160,40,-38.3447,-72.1601,1495.18,1080.87
165,40,-91.234,89.6317,1443.43,936.943
170,40,-218.767,120.525,1341.41,755.228
175,40,-437.826,24.5132,1193.9,557.1
180,40,-733.644,-164.619,1012.08,366.825
0,45,-8207.91,1223.19,-8456.48,1000.27
5,45,-8286.04,-1165.57,-8283.68,-1043.62
10,45,-7770.44,-3331.27,-7578,-2977.51
15,45,-6727.31,-5124.17,-6428.8,-4679.56
20,45,-5280.78,-6453.12,-4958.46,-6053.52
25,45,-3593.62,-7291.78,-3306.07,-7042.84
30,45,-1842.87,-7669.74,-1611.58,-7638.07
35,45,-193.061,-7654.57,-0.917111,-7873.33
40,45,1227.48,-7332.8,1426.49,-7813.19
45,45,2340.93,-6795.27,2605.26,-7535.3
50,45,3121.47,-6127.77,3505.52,-7115.52
55,45,3585.54,-5405.42,4128.42,-6618.92
60,45,3776.5,-4688.86,4498,-6096.29
65,45,3749.54,-4022.05,4651.77,-5584.02
70,45,3560.83,-3431.99,4632.29,-5105.13
75,45,3261.42,-2930.68,4481.1,-4670.68
80,45,2894.84,-2518.83,4234.96,-4281.48
85,45,2496.81,-2190.24,3924.41,-3930.12
90,45,2095.66,-1935.94,3573.9,-3603.27
95,45,1712.9,-1747.09,3202.93,-3284.04
100,45,1363.37,-1616.51,2827.68,-2954.32
105,45,1055.25,-1538.4,2462.83,-2597.15
110,45,789.921,-1506.45,2122.79,-2199.5
115,45,562.536,-1510.65,1822.26,-1755.68
120,45,363.866,-1534.14,1575.46,-1270.79
125,45,183.928,-1551.7,1394.16,-763.229
130,45,16.7655,-1532.01,1284.76,-264.152
135,45,-135.49,-1444.47,1245.35,187.65
140,45,-261.973,-1269.41,1264.08,555.19
145,45,-347.836,-1008.16,1319.95,813.788
150,45,-383.772,-688.191,1386.44,957.45
155,45,-376.266,-359.868,1436.77,997.376
160,45,-352.383,-84.175,1448.72,953.9
165,45,-354.221,84.8045,1407.47,847.932
170,45,-423.289,116.343,1306.59,698.072
175,45,-581.51,12.0094,1148.36,524.058
180,45,-819.06,-195.963,944.283,351.082
0,50,-8913.71,1305.71,-7708.94,889.853
5,50,-8986.15,-1231.15,-7555.02,-902.939
10,50,-8421.43,-3531.6,-6938.94,-2603.79
15,50,-7294.17,-5438.47,-5941.34,-4107.08
20,50,-5738.29,-6855.6,-4668.75,-5327.92
25,50,-3926.91,-7754.66,-3240.07,-6215.28
30,50,-2047.22,-8166.2,-1774.07,-6759.66
35,50,-273.162,-8161.06,-377.799,-6990.72
40,50,1258.9,-7830.08,863.503,-6965.57
45,50,2465.17,-7268.15,1892.99,-6752.8
50,50,3316.29,-6564.28,2683.81,-6418.66
55,50,3827.67,-5795.97,3235.74,-6018.93
60,50,4043.65,-5026,3568.44,-5596.29
65,50,4021.86,-4300.7,3713.51,-5180.71
70,50,3821.5,-3649.79,3707.3,-4790.84
75,50,3496.79,-3088.21,3585.55,-4435.44
80,50,3094.32,-2619.43,3380.28,-4114.75
85,50,2652.67,-2239.58,3118.42,-3822.07
90,50,2202.84,-1941.45,2821.89,-3545.58
95,50,1768.66,-1717.5,2508.48,-3270.25
100,50,1366.96,-1561.33,2193.15,-2979.94
105,50,1007.25,-1467.43,1889.38,-2659.55
110,50,691.699,-1429.04,1610.17,-2297.66
115,50,415.805,-1434.89,1368.45,-1889.51
120,50,170.666,-1465.98,1176.52,-1440.07
125,50,-52.9407,-1494.39,1044.54,-966.06
130,50,-259.442,-1486.03,978.182,-495.358
135,50,-444.382,-1408.08,976.11,-62.3647
140,50,-594.117,-1239.66,1028.26,300.156
145,50,-691.18,-982.043,1116.03,569.952
150,50,-724.446,-663.689,1214.7,740.353
155,50,-699.811,-336.497,1297.64,818.536
160,50,-645.042,-63.1124,1340.57,818.506
165,50,-604.016,100.897,1324.83,754.423
170,50,-620.828,123.399,1239.65,639.54
175,50,-720.759,4.36126,1084.18,490.688
180,50,-898.243,-225.816,869.304,332.667
0,55,-9551.67,1378.3,-6902.72,772.666
5,55,-9625.59,-1261.53,-6771.22,-747.763
10,55,-9038.93,-3657.31,-6259.82,-2197.8
15,55,-7871.3,-5648.2,-5438.12,-3489.3
20,55,-6260.97,-7135.01,-4394.15,-4549.38
25,55,-4384.68,-8087.44,-3223.84,-5332.35
30,55,-2433.06,-8535.6,-2022.08,-5827.59
35,55,-583.907,-8551.29,-874.57,-6058.66
40,55,1022.04,-8226.98,149.619,-6073.51
45,55,2296.47,-7659.06,1003.42,-5930.35
50,55,3206.31,-6937.38,1663.57,-5685.1
55,55,3764.75,-6139.99,2128.46,-5384.1
60,55,4015.73,-5330.53,2413.08,-5061.9
65,55,4017.86,-4557.09,2542.72,-4742.17
70,55,3832.15,-3852.17,2547.01,-4439.32
75,55,3514.67,-3234.07,2455.58,-4159.98
80,55,3113.46,-2709.69,2295.25,-3904.13
85,55,2667.99,-2278.16,2088.91,-3666.25
90,55,2209.64,-1934.63,1855.47,-3436.63
95,55,1762.33,-1673.15,1610.45,-3202.74
100,55,1342.75,-1488.18,1366.94,-2950.96
105,55,960.313,-1374.29,1136.6,-2668.43
110,55,617.241,-1323.99,930.428,-2345.42
115,55,309.498,-1324.48,759.191,-1977.99
120,55,29.2734,-1354.74,633.135,-1570.64
125,55,-230.81,-1384.81,560.943,-1137.92
130,55,-472.634,-1379.15,547.887,-703.729
135,55,-688.79,-1304.42,593.565,-297.31
140,55,-862.738,-1140.16,689.981,53.5659
145,55,-974.641,-888.698,820.958,329.653
150,55,-1011.82,-579.497,963.533,523.824
155,55,-979.391,-264.894,1091.08,639.058
160,55,-904.9,-7.16708,1177.18,682.576
165,55,-832.25,138.985,1199.33,661.169
170,55,-805.971,142.037,1142.37,581.958
175,55,-852.823,1.49267,1002,457.797
180,55,-970.59,-253.951,787.709,311.72
0,60,-10116.9,1440.4,-6043.97,649.599
5,60,-10200,-1254.34,-5936.48,-585.318
10,60,-9620.76,-3703.68,-5537.99,-1773.65
15,60,-8459.95,-5746.89,-4905.45,-2845.1
20,60,-6854.42,-7283.72,-4107.02,-3738.99
25,60,-4977.58,-8281.9,-3214.39,-4414.77
30,60,-3016.43,-8769.51,-2297.29,-4859.97
35,60,-1146.48,-8816.8,-1418.78,-5090.9
40,60,491.443,-8515.09,-630.472,-5145.27
45,60,1806.67,-7959.66,31.4006,-5070.16
50,60,2762.56,-7239.08,547.843,-4911
55,60,3368.97,-6430.37,916.179,-4704.91
60,60,3667.61,-5597.04,1146.71,-4478.79
65,60,3716.2,-4788.52,1258.14,-4250.39
70,60,3575.63,-4040.05,1273.05,-4030.15
75,60,3301.99,-3373.56,1214.33,-3822.69
80,60,2942.88,-2799.74,1103.05,-3627.83
85,60,2536.62,-2321.01,957.372,-3441.4
90,60,2112.86,-1934.95,792.48,-3255.96
95,60,1693.41,-1637.08,620.988,-3061.81
100,60,1292.95,-1422.36,453.581,-2848.14
105,60,919.346,-1284.96,299.748,-2604.64
110,60,574.156,-1216.21,168.424,-2323.46
115,60,253.823,-1201.76,68.4187,-2001.47
120,60,-47.7626,-1219.12,8.42177,-1642.5
125,60,-335.224,-1237.59,-3.67904,-1258.52
130,60,-607.055,-1222.04,37.6884,-868.935
135,60,-852.394,-1140.73,133.576,-497.211
140,60,-1051.73,-975.551,278.249,-165.561
145,60,-1183.06,-730.891,457.85,110.171
150,60,-1232.26,-437.146,650.834,322.586
155,60,-1203.36,-145.817,830.3,470.48
160,60,-1122.5,83.3226,967.591,554.225
165,60,-1031.77,198.867,1036.45,573.106
170,60,-973.869,172.002,1017.49,527.738
175,60,-975.105,3.15736,902.871,426.181
180,60,-1035.55,-280.152,700.119,288.4
0,65,-10605.2,1491.53,-5139.22,521.589
5,65,-10705.1,-1208.54,-5055.26,-423.147
10,65,-10162.8,-3668.39,-4770.68,-1345.97
15,65,-9056.47,-5730.93,-4328.97,-2194.04
20,65,-7515.67,-7296.73,-3778.21,-2918.59
25,65,-5703.74,-8331.56,-3166.04,-3483.92
30,65,-3797.01,-8859.88,-2537.29,-3875.33
35,65,-1962.35,-8947.86,-1932.26,-4101.43
40,65,-335.845,-8683.01,-1384.71,-4189.25
45,65,992.235,-8157.18,-919.425,-4174.75
50,65,1982.3,-7456.01,-550.501,-4093.28
55,65,2639.65,-6654.35,-281.265,-3973.47
60,65,3001.48,-5814.94,-105.925,-3835.42
65,65,3121.79,-4988.09,-12.4151,-3691.62
70,65,3058.62,-4211.5,14.503,-3548.84
75,65,2865.6,-3510.5,-9.34312,-3409.7
80,65,2587.83,-2899.32,-69.2225,-3273.65
85,65,2260.82,-2383.42,-152.291,-3137.51
90,65,1911.02,-1962.41,-247.711,-2995.85
95,65,1556.92,-1632.74,-346.378,-2841.55
100,65,1210.08,-1389.27,-440.445,-2666.65
105,65,875.973,-1225.14,-522.773,-2463.45
110,65,554.898,-1130.27,-586.353,-2226.15
115,65,243.538,-1089.01,-623.798,-1952.66
120,65,-62.4527,-1078.41,-627.144,-1646.21
125,65,-364.704,-1068.81,-588.292,-1316.14
130,65,-658.085,-1027.77,-500.422,-977.187
135,65,-928.201,-927.56,-360.35,-646.801
140,65,-1152.68,-754.241,-171.275,-341.419
145,65,-1307.5,-515.265,55.1646,-73.2997
150,65,-1377.07,-241.724,298.543,150.073
155,65,-1363.72,17.0642,531.417,323.595
160,65,-1290.94,205.92,722.843,441.189
165,65,-1196.95,279.057,843.009,495.008
170,65,-1120.42,212.441,868.587,479.226
175,65,-1085.24,8.93954,788.274,396.589
180,65,-1092.63,-304.222,607.201,262.886
0,70,-11012.8,1531.31,-4195.36,389.608
5,70,-11136.5,-1124.49,-4132.48,-268.875
10,70,-10659.2,-3551.55,-3955.69,-929.639
15,70,-9652.29,-5599.68,-3695.06,-1556.1
20,70,-8233.01,-7171.88,-3379.48,-2110.66
25,70,-6548.32,-8231.97,-3034.09,-2562.18
30,70,-4757.36,-8799.34,-2680.35,-2893.74
35,70,-3012.12,-8933.85,-2337.09,-3106.41
40,70,-1438.94,-8716.92,-2020.81,-3216.98
45,70,-124.546,-8235.23,-1744.89,-3250.96
50,70,889.367,-7570.45,-1518.27,-3234.59
55,70,1602.29,-6794.68,-1344.53,-3189.2
60,70,2044.03,-5969.36,-1222.1,-3129.08
65,70,2261.33,-5145.03,-1145.34,-3062.2
70,70,2305.86,-4360.94,-1106.26,-2991.93
75,70,2225.99,-3644.88,-1096.11,-2918.73
80,70,2062.37,-3013.69,-1106.54,-2841.14
85,70,1846.64,-2475.03,-1130.22,-2756.3
90,70,1601.66,-2029.86,-1160.93,-2660.12
95,70,1342.53,-1674.98,-1193.39,-2547.55
100,70,1077.69,-1404.55,-1222.87,-2413.07
105,70,810.07,-1210.42,-1244.71,-2251.48
110,70,538.402,-1081.11,-1253.73,-2059.12
115,70,259.089,-1000.25,-1243.51,-1835.09
120,70,-31.0528,-945.739,-1206.1,-1582.33
125,70,-331.278,-890.872,-1132.25,-1307.89
130,70,-633.408,-808.222,-1012.97,-1022.11
135,70,-920.024,-676.238,-842.187,-736.75
140,70,-1166.3,-486.866,-620.125,-462.751
145,70,-1346.47,-251.378,-356.053,-208.92
150,70,-1443.32,-1.27804,-69.3002,17.3482
155,70,-1456.77,217.523,212.131,207.625
160,70,-1406.19,356.291,455.138,350.264
165,70,-1323.94,376.886,626.675,431.165
170,70,-1242.4,261.924,699.836,438.548
175,70,-1181.15,18.2645,660.028,369.678
180,70,-1141.39,-325.977,509.661,235.371
0,75,-11336.5,1559.44,-3219.57,254.663
5,75,-11490,-1003.89,-3173.53,-129.973
10,75,-11102,-3355.8,-3091.96,-539.311
15,75,-10234.2,-5355.58,-2992.25,-951.232
20,75,-8986.46,-6910.1,-2886.02,-1338.18
25,75,-7484.12,-7981.22,-2778.48,-1673.25
30,75,-5863.43,-8582.12,-2670.57,-1937.69
35,75,-4256.02,-8764.6,-2562.13,-2125.94
40,75,-2773.76,-8602.37,-2454.16,-2245.72
45,75,-1496.77,-8175.98,-2349.55,-2313.37
50,75,-467.952,-7562.66,-2252.27,-2347.35
55,75,305.021,-6831.6,-2165.97,-2362.94
60,75,841.548,-6042.38,-2092.79,-2369.66
65,75,1177.28,-5244.62,-2032.96,-2371.52
70,75,1353.94,-4477.55,-1985.13,-2368.65
75,75,1411.89,-3769.59,-1947.02,-2359.04
80,75,1385.87,-3138.68,-1916.13,-2339.8
85,75,1303.23,-2593.57,-1890.22,-2307.69
90,75,1183.67,-2135.92,-1867.4,-2259.26
95,75,1039.73,-1762.5,-1846.12,-2190.88
100,75,877.547,-1466.75,-1824.78,-2098.91
105,75,697.994,-1239.34,-1801.3,-1980.31
110,75,498.169,-1067.79,-1772.29,-1833.31
115,75,273.612,-935.905,-1732.26,-1658.21
120,75,21.2824,-823.709,-1672.93,-1457.85
125,75,-256.927,-709.083,-1583.47,-1237.43
130,75,-551.018,-571.402,-1452.11,-1003.65
135,75,-841.626,-396.971,-1269.29,-763.484
140,75,-1102.33,-184.831,-1031.65,-523.264
145,75,-1306.08,49.3744,-745.594,-288.903
150,75,-1434.12,273.951,-428.923,-67.6283
155,75,-1483.26,447.312,-109.8,129.6
160,75,-1467.3,528.533,176.943,286.856
165,75,-1410.73,488.667,395.494,385.101
170,75,-1337.52,318.517,515.813,407.479
175,75,-1261.11,30.419,520.24,345.979
180,75,-1181.47,-345.25,408.243,206.064
0,80,-11574,1575.71,-2219.28,117.779
5,80,-11761.2,-849.775,-2184.42,-13.5236
10,80,-11482.3,-3086.2,-2180.09,-189.068
15,80,-10785.2,-5004.28,-2212.5,-398.956
20,80,-9748.99,-6515.78,-2278.64,-624.289
25,80,-8473.14,-7580.72,-2367.3,-842.119
30,80,-7066.6,-8205.35,-2462.74,-1032.63
35,80,-5636.31,-8432.38,-2549.38,-1185.11
40,80,-4275.88,-8326.98,-2615.6,-1299.95
45,80,-3056.33,-7963.2,-2655.62,-1386.03
50,80,-2021.05,-7413.95,-2669.19,-1455.43
55,80,-1186.12,-6745.36,-2659.83,-1518.38
60,80,-545.205,-6014.41,-2632.67,-1580.34
65,80,-76.9965,-5268.19,-2592.75,-1641.78
70,80,247.33,-4543.66,-2544.15,-1699.65
75,80,458.105,-3867.65,-2489.86,-1749.35
80,80,583.184,-3257.36,-2432.18,-1786.26
85,80,645.69,-2721.53,-2372.97,-1806.37
90,80,662.893,-2262.1,-2313.96,-1806.44
95,80,645.808,-1875.94,-2256.77,-1783.72
100,80,599.342,-1556.19,-2202.62,-1735.98
105,80,523.035,-1292.98,-2151.87,-1661.68
110,80,412.584,-1073.69,-2103.05,-1560.37
115,80,262.287,-883.177,-2051.75,-1433.09
120,80,68.3289,-704.624,-1989.62,-1282.46
125,80,-167.517,-521.535,-1904.4,-1112.17
130,80,-434.853,-321.033,-1781.57,-926.227
135,80,-713.786,-98.082,-1607.76,-728.232
140,80,-977.579,140.588,-1375.5,-521.377
145,80,-1198.94,374.672,-1087.53,-309.703
150,80,-1357.97,572.35,-759.244,-100.392
155,80,-1448.05,696.79,-418.12,93.9489
160,80,-1476.18,715.596,-99.941,254.653
165,80,-1457.14,609.928,157.396,359.36
170,80,-1404.45,379.881,321.262,387.327
175,80,-1323.76,44.581,371.227,325.868
180,80,-1212.55,-361.896,303.718,175.19
0,85,-11723.3,1579.97,-1202.1,-20.0007
5,85,-11946.6,-666.445,-1171.8,74.0093
10,85,-11789.8,-2750.19,-1222.8,107.993
15,85,-11285.3,-4554.62,-1352.22,82.1083
20,85,-10488.2,-5997.13,-1545.7,8.10847
25,85,-9469.19,-7036.08,-1779.73,-94.7912
30,85,-8307.09,-7670.64,-2026.49,-206.759
35,85,-7081.42,-7934.19,-2259.45,-313.853
40,85,-5865.28,-7883.27,-2458.11,-411.248
45,85,-4719.08,-7585.58,-2610.56,-502.093
50,85,-3686.32,-7109.82,-2713.45,-593.262
55,85,-2792.24,-6518.79,-2770,-690.577
60,85,-2045.22,-5865.83,-2787.22,-795.751
65,85,-1440.18,-5193.64,-2773.32,-905.911
70,85,-962.839,-4534.66,-2736.06,-1015.07
75,85,-593.997,-3911.9,-2682.15,-1116.27
80,85,-313.114,-3340.15,-2617.17,-1203.32
85,85,-101.209,-2827.26,-2545.94,-1271.55
90,85,57.0017,-2375.27,-2472.78,-1317.83
95,85,171.684,-1981.6,-2401.62,-1340.08
100,85,247.225,-1639.88,-2335.9,-1336.93
105,85,282.494,-1340.66,-2278.07,-1307.62
110,85,272.219,-1072.16,-2228.51,-1252.11
115,85,209.541,-821.187,-2184.2,-1171.31
120,85,89.5776,-574.673,-2137.32,-1067.04
125,85,-86.7228,-322.029,-2074.9,-941.617
130,85,-309.646,-58.1365,-1980.19,-797.324
135,85,-560.193,213.496,-1836.23,-636.033
140,85,-812.967,478.529,-1631.08,-459.694
145,85,-1042.02,711.953,-1363.01,-271.869
150,85,-1227.42,881.704,-1043.93,-80.0419
155,85,-1359.33,955.59,-699.44,102.341
160,85,-1437.21,909.748,-365.194,255.457
165,85,-1464.59,735.683,-80.2516,355.365
170,85,-1442.82,443.394,120.883,378.857
175,85,-1368.14,59.8561,215.445,309.535
180,85,-1234.41,-375.788,196.881,142.982
0,90,-11783.5,1572.22,-175.766,-157.628
5,90,-12042.6,-459.315,-143.038,126.988
10,90,-12014.3,-2357.43,-225.231,340.156
15,90,-11713.1,-4018.68,-413.001,474.803
20,90,-11168.6,-5366.47,-684.363,537.055
25,90,-10421.2,-6357.88,-1008.09,542.542
30,90,-9518.38,-6985.49,-1349.27,509.906
35,90,-8511.48,-7273.82,-1675.38,454.272
40,90,-7452.59,-7271.28,-1961.31,383.523
45,90,-6391.27,-7039.5,-2191.95,298.628
50,90,-5371.1,-6642.79,-2362.13,197.128
55,90,-4426.49,-6139.92,-2474.48,77.389
60,90,-3580.6,-5579.32,-2536.39,-58.5961
65,90,-2844.65,-4997.75,-2557.18,-204.829
70,90,-2219,-4421.39,-2546.22,-352.869
75,90,-1695.64,-3867.93,-2511.97,-494.066
80,90,-1261.49,-3348.68,-2461.87,-621.315
85,90,-901.898,-2869.95,-2402.44,-729.765
90,90,-603.727,-2433.87,-2339.54,-816.585
95,90,-357.73,-2038.79,-2278.54,-880.246
100,90,-159.914,-1679.59,-2224.3,-919.794
105,90,-11.7174,-1348.21,-2180.76,-934.438
110,90,81.1802,-1034.61,-2149.95,-923.528
115,90,111.426,-728.175,-2130.42,-886.76
120,90,73.6203,-419.746,-2115.51,-824.399
125,90,-31.9046,-104.258,-2092.41,-737.333
130,90,-196.514,216.423,-2043.07,-626.954
135,90,-403.257,531.095,-1947.53,-495.103
140,90,-629.896,818.428,-1789.42,-344.462
145,90,-853.92,1048.89,-1562.02,-179.67
150,90,-1057.16,1189.88,-1272.76,-9.04538
155,90,-1227.49,1213.27,-944.205,153.747
160,90,-1356.64,1103.05,-610.601,289.162
165,90,-1435.9,860.717,-311.008,373.367
170,90,-1453.06,506.284,-80.8539,382.237
175,90,-1393.68,75.3199,55.4169,296.977
180,90,-1246.87,-386.819,88.5459,109.686
0,95,-11754,1552.5,851.903,-294.057
5,95,-12046.5,-234.782,893.855,140.793
10,95,-12145.6,-1919.58,804.959,497.458
15,95,-12047,-3411.58,598.054,764.009
20,95,-11754.1,-4640.35,298.72,942.358
25,95,-11277,-5562.26,-58.8319,1044.66
30,95,-10632.4,-6164.28,-437.691,1087.2
35,95,-9844.67,-6463.28,-804.365,1084.38
40,95,-8946.18,-6500.32,-1133.37,1045.19
45,95,-7976.68,-6331.02,-1409.33,973.419
50,95,-6979.98,-6014.64,-1626.42,870.474
55,95,-5998.89,-5604.67,-1786.23,738.878
60,95,-5069.73,-5143.4,-1894.84,584.324
65,95,-4218.25,-4660.65,-1960.46,415.586
70,95,-3458,-4175.75,-1991.79,242.815
75,95,-2791.41,-3700.73,-1997.19,75.4013
80,95,-2212.85,-3243.12,-1984.44,-79.5345
85,95,-1712.51,-2807.53,-1960.65,-217.564
90,95,-1280.2,-2396.05,-1932.33,-336.424
95,95,-908.318,-2008.05,-1905.49,-434.991
100,95,-593.698,-1640.03,-1885.67,-512.265
105,95,-338,-1285.84,-1877.71,-566.714
110,95,-146.664,-937.683,-1884.86,-596.156
115,95,-26.4252,-587.713,-1907.22,-598.172
120,95,18.0875,-230.397,-1939.64,-570.858
125,95,-12.3895,134.644,-1970.23,-513.628
130,95,-110.019,499.762,-1980.49,-427.753
135,95,-260.654,847.318,-1948.24,-316.507
140,95,-446.96,1149.91,-1853.18,-185.065
145,95,-652.177,1373.79,-1683.63,-40.5817
150,95,-862.101,1485.45,-1442.09,107.177
155,95,-1063.8,1459.87,-1147.13,244.706
160,95,-1241.81,1287.82,-830.399,353.874
165,95,-1374.86,979.869,-529.606,412.463
170,95,-1436.37,565.779,-279.858,397.026
175,95,-1400.2,90.0632,-106.333,287.985
180,95,-1249.84,-394.907,-20.4631,75.5547
0,100,-11635,1520.96,1873.09,-428.247
5,100,-11956.4,-0.0359608,1930.24,111.984
10,100,-12174.6,-1450,1857.62,572.045
15,100,-12266.7,-2751.24,1668.39,937.251
20,100,-12210.5,-3839.44,1387.59,1206.55
25,100,-11987.2,-4671.01,1047.76,1388.76
30,100,-11584.9,-5228.74,682.929,1496.9
35,100,-11003.7,-5523.4,322.997,1543.08
40,100,-10259.3,-5589.62,-9.94572,1535.9
45,100,-9383.71,-5476.81,-302.649,1480.9
50,100,-8421.17,-5237.87,-549.554,1382.89
55,100,-7421.38,-4919.47,-750.578,1248.39
60,100,-6430.97,-4556.64,-908.936,1086.52
65,100,-5486.97,-4172.04,-1029.63,908.283
70,100,-4613.53,-3778.74,-1118.61,724.692
75,100,-3822.09,-3383.99,-1182.4,544.926
80,100,-3114.27,-2992.25,-1227.76,375.333
85,100,-2485.8,-2606.65,-1261.41,219.465
90,100,-1930.56,-2229.08,-1289.77,78.9389
95,100,-1443.67,-1859.65,-1318.88,-45.2912
100,100,-1023.43,-1496.19,-1354.45,-151.73
105,100,-671.768,-1134.29,-1401.72,-237.55
110,100,-393.209,-768.205,-1464.74,-298.498
115,100,-192.573,-392.499,-1544.87,-329.618
120,100,-72.138,-4.56603,-1638.44,-326.667
125,100,-29.4003,392.322,-1734.69,-287.808
130,100,-56.6785,786.019,-1815.26,-214.896
135,100,-143.024,1153.73,-1856.53,-113.765
140,100,-277.421,1462.95,-1835.1,6.60139
145,100,-450.922,1676.06,-1735.08,135.408
150,100,-655.477,1758.21,-1554.32,260.864
155,100,-879.155,1686.45,-1307.06,369.755
160,100,-1100.44,1456.99,-1021.34,446.147
165,100,-1285.92,1088.29,-732.067,470.688
170,100,-1394.49,619.235,-472.524,422.198
175,100,-1387.88,103.238,-267.343,282.155
180,100,-1243.31,-399.989,-129.316,40.8488
0,105,-11427.5,1477.85,2880.02,-559.178
5,105,-11771.3,237.153,2956.98,38.4278
10,105,-12093.8,-963.412,2920.36,558.474
15,105,-12354.8,-2057.93,2780.47,985.275
20,105,-12508.2,-2988.11,2557.82,1315.89
25,105,-12508.9,-3711.24,2278.92,1556.03
30,105,-12320.1,-4207.57,1970.64,1714.91
35,105,-11921.9,-4483.45,1655.54,1801.38
40,105,-11317,-4567.96,1349.51,1822.6
45,105,-10532.2,-4503.82,1062.04,1785
50,105,-9612.71,-4336.1,798.058,1696.13
55,105,-8613.2,-4102.99,559.933,1565.91
60,105,-7587.07,-3831.38,348.619,1406.27
65,105,-6578.71,-3537.21,163.903,1229.67
70,105,-5619.6,-3228.71,4.14752,1047.18
75,105,-4728.31,-2910.12,-133.881,867.126
80,105,-3913.17,-2584.23,-254.798,694.695
85,105,-3175.92,-2253.37,-364.067,532.485
90,105,-2515.42,-1919.18,-467.432,381.667
95,105,-1930.42,-1581.89,-570.584,243.384
100,105,-1421.25,-1239.81,-679.08,120.004
105,105,-990.089,-889.377,-798.254,15.9071
110,105,-639.9,-526.001,-932.603,-62.5377
115,105,-372.494,-145.763,-1084.25,-108.03
120,105,-186.508,251.972,-1250.5,-114.392
125,105,-76.5718,661.32,-1421.45,-79.0925
130,105,-34.5932,1066.74,-1578.94,-5.24143
135,105,-52.9688,1441.35,-1698.58,98.0037
140,105,-127.842,1748.37,-1755.1,217.044
145,105,-259.462,1946.63,-1729.71,336.71
150,105,-447.613,1999.61,-1616.73,442.689
155,105,-683.119,1885.43,-1426.37,521.984
160,105,-939.967,1604.4,-1182.46,561.3
165,105,-1173.77,1181.65,-915.7,545.158
170,105,-1329.6,664.274,-655.794,456.188
175,105,-1357.24,114.101,-425.261,278.902
180,105,-1227.3,-402.027,-237.185,5.83199
0,110,-11133,1423.49,3865.03,-685.853
5,110,-11491.1,468.665,3964.55,-80.6056
10,110,-11898,-475.456,3978.91,453.955
15,110,-12297.7,-1353.77,3912.57,902.552
20,110,-12623.8,-2113.8,3777.97,1261.28
25,110,-12808.6,-2714.6,3591.79,1533.12
30,110,-12794.9,-3135.48,3370.36,1723.4
35,110,-12547.7,-3379.94,3126.23,1837.35
40,110,-12061,-3472.26,2867.44,1880.06
45,110,-11359,-3448.04,2599.11,1858.08
50,110,-10488.2,-3343.22,2325.72,1780.78
55,110,-9506.29,-3186.21,2052.52,1660.4
60,110,-8470.14,-2995.31,1785.51,1510.57
65,110,-7427.7,-2780.45,1530.17,1344.3
70,110,-6414.5,-2546.67,1290.12,1172.12
75,110,-5454.06,-2297.12,1066.29,1001.29
80,110,-4560.35,-2034.57,857.019,835.949
85,110,-3740.93,-1761.42,658.747,678.095
90,110,-2999.85,-1479.08,466.856,528.896
95,110,-2339.8,-1187.27,276.265,390.088
100,110,-1763.23,-883.703,81.7028,265.125
105,110,-1272.39,-564.351,-122.08,159.846
110,110,-868.271,-224.508,-339.632,82.2946
115,110,-549.131,139.375,-573.206,41.3888
120,110,-309.462,526.948,-820.285,44.3887
125,110,-140.672,930.592,-1071.05,93.7272
130,110,-34.0765,1332.21,-1307.32,184.424
135,110,14.6087,1701.65,-1504.48,303.544
140,110,1.95438,1998.51,-1636.72,432.483
145,110,-81.8673,2178.44,-1684.27,551.271
150,110,-245.289,2203.06,-1639.62,642.667
155,110,-483.243,2050.83,-1509.97,693.658
160,110,-766.999,1725.05,-1314.67,693.787
165,110,-1043.06,1256.34,-1078.98,632.251
170,110,-1244.19,698.889,-827.173,496.964
175,110,-1309.09,122.057,-577.889,277.483
180,110,-1201.96,-401.006,-343.249,-29.2292
0,115,-10753.8,1358.3,4820.63,-807.308
5,115,-11117.2,686.28,4943.28,-244.395
10,115,-11584.5,-2.2275,5017.66,258.519
15,115,-12087.1,-661.926,5039.96,687.675
20,115,-12542,-1246.01,5011.59,1039.01
25,115,-12864.2,-1716.04,4936.56,1313.34
30,115,-12981.4,-2051.67,4818.29,1512.48
35,115,-12848.2,-2254.84,4657.9,1638.1
40,115,-12454,-2345.65,4455.17,1692.99
45,115,-11822.4,-2352.42,4211.12,1683.09
50,115,-11001.5,-2301.33,3930.4,1618.37
55,115,-10050.5,-2210.54,3621.82,1511.91
60,115,-9026.93,-2089.82,3296.84,1377.7
65,115,-7979.44,-1943.81,2966.93,1228.32
70,115,-6944.93,-1775.59,2641.19,1073.42
75,115,-5949.68,-1588.63,2325.01,919.316
80,115,-5011.67,-1386.77,2020.06,769.613
85,115,-4143.13,-1173.13,1725.02,626.331
90,115,-3352.51,-948.955,1436.68,491.191
95,115,-2645.77,-712.932,1150.72,366.835
100,115,-2027,-461.273,862.228,257.775
105,115,-1498.19,-188.435,566.226,170.895
110,115,-1058.29,111.475,258.52,115.145
115,115,-702.251,442.561,-62.5563,100.056
120,115,-420.907,804.237,-393.698,132.95
125,115,-202.971,1187.79,-724.318,215.328
130,115,-39.4545,1573.18,-1035.83,339.819
135,115,70.7891,1927.65,-1303.84,489.457
140,115,117.652,2207.85,-1503.49,640.469
145,115,82.4069,2366.67,-1616.11,767.85
150,115,-51.8389,2364,-1634.49,851.079
155,115,-284.885,2178.31,-1564.17,876.835
160,115,-587.06,1815.15,-1420.21,837.557
165,115,-898.127,1309.53,-1221.36,727.798
170,115,-1140.86,721.541,-984.713,542.126
175,115,-1244.5,126.689,-723.215,277.034
180,115,-1167.47,-396.932,-446.701,-64.0679
0,120,-10292.7,1282.77,5739.54,-922.62
5,120,-10652.1,881.932,5883.49,-450.76
10,120,-11153.7,440.236,6020.28,-24.909
15,120,-11720,-5.91142,6136.15,343.598
20,120,-12256.6,-415.207,6219.48,651.297
25,120,-12666.6,-752.236,6259.86,897.563
30,120,-12868.2,-997.919,6246.7,1081.35
35,120,-12810.4,-1153.41,6169.44,1201.21
40,120,-12481.1,-1235.16,6020.14,1257.54
45,120,-11904.6,-1264.48,5796.71,1254.91
50,120,-11130.4,-1258.13,5504.92,1202.55
55,120,-10218,-1224.51,5157.68,1112.83
60,120,-9224.12,-1165.55,4772.04,998.713
65,120,-8196.32,-1081.27,4365.31,871.515
70,120,-7171.11,-973.319,3951.84,739.772
75,120,-6175.64,-845.729,3541.33,609.229
80,120,-5230.05,-703.526,3138.73,483.579
85,120,-4349.25,-550.512,2745.06,365.499
90,120,-3544.21,-387.61,2358.56,257.682
95,120,-2822.61,-212.269,1975.72,163.76
100,120,-2189.08,-18.9037,1592.08,89.021
105,120,-1644.9,199.882,1203.04,40.7723
110,120,-1187.28,451.466,805.12,28.002
115,120,-808.79,740.794,397.836,59.8906
120,120,-497.933,1067.35,-13.9376,142.913
125,120,-241.947,1421.69,-418.122,276.95
130,120,-32.1563,1782.39,-795.421,451.826
135,120,129.757,2114.74,-1122.17,646.377
140,120,228.195,2373.21,-1375.79,831.578
145,120,237.081,2508.67,-1540.73,977.241
150,120,132.151,2479.78,-1612.2,1059.3
155,120,-91.3775,2265.13,-1595.58,1063.89
160,120,-404.478,1872.14,-1502.03,986.385
165,120,-742.87,1339.31,-1343.03,827.283
170,120,-1022.26,731.228,-1126.96,589.008
175,120,-1164.74,127.787,-859.432,276.607
180,120,-1124.1,-389.838,-546.753,-98.4191
0,125,-9753.3,1197.47,6614.76,-1030.91
5,125,-10099.7,1047.96,6775.74,-696.099
10,125,-10609,836.485,6970.41,-390.531
15,125,-11199.4,591.345,7174.33,-122.308
20,125,-11770.4,348.507,7362.07,106.479
25,125,-12219.4,140.085,7508.34,294.596
30,125,-12460.7,-16.4755,7588.66,438.949
35,125,-12441.3,-121.89,7581.65,535.465
40,125,-12149.9,-189.327,7472.82,582.081
45,125,-11612,-233.854,7258.25,581.226
50,125,-10877.9,-264.019,6945.73,540.118
55,125,-10006.6,-279.882,6552.71,469.01
60,125,-9053.26,-276.76,6101.8,378.706
65,125,-8063.67,-250.649,5615.82,278.667
70,125,-7073.18,-201.533,5114.01,176.274
75,125,-6108.66,-133.256,4610.1,77.0148
80,125,-5190.46,-51.0456,4112.17,-14.8831
85,125,-4333.91,41.405,3623.5,-95.751
90,125,-3550.03,143.874,3143.75,-161.85
95,125,-2846.07,260.095,2670.15,-208.792
100,125,-2225.74,397.023,2198.56,-231.018
105,125,-1689.06,563.287,1724.68,-221.466
110,125,-1231.94,767.127,1245.74,-171.841
115,125,-845.83,1013.87,762.599,-74.0154
120,125,-518.555,1302.88,282.026,77.0316
125,125,-237.386,1624.18,-182.094,279.087
130,125,5.27757,1955.43,-609.691,518.87
135,125,205.294,2260.79,-978.28,770.871
140,125,343.053,2493.52,-1268.66,1000.78
145,125,387.183,2603.58,-1470.03,1173.18
150,125,307.775,2549.29,-1581.73,1260.38
155,125,95.5263,2309.92,-1610.24,1247.88
160,125,-222.465,1894.67,-1563.31,1134.12
165,125,-580.64,1344.71,-1444.68,926.024
170,125,-890.991,727.531,-1252.9,634.797
175,125,-1071.28,125.365,-984.958,275.221
180,125,-1072.17,-379.777,-642.644,-132.021
0,130,-9139.67,1103.07,7439.65,-1131.35
5,130,-9464.88,1177.37,7611.08,-975.471
10,130,-9956.89,1172.18,7852.38,-829.808
15,130,-10533.9,1108.35,8128.82,-698.39
20,130,-11095.4,1016.69,8401.74,-581.113
25,130,-11538.8,925.994,8631.89,-478.913
30,130,-11779.3,852.147,8782.29,-396.133
35,130,-11765.9,794.95,8822.3,-339.04
40,130,-11488.5,744.22,8732.51,-312.366
45,130,-10974,690.117,8508.29,-316.605
50,130,-10272.4,630.566,8160.1,-347.646
55,130,-9441.34,571.841,7710.04,-398.383
60,130,-8534.24,523.747,7186.15,-460.871
65,130,-7595.22,493.833,6616.56,-527.794
70,130,-6658.43,484.387,6025.24,-592.921
75,130,-5749.69,493.12,5429.94,-650.918
80,130,-4888.18,516.113,4841.93,-697.003
85,130,-4087.54,550.917,4266.75,-726.693
90,130,-3356.59,598.426,3705.41,-735.603
95,130,-2700.06,663.205,3155.59,-719.148
100,130,-2119.24,752.61,2613.01,-672.106
105,130,-1612.29,875.233,2073.1,-588.214
110,130,-1174.09,1038.93,1533.16,-460.306
115,130,-796.061,1248.45,994.885,-281.643
120,130,-466.787,1502.58,466.568,-48.9312
125,130,-174.954,1790.82,-36.3175,233.273
130,130,85.2282,2090.46,-493.147,548.387
135,130,307.481,2365.42,-883.014,866.486
140,130,469.635,2569,-1190.81,1148.05
145,130,537.198,2651.59,-1411.44,1352.66
150,130,476.648,2572.46,-1549.36,1449.2
155,130,275.059,2312.39,-1613,1422.71
160,130,-43.3112,1882.46,-1607.04,1274.85
165,130,-414.253,1325.65,-1527.28,1019.33
170,130,-749.529,710.644,-1361.86,676.647
175,130,-965.7,119.671,-1098.44,271.907
180,130,-1012.08,-366.825,-733.644,-164.619
0,135,-8456.48,1000.27,8207.91,-1223.19
5,135,-8753.98,1264.04,8381.21,-1282.73
10,135,-9206.91,1434.58,8651.87,-1331.69
15,135,-9737.93,1525.88,8976.39,-1369.06
20,135,-10251.7,1563.82,9304.88,-1391.61
25,135,-10651.7,1574.08,9586.48,-1399.05
30,135,-10858.3,1571.33,9774.16,-1396.25
35,135,-10824.5,1556.24,9830.29,-1391.42
40,135,-10542.8,1521.39,9732.09,-1392.31
45,135,-10040.1,1461.08,9475.07,-1403.08
50,135,-9365.08,1377.88,9072.52,-1423.58
55,135,-8573.16,1282.39,8551.03,-1450.49
60,135,-7715.92,1188.14,7943.84,-1479.03
65,135,-6835.96,1105.9,7284.37,-1504.12
70,135,-5966.2,1040.86,6601.61,-1520.8
75,135,-5131.06,993.546,5917.69,-1524.19
80,135,-4347.58,962.597,5247.43,-1509.51
85,135,-3626.38,947.597,4598.79,-1472.24
90,135,-2972.57,950.634,3973.95,-1408.19
95,135,-2386.98,976.459,3370.52,-1313.32
100,135,-1867.48,1031.68,2783.2,-1183.28
105,135,-1409.81,1123.49,2205.99,-1012.9
110,135,-1007.9,1258.07,1635.01,-796.181
115,135,-653.588,1438.64,1071.61,-527.738
120,135,-337.179,1662.89,524.602,-205.991
125,135,-49.7065,1919.83,10.3032,162.104
130,135,212.234,2186.87,-450.617,556.622
135,135,440.457,2428.69,-839.191,943.34
140,135,611.465,2599.99,-1144.67,1277.93
145,135,689.645,2653.12,-1367.89,1515.54
150,135,639.917,2549.77,-1518.6,1622.24
155,135,446.865,2273.14,-1607.31,1583.03
160,135,131.367,1836.28,-1635.73,1403
165,135,-246.034,1283.02,-1591.86,1102.65
170,135,-600.219,681.375,-1453.45,711.804
175,135,-849.698,111.179,-1198.75,265.762
180,135,-944.283,-351.082,-819.06,-195.963
0,140,-7708.94,889.853,8913.71,-1305.71
5,140,-7974.27,1302.95,9078.74,-1610.66
10,140,-8371.03,1612.99,9356.52,-1882.92
15,140,-8830.11,1827.76,9697.44,-2115.29
20,140,-9266.44,1968.46,10043.7,-2300.36
25,140,-9593.93,2058.01,10336.5,-2435.68
30,140,-9742.09,2110.38,10522.1,-2525.99
35,140,-9670.01,2127.46,10558.5,-2581.33
40,140,-9372.41,2104.46,10421.3,-2612.84
45,140,-8875.53,2038.83,10106.6,-2629.06
50,140,-8225.43,1936.17,9630.12,-2634.41
55,140,-7474.69,1809.9,9022.56,-2629.72
60,140,-6672.41,1676.28,8322.06,-2613.54
65,140,-5859.39,1549.04,7567.48,-2583.25
70,140,-5066.97,1436.72,6793.24,-2535.61
75,140,-4317.6,1343.24,6026.43,-2467.08
80,140,-3625.57,1270.19,5285.75,-2374.08
85,140,-2997.92,1219.13,4581.65,-2253.29
90,140,-2435.63,1192.81,3917.05,-2101.81
95,140,-1935.38,1195.3,3288.66,-1916.86
100,140,-1491.39,1231.44,2688.98,-1695.22
105,140,-1096.89,1306,2109.18,-1432.61
110,140,-744.702,1422.66,1542.75,-1123.9
115,140,-427.262,1582.52,989.219,-764.656
120,140,-136.848,1781.92,456.628,-354.784
125,140,132.72,2009.44,-38.9197,96.488
130,140,382.19,2243.15,-477.491,566.075
135,140,601.704,2449.47,-842.45,1015.93
140,140,767.435,2585.84,-1127.37,1397.74
145,140,844.337,2608.15,-1338.57,1663.32
150,140,797.62,2481.86,-1490.49,1776.9
155,140,610.556,2193.48,-1595.2,1724.02
160,140,300.393,1757.86,-1651.35,1513.3
165,140,-77.8848,1218.6,-1639.46,1171.71
170,140,-445.244,641.132,-1527.52,737.725
175,140,-725.037,100.577,-1284.99,255.996
180,140,-869.304,-332.667,-898.243,-225.816
0,145,-6902.72,772.666,9551.67,-1378.3
5,145,-7133.91,1290.32,9697.32,-1951.23
10,145,-7463.3,1699.16,9956.44,-2468.49
15,145,-7832.99,2001.45,10276.9,-2915.33
20,145,-8171.93,2214.17,10597.6,-3278.99
25,145,-8408.27,2357.85,10856.3,-3553.89
30,145,-8483.32,2446.24,10996.8,-3744.03
35,145,-8363.55,2482.78,10976,-3861.15
40,145,-8046.11,2465.06,10769.1,-3920.09
45,145,-7555.77,2392.87,10373.2,-3934.3
50,145,-6935.07,2273.78,9806.28,-3913.29
55,145,-6232.69,2122.94,9102.26,-3862.44
60,145,-5494.43,1958.76,8303.82,-3784.06
65,145,-4758.3,1797.81,7455.19,-3678.62
70,145,-4053.03,1651.96,6596.37,-3545.73
75,145,-3398.16,1528.3,5759.46,-3384.65
80,145,-2804.69,1430.82,4966.91,-3194.62
85,145,-2276.05,1362.14,4231.01,-2975.04
90,145,-1809.61,1324.63,3554.58,-2725.26
95,145,-1398.66,1320.71,2932.33,-2444.14
100,145,-1034.55,1352.69,2353.47,-2129.32
105,145,-708.516,1422.46,1805.28,-1776.88
110,145,-412.557,1530.91,1277.6,-1381.75
115,145,-139.715,1676.93,767.156,-939.924
120,145,115.798,1855.52,280.156,-452.372
125,145,357.448,2055.13,-168.604,69.7139
130,145,583.483,2255.02,-560.857,600.587
135,145,782.802,2424.25,-882.809,1099.28
140,145,932.141,2524.28,-1132.21,1514.9
145,145,998.37,2515.9,-1320.05,1797.42
150,145,948.482,2369.53,-1464.3,1910.55
155,145,765.463,2075.42,-1577.62,1841.04
160,145,462.847,1649.91,-1655.3,1600.84
165,145,88.6249,1135.08,-1670.96,1222.62
170,145,-286.637,591.884,-1584.03,752.191
175,145,-593.525,88.7439,-1356.48,241.982
180,145,-787.709,-311.72,-970.59,-253.951
0,150,-6043.97,649.599,10116.9,-1440.4
5,150,-6241.77,1223.8,10231.8,-2295.77
10,150,-6499.29,1687.54,10444.6,-3072.05
15,150,-6771.63,2038.54,10705.1,-3745.45
20,150,-7004.16,2290.13,10954.1,-4296.57
25,150,-7141.64,2460.92,11131.4,-4715.71
30,150,-7139,2564.78,11183.2,-5005.5
35,150,-6970.99,2606.8,11068.4,-5179.08
40,150,-6637.34,2586.68,10764,-5255.15
45,150,-6160.87,2505.93,10268.5,-5252.41
50,150,-5579.84,2373.21,9601.64,-5186.1
55,150,-4938.12,2204.8,8799.85,-5066.92
60,150,-4276.93,2020.83,7909.61,-4901.98
65,150,-3630.04,1840.36,6979.79,-4696.25
70,150,-3022.02,1678.09,6055.19,-4453.89
75,150,-2468.28,1543.49,5171.89,-4178.83
80,150,-1975.93,1441.78,4354.68,-3874.86
85,150,-1545.04,1375.39,3616.25,-3545.27
90,150,-1170.29,1345.14,2957.83,-3192.19
95,150,-843.036,1350.98,2371.07,-2815.9
100,150,-553.313,1392.26,1841.27,-2414.22
105,150,-291.628,1467.86,1351.68,-1982.61
110,150,-50.0294,1576.06,888.553,-1515.25
115,150,177.502,1713.74,445.822,-1007.88
120,150,394.924,1874.89,27.5229,-462.137
125,150,603.423,2048.19,-353.592,109.337
130,150,799.363,2214.7,-681.827,678.987
135,150,971.157,2346.99,-946.857,1204.34
140,150,1097,2411.57,-1150.54,1633.75
145,150,1146.72,2375.2,-1307.66,1917.32
150,150,1090.12,2213.96,-1438.37,2019.67
155,150,910.605,1921.93,-1554.76,1929.28
160,150,617.955,1516.2,-1648.49,1661.06
165,150,252.182,1035.98,-1687.08,1252
170,150,-126.295,536.105,-1623.08,753.419
175,150,-456.99,76.7112,-1412.77,223.292
180,150,-700.119,-288.4,-1035.55,-280.152
0,155,-5139.22,521.589,10605.2,-1491.53
5,155,-5307.18,1102.52,10678.2,-2635.24
10,155,-5495.37,1575.48,10817,-3676.48
15,155,-5672.36,1935,10978,-4580.82
20,155,-5800.71,2191.53,11109.3,-5320.95
25,155,-5842.71,2362.26,11158.9,-5882.05
30,155,-5767.63,2461.38,11080.4,-6264.65
35,155,-5559.03,2495.57,10838.5,-6482.88
40,155,-5219.31,2466.27,10414.1,-6559.14
45,155,-4769.18,2376.09,9808.14,-6517.83
50,155,-4242.02,2234.09,9041.77,-6380.73
55,155,-3675.9,2056.96,8153.23,-6165.32
60,155,-3106.14,1865.86,7191.39,-5885.32
65,155,-2560.75,1681.57,6207.98,-5552.37
70,155,-2058.64,1520.69,5250.38,-5177.24
75,155,-1610,1393.98,4356.08,-4770.31
80,155,-1217.58,1306.72,3549.61,-4341.06
85,155,-878.386,1260.08,2841.65,-3897.08
90,155,-585.483,1252.58,2230.15,-3443
95,155,-329.81,1281.26,1702.91,-2979.73
100,155,-101.888,1342.4,1241.5,-2504.27
105,155,106.767,1432.08,826.083,-2010.55
110,155,302.752,1546.21,440.684,-1491.36
115,155,490.452,1680.11,77.5821,-941.8
120,155,672.012,1827.12,-260.78,-363.772
125,155,846.938,1976.66,-563.85,229.256
130,155,1010.66,2112.14,-819.146,809.148
135,155,1152.11,2210.35,-1020.41,1333.79
140,155,1251.81,2243.66,-1173.67,1753
145,155,1283.24,2185.38,-1296.76,2019.14
150,155,1219.54,2017.4,-1410.83,2099.17
155,155,1044.83,1737.2,-1526.44,1983.73
160,155,765.048,1361.63,-1631.44,1689.87
165,155,411.658,925.665,-1688.36,1257.19
170,155,33.9924,476.686,-1644.84,740.168
175,155,-317.263,65.6206,-1453.61,199.736
180,155,-607.201,-262.886,-1092.63,-304.222
0,160,-4195.36,389.608,11012.8,-1531.31
5,160,-4339.71,927.155,11034.1,-2960.5
10,160,-4468.08,1363.37,11073,-4264.39
15,160,-4561.52,1691.28,11097,-5396.38
20,160,-4598.88,1919.59,11067.8,-6320.04
25,160,-4559.32,2064.56,10947.1,-7014.53
30,160,-4426.12,2140.82,10701.2,-7477.53
35,160,-4191.55,2156.42,10304.6,-7723.6
40,160,-3860.73,2114.11,9744.76,-7778.7
45,160,-3452.07,2016.87,9026.15,-7673.31
50,160,-2993.6,1873.3,8171.51,-7437.07
55,160,-2516.68,1699.37,7219.71,-7096.26
60,160,-2049.67,1515.98,6219.89,-6673.81
65,160,-1613.73,1344.3,5223.61,-6190.44
70,160,-1221.37,1201.5,4277.13,-5665.53
75,160,-877.118,1098.48,3415.54,-5116.92
80,160,-579.402,1039.81,2659.57,-4559.87
85,160,-322.644,1024.97,2015.25,-4005.59
90,160,-99.1546,1050.06,1475.75,-3460.07
95,160,99.3018,1109.36,1024.82,-2923.63
100,160,280.275,1196.45,641.289,-2391.6
105,160,449.762,1304.97,304.102,-1855.86
110,160,611.779,1428.96,-2.79894,-1307.72
115,160,768.379,1562.53,-286.838,-741.675
120,160,919.874,1698.85,-545.893,-159.702
125,160,1064.7,1828.48,-771.167,424.706
130,160,1198.29,1937.7,-953.576,984.363
135,160,1311.02,2008.05,-1091.3,1479.67
140,160,1386.39,2018.04,-1194.54,1864.33
145,160,1401.81,1947.6,-1283.74,2095.05
150,160,1333.79,1783.97,-1380.21,2142.39
155,160,1167.06,1527.09,-1492.34,1999.26
160,160,903.575,1192.3,-1604.39,1683.84
165,160,566.045,809.199,-1675.18,1236.36
170,160,192.519,416.837,-1649.55,711.823
175,160,-176.16,56.6726,-1478.94,171.379
180,160,-509.661,-235.371,-1141.39,-325.977
0,165,-3219.57,254.663,11336.5,-1559.44
5,165,-3348.96,699.94,11298,-3262.56
10,165,-3433.42,1054.57,11214.7,-4818.7
15,165,-3464.13,1312.24,11069.4,-6167.72
20,165,-3433.75,1481.27,10842.5,-7263.08
25,165,-3336.08,1577.59,10515.3,-8077.21
30,165,-3166.87,1616.34,10071.4,-8604.32
35,165,-2926.38,1606.61,9499.29,-8858.94
40,165,-2622.12,1551.86,8795.8,-8870.44
45,165,-2269.99,1454.62,7970.37,-8676.01
50,165,-1892.19,1321.73,7047.35,-8314.71
55,165,-1512.76,1166.79,6064.76,-7824.01
60,165,-1152.6,1008.47,5069.04,-7238.7
65,165,-825.944,866.353,4107.52,-6590.86
70,165,-539.197,756.579,3220.81,-5909.66
75,165,-291.961,689.213,2437.17,-5220.41
80,165,-79.1827,667.74,1770.02,-4543.01
85,165,106.51,690.168,1218.47,-3890.59
90,165,272.869,750.793,770.103,-3268.8
95,165,426.681,841.93,405.14,-2676.22
100,165,572.969,955.265,101.23,-2105.95
105,165,714.671,1082.79,-161.766,-1548.06
110,165,852.766,1217.27,-397.673,-992.898
115,165,986.775,1352.17,-611.572,-434.777
120,165,1115.31,1480.91,-800.177,124.34
125,165,1236.18,1595.61,-955.616,671.846
130,165,1345.37,1685.72,-1071.9,1183.23
135,165,1435.15,1737.63,-1151.57,1623.61
140,165,1492.12,1735.87,-1208.89,1952.88
145,165,1497.43,1666.32,-1266.58,2133.81
150,165,1430.58,1520.47,-1345.65,2141.54
155,165,1276.55,1299.36,-1452.17,1971.09
160,165,1033.13,1015.55,-1567.36,1640.55
165,165,714.407,692.254,-1647.75,1188.69
170,165,347.631,359.953,-1637.5,668.474
175,165,-35.4617,51.0695,-1488.93,138.561
180,165,-408.243,-206.064,-1181.47,-345.25
0,170,-2219.28,117.779,11574,-1575.71
5,170,-2344.3,424.605,11469.8,-3532.89
10,170,-2406.21,655.318,11247.2,-5323.11
15,170,-2402.79,806.853,10907.3,-6871.8
20,170,-2336.51,888.752,10453.7,-8121.66
25,170,-2212.16,917.328,9891.95,-9037.91
30,170,-2035.33,908.182,9227.65,-9611.03
35,170,-1812.65,871.021,8466.72,-9855.29
40,170,-1553.33,809.263,7617.97,-9803.59
45,170,-1270.38,723.866,6697.15,-9500.55
50,170,-979.907,618.339,5730,-8996.17
55,170,-698.544,501.702,4751.76,-8341.17
60,170,-440.069,387.933,3802.8,-7584.26
65,170,-212.762,292.683,2921.87,-6770.23
70,170,-18.5491,229.334,2139.36,-5938.23
75,170,146.061,206.213,1472.78,-5119.92
80,170,287.938,225.722,925.532,-4337.97
85,170,415.078,285.077,488.488,-3605.31
90,170,534.759,377.876,143.705,-2925.56
95,170,652.357,495.765,-131.056,-2294.75
100,170,770.819,629.82,-357.666,-1703.8
105,170,890.688,771.528,-553.474,-1141.69
110,170,1010.61,913.355,-728.292,-598.678
115,170,1128.18,1048.86,-883.344,-69.4285
120,170,1240.73,1172.26,-1013,444.304
125,170,1345.56,1277.56,-1109.45,931.826
130,170,1439.17,1357.49,-1169.17,1372.98
135,170,1515.32,1402.99,-1198.58,1739.57
140,170,1563.23,1403.79,-1215.58,1999.36
145,170,1567.13,1350.41,-1244.78,2122.45
150,170,1508.85,1236.94,-1306.81,2088.92
155,170,1373.11,1063.89,-1405.59,1895.53
160,170,1153.45,839.755,-1520.13,1558.98
165,170,855.821,580.893,-1606.13,1114.61
170,170,497.696,309.464,-1609.06,610.961
175,170,103.097,49.9554,-1483.91,101.892
180,170,-303.718,-175.19,-1212.55,-361.896
0,175,-1202.1,-20.0007,11723.3,-1579.97
5,175,-1334.7,106.303,11550.8,-3763.59
10,175,-1399.53,174.57,11178,-5762.64
15,175,-1396.57,187.859,10627,-7487.73
20,175,-1332.91,158.769,9927.78,-8870.55
25,175,-1219.49,104.736,9113.61,-9869.16
30,175,-1067.92,41.7152,8215.57,-10470.4
35,175,-888.876,-20.6272,7259.95,-10688.5
40,175,-692.107,-79.8953,6269.47,-10560.2
45,175,-487.37,-138.059,5267.01,-10138.4
50,175,-284.848,-196.824,4279.03,-9484.89
55,175,-94.4156,-254.075,3335.9,-8664.76
60,175,76.0046,-303.118,2468.72,-7741.35
65,175,222.1,-334.593,1703.92,-6772.16
70,175,343.943,-339.58,1058.15,-5805.36
75,175,445.531,-312.262,535.582,-4877.35
80,175,533.378,-251.182,128.155,-4011.57
85,175,614.736,-159.045,-181.629,-3219.05
90,175,696.039,-41.627,-416.505,-2500.4
95,175,781.837,93.5924,-599.927,-1848.8
100,175,874.317,238.639,-751.93,-1253.54
105,175,973.346,385.947,-885.894,-703.23
110,175,1076.95,528.941,-1006.72,-188.738
115,175,1182.08,662.278,-1111.14,294.73
120,175,1285.4,781.692,-1190.65,746.142
125,175,1383.59,883.396,-1236.97,1157.82
130,175,1472.81,963.229,-1248.36,1515.31
135,175,1547.31,1015.92,-1234.36,1798.4
140,175,1597.75,1035,-1215.85,1983.58
145,175,1610.5,1013.72,-1218.88,2048.64
150,175,1568.95,946.77,-1263.55,1978.48
155,175,1457.13,832.412,-1352.1,1770.86
160,175,1264.4,674.128,-1462.24,1439.91
165,175,989.323,481.309,-1550.31,1015.86
170,175,641.09,268.668,-1564.69,540.888
175,175,237.846,54.3562,-1464.42,62.2392
180,175,-196.881,-142.982,-1234.41,-375.788
0,180,-175.766,-157.628,11783.5,-1572.22
5,180,-328.587,-248.527,11542.8,-3947.72
10,180,-424.307,-376.316,11016.5,-6124.04
15,180,-460.222,-528.761,10248.2,-7997.25
20,180,-442.103,-688.25,9295.81,-9488.36
25,180,-381.217,-835.486,8222.63,-10548.7
30,180,-290.548,-954.432,7087.31,-11161.9
35,180,-181.719,-1036.4,5938.27,-11343
40,180,-63.5844,-1081.33,4813.16,-11133.3
45,180,57.4655,-1095.72,3742.02,-10594.1
50,180,176.359,-1088.35,2751.01,-9799.19
55,180,288.463,-1066.15,1863.75,-8827.59
60,180,389.61,-1031.92,1099.7,-7756.26
65,180,476.907,-984.576,470.609,-6653.9
70,180,549.643,-921.085,-22.2962,-5575.98
75,180,609.679,-838.786,-389.083,-4561.9
80,180,661.059,-737.007,-649.213,-3634.62
85,180,709.078,-617.561,-827.838,-2802.61
90,180,759.164,-484.33,-951.407,-2063.35
95,180,815.927,-342.428,-1043.53,-1407.64
100,180,882.504,-197.317,-1121.63,-823.614
105,180,960.216,-54.0975,-1194.74,-299.982
110,180,1048.53,83.0065,-1262.88,171.831
115,180,1145.25,210.922,-1318.54,596.601
120,180,1246.92,327.697,-1350.6,974.928
125,180,1349.16,432.054,-1350.29,1303.15
130,180,1446.66,522.524,-1317.27,1573.31
135,180,1532.64,596.445,-1263.49,1773.41
140,180,1597.87,649.291,-1211.91,1888.53
145,180,1629.78,674.824,-1189.42,1903.54
150,180,1612.66,666.243,-1215.4,1807.46
155,180,1529.53,618.066,-1290.81,1598.21
160,180,1365.85,528.189,-1392.99,1286.32
165,180,1113.84,399.494,-1480.2,895.625
170,180,776.169,240.552,-1504.96,460.604
175,180,367.2,65.1222,-1431.19,20.7018
180,180,-88.5459,-109.686,-1246.87,-386.819
0,185,851.903,-294.057,11754,-1552.5
5,185,666.313,-632.326,11448.6,-4079.45
10,185,511.055,-983.897,10773.4,-6396.16
15,185,396.441,-1324.33,9792.47,-8385.26
20,185,324.278,-1629.01,8591.84,-9957.88
25,185,289.301,-1876.11,7265.05,-11059.4
30,185,282.458,-2049.99,5899,-11671.5
35,185,294.71,-2144.21,4564.65,-11810.7
40,185,319.659,-2162.72,3314.46,-11523.5
45,185,354.04,-2118.26,2184.93,-10879.7
50,185,396.322,-2028.38,1200.78,-9964.13
55,185,444.775,-1910.61,377.584,-8867.76
60,185,496.343,-1778.68,-277.949,-7678.52
65,185,546.912,-1641.05,-769.19,-6473.52
70,185,592.567,-1501.48,-1110.17,-5313.28
75,185,630.989,-1360.91,-1324.34,-4238.89
80,185,662.293,-1219.34,-1441.32,-3272.49
85,185,689.082,-1077.08,-1492.61,-2420.39
90,185,715.88,-935.145,-1507.29,-1677.84
95,185,748.243,-795.078,-1508.48,-1033.98
100,185,791.724,-658.543,-1510.81,-476.211
105,185,850.829,-526.858,-1519.34,6.96125
110,185,928.024,-400.639,-1529.95,424.397
115,185,1023,-279.604,-1531.87,782.065
120,185,1132.41,-162.665,-1512.35,1083.34
125,185,1250.25,-48.4724,-1462.67,1329.25
130,185,1368.65,63.5509,-1383.97,1518.27
135,185,1478.53,171.908,-1290.03,1645.82
140,185,1569.59,271.985,-1205.07,1704.29
145,185,1629.47,355.88,-1155.96,1684.35
150,185,1642.79,413.457,-1161.05,1577.95
155,185,1591.49,434.464,-1220.26,1382.32
160,185,1457.57,411.17,-1311.43,1103.6
165,185,1228.15,340.858,-1395.72,758.535
170,185,901.276,227.608,-1430.63,373.134
175,185,489.675,82.8766,-1385.11,-21.4293
180,185,20.4631,-75.5547,-1249.84,-394.907
0,190,1873.09,-428.247,11635,-1520.96
5,190,1643.04,-1036.62,11271.8,-4154.23
10,190,1400.8,-1633.04,10460.1,-6570.27
15,190,1168.82,-2178.05,9282.42,-8640.06
20,190,962.543,-2638.17,7850.98,-10266.3
25,190,789.081,-2988.43,6288.21,-11389.5
30,190,648.843,-3214.26,4708.12,-11990.5
35,190,539.116,-3313.03,3203.23,-12088.2
40,190,457.484,-3294.63,1839.7,-11735.1
45,190,403.19,-3179.83,659.311,-11008.9
50,190,376.093,-2996.22,-315.688,-10003.7
55,190,374.494,-2772.73,-1078.21,-8819.13
60,190,393.621,-2534.51,-1633.97,-7550.38
65,190,425.825,-2299.87,-2000.27,-6279.54
70,190,462.34,-2079.64,-2204.55,-5069.71
75,190,495.642,-1878.49,-2281.48,-3962.65
80,190,521.405,-1697.06,-2268.82,-2979.96
85,190,539.474,-1533.78,-2202.85,-2126.98
90,190,553.772,-1386.23,-2114.34,-1397.95
95,190,571.367,-1251.68,-2025.57,-781.211
100,190,600.924,-1127.13,-1948.74,-263.415
105,190,650.758,-1009.27,-1885.79,167.921
110,190,726.752,-894.247,-1829.74,523.319
115,190,830.574,-777.714,-1768.09,811.384
120,190,958.801,-655.175,-1687.85,1039.24
125,190,1103.39,-522.825,-1581.47,1212.66
130,190,1253.35,-378.889,-1451.94,1335.62
135,190,1396.75,-225.172,-1314.58,1409.25
140,190,1521.67,-68.2098,-1194.03,1431.25
145,190,1615.42,80.6684,-1116.25,1396.25
150,190,1662.61,206.74,-1098.04,1297.85
155,190,1644.08,294.558,-1138.44,1131.84
160,190,1539.01,331.264,-1216.46,899.609
165,190,1330.79,309.833,-1296.93,610.525
170,190,1014.74,231.668,-1342.64,282.067
175,190,603.912,107.973,-1327.28,-62.7231
180,190,129.316,-40.8488,-1243.31,-399.989
0,195,2880.02,-559.178,11427.5,-1477.85
5,195,2595.41,-1452.23,11016.2,-4168.99
10,195,2241.83,-2307.35,10087.8,-6640.28
15,195,1857.56,-3067.63,8740.05,-8753.66
20,195,1477.02,-3689.1,7107.47,-10405.1
25,195,1125.62,-4143.12,5338.26,-11531.8
30,195,818.529,-4416.92,3570.82,-12114.6
35,195,563.049,-4513.37,1916.94,-12175.8
40,195,362.161,-4450.31,454.635,-11773.7
45,195,216.827,-4258.18,-770.389,-10993.3
50,195,125.939,-3975.46,-1738.9,-9935.29
55,195,84.896,-3642.52,-2451.89,-8704.61
60,195,84.6007,-3295.45,-2925.98,-7399.67
65,195,112.123,-2961.82,-3190.06,-6103.89
70,195,153.051,-2659.15,-3282.1,-4880.48
75,195,194.608,-2395.67,-3245.19,-3770.93
80,195,228.388,-2172.54,-3122.82,-2796.66
85,195,251.921,-1986.32,-2954.38,-1963.01
90,195,268.829,-1830.99,-2771.42,-1264.28
95,195,287.688,-1699.31,-2595.34,-688.565
100,195,319.887,-1583.4,-2436.49,-221.533
105,195,376.832,-1474.99,-2294.81,151.212
110,195,466.918,-1365.54,-2162.1,443.096
115,195,592.988,-1246.54,-2025.88,666.388
120,195,751.083,-1110.26,-1874.61,832.276
125,195,931.127,-950.955,-1703.15,950.627
130,195,1119.38,-766.569,-1516.87,1029.24
135,195,1301.43,-560.442,-1332.4,1072.76
140,195,1463.92,-342.321,-1174.01,1081.88
145,195,1593.68,-128.008,-1065.86,1053.33
150,195,1675.05,62.6816,-1022.71,981.211
155,195,1687.87,209.318,-1042.83,859.347
160,195,1609.18,294.858,-1106.96,684.391
165,195,1420.05,309.485,-1184.08,458.618
170,195,1114.9,253.759,-1242.2,191.394
175,195,708.699,140.464,-1258.94,-101.669
180,195,237.185,-5.83199,-1227.3,-402.027
0,200,3865.03,-685.853,11133,-1423.49
5,200,3518.03,-1869.57,10685.9,-4122.17
10,200,3033.55,-2989.6,9667.32,-6602.92
15,200,2468.27,-3969.89,8185.65,-8721.81
20,200,1879.7,-4754.55,6392.78,-10370.4
25,200,1316.49,-5310.87,4457.75,-11483.8
30,200,813.275,-5628.47,2539.19,-12043.6
35,200,390.694,-5717.29,764.859,-12075.8
40,200,58.4726,-5604.87,-777.661,-11644.3
45,200,-181.374,-5332.67,-2039.93,-10839.7
50,200,-332.957,-4950.5,-3005.71,-9767.07
55,200,-406.249,-4509.54,-3682.88,-8533.34
60,200,-416.7,-4055.68,-4096.72,-7236.48
65,200,-383.629,-3624.54,-4284.81,-5957.99
70,200,-327.233,-3239.37,-4292.55,-4758.97
75,200,-265.027,-2911.51,-4168.48,-3679.43
80,200,-208.769,-2642.6,-3959.46,-2740.37
85,200,-162.727,-2427.48,-3706.33,-1947.43
90,200,-123.614,-2256.83,-3440.6,-1295.33
95,200,-82.0794,-2119.14,-3182.7,-772.001
100,200,-25.4014,-2001.95,-2941.83,-361.871
105,200,59.1107,-1892.39,-2717.21,-48.1001
110,200,180.604,-1777.69,-2501.05,186.114
115,200,341.865,-1645.76,-2282.67,356.797
120,200,538.084,-1486.28,-2053.54,478.613
125,200,757.798,-1292.36,-1811.96,564.161
130,200,985.751,-1062.44,-1566,623.118
135,200,1206.3,-802.122,-1333.26,661.404
140,200,1405.32,-524.904,-1136.89,680.633
145,200,1569.26,-251.279,-998.521,678.106
150,200,1682.02,-5.94012,-930.546,647.538
155,200,1722.51,186.427,-930.743,580.658
160,200,1666.47,305.814,-982.024,469.718
165,200,1493.98,341.198,-1057.8,310.564
170,200,1200.15,293.997,-1130.82,105.314
175,200,803,180.085,-1181.5,-136.747
180,200,343.249,29.2292,-1201.96,-401.006
0,205,4820.63,-807.308,10753.8,-1358.3
5,205,4406.22,-2278.85,10285.1,-4013.84
10,205,3777.58,-3662.23,9208.06,-6457.8
15,205,3010.91,-4861.26,7636.58,-8544.08
20,205,2189.4,-5807.24,5733.76,-10162.3
25,205,1388.48,-6462.85,3683.26,-11246.8
30,205,665.876,-6820.5,1658.57,-11780.4
35,205,58.3667,-6898.21,-200.597,-11792.3
40,205,-416.274,-6734.56,-1799.57,-11350.9
45,205,-755.203,-6382.88,-3088.02,-10550.7
50,205,-966.812,-5904.24,-4052.14,-9498.98
55,205,-1068,-5359.74,-4704.91,-8301.81
60,205,-1081.77,-4803.53,-5077.78,-7054
65,205,-1034.31,-4277.73,-5214.1,-5832.67
70,205,-951.448,-3810.17,-5163.8,-4694.8
75,205,-854.903,-3414.71,-4978.3,-3677.53
80,205,-759.32,-3093.45,-4705.74,-2800.46
85,205,-670.747,-2839.86,-4386.9,-2068.92
90,205,-586.913,-2641.89,-4052.51,-1477.66
95,205,-499.125,-2484.53,-3722.01,-1014.17
100,205,-395.331,-2351.49,-3404.05,-661.59
105,205,-263.729,-2226.24,-3098.35,-400.825
110,205,-96.24,-2092.76,-2798.96,-212.24
115,205,108.922,-1936.42,-2498.44,-77.0183
120,205,346.306,-1745.34,-2192.3,21.6019
125,205,604.312,-1512.21,-1882.74,97.2514
130,205,867.942,-1236.46,-1580.35,159.642
135,205,1121.9,-926.051,-1303.13,214.176
140,205,1352.19,-598.016,-1072.43,261.906
145,205,1545.04,-277.069,-906.969,299.667
150,205,1683.75,7.96512,-816.838,320.366
155,205,1746.52,229.175,-799.744,313.761
160,205,1708.59,364.908,-841.262,268.313
165,205,1550.41,404.444,-919.206,174.38
170,205,1268.98,351.531,-1010.34,28.0058
175,205,885.978,226.256,-1096.5,-166.493
180,205,446.701,64.0679,-1167.47,-396.932
0,210,5739.54,-922.62,10292.7,-1282.77
5,210,5255.92,-2670.38,9817.9,-3845.67
10,210,4477.25,-4307.75,8717.72,-6207.43
15,210,3498.95,-5718.4,7106.27,-8223.81
20,210,2430.6,-6820.33,5151.02,-9785.18
25,210,1376.2,-7571.12,3043.18,-10826.3
30,210,418.854,-7965.84,964.888,-11331.1
35,210,-386.459,-8030.96,-936.754,-11331.2
40,210,-1012.63,-7816.65,-2562.48,-10897.5
45,210,-1455.63,-7388.37,-3860.62,-10126.7
50,210,-1728.38,-6818.08,-4818.79,-9125.7
55,210,-1855.18,-6175.68,-5453.08,-7997.91
60,210,-1866.85,-5522.07,-5798.56,-6833.03
65,210,-1796.47,-4904.3,-5901.77,-5702.15
70,210,-1675.26,-4353.62,-5814.75,-4656.57
75,210,-1529.03,-3885.86,-5589.74,-3729.1
80,210,-1375.53,-3503.62,-5274.48,-2936.61
85,210,-1223.37,-3199.55,-4908.62,-2283
90,210,-1072.7,-2959.73,-4521.53,-1762.24
95,210,-917.35,-2766.69,-4131.69,-1361.13
100,210,-747.948,-2601.47,-3747.77,-1061.78
105,210,-555.358,-2445.14,-3370.89,-843.717
110,210,-333.681,-2279.74,-2997.94,-685.831
115,210,-82.3031,-2089.33,-2625.42,-568.155
120,210,193.5,-1861.38,-2253.14,-473.55
125,210,483.52,-1588.71,-1886.83,-388.962
130,210,774.751,-1271.75,-1538.94,-306.024
135,210,1053.64,-920.433,-1227.03,-220.945
140,210,1307.04,-554.614,-970.18,-134.033
145,210,1521.07,-202.332,-784.237,-49.3853
150,210,1678.48,104.46,-677.489,25.0156
155,210,1757.1,335.752,-648.234,77.3013
160,210,1732.63,469.521,-685.108,92.9103
165,210,1587.07,496.697,-770.09,57.8296
170,210,1320.1,424.549,-882.976,-36.6123
175,210,957.021,278.091,-1005.58,-189.575
180,210,546.753,98.4191,-1124.1,-389.838
0,215,6614.76,-1030.91,9753.3,-1197.47
5,215,6063.53,-3034.82,9288.27,-3620.9
10,215,5137.1,-4909.26,8201.9,-5857.21
15,215,3948.25,-6518.71,6603.41,-7768.04
20,215,2631.82,-7767.91,4657.64,-9247.28
25,215,1320.18,-8608.86,2555.87,-10231.4
30,215,122.529,-9038.66,482.172,-10705.1
35,215,-886.789,-9091.8,-1413.77,-10700.7
40,215,-1670.16,-8829.73,-3030.68,-10289.6
45,215,-2221.41,-8329.7,-4315.98,-9567.96
50,215,-2557.33,-7673.83,-5257.57,-8640.65
55,215,-2709.07,-6939.79,-5872.62,-7606.43
60,215,-2714.82,-6193.82,-6197.49,-6548.75
65,215,-2614.18,-5486.6,-6279.67,-5531.64
70,215,-2443.67,-4851.75,-6171.35,-4599.72
75,215,-2233.49,-4306.55,-5924.01,-3780.38
80,215,-2005.35,-3854.25,-5583.87,-3086.62
85,215,-1771.84,-3487.31,-5188.72,-2519.92
90,215,-1537.22,-3191.03,-4766.3,-2072.87
95,215,-1299.62,-2946.68,-4334.29,-1731.58
100,215,-1053.85,-2734.08,-3901.83,-1477.79
105,215,-794.302,-2533.23,-3471.93,-1290.89
110,215,-517.418,-2325.51,-3044.65,-1149.87
115,215,-223.185,-2094.7,-2620.34,-1035.35
120,215,84.3594,-1828.27,-2202.42,-931.346
125,215,397.669,-1519.4,-1799.14,-826.546
130,215,706.877,-1169.23,-1423.62,-714.682
135,215,1000.96,-788.988,-1092.22,-593.994
140,215,1268.05,-400.5,-821.549,-466.345
145,215,1494.37,-34.1362,-625.014,-336.794
150,215,1662.39,276.054,-509.949,-214.046
155,215,1750.29,499.053,-476.006,-111.126
160,215,1735.22,613.624,-515.139,-44.7704
165,215,1601.7,613.494,-613,-32.1346
170,215,1352.47,510.348,-751.295,-85.1238
175,215,1015.77,334.438,-910.479,-204.858
180,215,642.644,132.021,-1072.17,-379.777
0,220,7439.65,-1131.35,9139.67,-1103.07
5,220,6825.84,-3363.48,8699.9,-3344.3
10,220,5762.22,-5450.87,7663.9,-5415.26
15,220,4375.81,-7240.78,6131.46,-7187.33
20,220,2823.71,-8625.37,4258.24,-8560.7
25,220,1264.48,-9550.6,2228.14,-9474.71
30,220,-167.562,-10014.6,220.467,-9914.56
35,220,-1378.6,-10058.5,-1617.54,-9911.38
40,220,-2319.61,-9754.19,-3185.25,-9534.47
45,220,-2981,-9189.58,-4429.79,-8877
50,220,-3382.06,-8456.13,-5338.36,-8039.21
55,220,-3559.62,-7638.26,-5927.43,-7113.92
60,220,-3558.35,-6806.48,-6232.57,-6177.39
65,220,-3423.87,-6013.92,-6300.27,-5286.07
70,220,-3198,-5295.65,-6181.25,-4477.5
75,220,-2915.81,-4669.95,-5924.98,-3773.18
80,220,-2603.93,-4140.74,-5575.39,-3181.79
85,220,-2280.15,-3700.98,-5168.01,-2702.06
90,220,-1954.2,-3336.21,-4728.94,-2325.24
95,220,-1629.55,-3027.82,-4275.29,-2037.12
100,220,-1305.74,-2755.75,-3816.88,-1819.9
105,220,-980.72,-2500.26,-3358.71,-1654.01
110,220,-652.742,-2243.09,-2903.63,-1519.95
115,220,-321.688,-1968.45,-2454.99,-1400.18
120,220,10.3326,-1664.21,-2018.59,-1280.89
125,220,338.903,-1323.83,-1603.73,-1153.14
130,220,657.532,-948.882,-1223,-1012.97
135,220,957.865,-551.314,-890.892,-860.587
140,220,1229.49,-154.159,-621.62,-699.196
145,220,1459.17,210.73,-426.897,-534.589
150,220,1629.89,508.147,-314.056,-375.87
155,220,1721.2,707.077,-284.777,-236.687
160,220,1712.8,788.1,-334.331,-135.034
165,220,1592.34,748.668,-451.323,-89.8896
170,220,1365.44,605.463,-618.204,-114.83
175,220,1062.13,393.918,-812.967,-211.458
180,220,733.644,164.619,-1012.08,-366.825
0,225,8207.91,-1223.19,8456.48,-1000.27
5,225,7539.79,-3648.51,8056.25,-3022
10,225,6357.55,-5918.12,7104.68,-4892.25
15,225,4798.35,-7864.93,5688.54,-6495.61
20,225,3036.88,-9369.79,3948.52,-7741.18
25,225,1253.87,-10372.4,2054.42,-8572.51
30,225,-393.947,-10870.5,174.308,-8974.92
35,225,-1794.33,-10910.5,-1551.94,-8976.68
40,225,-2886.45,-10572.2,-3027.26,-8642.36
45,225,-3655.97,-9953.37,-4199.42,-8059.16
50,225,-4123.11,-9153.52,-5054.4,-7320.46
55,225,-4328.87,-8262.95,-5606.56,-6511.55
60,225,-4323.45,-7355.52,-5888.95,-5700.78
65,225,-4158.03,-6485.88,-5945.35,-4936.91
70,225,-3879.67,-5689.66,-5823.5,-4250.57
75,225,-3528.56,-4985.45,-5569.81,-3657.67
80,225,-3136.63,-4377.76,-5225.21,-3162.96
85,225,-2727.2,-3860.44,-4822.78,-2762.87
90,225,-2315.59,-3420.16,-4387,-2447.83
95,225,-1910.49,-3039.62,-3934.5,-2203.99
100,225,-1515.75,-2700.08,-3475.78,-2014.82
105,225,-1132.25,-2383.12,-3017.45,-1862.65
110,225,-759.6,-2071.68,-2564.4,-1730.28
115,225,-397.368,-1750.89,-2121.75,-1602.77
120,225,-45.988,-1409.24,-1696.24,-1468.99
125,225,292.656,-1040.52,-1296.86,-1322.53
130,225,614.783,-646.621,-934.634,-1161.65
135,225,914.333,-239.958,-621.778,-988.213
140,225,1182.56,155.688,-370.434,-806.416
145,225,1407.6,507.648,-191.375,-622.408
150,225,1574.19,780.404,-92.7336,-445.304
155,225,1664.57,943.879,-78.5909,-288.774
160,225,1661.96,981.368,-147.224,-171.077
165,225,1557.46,894.721,-289.286,-111.59
170,225,1358.85,705.856,-486.888,-123.931
175,225,1096.29,454.993,-714.808,-208.789
180,225,819.06,195.963,-944.283,-351.082
0,230,8913.71,-1305.71,7708.94,-889.853
5,230,8202.39,-3883.17,7360.56,-2661.38
10,230,6927.27,-6298.41,6523.01,-4301.17
15,230,5230.88,-8373.63,5267.55,-5709.91
20,230,3299.6,-9980.37,3715.4,-6807.95
25,230,1330.66,-11052.1,2016.54,-7544.41
30,230,-501.095,-11585,322.054,-7904.71
35,230,-2067.28,-11627.9,-1240.23,-7912.82
40,230,-3295.63,-11267.3,-2579.92,-7626.06
45,230,-4166.09,-10608.3,-3646.81,-7122.87
50,230,-4698.17,-9757.3,-4425.75,-6487.38
55,230,-4935.72,-8809.72,-4928.07,-5795.77
60,230,-4933.48,-7841.96,-5182.96,-5107.99
65,230,-4747.7,-6909.32,-5229.88,-4465.28
70,230,-4430.46,-6047.06,-5112.25,-3892.13
75,230,-4026.75,-5273.37,-4872.29,-3399.84
80,230,-3573.14,-4592.87,-4547.28,-2990.23
85,230,-3097.51,-4000.34,-4167.46,-2658.35
90,230,-2619.49,-3484.08,-3755.56,-2394.61
95,230,-2151.6,-3028.87,-3327.59,-2186.17
100,230,-1700.76,-2618.22,-2894.44,-2018.26
105,230,-1270.04,-2235.83,-2463.72,-1875.54
110,230,-860.296,-1866.46,-2041.42,-1743.48
115,230,-471.434,-1496.63,-1633.38,-1610.02
120,230,-103.47,-1115.83,-1246.07,-1466.83
125,230,242.725,-718.563,-887.166,-1310.07
130,230,564.798,-307.24,-565.508,-1140.01
135,230,858.401,105.147,-290.915,-959.821
140,230,1116.81,494.27,-73.7813,-774.315
145,230,1330.68,827.178,75.4952,-589.649
150,230,1488.08,1068.83,147.553,-414.549
155,230,1575.36,1190.96,135.954,-262.061
160,230,1579.99,1180.26,40.0476,-149.627
165,230,1496.31,1043.32,-131.879,-95.4911
170,230,1333.12,807.151,-360.719,-111.648
175,230,1118.72,516.028,-617.715,-196.593
180,230,898.243,225.816,-869.304,-332.667
0,235,9551.67,-1378.3,6902.72,-772.666
5,235,8810.56,-4061.99,6615.9,-2270.83
10,235,7474.17,-6581.34,5915.77,-3657.03
15,235,5685.34,-8752.05,4856.81,-4850.07
20,235,3635.48,-10438.9,3537.75,-5783.53
25,235,1531.39,-11569.6,2084.43,-6413.49
30,235,-439.705,-12137.5,626.28,-6725.73
35,235,-2136.83,-12192,-725.121,-6738.93
40,235,-3477.59,-11823.1,-1889.14,-6501.1
45,235,-4435.76,-11141.3,-2819.48,-6079.38
50,235,-5028.92,-10258.5,-3500.44,-5546.41
55,235,-5302.36,-9274.04,-3940.02,-4967.9
60,235,-5314.38,-8266.1,-4162.5,-4394.98
65,235,-5125.58,-7289.91,-4201.72,-3862.03
70,235,-4792.36,-6379.6,-4095.4,-3388.53
75,235,-4363.47,-5552.11,-3880.45,-2982.57
80,235,-3878.63,-4811.61,-3589.67,-2644.29
85,235,-3368.23,-4153.47,-3249.9,-2368.44
90,235,-2853.93,-3567.64,-2881.7,-2146.06
95,235,-2349.92,-3041.25,-2500.05,-1965.73
100,235,-1864.61,-2560.49,-2115.71,-1814.65
105,235,-1402.52,-2111.65,-1736.67,-1679.85
110,235,-965.966,-1681.85,-1369.33,-1549.53
115,235,-556.358,-1259.58,-1019.41,-1414.5
120,235,-175.05,-835.96,-692.522,-1269.27
125,235,176.221,-406.857,-394.5,-1112.41
130,235,495.073,24.1712,-131.791,-946.006
135,235,778.287,443.259,88.1341,-774.276
140,235,1021.61,825.626,256.391,-602.369
145,235,1219.52,1138.55,362.734,-436.218
150,235,1364.96,1348.22,396.613,-283.838
155,235,1449.53,1428.88,349.716,-157.024
160,235,1465.29,1371.02,219.887,-71.2724
165,235,1409.16,1185.89,15.3096,-42.1183
170,235,1289.33,904.897,-243.125,-78.2857
175,235,1130.2,575.367,-523.29,-174.95
180,235,970.59,253.951,-787.709,-311.72
0,240,10116.9,-1440.4,6043.97,-649.599
5,240,9361.04,-4180.96,5825.33,-1859.57
10,240,7999.12,-6759.05,5278.46,-2976.45
15,240,6169.43,-8988.43,4440.99,-3938.37
20,240,4061.38,-10730.1,3387.72,-4693.54
25,240,1883.61,-11907.2,2217.73,-5206.24
30,240,-171.072,-12509.2,1035.44,-5463.22
35,240,-1953.93,-12583.9,-67.1955,-5477.42
40,240,-3374.75,-12222.2,-1022.22,-5286.08
45,240,-4401.44,-11537.3,-1789.26,-4943.04
50,240,-5048.72,-10644.7,-2353.16,-4507.6
55,240,-5361.94,-9646.22,-2718.72,-4033.93
60,240,-5401.56,-8621.04,-2904.66,-3564.31
65,240,-5231.26,-7623.77,-2938.18,-3127.06
70,240,-4910.37,-6686.86,-2850.05,-2738.02
75,240,-4489.79,-5825.51,-2670.75,-2403.49
80,240,-4010.37,-5042.87,-2427.63,-2123.22
85,240,-3502.71,-4334.46,-2143.41,-1892.43
90,240,-2988.15,-3691.51,-1835.86,-1703.29
95,240,-2480.5,-3103.27,-1518.4,-1545.95
100,240,-1988.14,-2558.5,-1201.13,-1409.55
105,240,-1516.32,-2046.21,-891.91,-1283.42
110,240,-1068.98,-1556.18,-597.108,-1158.39
115,240,-649.949,-1079.48,-322.042,-1028.01
120,240,-263.313,-609.664,-71.2086,-889.386
125,240,86.8232,-144.837,151.407,-743.289
130,240,396.894,309.594,341.681,-593.3
135,240,664.374,738.558,494.339,-444.459
140,240,887.898,1116.98,601.921,-302.138
145,240,1066.77,1412.93,654.465,-172.013
150,240,1199.93,1594.52,640.708,-61.2581
155,240,1284.86,1638.95,551.291,20.0839
160,240,1317.94,1540.45,383.555,59.5221
165,240,1297.48,1314.18,146.361,45.738
170,240,1229.28,994.836,-137.437,-25.2141
175,240,1131.73,631.411,-432.97,-144.276
180,240,1035.55,280.152,-700.119,-288.4
0,245,10605.2,-1491.53,5139.22,-521.589
5,245,9850.33,-4237.65,4991.99,-1437.33
10,245,8500.74,-6826.51,4605.77,-2277.27
15,245,6685.65,-9074.59,4002.35,-2999.05
20,245,4585.62,-10842.4,3232.73,-3566.3
25,245,2403.12,-12050.2,2368.33,-3952.49
30,245,328.908,-12683,1486.84,-4146.16
35,245,-1486.29,-12785.3,658.314,-4154.57
40,245,-2947.84,-12446,-64.3143,-4003.51
45,245,-4018.84,-11778.1,-648.582,-3732.29
50,245,-4710.49,-10898.2,-1081.19,-3385.7
55,245,-5066.6,-9908.83,-1364.21,-3005.74
60,245,-5147.76,-8889.42,-1510.66,-2626.07
65,245,-5018.63,-7893.48,-1540.29,-2269.85
70,245,-4739.39,-6951.66,-1476.01,-1950.52
75,245,-4361.05,-6077.38,-1340.81,-1673.82
80,245,-3923.61,-5272.62,-1155.73,-1439.94
85,245,-3456.07,-4532.66,-938.584,-1245.16
90,245,-2977.89,-3849.49,-703.741,-1083
95,245,-2501.14,-3213.9,-462.559,-945.273
100,245,-2033.23,-2616.67,-224.107,-823.093
105,245,-1579.47,-2049.24,4.17233,-708.062
110,245,-1145.11,-1504.06,216.128,-593.483
115,245,-736.41,-975.192,406.9,-475.381
120,245,-360.523,-459.323,573.001,-353.051
125,245,-24.421,42.4282,712.085,-228.88
130,245,266.703,522.234,822.073,-107.465
135,245,510.857,963.688,899.682,5.63224
140,245,709.776,1341.77,938.906,104.813
145,245,868.07,1625.97,930.457,184.461
150,245,990.987,1786.89,863.149,238.114
155,245,1081.73,1804.76,727.616,257.754
160,245,1140.08,1676.86,521.668,234.731
165,245,1164.16,1420.91,255.368,163.201
170,245,1155.47,1073.17,-46.7067,45.2148
175,245,1124.59,682.687,-347.974,-105.296
180,245,1092.63,304.222,-607.201,-262.886
0,250,11012.8,-1531.31,4195.36,-389.608
5,250,10274.7,-4231.27,4119.28,-1014.16
10,250,8975.16,-6781.73,3892.32,-1578.05
15,250,7230.72,-9006.32,3522.26,-2057.79
20,250,5206.76,-10768.6,3037.87,-2432.44
25,250,3091.76,-11987.7,2483.78,-2685.3
30,250,1066.56,-12644.7,1910.93,-2807.5
35,250,-722.687,-12779.1,1366.55,-2801.24
40,250,-2181.16,-12475.1,887.133,-2680.97
45,250,-3268.88,-11842.6,495.652,-2471.25
50,250,-3993.09,-10996.3,202.254,-2202.01
55,250,-4394.12,-10037.5,6.78478,-1903.08
60,250,-4530.05,-9044.76,-98.2396,-1599.89
65,250,-4463.57,-8070.22,-124.911,-1311.24
70,250,-4253.03,-7143.1,-87.6348,-1049.01
75,250,-3947.36,-6275.44,-1.27766,-819.055
80,250,-3584.11,-5468.28,120.169,-622.461
85,250,-3189.73,-4716.65,264.348,-456.729
90,250,-2781.22,-4012.83,420.71,-316.891
95,250,-2368.68,-3348.42,580.262,-196.557
100,250,-1958.19,-2715.47,735.169,-89.0019
105,250,-1554.61,-2107.14,878.525,11.7546
110,250,-1163.72,-1518.27,1004.46,109.979
115,250,-793.255,-945.907,1108.52,207.528
120,250,-452.489,-390.222,1188.06,303.603
125,250,-150.504,144.273,1242.05,395.015
130,250,106.37,647.159,1270.05,476.902
135,250,316.923,1100.91,1270.53,543.592
140,250,486.037,1481.15,1238.99,589.231
145,250,623.41,1759.46,1167.33,607.918
150,250,740.036,1909.28,1045.4,593.556
155,250,843.752,1913.45,864.874,540.146
160,250,936.203,1771.02,624.872,443.36
165,250,1013.51,1500.26,336.848,303.646
170,250,1071.1,1136.77,26.4859,129.823
175,250,1110.22,727.91,-269.249,-59.0058
180,250,1141.39,325.977,-509.661,-235.371
0,255,11336.5,-1559.44,3219.57,-254.663
5,255,10630.1,-4162.7,3210.98,-600.057
10,255,9416.07,-6625.88,3133.33,-897.557
15,255,7795.42,-8783.7,2982.8,-1141.03
20,255,5913.08,-10506.2,2768.69,-1324.25
25,255,3936.39,-11713.7,2511.3,-1440.48
30,255,2028.56,-12384.1,2236.52,-1484.13
35,255,324.389,-12550.8,1969.45,-1453.34
40,255,-1085.89,-12291.2,1729.86,-1352.19
45,255,-2161.42,-11709.2,1530.38,-1191.26
50,255,-2905.23,-10914.3,1376.92,-986.283
55,255,-3352.09,-10004.6,1270.31,-755.517
60,255,-3554.35,-9056.35,1207.93,-516.74
65,255,-3569.38,-8120.23,1185.07,-284.857
70,255,-3450.74,-7224.51,1195.79,-70.5278
75,255,-3243.11,-6380.64,1233.56,120.192
80,255,-2980.47,-5589.37,1291.65,285.413
85,255,-2686.37,-4845.64,1363.41,426.503
90,255,-2375.67,-4141.8,1442.24,546.932
95,255,-2056.92,-3469.67,1521.62,651.095
100,255,-1735.13,-2821.73,1594.99,743.254
105,255,-1414.45,-2192.14,1656.07,826.705
110,255,-1100.26,-1577.45,1699.33,903.247
115,255,-800.281,-977.333,1720.76,972.953
120,255,-524.096,-395.181,1718.38,1034.22
125,255,-281.12,161.324,1692.12,1083.97
130,255,-77.4132,679.569,1642.81,1117.9
135,255,87.3572,1141.56,1570.3,1130.72
140,255,221.217,1524.33,1471.66,1116.35
145,255,338.192,1802.19,1340.53,1068.26
150,255,453.62,1951.44,1168.63,980.324
155,255,578.144,1956.67,949.68,848.307
160,255,713.28,1816.83,684.634,672.265
165,255,851.281,1548.27,386.195,459.179
170,255,979.971,1183.4,80.2195,224.819
175,255,1090.23,766.035,-197.433,-6.61795
180,255,1181.47,345.25,-408.243,-206.064
0,260,11574,-1575.71,2219.28,-117.779
5,260,10912.5,-4034.5,2271.45,-204.748
10,260,9814.9,-6363.35,2325.41,-254.19
15,260,8364.89,-8411.41,2368.49,-275.18
20,260,6682.81,-10058.3,2394.1,-274.845
25,260,4908.82,-11228,2402.14,-255.918
30,260,3181.61,-11896.4,2396.71,-216.52
35,260,1618.1,-12090.7,2383.07,-151.928
40,260,299.08,-11879.9,2365.37,-57.5158
45,260,-736.157,-11358.9,2345.94,68.3215
50,260,-1486.36,-10629.4,2325.82,222.415
55,260,-1978.65,-9784.06,2305.8,396.901
60,260,-2256.45,-8895.19,2287.09,580.961
65,260,-2368.46,-8011.83,2271.39,763.389
70,260,-2360.6,-7161.78,2260.48,934.962
75,260,-2271.41,-6356.72,2255.63,1089.86
80,260,-2130.39,-5597.89,2257.04,1225.87
85,260,-1958.16,-4880.55,2263.5,1343.61
90,260,-1767.91,-4197.14,2272.26,1445.19
95,260,-1567.33,-3539.34,2279.16,1532.97
100,260,-1360.88,-2899.55,2279.01,1608.55
105,260,-1152.01,-2272.17,2266.27,1672.36
110,260,-945.111,-1654.75,2235.91,1723.69
115,260,-746.495,-1048.77,2184.46,1761.07
120,260,-564.088,-460.005,2110.5,1782.57
125,260,-405.394,101.643,2014.68,1785.87
130,260,-274.226,622.397,1898.65,1767.84
135,260,-167.502,1084.83,1763.39,1723.94
140,260,-73.9689,1468.3,1607.53,1647.97
145,260,23.6684,1750.25,1426.86,1532.64
150,260,143.182,1909.51,1215.71,1371.44
155,260,295.746,1931.13,970.453,1161.59
160,260,480.595,1811.77,694.098,907.14
165,260,684.412,1563.09,400.119,621.202
170,260,886.314,1211.78,113.404,326.046
175,260,1066.28,796.295,-132.82,50.5005
180,260,1212.55,361.896,-303.718,-175.19
0,265,11723.3,-1579.97,1202.1,20.0007
5,265,11117.7,-3850.79,1305.73,162.633
10,265,10161.2,-6001.71,1467.18,334.583
15,265,8919.38,-7898.81,1667.74,514.167
20,265,7485.24,-9433.97,1889.21,682.874
25,265,5967.24,-10537.3,2115.89,829.563
30,265,4473.97,-11184.2,2334.8,952.339
35,265,3098.86,-11396.3,2535.13,1057.61
40,265,1908.84,-11233.2,2707.84,1156.58
45,265,939.257,-10778.8,2846.01,1260.46
50,265,195.501,-10124.8,2945.73,1376.25
55,265,-340.21,-9355.77,3006.85,1504.72
60,265,-699.706,-8538.87,3032.98,1641.22
65,265,-920.139,-7720.81,3030.68,1778.23
70,265,-1037.43,-6929.09,3007.9,1908.53
75,265,-1082.43,-6176.31,2972.38,2027.28
80,265,-1079.33,-5464.85,2930.17,2132.65
85,265,-1045.64,-4790.88,2884.8,2225.03
90,265,-993.111,-4147.23,2836.92,2305.57
95,265,-929.008,-3525.44,2784.63,2374.82
100,265,-857.7,-2917.59,2724.17,2431.86
105,265,-782.261,-2317.89,2650.95,2474.41
110,265,-705.891,-1724.11,2560.73,2499.39
115,265,-632.721,-1138.47,2450.67,2503.91
120,265,-567.489,-567.674,2319.99,2485.87
125,265,-513.775,-22.2594,2169.84,2443.78
130,265,-471.144,484.428,2002.46,2375.77
135,265,-432.433,936.865,1819.78,2278.18
140,265,-382.992,1317.51,1622.05,2144.77
145,265,-303.353,1607.11,1407.45,1967.56
150,265,-175.303,1786.26,1173.28,1739.61
155,265,10.5944,1838.91,918.81,1459.18
160,265,249.341,1757.07,648.908,1133.59
165,265,520.75,1545.14,377.052,781.042
170,265,794.636,1221.67,125.917,429.259
175,265,1040.05,818.217,-75.343,110.898
180,265,1234.41,375.788,-196.881,-142.982
0,270,11783.5,-1572.22,175.766,157.628
5,270,11241.6,-3617.21,319.609,493.804
10,270,10443.2,-5551.52,559.788,852.81
15,270,9435.43,-7259.91,874.279,1203.21
20,270,8282.6,-8648.6,1237.71,1517.49
25,270,7058.8,-9655.9,1624.31,1777.68
30,270,5838.68,-10258.9,2009.72,1978.54
35,270,4688.1,-10474.4,2371.96,2127.18
40,270,3656.69,-10352.6,2692.37,2239.12
45,270,2773.75,-9965.55,2956.81,2332.19
50,270,2048.43,-9392.98,3156.91,2420.61
55,270,1473.25,-8709.28,3290.85,2511.69
60,270,1029.76,-7975.03,3363.13,2605.89
65,270,694.273,-7233.58,3383.07,2699.45
70,270,442.501,-6511.92,3362.63,2787.72
75,270,252.533,-5823.77,3313.91,2867.67
80,270,106.268,-5173.24,3247.12,2938.57
85,270,-10.228,-4557.98,3169.25,3001.19
90,270,-107.027,-3971.66,3083.67,3056.22
95,270,-190.995,-3406.13,2990.48,3102.94
100,270,-266.626,-2853.26,2887.43,3138.59
105,270,-336.922,-2306.85,2771.13,3158.74
110,270,-404.126,-1764.18,2638.37,3158.42
115,270,-470.013,-1226.9,2487.2,3133.49
120,270,-535.398,-700.851,2317.52,3081.45
125,270,-598.687,-195.114,2131.08,3001.21
130,270,-653.797,279.312,1930.75,2891.65
135,270,-688.5,710.178,1719.45,2749.67
140,270,-684.675,1083.65,1499.13,2569.05
145,270,-621.624,1383.45,1270.47,2341.32
150,270,-482.353,1590.94,1033.73,2059.23
155,270,-260.956,1687.22,790.825,1721.69
160,270,31.9445,1657.6,547.896,1338.21
165,270,368.593,1496.95,317.445,930.58
170,270,709.469,1213.82,118.687,530.399
175,270,1013.14,831.624,-24.5785,173.106
180,270,1246.87,386.819,-88.5459,-109.686
0,275,11754,-1552.5,-851.903,294.057
5,275,11280.8,-3340.64,-680.285,781.575
10,275,10648.6,-5026.09,-392.694,1286.61
15,275,9887.38,-6513.14,-11.9825,1770.87
20,275,9032.62,-7723.75,433.726,2200.46
25,275,8123.23,-8606.34,914.376,2552.58
30,275,7198.28,-9141.44,1400.35,2819.52
35,275,6293.92,-9342.62,1864.14,3008.53
40,275,5440.35,-9251.44,2281.81,3137.4
45,275,4659.36,-8927.83,2634.69,3227.54
50,275,3963.13,-8438.44,2911.02,3297.32
55,275,3354.62,-7846.2,3106.92,3358.24
60,275,2829.33,-7203.43,3226.21,3414.69
65,275,2377.85,-6548.96,3278.78,3466.42
70,275,1988.36,-5908.52,3277.99,3511.81
75,275,1648.67,-5296.76,3237.76,3550.23
80,275,1347.51,-4719.68,3170.22,3582.58
85,275,1075.23,-4176.89,3084.19,3610.5
90,275,824.011,-3663.61,2984.7,3634.83
95,275,587.764,-3172.5,2873.38,3654.39
100,275,361.982,-2695.65,2749.37,3665.52
105,275,143.586,-2226.41,2610.63,3662.68
110,275,-69.0089,-1760.9,2455.2,3639.78
115,275,-275.495,-1298.82,2282.21,3591.69
120,275,-472.837,-843.246,2092.58,3515.24
125,275,-654.072,-399.636,1888.93,3408.97
130,275,-807.15,25.224,1675.18,3271.62
135,275,-914.604,423.515,1455.56,3100.06
140,275,-955.067,785.339,1233.9,2887.95
145,275,-907.325,1096.81,1013.33,2626.58
150,275,-756.614,1338.77,796.709,2308.47
155,275,-501.513,1487.98,587.942,1932.68
160,275,-158.82,1521.43,393.546,1509.66
165,275,236.162,1422.98,223.945,1062.83
170,275,635.121,1189.88,93.7223,625.841
175,275,986.993,836.623,20.2409,235.708
180,275,1249.84,394.907,20.4631,-75.5547
0,280,11635,-1520.96,-1873.09,428.247
5,280,11231.9,-3029.11,-1686.53,1020.07
10,280,10765.4,-4441.07,-1383.12,1624.66
15,280,10249.2,-5680.82,-984.41,2199.69
20,280,9691.55,-6686.85,-517.107,2707.57
25,280,9097.36,-7418.96,-9.98874,3122.89
30,280,8470.71,-7862.83,508.212,3436.81
35,280,7818.08,-8030.48,1010.17,3656.58
40,280,7149.77,-7956.08,1471.31,3800.68
45,280,6479.26,-7688,1871.48,3891.5
50,280,5820.89,-7279.69,2196.93,3948.7
55,280,5187.23,-6781.84,2441.66,3985.62
60,280,4587.15,-6237.33,2607.57,4009.16
65,280,4025.16,-5679.22,2702.98,4022.08
70,280,3501.9,-5130.88,2740.06,4025.77
75,280,3015.15,-4607.15,2731.94,4022.2
80,280,2561.04,-4115.67,2690.25,4014.16
85,280,2134.88,-3658.17,2623.72,4004.47
90,280,1731.83,-3231.84,2537.68,3994.63
95,280,1347.2,-2830.82,2434.43,3983.79
100,280,976.908,-2447.81,2314.14,3968.5
105,280,617.935,-2075.74,2175.98,3943.23
110,280,269.189,-1709.02,2019.28,3901.73
115,280,-67.4201,-1344.24,1844.55,3838.36
120,280,-385.749,-980.082,1654.1,3749.11
125,280,-674.371,-616.695,1452.07,3631.47
130,280,-916.197,-255.264,1244.01,3483.22
135,280,-1089.35,101.518,1036.06,3300.56
140,280,-1169.88,447.575,834.199,3076.76
145,280,-1136.51,770.614,643.832,2802.89
150,280,-976.951,1049.92,469.889,2471.16
155,280,-694.209,1256.83,317.385,2080.08
160,280,-310.86,1359.17,192.141,1639.49
165,280,131.02,1329.16,101.398,1172.43
170,280,575.405,1152.23,54.0592,712.608
175,280,962.822,833.57,60.1876,297.397
180,280,1243.31,399.989,129.316,-40.8488
0,285,11427.5,-1477.85,-2880.02,559.178
5,285,11092.6,-2691.47,-2690.93,1204.9
10,285,10782.4,-3813.97,-2401.34,1858.66
15,285,10496.1,-4788.56,-2029.66,2476.68
20,285,10217.4,-5570.38,-1597.55,3020.3
25,285,9919.94,-6131.4,-1127.49,3463.85
30,285,9575.78,-6463.64,-641.763,3798.91
35,285,9163.88,-6579.16,-162.226,4033.1
40,285,8675.87,-6506.22,290.191,4184.62
45,285,8116.91,-6282.83,696.876,4274.84
50,285,7502.57,-5949.96,1043.63,4322.4
55,285,6853.49,-5546.1,1322.57,4340.4
60,285,6190.26,-5104.18,1532.76,4336.75
65,285,5529.97,-4650.49,1679.23,4316.29
70,285,4884.82,-4204.81,1770.79,4282.99
75,285,4262.28,-3780.98,1817.38,4241.14
80,285,3665.99,-3387.41,1827.92,4195.32
85,285,3096.7,-3027.56,1809.12,4149.58
90,285,2553.18,-2700.59,1765.07,4106.35
95,285,2032.88,-2402.32,1697.63,4065.73
100,285,1532.73,-2126.33,1607.21,4025.25
105,285,1050.21,-1865.16,1493.75,3980.45
110,285,584.733,-1611.26,1357.79,3925.73
115,285,139.228,-1357.54,1201.4,3855.56
120,285,-278.295,-1097.46,1028.72,3765.26
125,285,-653.729,-825.092,846.067,3651.12
130,285,-966.914,-535.497,661.374,3509.54
135,285,-1193.26,-226.144,483.312,3335.6
140,285,-1307.28,100.358,320.337,3121.91
145,285,-1287.87,432.695,180.028,2859.09
150,285,-1124.73,747.997,68.8214,2538.52
155,285,-824.35,1011.88,-8.03215,2157.24
160,285,-413.814,1183.07,-46.4348,1722.85
165,285,59.4924,1222.4,-43.3282,1256
170,285,533.395,1103.74,3.64775,788.525
175,285,941.547,823.03,96.5862,357.019
180,285,1227.3,402.027,237.185,-5.83199
0,290,11133,-1423.49,-3865.03,685.853
5,290,10861.5,-2337.12,-3684.67,1333.26
10,290,10690.4,-3163.56,-3434.45,1983.61
15,290,10606.7,-3864.29,-3128.22,2593.98
20,290,10573.1,-4410.71,-2779.58,3127.07
25,290,10536.5,-4787.07,-2400.6,3559.27
30,290,10441.7,-4992.48,-2002.57,3884.21
35,290,10244.2,-5040.16,-1597.57,4110.59
40,290,9919.55,-4953.88,-1199.35,4255.92
45,290,9465.59,-4762.85,-822.463,4339.36
50,290,8898.21,-4496.91,-480.115,4376.89
55,290,8244.19,-4183.31,-181.71,4379.71
60,290,7533.45,-3845.29,68.484,4355.33
65,290,6793.5,-3501.88,271.044,4309.57
70,290,6046.51,-3168.21,429.777,4248.05
75,290,5308.63,-2855.71,549.664,4176.74
80,290,4590.59,-2572.15,635.174,4101.51
85,290,3898.65,-2321.56,689.337,4027.39
90,290,3235.54,-2104.35,713.581,3957.71
95,290,2601.44,-1917.62,708.117,3893.66
100,290,1994.98,-1755.74,672.651,3834.17
105,290,1414.64,-1610.99,607.281,3776.27
110,290,860.406,-1474.04,513.436,3715.68
115,290,335.582,-1334.37,394.716,3647.57
120,290,-151.468,-1180.64,257.403,3567.19
125,290,-586.189,-1001.26,110.424,3470.05
130,290,-947.854,-785.68,-35.3199,3351.39
135,290,-1211.31,-526.608,-168.108,3205.16
140,290,-1350.75,-223.583,-276.668,3023.09
145,290,-1345.38,112.873,-351.22,2794.82
150,290,-1185.99,457.902,-384.182,2510.2
155,290,-880.961,772.029,-370.721,2163.6
160,290,-460.014,1005.87,-309.258,1758.83
165,290,26.1564,1109.98,-201.688,1312.3
170,290,511.205,1047.59,-52.8363,852.303
175,290,923.737,805.729,130.944,413.609
180,290,1201.96,401.006,343.249,29.2292
0,295,10753.8,-1358.3,-4820.63,807.308
5,295,10538.2,-1975.79,-4658.43,1404.06
10,295,10482.7,-2509.27,-4467.27,1998.04
15,295,10564.5,-2937.27,-4255.4,2549.3
20,295,10729.4,-3246.56,-4026.13,3024.13
25,295,10903.7,-3433.28,-3778.13,3403.03
30,295,11010.9,-3503.7,-3508.52,3683.31
35,295,10988.6,-3472.8,-3216.69,3875.6
40,295,10800.3,-3360.99,-2906.77,3996.76
45,295,10437.7,-3190.2,-2587.55,4063.18
50,295,9916.73,-2980.92,-2270.16,4087.24
55,295,9268.14,-2750.7,-1965.13,4077.16
60,295,8528.54,-2514.12,-1680.26,4038.91
65,295,7733.17,-2283.14,-1420.1,3978.05
70,295,6911.95,-2067.57,-1186.79,3900.78
75,295,6088.11,-1875.11,-981.378,3813.74
80,295,5278.42,-1711.21,-804.98,3723.37
85,295,4494.12,-1578.78,-659.296,3635.05
90,295,3741.83,-1478.05,-546.579,3552.62
95,295,3024.69,-1406.45,-469.189,3478.01
100,295,2343.49,-1358.7,-428.907,3411.36
105,295,1698.08,-1326.93,-426.12,3351.15
110,295,1089.01,-1300.74,-458.966,3294.63
115,295,519.313,-1267.4,-522.58,3238.23
120,295,-3.74933,-1212.29,-608.67,3177.95
125,295,-467.284,-1119.78,-705.655,3109.43
130,295,-852.39,-975.021,-799.509,3027.52
135,295,-1135.44,-766.897,-875.197,2925.46
140,295,-1291.62,-492.143,-918.359,2793.94
145,295,-1300.53,-160.112,-916.853,2621.16
150,295,-1153.13,203.346,-862.001,2394.58
155,295,-857.981,555.166,-749.673,2104.78
160,295,-445.237,839.66,-581.231,1750.43
165,295,33.435,998.937,-363.959,1342.24
170,295,509.82,986.925,-110.235,903.545
175,295,909.573,782.493,164.867,466.408
180,295,1167.47,396.932,446.701,64.0679
0,300,10292.7,-1282.77,-5739.54,922.62
5,300,10123.6,-1617.13,-5602.59,1417.87
10,300,10155.6,-1870.46,-5483.03,1904.1
15,300,10358.8,-2036.86,-5382.8,2346.16
20,300,10667.2,-2117.24,-5293.57,2715.97
25,300,10992.8,-2118.76,-5199,2999.99
30,300,11244.9,-2054.31,-5080.43,3200.63
35,300,11349.9,-1940.66,-4923.2,3331.2
40,300,11263.2,-1795.52,-4720.77,3408.21
45,300,10973,-1634.85,-4475.34,3445.18
50,300,10494.5,-1471.51,-4195.48,3450.52
55,300,9861.05,-1315.22,-3892.59,3428.89
60,300,9113.01,-1173.29,-3578.02,3383.82
65,300,8290.59,-1051.4,-3261.68,3319.63
70,300,7428.88,-953.884,-2952.02,3241.89
75,300,6556.06,-883.845,-2656.51,3156.85
80,300,5693.32,-842.966,-2382.25,3070.46
85,300,4855.67,-831.37,-2136.03,2987.65
90,300,4052.95,-847.466,-1924.11,2911.93
95,300,3290.95,-887.786,-1751.77,2845.3
100,300,2572.6,-946.789,-1622.62,2788.4
105,300,1899.15,-1016.61,-1537.91,2740.75
110,300,1271.6,-1086.78,-1495.8,2701.02
115,300,692.226,-1144.13,-1490.67,2667.26
120,300,166.221,-1172.94,-1512.76,2637.04
125,300,-296.647,-1155.82,-1548.33,2607.13
130,300,-681.051,-1075.54,-1580.59,2572.99
135,300,-966.586,-918.236,-1591.33,2527.71
140,300,-1130.6,-677.977,-1563.04,2461.15
145,300,-1153.54,-362.099,-1480.99,2359.77
150,300,-1025.9,4.17837,-1335.23,2208.04
155,300,-754.955,376.346,-1122.19,1991.99
160,300,-369.15,694.796,-846.169,1704.21
165,300,81.3518,895.437,-519.852,1348.65
170,300,528.995,924.698,-163.193,942.688
175,300,898.826,754.198,199.972,514.865
180,300,1124.1,389.838,546.753,98.4191
0,305,9753.3,-1197.47,-6614.76,1030.91
5,305,9619.94,-1270.49,-6507.51,1376.96
10,305,9709.04,-1265.77,-6464.12,1707.44
15,305,9986.2,-1191.35,-6479.98,1993.79
20,305,10378.9,-1060.79,-6534.75,2215.36
25,305,10791.7,-890.996,-6596.89,2366.17
30,305,11127.5,-700.49,-6632.04,2454.8
35,305,11307.5,-507.316,-6611.75,2497.93
40,305,11284.2,-326.665,-6519.12,2511.97
45,305,11044,-169.446,-6349.98,2507.66
50,305,10602.1,-42.3234,-6110.42,2489.39
55,305,9992.32,51.1939,-5812.7,2457.98
60,305,9256.71,109.541,-5471.67,2413.99
65,305,8437.67,132.375,-5102.53,2359.59
70,305,7572.82,120.376,-4719.87,2298.67
75,305,6692.88,75.2739,-4337.44,2235.91
80,305,5821.38,-0.166407,-3967.99,2175.69
85,305,4975.37,-102.252,-3623.07,2121.42
90,305,4166.54,-226.479,-3312.58,2075.3
95,305,3402.39,-367.536,-3044.31,2038.47
100,305,2687.31,-519.106,-2823.47,2011.3
105,305,2023.65,-673.484,-2652.14,1993.74
110,305,1412.72,-821.061,-2528.71,1985.61
115,305,855.905,-949.838,-2447.35,1986.71
120,305,356.128,-1045.2,-2397.62,1996.59
125,305,-80.4533,-1090.27,-2364.51,2013.94
130,305,-442.922,-1067.39,-2329.34,2035.52
135,305,-715.22,-961.08,-2271.37,2054.99
140,305,-878.029,-762.796,-2170.21,2061.75
145,305,-913.398,-476.865,-2008.56,2040.7
150,305,-811.42,-126.017,-1774.87,1973.29
155,305,-577.116,246.205,-1465.77,1840.83
160,305,-235.407,578.906,-1087.98,1629.49
165,305,167.462,804.323,-659.168,1335.93
170,305,567.234,863.416,-206.468,970.867
175,305,890.866,721.719,237.79,558.626
180,305,1072.17,379.777,642.644,132.021
0,310,9139.67,-1103.07,-7439.65,1131.35
5,310,9030.75,-944.601,-7363.69,1285.12
10,310,9146.28,-712.428,-7392.96,1417.01
15,310,9450.25,-426.77,-7516.37,1506.74
20,310,9868.82,-112.15,-7702.31,1542.77
25,310,10306.1,206.415,-7905.31,1527.99
30,310,10665.5,506.051,-8077.06,1477.94
35,310,10869.5,768.287,-8177.11,1413.02
40,310,10871.7,980.642,-8179.81,1349.73
45,310,10659.3,1136.79,-8075.75,1296.08
50,310,10247.1,1235.27,-7869.17,1252.43
55,310,9668.63,1277.57,-7573.4,1215.57
60,310,8965.4,1266.73,-7206.69,1182.59
65,310,8179.67,1206.73,-6789.16,1152.74
70,310,7349.15,1102.55,-6341.05,1127.24
75,310,6504.7,960.213,-5881.65,1108.09
80,310,5669.97,786.645,-5428.6,1096.98
85,310,4862,589.267,-4997.25,1094.74
90,310,4092.53,375.576,-4600.17,1101.33
95,310,3369.22,152.906,-4246.75,1116.25
100,310,2696.88,-71.5271,-3942.96,1138.96
105,310,2078.28,-290.283,-3691.15,1169.4
110,310,1514.92,-495.114,-3489.77,1208.21
115,310,1007.63,-676.226,-3332.99,1256.76
120,310,557.607,-821.573,-3210.38,1316.55
125,310,167.854,-916.536,-3106.74,1388.25
130,310,-155.092,-944.596,-3002.66,1470.25
135,310,-400.121,-889.706,-2876.02,1557.2
140,310,-552.353,-740.886,-2704.47,1638.72
145,310,-596.625,-498.665,-2468.49,1698.85
150,310,-523.297,-181.643,-2154.86,1716.76
155,310,-334.864,169.863,-1759.85,1669.57
160,310,-51.3874,496.269,-1291.83,1537.38
165,310,286.972,728.745,-772.46,1309.53
170,310,621.836,805.004,-235.232,989.733
175,310,884.68,685.887,279.677,597.508
180,310,1012.08,366.825,733.644,164.619
0,315,8456.48,-1000.27,-8207.91,1223.19
5,315,8360.91,-647.294,-8162.1,1147.58
10,315,8474.26,-225.645,-8252.81,1044.7
15,315,8761.73,234.156,-8463.17,904.254
20,315,9153.11,698.555,-8751.98,725.355
25,315,9558.41,1136.19,-9062.61,520.788
30,315,9888.02,1521.33,-9336.03,313.559
35,315,10071,1836.06,-9523.06,127.832
40,315,10065.7,2071,-9591.93,-19.9037
45,315,9861.61,2224.19,-9529.88,-124.468
50,315,9473.55,2298.78,-9340.28,-189.696
55,315,8933.28,2300.54,-9037.85,-223.228
60,315,8280.31,2236.31,-8643.98,-232.061
65,315,7554.66,2113.61,-8183.09,-220.708
70,315,6792.09,1940.81,-7680.17,-191.62
75,315,6021.59,1727.21,-7159,-146.486
80,315,5264.9,1482.77,-6640.91,-87.2707
85,315,4537.16,1217.53,-6143.86,-16.5239
90,315,3848.28,941.056,-5681.81,62.9054
95,315,3204.49,662.036,-5264.51,148.463
100,315,2609.66,388.238,-4897.5,238.507
105,315,2066.25,126.705,-4582.38,332.755
110,315,1575.8,-115.753,-4316.91,432.432
115,315,1139.15,-331.788,-4094.98,539.969
120,315,756.749,-512.486,-3906.36,658.224
125,315,429.498,-646.36,-3736.49,789.245
130,315,160.168,-719.067,-3566.58,932.767
135,315,-45.2402,-714.878,-3374.75,1084.65
140,315,-177.267,-620.802,-3138.12,1235.5
145,315,-224.923,-433.293,-2836.05,1369.68
150,315,-179.985,-165.757,-2453.97,1465.45
155,315,-42.7415,146.501,-1987.34,1497.07
160,315,172.376,447.532,-1445.12,1439.52
165,315,433.019,669.998,-851.634,1275.34
170,315,689.028,750.711,-245.367,1001.25
175,315,878.919,647.46,326.72,631.467
180,315,944.283,351.082,819.06,195.963
0,320,7708.94,-889.853,-8913.71,1305.71
5,320,7616.51,-385.292,-8894.37,970.795
10,320,7703.13,181.885,-9028.65,604.898
15,320,7937.73,772.907,-9295.03,209.42
20,320,8258.26,1347.3,-9645.54,-204.47
25,320,8585.95,1869.26,-10016.4,-613.302
30,320,8843.44,2311.7,-10342.4,-986.471
35,320,8970.54,2658.21,-10570.1,-1296.29
40,320,8933.02,2902.81,-10665.1,-1526.68
45,320,8723.52,3047.79,-10613.5,-1675.72
50,320,8356.66,3100.54,-10419,-1751.96
55,320,7861.46,3070.58,-10098,-1768.17
60,320,7273.74,2968.04,-9674.34,-1736.36
65,320,6629.69,2803.3,-9175.79,-1665.84
70,320,5961.5,2587.22,-8630.84,-1563.75
75,320,5294.81,2331.13,-8066.44,-1436.31
80,320,4648.1,2046.58,-7506.33,-1289.71
85,320,4033.25,1744.67,-6969.81,-1130.17
90,320,3457.02,1435.56,-6471.02,-963.362
95,320,2922.89,1128.18,-6018.79,-793.689
100,320,2432.71,830.161,-5616.96,-623.672
105,320,1987.84,547.911,-5265.04,-453.73
110,320,1589.67,286.923,-4958.82,-282.364
115,320,1239.42,52.36,-4690.95,-106.774
120,320,937.742,-149.839,-4451.02,76.1868
125,320,684.571,-311.46,-4225.44,268.859
130,320,479.772,-420.837,-3997.25,471.545
135,320,324.4,-463.293,-3746.61,681.242
140,320,221.826,-424.539,-3452.21,890.245
145,320,177.599,-297.303,-3094,1084.71
150,320,197.228,-89.5013,-2656.96,1243.8
155,320,281.898,169.69,-2135.58,1340.74
160,320,422.994,429.855,-1538.3,1346.93
165,320,597.105,627.546,-890.438,1239.13
170,320,764.156,701.093,-233.705,1007.44
175,320,871.966,607.099,379.671,660.565
180,320,869.304,332.667,898.243,225.816
0,325,6902.72,-772.666,-9551.67,1378.3
5,325,6804.76,-164.003,-9553.02,762.205
10,325,6845.75,500.403,-9707.8,113.884
15,325,7000.63,1175.82,-9991.57,-551.9
20,325,7219.07,1817.12,-10353.3,-1210.72
25,325,7437.67,2386.05,-10727.1,-1827.94
30,325,7595.01,2855.54,-11047.3,-2365.55
35,325,7644.38,3211.35,-11261.2,-2792.97
40,325,7560.4,3451.04,-11336,-3095.25
45,325,7339.28,3580.84,-11259.2,-3274.53
50,325,6994.7,3611.87,-11035.8,-3345.01
55,325,6551.81,3556.95,-10683.6,-3325.67
60,325,6041.29,3428.94,-10228.1,-3234.75
65,325,5494.12,3240.42,-9698.89,-3087.56
70,325,4937.74,3003.81,-9126.26,-2896.83
75,325,4393.64,2731.39,-8538.91,-2673.82
80,325,3876.4,2434.92,-7961.71,-2429.01
85,325,3394.19,2125.21,-7414.24,-2171.87
90,325,2950.18,1811.74,-6909.84,-1910.26
95,325,2544.55,1502.6,-6455.45,-1649.65
100,325,2176.49,1204.57,-6052.04,-1392.87
105,325,1845.68,923.108,-5695.61,-1140.27
110,325,1552.97,662.468,-5378.49,-890.405
115,325,1299.99,425.99,-5090.61,-640.989
120,325,1088.02,217.081,-4820.37,-389.87
125,325,916.823,40.9482,-4554.92,-135.791
130,325,784.15,-93.5569,-4279.96,121.069
135,325,686.54,-173.433,-3979.5,378.475
140,325,621.08,-184.06,-3636.13,630.949
145,325,587.08,-115.402,-3232.64,867.773
150,325,586.249,29.6462,-2754.97,1070.93
155,325,620.325,228.426,-2196.89,1214.69
160,325,686.138,437.431,-1565.33,1268.86
165,325,769.611,599.232,-884.821,1205.93
170,325,841.933,656.059,-198.222,1010.22
175,325,862.011,565.365,438.882,684.926
180,325,787.709,311.72,970.59,253.951
0,330,6043.97,-649.599,-10116.9,1440.4
5,330,5933.76,12.6208,-10131.6,529.986
10,330,5917.06,723.363,-10280.5,-410.772
15,330,5976.58,1434.46,-10538.4,-1352.19
20,330,6076.17,2098.61,-10855.7,-2255.67
25,330,6170.24,2677,-11170.2,-3075.29
30,330,6215.33,3143.75,-11422.1,-3766.21
35,330,6179.37,3487.18,-11565.1,-4295.91
40,330,6046.18,3708.05,-11572,-4651.74
45,330,5815.21,3815.91,-11434.4,-4841.07
50,330,5498.31,3824.89,-11159.7,-4885.02
55,330,5115.65,3750.37,-10766.1,-4810.18
60,330,4691.48,3607.25,-10279.2,-4642.36
65,330,4250.49,3409.51,-9728.46,-4403.97
70,330,3814.59,3170.29,-9144.14,-4113.96
75,330,3400.74,2901.82,-8554.94,-3788.66
80,330,3019.75,2615.21,-7985.64,-3442.26
85,330,2676.44,2320.09,-7455.24,-3086.48
90,330,2370.83,2024.57,-6975.71,-2730.13
95,330,2100.14,1735.32,-6551.46,-2378.65
100,330,1860.93,1457.82,-6179.8,-2034.37
105,330,1650.96,1196.34,-5852.13,-1697.33
110,330,1470.1,953.907,-5555.89,-1366.47
115,330,1319.96,732.294,-5276.76,-1040.94
120,330,1202.32,532.805,-5000.59,-720.849
125,330,1116.94,358.007,-4714.61,-407.433
130,330,1059.99,213.951,-4407.49,-102.524
135,330,1024.08,111.385,-4068.5,191.78
140,330,1000.39,64.0941,-3686.38,472.348
145,330,981.877,83.4615,-3249.08,732.528
150,330,965.872,170.477,-2745.29,958.746
155,330,953.768,308.703,-2168.64,1128.44
160,330,946.985,462.321,-1523.9,1212.01
165,330,940.371,581.64,-833.134,1179.63
170,330,916.72,614.98,-138.162,1011.16
175,330,847.144,522.722,504.269,704.703
180,330,700.119,288.4,1035.55,280.152
0,335,5139.22,-521.589,-10605.2,1491.53
5,335,5012.35,142.177,-10624.9,282.762
10,335,4933.37,847.579,-10740.3,-950.87
15,335,4893.9,1545.8,-10928,-2163.46
20,335,4873.03,2189.91,-11144.5,-3301.67
25,335,4843.71,2742.38,-11337.7,-4308.6
30,335,4780.52,3179.42,-11459.9,-5133.6
35,335,4665.65,3491.76,-11477,-5743.53
40,335,4491.39,3682.67,-11371.5,-6129.49
45,335,4259.59,3763.97,-11141.6,-6305.58
50,335,3979.49,3751.74,-10797.2,-6301.34
55,335,3665.35,3662.93,-10356.5,-6152.4
60,335,3334.2,3513.56,-9842.93,-5893.37
65,335,3003.65,3318.12,-9283.31,-5554.5
70,335,2689.67,3089.59,-8705.53,-5161.09
75,335,2404.65,2839.42,-8136.38,-4734.04
80,335,2156.07,2577.43,-7599.22,-4290.11
85,335,1946.28,2311.78,-7111.69,-3841.94
90,335,1773.21,2049.02,-6683.96,-3397.81
95,335,1632.13,1794.37,-6317.77,-2961.89
100,335,1517.7,1552.04,-6006.51,-2535.21
105,335,1426,1325.18,-5736.53,-2117.16
110,335,1355.66,1115.66,-5489.58,-1707.28
115,335,1307.67,923.977,-5245.97,-1306.83
120,335,1283.65,749.701,-4987.82,-919.237
125,335,1283.03,593.127,-4701.56,-549.427
130,335,1300.54,457.551,-4378.63,-202.093
135,335,1325.53,350.901,-4014.33,119.872
140,335,1344.12,284.873,-3605.18,415.25
145,335,1343.6,270.487,-3146.26,681.726
150,335,1316.96,311.021,-2630.75,911.251
155,335,1264.52,395.346,-2053.02,1086.25
160,335,1191.09,495.466,-1415.4,1179.99
165,335,1099.25,570.566,-736.183,1162.64
170,335,982.826,576.838,-54.0898,1011.39
175,335,825.458,479.552,575.291,720.048
180,335,607.201,262.886,1092.63,304.222
0,340,4195.36,-389.608,-11012.8,1531.31
5,340,4049.8,223.854,-11029,29.3202
10,340,3911.5,873.226,-11083.9,-1488.24
15,340,3781.27,1512.05,-11159.3,-2958.31
20,340,3653.07,2096.33,-11222.5,-4312.77
25,340,3517.21,2591.53,-11237.5,-5484.52
30,340,3364.57,2976.4,-11174.6,-6418.43
35,340,3189.66,3243.64,-11017.1,-7082.42
40,340,2991.6,3397.83,-10761.3,-7473
45,340,2773.54,3451.62,-10413.9,-7612.61
50,340,2541.49,3421.67,-9987.9,-7540.67
55,340,2303.56,3325.31,-9500.01,-7303.04
60,340,2069.36,3178.63,-8969.52,-6943.93
65,340,1849.27,2995.68,-8417.82,-6501.62
70,340,1653.17,2788.4,-7867.67,-6007.37
75,340,1489.01,2566.79,-7341.68,-5485.62
80,340,1361.47,2339.01,-6860.1,-4954.46
85,340,1271.31,2111.57,-6438.21,-4425.95
90,340,1215.68,1889.65,-6084,-3906.55
95,340,1189.24,1677.37,-5796.64,-3398.11
100,340,1185.94,1478.06,-5566.02,-2899.54
105,340,1200.91,1294.15,-5373.89,-2409.13
110,340,1231.66,1126.83,-5196.49,-1926.9
115,340,1278.11,975.722,-5008.6,-1456.4
120,340,1340.91,839.219,-4788.09,-1004.94
125,340,1418.43,715.775,-4519.83,-582.009
130,340,1503.82,606.045,-4197.52,-196.303
135,340,1583.78,514.654,-3822.44,147.24
140,340,1640.63,449.997,-3399.46,448.241
145,340,1657.31,420.983,-2931.98,708.188
150,340,1623.07,431.333,-2418.97,924.898
155,340,1536.78,473.831,-1856.48,1087.14
160,340,1405.15,527.746,-1244.63,1173.23
165,340,1236.68,561.53,-597.131,1155.81
170,340,1034.8,540.415,52.1321,1011.5
175,340,795.147,436.176,650.958,731.091
180,340,509.661,235.371,1141.39,325.977
0,345,3219.57,-254.663,-11336.5,1559.44
5,345,3055.66,258.418,-11341.1,-221.681
10,345,2868.03,803.729,-11311.8,-2005.38
15,345,2666.11,1340.32,-11238.1,-3711.02
20,345,2456.85,1829.63,-11103.3,-5256.17
25,345,2245,2241.51,-10892.2,-6564.81
30,345,2034.26,2557.47,-10598.8,-7579.02
35,345,1828.19,2771.27,-10227.9,-8269.59
40,345,1630.32,2887.25,-9792.72,-8640.13
45,345,1443.77,2917.17,-9310.29,-8722.85
50,345,1271.15,2876.66,-8797.05,-8568.15
55,345,1114.89,2782.07,-8267.32,-8232.83
60,345,977.883,2648.4,-7734.07,-7770.82
65,345,863.84,2488.31,-7210.63,-7228.11
70,345,776.944,2311.93,-6711.72,-6641.03
75,345,720.967,2127.19,-6253.05,-6036.42
80,345,698.169,1940.22,-5849.58,-5432.44
85,345,708.468,1755.86,-5512.82,-4839.46
90,345,749.242,1578.11,-5248.03,-4261.18
95,345,815.887,1410.43,-5052.05,-3696.32
100,345,902.991,1255.87,-4912.22,-3141.03
105,345,1005.76,1116.81,-4806.99,-2591.84
110,345,1121.09,994.45,-4708.52,-2048.69
115,345,1247.66,888.363,-4587.08,-1516.95
120,345,1384.46,796.492,-4416.71,-1007.7
125,345,1528.05,716.111,-4180.54,-535.391
130,345,1669.7,645.555,-3873.78,-113.703
135,345,1794.08,585.911,-3502.86,248.886
140,345,1881.14,541.352,-3080.43,551.161
145,345,1911.14,517.157,-2618.24,797.086
150,345,1870.76,515.655,-2121.62,989.918
155,345,1757.21,531.816,-1589.2,1125.53
160,345,1577.62,550.948,-1019.46,1189.17
165,345,1344.15,550.289,-421.289,1158.39
170,345,1067.73,504.472,177.428,1011.52
175,345,754.603,392.882,729.854,737.923
180,345,408.243,206.064,1181.47,345.25
0,350,2219.28,-117.779,-11574,1575.71
5,350,2039.46,248.143,-11559.8,-461.988
10,350,1818.5,645.522,-11427.2,-2486.01
15,350,1572.99,1042.07,-11176,-4398.35
20,350,1319.64,1406.99,-10809.2,-6103.31
25,350,1073.13,1715.61,-10337.1,-7517.62
30,350,845.121,1952.05,-9780.71,-8582.52
35,350,643.853,2109.96,-9169.51,-9273.46
40,350,474.168,2191.69,-8535.96,-9602.61
45,350,337.807,2206.19,-7908.69,-9612.94
50,350,234.101,2166.24,-7307.96,-9366.3
55,350,161.041,2085.68,-6745.14,-8930.39
60,350,116.433,1977.21,-6225.41,-8368.39
65,350,98.7677,1851.15,-5751.72,-7733.1
70,350,107.532,1715.17,-5327.95,-7064.87
75,350,142.922,1574.64,-4960.09,-6391.9
80,350,205.168,1433.47,-4655.3,-5731.5
85,350,293.781,1294.82,-4419.5,-5091.66
90,350,407.064,1161.73,-4254.39,-4472.85
95,350,542.086,1037.38,-4154.7,-3870.24
100,350,695.144,925.054,-4106.44,-3276.67
105,350,862.535,827.753,-4086.76,-2686.2
110,350,1041.19,747.501,-4065.99,-2097.66
115,350,1228.63,684.692,-4012.07,-1517.25
120,350,1421.82,637.795,-3896.67,-958.987
125,350,1615,603.788,-3701.58,-442.115
130,350,1797.37,579.336,-3422.85,14.0313
135,350,1952.2,562.21,-3070.58,395.882
140,350,2058.56,552.003,-2663.58,699.333
145,350,2095.87,549.366,-2220.84,928.902
150,350,2049.57,553.684,-1753.85,1092.18
155,350,1915.27,560.241,-1264.41,1192.31
160,350,1699.15,558.552,-750.237,1222.8
165,350,1414.62,533.285,-215.797,1168.25
170,350,1077.47,467.936,317.662,1010.99
175,350,702.509,349.948,810.187,740.603
180,350,303.718,175.19,1212.55,361.896
0,355,1202.1,20.0007,-11723.3,1579.97
5,355,1010.56,196.705,-11684.8,-684.01
10,355,776.844,407.719,-11435.9,-2915.59
15,355,522.449,632.477,-10989.2,-5000.24
20,355,269.465,849.929,-10370,-6830.6
25,355,36.897,1041.63,-9616.85,-8318.15
30,355,-161.554,1193.87,-8779.94,-9405.29
35,355,-318.056,1298.88,-7914.98,-10073.8
40,355,-429.942,1355.2,-7074.53,-10345.3
45,355,-498.371,1366.97,-6299.56,-10274
50,355,-526.884,1342.18,-5614.59,-9932.79
55,355,-520.177,1290.45,-5027.97,-9399.51
60,355,-483.15,1220.83,-4536.37,-8745.43
65,355,-420.206,1140.38,-4130.88,-8028.98
70,355,-334.765,1053.75,-3802.42,-7293.47
75,355,-229.064,963.669,-3544.75,-6567.66
80,355,-104.294,871.862,-3354.85,-5867.52
85,355,38.9767,780.038,-3231.17,-5198.44
90,355,200.257,690.525,-3170.84,-4557.55
95,355,378.676,606.512,-3166.54,-3936.37
100,355,572.771,531.861,-3204.08,-3324.16
105,355,780.514,470.589,-3261.43,-2711.76
110,355,999.347,426.099,-3309.83,-2095.82
115,355,1225.89,400.348,-3317.61,-1481.99
120,355,1455.06,393.223,-3256.19,-885.935
125,355,1678.61,402.409,-3106.93,-330.927
130,355,1883.86,423.903,-2866.17,157.804
135,355,2053.42,452.974,-2545.88,560.308
140,355,2166.9,485.051,-2168.75,867.534
145,355,2204.61,515.909,-1759.05,1082.39
150,355,2152.05,540.934,-1333.59,1215.25
155,355,2003.49,553.898,-897.7,1276.05
160,355,1762.96,546.263,-449.288,1267.31
165,355,1442.8,507.993,10.7568,1182.22
170,355,1060.83,430.048,467.832,1008.99
175,355,637.914,307.67,889.858,739.158
180,355,196.881,142.982,1234.41,375.788
0,360,175.766,157.628,-11783.5,1572.22
5,360,-22.0685,109.019,-11717,-881.047
10,360,-245.156,101.709,-11346,-3281.72
15,360,-469.991,129.63,-10697.3,-5500.34
20,360,-674.212,183.078,-9820.26,-7419.91
25,360,-840.839,250.197,-8782.42,-8948.83
30,360,-960.501,318.77,-7663.44,-10032.6
35,360,-1031.18,378.28,-6545.02,-10660.6
40,360,-1056.05,421.723,-5499.52,-10864.5
45,360,-1040.74,446.46,-4580.11,-10709.2
50,360,-991.23,453.73,-3815.73,-10277.6
55,360,-912.932,447.068,-3212.11,-9656.13
60,360,-810.626,430.392,-2757.55,-8922.45
65,360,-688.646,406.577,-2430.98,-8139.25
70,360,-550.788,376.972,-2209.42,-7351.8
75,360,-399.923,341.829,-2072.91,-6588.86
80,360,-237.629,301.213,-2006.58,-5864.94
85,360,-64.1512,255.899,-1999.97,-5182.91
90,360,121.228,207.932,-2044.67,-4536.77
95,360,319.54,160.736,-2131.19,-3914.61
100,360,531.429,118.847,-2245.97,-3302
105,360,756.53,87.3555,-2369.47,-2686.25
110,360,992.913,71.1556,-2476.23,-2060.89
115,360,1236.5,74.0644,-2537.55,-1429.69
120,360,1480.4,97.9641,-2526.77,-808.509
125,360,1714.25,142.173,-2425.86,-223.515
130,360,1924.03,203.264,-2231.01,294.508
135,360,2092.58,275.406,-1954.34,718.514
140,360,2201.31,351.069,-1619.93,1032.9
145,360,2232.84,421.735,-1255.17,1236.98
150,360,2173.86,478.339,-880.979,1342.2
155,360,2017.57,511.541,-506.304,1364.32
160,360,1765,512.284,-130.25,1314.87
165,360,1425.38,473.153,248.778,1196.42
170,360,1015.77,390.475,622.315,1004.33
175,360,560.293,266.382,966.538,733.605
180,360,88.5459,109.686,1246.87,386.819
