Theta[deg],Phi[deg],re(rETheta)[mV],im(rETheta)[mV],re(rEPhi)[mV],im(rEPhi)[mV]
0,0,-542.714,659.986,14510.8,1634.53
5,0,-848.41,180.867,14576.2,-107.573
10,0,-1137.74,-301.707,14242.1,-1784.56
15,0,-1400.11,-745.885,13537.6,-3298.5
20,0,-1627.09,-1114.58,12517.6,-4568.74
25,0,-1810.11,-1381.99,11255.4,-5539.55
30,0,-1939.72,-1537.54,9833.55,-6183.89
35,0,-2007.22,-1585.94,8335.46,-6503.09
40,0,-2007.6,-1543.38,6838.47,-6523.09
45,0,-1942.24,-1431.61,5408.8,-6288.42
50,0,-1819.95,-1272.06,4098.23,-5855.07
55,0,-1655.54,-1081.85,2942.34,-5283.41
60,0,-1466.81,-872.564,1960.18,-4631.72
65,0,-1271.01,-651.038,1155.5,-3951.1
70,0,-1082.27,-421.055,519.397,-3282.06
75,0,-910.342,-184.951,34.0326,-2653.08
80,0,-760.72,55.4082,-323.317,-2081.11
85,0,-635.509,298.192,-576.542,-1573.42
90,0,-534.514,541.395,-747.847,-1130.05
95,0,-456.143,782.56,-855.877,-746.266
100,0,-397.958,1018.37,-914.739,-414.435
105,0,-356.836,1244.27,-933.724,-125.415
110,0,-328.834,1454.32,-917.714,130.353
115,0,-308.953,1641.58,-868.353,361.64
120,0,-291.099,1798.82,-786.117,574.889
125,0,-268.544,1919.28,-673.069,772.518
130,0,-235.031,1997.03,-535.633,951.707
135,0,-186.332,2026.6,-386.253,1104.52
140,0,-121.729,2002.29,-242.78,1219.86
145,0,-44.7377,1917.79,-125.094,1286.94
150,0,37.3719,1767.09,-49.6621,1299.02
155,0,115.151,1546.95,-23.9041,1255.72
160,0,179.024,1260.38,-42.6813,1163.06
165,0,220.995,919.524,-88.6032,1031.47
170,0,235.482,546.373,-136.398,873.413
175,0,219.312,170.477,-159.977,701.865
180,0,171.334,-175.975,-139.714,530.163
0,5,724.051,799.933,14502.9,1570.79
5,5,430.146,142.933,14582.2,-372.118
10,5,108.627,-500.588,14203,-2239.49
15,5,-223.864,-1076.21,13405.4,-3911.94
20,5,-549.608,-1539,12261.6,-5292.75
25,5,-849.204,-1860.86,10864.6,-6317.23
30,5,-1102.71,-2033.98,9315.43,-6956.8
35,5,-1292.64,-2069.4,7712.45,-7217.92
40,5,-1407.62,-1991.52,6142.32,-7136.63
45,5,-1445.12,-1830.52,4674.94,-6770.41
50,5,-1411.95,-1615.51,3360.9,-6188.88
55,5,-1322.34,-1370.16,2231.1,-5464.88
60,5,-1194.52,-1111.33,1297.9,-4666.96
65,5,-1047.01,-849.639,557.609,-3853.75
70,5,-895.827,-591.178,-5.86514,-3070.64
75,5,-752.925,-339.002,-416.678,-2348.8
80,5,-625.977,-94.2974,-702.601,-1706.2
85,5,-518.943,142.852,-891.188,-1150.04
90,5,-432.982,372.847,-1006.93,-679.671
95,5,-367.355,595.954,-1069.51,-289.342
100,5,-320.074,811.686,-1092.84,29.7125
105,5,-288.241,1018.3,-1084.91,287.944
110,5,-268.115,1212.57,-1048.25,496.559
115,5,-255.068,1389.97,-981.294,666.562
120,5,-243.65,1545.07,-880.943,807.484
125,5,-227.977,1672.09,-746.064,925.859
130,5,-202.569,1765.03,-581.16,1024
135,5,-163.523,1817.35,-398.756,1099.81
140,5,-109.693,1821.4,-218.987,1148.13
145,5,-43.3925,1768.29,-65.6981,1163.37
150,5,29.7486,1648.93,40.0914,1142.48
155,5,101.81,1456.93,86.9888,1086.76
160,5,164.131,1192.55,77.4009,1001.7
165,5,208.773,866.323,27.1636,895.048
170,5,229.43,500.371,-39.3153,774.338
175,5,221.672,126.07,-96.4159,645.44
180,5,182.859,-221.512,-124.249,512.808
0,10,1985.31,933.793,14384.6,1495.1
5,10,1704.68,66.3913,14474.6,-614.934
10,10,1341.71,-768.899,14053.5,-2642.54
15,10,921.919,-1500.56,13171.5,-4449.12
20,10,476.447,-2073.02,11916.7,-5923.33
25,10,39.7864,-2455.14,10400.4,-6992.15
30,10,-354.24,-2643.05,8741.34,-7625.7
35,10,-677.551,-2656.41,7051.51,-7835.54
40,10,-912.239,-2530.15,5425.55,-7667.53
45,10,-1052.78,-2304.89,3935.55,-7191.22
50,10,-1105.42,-2018.93,2629.57,-6488.23
55,10,-1085.27,-1703.73,1532.98,-5641.62
60,10,-1012.21,-1382.5,651.391,-4727.64
65,10,-906.953,-1070.75,-25.5977,-3810.24
70,10,-788.009,-777.641,-520.023,-2938.27
75,10,-669.897,-507.298,-860.915,-2145.05
80,10,-562.526,-260.063,-1079.82,-1449.76
85,10,-471.483,-33.6559,-1207.01,-860.016
90,10,-398.834,175.65,-1268.67,-374.861
95,10,-344.099,371.923,-1285.18,12.4162
100,10,-305.116,558.645,-1270.3,312.155
105,10,-278.701,738.065,-1231.02,536.856
110,10,-261.065,910.835,-1168.16,700.125
115,10,-248.083,1075.9,-1078.02,815.639
120,10,-235.493,1230.49,-955.164,895.857
125,10,-219.103,1370.14,-796.363,950.602
130,10,-195.119,1488.48,-604.776,985.974
135,10,-160.641,1576.87,-392.836,1004.18
140,10,-114.346,1624.12,-182.075,1004.59
145,10,-57.1657,1616.82,0.987645,985.792
150,10,7.35863,1541.01,132.019,947.709
155,10,73.3811,1385.61,196.457,892.768
160,10,133.746,1147.17,194.206,825.48
165,10,181.298,834.472,139.331,750.582
170,10,209.93,470.537,54.9741,670.802
175,10,214.964,90.3997,-34.064,585.568
180,10,192.992,-265.364,-107.839,491.551
0,15,3231.45,1060.55,14156.8,1408.02
5,15,2965.18,-43.5332,14254.9,-830.145
10,15,2552.52,-1096.26,13798.8,-2982.81
15,15,2030.22,-2005.2,12846.7,-4895.74
20,15,1446.37,-2701.59,11500.2,-6445.2
25,15,854.378,-3150.57,9886.65,-7550.93
30,15,304.976,-3352.98,8140.09,-8181.84
35,15,-161.548,-3338.86,6384.17,-8354.08
40,15,-520.576,-3155.65,4719.95,-8122.24
45,15,-764.447,-2855.89,3220.3,-7566.31
50,15,-900.146,-2488.15,1929.84,-6777.58
55,15,-944.872,-2092.39,868.152,-5846.55
60,15,-921.155,-1698.81,34.6311,-4854.35
65,15,-852.594,-1328.37,-586.571,-3867.88
70,15,-760.674,-993.784,-1021.7,-2937.88
75,15,-662.718,-700.536,-1302.85,-2099.15
80,15,-570.931,-448.103,-1463.75,-1372.06
85,15,-492.407,-231.561,-1536.15,-764.962
90,15,-429.837,-43.3765,-1547.16,-276.877
95,15,-382.622,124.919,-1517.53,99.8711
100,15,-348.05,281.415,-1460.86,377.49
105,15,-322.382,432.955,-1383.69,571.01
110,15,-301.731,584.597,-1286.21,696.862
115,15,-282.694,739.188,-1164.06,771.45
120,15,-262.651,896.905,-1011.17,809.658
125,15,-239.679,1054.68,-823.706,823.462
130,15,-212.177,1205.56,-604.354,821.13
135,15,-178.537,1338.3,-365.388,807.378
140,15,-137.272,1437.31,-128.78,784.496
145,15,-87.7398,1483.61,77.7482,753.949
150,15,-31.1167,1457.24,228.014,717.713
155,15,29.1181,1341.48,305.302,678.673
160,15,87.6841,1128.65,307.451,639.881
165,15,138.793,825.725,246.747,602.93
170,15,177.39,457.324,144.908,566.191
175,15,199.508,63.6228,25.8048,523.841
180,15,201.656,-307.195,-90.6085,466.552
0,20,4453,1179.23,13821.3,1310.23
5,20,4201.96,-180.711,13925.3,-1012.94
10,20,3733.32,-1470.59,13444.2,-3251.36
15,20,3096.62,-2574.28,12441.6,-5239.72
20,20,2359.55,-3407.78,11028.9,-6845
25,20,1597.39,-3931.6,9345.82,-7981.06
30,20,880.262,-4151.67,7538.56,-8615.6
35,20,262.01,-4109.45,5739.95,-8768.28
40,20,-225.84,-3866.12,4055.63,-8500.65
45,20,-574.123,-3487.15,2558.26,-7900.75
50,20,-791.508,-3031.97,1288.65,-7066.83
55,20,-898.173,-2549.29,260.948,-6093.9
60,20,-919.917,-2076.42,-530.713,-5065.25
65,20,-883.596,-1639.89,-1106.16,-4048.46
70,20,-813.871,-1256.1,-1494.11,-3094.58
75,20,-730.987,-932.05,-1727.94,-2238.91
80,20,-649.523,-666.515,-1841.93,-1502.59
85,20,-578.126,-452.05,-1868.05,-894.599
90,20,-520.138,-277.356,-1833.44,-413.981
95,20,-474.85,-129.557,-1758.78,-52.1505
100,20,-439.04,4.05913,-1657.68,204.925
105,20,-408.519,134.888,-1536.85,374.734
110,20,-379.501,272.244,-1397.04,476.304
115,20,-349.562,422.663,-1234.79,528.292
120,20,-317.967,589.033,-1045.06,547.16
125,20,-285.187,769.539,-824.861,545.832
130,20,-251.775,956.633,-577.18,533.254
135,20,-217.231,1136.42,-314.083,515.055
140,20,-179.671,1288.85,-57.1124,494.907
145,20,-136.709,1389.22,166.166,475.86
150,20,-87.0843,1411.28,329.088,460.901
155,20,-31.8776,1332.41,413.798,452.581
160,20,25.6518,1140.52,416.593,451.988
165,20,81.4967,840.967,348.183,457.549
170,20,132.359,460.552,228.955,463.994
175,20,175.794,45.6036,81.9763,461.837
180,20,208.786,-346.689,-72.6882,438.003
0,25,5640.66,1288.93,13380.6,1202.47
5,25,5405.69,-338.305,13488.8,-1159.71
10,25,4877.54,-1878.45,12995.2,-3441.38
15,25,4119.06,-3190.13,11965.8,-5471.49
20,25,3219.06,-4172.65,10517.4,-7111.37
25,25,2276.54,-4780.92,8797.52,-8270.66
30,25,1382.67,-5025.61,6960.43,-8915.72
35,25,605.921,-4959.79,5145.15,-9068.25
40,25,-15.0183,-4658.77,3460.15,-8794.33
45,25,-469.773,-4201.35,1977.27,-8187.22
50,25,-769.206,-3657.91,733.758,-7349.07
55,25,-936.909,-3085.78,-260.736,-6376.64
60,25,-1002.15,-2529.11,-1016.07,-5352.94
65,25,-995.037,-2019.69,-1554.64,-4344.25
70,25,-943.316,-1577.52,-1906.18,-3400.4
75,25,-870.103,-1211.22,-2103.96,-2556.05
80,25,-792.44,-919.285,-2181.53,-1832.34
85,25,-720.79,-692.274,-2170.02,-1238.4
90,25,-659.549,-515.742,-2095.8,-773.171
95,25,-608.398,-373.012,-1979.19,-427.355
100,25,-564.138,-247.365,-1833.89,-185.554
105,25,-522.647,-123.496,-1667.4,-28.5064
110,25,-480.642,11.4847,-1481.96,64.5817
115,25,-436.882,167.137,-1276.17,113.678
120,25,-392.422,348.545,-1047.21,135.836
125,25,-349.729,554.921,-793.871,143.885
130,25,-310.912,778.235,-519.965,146.369
135,25,-275.974,1002.39,-237.263,148.674
140,25,-242.213,1203.46,33.7534,154.674
145,25,-205.364,1351.54,266.655,167.821
150,25,-161.843,1414.54,435.324,191.037
155,25,-110.514,1364.32,521.578,225.657
160,25,-52.6616,1184.76,520.727,270.296
165,25,9.71279,879.964,442.27,320.299
170,25,75.5494,479.354,305.601,367.666
175,25,144.481,35.9234,133.316,401.054
180,25,214.327,-383.544,-54.2147,406.121
0,30,6785.4,1388.83,12838.1,1085.55
5,30,6567.46,-508.992,12949,-1268.16
10,30,5979.55,-2305.35,12457.2,-3548.45
15,30,5097.43,-3833.45,11427.6,-5584.23
20,30,4031.05,-4975.18,9977.67,-7235.16
25,30,2903.71,-5678.78,8257.51,-8408.58
30,30,1828.4,-5958.58,6424.83,-9069.34
35,30,888.857,-5878.45,4621.53,-9239.4
40,30,131.301,-5527.36,2957.14,-8986.58
45,30,-432.581,-4997.07,1502.39,-8406.13
50,30,-815.877,-4368.6,291.806,-7601.08
55,30,-1045.55,-3707.46,-668.152,-6667.28
60,30,-1154.14,-3064.04,-1389.86,-5685.34
65,30,-1174.65,-2474.94,-1896.96,-4718.68
70,30,-1137.55,-1963.5,-2219.15,-3814.54
75,30,-1068.63,-1540.25,-2388.73,-3005.93
80,30,-987.507,-1204.02,-2437.82,-2313.08
85,30,-906.918,-944.37,-2396.07,-1744.83
90,30,-833.09,-744.827,-2288.76,-1299.9
95,30,-767.045,-586.065,-2135.61,-968.651
100,30,-706.577,-448.451,-1950.55,-735.106
105,30,-648.443,-313.81,-1742.14,-579.275
110,30,-590.357,-166.626,-1514.55,-479.752
115,30,-532.295,4.86963,-1268.86,-416.335
120,30,-476.652,207.392,-1004.88,-372.282
125,30,-427.037,440.984,-723.446,-335.556
130,30,-386.094,697.383,-429.321,-298.621
135,30,-353.432,958.935,-133.906,-256.966
140,30,-325.005,1198.77,143.679,-207.325
145,30,-294.574,1382.81,378.62,-146.822
150,30,-256.446,1474.15,545.907,-73.6328
155,30,-207.581,1440.08,627.593,11.497
160,30,-147.479,1261.25,618.511,104.267
165,30,-76.1236,941.161,527.459,197.158
170,30,7.84988,512.162,373.355,280.472
175,30,106.382,33.8989,178.787,342.861
180,30,218.236,-417.481,-35.3286,371.147
0,35,7878.49,1478.16,12197.8,960.38
5,35,7678.73,-685.199,12310.1,-1337.37
10,35,7034.51,-2736.14,11835.1,-3570.74
15,35,6032.99,-4483.68,10833.3,-5574.22
20,35,4803.9,-5792.3,9418.1,-7209.94
25,35,3494.04,-6602.47,7736.66,-8385.03
30,35,2237.91,-6930.49,5945.17,-9062.78
35,35,1134.72,-6849.25,4184.88,-9263.53
40,35,238.7,-6459.95,2564.65,-9053.91
45,35,-436.664,-5866.35,1153.95,-8527.87
50,35,-906.236,-5159.34,-14.3716,-7786.31
55,35,-1199.91,-4411.96,-935.476,-6921.73
60,35,-1352.97,-3680.15,-1622.73,-6010.64
65,35,-1400.75,-3004.75,-2099.85,-5112.25
70,35,-1375.89,-2412.35,-2395.72,-4270.29
75,35,-1306.59,-1915.72,-2541.23,-3515.28
80,35,-1215.16,-1514.96,-2566.88,-2866.08
85,35,-1117.23,-1199.92,-2500.81,-2330.9
90,35,-1021.83,-953.543,-2367.16,-1908.4
95,35,-932.509,-755.307,-2185.18,-1589.13
100,35,-849.225,-583.994,-1969.04,-1357.38
105,35,-770.509,-419.705,-1728.31,-1193.52
110,35,-695.498,-245.269,-1468.9,-1076.61
115,35,-625.24,-47.4665,-1194.08,-987.153
120,35,-562.763,181.543,-905.873,-909.35
125,35,-511.726,442.46,-606.828,-832.311
130,35,-474.102,727.002,-302.445,-749.699
135,35,-448.111,1016.6,-3.6722,-658.126
140,35,-427.793,1282.42,271.732,-555.404
145,35,-404.832,1487.5,500.598,-439.973
150,35,-371.652,1591.51,659.177,-311.975
155,35,-323.644,1558.56,730.075,-174.942
160,35,-258.826,1367.35,708.122,-36.3378
165,35,-175.371,1021.58,601.995,93.847
170,35,-69.6441,556.731,430.751,205.317
175,35,62.4573,38.6138,217.473,288.441
180,35,220.485,-448.24,-16.1736,333.349
0,40,8911.62,1556.24,11464.8,827.895
5,40,8731.39,-859.352,11577.1,-1367.82
10,40,8038.03,-3155.42,11133.3,-3509.07
15,40,6927.71,-5119.33,10187.1,-5441.12
20,40,5547.27,-6598.96,8843.12,-7032.59
25,40,4064.65,-7526.04,7240.16,-8192.62
30,40,2634.59,-7916.57,5528.01,-8883.06
35,40,1371.48,-7849.95,3843.61,-9120.98
40,40,338.045,-7437.38,2293.3,-8969.02
45,40,-449.608,-6793.08,945.154,-8516.7
50,40,-1007.27,-6016.83,-168.72,-7859.98
55,40,-1367.02,-5188.34,-1043.66,-7085.92
60,40,-1566.21,-4368.5,-1692.64,-6265.46
65,40,-1641.88,-3601.92,-2138.38,-5452.66
70,40,-1628.31,-2918.36,-2408.32,-4687.13
75,40,-1555.81,-2333.31,-2531.7,-3996.54
80,40,-1449.53,-1849.1,-2537.43,-3398.13
85,40,-1328.5,-1457.18,-2452.31,-2899.6
90,40,-1205.48,-1141.41,-2299.64,-2499.86
95,40,-1087.61,-881.469,-2098.34,-2190.21
100,40,-978.011,-655.824,-1862.82,-1955.98
105,40,-877.703,-443.935,-1603.43,-1778.74
110,40,-787.532,-227.856,-1327.24,-1638.86
115,40,-709.381,6.37587,-1038.96,-1518.2
120,40,-646.199,267.207,-741.932,-1402.29
125,40,-600.658,555.704,-439.692,-1281.52
130,40,-572.956,863.592,-137.987,-1150.71
135,40,-558.996,1171.82,152.802,-1007.57
140,40,-550.342,1450.47,416.132,-851.205
145,40,-536.429,1661.02,630.256,-681.828
150,40,-507.929,1761.36,772.6,-502.11
155,40,-458.957,1714.16,826.504,-318.747
160,40,-386.415,1497.68,787.232,-142.297
165,40,-287.099,1116.8,663.93,15.4042
170,40,-155.606,610.206,476.38,144.573
175,40,13.804,48.961,248.597,238.749
180,40,221.056,-475.587,3.10447,293.014
0,45,9876.93,1622.47,10644.4,689.11
5,45,9717.7,-1024.13,10755.2,-1361.39
10,45,8985.91,-3548,10355.9,-3367.04
15,45,7783.62,-5718.54,9491.1,-5188.31
20,45,6270.88,-7368.57,8252.91,-6704.04
25,45,4633.21,-8420.33,6767.07,-7827.63
30,45,3043.16,-8887.11,5172.21,-8519.99
35,45,1629.47,-8851.68,3597.4,-8793.66
40,45,463.771,-8432.52,2144.51,-8704.85
45,45,-434.138,-7752.4,879.765,-8335.92
50,45,-1079.87,-6918.79,-164.861,-7775.55
55,45,-1506.83,-6017.4,-983.842,-7103.66
60,45,-1753.8,-5113.45,-1588.69,-6384.5
65,45,-1858.98,-4254.98,-2000.29,-5666.39
70,45,-1857.92,-3474.82,-2244.1,-4984.47
75,45,-1782.82,-2791.53,-2347.35,-4363.39
80,45,-1661.61,-2210.39,-2337.21,-3818.85
85,45,-1516.99,-1725.45,-2239.22,-3358.22
90,45,-1365.88,-1322.56,-2075.92,-2981
95,45,-1219.55,-982.762,-1866.01,-2679.72
100,45,-1084.8,-685.247,-1624.12,-2441.33
105,45,-965.54,-409.793,-1361.13,-2249.23
110,45,-864.455,-138.552,-1084.72,-2085.71
115,45,-784.113,142.395,-800.217,-1934.45
120,45,-726.933,441.401,-511.417,-1782.65
125,45,-693.919,759.365,-221.944,-1621.97
130,45,-682.708,1087.76,62.7852,-1448.28
135,45,-686.163,1407.21,333.181,-1260.25
140,45,-692.832,1687.48,573.81,-1058.22
145,45,-689.633,1889.72,764.125,-844.307
150,45,-665.462,1971.8,882.628,-623.854
155,45,-613.359,1896.82,913.556,-406.644
160,45,-529.519,1644.26,853.018,-205.844
165,45,-410.001,1221.13,711.148,-34.2552
170,45,-248.457,669.241,508.92,99.9201
175,45,-38.3641,63.6952,271.545,194.471
180,45,219.944,-499.315,22.3589,250.449
0,50,10767.1,1676.36,9743.11,545.08
5,50,10630.3,-1172.71,9850.23,-1321.27
10,50,9873.82,-3899.4,9506.21,-3150.98
15,50,8602.02,-6259.66,8745.08,-4823.13
20,50,6983.36,-8073.58,7643.49,-6229.99
25,50,5216.21,-9253.58,6310.15,-7291.54
30,50,3487.56,-9807.84,4868.45,-7968.58
35,50,1939.01,-9819.22,3436.28,-8268.42
40,50,651.303,-9410.49,2108.91,-8239.07
45,50,-350.973,-8710.89,949.926,-7953.62
50,50,-1082.06,-7834.42,-8.72069,-7491.63
55,50,-1575.79,-6872.13,-760.151,-6924.65
60,50,-1871.96,-5893.16,-1313.85,-6309.63
65,50,-2009.66,-4948.56,-1688.35,-5688.81
70,50,-2025.48,-4073.96,-1906.59,-5092.64
75,50,-1953.22,-3290.92,-1993.29,-4542.65
80,50,-1823.27,-2607.83,-1973.37,-4052.98
85,50,-1661.68,-2021.76,-1870.65,-3630.72
90,50,-1489.21,-1521.21,-1706.62,-3276.17
95,50,-1321.1,-1089.24,-1499.58,-2983.39
100,50,-1167.72,-706.625,-1264.27,-2741.37
105,50,-1035.88,-354.352,-1011.91,-2535.87
110,50,-930.186,-15.6165,-750.565,-2351.64
115,50,-853.97,322.49,-485.709,-2174.67
120,50,-809.095,667.305,-220.956,-1994.09
125,50,-794.71,1018.76,40.6412,-1802.95
130,50,-805.535,1367.6,294.559,-1598.01
135,50,-830.929,1694.08,532.305,-1378.64
140,50,-855.965,1968.2,739.622,-1146.19
145,50,-864.682,2152.03,897.131,-904.465
150,50,-844.04,2205.03,984.477,-661.171
155,50,-786.111,2092.59,987.048,-428.585
160,50,-686.828,1796.9,902.197,-221.554
165,50,-542.31,1327.88,741.44,-52.7426
170,50,-346.345,730.159,527.191,72.2162
175,50,-92.7341,81.4927,285.885,156.005
180,50,217.158,-519.243,41.4432,205.977
0,55,11575.3,1717.48,8767.62,396.902
5,55,11462.2,-1299,8868.65,-1251.88
10,55,10697.1,-4196.32,8587.43,-2869.86
15,55,9382.83,-6722.05,7947.1,-4357.02
20,55,7691,-8686.46,7007.09,-5621.59
25,55,5827.27,-9992.44,5856.23,-6592.35
30,55,3988.73,-10641.1,4599.38,-7231.28
35,55,2327.68,-10712.2,3340.23,-7540.44
40,55,933.779,-10329.9,2165.37,-7558.6
45,55,-162.639,-9627.7,1134.6,-7348.13
50,55,-973.293,-8725.17,279.398,-6978.23
55,55,-1531.76,-7718.05,-392.02,-6511.41
60,55,-1878.53,-6678.95,-887.016,-5997.04
65,55,-2053.58,-5661.35,-1221.57,-5471.17
70,55,-2094.4,-4703.02,-1415.69,-4959.48
75,55,-2035.86,-3827.87,-1490.99,-4480.19
80,55,-1910.09,-3047.05,-1469.32,-4045.57
85,55,-1745.43,-2360.53,-1371.89,-3662.28
90,55,-1565.48,-1759.58,-1218.35,-3331.36
95,55,-1388.55,-1229.81,-1026.03,-3048.56
100,55,-1228,-754.208,-809.458,-2805.28
105,55,-1093.28,-315.824,-580.117,-2590.1
110,55,-991.032,100.139,-346.445,-2390.77
115,55,-925.614,504.55,-114.008,-2196.1
120,55,-898.684,902.717,113.954,-1997.44
125,55,-907.785,1292.74,335.271,-1789.35
130,55,-944.756,1664.04,546.66,-1569.33
135,55,-995.266,1996.44,741.02,-1337.19
140,55,-1040.57,2260.64,905.494,-1094.92
145,55,-1061.48,2420.65,1022.1,-847.523
150,55,-1042.79,2438.98,1071.94,-604.35
155,55,-975.677,2284.72,1041.95,-379.136
160,55,-856.295,1943.9,931.134,-187.104
165,55,-681.731,1429.76,752.607,-39.5145
170,55,-447.148,789.159,530.215,61.4099
175,55,-147.919,101.016,291.385,123.45
180,55,212.72,-535.219,60.2121,159.939
0,60,12295.4,1745.54,7725.41,245.703
5,60,12206.9,-1397.87,7817.33,-1158.71
10,60,11450.4,-4427.2,7602.61,-2535.13
15,60,10124,-7086.89,7093.95,-3805.48
20,60,8396.68,-9180.86,6332.98,-4895.78
25,60,6475.37,-10603.5,5387.08,-5745.69
30,60,4562.25,-11347.5,4340.3,-6319.97
35,60,2817.33,-11487,3279.68,-6616.12
40,60,1338.44,-11144.7,2281.06,-6663.36
45,60,162.275,-10456.5,1399.04,-6512.57
50,60,-719.389,-9546.08,663.827,-6221.91
55,60,-1339.22,-8513.47,84.5644,-5844.5
60,60,-1738.27,-7434.04,-344.174,-5422.16
65,60,-1957.39,-6362.83,-635.837,-4984.93
70,60,-2034.66,-5338.68,-807.32,-4553.68
75,60,-2005.33,-4386.81,-876.559,-4143.08
80,60,-1901.94,-3520.31,-861.535,-3763.14
85,60,-1753.66,-2741.71,-779.813,-3419.69
90,60,-1585.37,-2045.1,-648.158,-3114.31
95,60,-1417.21,-1418.95,-482.084,-2844.46
100,60,-1264.72,-849.063,-295.355,-2604.16
105,60,-1139.62,-321.219,-99.4917,-2385.29
110,60,-1050.63,176.594,96.6937,-2179
115,60,-1003.48,652.385,287.399,-1977.3
120,60,-1000.1,1108.62,469.62,-1774.03
125,60,-1036.86,1540.89,641.992,-1565.25
130,60,-1102.99,1936.86,802.496,-1349.14
135,60,-1180.5,2275.91,945.546,-1125.71
140,60,-1246.71,2529.9,1059.95,-897.175
145,60,-1278.95,2665.58,1129.52,-669.137
150,60,-1259.72,2649.45,1137.36,-451.625
155,60,-1179.44,2455.16,1072.53,-258.482
160,60,-1034.99,2073.03,936.011,-103.777
165,60,-825.392,1519.41,742.598,3.93933
170,60,-548.48,842.539,517.294,66.5098
175,60,-202.488,120.981,288.035,96.6106
180,60,206.662,-547.122,78.5227,112.683
0,65,12921.9,1760.31,6624.4,92.6338
5,65,12858.2,-1465.32,6703.72,-1048.1
10,65,12127.9,-4582.65,6555.07,-2160.36
15,65,10821,-7338.07,6181.83,-3187.87
20,65,9098.92,-9533.03,5608.5,-4075.45
25,65,7163.38,-11055.2,4880.77,-4775.42
30,65,5216.15,-11888.4,4060.71,-5257.19
35,65,3421.25,-12099.5,3216.98,-5514.96
40,65,1883.16,-11807.2,2412.75,-5568.83
45,65,645.087,-11147.8,1695.87,-5457.97
50,65,-296.887,-10247.8,1094.31,-5229.14
55,65,-973.855,-9210.51,617.578,-4926.03
60,65,-1427.09,-8113.18,261.931,-4583.12
65,65,-1698.11,-7011.36,16.3721,-4224.76
70,65,-1825.11,-5943.66,-132.814,-3867.24
75,65,-1842.68,-4935.44,-199.649,-3521.55
80,65,-1782.29,-4000.94,-197.706,-3195.14
85,65,-1672.21,-3144.83,-140.182,-2892.6
90,65,-1537.08,-2364.13,-40.0873,-2615.72
95,65,-1397.59,-1650.47,89.7623,-2363.51
100,65,-1270.67,-992.842,237.103,-2132.74
105,65,-1169.92,-380.146,390.895,-1918.66
110,65,-1106.04,196.484,542.198,-1716.12
115,65,-1086.29,741.821,684.959,-1520.4
120,65,-1113.15,1255.13,816.19,-1327.88
125,65,-1182.11,1729.19,934.998,-1136.12
130,65,-1280.12,2149.9,1040.31,-943.853
135,65,-1385.78,2496.42,1127.89,-751.154
140,65,-1472.52,2742.2,1188.36,-560.215
145,65,-1514.26,2857.3,1207.81,-376.607
150,65,-1491.27,2812.58,1171.99,-209.999
155,65,-1393.44,2586.27,1072.65,-72.8961
160,65,-1218.98,2172.52,913.099,23.3399
165,65,-969.824,1589.95,709.687,74.0724
170,65,-647.728,886.935,488.085,85.6174
175,65,-254.997,140.22,276.056,75.0163
180,65,199.032,-554.861,96.2357,64.5689
0,70,13450.1,1761.69,5472.97,-61.1401
5,70,13410.5,-1498.67,5535.85,-927.093
10,70,12722.8,-4655.9,5448.64,-1760.86
15,70,11466.9,-7463.1,5207.16,-2526.92
20,70,9791.3,-9723.27,4820.44,-3189.03
25,70,7886.95,-11319.9,4313.54,-3713.57
30,70,5949.22,-12228.9,3726.61,-4076.49
35,70,4141.81,-12508.5,3108.95,-4270.36
40,70,2573.58,-12271.6,2509.56,-4307.15
45,70,1293.83,-11652.8,1968.05,-4214.6
50,70,303.621,-10779.7,1509.05,-4028.03
55,70,-425.638,-9757.55,1141.96,-3781.65
60,70,-934.705,-8664.56,864.613,-3502.96
65,70,-1265.16,-7555.67,668.487,-3211.14
70,70,-1454.57,-6468.17,543.035,-2918.38
75,70,-1535.82,-5426.59,478.087,-2632.25
80,70,-1537.97,-4445.64,464.443,-2357.54
85,70,-1486.98,-3531.9,493.41,-2097.25
90,70,-1405.94,-2685.27,556.092,-1852.98
95,70,-1315.17,-1900.68,642.972,-1624.98
100,70,-1232.25,-1170.37,744.042,-1412.46
105,70,-1172.24,-486.375,849.52,-1213.94
110,70,-1147.44,157.105,950.965,-1027.75
115,70,-1166.41,761.706,1042.4,-852.362
120,70,-1232.02,1323.63,1120.78,-686.495
125,70,-1338.97,1833.13,1185.3,-529.108
130,70,-1472.08,2274.75,1235.28,-379.471
135,70,-1606.86,2628.03,1267.46,-237.695
140,70,-1713.27,2868.61,1274.2,-105.79
145,70,-1762.12,2970.1,1244.25,11.1802
150,70,-1731.82,2907.46,1166.6,104.867
155,70,-1612.15,2662.63,1036.29,165.423
160,70,-1403.28,2232.24,859.107,185.545
165,70,-1111,1635.57,652.674,165.439
170,70,-742.109,919.548,442.679,116.029
175,70,-304.034,157.738,255.912,57.9608
180,70,189.887,-558.377,113.216,15.9638
0,75,13875.9,1749.66,4279.89,-214.449
5,75,13858.5,-1496.6,4322.33,-803.091
10,75,13228,-4643.2,4288.11,-1353.18
15,75,12051.8,-7453.92,4167.51,-1848.01
20,75,10462.2,-9737.39,3956.62,-2269.74
25,75,8633.83,-11376.2,3662.09,-2599.59
30,75,6749.87,-12340,3303.39,-2821.72
35,75,4968.95,-12678.4,2910.44,-2928.98
40,75,3401.27,-12497.2,2517.14,-2926.62
45,75,2101.31,-11926.6,2153.52,-2831.62
50,75,1075.66,-11093.6,1839.92,-2668.02
55,75,299.534,-10103.6,1585.2,-2460.7
60,75,-265.985,-9034.59,1388.88,-2230.47
65,75,-661.471,-7940.39,1245.09,-1991.98
70,75,-923.037,-6856.4,1146.47,-1754.06
75,75,-1081.08,-5805.79,1086.36,-1521.4
80,75,-1161.45,-4803.24,1059.4,-1296.31
85,75,-1186.93,-3856.81,1060.85,-1080.03
90,75,-1178.33,-2968.9,1085.65,-873.477
95,75,-1154.84,-2137.43,1127.7,-677.565
100,75,-1134.11,-1357.61,1179.81,-493.37
105,75,-1131.99,-624.231,1234.29,-322.164
110,75,-1161.73,65.7513,1284.1,-165.328
115,75,-1232.49,711.251,1323.96,-24.1166
120,75,-1346.99,1305.95,1350.97,100.644
125,75,-1498.84,1838.35,1364.1,208.737
130,75,-1670.85,2292.6,1362.53,300.326
135,75,-1835.86,2649.61,1343.46,375.176
140,75,-1960.93,2887.92,1300.86,431.506
145,75,-2014.46,2984.74,1226.33,465.122
150,75,-1973.56,2918.31,1112.59,469.739
155,75,-1828.46,2672.65,958.24,439.16
160,75,-1581.93,2244.67,771.593,371.073
165,75,-1244.44,1652.02,571.088,271.03
170,75,-828.744,938.333,381.674,154.398
175,75,-348.254,172.763,228.308,44.5486
180,75,179.297,-557.644,129.335,-32.7627
0,80,14196.1,1724.31,3054.24,-366.125
5,80,14198,-1459.29,3072.37,-683.646
10,80,13635.7,-4544.03,3079.47,-954.463
15,80,12563.7,-7307.58,3062.46,-1178.26
20,80,11095.2,-9568.02,3007.53,-1354.34
25,80,9383.96,-11210.8,2906.06,-1478.82
30,80,7595.91,-12202,2759.22,-1545.37
35,80,5879.6,-12583.4,2578.6,-1548.9
40,80,4343.09,-12452.4,2382.75,-1489.6
45,80,3044.53,-11933.2,2191.25,-1374.82
50,80,1996.49,-11149.1,2019.29,-1217.82
55,80,1179.59,-10203.9,1874.87,-1034.31
60,80,558.638,-9174.88,1759.29,-838.733
65,80,95.5065,-8114.32,1669.69,-641.76
70,80,-243.649,-7055.97,1601.86,-449.611
75,80,-486.44,-6021.55,1552.27,-264.784
80,80,-655.386,-5025.25,1518.49,-87.4989
85,80,-769.993,-4075.74,1498.76,82.8142
90,80,-848.417,-3177.03,1491.04,246.355
95,80,-908.236,-2329.11,1492.3,402.259
100,80,-966.429,-1529.46,1498.35,548.371
105,80,-1038.73,-775.178,1504.25,681.447
110,80,-1138.35,-65.5079,1505.15,797.701
115,80,-1274.07,596.267,1497.19,893.563
120,80,-1447.67,1202.12,1477.92,966.385
125,80,-1651.26,1739.9,1446.04,1014.76
130,80,-1865.74,2194.76,1400.18,1038.2
135,80,-2061.8,2550.25,1337.68,1036.24
140,80,-2204.48,2788.58,1253.92,1007.35
145,80,-2260.58,2890.5,1143.51,948.444
150,80,-2206.61,2836.31,1003.05,855.767
155,80,-2033.84,2609.89,834.837,727.278
160,80,-1748.17,2205.68,649.39,565.989
165,80,-1365.33,1637.02,465.393,382.769
170,80,-904.767,942.152,306.229,196.956
175,80,-386.431,184.778,194.187,33.7546
180,80,167.343,-552.666,144.47,-81.2399
0,85,14408.3,1685.84,1805.35,-515.015
5,85,14425,-1388.38,1795.75,-576.15
10,85,13938,-4361.27,1830.22,-581.805
15,85,12988.7,-7026.67,1894.39,-545.382
20,85,11669.5,-9215.59,1967.86,-481.463
25,85,10110.2,-10820.2,2030.54,-400.401
30,85,8455.22,-11806.3,2068.58,-305.927
35,85,6838.34,-12209.5,2077.35,-196.495
40,85,5361.79,-12118.5,2060.78,-69.0433
45,85,4085.45,-11649,2027.7,77.2136
50,85,3027.99,-10918.3,1987.47,238.903
55,85,2177.1,-10026.7,1946.83,409.087
60,85,1503.44,-9049.94,1908.87,579.527
65,85,973.043,-8039.2,1873.83,743.233
70,85,555.093,-7027.21,1840.73,896.118
75,85,224.682,-6034.52,1808.66,1037.29
80,85,-37.8881,-5074.25,1777.3,1168.18
85,85,-249.255,-4154.54,1746.75,1291.03
90,85,-424.965,-3279.48,1716.98,1407.42
95,85,-580.513,-2449.83,1687.35,1517.13
100,85,-731.334,-1664.35,1656.45,1617.74
105,85,-891.921,-921.843,1622.26,1704.89
110,85,-1074.26,-223.369,1582.57,1773.13
115,85,-1285.68,426.219,1535.36,1817.07
120,85,-1526.24,1018.15,1478.97,1832.48
125,85,-1786.27,1540.97,1411.81,1816.77
130,85,-2045.05,1982.31,1331.98,1768.69
135,85,-2271.89,2329.68,1236.81,1687.47
140,85,-2430.75,2569.68,1123.2,1571.89
145,85,-2487.78,2686.31,988.779,1420.14
150,85,-2419.55,2660.59,834.045,1231.12
155,85,-2218.76,2473.84,664.698,1006.86
160,85,-1894.72,2115.07,493.001,755.336
165,85,-1468.78,1590.46,337.137,492.119
170,85,-967.446,930.851,218.093,239.762
175,85,-417.498,193.541,154.712,24.4892
180,85,154.115,-543.483,158.505,-129.099
0,90,14510.8,1634.53,542.714,-659.986
5,90,14536.8,-1286.93,502.79,-487.563
10,90,14127.4,-4101.14,549.552,-251.556
15,90,13311.8,-6619.54,669.181,23.5971
20,90,12161.3,-8688.88,837.937,310.338
25,90,10779.9,-10211.9,1028.35,585.508
30,90,9287.43,-11157.5,1215.56,835.571
35,90,7799.13,-11557.6,1381.83,1057.6
40,90,6407.84,-11492.2,1518.15,1256.22
45,90,5172.88,-11067,1623.03,1438.54
50,90,4118.62,-10390.7,1699.68,1609.7
55,90,3241.05,-9558.58,1752.98,1770.89
60,90,2518.7,-8643.72,1787.41,1919.98
65,90,1923.5,-7696.85,1806.12,2053.78
70,90,1428.49,-6750.37,1811.12,2170.34
75,90,1011.34,-5823.99,1803.76,2270.12
80,90,654.476,-4929.33,1785.15,2355.81
85,90,343.465,-4072.71,1756.4,2431.02
90,90,65.127,-3256.75,1718.58,2498.64
95,90,-193.586,-2481.51,1672.67,2559.38
100,90,-445.682,-1745.92,1619.46,2611.17
105,90,-703.257,-1049.68,1559.52,2649.29
110,90,-975.886,-394.988,1493.16,2667.32
115,90,-1268.49,212.585,1420.18,2658.59
120,90,-1578.95,764.651,1339.72,2617.47
125,90,-1895.87,1251.8,1250.12,2540.15
130,90,-2197.5,1665.44,1149.1,2424.56
135,90,-2452.77,1998.01,1034.33,2269.65
140,90,-2625.66,2240.91,904.385,2074.59
145,90,-2682.46,2380.95,760.024,1838.95
150,90,-2600.28,2398.5,605.449,1564.01
155,90,-2373.33,2270.12,449.302,1255.21
160,90,-2014.29,1976.65,304.881,924.421
165,90,-1550.09,1514.52,189.06,590.753
170,90,-1014.32,905.271,119.612,278.979
175,90,-440.595,199.089,111.24,15.6663
180,90,139.714,-530.163,171.334,-175.975
0,95,14502.9,1570.79,-724.051,-799.933
5,95,14531.4,-1159.31,-795.737,-424.14
10,95,14197.1,-3773.09,-751.571,21.3887
15,95,13518.2,-6100.17,-603.42,503.662
20,95,12545.5,-8005.17,-375.352,984.715
25,95,11357,-9404.61,-98.1535,1430.72
30,95,10046.5,-10274.2,196.685,1819.46
35,95,8708.2,-10644.5,482.129,2143.34
40,95,7422.42,-10587.8,738.888,2407.16
45,95,6245.52,-10198.9,956.406,2622.41
50,95,5206.46,-9576.17,1131.79,2801.02
55,95,4309.91,-8807.76,1267.42,2951.32
60,95,3543.63,-7963.49,1368.24,3077.19
65,95,2887,-7093.3,1439.58,3179.66
70,95,2317.97,-6229.66,1485.85,3259.35
75,95,1817.02,-5391.71,1510.21,3318.25
80,95,1368.37,-4589.26,1514.8,3360.08
85,95,959.234,-3826.07,1501.21,3389.36
90,95,578.517,-3102.12,1471.04,3409.89
95,95,215.777,-2415.56,1426.17,3423.26
100,95,-138.956,-1764.36,1368.87,3427.98
105,95,-494.508,-1148.07,1301.61,3419.49
110,95,-857.191,-568.892,1226.51,3391.04
115,95,-1228.98,-31.9196,1144.79,3335.07
120,95,-1605.47,456.118,1056.23,3244.77
125,95,-1974.07,888.989,959.221,3115.17
130,95,-2312.91,1262.68,851.511,2943.38
135,95,-2591.7,1574.96,731.558,2728.15
140,95,-2775.46,1821.83,600.012,2469.22
145,95,-2831.31,1992.34,460.812,2167.4
150,95,-2737.02,2065.05,321.579,1825.79
155,95,-2488.05,2010.05,193.315,1451.98
160,95,-2100.04,1797.99,89.5797,1060.12
165,95,-1605.02,1413.43,25.1063,671.218
170,95,-1043.33,867.181,13.6901,311.134
175,95,-455.105,201.718,65.2923,6.26878
180,95,124.249,-512.808,182.859,-221.512
0,100,14384.6,1495.1,-1985.31,-933.793
5,100,14408,-1011.07,-2088.69,-391.19
10,100,14141.4,-3389.4,-2060.49,224.245
15,100,13593.8,-5487.69,-1909.65,873.108
20,100,12797.1,-7189.69,-1658.02,1509.7
25,100,11804.7,-8428.22,-1335.98,2092.2
30,100,10684.3,-9188.72,-977.287,2591.66
35,100,9507.88,-9503.27,-614.056,2996.43
40,100,8341.45,-9437.71,-272.492,3310.67
45,100,7236,-9075.97,29.792,3548.42
50,100,6223.3,-8505.27,284.36,3726.5
55,100,5315.92,-7805.01,490.482,3859.14
60,100,4511.24,-7040.24,652.361,3955.89
65,100,3797.11,-6259.2,776.132,4022.41
70,100,3157.57,-5493.97,867.581,4062.55
75,100,2576.81,-4763.01,931.018,4080.22
80,100,2041.21,-4074.37,969.229,4080.08
85,100,1539.65,-3429.12,984.079,4067.15
90,100,1062.92,-2824.29,977.329,4045.62
95,100,603.083,-2255.42,951.268,4017.53
100,100,153.297,-1718.56,908.926,3981.93
105,100,-291.764,-1211.77,853.784,3934.66
110,100,-734.954,-735.794,789.026,3868.98
115,100,-1175.34,-293.707,716.635,3776.84
120,100,-1606.69,110.669,636.788,3650.53
125,100,-2015.98,475.026,548.058,3484.03
130,100,-2382.34,800.084,448.632,3273.78
135,100,-2677.37,1088.51,338.218,3018.48
140,100,-2867.99,1340.31,219.835,2718.51
145,100,-2922.57,1545.99,100.62,2375.63
150,100,-2819.4,1681.56,-8.71203,1993.79
155,100,-2554.67,1709.74,-95.38,1581.13
160,100,-2146.12,1589.79,-146.301,1152.02
165,100,-1630.12,1293.23,-149.644,727.529
170,100,-1052.97,819.139,-96.2805,333.358
175,100,-460.695,201.958,18.5022,-4.59217
180,100,107.839,-491.551,192.992,-265.364
0,105,14156.8,1408.02,-3231.45,-1060.55
5,105,14166.9,-848.723,-3364.68,-392.861
10,105,13956.4,-2964.78,-3363.03,346.913
15,105,13526.8,-4805.62,-3231.93,1114.71
20,105,12893.9,-6274.6,-2989.1,1859.72
25,105,12088.5,-7322.36,-2661.31,2535.13
30,105,11154.2,-7946.3,-2280.67,3107.86
35,105,10141.4,-8182.2,-1880.18,3563.58
40,105,9100.67,-8091.48,-1489.27,3905.69
45,105,8076.01,-7748.21,-1130.06,4149.5
50,105,7099.76,-7228.18,-815.433,4314.9
55,105,6190.65,-6601.09,-549.577,4420.54
60,105,5354.76,-5925.5,-330.358,4480.95
65,105,4588.66,-5246.16,-152.508,4506.45
70,105,3883.51,-4593.46,-10.3708,4504.52
75,105,3228.53,-3984.49,100.505,4481.3
80,105,2613.43,-3425.61,183.017,4442.43
85,105,2029.36,-2915.59,239.034,4393.09
90,105,1469.14,-2448.91,270.283,4337.32
95,105,927.054,-2018.46,279.101,4277.18
100,105,398.9,-1617.68,268.732,4211.97
105,105,-117.735,-1241.92,243.012,4137.91
110,105,-622.89,-888.911,205.533,4048.5
115,105,-1113.47,-558.297,158.618,3935.52
120,105,-1582.27,-250.037,102.695,3790.65
125,105,-2016.83,37.7021,36.656,3607.16
130,105,-2398.22,309.856,-40.5925,3381.03
135,105,-2700.74,573.038,-127.826,3111.06
140,105,-2893.81,830.224,-219.555,2798.17
145,105,-2947.21,1072.74,-305.575,2444.48
150,105,-2839.52,1273.74,-372.41,2053.61
155,105,-2566.91,1388.54,-406.001,1632.43
160,105,-2148.24,1364.95,-394.345,1193.37
165,105,-1623.02,1161.2,-329.151,755.637
170,105,-1042.41,764.296,-206.532,343.573
175,105,-457.338,200.531,-27.433,-17.6285
180,105,90.6085,-466.552,201.656,-307.195
0,110,13821.3,1310.23,-4453,-1179.23
5,110,13809.7,-679.492,-4612.27,-431.978
10,110,13640.2,-2515.71,-4643.83,382.443
15,110,13308.8,-4080.8,-4549.44,1216.68
20,110,12817.9,-5297.44,-4341.34,2017.26
25,110,12179.6,-6134.46,-4040.36,2735.49
30,110,11415.9,-6602.41,-3673.64,3337.1
35,110,10557.9,-6742.44,-3271.45,3807.15
40,110,9641.39,-6613.45,-2862.9,4148.9
45,110,8702.24,-6281.24,-2471.85,4378.26
50,110,7771.33,-5810.96,-2114.2,4516.81
55,110,6871.13,-5262.14,-1797.54,4586.11
60,110,6014.52,-4685.36,-1522.89,4604.52
65,110,5206,-4119.84,-1287.58,4586.42
70,110,4444.19,-3592.24,-1087.8,4542.69
75,110,3724.56,-3117.08,-920.284,4481.63
80,110,3041.51,-2698.67,-782.878,4409.76
85,110,2389.6,-2333.93,-674.15,4332.13
90,110,1764.09,-2015.38,-592.66,4252.3
95,110,1161.22,-1733.65,-536.255,4171.92
100,110,578.562,-1479.41,-501.763,4090.25
105,110,15.4072,-1244.56,-485.292,4003.82
110,110,-526.816,-1022.91,-483.079,3906.48
115,110,-1044.14,-809.82,-492.552,3790.18
120,110,-1529.51,-601.092,-512.964,3646.47
125,110,-1971.87,-391.115,-544.96,3468.28
130,110,-2354.88,-171.691,-588.781,3251.42
135,110,-2655.94,66.5318,-641.684,2994.85
140,110,-2847.2,328.486,-695.865,2699.65
145,110,-2899.93,605.857,-738.324,2367.57
150,110,-2792.74,869.229,-753.176,2000.57
155,110,-2521.14,1067.33,-725.479,1602.41
160,110,-2104.03,1137.46,-644.74,1181.62
165,110,-1582.66,1025.29,-506.672,753.72
170,110,-1011.58,706.157,-313.066,340.609
175,110,-445.327,198.293,-70.813,-33.3396
180,110,72.6882,-438.003,208.786,-346.689
0,115,13380.6,1202.47,-5640.66,-1288.93
5,115,13339.3,-511.063,-5820.1,-509.921
10,115,13193.4,-2059.8,-5886.77,327.341
15,115,12935.3,-3342.1,-5838.93,1173.33
20,115,12557.6,-4299.07,-5682.61,1974.09
25,115,12057.2,-4917.05,-5431.17,2682
30,115,11439.1,-5219.67,-5104.55,3264.66
35,115,10717.9,-5254.25,-4727.42,3708.9
40,115,9916.53,-5078.67,-4325.72,4019.12
45,115,9062.82,-4752.24,-3922.59,4211.88
50,115,8184.71,-4330.72,-3535.37,4309.57
55,115,7306,-3863.86,-3174.69,4335.27
60,115,6443.93,-3393.41,-2845.42,4309.72
65,115,5609.13,-2951.29,-2548.85,4250.06
70,115,4806.99,-2558.46,-2284.61,4169.58
75,115,4039.46,-2225.24,-2052.08,4078.13
80,115,3306.57,-1953.04,-1850.82,3982.64
85,115,2607.15,-1736.78,-1680.45,3887.75
90,115,1939.43,-1567.35,-1540.12,3796.21
95,115,1301.42,-1433.57,-1427.96,3709.04
100,115,691.647,-1323.67,-1340.89,3625.28
105,115,109.771,-1226.32,-1274.92,3541.71
110,115,-442.827,-1131.46,-1225.99,3452.72
115,115,-962.69,-1030.43,-1191.09,3350.83
120,115,-1443.93,-915.389,-1168.97,3227.96
125,115,-1877.46,-777.817,-1159.66,3077.26
130,115,-2249.71,-607.343,-1162.56,2894.65
135,115,-2541.25,-392.976,-1173.6,2679.12
140,115,-2726.99,-128.578,-1182.97,2431.47
145,115,-2779.78,177.811,-1175.27,2152.13
150,115,-2678.23,494.971,-1132.56,1840.15
155,115,-2416.79,766.534,-1039.32,1494.66
160,115,-2013.36,921.123,-886.836,1118.58
165,115,-1509.44,893.468,-675.097,722.273
170,115,-961.223,648.317,-411.82,324.259
175,115,-425.283,196.178,-109.999,-51.9921
180,115,54.2147,-406.121,214.327,-383.544
0,120,12838.1,1085.55,-6785.4,-1388.83
5,120,12759.9,-351.293,-6977.13,-626.57
10,120,12619.2,-1614.97,-7075.55,181.723
15,120,12407,-2619.01,-7075.81,985.346
20,120,12108.9,-3321.42,-6977.71,1731.81
25,120,11711.5,-3724.47,-6786.43,2377.17
30,120,11207,-3863.66,-6513.55,2893.68
35,120,10597.6,-3792.21,-6176.49,3272.33
40,120,9896.17,-3567.73,-5796.12,3520.27
45,120,9123.49,-3244.42,-5393.12,3655.29
50,120,8303.98,-2870.18,-4985.03,3700.21
55,120,7460.93,-2485.84,-4584.96,3678.46
60,120,6613.57,-2124.33,-4201.9,3611.55
65,120,5776.27,-1809.44,-3841.9,3517.62
70,120,4959.34,-1555.14,-3509.19,3410.84
75,120,4170.14,-1366.13,-3206.83,3301.35
80,120,3413.84,-1239.7,-2936.98,3195.74
85,120,2693.6,-1168.04,-2700.8,3097.77
90,120,2010.65,-1140.19,-2498.17,3009.14
95,120,1364.68,-1143.44,-2327.46,2930.04
100,120,754.649,-1164.23,-2185.49,2859.21
105,120,179.757,-1188.98,-2067.92,2793.69
110,120,-359.634,-1204.92,-1970.15,2728.64
115,120,-861.436,-1200.68,-1888.57,2657.58
120,120,-1321.44,-1166.02,-1821.24,2573.37
125,120,-1732.68,-1090.69,-1767.56,2469.88
130,120,-2084.23,-963.174,-1726.19,2343.42
135,120,-2359.69,-771.614,-1691.93,2192.95
140,120,-2536.81,-509.051,-1653.36,2018.44
145,120,-2590.32,-182.997,-1593.08,1818.24
150,120,-2499.11,174.62,-1491.45,1587.42
155,120,-2256.47,504.279,-1332.62,1319.34
160,120,-1878.47,728.381,-1109.8,1010.15
165,120,-1405.32,773.092,-827.323,663.987
170,120,-892.934,594.207,-498.864,295.24
175,120,-398.139,195.139,-143.479,-73.6151
180,120,35.3286,-371.147,218.236,-417.481
0,125,12197.8,960.38,-7878.49,-1478.16
5,125,12077.1,-207.913,-8072.82,-780.303
10,125,11923.9,-1198.78,-8194.25,-50.7216
15,125,11729.3,-1940.14,-8235.51,659.763
20,125,11476.1,-2405.09,-8190.6,1301.79
25,125,11144.3,-2609.43,-8056.87,1837.23
30,125,10718.4,-2598.37,-7837.41,2245.27
35,125,10192.3,-2429.72,-7542.03,2523.1
40,125,9571.84,-2160.63,-7185.83,2682.11
45,125,8872.53,-1840.96,-6786.29,2742.14
50,125,8115.55,-1511.86,-6360.48,2726.27
55,125,7322.73,-1206.36,-5923.6,2657.39
60,125,6513.36,-949.313,-5488.62,2556.15
65,125,5703.15,-756.696,-5066.55,2439.79
70,125,4904.76,-635.252,-4666.55,2321.52
75,125,4128.62,-583.474,-4295.79,2210.36
80,125,3383.11,-593.718,-3959.32,2111.52
85,125,2674.35,-654.584,-3659.88,2027.32
90,125,2005.83,-752.742,-3397.96,1958.14
95,125,1378.56,-873.947,-3171.87,1903.19
100,125,791.811,-1003.55,-2977.97,1860.81
105,125,244.322,-1127.01,-2811.32,1828.3
110,125,-264.531,-1230.59,-2666.69,1801.7
115,125,-733.911,-1301.97,-2539.83,1775.78
120,125,-1161.06,-1330.18,-2428.26,1744.82
125,125,-1540.81,-1304.48,-2330.84,1703.86
130,125,-1864.6,-1213.1,-2245.62,1649.95
135,125,-2118.98,-1043.82,-2166.52,1582.04
140,125,-2284.83,-788.97,-2080.8,1499.03
145,125,-2339.32,-455.114,-1969.46,1396.61
150,125,-2262.25,-73.6749,-1811.54,1265.31
155,125,-2045.89,294.8,-1591.1,1092.08
160,125,-1703.93,569.309,-1303.3,865.701
165,125,-1273.79,670.328,-956.659,583.44
170,125,-809.124,546.855,-570.585,255.095
175,125,-365.119,196.088,-169.931,-98.012
180,125,16.1736,-333.349,220.485,-448.24
0,130,11464.8,827.895,-8911.62,-1556.24
5,130,11297.6,-88.2484,-9097.33,-968.045
10,130,11116.1,-827.633,-9227.98,-362.932
15,130,10913.3,-1331.84,-9294.71,209.456
20,130,10671.9,-1587,-9286.86,704.378
25,130,10370.1,-1619.55,-9195.02,1091.06
30,130,9988.69,-1481.53,-9014.85,1357.15
35,130,9517.61,-1233.22,-8749.34,1507.42
40,130,8958.44,-930.3,-8408.42,1558.59
45,130,8323.42,-618.19,-8006.65,1533.07
50,130,7631.16,-331.921,-7560.72,1454.13
55,130,6901.74,-97.6363,-7087.72,1343.22
60,130,6153.31,66.778,-6604.25,1218.65
65,130,5400.96,152.073,-6125.81,1095
70,130,4657.14,157.748,-5666.01,982.787
75,130,3932.37,90.9058,-5235.69,888.456
80,130,3235.47,-36.0548,-4842.29,814.938
85,130,2573.1,-207.988,-4489.69,762.575
90,130,1949.36,-408.928,-4178.43,730.181
95,130,1365.78,-623.079,-3906.23,715.861
100,130,821.979,-835.183,-3668.62,717.398
105,130,316.821,-1030.77,-3459.85,732.186
110,130,-150.359,-1196.58,-3274.09,756.97
115,130,-578.947,-1320.98,-3106.7,787.79
120,130,-966.711,-1393.73,-2954.94,820.475
125,130,-1309.59,-1404.76,-2817.45,851.64
130,130,-1601.04,-1342.77,-2691.9,879.473
135,130,-1830.6,-1195.58,-2571.54,903.223
140,130,-1982.77,-954.936,-2442.64,920.772
145,130,-2037.94,-626.083,-2284.97,925.105
150,130,-1977.61,-238.844,-2076.73,902.107
155,130,-1793.47,147.284,-1802.11,832.299
160,130,-1496.4,450.824,-1458.15,697.039
165,130,-1119.73,589.724,-1057.21,486.627
170,130,-712.947,508.696,-623.885,206.026
175,130,-327.701,199.848,-188.283,-124.785
180,130,-3.10447,-293.014,221.056,-475.587
0,135,10644.4,689.11,-9876.93,-1622.47
5,135,10429.3,1.04591,-10041.7,-1185.38
10,135,10207.1,-516.125,-10163.4,-744.839
15,135,9974.54,-816.929,-10232.8,-347.643
20,135,9717.13,-898.365,-10236,-32.5674
25,135,9414.78,-794.343,-10158.9,177.958
30,135,9048.86,-560.476,-9991.74,280.674
35,135,8608.42,-256.937,-9732.67,288.43
40,135,8093.5,63.6936,-9388.01,223.569
45,135,7514.43,361.06,-8970.62,111.131
50,135,6887.89,606.221,-8497.45,-25.788
55,135,6232.13,779.328,-7987.52,-168.094
60,135,5563.5,868.421,-7460.48,-301.129
65,135,4895.19,869.505,-6935.29,-414.521
70,135,4237.48,786.611,-6428.77,-501.916
75,135,3598.57,630.733,-5954.15,-560.545
80,135,2984.97,417.616,-5520.2,-590.496
85,135,2401.36,165.185,-5131,-593.741
90,135,1850.44,-108.505,-4786.42,-573.164
95,135,1333.1,-386.415,-4482.98,-531.832
100,135,849.062,-652.964,-4214.95,-472.673
105,135,397.942,-894.219,-3975.6,-398.516
110,135,-19.8277,-1098.12,-3758.54,-312.285
115,135,-402.515,-1254.57,-3558.96,-216.999
120,135,-747.198,-1354.96,-3374.23,-115.344
125,135,-1050.07,-1390.69,-3203.1,-8.94052
130,135,-1306.18,-1351.56,-3043.16,101.967
135,135,-1508.14,-1225.94,-2887.36,217.416
140,135,-1644.5,-1005.25,-2721.36,334.714
145,135,-1699.62,-693.345,-2524.32,444.514
150,135,-1657.53,-317.63,-2274.11,528.478
155,135,-1509.79,65.2827,-1955.36,561.238
160,135,-1264.29,376.256,-1566.86,517.302
165,135,-949.213,533.936,-1124.2,380.383
170,135,-608.184,481.443,-656.34,150.685
175,135,-287.563,207.111,-197.764,-153.369
180,135,-22.3589,-250.449,219.944,-499.315
0,140,9743.11,545.08,-10767.1,-1676.36
5,140,9480.9,54.2242,-10898.1,-1426.73
10,140,9210.33,-276.522,-10989.4,-1183.86
15,140,8932.76,-413.786,-11032.8,-989.632
20,140,8639.03,-363.169,-11013.3,-875.568
25,140,8314.01,-162.903,-10915,-855.349
30,140,7942.65,131.094,-10725.7,-923.379
35,140,7515.78,461.448,-10441.1,-1059.3
40,140,7033.49,780.416,-10066.6,-1235.76
45,140,6504.92,1053.59,-9615.05,-1425.73
50,140,5944.92,1258.31,-9104.54,-1607.05
55,140,5369.61,1380.72,-8556.11,-1763.97
60,140,4793.09,1413.94,-7991.59,-1886.7
65,140,4225.92,1357.84,-7431.91,-1970.32
70,140,3675.34,1219.11,-6895.27,-2013.72
75,140,3145.95,1010.44,-6395.57,-2018.65
80,140,2640.41,748.706,-5941.44,-1988.66
85,140,2159.75,452.679,-5536.14,-1928.24
90,140,1703.74,141.086,-5178.16,-1841.92
95,140,1271.44,-168.646,-4862.39,-1733.89
100,140,862.09,-460.991,-4581.52,-1607.83
105,140,476.038,-722.631,-4327.56,-1467
110,140,115.349,-942.677,-4093.39,-1314.35
115,140,-216.292,-1112.64,-3874.01,-1152.34
120,140,-514.384,-1225.7,-3666.96,-982.38
125,140,-774.621,-1275.07,-3471.32,-804.3
130,140,-993.18,-1252.14,-3284.99,-616.47
135,140,-1165.58,-1146.37,-3101.05,-417.601
140,140,-1284.57,-949.377,-2905.28,-210.393
145,140,-1338.93,-663.883,-2677.05,-5.8578
150,140,-1315.75,-314.432,-2394.63,174.298
155,140,-1206.94,46.7125,-2043.55,299.885
160,140,-1017.32,345.267,-1624.1,339.695
165,140,-769.236,503.632,-1154.32,271.761
170,140,-499.093,466.016,-666.348,91.9377
175,140,-246.522,218.408,-197.946,-183.078
180,140,-41.4432,-205.977,217.158,-519.243
0,145,8767.62,396.902,-11575.3,-1717.48
5,145,8462.08,66.6469,-11659.7,-1685.5
10,145,8140.85,-118.335,-11697.4,-1665.49
15,145,7810.79,-135.628,-11682.5,-1691.91
20,145,7469.94,2.83625,-11602,-1787.81
25,145,7110.43,257.48,-11441.2,-1958.24
30,145,6723.01,575.058,-11189.1,-2189.86
35,145,6301.87,903.374,-10842.9,-2456.41
40,145,5847.86,1201.01,-10409.3,-2727.11
45,145,5368.85,1440.16,-9903,-2974.33
50,145,4877.23,1604.53,-9344.35,-3178.06
55,145,4386.33,1685.87,-8756.07,-3326.97
60,145,3907.38,1681.69,-8161.05,-3417.15
65,145,3448.15,1594.62,-7580.33,-3450.07
70,145,3012.76,1432.42,-7031.41,-3430.66
75,145,2602.34,1207.51,-6526.93,-3365.69
80,145,2215.71,935.671,-6073.98,-3262.51
85,145,1850.06,634.354,-5674.06,-3128.1
90,145,1501.78,321.079,-5323.88,-2968.57
95,145,1167.43,12.3331,-5016.49,-2788.99
100,145,844.986,-277.116,-4742.82,-2593.57
105,145,534.826,-534.705,-4493.36,-2385.88
110,145,240.138,-750.464,-4259.85,-2168.91
115,145,-33.6529,-917.084,-4036.66,-1944.65
120,145,-280.392,-1029.2,-3821.18,-1713.42
125,145,-494.964,-1081.7,-3612.72,-1473.33
130,145,-674.219,-1067.72,-3409.68,-1220.88
135,145,-816.1,-978.314,-3205.94,-953.36
140,145,-917.202,-805.974,-2988.34,-673.089
145,145,-970.61,-552.773,-2737.59,-392.036
150,145,-966.647,-240.346,-2433.4,-134.153
155,145,-897.82,84.4135,-2062.65,67.0574
160,145,-766.03,354.122,-1626.96,176.324
165,145,-587.369,497.586,-1145.83,167.419
170,145,-390.225,462.554,-653.225,32.6309
175,145,-206.465,234.099,-188.766,-213.149
180,145,-60.2121,-159.939,212.72,-535.219
0,150,7725.41,245.703,-12295.4,-1745.54
5,150,7383.02,34.9349,-12321.1,-1954.37
10,150,7014.74,-48.0565,-12281.6,-2173.94
15,150,6633.32,9.76221,-12174.9,-2428.54
20,150,6245,192.427,-11993.3,-2731.55
25,150,5850.49,461.633,-11727.4,-3079.94
30,150,5447.46,769.235,-11371.3,-3454.54
35,150,5034.07,1069.97,-10927.1,-3825.73
40,150,4611.82,1329.65,-10405.8,-4161.86
45,150,4186.56,1527.2,-9825.76,-4436.79
50,150,3767.16,1652.25,-9209.75,-4634.21
55,150,3363.12,1701.45,-8581.66,-4748.33
60,150,2982.24,1675.9,-7963.93,-4781.92
65,150,2629.38,1580.08,-7375.77,-4743.42
70,150,2306.15,1421.77,-6831.94,-4644.2
75,150,2011.17,1211.81,-6342.04,-4496.32
80,150,1740.68,963.385,-5910.34,-4310.97
85,150,1489.16,690.917,-5536,-4097.63
90,150,1250.35,409.083,-5213.72,-3863.73
95,150,1018.5,132.013,-4934.77,-3614.83
100,150,789.858,-127.291,-4688.35,-3355.21
105,150,563.852,-357.517,-4463.22,-3088.19
110,150,343.553,-549.611,-4249.52,-2816.33
115,150,134.92,-697.062,-4040.31,-2540.85
120,150,-55.1006,-795.414,-3832.17,-2260.88
125,150,-220.925,-840.762,-3624.21,-1973.05
130,150,-359.85,-827.863,-3415.35,-1672.32
135,150,-471.576,-749.613,-3200.8,-1354.9
140,150,-555.717,-599.962,-2969.58,-1022.75
145,150,-608.953,-380.975,-2705.06,-688.266
150,150,-624.504,-111.61,-2389.59,-376.41
155,150,-595.529,167.147,-2012.03,-122.181
160,150,-521.192,396.247,-1575.11,37.1872
165,150,-411.398,512.931,-1098.76,73.0816
170,150,-286.221,470.481,-617.267,-24.627
175,150,-169.275,254.364,-170.544,-242.79
180,150,-78.5227,-112.683,206.662,-547.122
0,155,6624.4,92.6338,-12921.9,-1760.31
5,155,6254.32,-42.9247,-12878.3,-2225.49
10,155,5848.54,-69.062,-12739.1,-2692.83
15,155,5425.58,19.9968,-12508.8,-3173.55
20,155,4999.96,206.555,-12187.8,-3670.35
25,155,4581.06,455.742,-11776.3,-4173.03
30,155,4173.46,726.176,-11278,-4659.1
35,155,3778.94,980.467,-10703.3,-5098.91
40,155,3398.96,1191.76,-10070.1,-5463.25
45,155,3036.29,1345.09,-9401.31,-5730.2
50,155,2695.17,1434.95,-8722.14,-5889.03
55,155,2380.3,1461.72,-8056.53,-5940.55
60,155,2095.53,1428.91,-7424.83,-5894.68
65,155,1842.88,1342.02,-6842.51,-5766.99
70,155,1622.09,1208.17,-6319.83,-5575.22
75,155,1430.56,1036.05,-5861.94,-5336.55
80,155,1263.56,835.617,-5469.32,-5065.82
85,155,1114.62,617.553,-5138.25,-4774.7
90,155,976.362,392.769,-4861.35,-4471.56
95,155,841.744,172.032,-4628.25,-4161.98
100,155,705.528,-34.377,-4426.58,-3849.58
105,155,565.643,-217.129,-4243.4,-3536.71
110,155,423.807,-368.445,-4066.99,-3224.65
115,155,284.934,-482.549,-3888.56,-2913.24
120,155,155.269,-555.488,-3703.13,-2600.24
125,155,39.882,-584.045,-3508.98,-2281.08
130,155,-59.1754,-564.221,-3305.32,-1949.92
135,155,-142.791,-490.743,-3089.09,-1602.67
140,155,-212.514,-359.4,-2852.44,-1241.41
145,155,-267.482,-172.823,-2582.75,-878.677
150,155,-303.032,52.2758,-2266.23,-539.25
155,155,-312.763,280.888,-1894.35,-257.618
160,155,-293.357,463.012,-1470.76,-70.5743
165,155,-248.954,545.542,-1014.89,-6.88488
170,155,-191.602,488.64,-559.755,-77.645
175,155,-136.748,279.218,-143.977,-271.219
180,155,-96.2357,-64.5689,199.032,-554.861
0,160,5472.97,-61.1401,-13450.1,-1761.69
5,160,5086.68,-167.523,-13328.5,-2490.78
10,160,4658.55,-181.65,-13070.2,-3205.79
15,160,4212.07,-102.292,-12688,-3902.18
20,160,3769.02,53.4181,-12194.1,-4571.1
25,160,3346.28,255.652,-11602.4,-5196.42
30,160,2954.17,470.588,-10930.2,-5755.19
35,160,2596.95,668.674,-10199.5,-6221.58
40,160,2274.93,829.614,-9436.71,-6572.68
45,160,1986.84,943.202,-8670.04,-6793.97
50,160,1731.54,1007.12,-7926.35,-6882.35
55,160,1508.43,1023.73,-7228.23,-6846.17
60,160,1317.19,997.596,-6592.25,-6702.65
65,160,1157.16,934.137,-6028.57,-6474.06
70,160,1026.81,839.317,-5541.57,-6183.88
75,160,923.264,719.57,-5130.91,-5853.68
80,160,842.166,581.728,-4792.57,-5501.27
85,160,777.679,432.849,-4519.51,-5139.83
90,160,722.988,280.087,-4302.09,-4778.04
95,160,671.205,130.628,-4128.35,-4420.89
100,160,616.624,-8.39483,-3984.62,-4070.65
105,160,555.951,-130.148,-3856.51,-3727.88
110,160,489.017,-228.557,-3730.55,-3391.85
115,160,418.474,-298.767,-3595.91,-3060.5
120,160,348.338,-337.209,-3445.62,-2730.1
125,160,281.846,-341.009,-3276.57,-2395.33
130,160,219.747,-307.031,-3087.92,-2050.52
135,160,160.227,-231.652,-2878.52,-1692.44
140,160,100.81,-112.634,-2644.33,-1324
145,160,41.2177,46.4049,-2377.78,-957.789
150,160,-14.948,230.497,-2069.89,-617.305
155,160,-61.3091,410.246,-1715.36,-334.475
160,160,-92.3408,544.639,-1318.62,-143.122
165,160,-107.146,590.51,-897.669,-69.7513
170,160,-110.564,515.455,-482.919,-124.778
175,160,-110.524,308.531,-110.115,-297.703
180,160,-113.216,-15.9638,189.887,-558.377
0,165,4279.89,-214.449,-13875.9,-1749.66
5,165,3890.81,-338.021,-13670.3,-2742.16
10,165,3460.27,-383.216,-13277.8,-3697.06
15,165,3015.31,-350.077,-12721.5,-4591.82
20,165,2582.82,-252.926,-12028.8,-5405.51
25,165,2184.81,-115.526,-11230.9,-6117.44
30,165,1835.04,35.729,-10362,-6707.21
35,165,1538.4,178.086,-9458.31,-7156.76
40,165,1292.81,296.146,-8556.18,-7453.57
45,165,1092.37,382.442,-7688.87,-7593.81
50,165,930.361,435.687,-6883.86,-7584.14
55,165,801.061,458.225,-6160.82,-7441.25
60,165,700.311,453.923,-5530.98,-7189.33
65,165,625.191,427.018,-4997.94,-6856.4
70,165,573.324,381.725,-4559.32,-6470.37
75,165,542.153,322.209,-4208.65,-6055.93
80,165,528.408,252.612,-3936.87,-5632.58
85,165,527.88,177.061,-3733.2,-5213.93
90,165,535.554,99.6994,-3585.49,-4808.11
95,165,546.116,24.7681,-3480.19,-4418.71
100,165,554.727,-43.3356,-3402.53,-4046.06
105,165,557.855,-100.128,-3337.1,-3688.38
110,165,553.789,-141.296,-3269.12,-3342.57
115,165,542.523,-163.037,-3185.96,-3004.48
120,165,524.852,-162.238,-3078.63,-2669.17
125,165,501.021,-136.292,-2942.43,-2331.33
130,165,469.684,-82.7406,-2776.26,-1986.61
135,165,428.05,0.580728,-2580.85,-1633.77
140,165,373.463,113.971,-2356.32,-1277.38
145,165,305.697,252.61,-2100.67,-930.052
150,165,228.392,402.759,-1810.35,-612.934
155,165,148.414,539.891,-1483.61,-353.465
160,165,73.211,631.162,-1125.54,-180.045
165,165,7.77221,642.66,-752.095,-114.536
170,165,-46.7761,549.126,-389.849,-164.994
175,165,-92.0129,342.051,-70.3286,-321.583
180,165,-129.335,32.7627,179.297,-557.644
0,170,3054.24,-366.125,-14196.1,-1724.31
5,170,2677.1,-552.192,-13903.4,-2971.81
10,170,2267.81,-668.528,-13367,-4151.98
15,170,1854.78,-712.746,-12622.5,-5222.76
20,170,1466.89,-694.213,-11714.7,-6151.06
25,170,1127.75,-630.204,-10694.9,-6913
30,170,851.362,-540.713,-9616.91,-7493.58
35,170,640.882,-443.694,-8532.96,-7886.16
40,170,490.582,-352.122,-7489.71,-8092.37
45,170,389.707,-273.312,-6525.01,-8122.25
50,170,326.497,-209.962,-5665.71,-7994.12
55,170,290.972,-161.909,-4927.1,-7733.55
60,170,276.047,-127.689,-4313.81,-7371.05
65,170,277.298,-105.47,-3821.99,-6938.92
70,170,292.054,-93.4012,-3441.98,-6467.72
75,170,318.416,-89.6306,-3160.83,-5983.4
80,170,354.526,-92.2239,-2964.17,-5505.53
85,170,398.183,-99.0916,-2837.25,-5046.8
90,170,446.77,-107.932,-2765.21,-4613.66
95,170,497.409,-116.184,-2732.88,-4207.53
100,170,547.202,-121.008,-2724.6,-3826.29
105,170,593.468,-119.34,-2724.38,-3465.61
110,170,633.812,-108.049,-2716.62,-3120.01
115,170,665.957,-84.1591,-2687.4,-2783.68
120,170,687.349,-45.0293,-2626.09,-2451.19
125,170,694.761,11.5795,-2526.55,-2118.31
130,170,684.285,87.4288,-2387.5,-1783.2
135,170,652.063,183.321,-2211.5,-1447.72
140,170,595.723,297.743,-2002.82,-1118.71
145,170,515.971,424.601,-1765.05,-808.692
150,170,417.387,550.883,-1500.16,-535.506
155,170,307.78,655.862,-1210.02,-320.395
160,170,196.214,713.334,-900.317,-184.177
165,170,90.7013,697.059,-584.458,-141.953
170,170,-3.21386,587.829,-284.369,-197.881
175,170,-82.3315,379.437,-26.2581,-342.285
180,170,-144.47,81.2399,167.343,-552.666
0,175,1805.35,-515.015,-14408.3,-1685.84
5,175,1455.6,-806.495,-14028.6,-3172.39
10,175,1093.5,-1030.07,-13345.4,-4557.36
15,175,746.14,-1176.99,-12407.4,-5778.63
20,175,440.447,-1249.71,-11278.9,-6791.27
25,175,197.252,-1259.15,-10033.2,-7569.67
30,175,26.902,-1220.73,-8744.99,-8106.44
35,175,-71.8637,-1150.43,-7482.96,-8409.31
40,175,-109.621,-1061.94,-6304.18,-8497.05
45,175,-101.835,-965.426,-5250.24,-8396.07
50,175,-64.2411,-867.584,-4346.23,-8137.85
55,175,-9.61192,-772.521,-3601.87,-7757.06
60,175,53.4846,-682.742,-3014.33,-7289.63
65,175,120.3,-599.859,-2571.76,-6770.41
70,175,188.709,-524.905,-2257.02,-6230.53
75,175,257.969,-458.351,-2050.63,-5695.17
80,175,327.852,-399.993,-1932.98,-5182.22
85,175,398.216,-348.875,-1885.37,-4702.05
90,175,468.854,-303.28,-1890.3,-4258.37
95,175,539.419,-260.838,-1931.09,-3849.75
100,175,609.263,-218.703,-1991.43,-3471.2
105,175,677.113,-173.787,-2055.03,-3115.83
110,175,740.645,-123.011,-2105.89,-2776.17
115,175,796.126,-63.526,-2129.32,-2445.51
120,175,838.353,7.09816,-2113.53,-2118.99
125,175,861.106,90.7196,-2051.43,-1794.7
130,175,858.188,188.34,-1941.79,-1474.49
135,175,824.888,299.471,-1789.02,-1164.21
140,175,759.445,420.962,-1601.25,-873.336
145,175,664.001,545.461,-1387.27,-614.099
150,175,544.625,660.139,-1154.23,-400.216
155,175,410.336,746.694,-907.46,-245.378
160,175,271.468,783.441,-653.173,-161.147
165,175,137.933,749.478,-402.059,-154.202
170,175,17.9831,629.891,-170.867,-223.588
175,175,-82.2557,420.289,20.2525,-359.331
180,175,-158.505,129.099,154.115,-543.483
0,180,542.714,-659.986,-14510.8,-1634.53
5,180,235.737,-1096.2,-14048,-3337.28
10,180,-52.4832,-1458.44,-13221.7,-4901.82
15,180,-299.332,-1727.69,-12094.8,-6246.52
20,180,-484.315,-1897.82,-10751.7,-7315.56
25,180,-594.227,-1974.05,-9287.97,-8082.77
30,180,-626.599,-1969.62,-7799.16,-8549.97
35,180,-589.941,-1901.94,-6370.21,-8740.95
40,180,-500.791,-1789.04,-5067.76,-8693.42
45,180,-378.92,-1647.14,-3936.26,-8451.56
50,180,-242.622,-1489.52,-2998.14,-8060.78
55,180,-105.621,-1326.45,-2256.88,-7564.75
60,180,23.8675,-1165.65,-1701.69,-7003.79
65,180,142.347,-1012.86,-1312.65,-6413.61
70,180,249.446,-872.217,-1065.21,-5824.02
75,180,346.389,-746.29,-933.682,-5257.54
80,180,434.972,-636.048,-893.551,-4728.81
85,180,517.088,-540.798,-922.596,-4244.69
90,180,594.565,-458.29,-1001.05,-3805.42
95,180,669.011,-385.025,-1111.1,-3406.18
100,180,741.469,-316.698,-1236,-3038.96
105,180,811.805,-248.731,-1359.39,-2694.4
110,180,878.006,-176.769,-1465.14,-2363.54
115,180,935.692,-97.0735,-1538.06,-2039.53
120,180,978.24,-6.78088,-1565.66,-1719.16
125,180,997.773,95.9099,-1540.31,-1404
130,180,986.916,211.433,-1461.15,-1100.54
135,180,940.809,338.242,-1334.35,-819.243
140,180,858.659,471.826,-1171.44,-572.45
145,180,744.253,603.607,-985.801,-371.88
150,180,605.323,720.284,-789.168,-226.557
155,180,452.142,804.311,-590.107,-141.747
160,180,295.907,835.945,-395.343,-118.7
165,180,147.331,796.766,-212.87,-154.639
170,180,15.6128,673.948,-54.1087,-242.721
175,180,-92.1821,464.175,67.2265,-372.332
180,180,-171.334,175.975,139.714,-530.163
0,185,-724.051,-799.933,-14502.9,-1570.79
5,185,-973.658,-1415.52,-13964,-3460.71
10,185,-1162.24,-1942.74,-13005.5,-5175.89
15,185,-1274.97,-2348.71,-11704.2,-6616.89
20,185,-1302.43,-2617.46,-10163.9,-7718.41
25,185,-1243.95,-2749.49,-8501.51,-8454.77
30,185,-1109.14,-2758.66,-6832.14,-8837.58
35,185,-916.48,-2667.49,-5255.46,-8907.04
40,185,-689.481,-2502.04,-3846.39,-8719.94
45,185,-451.69,-2287.84,-2651.33,-8338.3
50,185,-222.413,-2047.15,-1689.5,-7821.29
55,185,-14.3133,-1797.99,-957.954,-7221.01
60,185,166.778,-1554.11,-438.128,-6581.22
65,185,320.423,-1325.65,-102.329,-5937.26
70,185,449.472,-1119.58,80.8953,-5316.1
75,185,558.167,-940.057,142.844,-4736.29
80,185,650.899,-788.448,112.24,-4208.12
85,185,731.625,-663.477,14.1294,-3734.25
90,185,803.696,-561.486,-130.121,-3311.01
95,185,869.744,-476.935,-302.032,-2930.08
100,185,931.402,-403.101,-484.811,-2580.46
105,185,988.799,-332.881,-662.224,-2250.54
110,185,1039.95,-259.571,-818.105,-1930.2
115,185,1080.37,-177.496,-936.95,-1613.03
120,185,1103.34,-82.424,-1005.73,-1298.17
125,185,1101.07,28.179,-1016.5,-991.286
130,185,1066.63,154.867,-968.708,-704.118
135,185,996.096,295.658,-870.064,-452.098
140,185,890.122,445.151,-734.904,-250.563
145,185,754.21,593.565,-580.479,-110.667
150,185,597.707,726.303,-422.604,-36.5453
155,185,432.013,824.643,-272.836,-24.7458
160,185,268.76,867.928,-138.515,-65.8637
165,185,118.425,837.107,-25.1628,-147.339
170,185,-10.5308,719.05,60.9782,-256.191
175,185,-112.108,510.653,112.634,-380.976
180,185,-182.859,221.512,124.249,-512.808
0,190,-1985.31,-933.793,-14384.6,-1495.1
5,190,-2164.48,-1757.78,-13780,-3537.95
10,190,-2230.19,-2470.95,-12706.8,-5372.16
15,190,-2178.68,-3023.56,-11254.8,-6883.28
20,190,-2015.96,-3388.96,-9545.33,-7998.42
25,190,-1758.46,-3564.25,-7714.28,-8693.12
30,190,-1431.62,-3566.7,-5893.62,-8988.42
35,190,-1066.34,-3427.48,-4195.38,-8939.8
40,190,-693.939,-3184.24,-2701.05,-8621.64
45,190,-341.205,-2874.68,-1457.96,-8112.3
50,190,-26.9703,-2532.14,-481.98,-7483.41
55,190,239.1,-2183.52,235.864,-6794.54
60,190,455.555,-1849.06,721.177,-6092.1
65,190,626.816,-1543.06,1008.54,-5410.3
70,190,760.424,-1274.73,1135.39,-4772.61
75,190,864.698,-1048.9,1137.71,-4193.02
80,190,947.216,-866.404,1047.55,-3677.08
85,190,1014.08,-724.58,891.912,-3223.05
90,190,1069.74,-617.73,693.044,-2823.41
95,190,1116.98,-537.847,469.482,-2466.57
100,190,1156.98,-475.464,237.655,-2138.81
105,190,1189.15,-420.599,13.3903,-1826.51
110,190,1211.06,-363.677,-187.28,-1518.63
115,190,1218.35,-296.322,-348.58,-1209.28
120,190,1205.23,-211.925,-456.896,-899.94
125,190,1165.48,-106.024,-503.709,-600.435
130,190,1094.12,23.2994,-488.421,-327.751
135,190,989.326,174.752,-419.635,-102.369
140,190,853.754,342.776,-313.846,57.247
145,190,694.759,516.422,-191.564,140.292
150,190,523.255,678.807,-72.2819,147.242
155,190,351.638,807.934,29.5334,89.9177
160,190,191.595,879.296,105.729,-12.0179
165,190,52.4436,870.141,152.884,-136.622
170,190,-59.6464,764.717,169.522,-265.051
175,190,-141.629,559.285,154.474,-385.009
180,190,-192.992,265.364,107.839,-491.551
0,195,-3231.45,-1060.55,-14156.8,-1408.02
5,195,-3329.33,-2115.64,-13499.8,-3565.4
10,195,-3252.96,-3030.3,-12335.3,-5485.29
15,195,-3012.58,-3735.85,-10764.4,-7041.91
20,195,-2633.39,-4194.64,-8923.09,-8157.03
25,195,-2152.61,-4401.72,-6962.45,-8807.83
30,195,-1614.6,-4380.38,-5027.7,-9023.58
35,195,-1064.56,-4173.48,-3240.07,-8872.57
40,195,-542.271,-3833.17,-1685.45,-8443.72
45,195,-77.3135,-3411.64,-411.225,-7828.78
50,195,313.185,-2954.79,570.015,-7109.57
55,195,624.185,-2499.13,1272.34,-6351.65
60,195,860.31,-2071.39,1727.12,-5603.35
65,195,1032.36,-1689.5,1974.39,-4897.6
70,195,1153.79,-1364.03,2056.25,-4254.53
75,195,1237.83,-1099.43,2012.2,-3683.84
80,195,1295.75,-895.061,1876.59,-3186.66
85,195,1335.93,-746.115,1677.58,-2757.29
90,195,1363.72,-644.485,1437.57,-2384.82
95,195,1381.69,-579.681,1174.61,-2054.89
100,195,1390.01,-539.74,904.275,-1751.54
105,195,1386.88,-512.105,641.614,-1459.42
110,195,1369.07,-484.452,402.272,-1166.49
115,195,1332.34,-445.402,202.256,-867.064
120,195,1272.16,-385.116,56.0124,-564.373
125,195,1184.59,-295.841,-26.8174,-271.708
130,195,1067.47,-172.646,-44.783,-10.7768
135,195,921.834,-14.5982,-6.55454,193.121
140,195,752.941,173.594,69.9425,318.248
145,195,570.35,379.883,161.418,353.663
150,195,386.74,584.049,244.908,303.69
155,195,215.551,758.707,303.006,187.549
160,195,68.2579,872.735,326.487,34.0514
165,195,-47.7542,896.937,313.567,-126.549
170,195,-129.96,810.936,266.923,-270.313
175,195,-179.949,609.643,190.855,-384.22
180,195,-201.656,307.195,90.6085,-466.552
0,200,-4453,-1179.23,-13821.3,-1310.23
5,200,-4461.52,-2481.21,-13127.4,-3540.7
10,200,-4229.13,-3607.57,-11899.9,-5511.96
15,200,-3782.46,-4469.57,-10248.5,-7091.23
20,200,-3168.63,-5018.79,-8320.01,-8197.35
25,200,-2448.27,-5249.55,-6276.08,-8809.31
30,200,-1686.69,-5193.18,-4270.71,-8962.64
35,200,-944.633,-4906.49,-2430.72,-8734.94
40,200,-270.736,-4458.09,-844.057,-8225.48
45,200,302.927,-3916.12,442.845,-7535.42
50,200,761.739,-3339.84,1420.31,-6753.56
55,200,1106.37,-2775.55,2106.29,-5949.55
60,200,1348.64,-2256.15,2536.15,-5172.94
65,200,1506.77,-1802.53,2753.62,-4455.62
70,200,1600.91,-1425.66,2803.78,-3815.17
75,200,1649.81,-1128.69,2728.3,-3257.99
80,200,1668.75,-908.649,2562.79,-2781.85
85,200,1668.68,-758.067,2335.78,-2378.01
90,200,1656.11,-666.294,2069.28,-2033.02
95,200,1633.62,-620.65,1780.31,-1730.43
100,200,1600.57,-607.295,1483.19,-1452.54
105,200,1554.11,-611.873,1191.77,-1182.48
110,200,1490.1,-619.941,921.032,-907.053
115,200,1404.19,-617.297,687.179,-620.083
120,200,1292.68,-590.355,505.804,-325.566
125,200,1153.56,-526.832,388.349,-39.1219
130,200,987.382,-417.066,338.011,213.777
135,200,798.29,-256.176,346.948,403.516
140,200,594.648,-46.8747,396.474,505.009
145,200,388.89,197.854,460.901,506.53
150,200,196.042,453.483,513.929,415.118
155,200,30.914,685.356,535.164,255.874
160,200,-95.3181,853.41,514.076,65.0378
165,200,-177.815,919.825,450.016,-120.474
170,200,-218.808,858.104,349.055,-272.789
175,200,-225.914,661.306,220.073,-378.419
180,200,-208.786,346.689,72.6882,-438.003
0,205,-5640.66,-1288.93,-13380.6,-1202.47
5,205,-5554.97,-2846.34,-12667,-3462.75
10,205,-5158.9,-4189.33,-11408.3,-5450.82
15,205,-4496.97,-5209.19,-9719.49,-7031.52
20,205,-3639.79,-5847.38,-7753.47,-8123.18
25,205,-2672.69,-6098.61,-5677.49,-8706.47
30,205,-1682.72,-6003.5,-3649.41,-8820.73
35,205,-746.64,-5633.97,-1797.73,-8548.78
40,205,77.9257,-5075.91,-210.007,-7995.38
45,205,756.539,-4413.83,1069.19,-7266.45
50,205,1277.38,-3720.35,2032.72,-6454.19
55,205,1647.18,-3051.29,2701,-5630.05
60,205,1885.42,-2445.14,3111.53,-4844.03
65,205,2018.06,-1925.04,3309.67,-4127.33
70,205,2072.32,-1501.69,3341.68,-3496.11
75,205,2072.79,-1176.21,3249.93,-2954.94
80,205,2039.19,-942.848,3070.22,-2499.7
85,205,1985.49,-791.246,2830.71,-2119.9
90,205,1920.03,-708.334,2552.47,-1800.62
95,205,1846.21,-679.715,2251.19,-1524.09
100,205,1763.44,-690.469,1939.55,-1271.31
105,205,1668.33,-725.401,1629.97,-1024.03
110,205,1556,-768.856,1336.58,-767.617
115,205,1421.38,-804.343,1075.8,-494.747
120,205,1260.6,-814.423,864.607,-209.097
125,205,1072.29,-781.424,716.76,72.643
130,205,858.816,-689.52,637.873,322.4
135,205,627.153,-528.33,621.6,507.005
140,205,389.257,-297.45,649.043,598.136
145,205,161.341,-10.5484,692.481,582.661
150,205,-38.2871,302.841,722.51,468.998
155,205,-192.859,599.381,715.842,286.241
160,205,-291.416,828.424,660.508,75.8583
165,205,-332.104,942.103,556.514,-120.659
170,205,-322.754,906.924,412.447,-272.953
175,205,-278.052,713.851,240.678,-367.424
180,205,-214.327,383.544,54.2147,-406.121
0,210,-6785.4,-1388.83,-12838.1,-1085.55
5,210,-6604.16,-3202.74,-12123.1,-3331.78
10,210,-6043.59,-4762.21,-10866.6,-5302.45
15,210,-5166.69,-5939.67,-9185.83,-6864.61
20,210,-4067.76,-6667.51,-7234.58,-7938.31
25,210,-2856.56,-6941.56,-5180.25,-8505.56
30,210,-1641.56,-6812.08,-3179.59,-8606.82
35,210,-515.119,-6366,-1358.96,-8325.79
40,210,456.359,-5706.08,196.842,-7767.78
45,210,1236.04,-4932.52,1446.04,-7038.76
50,210,1814.67,-4130.54,2383.62,-6230.64
55,210,2204.74,-3364.72,3031.17,-5414.37
60,210,2432.96,-2678.49,3426.45,-4639.46
65,210,2532.84,-2096.76,3614.46,-3936.72
70,210,2538.56,-1629.53,3640.79,-3321.99
75,210,2480.69,-1275.79,3547,-2799.52
80,210,2383.76,-1026.95,3367.91,-2364.86
85,210,2265.52,-869.959,3130.58,-2007.17
90,210,2137.07,-789.692,2854.7,-1711.1
95,210,2003.69,-770.603,2554.3,-1458.3
100,210,1865.84,-797.448,2240.41,-1228.88
105,210,1720.32,-855.095,1923.97,-1003.35
110,210,1561.51,-927.582,1618.3,-765.466
115,210,1382.93,-996.832,1340.05,-506.299
120,210,1179.14,-1041.82,1107.69,-228.406
125,210,947.854,-1039.15,937.372,51.5444
130,210,691.91,-965.98,837.328,304.071
135,210,420.655,-805.357,802.988,493.424
140,210,150.034,-552.879,815.618,588.465
145,210,-98.9582,-222.569,845.927,574.248
150,210,-303.659,150.732,861.882,459.265
155,210,-444.627,514.29,837.657,274.51
160,210,-510.937,806.081,759.881,64.1819
165,210,-503.984,967.64,628.754,-128.012
170,210,-437.75,958.261,454.427,-270.854
175,210,-334.636,766.839,251.533,-351.053
180,210,-218.236,417.481,35.3286,-371.147
0,215,-7878.49,-1478.16,-12197.8,-960.38
5,215,-7604.03,-3542.25,-11499.8,-3149.29
10,215,-6885.21,-5313.07,-10279.4,-5069.26
15,215,-5803.13,-6646.32,-8652.1,-6593.67
20,215,-4474.52,-7466.6,-6767.73,-7646.23
25,215,-3032,-7771.17,-4788.46,-8209.77
30,215,-1603.79,-7619.22,-2865.21,-8323.13
35,215,-296.646,-7111.34,-1118.59,-8066.8
40,215,814.83,-6365.47,371.603,-7542.01
45,215,1691.33,-5495.8,1567.19,-6850.54
50,215,2325.57,-4598.75,2464.95,-6080.61
55,215,2734.86,-3746.57,3086.55,-5300.55
60,215,2952.22,-2987.04,3468.37,-4558.43
65,215,3017.86,-2346.58,3653.24,-3884.73
70,215,2972.45,-1834.7,3684.32,-3295.76
75,215,2852.39,-1448.62,3600.83,-2796.66
80,215,2687.35,-1177.49,3435.5,-2383.93
85,215,2499.43,-1006.18,3213.47,-2047.53
90,215,2303.34,-918.088,2952.64,-1772.57
95,215,2107.18,-897.078,2665.36,-1540.73
100,215,1913.28,-928.16,2361.08,-1331.66
105,215,1719.07,-996.894,2049.54,-1124.85
110,215,1518.15,-1087.69,1743.45,-902.649
115,215,1301.99,-1181.56,1459.71,-654.442
120,215,1062.44,-1254.4,1218.05,-381.313
125,215,794.912,-1277.32,1036.65,-99.1386
130,215,501.69,-1220.35,925.994,162.299
135,215,194.035,-1059.55,883.164,365.837
140,215,-107.797,-786.072,889.859,478.296
145,215,-377.195,-413.94,915.844,482.867
150,215,-586.225,16.852,927.25,386.992
155,215,-712.149,444.246,896.368,221.489
160,215,-743.868,795.008,808.632,30.6863
165,215,-686.138,1000.42,664.016,-141.965
170,215,-559.316,1012.98,473.23,-266.073
175,215,-393.749,819.792,251.858,-329.123
180,215,-220.485,448.24,16.1736,-333.349
0,220,-8911.62,-1556.24,-11464.8,-827.895
5,220,-8549.84,-3857.01,-10801.5,-2918.06
10,220,-7685.91,-5829.22,-9649.54,-4755.43
15,220,-6417.6,-7314.74,-8118.78,-6223.21
20,220,-4881.59,-8231.82,-6350.54,-7250.27
25,220,-3230.37,-8578.85,-4496.77,-7819.55
30,220,-1609.16,-8422.33,-2698.22,-7965.87
35,220,-137.137,-7873.96,-1066.55,-7762.92
40,220,1103.89,-7064.03,325.344,-7303.93
45,220,2072.14,-6118.24,1443.62,-6682.98
50,220,2761.52,-5142.21,2286.65,-5981.91
55,220,3192.96,-4214.68,2875.22,-5264.61
60,220,3404.41,-3387.29,3243.02,-4576.8
65,220,3441.61,-2688.19,3429.15,-3948.47
70,220,3350.76,-2127.07,3472.76,-3396.75
75,220,3173.62,-1700.38,3409.36,-2928.28
80,220,2944.82,-1396.12,3268.47,-2541.28
85,220,2690.93,-1198.01,3072.62,-2227.19
90,220,2430.57,-1088.75,2837.66,-1972.21
95,220,2175.03,-1052.11,2574.33,-1758.56
100,220,1928.82,-1073.67,2290.87,-1565.92
105,220,1690.18,-1139.91,1996.15,-1373.3
110,220,1451.97,-1235.96,1702.52,-1162.13
115,220,1203.36,-1342.38,1427.02,-920.552
120,220,933.022,-1432.6,1190.08,-648.257
125,220,633.572,-1472.96,1011.15,-359.879
130,220,306.252,-1426.93,902.164,-84.496
135,220,-35.9376,-1263.99,861.51,140.624
140,220,-368.271,-970.892,871.545,281.372
145,220,-658.093,-561.4,901.903,319.409
150,220,-871.713,-80.067,917.96,260.33
155,220,-982.753,402.594,891.025,132.879
160,220,-979.801,803.232,805.675,-20.9951
165,220,-870.919,1044.05,661.269,-160.51
170,220,-682.743,1071.78,468.061,-257.738
175,220,-453.358,872.177,241.258,-301.456
180,220,-221.056,475.587,-3.10447,-293.014
0,225,-9876.93,-1622.47,-10644.4,-689.11
5,225,-9437.08,-4139.63,-10032.3,-2642.08
10,225,-8447.49,-6298.57,-8978.03,-4366.91
15,225,-7020.25,-7930.75,-7582.53,-5759.2
20,225,-5308.35,-8949.46,-5974.3,-6753.97
25,225,-3480.08,-9353.49,-4290.85,-7333.68
30,225,-1693.99,-9214.09,-2659.09,-7527.09
35,225,-78.9715,-8650.61,-1179.01,-7398.26
40,225,1277.36,-7802.06,84.9649,-7029.54
45,225,2330.97,-6802.48,1103.88,-6504.72
50,225,3076.19,-5764.48,1877.54,-5897.31
55,225,3536.26,-4772.1,2425.13,-5265.44
60,225,3752.56,-3880.6,2776.55,-4651.66
65,225,3774.83,-3120.41,2965.91,-4085.02
70,225,3653.56,-2502.55,3027.03,-3583.27
75,225,3434.78,-2024.12,2990.51,-3154.6
80,225,3157.24,-1673.39,2881.78,-2799.09
85,225,2851.31,-1434.16,2720.29,-2509.95
90,225,2539.01,-1289.21,2519.73,-2274.79
95,225,2234.41,-1222.62,2289.45,-2076.87
100,225,1943.96,-1220.59,2036.88,-1896.5
105,225,1666.74,-1270.46,1770.44,-1713
110,225,1395.05,-1358,1502.13,-1507.76
115,225,1116.17,-1463.54,1248.84,-1268.41
120,225,816.123,-1558.7,1030.98,-993.621
125,225,485.204,-1606.05,868.202,-696.591
130,225,123.936,-1563.77,773.011,-404.796
135,225,-252.846,-1395.83,744.625,-154.233
140,225,-615.994,-1085.23,766.355,21.403
145,225,-926.916,-645.321,808.653,102.926
150,225,-1146.25,-124.304,837.387,93.6494
155,225,-1244.02,400.418,823.921,18.6848
160,225,-1208.45,837.291,752.39,-84.6357
165,225,-1050.72,1101.34,621.181,-180.383
170,225,-803.298,1135.01,439.113,-244.601
175,225,-511.398,923.391,219.736,-267.896
180,225,-219.944,499.315,-22.3589,-250.449
0,230,-10767.1,-1676.36,-9743.11,-545.08
5,230,-10261.3,-4383.4,-9196.5,-2326.45
10,230,-9170.95,-6709.87,-8264.64,-3911.29
15,230,-7619.09,-8480.45,-7036.68,-5209.19
20,230,-5770.6,-9604.77,-5624.76,-6161.87
25,230,-3804.65,-10080.8,-4148.52,-6750.76
30,230,-1888.71,-9981.52,-2718.08,-6997.17
35,230,-158.127,-9429.77,-1419.74,-6953.71
40,230,1295.49,-8569.2,-308.253,-6689.98
45,230,2426.27,-7538.76,592.702,-6277.95
50,230,3228.4,-6455.82,1284.14,-5781.62
55,230,3726.15,-5408.62,1783.07,-5252.44
60,230,3962.71,-4456.05,2114.77,-4729.05
65,230,3990.15,-3631.65,2307.36,-4238.82
70,230,3861.54,-2949.06,2388.34,-3799.48
75,230,3625.62,-2407.56,2382.49,-3420.28
80,230,3323.74,-1997.14,2310.59,-3102.83
85,230,2988.67,-1702.82,2188.72,-2842.05
90,230,2644.55,-1508.24,2028.5,-2627.21
95,230,2307.21,-1398.11,1838.22,-2443.07
100,230,1984.39,-1359.14,1624.84,-2271.35
105,230,1675.85,-1379.22,1396.5,-2092.6
110,230,1373.72,-1444.49,1164.86,-1889.16
115,230,1064.42,-1535.1,946.124,-1649.04
120,230,732.638,-1621.48,759.853,-1370.45
125,230,367.678,-1663.68,624.933,-1065.05
130,230,-29.7009,-1616.31,553.559,-757.959
135,230,-442.482,-1439.6,545.431,-482.572
140,230,-837.349,-1113.85,585.158,-270.736
145,230,-1170.37,-652.068,644.996,-141.554
150,230,-1397.12,-104.945,692.576,-94.0452
155,230,-1484.42,445.312,700.363,-107.854
160,230,-1420.17,901.499,652.484,-152.056
165,230,-1218.31,1173.93,546.046,-197.391
170,230,-916.425,1202.61,387.536,-225.15
175,230,-565.843,972.747,187.691,-228.332
180,230,-217.158,519.243,-41.4432,-205.977
0,235,-11575.3,-1717.48,-8767.62,-396.902
5,235,-11018.3,-4582.44,-8298.23,-1977.27
10,235,-9856.07,-7052.92,-7508.02,-3397.8
15,235,-8219.23,-8950.41,-6471.95,-4582.64
20,235,-6279.31,-10182,-5283.29,-5480.31
25,235,-4220.95,-10743.4,-4041.33,-6070.92
30,235,-2215.64,-10705.9,-2837.39,-6367.69
35,235,-401.55,-10191.9,-1742.6,-6410.98
40,235,1127.84,-9345.12,-801.424,-6256.88
45,235,2325.53,-8306.36,-32.1253,-5964.95
50,235,3185.1,-7195.55,567.25,-5589.18
55,235,3730.61,-6104.26,1011.06,-5173.76
60,235,4005.37,-5095.15,1319.38,-4752.65
65,235,4061.84,-4205.66,1513.68,-4350.6
70,235,3953.69,-3453.19,1614.51,-3984.35
75,235,3730.39,-2840.45,1640.39,-3663.32
80,235,3434.01,-2360.25,1607.1,-3390.11
85,235,3098,-1999.74,1527.34,-3161.15
90,235,2747.05,-1743.95,1410.78,-2967.52
95,235,2397.45,-1578.4,1264.88,-2796.04
100,235,2057.39,-1490.26,1096.34,-2630.57
105,235,1726.99,-1467.63,913.116,-2453.84
110,235,1398.69,-1496.73,726.29,-2250.07
115,235,1059.16,-1557.58,550.955,-2008.54
120,235,693.437,-1620.08,405.09,-1727.51
125,235,291.535,-1643.25,305.997,-1417.19
130,235,-144.268,-1580.24,264.927,-1099.71
135,235,-594.309,-1389.61,281.844,-804.701
140,235,-1021.47,-1050.47,343.032,-560.801
145,235,-1377.36,-575.671,423.477,-385.963
150,235,-1613.42,-17.1393,493.72,-281.256
155,235,-1693.87,540.525,528.297,-231.689
160,235,-1606.38,997.434,511.737,-213.975
165,235,-1367.17,1262.03,439.624,-206.833
170,235,-1017.94,1273.94,315.361,-197.773
175,235,-614.788,1019.47,145.895,-182.725
180,235,-212.72,535.219,-60.2121,-159.939
0,240,-12295.4,-1745.54,-7725.41,-245.703
5,240,-11703.6,-4731.87,-7341.88,-1601.51
10,240,-10501.2,-7318.83,-6706.13,-2837.19
15,240,-8822.27,-9327.97,-5877.36,-3891.06
20,240,-6839.67,-10664.7,-4928.39,-4718.24
25,240,-4737.82,-11321.1,-3936.72,-5297.51
30,240,-2687.21,-11363.9,-2973.73,-5634.14
35,240,-824.995,-10910.4,-2094.8,-5756.45
40,240,755.826,-10101.4,-1333.89,-5707.28
45,240,2007.96,-9075.98,-704.101,-5533.95
50,240,2924.05,-7955.02,-202.93,-5280.45
55,240,3526.68,-6832.67,180.954,-4983.4
60,240,3857.43,-5775.41,462.12,-4671.3
65,240,3967.01,-4825.04,655.2,-4365.26
70,240,3907.5,-4003.43,773.701,-4079.88
75,240,3726.97,-3317.36,829.801,-3823.76
80,240,3466.42,-2763.02,834.31,-3599.85
85,240,3158.34,-2330.08,796.555,-3405.86
90,240,2826.68,-2005.27,724.361,-3234.84
95,240,2487.13,-1775.05,624.407,-3076.12
100,240,2147.5,-1626.97,503.17,-2916.33
105,240,1807.9,-1549.19,368.339,-2741.11
110,240,1461.27,-1527.86,230.241,-2537.36
115,240,1095.36,-1543.05,102.488,-2296.33
120,240,696.937,-1565.03,1.0028,-2016.86
125,240,258.237,-1553.44,-59.0032,-1707.84
130,240,-215.773,-1462.25,-67.6089,-1388.04
135,240,-702.346,-1250.75,-24.65,-1082.47
140,240,-1160.94,-898.489,58.206,-815.364
145,240,-1539.59,-418.479,159.449,-602.487
150,240,-1786.61,137.373,253.507,-446.402
155,240,-1864.24,684.588,317.799,-337.588
160,240,-1760,1123.71,337.637,-260.977
165,240,-1491.79,1364.29,306.921,-203.985
170,240,-1104.19,1347.82,225.391,-160.925
175,240,-656.516,1062.72,95.461,-131.14
180,240,-206.662,547.122,-78.5227,-112.683
0,245,-12921.9,-1760.31,-6624.4,-92.6338
5,245,-12312.7,-4827.93,-6332.03,-1206.88
10,245,-11103.1,-7500.26,-5856.76,-2241.6
15,245,-9426.03,-9601.68,-5241.26,-3148.18
20,245,-7450.54,-11036.6,-4537.33,-3887.9
25,245,-5355.29,-11792.6,-3800.32,-4438.51
30,245,-3304.84,-11928.7,-3081.52,-4798.18
35,245,-1431.53,-11554.4,-2420.67,-4984.26
40,245,174.489,-10803.8,-1841.71,-5027.41
45,245,1466.58,-9812.32,-1353.16,-4963.51
50,245,2436.09,-8700.08,-952.492,-4826.87
55,245,3102.86,-7563.06,-631.7,-4646.37
60,245,3504.79,-6471.28,-381.666,-4444.44
65,245,3688.58,-5470.91,-194.267,-4237.56
70,245,3702.44,-4588.27,-62.5959,-4037.13
75,245,3591.15,-3834.17,19.6129,-3850.08
80,245,3393.01,-3208.16,58.4814,-3679.12
85,245,3138.57,-2702.49,60.0905,-3523
90,245,2850.21,-2305.59,30.3573,-3376.84
95,245,2542.47,-2004.9,-24.9438,-3232.67
100,245,2222.28,-1788.33,-99.7369,-3080.29
105,245,1889.35,-1644.05,-186.772,-2908.68
110,245,1537.02,-1558.2,-276.666,-2707.92
115,245,1154.38,-1511.36,-357.485,-2471.71
120,245,730.524,-1475.2,-415.587,-2199.96
125,245,260.769,-1411.84,-438.074,-1900.43
130,245,-246.569,-1278.41,-416.486,-1588.47
135,245,-765.44,-1037.32,-350.394,-1283.89
140,245,-1252.19,-670.232,-249.057,-1005.75
145,245,-1652.04,-190.68,-129.836,-766.727
150,245,-1910.94,350.56,-13.6477,-570.192
155,245,-1989.71,871.493,80.471,-411.75
160,245,-1875.72,1276.1,138.942,-284.488
165,245,-1587.85,1477.91,153.9,-184.588
170,245,-1172.21,1422.5,121.055,-113.316
175,245,-689.556,1101.58,37.7948,-73.7727
180,245,-199.032,554.861,-96.2357,-64.5689
0,250,-13450.1,-1761.69,-5472.97,61.1401
5,250,-12841.3,-4868.06,-5273.57,-801.597
10,250,-11656.8,-7591.71,-4957.99,-1624.36
15,250,-10024.4,-9761.9,-4552.38,-2369.95
20,250,-8104.29,-11282.8,-4087.95,-3005.23
25,250,-6064.28,-12136.2,-3598.53,-3507.5
30,250,-4058.47,-12372.2,-3116.14,-3869.18
35,250,-2210.86,-12090,-2665.81,-4098.45
40,250,-606.542,-11414.8,-2262.44,-4215.34
45,250,709.392,-10476.3,-1910.94,-4245.47
50,250,1726.68,-9392.59,-1609.45,-4214.04
55,250,2461.11,-8260.45,-1353.44,-4142.19
60,250,2945.03,-7152.8,-1138.86,-4045.82
65,250,3218.95,-6119.51,-963.27,-3936.12
70,250,3325.21,-5190.71,-825.379,-3820.57
75,250,3303.56,-4380.7,-723.949,-3703.79
80,250,3188.58,-3691.97,-656.97,-3587.85
85,250,3008.2,-3119.06,-621.396,-3472.34
90,250,2783.07,-2652.05,-613.308,-3354.29
95,250,2526.48,-2279.28,-628.105,-3228.45
100,250,2244.41,-1989.02,-660.427,-3087.78
105,250,1935.97,-1769.42,-703.736,-2924.65
110,250,1594.6,-1606.82,-749.783,-2732.48
115,250,1210.49,-1482.9,-788.444,-2507.69
120,250,774.888,-1371.89,-808.434,-2251.51
125,250,286.103,-1240.24,-799.203,-1970.86
130,250,-244.258,-1050.46,-753.703,-1677.72
135,250,-787.001,-770.224,-671.04,-1386.66
140,250,-1295.7,-384.821,-557.679,-1111.17
145,250,-1713.22,91.2378,-426.275,-860.313
150,250,-1983.73,609.155,-292.468,-637.643
155,250,-2067.01,1091.37,-171.246,-443.222
160,250,-1950.19,1447.87,-74.8238,-277.643
165,250,-1652.38,1598.8,-12.8321,-145.291
170,250,-1219.78,1495.79,6.23951,-54.0678
175,250,-712.734,1135.09,-25.4607,-10.9765
180,250,-189.887,558.377,-113.216,-15.9638
0,255,-13875.9,-1749.66,-4279.89,214.449
5,255,-13284.9,-4851.06,-4171.88,-394.227
10,255,-12155.8,-7589.75,-4008.73,-999.742
15,255,-10607.6,-9801.3,-3800.91,-1574.39
20,255,-8787.14,-11390,-3560.35,-2089.97
25,255,-6846.99,-12332.1,-3301.02,-2524.03
30,255,-4926.91,-12667.5,-3037.25,-2865.01
35,255,-3139.58,-12483.9,-2781.04,-3113.99
40,255,-1563.14,-11896.3,-2539.73,-3282.31
45,255,-240.384,-11027.4,-2315.88,-3386.62
50,255,816.475,-9991.54,-2108.98,-3443.74
55,255,1618.05,-8885.49,-1918.04,-3467.24
60,255,2189.46,-7783.72,-1743.41,-3466.39
65,255,2563.3,-6738.69,-1587.16,-3446.81
70,255,2774.36,-5783.26,-1452.22,-3411.81
75,255,2856.2,-4934.34,-1341.15,-3363.44
80,255,2838.87,-4196.75,-1255.22,-3302.9
85,255,2747.38,-3567.01,-1194.05,-3230.32
90,255,2600.71,-3036.65,-1155.72,-3144.45
95,255,2411.09,-2594.88,-1137.05,-3042.4
100,255,2183.8,-2230.2,-1133.74,-2920.03
105,255,1917.45,-1930.76,-1140.26,-2772.86
110,255,1605.41,-1683.32,-1149.78,-2597.41
115,255,1238.48,-1471.26,-1154.14,-2392.7
120,255,809.361,-1272.51,-1144.5,-2161.27
125,255,318.504,-1059.32,-1112.64,-1909.32
130,255,-219.965,-801.383,-1052.77,-1645.74
135,255,-774.3,-473.292,-963.225,-1380.13
140,255,-1295.74,-65.25,-847.2,-1120.62
145,255,-1725.19,406.755,-712.097,-872.632
150,255,-2005.43,896.308,-567.774,-639.51
155,255,-2095.47,1331.59,-424.815,-424.955
160,255,-1982.09,1630.52,-293.897,-235.964
165,255,-1683.84,1721.87,-186.371,-84.0109
170,255,-1245.52,1565.15,-114.894,17.1456
175,255,-725.204,1162.3,-92.4908,56.716
180,255,-179.297,557.644,-129.335,32.7627
0,260,-14196.1,-1724.31,-3054.24,366.125
5,260,-13639.1,-4777.05,-3032.82,6.54177
10,260,-12592.3,-7493.26,-3009.14,-382.639
15,260,-11162.7,-9715.51,-2979.43,-781.228
20,260,-9479.89,-11348.8,-2938.57,-1165.34
25,260,-7677.86,-12363.7,-2882.99,-1513.52
30,260,-5879,-12790.6,-2811.81,-1811.99
35,260,-4182.4,-12705.4,-2726.12,-2056.93
40,260,-2657.82,-12212.1,-2627.59,-2252.98
45,260,-1345.25,-11425.4,-2517.72,-2409.24
50,260,-259.173,-10454.8,-2398.06,-2534.93
55,260,604.958,-9395.29,-2271.04,-2636.45
60,260,1263.88,-8321.54,-2140.56,-2716.68
65,260,1741.06,-7287.16,-2011.82,-2775.88
70,260,2062.79,-6326.53,-1890.45,-2813.35
75,260,2255.68,-5458.23,-1781.42,-2828.66
80,260,2344.76,-4688.78,-1688.28,-2822.03
85,260,2351.91,-4016.29,-1612.71,-2793.91
90,260,2294.38,-3433.57,-1554.64,-2744.34
95,260,2183.62,-2930.55,-1512.36,-2672.42
100,260,2024.54,-2495.9,-1482.87,-2576.42
105,260,1815.62,-2117.8,-1461.98,-2454.48
110,260,1550.21,-1783.66,-1444.55,-2305.71
115,260,1219.36,-1479.04,-1424.68,-2131.19
120,260,816.337,-1186.34,-1396.15,-1934.37
125,260,342.57,-884.553,-1353.11,-1720.63
130,260,-186.477,-551.513,-1290.83,-1496.01
135,260,-737.439,-169.753,-1206.46,-1265.77
140,260,-1259.87,264.746,-1099.37,-1033.5
145,260,-1693.25,733.897,-971.152,-801.538
150,260,-1979.41,1193.54,-825.482,-572.978
155,260,-2076.93,1578.09,-668.341,-354.382
160,260,-1972.11,1814.49,-508.804,-157.768
165,260,-1682.12,1841.51,-359.854,-0.153704
170,260,-1248.9,1627.86,-238.093,100.013
175,260,-726.474,1182.28,-161.377,128.584
180,260,-167.343,552.666,-144.47,81.2399
0,265,-14408.3,-1685.84,-1805.35,515.015
5,265,-13899.7,-4647.55,-1862.89,392.117
10,265,-12957.6,-7303.59,-1960.99,211.828
15,265,-11674.1,-9503.64,-2083.78,-11.3999
20,265,-10159,-11153.7,-2211.82,-257.399
25,265,-8525.11,-12219.9,-2327.12,-506.359
30,265,-6875.5,-12723.4,-2416.52,-743.937
35,265,-5294.27,-12729.4,-2472.76,-963.431
40,265,-3841.95,-12331.1,-2493.84,-1164.64
45,265,-2555.58,-11634,-2481.42,-1350.52
50,265,-1452.1,-10741.9,-2439.58,-1523.6
55,265,-533.617,-9746.23,-2373.88,-1683.77
60,265,207.641,-8720.32,-2290.84,-1828.05
65,265,785.541,-7717.51,-2197.46,-1951.92
70,265,1217.57,-6772.58,-2100.59,-2051.16
75,265,1523.15,-5904.9,-2006.29,-2123.14
80,265,1722.05,-5122.1,-1919.3,-2167.13
85,265,1832.8,-4423.46,-1842.67,-2183.68
90,265,1870.82,-3802.79,-1777.72,-2173.76
95,265,1846.79,-3250.58,-1724.11,-2137.98
100,265,1765.57,-2755.7,-1680.17,-2076.51
105,265,1625.83,-2306.48,-1643.3,-1989.48
110,265,1421.15,-1891.23,-1610.36,-1877.8
115,265,1142.66,-1498.01,-1578.05,-1743.74
120,265,783.579,-1113.87,-1543.06,-1590.85
125,265,345.263,-724.632,-1501.93,-1423.27
130,265,-156.605,-316.308,-1450.77,-1244.46
135,265,-688.101,120.456,-1385.05,-1056.25
140,265,-1198.02,583.427,-1299.75,-858.976
145,265,-1625.25,1051.71,-1190.16,-653.02
150,265,-1911.5,1482.74,-1053.53,-441.6
155,265,-2015.4,1816.84,-891.254,-233.501
160,265,-1922.7,1990.12,-710.843,-44.2778
165,265,-1648.42,1952.01,-526.781,105.293
170,265,-1230.22,1681.2,-359.195,193.543
175,265,-716.407,1194.2,-230.168,203.716
180,265,-154.115,543.483,-158.505,129.099
0,270,-14510.8,-1634.53,-542.714,659.986
5,270,-14062.8,-4465.44,-669.245,754.231
10,270,-13242.4,-7024.64,-867.996,768.747
15,270,-12124.7,-9168.62,-1113.58,713.684
20,270,-10798,-10804.8,-1375.54,605.992
25,270,-9352.77,-11895.7,-1624.95,463.343
30,270,-7871.67,-12455.3,-1839.66,299.408
35,270,-6423.33,-12539,-2006.83,122.101
40,270,-5059,-12229.8,-2122.63,-65.1896
45,270,-3812.78,-11624,-2189.91,-260.641
50,270,-2704.37,-10818.1,-2215.41,-461.133
55,270,-1742.64,-9898.7,-2207.29,-660.853
60,270,-928.79,-8936.22,-2173.76,-851.765
65,270,-258.327,-7982.5,-2122.46,-1025.33
70,270,277.713,-7071.82,-2060.24,-1174.47
75,270,691.793,-6223.67,-1993.1,-1294.74
80,270,998.547,-5446.17,-1925.96,-1384.57
85,270,1213,-4739.35,-1862.46,-1444.46
90,270,1348.56,-4097.66,-1804.75,-1476.01
95,270,1415.04,-3512.02,-1753.54,-1480.93
100,270,1417.25,-2971.58,-1708.47,-1460.77
105,270,1354.26,-2465.1,-1668.62,-1416.98
110,270,1220.03,-1982.06,-1633.17,-1351.32
115,270,1005.78,-1512.95,-1601.71,-1266.11
120,270,704.427,-1049.07,-1573.99,-1164.02
125,270,316.813,-582.226,-1548.89,-1047.38
130,270,-141.897,-105.724,-1523.05,-917.327
135,270,-638.157,382.239,-1489.74,-773.403
140,270,-1121.18,873.078,-1439.05,-614.317
145,270,-1530.62,1342.34,-1359.72,-440.014
150,270,-1809.26,1747.93,-1242.65,-254.539
155,270,-1916.59,2035.09,-1084.87,-68.4587
160,270,-1837.86,2148.47,-892.497,100.558
165,270,-1585.15,2047.97,-681.295,229.822
170,270,-1190.54,1722.61,-474.292,296.082
175,270,-695.217,1197.33,-296.944,281.023
180,270,-139.714,530.163,-171.334,175.975
0,275,-14502.9,-1570.79,724.051,799.933
5,275,-14125,-4234.9,540.286,1085.16
10,275,-13437.3,-6662.9,264.059,1273.89
15,275,-12496.7,-8717.48,-72.6322,1372.94
20,275,-11369.4,-10307.7,-431.884,1396.42
25,275,-10123,-11394,-777.581,1359.63
30,275,-8820.19,-11984.9,-1082,1274.76
35,275,-7514.5,-12127.6,-1329.38,1149.77
40,275,-6248.39,-11895.9,-1515.67,989.893
45,275,-5053.5,-11376.9,-1645.55,800.487
50,275,-3952.39,-10659.1,-1728.12,589.206
55,275,-2960.51,-9822.75,-1773.44,366.563
60,275,-2087.47,-8934.15,-1790.45,144.738
65,275,-1337.41,-8042.69,-1786.46,-64.5362
70,275,-709.088,-7181.42,-1767.46,-251.96
75,275,-196.326,-6369.41,-1738.5,-411.754
80,275,210.735,-5614.87,-1703.88,-541.657
85,275,523.767,-4918.09,-1667.06,-642.097
90,275,754.061,-4273.85,-1630.5,-715.042
95,275,910.393,-3673.46,-1595.62,-762.982
100,275,997.305,-3106.46,-1563.26,-788.287
105,275,1014.1,-2562.32,-1534.31,-792.951
110,275,955.115,-2031.73,-1510.44,-778.589
115,275,811.759,-1507.23,-1494.22,-746.464
120,275,576.883,-983.254,-1488.36,-697.386
125,275,250.951,-456.078,-1493.73,-631.466
130,275,-151.538,75.2228,-1506.96,-547.921
135,275,-598.165,605.928,-1518.68,-445.287
140,275,-1039.95,1121.26,-1513.86,-322.446
145,275,-1419.08,1592.48,-1474.89,-180.536
150,275,-1681.1,1976.67,-1386.79,-25.2786
155,275,-1787.36,2222.53,-1242.77,131.249
160,275,-1722.73,2282.03,-1047.73,270.503
165,275,-1495.66,2124.8,-818.406,369.6
170,275,-1131.6,1749.92,-579.87,405.377
175,275,-663.45,1191.11,-359.883,359.257
180,275,-124.249,512.808,-182.859,221.512
0,280,-14384.6,-1495.1,1985.31,933.793
5,280,-14083.5,-3961.3,1757.22,1377.94
10,280,-13533.3,-6227.3,1427.28,1714.19
15,280,-12772.6,-8161.32,1031.03,1946.52
20,280,-11845.9,-9674.45,610.161,2086.43
25,280,-10798.6,-10726.1,204.236,2146.82
30,280,-9674.46,-11321.1,-156.763,2138.12
35,280,-8513.3,-11500.7,-456.509,2067.67
40,280,-7349.9,-11330.5,-692.029,1941.67
45,280,-6214.14,-10888.7,-869.87,1767.9
50,280,-5131.53,-10255.3,-1000.92,1557.43
55,280,-4123.61,-9503.45,-1096.12,1324.4
60,280,-3207.4,-8694.23,-1164.23,1084.18
65,280,-2394.48,-7873.75,-1211.47,850.875
70,280,-1690.15,-7073.3,-1242.34,635.367
75,280,-1093.61,-6311.16,-1260.39,444.351
80,280,-599.087,-5595.3,-1268.76,280.529
85,280,-197.9,-4926.01,-1270.22,143.543
90,280,119.22,-4298.3,-1267.1,31.2107
95,280,359.834,-3703.78,-1261.37,-59.3096
100,280,527.899,-3132.55,-1255.03,-130.597
105,280,622.613,-2574.79,-1250.88,-184.352
110,280,638.513,-2022.05,-1253.04,-221.081
115,280,567.448,-1467.99,-1266.82,-240.088
120,280,402.758,-908.724,-1297.32,-239.732
125,280,145.174,-343.18,-1346.66,-217.896
130,280,-191.261,225.517,-1410.8,-172.603
135,280,-575.871,787.255,-1477.41,-102.758
140,280,-963.022,1321.36,-1526.61,-9.10569
145,280,-1299.46,1794.23,-1535.18,104.548
150,280,-1535.38,2160.91,-1483.25,230.02
155,280,-1635.11,2371.99,-1360.95,353.872
160,280,-1583.24,2385.28,-1172.19,457.661
165,280,-1384.1,2178.92,-934.152,519.769
170,280,-1055.69,1761.43,-672.924,518.689
175,280,-621.949,1175.2,-417.316,437.047
180,280,-107.839,491.551,-192.992,265.364
0,285,-14156.8,-1408.02,3231.45,1060.55
5,285,-13936.3,-3651.09,2972.47,1626.58
10,285,-13522.5,-5729.06,2611.74,2078.24
15,285,-12936.7,-7515.16,2185.32,2416.73
20,285,-12202.6,-8922.74,1735.18,2651.02
25,285,-11345.3,-9911.37,1300.76,2791.83
30,285,-10391.7,-10483.8,911.361,2847.93
35,285,-9369.66,-10676.8,581.904,2825.93
40,285,-8307.97,-10549.4,313.586,2732.51
45,285,-7235.57,-10171.6,98.314,2577.11
50,285,-6181.04,-9614.84,-75.5582,2373.17
55,285,-5171.19,-8944.69,-218.71,2137.39
60,285,-4229.19,-8216.3,-338.743,1887.32
65,285,-3372.57,-7471.83,-440.211,1638.66
70,285,-2611.81,-6740.27,-525.722,1403.24
75,285,-1950.31,-6038.84,-597.1,1188.27
80,285,-1385.61,-5375.11,-656.093,996.641
85,285,-911.487,-4749.41,-704.606,828.057
90,285,-520.476,-4156.93,-744.753,680.353
95,285,-206.31,-3589.66,-779.011,550.845
100,285,34.1216,-3038.12,-810.645,437.478
105,285,199.635,-2492.81,-844.276,339.69
110,285,284.962,-1945.36,-886.18,258.829
115,285,282.779,-1389.32,-943.717,197.998
120,285,187.676,-820.9,-1023.38,161.268
125,285,1.40775,-240.059,-1127.51,152.421
130,285,-262.204,347.445,-1250.71,173.582
135,285,-574.908,927.071,-1377.75,224.132
140,285,-895.981,1472.6,-1484.67,300.088
145,285,-1178.73,1945.31,-1543.99,393.878
150,285,-1379.7,2297.3,-1532.37,494.296
155,285,-1467.17,2479.79,-1437.77,586.63
160,285,-1425.66,2454.94,-1263.23,653.215
165,285,-1255.07,2208.05,-1025.69,674.811
170,285,-965.544,1756.04,-751.038,632.933
175,285,-571.819,1149.48,-467.77,512.932
180,285,-90.6085,466.552,-201.656,307.195
0,290,-13821.3,-1310.23,4453,1179.23
5,290,-13682,-3311.62,4176.44,1826.18
10,290,-13398.4,-5181.34,3805.72,2356.69
15,290,-12975.4,-6797.39,3374.62,2768.87
20,290,-12418.2,-8075.71,2922.14,3069.2
25,290,-11734.2,-8976.84,2484.55,3266.49
30,290,-10935.8,-9502.71,2087.99,3368.29
35,290,-10041.4,-9687.05,1744.63,3380.82
40,290,-9075.64,-9583.52,1453.71,3311.23
45,290,-8067.47,-9254.89,1206.37,3170.13
50,290,-7048.48,-8764.58,991.502,2972.52
55,290,-6049.9,-8170.62,799.955,2736.65
60,290,-5099.63,-7521.8,626.224,2481.27
65,290,-4219.47,-6855.77,467.963,2222.83
70,290,-3423.6,-6198.79,324.591,1973.53
75,290,-2718.46,-5566.69,195.967,1740.68
80,290,-2103.99,-4966.61,81.5756,1527.22
85,290,-1575.91,-4398.92,-19.8222,1333
90,290,-1128.33,-3859.08,-110.332,1156.25
95,290,-756.189,-3339.38,-193.103,995.031
100,290,-457.253,-2830.38,-272.641,848.565
105,290,-233.014,-2322.18,-355.11,718.079
110,290,-88.2309,-1805.44,-448.254,607.111
115,290,-28.8075,-1272.41,-560.412,521.011
120,290,-58.1911,-718.214,-698.234,465.597
125,290,-173.113,-142.771,-863.244,445.25
130,290,-360.063,446.381,-1048.29,461.021
135,290,-594.048,1030.94,-1235.68,509.428
140,290,-840.678,1579.6,-1398.78,582.337
145,290,-1061.4,2048.65,-1507.64,667.8
150,290,-1220.35,2387,-1537.04,751.313
155,290,-1290.44,2545.69,-1473.74,816.943
160,290,-1256.33,2490.07,-1319.88,848.198
165,290,-1113.44,2211.25,-1091.32,828.949
170,290,-864.2,1733.31,-812.429,744.84
175,290,-514.376,1114.06,-510.01,585.418
180,290,-72.6882,438.003,-208.786,346.689
0,295,-13380.6,-1202.47,5640.66,1288.93
5,295,-13320.7,-2950.92,5359.15,1973.16
10,295,-13156.3,-4598.87,4996.03,2542.62
15,295,-12878.5,-6029.21,4580.4,2992
20,295,-12476.5,-7160.9,4145.6,3325.21
25,295,-11943.2,-7955.97,3722.23,3549.51
30,295,-11279.6,-8416.3,3331.55,3671.88
35,295,-10497.1,-8573.52,2982.25,3698.72
40,295,-9617.84,-8476.99,2671.98,3637.97
45,295,-8671.84,-8183.37,2392.28,3501.26
50,295,-7693.59,-7748.87,2133.99,3304.61
55,295,-6717.85,-7224.34,1890.83,3066.94
60,295,-5775.77,-6652.3,1660.26,2807.27
65,295,-4891.87,-6065.62,1442.54,2541.97
70,295,-4082.53,-5487.39,1239.09,2283.01
75,295,-3356.02,-4931.74,1051.11,2037.5
80,295,-2713.92,-4405.12,878.846,1808.43
85,295,-2153.37,-3907.84,721.225,1596.05
90,295,-1669.72,-3435.51,575.759,1399.43
95,295,-1258.9,-2980.37,438.48,1218.02
100,295,-919.233,-2532.47,303.846,1052.8
105,295,-652.024,-2080.74,164.762,907.032
110,295,-460.893,-1614.05,13.0041,786.193
115,295,-349.687,-1122.63,-159.543,697.113
120,295,-319.476,-600.031,-358.552,646.193
125,295,-365.499,-45.8633,-584.032,637.112
130,295,-475.077,530.864,-827.149,668.709
135,295,-627.387,1108.55,-1068.76,733.853
140,295,-795.402,1651.47,-1281.25,819.845
145,295,-949.569,2111.58,-1434.17,910.218
150,295,-1062.19,2434.98,-1502.03,987.147
155,295,-1111.09,2572.45,-1471.18,1033.53
160,295,-1081.27,2491.84,-1342.69,1034.19
165,295,-964.081,2188.89,-1130.44,976.529
170,295,-754.842,1693.49,-855.964,851.125
175,295,-451.103,1069.35,-543.064,653.019
180,295,-54.2147,406.121,-214.327,383.544
0,300,-12838.1,-1085.55,6785.4,1388.83
5,300,-12853.2,-2577.5,6510.37,2065.29
10,300,-12793.8,-3997.44,6168.42,2631.86
15,300,-12639.5,-5233.75,5782.09,3079.5
20,300,-12367.2,-6208.87,5377.09,3409.57
25,300,-11958.7,-6886.71,4976.65,3628.17
30,300,-11406.5,-7269.32,4596.16,3742.33
35,300,-10717.7,-7386.66,4240.81,3759.35
40,300,-9913.54,-7284.5,3907.5,3688.39
45,300,-9025.61,-7014.27,3589.54,3542.21
50,300,-8091.18,-6625.98,3281.24,3337.49
55,300,-7147.71,-6164.07,2980.37,3093.14
60,300,-6228.34,-5665.21,2688.14,2827.66
65,300,-5358.93,-5157.55,2407.63,2556.59
70,300,-4556.74,-4660.77,2142.07,2291.19
75,300,-3830.83,-4186.89,1893.52,2038.19
80,300,-3183.6,-3741.24,1662.33,1800.76
85,300,-2613.06,-3323.6,1447.01,1579.9
90,300,-2115.37,-2929.25,1244.34,1376.02
95,300,-1687,-2549.87,1049.56,1190.25
100,300,-1326.19,-2174.45,856.564,1025.45
105,300,-1033.34,-1790.28,658.129,886.53
110,300,-810.244,-1384.23,446.574,780.123
115,300,-658.267,-944.598,214.986,713.359
120,300,-576.16,-463.701,-40.6778,691.903
125,300,-558.197,58.8377,-318.821,717.553
130,300,-593.33,612.475,-609.564,786.119
135,300,-665.641,1172.76,-893.644,886.463
140,300,-755.867,1700.45,-1144.27,1001.33
145,300,-843.482,2144.4,-1332.28,1109.94
150,300,-908.77,2448.95,-1433.3,1191.32
155,300,-934.398,2565.15,-1433.8,1227.24
160,300,-906.016,2463.16,-1333.51,1203.9
165,300,-811.679,2142.5,-1143.44,1112.35
170,300,-640.69,1637.47,-881.138,948.642
175,300,-383.59,1016,-566.234,714.317
180,300,-35.3286,371.147,-218.236,417.481
0,305,-12197.8,-960.38,7878.49,1478.16
5,305,-12281.7,-2200.12,7619.82,2101.77
10,305,-12310.7,-3393.4,7308.07,2623.08
15,305,-12256.2,-4435.12,6958.08,3029.37
20,305,-12086.5,-5251.78,6586.77,3319.63
25,305,-11775.6,-5809.29,6209.21,3499.19
30,305,-11311.2,-6109.78,5834.76,3575.72
35,305,-10697.8,-6181.43,5465.67,3557.94
40,305,-9956.84,-6066.63,5099.3,3456.66
45,305,-9121.99,-5812.18,4732.21,3285.87
50,305,-8232.85,-5462.73,4363.51,3062.68
55,305,-7328.8,-5057.2,3996.08,2805.53
60,305,-6444.09,-4627.13,3635.41,2531.76
65,305,-5604.88,-4196.31,3287.53,2255.6
70,305,-4828.33,-3781.03,2957.16,1987.22
75,305,-4123.35,-3390.85,2646.75,1732.96
80,305,-3492.37,-3029.4,2356.2,1496.35
85,305,-2933.64,-2695.3,2083.22,1279.45
90,305,-2443.48,-2382.8,1823.77,1084.16
95,305,-2018.2,-2082.51,1572.55,913.267
100,305,-1655.24,-1782.11,1323.42,771.014
105,305,-1353.46,-1467.35,1069.75,663.144
110,305,-1112.36,-1123.58,805.073,596.289
115,305,-930.861,-737.981,524.059,576.661
120,305,-805.91,-302.517,224.255,608.088
125,305,-731.626,182.517,-91.6907,689.683
130,305,-699.338,704.921,-413.899,813.831
135,305,-698.324,1237.97,-724.407,965.382
140,305,-716.76,1740.15,-998.788,1122.83
145,305,-742.369,2158.78,-1210.6,1261.44
150,305,-762.639,2438,-1337.49,1357.44
155,305,-764.767,2530.21,-1366.34,1391.64
160,305,-735.459,2408.18,-1295.26,1351.55
165,305,-660.561,2074.59,-1131.62,1231.94
170,305,-524.877,1566.74,-888.033,1034.53
175,305,-313.488,954.887,-579.106,768.006
180,305,-16.1736,333.349,-220.485,448.24
0,310,-11464.8,-827.895,8911.62,1556.24
5,310,-11609.6,-1827.48,8677.31,2083.27
10,310,-11709.4,-2803.12,8400.08,2517.91
15,310,-11730.7,-3657.41,8086.68,2844.34
20,310,-11636.8,-4321.65,7745.04,3059.69
25,310,-11398,-4763.79,7382.2,3168.98
30,310,-10999.3,-4985.58,7002.08,3180.9
35,310,-10444.8,-5012.94,6605.16,3105.93
40,310,-9756.77,-4884.63,6190.62,2956.64
45,310,-8970.46,-4642.98,5759.6,2748.19
50,310,-8127.31,-4327.8,5317.15,2497.84
55,310,-7267.96,-3973.22,4871.95,2223.21
60,310,-6427.09,-3606.41,4434.1,1940.11
65,310,-5630.57,-3247.34,4012.59,1661.11
70,310,-4894.86,-2909.15,3613.48,1395.17
75,310,-4228.07,-2598.82,3239.32,1148.23
80,310,-3631.97,-2317.96,2889.4,924.223
85,310,-3104.21,-2063.47,2560.61,726.243
90,310,-2640.54,-1828.2,2248.26,557.478
95,310,-2236.36,-1601.49,1946.86,421.809
100,310,-1887.72,-1369.9,1650.61,324.046
105,310,-1591.52,-1118.26,1353.72,269.731
110,310,-1345.04,-831.415,1050.9,264.47
115,310,-1145.2,-496.54,738.037,312.668
120,310,-987.895,-106.278,413.554,415.672
125,310,-867.881,337.814,80.1479,569.566
130,310,-779.258,821.938,-253.479,763.242
135,310,-716.214,1317.88,-571.874,977.739
140,310,-673.373,1783.3,-854.083,1187.69
145,310,-645.36,2165.8,-1077.23,1364.94
150,310,-625.72,2411.15,-1221.47,1483.36
155,310,-605.749,2474.48,-1274.21,1523.09
160,310,-573.718,2331.71,-1231.63,1473.07
165,310,-514.568,1988.32,-1096.93,1331.67
170,310,-410.353,1483.29,-877.253,1106.3
175,310,-242.458,887.141,-581.542,812.942
180,310,3.10447,293.014,-221.056,475.587
0,315,-10644.4,-689.11,9876.93,1622.47
5,315,-10841.4,-1468.06,9672.99,2011.9
10,315,-10994.8,-2242.39,9430.02,2320.85
15,315,-11069.3,-2923.73,9147.15,2531.73
20,315,-11027.1,-3448.86,8824.07,2640.69
25,315,-10837.9,-3787.73,8460.88,2653.04
30,315,-10486.8,-3941.13,8057.45,2578.74
35,315,-9978.44,-3932.01,7613.92,2430.03
40,315,-9335.83,-3794.92,7132.72,2220.96
45,315,-8595.34,-3567.46,6620.67,1967.46
50,315,-7799.25,-3284.72,6089.46,1686.52
55,315,-6988.7,-2976.45,5553.9,1394.48
60,315,-6198.34,-2665.96,5028.85,1105.36
65,315,-5453.5,-2369.97,4526.25,829.903
70,315,-4769.72,-2098.86,4053.59,575.722
75,315,-4153.96,-1857.32,3613.63,348.148
80,315,-3606.78,-1645,3205.33,151.249
85,315,-3124.65,-1457.23,2825.09,-11.3136
90,315,-2701.99,-1285.59,2467.93,-135.754
95,315,-2332.73,-1118.56,2128.33,-217.914
100,315,-2011.19,-942.275,1800.74,-253.27
105,315,-1732.33,-741.655,1479.81,-237.211
110,315,-1491.59,-502.106,1160.66,-165.683
115,315,-1284.57,-211.893,839.419,-36.3789
120,315,-1106.85,134.924,514.236,149.475
125,315,-954.287,535.265,186.712,384.954
130,315,-823.676,974.096,-136.66,655.581
135,315,-713.302,1422.71,-443.774,938.835
140,315,-622.821,1839.48,-717.734,1205.92
145,315,-552.133,2174.17,-939.566,1425.84
150,315,-499.574,2376,-1092.07,1570.75
155,315,-460.103,2404.26,-1163.12,1620.61
160,315,-424.102,2238.71,-1146.77,1566.03
165,315,-376.971,1887.32,-1041.89,1408.89
170,315,-299.808,1389.52,-849.842,1161.98
175,315,-172.126,814.07,-573.672,848.185
180,315,22.3589,250.449,-219.944,499.315
0,320,-9743.11,-545.08,10767.1,1676.36
5,320,-9982.88,-1129.8,10597.4,1891.11
10,320,-10174,-1725.92,10384.4,2039.1
15,320,-10282.1,-2255.25,10120.5,2102.98
20,320,-10271.6,-2660.67,9799.19,2079.38
25,320,-10114.6,-2913.99,9415.4,1974.63
30,320,-9798.13,-3014.48,8966.96,1800.15
35,320,-9327.89,-2981.33,8455.49,1569.58
40,320,-8727.39,-2844.21,7887.96,1297.82
45,320,-8032.9,-2635.53,7277.61,1000.73
50,320,-7286.39,-2385.48,6643.01,694.24
55,320,-6528.59,-2119.47,6005.09,392.849
60,320,-5793.66,-1857.21,5383.36,108.337
65,320,-5106.27,-1612.53,4792.86,-150.703
70,320,-4481.07,-1393.59,4242.7,-378.368
75,320,-3923.91,-1203.34,3736.37,-570.459
80,320,-3433.97,-1040.16,3273.03,-723.532
85,320,-3006.21,-898.498,2849.04,-834.276
90,320,-2633.44,-769.554,2459.33,-899.233
95,320,-2307.9,-641.943,2098.2,-914.751
100,320,-2022.16,-502.469,1759.78,-877.072
105,320,-1769.58,-337.238,1438.21,-782.636
110,320,-1544.29,-133.257,1127.89,-628.749
115,320,-1341.14,119.381,823.941,-414.834
120,320,-1155.87,424.835,523.067,-144.316
125,320,-985.518,778.64,224.768,173.168
130,320,-829.034,1165.19,-67.4131,520
135,320,-687.665,1556.45,-345.151,870.383
140,320,-564.519,1913.06,-595.779,1192.56
145,320,-463.158,2188.67,-804.199,1453.41
150,320,-385.519,2337.64,-955.76,1624.17
155,320,-329.834,2324.64,-1038.73,1685.33
160,320,-289.104,2133.83,-1045.08,1629.45
165,320,-250.431,1775.4,-969.332,1461.85
170,320,-195.619,1288.11,-807.196,1200.07
175,320,-104.043,737.132,-555.866,873.027
180,320,41.4432,205.977,-217.158,519.243
0,325,-8767.62,-396.902,11575.3,1717.48
5,325,-9040.8,-819.916,11442,1725.63
10,325,-9256.09,-1266.89,11251,1682.28
15,325,-9382.48,-1670.54,10990.6,1573.15
20,325,-9389.25,-1980.15,10650,1397.25
25,325,-9253.02,-2169.26,10222.1,1162.92
30,325,-8964.05,-2235.13,9705.18,883.176
35,325,-8529.43,-2192.58,9104.2,572.513
40,325,-7972.3,-2065.88,8431.87,245.669
45,325,-7327.48,-1881.92,7708.28,-82.7973
50,325,-6635.25,-1665.7,6958.73,-399.216
55,325,-5934.86,-1438.2,6209.9,-691.926
60,325,-5259.41,-1215.58,5485.7,-952.18
65,325,-4632.79,-1009.03,4804.22,-1174.26
70,325,-4068.95,-824.96,4176.54,-1354.78
75,325,-3572.85,-665.313,3607.3,-1491.66
80,325,-3142.57,-528.118,3096.25,-1583.19
85,325,-2771.78,-408.1,2639.93,-1627.52
90,325,-2451.87,-297.318,2233.01,-1622.38
95,325,-2173.64,-185.804,1869.11,-1565.07
100,325,-1928.3,-62.2942,1541.23,-1452.52
105,325,-1708.04,84.7964,1242.05,-1281.7
110,325,-1506.16,265.982,964.2,-1050.48
115,325,-1317.18,488.822,700.808,-759.167
120,325,-1137.08,755.609,446.291,-412.645
125,325,-963.726,1060.89,197.397,-22.7407
130,325,-797.44,1389.34,-45.6789,390.199
135,325,-641.155,1714.87,-278.536,797.55
140,325,-499.929,2001.83,-492.662,1165.24
145,325,-379.564,2209.3,-676.679,1458.89
150,325,-284.607,2298.07,-818.365,1649.77
155,325,-216.226,2239.07,-906.408,1719.66
160,325,-170.425,2021.16,-930.849,1663.47
165,325,-136.99,1656.4,-882.241,1489.65
170,325,-99.8183,1181.95,-750.974,1219.66
175,325,-39.6506,657.897,-528.719,887.024
180,325,60.2121,159.939,-212.72,535.219
0,330,-7725.41,-245.703,12295.4,1745.54
5,330,-8022.97,-544.679,12198.6,1521.27
10,330,-8251.99,-876.536,12019.4,1262.08
15,330,-8386.47,-1184.89,11744,960.135
20,330,-8402.19,-1425.4,11361.1,619.171
25,330,-8281.79,-1573.11,10864.6,250.748
30,330,-8019.41,-1622.94,10256,-130.387
35,330,-7623.25,-1585.1,9545.96,-509.555
40,330,-7115.07,-1478.36,8753.94,-873.452
45,330,-6526.9,-1324.06,7907.07,-1210.4
50,330,-5895.88,-1142.12,7036.92,-1510.63
55,330,-5258.68,-949.128,6175.3,-1766.84
60,330,-4646.64,-757.753,5349.97,-1974.69
65,330,-4082.7,-576.731,4581.76,-2132.59
70,330,-3580.21,-411.074,3883.63,-2240.95
75,330,-3143.69,-262.364,3261.36,-2301.05
80,330,-2770.69,-129.165,2715.14,-2314.11
85,330,-2454.21,-7.52445,2241.29,-2280.63
90,330,-2184.9,108.49,1833.68,-2200.04
95,330,-1952.8,226.25,1484.58,-2070.55
100,330,-1748.42,353.966,1185.25,-1889.28
105,330,-1563.35,499.923,926.331,-1652.88
110,330,-1390.45,671.386,698.288,-1358.73
115,330,-1224.05,873.118,491.938,-1007
120,330,-1060.2,1105.51,299.164,-603.105
125,330,-897.051,1362.55,113.807,-160.256
130,330,-735.287,1630.07,-67.3428,299.242
135,330,-578.311,1885.06,-243.752,744.781
140,330,-431.836,2096.9,-410.945,1140.95
145,330,-302.779,2231.27,-561.173,1453.17
150,330,-197.529,2256.22,-684.688,1653.74
155,330,-119.889,2149.33,-770.818,1726.49
160,330,-69.0463,1904.09,-808.093,1668.88
165,330,-38.1122,1534.03,-783.6,1492.11
170,330,-14.0817,1074,-683.007,1220.39
175,330,19.7438,577.991,-493.017,890.007
180,330,78.5227,112.683,-206.662,547.122
0,335,-6624.4,-92.6338,12921.9,1760.31
5,335,-6938.03,-309.265,12860.4,1284.75
10,335,-7173.9,-563.843,12681.1,791.841
15,335,-7311.8,-810.027,12371.4,283.901
20,335,-7334.72,-1009.27,11922.7,-227.977
25,335,-7231.7,-1137.81,11333.8,-727.671
30,335,-7000.71,-1188.17,10612.9,-1198.51
35,335,-6650.42,-1166.14,9778.19,-1626.39
40,335,-6200.22,-1085.48,8857.03,-2000.88
45,335,-5678.04,-962.628,7883.65,-2315.04
50,335,-5116.68,-813.036,6895.34,-2565.05
55,335,-4549.22,-649.394,5928.11,-2750.04
60,335,-4004.62,-481.191,5012.63,-2871.98
65,335,-3504.53,-314.937,4171.63,-2935.16
70,335,-3061.87,-154.515,3419.13,-2945.24
75,335,-2681.11,-1.516,2761.18,-2908.05
80,335,-2359.97,144.443,2197.48,-2828.55
85,335,-2091.62,285.364,1723.22,-2709.99
90,335,-1866.92,424.49,1330.63,-2553.41
95,335,-1676.05,565.898,1010.08,-2357.55
100,335,-1509.65,714.059,750.887,-2119.11
105,335,-1359.31,873.295,541.827,-1833.62
110,335,-1217.88,1047.05,371.586,-1497.2
115,335,-1079.57,1236.9,229.17,-1108.98
120,335,-940.173,1441.23,104.42,-673.968
125,335,-797.432,1653.71,-11.3065,-205.624
130,335,-651.465,1861.97,-124.296,273.06
135,335,-505.057,2046.96,-237.67,730.88
140,335,-363.556,2184.01,-350.932,1132.49
145,335,-234.167,2246.05,-460.093,1444.37
150,335,-124.555,2208.64,-558.206,1640.85
155,335,-40.8374,2055.86,-635.734,1708.32
160,335,14.6646,1785.43,-680.307,1646.82
165,335,45.2574,1411.87,-676.241,1469.65
170,335,60.2614,967.231,-605.226,1202.42
175,335,72.9913,499.05,-449.709,882.092
180,335,96.2357,64.5689,-199.032,554.861
0,340,-5472.97,61.1401,13450.1,1761.69
5,340,-5795.29,-117.599,13421.4,1023.54
10,340,-6034.9,-335.321,13229.8,286.114
15,340,-6177.16,-553.867,12866.8,-434.33
20,340,-6211.84,-739.355,12330.5,-1116.66
25,340,-6133.76,-868.771,11628.4,-1738.82
30,340,-5943.84,-932.448,10778.5,-2282.02
35,340,-5650.3,-932.538,9808.74,-2733.55
40,340,-5269.12,-878.9,8755.49,-3087.38
45,340,-4823.22,-784.425,7660.05,-3343.35
50,340,-4340.2,-661.413,6564.74,-3505.92
55,340,-3848.85,-519.713,5508.6,-3583.06
60,340,-3375.28,-366.355,4523.79,-3585.31
65,340,-2939.69,-206.017,3633.41,-3524.7
70,340,-2554.6,-41.6472,2850.86,-3413.48
75,340,-2224.84,125.045,2180.82,-3262.75
80,340,-1948.91,293.295,1620.97,-3081.32
85,340,-1721.02,463.069,1164.1,-2874.86
90,340,-1533.1,634.855,799.994,-2645.53
95,340,-1376.42,809.395,516.859,-2392.03
100,340,-1242.52,987.373,302.344,-2110.15
105,340,-1123.68,1169.07,144.104,-1794.06
110,340,-1013.11,1353.96,30.0855,-1438.28
115,340,-904.975,1540.24,-51.3416,-1040.43
120,340,-794.545,1724.19,-111.215,-604.236
125,340,-678.577,1899.23,-159.646,-142.07
130,340,-555.834,2054.99,-205.239,324.122
135,340,-427.665,2176.76,-254.372,764.449
140,340,-298.345,2246.11,-310.529,1145.41
145,340,-174.814,2243.19,-373.856,1435.94
150,340,-65.5616,2150.69,-440.837,1613.25
155,340,21.3632,1958.46,-503.83,1666.63
160,340,80.8083,1667.67,-550.355,1598.42
165,340,112.604,1293.31,-562.757,1423.19
170,340,122.208,864.55,-519.59,1166.45
175,340,119.115,422.669,-399.876,863.675
180,340,113.216,15.9638,-189.887,558.377
0,345,-4279.89,214.449,13875.9,1749.66
5,345,-4604.63,27.7314,13876.6,745.547
10,345,-4848.49,-194.883,13661.4,-239.821
15,345,-5001.32,-420.555,13228.2,-1172.83
20,345,-5058.1,-618.345,12585.7,-2019.83
25,345,-5017.64,-765.468,11753.8,-2751.5
30,345,-4882.26,-850.576,10763.3,-3346.86
35,345,-4658.46,-873.452,9654.21,-3795.45
40,345,-4357.91,-841.846,8472.48,-4097.19
45,345,-3997.96,-767.083,7266.5,-4260.78
50,345,-3600.66,-660.228,6082.77,-4301.3
55,345,-3190.33,-529.899,4961.97,-4237.96
60,345,-2790.1,-381.819,3935.92,-4092.01
65,345,-2418.7,-219.488,3025.88,-3884.82
70,345,-2088.42,-45.172,2242.44,-3636.05
75,345,-1804.79,139.346,1586.82,-3362.12
80,345,-1567.59,332.386,1052.99,-3075.14
85,345,-1372.69,532.256,630.175,-2782.34
90,345,-1213.82,737.186,305.149,-2486.19
95,345,-1083.97,945.19,64.0057,-2184.83
100,345,-976.202,1153.82,-106.721,-1873.08
105,345,-883.998,1359.94,-219.541,-1543.88
110,345,-801.24,1559.54,-285.965,-1190.38
115,345,-722.161,1747.76,-316.756,-808.582
120,345,-641.41,1918.83,-322.25,-400.243
125,345,-554.421,2065.87,-312.548,24.6982
130,345,-458.164,2180.35,-297.436,447.261
135,345,-352.124,2251.61,-285.936,840.997
140,345,-239.129,2266.92,-285.5,1176.17
145,345,-125.508,2212.87,-300.911,1425.57
150,345,-20.1714,2078.12,-332.904,1570
155,345,67.4099,1857.06,-376.638,1601.66
160,345,129.791,1553.26,-420.401,1524.73
165,345,163.746,1181.65,-445.431,1354.09
170,345,171.047,768.714,-428.039,1113.69
175,345,157.321,350.35,-344.705,835.421
180,345,129.335,-32.7627,-179.297,557.644
0,350,-3054.24,366.125,14196.1,1724.31
5,350,-3376.29,125.538,14222.4,458.956
10,350,-3628.2,-143.791,13973.7,-770.406
15,350,-3802.4,-410.588,13457.1,-1910.06
20,350,-3896.4,-644.605,12694.5,-2911.75
25,350,-3910.31,-822.691,11721.7,-3737.9
30,350,-3845.56,-932.626,10585,-4365.35
35,350,-3705.34,-973.595,9337.97,-4786.72
40,350,-3496.31,-953.515,8036.98,-5009.46
45,350,-3230.09,-884.579,6737.15,-5052.96
50,350,-2923.44,-778.929,5488.11,-4944.96
55,350,-2596.52,-645.941,4330.53,-4717.79
60,350,-2269.82,-491.544,3293.78,-4404.96
65,350,-1960.86,-319.039,2394.99,-4038.09
70,350,-1682.04,-130.436,1639.66,-3644.42
75,350,-1439.89,72.4377,1023.6,-3245.16
80,350,-1235.89,287.397,535.683,-2854.75
85,350,-1067.92,511.788,160.829,-2481.01
90,350,-931.844,742.522,-117.369,-2125.91
95,350,-822.689,975.998,-314.699,-1786.75
100,350,-735.299,1207.88,-445.184,-1457.46
105,350,-664.523,1432.86,-520.668,-1130.18
110,350,-605.102,1644.61,-551.004,-797.085
115,350,-551.458,1836.09,-544.68,-452.667
120,350,-497.676,2000.01,-509.709,-96.2435
125,350,-437.92,2129.18,-454.58,265.828
130,350,-367.415,2216.5,-388.941,619.208
135,350,-283.815,2254.41,-323.685,942.779
140,350,-188.469,2234.59,-270.111,1212.27
145,350,-86.8901,2148.41,-238.067,1405.45
150,350,12.0296,1988.67,-233.295,1507.2
155,350,98.0473,1752.6,-254.617,1512.49
160,350,162.157,1444.93,-291.936,1426.74
165,350,198.727,1080.07,-326.23,1264.15
170,350,206.329,682.275,-332.46,1045.78
175,350,187.002,283.458,-285.455,798.247
180,350,144.47,-81.2399,-167.343,552.666
0,355,-1805.35,515.015,14408.3,1685.84
5,355,-2120.71,176.046,14456.1,171.938
10,355,-2387.15,-180.691,14166.7,-1290.25
15,355,-2597.08,-521.049,13557.8,-2625.16
20,355,-2747.06,-812.809,12667.3,-3768.6
25,355,-2834.95,-1031.83,11548.8,-4674.03
30,355,-2858.36,-1166.07,10266.3,-5316.23
35,355,-2815.48,-1216.3,8888.08,-5691.82
40,355,-2707.34,-1193.19,7481.17,-5817.03
45,355,-2540.14,-1112.43,6106.77,-5723.41
50,355,-2326.08,-989.67,4816.3,-5452.67
55,355,-2082.01,-837.157,3648.72,-5051.25
60,355,-1826.52,-662.772,2628.98,-4565.42
65,355,-1576.6,-470.871,1768.1,-4037.01
70,355,-1345.17,-263.903,1064.75,-3500.36
75,355,-1140.17,-43.8278,508.065,-2980.7
80,355,-965.022,187.121,81.1061,-2493.96
85,355,-819.755,426.226,-235.736,-2047.76
90,355,-702.356,670.283,-461.923,-1643.16
95,355,-609.764,915.506,-614.819,-1276.43
100,355,-538.431,1157.24,-708.599,-940.755
105,355,-484.44,1389.68,-753.93,-627.727
110,355,-443.317,1605.81,-758.295,-328.771
115,355,-409.75,1797.79,-726.928,-36.8722
120,355,-377.527,1957.77,-664.31,251.417
125,355,-339.985,2078.54,-576.009,534.037
130,355,-291.147,2153.82,-470.388,802.324
135,355,-227.327,2177.85,-359.427,1041.67
140,355,-148.639,2144.76,-257.964,1234.3
145,355,-59.6557,2048.36,-181.037,1363.7
150,355,31.262,1883.33,-139.818,1418.97
155,355,113.866,1647.69,-137.366,1397.61
160,355,178.434,1346,-165.87,1305.61
165,355,217.729,991.697,-206.815,1155.66
170,355,227.822,607.515,-234.668,964.853
175,355,207.742,223.179,-223.435,753.288
180,355,158.505,-129.099,-154.115,543.483
0,360,-542.714,659.986,14510.8,1634.53
5,360,-848.41,180.867,14576.2,-107.573
10,360,-1137.74,-301.707,14242.1,-1784.56
15,360,-1400.11,-745.885,13537.6,-3298.5
20,360,-1627.09,-1114.58,12517.6,-4568.74
25,360,-1810.11,-1381.99,11255.4,-5539.55
30,360,-1939.72,-1537.54,9833.55,-6183.89
35,360,-2007.22,-1585.94,8335.46,-6503.09
40,360,-2007.6,-1543.38,6838.47,-6523.09
45,360,-1942.24,-1431.61,5408.8,-6288.42
50,360,-1819.95,-1272.06,4098.23,-5855.07
55,360,-1655.54,-1081.85,2942.34,-5283.41
60,360,-1466.81,-872.564,1960.18,-4631.72
65,360,-1271.01,-651.038,1155.5,-3951.1
70,360,-1082.27,-421.055,519.397,-3282.06
75,360,-910.342,-184.951,34.0326,-2653.08
80,360,-760.72,55.4082,-323.317,-2081.11
85,360,-635.509,298.192,-576.542,-1573.42
90,360,-534.514,541.395,-747.847,-1130.05
95,360,-456.143,782.56,-855.877,-746.266
100,360,-397.958,1018.37,-914.739,-414.435
105,360,-356.836,1244.27,-933.724,-125.415
110,360,-328.834,1454.32,-917.714,130.353
115,360,-308.953,1641.58,-868.353,361.64
120,360,-291.099,1798.82,-786.117,574.889
125,360,-268.544,1919.28,-673.069,772.518
130,360,-235.031,1997.03,-535.633,951.707
135,360,-186.332,2026.6,-386.253,1104.52
140,360,-121.729,2002.29,-242.78,1219.86
145,360,-44.7377,1917.79,-125.094,1286.94
150,360,37.3719,1767.09,-49.6621,1299.02
155,360,115.151,1546.95,-23.9041,1255.72
160,360,179.024,1260.38,-42.6813,1163.06
165,360,220.995,919.524,-88.6032,1031.47
170,360,235.482,546.373,-136.398,873.413
175,360,219.312,170.477,-159.977,701.865
180,360,171.334,-175.975,-139.714,530.163
