Theta[deg],Phi[deg],re(rETheta)[mV],im(rETheta)[mV],re(rEPhi)[mV],im(rEPhi)[mV]
0,0,119.459,164.46,-11415.8,2955.84
5,0,-71.4502,147.754,-11664.2,507.389
10,0,-284.063,171.976,-11603.9,-1924.32
15,0,-496.485,228.568,-11245.1,-4207.13
20,0,-688.437,305.816,-10621.4,-6218.75
25,0,-845.027,390.676,-9787.7,-7859.84
30,0,-958.509,470.669,-8815.68,-9066.5
35,0,-1027.66,535.811,-7784.97,-9818.16
40,0,-1055.51,580.11,-6771.67,-10137.8
45,0,-1046.76,602.06,-5837.25,-10083.8
50,0,-1006.1,603.888,-5021.48,-9735.9
55,0,-937.735,589.864,-4341.32,-9180.19
60,0,-845.647,564.431,-3795.22,-8496.34
65,0,-733.917,530.869,-3370.27,-7749.91
70,0,-606.492,490.881,-3049.43,-6989.13
75,0,-466.574,445.023,-2816.68,-6245.1
80,0,-316.009,393.587,-2659.24,-5533.81
85,0,-155.076,337.452,-2567.29,-4858.93
90,0,17.2174,278.627,-2531.92,-4214.98
95,0,202.5,220.369,-2542.34,-3590.64
100,0,402.293,166.945,-2583.29,-2972.67
105,0,617.328,123.112,-2633.68,-2350.35
110,0,846.897,93.4278,-2667.19,-1720.07
115,0,1088.12,81.4686,-2655.51,-1088.98
120,0,1335.09,89.1031,-2573.92,-476.132
125,0,1578.08,115.989,-2407.65,90.0829
130,0,1803.11,159.457,-2156.83,578.535
135,0,1992.57,214.806,-1836.99,963.977
140,0,2126.9,275.829,-1474,1234.28
145,0,2187.37,335.272,-1094.78,1392.68
150,0,2158.99,385.061,-717.88,1453.48
155,0,2033.01,416.464,-348.985,1433.3
160,0,1808.25,420.68,15.4727,1342.68
165,0,1491.61,390.282,378.195,1182.78
170,0,1098.07,321.354,730.144,948.965
175,0,650.226,215.479,1046,638.706
180,0,177.13,80.4993,1289.99,259.174
0,5,-875.951,421.453,-11382.8,2930.26
5,5,-1100.12,151.83,-11618.2,334.508
10,5,-1309.72,-69.7258,-11452.9,-2236.45
15,5,-1481.88,-235.019,-10910.4,-4635.91
20,5,-1599.81,-342.914,-10047.3,-6731.24
25,5,-1656.19,-399.034,-8946.23,-8418.61
30,5,-1653.83,-413.925,-7707.2,-9635.21
35,5,-1603.06,-400.163,-6434.65,-10365.8
40,5,-1517.18,-369.479,-5223.69,-10640.7
45,5,-1408,-330.923,-4147.85,-10526.3
50,5,-1283.42,-290.492,-3251.87,-10109.8
55,5,-1147.51,-251.885,-2551.22,-9483.74
60,5,-1002.2,-217.636,-2037.38,-8733.15
65,5,-848.988,-189.951,-1686.48,-7927.61
70,5,-689.715,-170.914,-1468.31,-7118.07
75,5,-526.174,-162.179,-1353.24,-6337.05
80,5,-359.264,-164.452,-1316.26,-5600.73
85,5,-188.355,-177.075,-1337.95,-4911.9
90,5,-11.2778,-197.873,-1403.13,-4263.24
95,5,175.094,-223.254,-1498.35,-3640.78
100,5,373.892,-248.499,-1608.93,-3027.87
105,5,587.181,-268.137,-1716.73,-2409.73
110,5,814.901,-276.432,-1799.75,-1778.56
115,5,1053.91,-267.985,-1834,-1137.93
120,5,1297.33,-238.524,-1797.96,-505.247
125,5,1534.35,-185.822,-1678.47,89.7667
130,5,1750.75,-110.59,-1475.77,611.177
135,5,1930.17,-17.0822,-1204.97,1026.34
140,5,2055.66,86.8351,-892.242,1315.37
145,5,2111.33,190.238,-566.225,1476.26
150,5,2083.52,280.284,-248.405,1522.9
155,5,1961.98,343.866,52.6491,1476.69
160,5,1741.37,369.718,339.549,1356.62
165,5,1423.57,350.837,617.419,1172.98
170,5,1020.48,286.687,883.271,928.216
175,5,555.805,184.314,1120.17,623.287
180,5,64.0252,57.6045,1300.52,265.203
0,10,-1864.69,675.238,-11263.1,2882.38
5,10,-2118.31,131.187,-11480.4,185.932
10,10,-2303.74,-355.745,-11213.4,-2477.68
15,10,-2400.35,-758.348,-10499.6,-4950.06
20,10,-2400.03,-1061.29,-9416.91,-7091
25,10,-2309.1,-1262.3,-8073.65,-8794.47
30,10,-2146.72,-1370.16,-6594.83,-10000.5
35,10,-1939.5,-1400.63,-5106.46,-10699.9
40,10,-1714.15,-1372.06,-3719.65,-10930.4
45,10,-1491.12,-1302.31,-2517.8,-10764.7
50,10,-1281.53,-1207.23,-1549.61,-10295.5
55,10,-1088.08,-1100.25,-829.202,-9619.34
60,10,-908.408,-992.501,-342.314,-8823.96
65,10,-738.641,-892.728,-55.9983,-7981.04
70,10,-575.541,-807.152,71.1404,-7142.93
75,10,-416.866,-739.341,80.5122,-6342.81
80,10,-260.652,-690.299,8.12947,-5596.88
85,10,-104.361,-658.799,-117.613,-4907.29
90,10,55.4702,-641.864,-275.499,-4265.45
95,10,222.912,-635.238,-449.272,-3655.47
100,10,401.813,-633.745,-624.612,-3058.04
105,10,594.684,-631.522,-786.331,-2454.96
110,10,801.525,-622.165,-916.84,-1834.44
115,10,1018.85,-598.988,-996.777,-1196.18
120,10,1239.25,-555.584,-1008.17,-555.014
125,10,1451.72,-486.87,-939.463,59.3105
130,10,1642.93,-390.561,-790.597,607.362
135,10,1798.86,-268.744,-575.347,1049.93
140,10,1906.21,-128.964,-318.87,1359.43
145,10,1952.73,15.7682,-50.3215,1527.84
150,10,1926.74,148.393,206.59,1567.2
155,10,1816.68,250.608,440.366,1502.21
160,10,1612.5,306.683,651.824,1358.91
165,10,1309.59,307.471,847.219,1155.96
170,10,914.379,253.501,1028.39,902.793
175,10,448.813,155.871,1186.1,604.537
180,10,-49.5665,34.2713,1301.15,269.215
0,15,-2839.25,923.885,-11057.8,2812.56
5,15,-3117.96,92.3219,-11253.4,65.0067
10,15,-3260,-671.298,-10895.1,-2642.36
15,15,-3250.12,-1319.18,-10032.9,-5142.87
20,15,-3093.49,-1820.98,-8763.98,-7291.76
25,15,-2815.28,-2166.44,-7217.94,-8983.08
30,15,-2455.79,-2362.92,-5540.37,-10161.1
35,15,-2061.58,-2429.88,-3874.28,-10823
40,15,-1675.2,-2393.03,-2342.89,-11013.1
45,15,-1326.84,-2279.93,-1036.59,-10809.4
50,15,-1030.93,-2117.36,-6.46877,-10307.4
55,15,-788.033,-1929.77,734.706,-9605.03
60,15,-590.004,-1737.92,1205.5,-8790.4
65,15,-425.532,-1557.81,1445.38,-7935.1
70,15,-283.93,-1399.99,1503.71,-7091.23
75,15,-156.593,-1269.7,1430.51,-6291.64
80,15,-36.8043,-1167.72,1270.1,-5552.06
85,15,81.0659,-1091.63,1057.93,-4874.01
90,15,202.161,-1037.18,820.332,-4248.11
95,15,331.22,-999.171,576.222,-3657.4
100,15,472.127,-971.991,340.068,-3081
105,15,627.088,-949.691,125.044,-2498.44
110,15,795.658,-925.74,-54.6543,-1894.91
115,15,973.944,-892.765,-183.331,-1266.76
120,15,1154.42,-842.641,-245.807,-626.006
125,15,1326.7,-767.351,-231.657,-1.4618
130,15,1479.23,-660.821,-140.137,565.484
135,15,1601.21,-521.478,16.7136,1030.66
140,15,1683.56,-354.687,215.257,1359.85
145,15,1718.19,-173.907,426.429,1539.19
150,15,1695.71,0.386848,624.756,1578.08
155,15,1603.5,144.319,795.829,1502.84
160,15,1426.59,236.182,938.046,1344.77
165,15,1152.9,262.524,1057.57,1129.32
170,15,781.499,222.785,1159.58,872.162
175,15,330.192,130.556,1241.42,582.77
180,15,-162.781,10.6772,1291.88,271.177
0,20,-3792.19,1165.5,-10768.2,2721.33
5,20,-4091.62,42.1467,-10940.6,-26.2848
10,20,-4174.65,-1000.99,-10507,-2727.69
15,20,-4034.14,-1894.75,-9528.76,-5211.88
20,20,-3692.25,-2593.57,-8117.96,-7332.59
25,20,-3196.83,-3079.39,-6420.45,-8986.02
30,20,-2612.71,-3358.61,-4596.58,-10121.5
35,20,-2008.92,-3454.91,-2801.05,-10742.7
40,20,-1445.24,-3401.81,-1164.76,-10899.4
45,20,-962.247,-3237.07,218.152,-10673
50,20,-577.732,-2998.95,1295.94,-10159.9
55,20,-289.81,-2723.3,2057.37,-9456.6
60,20,-83.9202,-2440.92,2523.89,-8649.41
65,20,59.6845,-2175.26,2738.71,-7807.72
70,20,160.49,-1941.25,2755.52,-6981.78
75,20,235.007,-1745.7,2629.02,-6202.95
80,20,296.191,-1589.01,2408.24,-5485.82
85,20,353.926,-1467.41,2133,-4831.16
90,20,415.735,-1375.16,1833.09,-4229.1
95,20,487.248,-1306.01,1529.64,-3662.35
100,20,572.273,-1253.96,1237.86,-3109.61
105,20,672.471,-1213.17,970.284,-2549.56
110,20,786.79,-1177.31,739.508,-1965.74
115,20,911.002,-1138.76,559.329,-1352.2
120,20,1037.8,-1088.01,443.506,-718.523
125,20,1157.92,-1014.15,402.123,-91.9836
130,20,1262.1,-906.821,436.807,485.566
135,20,1343.07,-759.76,537.159,966.99
140,20,1396.25,-574.755,680.989,1313.24
145,20,1417.8,-364.358,839.475,1505.52
150,20,1400.86,-151.614,985.687,1550.24
155,20,1331.94,34.0332,1102.45,1473.9
160,20,1191.22,164.019,1185.36,1310.9
165,20,958.643,219.068,1239.36,1091.44
170,20,624.766,195.789,1271.42,836.08
175,20,201.343,108.76,1283.88,558.368
180,20,-274.756,-12.998,1272.78,271.076
0,25,-4716.27,1398.24,-10396.7,2609.4
5,25,-5032.45,-12.2715,-10545.7,-87.3622
10,25,-5045.76,-1329.35,-10057.5,-2733.81
15,25,-4759.27,-2462.55,-9002.31,-5158.75
20,25,-4214.5,-3351.42,-7502.36,-7217.57
25,25,-3484.25,-3970.59,-5713.4,-8810.29
30,25,-2659.59,-4325.94,-3804.12,-9891.76
35,25,-1833.1,-4445.79,-1935.12,-10471.4
40,25,-1082.33,-4371.75,-240.389,-10603.1
45,25,-458.266,-4151.81,1185.28,-10369.9
50,25,17.915,-3835.5,2291.14,-9866.64
55,25,350.471,-3469.75,3067.63,-9186.67
60,25,560.21,-3094.99,3537.77,-8412.07
65,25,675.232,-2741.8,3745.99,-7608.41
70,25,723.979,-2429.41,3746.89,-6822.7
75,25,731.367,-2166.33,3596.05,-6083.86
80,25,717.371,-1952.81,3343.63,-5404.77
85,25,697.072,-1783.99,3030.82,-4785.16
90,25,681.295,-1652.87,2688.96,-4214.81
95,25,677.351,-1552.29,2340.67,-3676.65
100,25,689.568,-1475.9,2002.32,-3149.86
105,25,719.483,-1417.98,1687.11,-2613.44
110,25,765.732,-1372.55,1407.88,-2050.71
115,25,823.958,-1331.85,1178.36,-1454.69
120,25,887.232,-1285.16,1012.26,-833.221
125,25,947.469,-1218.69,919.995,-211.837
130,25,997.687,-1117.64,904.056,368.373
135,25,1034.12,-970.581,955.297,859.28
140,25,1056.46,-774.943,1052.64,1219.07
145,25,1065.11,-541.496,1167.53,1425.37
150,25,1055.74,-295.125,1271.91,1481.67
155,25,1014.25,-70.5167,1346.16,1413.38
160,25,916.235,96.6868,1382.87,1255.84
165,25,733.694,180.622,1384.85,1041.68
170,25,448.134,173.921,1359.18,794.674
175,25,64.0874,90.8442,1311.53,531.79
180,25,-384.641,-36.5744,1243.99,268.912
0,30,-5604.46,1620.35,-9946.13,2477.6
5,30,-5934.17,-63.9697,-10072.8,-119.041
10,30,-5872.88,-1641.3,-9553.64,-2663.65
15,30,-5435.17,-3000.92,-8464.88,-4989.08
20,30,-4682.76,-4068.38,-6933.4,-6955.33
25,30,-3713.8,-4811.62,-5118.12,-8467.65
30,30,-2645.63,-5236.43,-3189.29,-9486.3
35,30,-1594.06,-5375.97,-1307.52,-10025.3
40,30,-653.938,-5279.88,394.495,-10141
45,30,113.628,-5005.95,1824.1,-9915.9
50,30,684.156,-4614.15,2932.82,-9441.45
55,30,1063.89,-4161.46,3712.64,-8805.83
60,30,1279.12,-3696.88,4187.01,-8085.41
65,30,1365.36,-3257.43,4399.47,-7340.58
70,30,1359.14,-2866.39,4402.86,-6614.18
75,30,1293.28,-2534.21,4250.7,-5932.06
80,30,1194.79,-2261.57,3991.32,-5305.02
85,30,1084.48,-2043.17,3664.86,-4731.62
90,30,977.438,-1871.29,3302.46,-4201.33
95,30,883.817,-1738.19,2927.37,-3697.49
100,30,809.621,-1637.3,2557.14,-3200.22
105,30,757.2,-1563.05,2206.47,-2689.7
110,30,725.489,-1509.65,1889.58,-2150.07
115,30,710.233,-1469.18,1621.29,-1574.39
120,30,704.79,-1429.62,1416.09,-969.569
125,30,701.953,-1374.34,1284.97,-359.523
130,30,696.617,-1284.17,1231.04,216.257
135,30,688.071,-1142.47,1245.98,710.304
140,30,679.998,-942.201,1309.6,1079.99
145,30,676.752,-691.974,1393.75,1300.83
150,30,676.551,-417.985,1469.78,1373.75
155,30,664.925,-159.606,1516.06,1322.04
160,30,613.301,40.8222,1522.17,1180.01
165,30,486.249,150.85,1487.95,980.446
170,30,256.396,158.627,1419.08,748.494
175,30,-79.3957,77.1166,1322.73,503.58
180,30,-491.598,-59.8724,1205.73,264.701
0,35,-6450,1830.12,-9419.82,2326.95
5,35,-6791,-106.341,-9526.07,-123.477
10,35,-6656.53,-1922.65,-9000.94,-2522.83
15,35,-6073.03,-3489.72,-7923.27,-4712.06
20,35,-5121.74,-4720.43,-6419.15,-6558.58
25,35,-3924.64,-5576.8,-4643.93,-7973.92
30,35,-2623.59,-6064.8,-2762.69,-8923.31
35,35,-1355.99,-6222.34,-930.365,-9423.8
40,35,-232.761,-6106.58,725.717,-9532.28
45,35,675.509,-5784.21,2117.36,-9328.45
50,35,1341.02,-5324.3,3199.1,-8898.74
55,35,1771.4,-4792.25,3964.15,-8324.54
60,35,1997.35,-4244.21,4435.21,-7675.35
65,35,2060.36,-3722.67,4653.4,-7005.49
70,35,2003.63,-3254.67,4668.02,-6353.12
75,35,1866.69,-2852.92,4528.62,-5740.77
80,35,1682.95,-2519.17,4279.98,-5177.11
85,35,1478.99,-2248.53,3959.58,-4659.58
90,35,1274.84,-2033.26,3597.18,-4177.35
95,35,1084.62,-1865.59,3215.83,-3714.26
100,35,917.22,-1738.99,2833.96,-3251.56
105,35,776.855,-1648.11,2467.71,-2770.9
110,35,663.373,-1587.27,2132.82,-2257.84
115,35,572.771,-1548.12,1845.35,-1706.22
120,35,498.439,-1517.19,1620.49,-1122.68
125,35,433.569,-1475,1469.52,-529.744
130,35,374.395,-1398.13,1395.82,35.1811
135,35,322.782,-1265.14,1391.64,526.512
140,35,285.984,-1064.81,1437.72,902.431
145,35,272.043,-803.729,1506.8,1137.73
150,35,281.624,-509.079,1570.26,1231.22
155,35,300.095,-224.221,1605.05,1203.38
160,35,295.358,2.6715,1597.75,1085.76
165,35,225.45,133.233,1544.54,909.234
170,35,54.9639,151.256,1448.38,698.515
175,35,-226.645,67.807,1316.26,474.355
180,35,-594.814,-82.7148,1158.3,258.475
0,40,-7246.45,2025.96,-8821.82,2158.59
5,40,-7597.56,-133.373,-8909.97,-104.073
10,40,-7397.6,-2160.55,-8403.21,-2319.38
15,40,-6684.28,-3910.79,-7379.66,-4340.12
20,40,-5556.1,-5286.14,-5959.37,-6043.52
25,40,-4155.69,-6243.51,-4287.87,-7348.25
30,40,-2645.94,-6789.12,-2518.83,-8223.8
35,40,-1182.99,-6965.11,-796.252,-8688.55
40,40,108.064,-6835.25,761.552,-8797.63
45,40,1147.98,-6473.67,2072.74,-8626.17
50,40,1905.52,-5956.71,3095.3,-8253.76
55,40,2388.95,-5356.32,3823.07,-7753.89
60,40,2632.14,-4734.12,4276.99,-7188.3
65,40,2681.16,-4137.08,4494.6,-6604.73
70,40,2584.33,-3595.65,4520.59,-6036.35
75,40,2386.48,-3125.11,4399.7,-5502.39
80,40,2126.37,-2729.01,4172.38,-5009.61
85,40,1835.84,-2403.64,3872.82,-4554.59
90,40,1539.93,-2142.06,3528.72,-4126.49
95,40,1257.17,-1937.06,3162.34,-3709.79
100,40,1000.04,-1782.63,2792.29,-3286.94
105,40,775.21,-1673.76,2435.44,-2841.15
110,40,583.777,-1604.83,2108.28,-2359.56
115,40,422.032,-1566.85,1827.28,-1837.1
120,40,283.203,-1544.62,1607.54,-1280.47
125,40,160.578,-1515.72,1460,-710.921
130,40,51.4111,-1452.78,1387.93,-163.467
135,40,-40.1764,-1330.13,1384.13,319.098
140,40,-103.693,-1133.13,1430.66,697.053
145,40,-127.734,-866.765,1501.78,945.633
150,40,-109.363,-559.108,1569.64,1062.03
155,40,-63.1711,-256.731,1610.24,1063.4
160,40,-24.0079,-12.4122,1607.26,977.145
165,40,-39.0772,130.774,1552.65,830.507
170,40,-150.392,152.935,1445.52,646.11
175,40,-375.002,63.0437,1291.32,444.799
180,40,-693.503,-104.928,1102.05,250.282
0,45,-7987.74,2206.39,-8156.68,1973.8
5,45,-8348.82,-139.859,-8229.04,-65.3409
10,45,-8096.81,-2343.81,-7762.64,-2063.5
15,45,-7279.24,-4248.39,-6831.77,-3888.44
20,45,-6008.33,-5747.03,-5545.83,-5429.25
25,45,-4442.56,-6792.39,-4035.16,-6612.37
30,45,-2761.04,-7390.74,-2436.64,-7410.74
35,45,-1134.6,-7587.57,-878.75,-7842.3
40,45,300.007,-7451.78,532.417,-7958.39
45,45,1455.87,-7063.08,1723.02,-7827.68
50,45,2298.13,-6502.92,2654.79,-7521.56
55,45,2834.78,-5847.66,3321.65,-7104.71
60,45,3101.75,-5162.78,3741.86,-6630.52
65,45,3148.41,-4498.7,3948.56,-6139.79
70,45,3026.89,-3889.07,3981.25,-5660.58
75,45,2786.07,-3352.05,3879.54,-5208.94
80,45,2468.77,-2893.62,3679.38,-4790.06
85,45,2111.01,-2512.04,3411.47,-4400.2
90,45,1741.92,-2201.88,3101.16,-4029.03
95,45,1383.89,-1957.13,2769.41,-3662.07
100,45,1052.6,-1772.66,2434.21,-3283.21
105,45,756.953,-1644.05,2112.06,-2877.26
110,45,499.228,-1565.64,1819.02,-2432.9
115,45,276.026,-1527.51,1570.72,-1946.07
120,45,80.5302,-1512.52,1381.12,-1423.48
125,45,-93.6888,-1495.26,1260.16,-884.982
130,45,-248.208,-1444.91,1210.72,-362.788
135,45,-376.654,-1332.43,1226.38,103.852
140,45,-465.521,-1140.77,1291,478.338
145,45,-500.407,-874.078,1381.04,737.293
150,45,-476.368,-561.337,1470,876.727
155,45,-407.758,-251.478,1533.3,910.082
160,45,-331.261,-0.395962,1551.65,859.628
165,45,-297.699,145.739,1512.44,747.545
170,45,-353.801,164.458,1410.17,592.985
175,45,-521.703,62.8326,1247.62,415.639
180,45,-786.914,-126.342,1037.41,240.185
0,50,-8668.25,2370.02,-7429.47,1773.99
5,50,-9039.97,-121.591,-7487.95,-12.7293
10,50,-8754.2,-2463.28,-7080.04,-1767.19
15,50,-7865.94,-4489.61,-6273.45,-3374.52
20,50,-6496.62,-6087.84,-5163.28,-4737.25
25,50,-4814.67,-7207.34,-3860.48,-5789.96
30,50,-3009.38,-7854.06,-2480.96,-6508.32
35,50,-1261.29,-8075.49,-1133.97,-6908.2
40,50,284.395,-7943.82,89.3612,-7035.32
45,50,1534.37,-7542.04,1124.68,-6950.35
50,50,2450,-6954.41,1937.85,-6715.44
55,50,3038.1,-6259.53,2522.55,-6385.83
60,50,3335.51,-5525.14,2893.75,-6006.25
65,50,3393.79,-4804.26,3079.58,-5610.35
70,50,3267.88,-4133.61,3113.92,-5221.09
75,50,3009.43,-3534.54,3031.01,-4851.45
80,50,2663.95,-3016.12,2862.17,-4505.49
85,50,2269.96,-2579.19,2634.46,-4179.72
90,50,1858.92,-2220.42,2370.56,-3864.99
95,50,1455.35,-1935.39,2089.56,-3548.51
100,50,1076.65,-1720.06,1808.04,-3215.99
105,50,732.948,-1570.53,1541.18,-2854.03
110,50,427.254,-1480.88,1303.47,-2452.74
115,50,156.569,-1440,1108.71,-2008.85
120,50,-85.4278,-1428.65,968.998,-1528.73
125,50,-304.153,-1418.78,892.834,-1030.4
130,50,-499.382,-1376.9,882.779,-542.73
135,50,-662.201,-1271.89,933.489,-100.682
140,50,-776.226,-1085.67,1031.13,263.134
145,50,-824.462,-822.442,1154.78,527.484
150,50,-800.257,-512.175,1279.58,687.529
155,50,-717.503,-205.217,1380.47,752.785
160,50,-613.651,41.1168,1435.17,739.63
165,50,-541.26,179.455,1426.23,664.203
170,50,-549.555,186.194,1343.16,541.081
175,50,-663.973,67.0405,1185.33,387.623
180,50,-874.336,-146.795,964.881,228.26
0,55,-9282.79,2515.61,-6645.71,1560.68
5,55,-9666.43,-75.5062,-6691.55,47.5741
10,55,-9368.65,-2512.11,-6355.17,-1443.87
15,55,-8449.1,-4624.6,-5695.51,-2817.68
20,55,-7033.17,-6296.74,-4790.83,-3990.81
25,55,-5292.66,-7475.58,-3729.96,-4906.21
30,55,-3420.19,-8166.18,-2604.97,-5541.54
35,55,-1600.22,-8416.49,-1503.23,-5909.33
40,55,17.4852,-8299.77,-498.782,-6048.24
45,55,1335.02,-7899.93,354.888,-6009.8
50,55,2310.04,-7301.6,1028.37,-5846.33
55,55,2947.25,-6583.67,1515.07,-5603.41
60,55,3283.13,-5814.67,1826.33,-5317.12
65,55,3370.22,-5049.52,1984.82,-5014.02
70,55,3264.95,-4327.87,2018.42,-4712.04
75,55,3020.47,-3674.63,1955.56,-4421.29
80,55,2683.29,-3102.39,1822.56,-4144.94
85,55,2292.39,-2615.03,1642.35,-3880.21
90,55,1879.27,-2211.56,1434.43,-3619.69
95,55,1468.24,-1889.15,1215.38,-3352.8
100,55,1076.37,-1644.63,999.672,-3067.57
105,55,713.583,-1474.19,800.473,-2752.59
110,55,382.934,-1371.21,630.126,-2399.46
115,55,81.9892,-1323.16,500.182,-2005.46
120,55,-194.318,-1308.9,420.723,-1576.26
125,55,-449.393,-1298.53,399.001,-1127.56
130,55,-680.369,-1257.29,437.615,-684.258
135,55,-875.404,-1153.78,532.755,-276.32
140,55,-1015.35,-970.488,673.235,68.3746
145,55,-1081.01,-712.728,840.912,331.338
150,55,-1064.29,-411.447,1012.52,507.171
155,55,-978.279,-117.342,1162.37,601.367
160,55,-859.954,112.709,1265.04,624.016
165,55,-761.544,232.194,1298.28,584.634
170,55,-732.35,218.027,1246.43,492.461
175,55,-799.116,75.3861,1105.08,361.489
180,55,-955.104,-166.13,885.006,214.597
0,60,-9826.67,2642.06,-5811.37,1335.49
5,60,-10223.7,0.191911,-5844.91,108.868
10,60,-9937.61,-2485.94,-5587.21,-1107.98
15,60,-9029.36,-4646.82,-5086.88,-2238.56
20,60,-7622.85,-6365.5,-4403.95,-3214.64
25,60,-5886.34,-7587.61,-3603.86,-3987.45
30,60,-4008.58,-8316.7,-2753.53,-4536.12
35,60,-2171.6,-8599.49,-1916.98,-4868.93
40,60,-525.101,-8508.09,-1149.78,-5016.56
45,60,830.817,-8124.96,-493.41,-5020.85
50,60,1850.52,-7533.02,28.1072,-4924.16
55,60,2535.66,-6809.68,408.156,-4762.74
60,60,2920.72,-6023.13,654.32,-4564.44
65,60,3057.3,-5229.47,783.515,-4349.13
70,60,3001.53,-4471.11,817.15,-4129.89
75,60,2806.17,-3776.52,777.389,-3914.07
80,60,2516.82,-3161.95,684.889,-3703.99
85,60,2170.89,-2634.37,557.828,-3497.65
90,60,1797.79,-2194.94,411.806,-3289.48
95,60,1419.47,-1841.97,260.238,-3071.33
100,60,1050.89,-1572.51,114.929,-2833.76
105,60,700.392,-1382.14,-13.3775,-2567.62
110,60,370.451,-1263.03,-114.605,-2266.09
115,60,59.2361,-1201.12,-179.262,-1927.05
120,60,-236.515,-1174.01,-198.795,-1555.34
125,60,-517.447,-1151.33,-166.505,-1164.01
130,60,-777.468,-1099.04,-79.0129,-773.607
135,60,-1001.59,-987.608,61.988,-408.522
140,60,-1168.1,-801.98,248.232,-91.3617
145,60,-1255.94,-549.59,464.276,162.583
150,60,-1255.67,-262.265,688.171,347.629
155,60,-1179.04,10.1443,893.299,465.353
160,60,-1061.15,213.129,1051.06,519.552
165,60,-951.674,303.135,1134.45,512.988
170,60,-897.504,259.332,1122.87,449.182
175,60,-924.601,87.438,1007.95,337.929
180,60,-1028.6,-184.201,798.396,199.301
0,65,-10295.8,2748.41,-4932.81,1100.14
5,65,-10707.6,105.962,-4953.44,164.175
10,65,-10457,-2383.02,-4775.32,-774.522
15,65,-9602.93,-4553.23,-4435.83,-1658.61
20,65,-8262.4,-6289.63,-3976.59,-2434.37
25,65,-6593.38,-7537.32,-3439.82,-3061.05
30,65,-4773.61,-8297.73,-2867.42,-3518.84
35,65,-2976.03,-8614.7,-2299.95,-3811.33
40,65,-1345.2,-8557.11,-1774.01,-3960.91
45,65,19.6128,-8204.08,-1318.46,-3999.81
50,65,1070.26,-7635.18,-951.405,-3960.97
55,65,1804.28,-6925.1,-679.191,-3872.09
60,65,2251.89,-6140.67,-497.95,-3753.66
65,65,2461.05,-5338.42,-396.692,-3619.46
70,65,2484.83,-4562.84,-360.769,-3478.06
75,65,2373.19,-3845.48,-374.696,-3333.96
80,65,2168.82,-3205.78,-423.916,-3188.38
85,65,1905.94,-2653.29,-495.555,-3039.66
90,65,1610.5,-2190.75,-578.48,-2883.7
95,65,1300.99,-1816.94,-662.993,-2714.53
100,65,989.267,-1528.33,-740.396,-2525.13
105,65,681.36,-1319.18,-802.569,-2308.65
110,65,378.649,-1180.05,-841.613,-2060.06
115,65,79.6592,-1095.57,-849.636,-1778.09
120,65,-217.116,-1043.07,-818.825,-1466.93
125,65,-509.555,-993.49,-742.054,-1137.13
130,65,-788.408,-915.808,-614.206,-804.782
135,65,-1035.8,-784.714,-434.154,-488.596
140,65,-1227.78,-589.479,-206.943,-205.686
145,65,-1341.75,-340.583,54.6142,32.0859
150,65,-1366.85,-70.5307,329.604,219.024
155,65,-1312.71,172.896,590.276,353.148
160,65,-1210.95,339.411,804.853,432.391
165,65,-1106.43,390.402,941.886,453.125
170,65,-1041.12,308.985,976.158,413.163
175,65,-1038.13,102.621,895.409,317.558
180,65,-1094.27,-200.871,705.709,182.489
0,70,-10686.5,2833.83,-4016.7,856.415
5,70,-11113.9,240.891,-4022.93,206.495
10,70,-10921,-2204.34,-3919.15,-458.618
15,70,-10161.5,-4344.43,-3731.41,-1099.53
20,70,-8940.24,-6068.62,-3483.7,-1676.16
25,70,-7398.89,-7322.35,-3196.48,-2155.25
30,70,-5697.45,-8104.34,-2888.23,-2517.88
35,70,-3993.37,-8454.15,-2577.27,-2763
40,70,-2420.77,-8435.89,-2281.87,-2905.09
45,70,-1074.79,-8123.98,-2018.43,-2967.45
50,70,-5.13246,-7593.71,-1798.94,-2974.64
55,70,780.36,-6916.3,-1629.3,-2947.03
60,70,1304.86,-6156.28,-1509.23,-2898.78
65,70,1609.18,-5369.51,-1433.58,-2838.38
70,70,1739.96,-4601.21,-1394.41,-2770.09
75,70,1741.65,-3884.66,-1382.89,-2695.42
80,70,1652.25,-3241.34,-1390.54,-2613.93
85,70,1501.86,-2682.48,-1409.86,-2523.64
90,70,1312.73,-2211.66,-1434.34,-2421.23
95,70,1099.94,-1827.51,-1458.25,-2302.26
100,70,872.353,-1525.44,-1476.25,-2161.73
105,70,633.66,-1298.03,-1482.97,-1994.95
110,70,383.84,-1134.14,-1472.63,-1798.78
115,70,121.213,-1017.64,-1438.57,-1573.02
120,70,-154.734,-926.734,-1373.06,-1321.63
125,70,-439.983,-835.485,-1267.68,-1053.08
130,70,-723.013,-718.078,-1114.68,-779.46
135,70,-983.87,-555.547,-909.402,-514.175
140,70,-1197.04,-343.094,-653.257,-269.166
145,70,-1338.69,-94.996,-356.299,-52.9898
150,70,-1396.37,155.803,-38.4052,128.854
155,70,-1376.72,364.674,271.603,271.418
160,70,-1306.15,487.132,539.035,367.649
165,70,-1222.44,491.187,728.466,408.356
170,70,-1160.22,365.399,810.532,386.07
175,70,-1137.71,120.231,769.259,300.881
180,70,-1151.62,-216.011,607.651,164.287
0,75,-10995.9,2897.69,-3070.02,606.172
5,75,-11438.7,402.707,-3059.62,229.053
10,75,-11322.6,-1953.56,-3019.46,-175.035
15,75,-10692.6,-4024.67,-2964.75,-582.723
20,75,-9637.06,-5706.14,-2903.56,-966.172
25,75,-8276.04,-6944.49,-2837.17,-1298.98
30,75,-6746.06,-7735.37,-2763.48,-1563.13
35,75,-5183.35,-8113.06,-2681.15,-1753.51
40,75,-3706.74,-8135.93,-2591.98,-1877.63
45,75,-2404.09,-7873.15,-2500.94,-1951.13
50,75,-1325.75,-7395.43,-2414.32,-1991.47
55,75,-486.326,-6770.1,-2337.5,-2012.97
60,75,127.278,-6058.46,-2273.44,-2024.57
65,75,545.037,-5313.97,-2222.4,-2030.05
70,75,803.789,-4580.51,-2182.57,-2029.63
75,75,940.032,-3891,-2151.1,-2021.57
80,75,985.805,-3267.22,-2125.01,-2003.31
85,75,966.894,-2720.94,-2101.63,-1971.88
90,75,902.389,-2256.05,-2078.72,-1924.05
95,75,804.898,-1870.85,-2054.31,-1856.31
100,75,681.146,-1559.69,-2026.39,-1765.15
105,75,532.969,-1313.65,-1992.42,-1647.63
110,75,358.876,-1120.39,-1948.77,-1502.27
115,75,156.297,-963.654,-1889.93,-1329.98
120,75,-75.4656,-823.68,-1808,-1134.71
125,75,-331.941,-679.077,-1692.87,-923.376
130,75,-600.808,-510.832,-1533.66,-704.825
135,75,-861.336,-307.821,-1321.68,-488.144
140,75,-1087.45,-72.2725,-1054.21,-281.036
145,75,-1254.67,177.244,-738.117,-89.3546
150,75,-1348.94,407.536,-391.818,81.6165
155,75,-1373.07,577.897,-44.6933,224.706
160,75,-1346.67,650.751,266.266,329.086
165,75,-1298.24,601.923,502.328,381.241
170,75,-1252.79,426.605,630.568,369.207
175,75,-1221.67,139.457,631.56,288.261
180,75,-1200.19,-229.508,504.969,144.835
0,80,-11221.7,2939.49,-2099.98,351.315
5,80,-11678.4,587.838,-2070.31,225.546
10,80,-11653.5,-1637.01,-2078.54,62.2728
15,80,-11180.2,-3601.92,-2130.24,-128.7
20,80,-10326.9,-5210.27,-2220.03,-330.033
25,80,-9187.76,-6410.29,-2333.39,-521.412
30,80,-7871.33,-7194.5,-2451.59,-685.99
35,80,-6488.25,-7591.46,-2557.35,-815.619
40,80,-5138.2,-7653.5,-2639.08,-912.28
45,80,-3899.25,-7444.55,-2692.28,-985.353
50,80,-2821.82,-7030.91,-2718.43,-1046.55
55,80,-1928.55,-6475.71,-2722.34,-1105.21
60,80,-1219.02,-5835.87,-2709.6,-1165.82
65,80,-677.136,-5160.41,-2684.85,-1227.99
70,80,-278.513,-4489.22,-2651.24,-1288.1
75,80,3.70807,-3852.33,-2610.77,-1341.19
80,80,194.954,-3269.9,-2564.78,-1382.37
85,80,316.937,-2753.22,-2514.46,-1407.45
90,80,386.403,-2306.2,-2461.05,-1412.91
95,80,414.541,-1927.08,-2405.77,-1395.77
100,80,406.951,-1609.76,-2349.58,-1353.51
105,80,364.287,-1344.59,-2292.62,-1284.38
110,80,283.713,-1118.8,-2233.42,-1187.95
115,80,161.282,-916.916,-2167.79,-1065.77
120,80,-4.92511,-722.035,-2087.88,-921.598
125,80,-211.382,-518.144,-1982.08,-761.097
130,80,-446.509,-293.766,-1836.5,-590.793
135,80,-690.321,-46.2186,-1638.27,-416.837
140,80,-917.539,214.822,-1380.2,-244.228
145,80,-1104.08,466.32,-1065.33,-77.2375
150,80,-1234.69,674.933,-709.756,78.8154
155,80,-1307.95,804.215,-342.444,215.27
160,80,-1335.38,823.989,-1.69717,318.931
165,80,-1334.23,718.498,271.36,373.444
170,80,-1317.78,490.334,440.948,363.439
175,80,-1288.73,159.415,484.569,279.9
180,80,-1239.64,-241.258,398.444,124.281
0,85,-11362,2958.93,-1113.96,93.7842
5,85,-11829.9,791.507,-1062.33,190.376
10,85,-11905,-1263.45,-1100.66,240.623
15,85,-11606.1,-3087.71,-1226.58,243.541
20,85,-10979.1,-4593.57,-1424.32,207.929
25,85,-10089.3,-5731.6,-1667.68,148.791
30,85,-9014.62,-6491.4,-1925.93,81.358
35,85,-7837.21,-6896,-2170.58,15.4924
40,85,-6635.4,-6991.92,-2380.59,-46.8679
45,85,-5476.07,-6838.19,-2544.73,-110.301
50,85,-4409.4,-6496.9,-2660.85,-181.786
55,85,-3466.85,-6026.58,-2733.1,-266.339
60,85,-2662.21,-5478.47,-2768.55,-364.458
65,85,-1994.94,-4895.02,-2774.65,-472.024
70,85,-1454.41,-4309.64,-2757.88,-581.997
75,85,-1024.12,-3747.1,-2723.46,-686.606
80,85,-685.435,-3224.29,-2675.76,-779.005
85,85,-420.472,-2751.12,-2618.67,-853.974
90,85,-214.343,-2331.47,-2555.9,-907.817
95,85,-56.6799,-1964.05,-2491.05,-937.906
100,85,57.611,-1643.23,-2427.37,-942.315
105,85,128.512,-1359.67,-2367.25,-919.801
110,85,152.148,-1101.21,-2311.25,-870.133
115,85,123.175,-854.022,-2256.66,-794.547
120,85,38.0898,-604.613,-2196.16,-695.974
125,85,-101.242,-342.526,-2117.36,-578.774
130,85,-285.044,-63.6757,-2003.99,-447.983
135,85,-495.463,226.48,-1839.42,-308.419
140,85,-709.649,511.107,-1611.91,-164.28
145,85,-905.499,762.865,-1320.04,-19.7714
150,85,-1067.7,948.273,-976.53,119.219
155,85,-1190.85,1035.03,-608.687,243.146
160,85,-1277.58,1000.23,-254.809,337.832
165,85,-1332.39,836.485,42.748,385.659
170,85,-1355.06,554.135,246.249,369.134
175,85,-1337.99,179.177,330.663,275.816
180,85,-1269.65,-251.171,288.886,102.781
0,90,-11415.8,2955.84,-119.459,-164.46
5,90,-11890.7,1007.87,-43.5965,118.863
10,90,-12068,-843.939,-92.2214,349.035
15,90,-11950.8,-2496.99,-257.328,517.151
20,90,-11560.3,-3873.14,-516.235,625.501
25,90,-10931.9,-4925.88,-835.546,684.534
30,90,-10111.4,-5642.55,-1177.71,707.339
35,90,-9152.04,-6041.25,-1508.16,704.096
40,90,-8110.38,-6163.27,-1800.94,679.075
45,90,-7041.92,-6063.1,-2041.16,631.286
50,90,-5996.58,-5798.41,-2224.37,557.834
55,90,-5014.62,-5422.41,-2353.65,457.755
60,90,-4123.99,-4979.4,-2436.1,334.288
65,90,-3339.52,-4503.65,-2479.92,194.807
70,90,-2664.15,-4020.35,-2492.89,49.0075
75,90,-2091.61,-3547.55,-2481.8,-93.4209
80,90,-1610,-3097.73,-2452.65,-224.503
85,90,-1205.36,-2678.83,-2410.93,-338.623
90,90,-864.806,-2294.62,-2361.9,-432.221
95,90,-578.944,-1944.7,-2310.64,-503.043
100,90,-343.183,-1624.65,-2261.88,-549.418
105,90,-157.997,-1326.45,-2219.59,-569.923
110,90,-27.8675,-1039.51,-2185.94,-563.518
115,90,41.0473,-752.402,-2159.73,-530.028
120,90,44.2187,-455.261,-2134.69,-470.662
125,90,-17.8568,-142.855,-2098.44,-388.246
130,90,-137.457,182.306,-2033.37,-286.998
135,90,-299.866,507.606,-1919.88,-171.954
140,90,-486.386,809.9,-1741.98,-48.4728
145,90,-678.971,1057.99,-1493.5,77.6616
150,90,-864.068,1218.23,-1182.94,199.28
155,90,-1033.3,1261.97,-834.595,306.355
160,90,-1180.34,1172.86,-485.338,384.934
165,90,-1296.05,951.38,-177.37,417.61
170,90,-1365.34,615.487,50.7541,386.136
175,90,-1368.93,197.814,172.269,275.841
180,90,-1289.99,-259.174,177.13,80.4993
0,95,-11382.8,2930.26,875.951,-421.453
5,95,-11859,1230.2,977.472,7.4332
10,95,-12134.2,-391.436,938.075,378.62
15,95,-12194.9,-1847.74,768.773,678.067
20,95,-12037.1,-3070.37,495.344,903.51
25,95,-11666,-4016.28,153.697,1061.6
30,95,-11096.4,-4671.51,-217,1162.82
35,95,-10353.7,-5050.26,-581.374,1216.41
40,95,-9474.1,-5189.25,-912.975,1227.62
45,95,-8502.94,-5138.33,-1196.28,1198.13
50,95,-7489.92,-4950.06,-1425.7,1128.74
55,95,-6483.15,-4671.2,-1602.7,1022.43
60,95,-5522.97,-4338.09,-1732.67,885.921
65,95,-4637.68,-3976.05,-1822.42,729.198
70,95,-3842.25,-3601.72,-1878.88,563.562
75,95,-3139.83,-3226.13,-1908.73,399.429
80,95,-2525.2,-2857.12,-1918.32,244.832
85,95,-1988.82,-2500.39,-1913.84,105.036
90,95,-1520.65,-2159.35,-1901.27,-16.8935
95,95,-1113.01,-1834.47,-1886.38,-119.055
100,95,-762.31,-1522.82,-1874.62,-199.682
105,95,-469.488,-1218.2,-1870.79,-256.533
110,95,-239.066,-912.223,-1878.13,-286.908
115,95,-76.9226,-596.177,-1896.75,-288.304
120,95,12.742,-263.777,-1921.63,-259.499
125,95,30.2336,85.6377,-1941.14,-201.604
130,95,-18.2863,444.071,-1937.23,-118.609
135,95,-121.786,793.057,-1888.36,-17.098
140,95,-267.321,1104.26,-1774.99,94.7204
145,95,-443.168,1343.26,-1586.45,208.019
150,95,-639.804,1476.13,-1326.61,313.631
155,95,-847.511,1477.21,-1015.84,401.243
160,95,-1051.73,1335.64,-688.171,458.042
165,95,-1229.46,1058.81,-384.135,468.095
170,95,-1349.99,671.914,-141.682,413.773
175,95,-1381.38,214.437,11.7975,279.615
180,95,-1300.52,-265.203,64.0252,57.6045
0,100,-11263.1,2882.38,1864.69,-675.238
5,100,-11733.7,1451.09,1992,-146.234
10,100,-12096.4,79.5178,1979.37,322.924
15,100,-12320.8,-1160.56,1837.95,715.592
20,100,-12378.6,-2210.45,1592.68,1026.77
25,100,-12246,-3031.21,1277.38,1260.07
30,100,-11909.1,-3608.64,927.867,1423.12
35,100,-11368.6,-3954.28,575.592,1523.32
40,100,-10643.7,-4100.77,243.572,1565.9
45,100,-9771.22,-4092.86,-54.5258,1554.45
50,100,-8800.87,-3976.66,-312.816,1493.14
55,100,-7786.86,-3791.15,-530.555,1388.62
60,100,-6778.86,-3563.94,-709.774,1250.6
65,100,-5815.37,-3311.73,-853.869,1090.84
70,100,-4920.91,-3043.5,-967.068,921.106
75,100,-4106.79,-2764.4,-1054.33,751.355
80,100,-3374.41,-2478.33,-1121.27,588.726
85,100,-2719.43,-2188.85,-1173.86,437.566
90,100,-2135.74,-1898.67,-1218.15,300.277
95,100,-1618.42,-1608.64,-1260.01,178.578
100,100,-1165.53,-1316.93,-1305.01,74.7159
105,100,-778.501,-1018.98,-1358.2,-7.76076
110,100,-461.197,-708.486,-1423.35,-63.9906
115,100,-217.86,-379.316,-1501.49,-88.7396
120,100,-50.6645,-28.332,-1588.75,-78.1581
125,100,42.0509,341.336,-1674.47,-31.8029
130,100,65.7502,717.326,-1740.84,45.9597
135,100,27.5985,1076.59,-1765.24,145.989
140,100,-66.47,1386.73,-1725.7,256.023
145,100,-213.076,1610.69,-1607.9,363.145
150,100,-408.991,1714.2,-1411.44,455.616
155,100,-645.129,1673.76,-1152.38,522.882
160,100,-900.028,1482.88,-860.825,553.859
165,100,-1137.41,1154.74,-574.057,535.088
170,100,-1310.93,721.101,-327.736,450.877
175,100,-1375.54,228.236,-148.409,286.595
180,100,-1301.15,-269.215,-49.5665,34.2713
0,105,-11057.8,2812.56,2839.25,-923.885
5,105,-11514.9,1662.66,2990.79,-343.085
10,105,-11949.1,553.27,3018.91,178.2
15,105,-12314,-458.005,2931.92,622.915
20,105,-12558.4,-1321.72,2750.16,984.939
25,105,-12632.8,-2003.49,2501.04,1265.7
30,105,-12498.1,-2490.12,2212.72,1470
35,105,-12135,-2791.54,1908.87,1602.96
40,105,-11549,-2936.71,1606.17,1669.11
45,105,-10771.4,-2964.41,1314.75,1673.35
50,105,-9851.93,-2912.79,1040.38,1622.58
55,105,-8848.77,-2811.64,786.608,1526.44
60,105,-7817.23,-2679.53,555.984,1396.83
65,105,-6802.2,-2525.46,350.009,1246.23
70,105,-5834.71,-2352.71,168.629,1085.89
75,105,-4932.66,-2162.54,9.85287,924.47
80,105,-4103.79,-1956.38,-130.109,767.678
85,105,-3349.57,-1736.23,-256.264,618.758
90,105,-2668.76,-1503.87,-374.14,479.589
95,105,-2060.08,-1259.75,-489.28,352.028
100,105,-1523.64,-1002.19,-607.019,239.158
105,105,-1061.22,-727.37,-732.28,146.08
110,105,-675.273,-430.263,-868.962,79.8291
115,105,-367.174,-106.602,-1018.52,48.1352
120,105,-135.635,244.326,-1177.77,57.0181
125,105,23.6316,616.411,-1336.8,107.883
130,105,116.143,993.874,-1478.16,195.326
135,105,145.232,1350.11,-1578.98,306.967
140,105,109.111,1649.54,-1616.1,425.831
145,105,1.48639,1853,-1573.01,534.353
150,105,-182.452,1925.73,-1446.19,617.865
155,105,-436.152,1845.7,-1247.74,665.512
160,105,-733.007,1609.68,-1003.17,668.257
165,105,-1024.83,1235.59,-744.983,615.868
170,105,-1250.44,760.993,-504.661,495.834
175,105,-1351.91,238.519,-306.128,296.078
180,105,-1291.88,-271.177,-162.781,10.6772
0,110,-10768.2,2721.33,3792.19,-1165.5
5,110,-11203.8,1856.87,3964.45,-582.628
10,110,-11689.2,1013.55,4042.4,-56.4075
15,110,-12164,236.126,4028.78,397.498
20,110,-12557.2,-434.633,3935.86,773.267
25,110,-12797.5,-969.222,3780.96,1071.04
30,110,-12825.5,-1356.38,3581.23,1293.23
35,110,-12606.6,-1605.4,3349.88,1442.63
40,110,-12137.5,-1741.71,3095.54,1522.71
45,110,-11445.9,-1797.35,2824.12,1539.01
50,110,-10582.1,-1801.14,2541.31,1500.16
55,110,-9605.8,-1772.66,2254,1417.66
60,110,-8574.69,-1721.48,1970.01,1304.32
65,110,-7536.29,-1650.18,1696.52,1172.37
70,110,-6525.24,-1558.41,1438.5,1031.77
75,110,-5564.16,-1445.8,1197.78,889.546
80,110,-4666.4,-1313.05,973.182,749.995
85,110,-3839.2,-1161.48,761.364,615.531
90,110,-3086.47,-991.909,557.82,487.91
95,110,-2410.75,-803.668,357.636,369.52
100,110,-1814.18,-594.103,155.895,264.504
105,110,-1298.52,-358.844,-52.0317,179.422
110,110,-864.196,-92.9575,-269.836,123.022
115,110,-509.019,207.01,-498.841,104.725
120,110,-227.588,540.22,-735.85,131.752
125,110,-12.505,898.356,-971.018,205.557
130,110,142.115,1262.97,-1187.14,319.021
135,110,235.931,1604.64,-1361.65,456.12
140,110,259.424,1885.25,-1471.58,594.95
145,110,196.3,2063.89,-1500.2,713.132
150,110,32.8666,2105.25,-1442.62,792.899
155,110,-228.327,1988.22,-1307.96,822.991
160,110,-557.472,1712.01,-1116.94,796.554
165,110,-896.499,1298.38,-895.948,707.161
170,110,-1171.03,789.88,-670.289,546.651
175,110,-1311.24,244.747,-459.291,307.22
180,110,-1272.78,-271.076,-274.756,-12.998
0,115,-10396.7,2609.4,4716.27,-1398.24
5,115,-10802.7,2025.7,4903.62,-862.899
10,115,-11316,1444,5034.6,-378.768
15,115,-11865.3,897.61,5104.14,41.317
20,115,-12363.6,419.37,5113.57,393.053
25,115,-12722.7,33.8441,5067.43,676.27
30,115,-12868.7,-250.244,4969.53,891.658
35,115,-12756.5,-442.144,4821.25,1040.02
40,115,-12377.8,-563.812,4622.76,1123.59
45,115,-11759.2,-640.099,4375.91,1147.73
50,115,-10951.2,-689.886,4086.79,1121.53
55,115,-10013.6,-722.281,3766.04,1056.75
60,115,-9003.75,-738.281,3426.96,965.739
65,115,-7969.01,-735.206,3082.6,859.425
70,115,-6945.14,-710.684,2743.12,746.111
75,115,-5957.6,-664.385,2414.51,631.307
80,115,-5023.95,-597.597,2098.67,518.348
85,115,-4156.25,-511.715,1794.39,409.412
90,115,-3362.77,-406.758,1498.53,306.662
95,115,-2649.15,-280.519,1207.02,213.329
100,115,-2018.95,-128.538,915.448,134.604
105,115,-1473.42,55.1249,619.592,78.0947
110,115,-1010.73,276.361,316.272,53.4489
115,115,-625.242,538.75,4.87158,70.6757
120,115,-307.828,840.693,-310.576,137.021
125,115,-48.4253,1172.35,-619.55,253.002
130,115,159.021,1513.22,-904.739,409.17
135,115,310.782,1831.64,-1144.37,585.639
140,115,390.321,2087.5,-1317.14,755.605
145,115,372.103,2238.43,-1408.16,891.937
150,115,233.765,2248.63,-1413.37,973.723
155,115,-26.9625,2097.68,-1340.35,989.203
160,115,-378.953,1786.76,-1205.15,933.769
165,115,-756.767,1340.8,-1026.95,805.29
170,115,-1075.27,806.472,-823.004,601.032
175,115,-1254.54,246.564,-606.013,319.07
180,115,-1243.99,-268.912,-384.641,-36.5744
0,120,-9946.13,2477.6,5604.46,-1620.35
5,120,-10315.1,2161.49,5799.11,-1180.49
10,120,-10832.1,1828.74,5979.94,-783.777
15,120,-11417.9,1502.69,6132.42,-439.077
20,120,-11975.2,1209.14,6245.15,-148.14
25,120,-12404.2,967.93,6308.17,89.533
30,120,-12621.8,785.144,6311.01,273.757
35,120,-12577.5,651.417,6243.08,403.803
40,120,-12261.3,548.155,6096.56,480.501
45,120,-11699.6,457.578,5870.16,508.174
50,120,-10943.1,370.393,5571.06,494.906
55,120,-10050.6,287.269,5213.94,451.07
60,120,-9077.6,214.877,4817.54,387.138
65,120,-8069.68,160.253,4400.46,311.941
70,120,-7062.1,127.065,3977.82,231.966
75,120,-6081.41,115.106,3559.7,151.586
80,120,-5147.59,122.155,3151.19,73.82
85,120,-4275.56,146.508,2753.39,1.241
90,120,-3476.09,188.839,2364.72,-63.1614
95,120,-2756.38,252.89,1982.02,-115.221
100,120,-2120.25,345.051,1601.4,-148.979
105,120,-1567.94,473.08,1219.11,-156.41
110,120,-1095.62,644.163,832.677,-127.883
115,120,-695.091,862.411,442.665,-53.8661
120,120,-354.797,1125.95,54.6006,71.8692
125,120,-63.1845,1423.95,-319.68,248.066
130,120,185.419,1734.45,-662.496,462.458
135,120,384.305,2024.17,-953.342,691.166
140,120,511.233,2251.49,-1173.93,902.587
145,120,533.093,2373.09,-1313.24,1064.98
150,120,420.024,2352.97,-1370.19,1154.34
155,120,164.846,2171.52,-1352.3,1158.38
160,120,-201.641,1831.75,-1271.43,1074.83
165,120,-609.425,1361.27,-1138.71,906.316
170,120,-965.725,809.952,-961.676,656.467
175,120,-1182.98,243.819,-744.603,330.61
180,120,-1205.73,-264.701,-491.598,-59.8724
0,125,-9419.82,2326.95,6450,-1830.12
5,125,-9745.66,2257.12,6642.18,-1530.62
10,125,-10242.5,2152.88,6863.15,-1263.47
15,125,-10827.8,2028.99,7088.31,-1032.7
20,125,-11398.6,1905.12,7292.84,-836.607
25,125,-11850,1797.01,7451.93,-673.114
30,125,-12095.3,1708.45,7541.13,-542.47
35,125,-12082.3,1630.17,7538.73,-446.515
40,125,-11801.3,1546.85,7430.17,-386.056
45,125,-11279.3,1447.06,7212.1,-358.754
50,125,-10566.7,1329.79,6893.49,-358.929
55,125,-9720.72,1203.89,6493.26,-379.047
60,125,-8794.17,1082.39,6035.34,-411.619
65,125,-7830.54,976.048,5543.49,-450.441
70,125,-6863.84,889.97,5037.44,-490.829
75,125,-5920.39,824.069,4531.18,-529.176
80,125,-5020.63,775.937,4032.96,-562.3
85,125,-4179.95,744.039,3546.22,-586.884
90,125,-3409.19,729.774,3070.92,-599.031
95,125,-2714.96,738.03,2604.73,-593.868
100,125,-2099.93,776.468,2144.11,-565.16
105,125,-1562.91,853.939,1685.59,-505.131
110,125,-1098.59,978.343,1227.32,-404.909
115,125,-697.523,1154.03,771.101,-256.186
120,125,-347.427,1378.91,324.194,-54.4368
125,125,-36.7553,1641.54,-99.9783,196.759
130,125,239.081,1919.12,-483.323,481.969
135,125,470.876,2177.45,-807.058,773.221
140,125,632.311,2374.18,-1056.99,1034.22
145,125,684.93,2465.72,-1227.61,1228.81
150,125,593.24,2416.5,-1322.48,1330.07
155,125,345.7,2208.17,-1350.43,1325.3
160,125,-28.4989,1845.67,-1319.53,1214.74
165,125,-457.639,1358.93,-1232.38,1006.16
170,125,-844.812,800.017,-1085.58,710.322
175,125,-1097.88,236.579,-873.581,340.797
180,125,-1158.3,-258.475,-594.814,-82.7148
0,130,-8821.82,2158.59,7246.45,-2025.96
5,130,-9100.35,2306.32,7424.68,-1907.23
10,130,-9555.7,2403.09,7669.98,-1807.27
15,130,-10106,2456.36,7948.12,-1724.47
20,130,-10649,2480.69,8221.52,-1652.94
25,130,-11080.4,2488.52,8451.65,-1588.26
30,130,-11314.5,2482.13,8601.48,-1530.07
35,130,-11300.9,2452.91,8639.88,-1481.12
40,130,-11031.4,2388.61,8547.08,-1444.25
45,130,-10533.4,2283.08,8318.63,-1420.01
50,130,-9856.03,2141.66,7965.77,-1406.3
55,130,-9054.48,1979.27,7511.56,-1399.45
60,130,-8179.13,1813.79,6984.9,-1395.61
65,130,-7271.45,1659.26,6414.44,-1391.45
70,130,-6364,1522.9,5824.46,-1384.06
75,130,-5482.08,1406.05,5232.88,-1370.48
80,130,-4644.91,1307.5,4651.17,-1347.36
85,130,-3866.17,1226.72,4085.19,-1310.82
90,130,-3154.43,1165.92,3536.31,-1256.46
95,130,-2513.69,1130.49,3002.69,-1179.23
100,130,-1944.2,1128.12,2480.62,-1073.2
105,130,-1442.86,1167.39,1966.24,-931.308
110,130,-1003.38,1255.68,1457.66,-745.826
115,130,-616.288,1396.75,957.361,-509.947
120,130,-270.097,1588.02,473.942,-221.093
125,130,45.3485,1817.67,22.1798,114.588
130,130,332.88,2062.67,-379.653,478.309
135,130,581.238,2288.76,-714.902,837.967
140,130,761.659,2453.83,-974.161,1152.76
145,130,832.723,2515.04,-1158.32,1382.46
150,130,755.541,2438.18,-1276.6,1497.58
155,130,515.235,2206.82,-1339.92,1485.3
160,130,138.504,1828.06,-1352.87,1348.6
165,130,-303.956,1333.7,-1309.34,1100.7
170,130,-714.796,776.902,-1194.32,759.941
175,130,-1000.7,225.138,-991.673,348.607
180,130,-1102.05,-250.282,-693.503,-104.928
0,135,-8156.68,1973.8,7987.74,-2206.39
5,135,-8386.03,2303.85,8139.3,-2303.16
10,135,-8782.4,2568,8387.81,-2402.26
15,135,-9269.06,2767.65,8691.05,-2495.71
20,135,-9749.55,2913.22,9000.78,-2572.79
25,135,-10125.7,3014.88,9267.13,-2626.08
30,135,-10317.3,3074.36,9443.13,-2654.26
35,135,-10278.2,3084.38,9490.45,-2661
40,135,-10002,3035.64,9385.59,-2651.67
45,135,-9515.91,2925.99,9123.74,-2630.58
50,135,-8866.99,2765.07,8718.35,-2600.04
55,135,-8107.78,2571.8,8196.38,-2560.8
60,135,-7286.32,2367.46,7591.41,-2512.92
65,135,-6442.23,2169.13,6937.03,-2456.03
70,135,-5606.65,1986.86,6262.3,-2389.11
75,135,-4803.22,1824.67,5589.48,-2310.24
80,135,-4048.81,1683.67,4933.59,-2216.53
85,135,-3353.94,1565.02,4302.94,-2104.35
90,135,-2723.39,1471.61,3700.07,-1969.66
95,135,-2157.34,1408.43,3123.01,-1807.94
100,135,-1652.73,1381.95,2566.93,-1613.95
105,135,-1204.29,1398.96,2026.4,-1381.54
110,135,-804.943,1465,1498.25,-1103.98
115,135,-445.89,1582.36,984.439,-775.76
120,135,-117.419,1747.56,493.963,-396.123
125,135,188.262,1948.54,42.1968,26.2504
130,135,471.711,2162.61,-352.92,469.224
135,135,719.973,2356.39,-677.199,896.722
140,135,903.266,2489.2,-926.234,1263.85
145,135,979.439,2520.12,-1107.45,1526.92
150,135,908.488,2417.43,-1235.81,1654.52
155,135,673.487,2167.34,-1324.35,1634.13
160,135,298.122,1779.26,-1374.35,1471.67
165,135,-150.359,1286.3,-1370.98,1185.91
170,135,-577.74,741.389,-1287.74,802.735
175,135,-892.936,210.011,-1097.81,353.082
180,135,-1037.41,-240.185,-786.914,-126.342
0,140,-7429.47,1773.99,8668.25,-2370.02
5,140,-7610.49,2245.67,8779.74,-2710.34
10,140,-7935.73,2638.65,9006.23,-3033.65
15,140,-8337.29,2949.37,9300.31,-3324.86
20,140,-8729.31,3185.13,9606.45,-3567.83
25,140,-9024.4,3354.8,9867.23,-3751.72
30,140,-9151.52,3460.65,10029.1,-3874.04
35,140,-9070.34,3497.32,10049.3,-3939.58
40,140,-8776.46,3458.3,9902.05,-3956.84
45,140,-8296.01,3344.31,9582.49,-3934.56
50,140,-7673.22,3167.55,9105.94,-3879.97
55,140,-6957.38,2949.23,8502.71,-3798.53
60,140,-6193.82,2712.99,7810.8,-3694.29
65,140,-5420.11,2478.75,7068.86,-3570.05
70,140,-4665.46,2259.76,6311.19,-3427.28
75,140,-3951.21,2063.32,5564.81,-3266.03
80,140,-3291.17,1893.23,4848.54,-3085.17
85,140,-2692.1,1752.17,4172.99,-2882.65
90,140,-2154.67,1643.16,3541.33,-2655.83
95,140,-1675.08,1569.92,2950.5,-2401.32
100,140,-1246.94,1536.6,2393.37,-2114.73
105,140,-862.849,1547.17,1861.58,-1790.4
110,140,-515.02,1604.46,1349.24,-1422.07
115,140,-195.525,1708.69,856.477,-1004.98
120,140,103.188,1855.17,391.37,-539.751
125,140,386.117,2031.77,-31.1439,-37.3479
130,140,651.318,2216.68,-394.211,477.029
135,140,884.5,2378.32,-686.44,963.835
140,140,1056.05,2478.59,-908.262,1374.89
145,140,1125.03,2479.85,-1073.05,1664.08
150,140,1052.36,2353.9,-1200.72,1798.91
155,140,820.403,2090.2,-1305.83,1767.68
160,140,449.576,1700.43,-1386.17,1579.34
165,140,1.64533,1218.19,-1418.61,1257.9
170,140,-435.502,694.799,-1365.84,836.294
175,140,-776.18,191.92,-1191.12,353.377
180,140,-964.881,-228.26,-874.336,-146.795
0,145,-6645.71,1560.68,9282.79,-2515.61
5,145,-6782.23,2129.16,9340.8,-3119.99
10,145,-7030.53,2608.77,9517.48,-3685.21
15,145,-7334.35,2992.18,9763.91,-4188.25
20,145,-7622.18,3284.52,10021.9,-4607.02
25,145,-7820.99,3494.3,10231.2,-4926.93
30,145,-7871.51,3625.16,10336,-5144.27
35,145,-7740.55,3674.22,10292,-5265.22
40,145,-7425.85,3637.52,10072.6,-5301.87
45,145,-6951.84,3517.74,9673.41,-5267.91
50,145,-6359.07,3328.35,9110.89,-5175.88
55,145,-5692.86,3091.71,8418.03,-5036.21
60,145,-4995.09,2833.17,7636.82,-4857.26
65,145,-4300.28,2575.18,6810.9,-4645.68
70,145,-3634.66,2334.1,5979.79,-4406.52
75,145,-3016.26,2120.17,5175.22,-4143.42
80,145,-2455.35,1939.24,4419.36,-3858.61
85,145,-1955,1794.65,3724.36,-3553.1
90,145,-1512.36,1688.6,3092.93,-3226.52
95,145,-1120.55,1622.67,2519.86,-2876.87
100,145,-770.805,1598.09,1994.59,-2500.18
105,145,-454.159,1615.6,1504.92,-2090.58
110,145,-162.489,1675.08,1041.35,-1641.4
115,145,111.18,1774.5,601.213,-1147.88
120,145,372.251,1908.05,190.711,-611.505
125,145,622.989,2063.66,-176.718,-45.0577
130,145,859.148,2220.93,-486.182,523.805
135,145,1065.64,2350.94,-729.476,1053.04
140,145,1214.11,2419.29,-911.527,1492.52
145,145,1266.35,2392.73,-1050.6,1795.07
150,145,1185.94,2247.49,-1170.21,1928.25
155,145,955.601,1976.61,-1285.34,1881.67
160,145,592.372,1593.64,-1389.96,1667.09
165,145,150.941,1131.68,-1453.35,1313.04
170,145,-289.749,638.967,-1428.7,858.478
175,145,-652.033,171.775,-1270.93,348.803
180,145,-885.006,-214.597,-955.104,-166.13
0,150,-5811.37,1335.49,9826.67,-2642.06
5,150,-5910.24,1953.12,9818.55,-3522.88
10,150,-6082.73,2475,9916.74,-4339.81
15,150,-6285.88,2891.2,10075.3,-5060.99
20,150,-6464.79,3205.62,10238.8,-5657.89
25,150,-6563.12,3427.22,10349.7,-6111.92
30,150,-6535.06,3561.62,10354.6,-6418.18
35,150,-6355.49,3608.68,10211,-6584.37
40,150,-6024.47,3566.75,9893.72,-6626.49
45,150,-5564.36,3439.76,9398.71,-6563.58
50,150,-5011.47,3241.58,8743.44,-6413.97
55,150,-4406.29,2994.93,7962.68,-6193.67
60,150,-3786.08,2726.28,7101.57,-5916.31
65,150,-3180.86,2460.08,6207.87,-5593.66
70,150,-2612.37,2215.1,5325.34,-5236.06
75,150,-2094.2,2003.52,4489.1,-4852.44
80,150,-1632.51,1831.99,3723.07,-4450.01
85,150,-1227.06,1703.3,3039.23,-4033.79
90,150,-872.59,1617.79,2438.35,-3606.04
95,150,-560.682,1574.34,1911.96,-3165.81
100,150,-281.729,1571.03,1445.61,-2708.74
105,150,-26.5982,1605.52,1023.19,-2227.78
110,150,212.33,1674.96,631.848,-1715.01
115,150,440.712,1775.39,266.213,-1165.07
120,150,661.9,1900.09,-69.6903,-579.824
125,150,875.856,2037.42,-364.601,26.7059
130,150,1076.7,2168.87,-606.386,625.378
135,150,1249.39,2268.86,-790.464,1173.13
140,150,1367.87,2307.63,-925.919,1619.7
145,150,1397.88,2257.18,-1034.74,1918.64
150,150,1306.77,2098.68,-1142.44,2038.78
155,150,1078.37,1828.71,-1263.17,1971.37
160,150,726.206,1461.96,-1386.83,1730.51
165,150,296.72,1029.86,-1476.06,1348.11
170,150,-141.983,576.203,-1476.49,867.524
175,150,-522.119,150.639,-1336.72,338.865
180,150,-798.396,-199.301,-1028.6,-184.201
0,155,-4932.81,1100.14,10295.8,-2748.41
5,155,-5003.8,1717.95,10210.3,-3909.61
10,155,-5108.72,2236.97,10202.3,-4979.96
15,155,-5218.19,2646.09,10233.6,-5917.89
20,155,-5294.63,2948.88,10257.4,-6687.92
25,155,-5299.18,3155.34,10224.7,-7267.37
30,155,-5200.23,3273.47,10089.6,-7650.04
35,155,-4981.22,3305.86,9815.61,-7845.25
40,155,-4644.73,3252.88,9380.62,-7873.04
45,155,-4211,3119.12,8782.14,-7758.22
50,155,-3711.61,2918.08,8038.2,-7525.72
55,155,-3181.37,2672.03,7184.43,-7198.41
60,155,-2651.65,2407.69,6267.54,-6796.86
65,155,-2146.53,2150.54,5337.36,-6339.86
70,155,-1681.84,1920.56,4439.38,-5844.84
75,155,-1265.74,1730.57,3609.31,-5327.43
80,155,-899.962,1586.8,2870.02,-4800.63
85,155,-581.347,1490.42,2230.89,-4273.56
90,155,-303.326,1439.28,1689.04,-3750.57
95,155,-57.5344,1429.39,1232.07,-3230.8
100,155,164.657,1455.89,841.961,-2708.59
105,155,370.877,1513.74,499.813,-2174.93
110,155,566.94,1597.95,190.787,-1620.21
115,155,756.511,1703.09,-91.9542,-1038.24
120,155,940.914,1822,-345.956,-431.041
125,155,1118.43,1943.8,-562.217,186.796
130,155,1282.52,2052.31,-731.843,785.937
135,155,1419.28,2125.89,-854.22,1324.22
140,155,1505.89,2140,-942.308,1753.47
145,155,1512.83,2072.37,-1020.79,2029.94
150,155,1411.77,1909.16,-1115.74,2124.93
155,155,1187.89,1649.95,-1239.38,2031.56
160,155,850.95,1309.59,-1377.51,1765.48
165,155,438.408,916.61,-1487.38,1360.42
170,155,6.42722,509.225,-1509.34,862.14
175,155,-388.065,129.688,-1388.17,323.294
180,155,-705.709,-182.489,-1094.27,-200.871
0,160,-4016.7,856.415,10686.5,-2833.83
5,160,-4072.19,1425.56,10514.7,-4270.82
10,160,-4124.64,1897.33,10375.7,-5588.38
15,160,-4157.06,2260.97,10243.7,-6734.32
20,160,-4148.12,2520.68,10086.4,-7665.9
25,160,-4075.79,2687.98,9869.27,-8356.22
30,160,-3922.29,2773.32,9559.52,-8797.8
35,160,-3679.59,2781.86,9130.12,-9001.53
40,160,-3352.92,2715.59,8565.11,-8991.64
45,160,-2960.34,2579.12,7864.63,-8799.26
50,160,-2528.3,2384.65,7047.23,-8457.19
55,160,-2085.2,2152.82,6148.02,-7997.06
60,160,-1655.56,1909.14,5212.8,-7448.61
65,160,-1256.65,1678.58,4290.08,-6839.76
70,160,-897.748,1480.86,3423.15,-6196.44
75,160,-581.279,1328.24,2644.32,-5541.53
80,160,-304.708,1225.63,1971.87,-4893.32
85,160,-62.4575,1172.19,1410.02,-4263.96
90,160,152.478,1163.33,950.917,-3658.5
95,160,347.24,1192.48,578.205,-3074.97
100,160,528.107,1252.4,271.414,-2505.6
105,160,699.806,1336.05,10.7415,-1939.26
110,160,865.193,1436.92,-218.463,-1364.88
115,160,1025.3,1548.7,-422.597,-775.817
120,160,1179.43,1664.21,-599.493,-174.22
125,160,1324.83,1773.76,-741.863,425.431
130,160,1455.26,1863.87,-844.03,995.152
135,160,1558.91,1917.16,-909.396,1495.88
140,160,1616.88,1914.58,-954.49,1883.89
145,160,1604.61,1839.5,-1005.88,2120.09
150,160,1498.08,1682.58,-1089.18,2179.38
155,160,1283.54,1445.47,-1214.04,2056.74
160,160,966.692,1141.96,-1362.41,1768.33
165,160,575.605,796.549,-1487.69,1347.96
170,160,154.205,441.073,-1527.4,841.596
175,160,-251.488,110.167,-1425.11,302.072
180,160,-607.651,-164.287,-1151.62,-216.011
0,165,-3070.02,606.172,10995.9,-2897.69
5,165,-3124.55,1079.44,10731.7,-4597.52
10,165,-3145.76,1461.61,10441.2,-6148.48
15,165,-3126.41,1744.15,10115.6,-7487.06
20,165,-3058.84,1932.87,9742.23,-8563.03
25,165,-2935.53,2041.14,9306.84,-9345.31
30,165,-2751.08,2081.7,8794.45,-9825.26
35,165,-2505.3,2061.95,8191.8,-10015.4
40,165,-2205.86,1984.95,7491.8,-9944.31
45,165,-1868.49,1854.49,6698.7,-9650.32
50,165,-1514.23,1680.25,5831.38,-9175.62
55,165,-1164.61,1479.44,4922.62,-8562.81
60,165,-837.085,1274.35,4014,-7853.08
65,165,-542.196,1087.4,3148.33,-7085.16
70,165,-283.251,936.474,2361.97,-6294.04
75,165,-57.7968,832.274,1679.43,-5509.16
80,165,140.093,778.152,1111.06,-4752.48
85,165,317.631,771.554,653.895,-4037.06
90,165,481.662,806.097,294.58,-3366.84
95,165,637.621,873.511,13.4938,-2737.58
100,165,788.988,965.097,-210.685,-2139.17
105,165,937.165,1072.67,-396.567,-1558.84
110,165,1081.73,1188.95,-556.418,-984.99
115,165,1220.97,1307.36,-694.254,-411.263
120,165,1352.4,1421.16,-806.715,159.902
125,165,1472.66,1522.26,-887.278,714.911
130,165,1576.43,1600.09,-932.937,1228.78
135,165,1654.39,1641.67,-950.724,1667.73
140,165,1691.6,1633.19,-960.281,1994.7
145,165,1668.2,1563.04,-989.455,2176.92
150,165,1563.85,1425.32,-1062.84,2193.66
155,165,1365.29,1222.41,-1187.3,2041.59
160,165,1073.79,965.775,-1341.64,1736.24
165,165,708.026,674.93,-1477.09,1309.65
170,165,300.124,375.001,-1530.78,805.802
175,165,-113.99,93.3322,-1447.55,275.445
180,165,-504.969,-144.835,-1200.19,-229.508
0,170,-2099.98,351.315,11221.7,-2939.49
5,170,-2169.6,684.493,10862.1,-4881.3
10,170,-2185.78,938.069,10405.9,-6644.88
15,170,-2147.26,1107.73,9864.08,-8155
20,170,-2055.84,1201.99,9248.45,-9353.88
25,170,-1914.88,1236.25,8569.56,-10206.6
30,170,-1728.71,1225.2,7834.76,-10703.6
35,170,-1503.53,1177.88,7048.27,-10859.2
40,170,-1248.79,1097.65,6214.43,-10707.1
45,170,-977.685,986.447,5342.85,-10293.6
50,170,-705.719,849.758,4452.34,-9671.67
55,170,-447.731,699.244,3571.17,-8896.77
60,170,-214.711,551.497,2733.01,-8023.16
65,170,-11.8013,424.173,1970.39,-7101.1
70,170,161.827,331.729,1308.17,-6174.15
75,170,311.516,282.677,759.294,-5276.64
80,170,444.891,278.991,323.773,-4431.81
85,170,569.711,317.215,-9.48594,-3651.34
90,170,692.282,390.337,-259.046,-2936.33
95,170,816.567,489.652,-446.604,-2279.62
100,170,943.916,606.204,-592.704,-1669.05
105,170,1073.28,731.717,-713.037,-1091.2
110,170,1201.84,859.015,-815.88,-535.114
115,170,1325.9,981.939,-901.464,4.51884
120,170,1441.7,1094.77,-964.06,524.977
125,170,1545.52,1191.33,-996.906,1014.44
130,170,1632.83,1264.18,-998.798,1452.51
135,170,1696.4,1304.49,-979.626,1812.52
140,170,1724.58,1302.97,-961.48,2065.66
145,170,1701.27,1251.81,-972.979,2186.61
150,170,1608.89,1146.97,-1037.45,2159.33
155,170,1433.93,990.02,-1159.27,1981.74
160,170,1172.88,788.878,-1315.01,1667.6
165,170,835.43,557.467,-1455.46,1245.48
170,170,442.965,314.337,-1519.59,755.361
175,170,22.8533,80.4001,-1455.63,243.927
180,170,-398.444,-124.281,-1239.64,-241.258
0,175,-1113.96,93.7842,11362,-2958.93
5,175,-1215.5,247,10908.2,-5114.56
10,175,-1256.41,337.359,10279,-7063.85
15,175,-1236.69,367.031,9507.96,-8719.72
20,175,-1162.3,348.329,8634.2,-10017.1
25,175,-1042.54,298.742,7696.76,-10917.7
30,175,-887.798,234.338,6728.75,-11411.8
35,175,-708.389,164.858,5754.69,-11516.2
40,175,-514.536,92.9219,4792.34,-11270.1
45,175,-316.674,17.2191,3857.36,-10728.6
50,175,-125.137,-62.6987,2967.74,-9956.66
55,175,51.0328,-143,2144.96,-9023.19
60,175,205.702,-215.205,1411.47,-7995.79
65,175,336.842,-268.541,785.777,-6935.74
70,175,446.681,-293.338,277.862,-5893.73
75,175,540.736,-283.719,-113.242,-4906.86
80,175,626.159,-238.645,-398.963,-3997.51
85,175,709.999,-161.431,-598.41,-3174.23
90,175,797.832,-58.3607,-734.44,-2434.32
95,175,892.962,62.8522,-829.555,-1767.65
100,175,996.164,194.333,-902.265,-1160.7
105,175,1105.89,328.891,-964.312,-600.376
110,175,1218.87,460.454,-1019.22,-77.1307
115,175,1330.91,584.119,-1062.86,413.009
120,175,1437.7,695.832,-1086.55,867.485
125,175,1535.13,791.764,-1082.61,1277.28
130,175,1618.64,867.593,-1050.77,1627.81
135,175,1681.9,918.078,-1002.87,1900.65
140,175,1715.17,937.256,-962.651,2075.99
145,175,1704.85,919.393,-958.993,2136.12
150,175,1634.99,860.435,-1013.9,2069.52
155,175,1491.11,759.504,-1129.71,1874.67
160,175,1264.82,620.009,-1281.89,1562.51
165,175,957.541,450.096,-1422.41,1156.69
170,175,581.478,262.336,-1493.95,691.599
175,175,157.501,72.4861,-1449.67,208.291
180,175,-288.886,-102.781,-1269.65,-251.171
0,180,-119.459,-164.46,11415.8,-2955.84
5,180,-269.683,-225.586,10872.6,-5290.77
10,180,-366.881,-327.76,10071.5,-7393.63
15,180,-407.133,-459.99,9068.75,-9165.92
20,180,-394.398,-605.05,7932.71,-10535.9
25,180,-338.14,-743.41,6732.91,-11462.5
30,180,-250.194,-858.536,5530.25,-11936.8
35,180,-142.073,-941.283,4371.27,-11979.1
40,180,-23.4876,-991.243,3288.04,-11634.8
45,180,97.8461,-1014.5,2302.3,-10968.3
50,180,215.743,-1019.19,1430.15,-10056.4
55,180,325.196,-1011.2,684.492,-8980.78
60,180,422.556,-992.107,74.2781,-7821.13
65,180,506.096,-959.655,-398.089,-6647.82
70,180,576.461,-910.008,-739.002,-5516.65
75,180,636.598,-840.191,-963.941,-4465.71
80,180,691.094,-749.653,-1095.52,-3515.2
85,180,745.181,-640.57,-1160.04,-2669.95
90,180,803.732,-517.233,-1183.55,-1923.62
95,180,870.486,-385.029,-1188.37,-1263.64
100,180,947.576,-249.48,-1190.31,-675.767
105,180,1035.32,-115.524,-1196.86,-147.708
110,180,1132.24,12.9315,-1206.83,328.727
115,180,1235.37,133.18,-1211.9,756.776
120,180,1340.58,243.577,-1200.59,1135.02
125,180,1442.96,343.029,-1164.15,1458.25
130,180,1536.79,430.152,-1102.79,1718.44
135,180,1614.95,502.394,-1029.53,1905.5
140,180,1668.01,555.524,-968.976,2008.24
145,180,1683.42,583.876,-949.717,2015.88
150,180,1645.86,581.438,-992.352,1920.58
155,180,1539.28,543.497,-1097.7,1720.59
160,180,1350.57,468.355,-1241.2,1423.12
165,180,1073.95,358.662,-1377.38,1045.91
170,180,714.345,222.007,-1454.01,616.562
175,180,288.46,70.5509,-1430.15,169.545
180,180,-177.13,-80.4993,-1289.99,-259.174
0,185,875.951,-421.453,11382.8,-2930.26
5,185,661.224,-724.802,10759,-5404.61
10,185,476.262,-1042.83,9795.16,-7624.75
15,185,334.168,-1353.39,8569.67,-9481.73
20,185,239.388,-1633.27,7179.62,-10897.9
25,185,188.648,-1861.07,5725.41,-11830.6
30,185,173.835,-2021.01,4296.25,-12272.4
35,185,185.596,-2106.25,2960.9,-12248.3
40,185,216.081,-2120.46,1765.6,-11810.6
45,185,259.861,-2076.14,737.425,-11033.2
50,185,313.155,-1990.53,-110.415,-10003.1
55,185,372.477,-1880.46,-774.638,-8813.01
60,185,433.845,-1758.63,-1260.47,-7551.63
65,185,493.037,-1632.19,-1581.73,-6295.68
70,185,546.574,-1503.71,-1760.63,-5103.82
75,185,592.743,-1373.28,-1826.12,-4013.91
80,185,632.129,-1240.5,-1810.74,-3043.84
85,185,667.514,-1105.68,-1746.71,-2195.38
90,185,703.31,-970.186,-1662.4,-1459.55
95,185,744.745,-836.021,-1579.37,-822.237
100,185,796.948,-705.32,-1510.6,-268.892
105,185,863.994,-579.75,-1459.65,212.365
110,185,947.973,-460.068,-1421.22,629.355
115,185,1048.28,-345.874,-1383.66,985.982
120,185,1161.35,-235.72,-1333.42,1283.29
125,185,1281.01,-127.747,-1261.23,1520.68
130,185,1399.18,-20.8443,-1167.83,1696.57
135,185,1506.54,83.9315,-1067.08,1808.37
140,185,1592.49,182.303,-983.762,1852.04
145,185,1644.34,266.709,-945.594,1822.22
150,185,1646.57,327.519,-971.564,1713.54
155,185,1581.25,355.228,-1061.37,1523.15
160,185,1430.97,342.957,-1191.31,1253.94
165,185,1184.02,288.559,-1319.61,917.117
170,185,840.159,195.941,-1400.02,532.961
175,185,414.297,75.3483,-1397.71,128.902
180,185,-64.0252,-57.6045,-1300.52,-265.203
0,190,1864.69,-675.238,11263.1,-2882.38
5,190,1571.46,-1241.39,10571.3,-5452.13
10,190,1269.31,-1792.1,9462.33,-7750.24
15,190,985.367,-2291.89,8034.29,-9658.82
20,190,738.679,-2710.53,6411.06,-11095.4
25,190,538.547,-3025.1,4722.32,-12016.7
30,190,385.971,-3221.92,3084.36,-12418
35,190,277.277,-3298.6,1587.06,-12329.6
40,190,207.756,-3264.93,289.588,-11811.5
45,190,173.442,-3141.55,-776.782,-10945.8
50,190,170.665,-2955.73,-1602.48,-9828.44
55,190,194.515,-2735.64,-2193.87,-8559.54
60,190,237.81,-2505.13,-2569.49,-7233.26
65,190,291.497,-2280.76,-2757.68,-5929.29
70,190,346.312,-2071.55,-2794.27,-4706.98
75,190,394.857,-1880.63,-2719.41,-3603.23
80,190,433.242,-1707.61,-2573.59,-2634.28
85,190,461.795,-1550.62,-2393.62,-1800.21
90,190,484.854,-1407.54,-2209.36,-1090.85
95,190,509.801,-1276.37,-2041.49,-491.44
100,190,545.554,-1155.16,-1900.46,12.9409
105,190,600.674,-1041.57,-1786.58,434.692
110,190,681.316,-932.442,-1691.53,782.876
115,190,789.452,-823.613,-1601.54,1063.77
120,190,921.945,-710.172,-1502.38,1282.12
125,190,1070.93,-587.42,-1385.29,1442.17
130,190,1225.39,-452.507,-1252.18,1547.95
135,190,1373.05,-306.326,-1117.68,1602.55
140,190,1501.35,-154.861,-1006.27,1606.94
145,190,1596.71,-9.14169,-944.134,1559.22
150,190,1642.8,116.497,-948.345,1455.07
155,190,1619.74,207.421,-1017.73,1289.86
160,190,1506.45,251.998,-1130.15,1061.85
165,190,1286.78,244.347,-1248.36,775.622
170,190,957.408,186.148,-1332.37,444.084
175,190,533.659,87.3825,-1353.14,87.7295
180,190,49.5665,-34.2713,-1301.15,-269.215
0,195,2839.25,-923.885,11057.8,-2812.56
5,195,2456.11,-1765.54,10313.7,-5430.88
10,195,2011.34,-2558.94,9084.85,-7765.75
15,195,1549.96,-3253.46,7485.26,-9692.46
20,195,1111.14,-3810.93,5661.75,-11125.1
25,195,722.67,-4207.2,3769.93,-12020.6
30,195,399.84,-4432.22,1950.33,-12377.5
35,195,148.094,-4490.19,311.603,-12232.2
40,195,-32.9831,-4399.26,-1076.09,-11652
45,195,-146.884,-4189.7,-2178.48,-10726.5
50,195,-199.61,-3899.32,-2989.93,-9557.98
55,195,-200.41,-3567.2,-3525.55,-8250.4
60,195,-162.183,-3227.51,-3815.1,-6899.59
65,195,-100.457,-2905.36,-3898.54,-5584.91
70,195,-30.9898,-2615.71,-3822.16,-4364.32
75,195,33.143,-2364.53,-3634.35,-3273.28
80,195,83.9579,-2151.46,-3381.27,-2327.04
85,195,119.803,-1972.45,-3102.79,-1525.33
90,195,145.265,-1821.79,-2829.59,-857.965
95,195,169.895,-1693.32,-2581.39,-310.091
100,195,206.036,-1580.65,-2366.66,133.875
105,195,266.026,-1477.05,-2183.46,487.971
110,195,359.199,-1375.14,-2021.79,764.002
115,195,489.297,-1266.8,-1867.42,971.956
120,195,653.137,-1143.8,-1707.04,1120.86
125,195,841.137,-999.136,-1533.8,1219.36
130,195,1039.6,-829.198,-1351.57,1275.53
135,195,1233.58,-635.951,-1175.9,1295.89
140,195,1408.55,-428.303,-1030.51,1284.03
145,195,1549.76,-221.653,-939.441,1239.48
150,195,1639.75,-35.3847,-917.481,1157.78
155,195,1656.74,111.025,-962.78,1032.01
160,195,1576.77,202.057,-1055.37,855.93
165,195,1380.82,229.374,-1162.93,627.838
170,195,1064.48,193.909,-1251.69,353.657
175,195,645.292,106.874,-1297.44,47.4971
180,195,162.781,-10.6772,-1291.88,-271.177
0,200,3792.19,-1165.5,10768.2,-2721.33
5,200,3311.1,-2287.11,9990.38,-5339.94
10,200,2703.95,-3326.29,8673.61,-7669.62
15,200,2036.43,-4215.89,6943.01,-9581.45
20,200,1372.04,-4909.04,4963.09,-10987.6
25,200,762.059,-5380.57,2910.38,-11845.7
30,200,240.625,-5625.38,945.454,-12158.1
35,200,-174.572,-5656.24,-807.642,-11967
40,200,-478.545,-5501.68,-2269.96,-11346.2
45,200,-675.152,-5202.8,-3405.31,-10391.6
50,200,-774.804,-4808.09,-4211.63,-9208.99
55,200,-793.458,-4366.58,-4711.13,-7903.41
60,200,-751.572,-3921.25,-4942.09,-6568.92
65,200,-672.06,-3504.4,-4952.76,-5281.71
70,200,-577.17,-3135.95,-4796.43,-4096.55
75,200,-485.059,-2824.37,-4526.7,-3046.69
80,200,-407.052,-2569.36,-4192.97,-2146.51
85,200,-346.29,-2364.94,-3836.61,-1395.91
90,200,-298.009,-2202.11,-3488.28,-785.203
95,200,-251.264,-2070.67,-3166.74,-299.565
100,200,-191.734,-1959.91,-2879.05,77.627
105,200,-105.16,-1858.82,-2622.18,362.761
110,200,19.1261,-1755.97,-2386.04,571.117
115,200,185.329,-1639.71,-2157.67,716.759
120,200,389.813,-1499.16,-1926.36,812.664
125,200,621.841,-1325.92,-1688.43,870.681
130,200,866.199,-1116.6,-1450.33,901.042
135,200,1106.43,-875.079,-1228.51,911.443
140,200,1326.73,-613.76,-1045.46,905.899
145,200,1511.2,-352.52,-922.549,883.793
150,200,1641.11,-115.436,-872.125,839.636
155,200,1692.95,73.9663,-891.911,764.157
160,200,1640.8,197.414,-964.57,647.038
165,200,1464.3,245.453,-1062.94,480.976
170,200,1159.7,219.665,-1158.86,265.669
175,200,748.067,133.739,-1231.71,9.713
180,200,274.756,12.998,-1272.78,-271.076
0,205,4716.27,-1398.24,10396.7,-2609.4
5,205,4133.05,-2795.89,9605.48,-5179.99
10,205,3350.96,-4077.06,8237.88,-7462.91
15,205,2457.58,-5157.27,6424.6,-9327.94
20,205,1543.41,-5980.38,4341.39,-10687
25,205,686.762,-6520.26,2179.44,-11499
30,205,-55.754,-6777.56,113.92,-11769.5
35,205,-651.558,-6775.14,-1719.63,-11545.7
40,205,-1089.13,-6553.39,-3235.82,-10906.7
45,205,-1373.03,-6165.09,-4397.18,-9952.54
50,205,-1519.36,-5669.17,-5204.37,-8790.78
55,205,-1552.19,-5123.42,-5684.58,-7524.81
60,205,-1500.51,-4577.99,-5881.74,-6244.58
65,205,-1394.89,-4070.7,-5849.21,-5021.04
70,205,-1263.72,-3625.28,-5644.12,-3904.18
75,205,-1129.63,-3252.2,-5322.49,-2923.97
80,205,-1006.82,-2951.27,-4934.76,-2093.29
85,205,-899.965,-2714.94,-4522.21,-1411.79
90,205,-804.891,-2531.46,-4114.68,-869.993
95,205,-710.791,-2387.03,-3729.85,-452.86
100,205,-603.474,-2267.15,-3373.99,-142.572
105,205,-469.057,-2157.09,-3044.21,79.5846
110,205,-297.484,-2042.11,-2731.83,232.034
115,205,-85.1739,-1908.01,-2426.75,332.151
120,205,163.875,-1742.25,-2122.12,395.636
125,205,438.928,-1536.06,-1818.12,435.912
130,205,724.989,-1286.94,-1523.89,463.504
135,205,1005.69,-1001.03,-1256.42,485.442
140,205,1264.87,-694.07,-1036.5,504.644
145,205,1485.73,-389.856,-882.565,519.312
150,205,1648.2,-116.3,-804.624,522.582
155,205,1727.37,100.088,-800.445,503.073
160,205,1696.33,239.491,-855.749,447.086
165,205,1534.9,292.625,-948.442,342.626
170,205,1241.38,262.949,-1055.15,184.164
175,205,841.009,167.583,-1157.26,-24.1428
180,205,384.641,36.5744,-1243.99,-268.912
0,210,5604.46,-1620.35,9946.13,-2477.6
5,210,4919.19,-3281.87,9162.81,-4953.29
10,210,3957.89,-4794.53,7784.86,-7149.28
15,210,2829.63,-6056.44,5942.74,-8937.32
20,210,1652.74,-7001.82,3816.34,-10230.7
25,210,534.415,-7603.33,1604.28,-10990
30,210,-443.96,-7867.64,-509.762,-11223.2
35,210,-1232.89,-7828.35,-2383.16,-10980.6
40,210,-1813.1,-7538.44,-3926.35,-10344.8
45,210,-2189.56,-7062.75,-5100.84,-9417.85
50,210,-2384.24,-6470.19,-5908.75,-8306.99
55,210,-2429.67,-5826.18,-6380.01,-7112.28
60,210,-2363.44,-5186.42,-6561.47,-5918.05
65,210,-2223.52,-4592.7,-6508.76,-4788.68
70,210,-2044.09,-4071.44,-6280.31,-3768.17
75,210,-1852.05,-3634.57,-5932.27,-2882.06
80,210,-1664.72,-3282,-5514.31,-2140.56
85,210,-1489.19,-3005.09,-5066.31,-1542.14
90,210,-1323.39,-2789.91,-4616.61,-1076.78
95,210,-1158.65,-2619.9,-4181.78,-728.95
100,210,-983.088,-2477.6,-3767.94,-479.831
105,210,-785.113,-2345.54,-3373.36,-309.13
110,210,-556.552,-2206.85,-2991.98,-196.497
115,210,-294.764,-2045.92,-2617.57,-122.806
120,210,-3.41085,-1849.68,-2247.56,-71.3433
125,210,308.245,-1609.68,-1885.93,-28.7855
130,210,627.163,-1324.65,-1543.9,14.2135
135,210,938.514,-1002.74,-1238.37,62.8449
140,210,1226.61,-662.356,-987.982,118.134
145,210,1473.98,-330.294,-808.347,176.731
150,210,1659.39,-37.2318,-707.662,230.472
155,210,1757.03,188.447,-684.4,266.371
160,210,1740.11,326.526,-727.696,268.184
165,210,1589.96,369.046,-820.201,220.271
170,210,1307.88,322.372,-942.207,113.015
175,210,923.322,207.711,-1075.5,-52.6867
180,210,491.598,59.8724,-1205.73,-264.701
0,215,6450,-1830.12,9419.82,-2326.95
5,215,5667.15,-3735.46,8665.82,-4663.62
10,215,4531.3,-5462.72,7319.32,-6734.95
15,215,3171.06,-6893.31,5505.01,-8417.94
20,215,1731.4,-7951.73,3399.66,-9629.14
25,215,348.341,-8608.9,1201.73,-10330.9
30,215,-871.15,-8877.04,-903.201,-10532.2
35,215,-1859.4,-8800.22,-2770,-10284.6
40,215,-2588.2,-8443.94,-4307.14,-9671.38
45,215,-3061.92,-7884.84,-5475.25,-8794.38
50,215,-3307.67,-7201.26,-6276.49,-7758.48
55,215,-3365.76,-6465.27,-6741.31,-6659.1
60,215,-3281.75,-5736.8,-6916.99,-5574.02
65,215,-3100.48,-5060.31,-6859.15,-4560.39
70,215,-2861.66,-4463.89,-6625.42,-3655.46
75,215,-2596.73,-3960.35,-6270.39,-2879.44
80,215,-2326.98,-3549.74,-5841.62,-2238.92
85,215,-2063.4,-3222.75,-5376.77,-1730.22
90,215,-1807.91,-2964.08,-4902.31,-1342.27
95,215,-1555.92,-2755.4,-4433.89,-1058.95
100,215,-1299.48,-2577.44,-3978.01,-861.035
105,215,-1030.37,-2411.26,-3534.81,-727.809
110,215,-742.571,-2239.05,-3101.47,-638.584
115,215,-433.949,-2044.91,-2675.69,-574.244
120,215,-106.842,-1816.05,-2258.82,-518.728
125,215,232.201,-1544.73,-1857.62,-460.152
130,215,573.268,-1230.73,-1484.39,-391.265
135,215,903.943,-883.701,-1155.06,-309.206
140,215,1209.51,-523.855,-886.002,-214.984
145,215,1472.21,-180.01,-690.406,-113.366
150,215,1670.02,115.396,-575.522,-13.4253
155,215,1777.11,333.112,-541.285,70.8871
160,215,1767.98,453.534,-580.453,121.678
165,215,1626.6,471.023,-679.836,120.774
170,215,1357.73,395.673,-822.117,55.6993
175,215,994.422,253.15,-987.969,-74.6957
180,215,594.814,82.7148,-1158.3,-258.475
0,220,7246.45,-2025.96,8821.82,-2158.59
5,220,6374.84,-4147.76,8117.55,-4316.23
10,220,5078.19,-6066.75,6843.42,-6228.51
15,220,3501.3,-7649.21,5113.39,-7780.94
20,220,1812.7,-8810.14,3094.24,-8895.13
25,220,175.166,-9518.03,976.771,-9535.36
30,220,-1279.54,-9789.44,-1058.19,-9710.56
35,220,-2465.26,-9677.79,-2867.72,-9470.69
40,220,-3343.78,-9260.14,-4360.65,-8897.14
45,220,-3917.51,-8624.22,-5496.91,-8088.6
50,220,-4217.27,-7857.12,-6277.42,-7145.61
55,220,-4289.85,-7036.72,-6731.17,-6157.67
60,220,-4187.77,-6226.21,-6903.74,-5195.47
65,220,-3962.13,-5471.64,-6848.73,-4308.67
70,220,-3658.01,-4801.84,-6621.31,-3527.61
75,220,-3311.78,-4229.91,-6273.27,-2866.84
80,220,-2949.67,-3756,-5849.19,-2328.99
85,220,-2587.9,-3370.56,-5384.09,-1907.96
90,220,-2233.8,-3057.82,-4902.6,-1591.56
95,220,-1888.13,-2798.86,-4419.72,-1363.44
100,220,-1547.59,-2573.87,-3942.73,-1204.75
105,220,-1207.46,-2363.73,-3473.93,-1095.53
110,220,-863.55,-2150.79,-3013.52,-1016.17
115,220,-513.576,-1919.68,-2562.52,-949.036
120,220,-157.924,-1658.26,-2124.99,-879.944
125,220,200.022,-1359.51,-1709.13,-799.304
130,220,553.733,-1024.02,-1327,-702.345
135,220,893.378,-662.313,-992.923,-588.513
140,220,1205.51,-295.731,-720.974,-460.559
145,220,1472.56,45.6707,-522.677,-324.216
150,220,1672.7,328.508,-405.282,-188.928
155,220,1781.22,523.51,-370.846,-68.9135
160,220,1775.17,612.566,-415.699,17.2024
165,220,1641.96,593.194,-529.971,49.8805
170,220,1389.75,479.822,-697.408,15.0867
175,220,1053.96,302.69,-896.281,-89.166
180,220,693.503,104.928,-1102.05,-250.282
0,225,7987.74,-2206.39,8156.68,-1973.8
5,225,7040.23,-4510.76,7520.6,-3917.66
10,225,5605.24,-6593.21,6356.67,-5640.73
15,225,3839.26,-8307.17,4764.14,-7039.99
20,225,1929.66,-9558.84,2893.74,-8043.92
25,225,61.9996,-10313.5,921.73,-8619.12
30,225,-1609.61,-10590.3,-982.208,-8773.15
35,225,-2981.3,-10450.2,-2682.01,-8552.2
40,225,-4004.24,-9980.06,-4089.4,-8032.52
45,225,-4677.37,-9277.56,-5164.1,-7306.82
50,225,-5033.52,-8437.71,-5904.96,-6469.02
55,225,-5124.45,-7543.5,-6337.87,-5601.38
60,225,-5008.56,-6660.64,-6504.91,-4767.04
65,225,-4742.61,-5835.85,-6455.94,-4008.31
70,225,-4376.91,-5097.78,-6242.26,-3348.98
75,225,-3952.86,-4459.18,-5911.8,-2798.48
80,225,-3502,-3920.07,-5505.65,-2355.85
85,225,-3046.08,-3471.05,-5056.02,-2013.05
90,225,-2598.14,-3096.75,-4585.82,-1757.26
95,225,-2164.21,-2778.83,-4109.63,-1572.55
100,225,-1745.46,-2498.29,-3635.64,-1441.21
105,225,-1340.19,-2236.9,-3168.02,-1344.92
110,225,-945.635,-1978.06,-2709.38,-1266.14
115,225,-559.282,-1707.35,-2262.93,-1189.6
120,225,-179.86,-1413.47,-1834.02,-1103.77
125,225,191.774,-1090.06,-1430.88,-1001.74
130,225,551.783,-738.215,-1064.31,-881.265
135,225,892.551,-369.074,-746.494,-743.792
140,225,1202.12,-4.70501,-489.508,-593.325
145,225,1464.05,324.096,-303.929,-436.01
150,225,1658.05,583.62,-197.803,-281.075
155,225,1762.04,745.297,-175.665,-142.317
160,225,1756.76,793.264,-237.029,-38.144
165,225,1633.49,728.849,-374.298,11.7825
170,225,1403.16,571.182,-571.008,-6.74193
175,225,1101.85,354.936,-802.103,-95.3599
180,225,786.914,126.342,-1037.41,-240.185
0,230,8668.25,-2370.02,7429.47,-1773.99
5,230,7661.19,-4817.51,6877.23,-3475.63
10,230,6118.08,-7030.38,5856.16,-4984.36
15,230,4201.89,-8852.17,4448.02,-6211.09
20,230,2112.71,-10181.4,2782.72,-7092.93
25,230,53.2991,-10979.5,1016.08,-7599.33
30,230,-1803.94,-11266.3,-699.055,-7735.69
35,230,-3339.41,-11107.6,-2237.99,-7542.32
40,230,-4493.69,-10598.1,-3518.02,-7087.43
45,230,-5261.02,-9843.68,-4499.7,-6454.8
50,230,-5674.56,-8946.19,-5179.46,-5729.32
55,230,-5789.54,-7993.11,-5579.01,-4984.64
60,230,-5669.24,-7052,-5735.45,-4276
65,230,-5375.51,-6169.48,-5693.42,-3638.82
70,230,-4963.5,-5373.09,-5499.08,-3091.34
75,230,-4479.22,-4674.56,-5195.61,-2638.91
80,230,-3958.74,-4073.38,-4820.07,-2278.15
85,230,-3428.4,-3560.52,-4401.66,-1999.99
90,230,-2905.65,-3121.7,-3961.56,-1791.79
95,230,-2400.56,-2740.16,-3513.91,-1638.65
100,230,-1917.59,-2398.75,-3067.54,-1524.53
105,230,-1457.47,-2081.05,-2627.98,-1433.27
110,230,-1018.88,-1772.1,-2199.36,-1349.9
115,230,-599.772,-1458.77,-1785.96,-1261.98
120,230,-198.58,-1130.73,-1393.31,-1160.92
125,230,184.77,-782.317,-1028.63,-1042.67
130,230,547.767,-415.239,-700.756,-907.33
135,230,884.366,-41.2425,-419.605,-758.024
140,230,1184.45,316.969,-195.527,-599.515
145,230,1433.95,628.156,-38.6982,-437.864
150,230,1615.8,858.787,41.6133,-281.571
155,230,1712.12,981.621,38.4794,-143.35
160,230,1708.25,983.635,-50.0695,-40.412
165,230,1599.28,870.373,-217.54,8.79877
170,230,1397.72,665.718,-446.17,-8.62606
175,230,1138.27,408.369,-707.095,-92.8405
180,230,874.336,146.795,-964.881,-228.26
0,235,9282.79,-2515.61,6645.71,-1560.68
5,235,8235.36,-5062.37,6189.42,-2998.84
10,235,6620.71,-7368.57,5336.89,-4273.83
15,235,4602.76,-9271.44,4150.93,-5312.37
20,235,2387.38,-10663.4,2737.38,-6061.69
25,235,187.572,-11501.5,1227.15,-6494.87
30,235,-1811.43,-11804.4,-248.497,-6614.79
35,235,-3477.52,-11640.1,-1580.26,-6454.32
40,235,-4741.6,-11108.2,-2693.84,-6071.14
45,235,-5592.53,-10320.6,-3552.05,-5537.35
50,235,-6062.3,-9384.96,-4149.2,-4926.49
55,235,-6208.17,-8392.19,-4502.26,-4302.27
60,235,-6097.2,-7411.12,-4642.29,-3711.87
65,235,-5795.54,-6487.63,-4607.47,-3184.61
70,235,-5362.37,-5647.5,-4437.66,-2734.52
75,235,-4847.18,-4900.71,-4170.4,-2364.47
80,235,-4288.98,-4245.92,-3838.06,-2070.01
85,235,-3716.59,-3674.41,-3466.46,-1842.14
90,235,-3149.62,-3173.34,-3074.73,-1669.12
95,235,-2600.06,-2728.15,-2676.18,-1537.55
100,235,-2074.16,-2324.13,-2279.81,-1433.31
105,235,-1574.38,-1947.29,-1891.87,-1342.56
110,235,-1101.15,-1584.72,-1517.25,-1253
115,235,-654.179,-1224.95,-1160.59,-1155.16
120,235,-233.434,-858.948,-826.893,-1043.47
125,235,160.072,-482.113,-521.886,-916.622
130,235,523.58,-97.118,-252.209,-776.907
135,235,851.955,283.416,-25.5282,-628.765
140,235,1137.36,636.119,149.305,-477.388
145,235,1369.44,929.562,262.283,-328.452
150,235,1536.06,1130.86,302.962,-189.391
155,235,1624.85,1214.61,262.542,-71.2779
160,235,1626.2,1170.98,137.601,10.856
165,235,1538.36,1009.76,-65.315,41.1847
170,235,1373.82,759.226,-326.356,9.59986
175,235,1163.69,461.415,-612.861,-81.4905
180,235,955.104,166.13,-885.006,-214.597
0,240,9826.67,-2642.06,5811.37,-1335.49
5,240,8759.99,-5241.08,5458.99,-2496.75
10,240,7114.9,-7600.38,4792.28,-3524.96
15,240,5050.84,-9554.69,3854.86,-4363.78
20,240,2772.09,-10992.4,2726.92,-4971.74
25,240,494.157,-11866.2,1511.66,-5326.47
30,240,-1591.6,-12191.7,315.347,-5428.41
35,240,-3344.97,-12036.3,-771.46,-5302.1
40,240,-4689.13,-11501.5,-1685.55,-4992.86
45,240,-5607.49,-10702.7,-2393.76,-4558.79
50,240,-6129.65,-9751.24,-2889.04,-4060.15
55,240,-6313.35,-8740.61,-3183.58,-3549.66
60,240,-6227.93,-7740.23,-3301.78,-3066.46
65,240,-5942.5,-6794.85,-3274.4,-2634.78
70,240,-5518.86,-5928.14,-3134.03,-2265.99
75,240,-5008.33,-5148.07,-2911.59,-1962.05
80,240,-4450.79,-4452.21,-2634.06,-1718.82
85,240,-3875.23,-3832.04,-2323.23,-1528.32
90,240,-3301.06,-3276.12,-1995.61,-1380.25
95,240,-2740.1,-2772.11,-1663.18,-1262.95
100,240,-2198.9,-2307.93,-1334.54,-1164.27
105,240,-1680.98,-1872.14,-1016.13,-1072.7
110,240,-1188.7,-1454.17,-713.195,-978.52
115,240,-724.486,-1044.64,-430.334,-875.105
120,240,-291.382,-636.369,-171.828,-759.692
125,240,106.891,-226.455,58.1444,-633.428
130,240,466.048,180.921,255.079,-500.418
135,240,781.357,571.968,413.416,-366.136
140,240,1047.69,922.698,525.703,-236.052
145,240,1259.49,1201.84,582.195,-115.433
150,240,1410.79,1377.64,571.725,-10.5964
155,240,1495.5,1426.87,484.496,69.395
160,240,1508.86,1342.88,316.765,112.576
165,240,1451.05,1139.17,76.1286,107.101
170,240,1332.61,847.59,-215.077,47.0971
175,240,1178.84,512.515,-520.895,-61.5144
180,240,1028.6,184.201,-798.396,-199.301
0,245,10295.8,-2748.41,4932.81,-1100.14
5,245,9231.91,-5350.93,4687.85,-1979.38
10,245,7599.84,-7720.86,4214.82,-2754.64
15,245,5549.51,-9694.47,3539.19,-3386.87
20,245,3276.41,-11158.5,2715.53,-3846.66
25,245,990.363,-12061.7,1818.3,-4117.04
30,245,-1118.6,-12415.2,926.908,-4196.58
35,245,-2907.68,-12283,110.867,-4101.25
40,245,-4295.29,-11765.3,-579.948,-3863
45,245,-5259.99,-10978.2,-1118.19,-3524.47
50,245,-5827.99,-10034.2,-1496.59,-3131.32
55,245,-6055.64,-9027.89,-1722.95,-2724.57
60,245,-6012.46,-8028.73,-1814.8,-2335.6
65,245,-5768.34,-7080.22,-1794.92,-1984.57
70,245,-5385.68,-6204.14,-1687.76,-1681.57
75,245,-4915.58,-5406.69,-1516.84,-1429.01
80,245,-4396.94,-4684.42,-1302.95,-1224.04
85,245,-3857.1,-4028.92,-1063.16,-1060.39
90,245,-3313.67,-3429.84,-810.795,-929.539
95,245,-2777,-2876.65,-555.983,-821.722
100,245,-2252.87,-2359.44,-306.548,-726.883
105,245,-1745.17,-1869.12,-68.8375,-635.79
110,245,-1257.87,-1397.52,151.778,-541.238
115,245,-796.182,-937.721,350.785,-439.104
120,245,-366.629,-485.047,524.594,-328.917
125,245,23.759,-39.0061,670.43,-213.638
130,245,368.644,394.196,785.694,-98.5944
135,245,663.507,799.456,866.744,10.0636
140,245,906.184,1152.44,907.509,106.6
145,245,1096.52,1422.58,898.838,185.888
150,245,1235.17,1579.71,829.575,242.465
155,245,1322.18,1602.89,689.982,269.366
160,245,1356.69,1488.09,477.092,258.361
165,245,1339.14,1251.48,200.271,202.736
170,245,1276.01,927.024,-115.706,102.081
175,245,1184.74,560.194,-432.52,-33.4238
180,245,1094.27,200.871,-705.709,-182.489
0,250,10686.5,-2833.83,4016.7,-856.415
5,250,9647.48,-5390.75,3878.07,-1457
10,250,8071.86,-7727.74,3596.85,-1980.42
15,250,6095.92,-9686.45,3182.26,-2404.41
20,250,3899.69,-11154.6,2664.83,-2711.88
25,250,1679.27,-12077.8,2091.06,-2891.97
30,250,-384.49,-12461.9,1513.33,-2942.18
35,250,-2152.5,-12365.1,979.108,-2870.43
40,250,-3542.22,-11883.1,523.456,-2695.22
45,250,-4528.6,-11129.2,166.365,-2443.3
50,250,-5133.63,-10214.5,-85.9339,-2145.2
55,250,-5410.05,-9233.12,-237.616,-1830.17
60,250,-5424.69,-8253.64,-299.607,-1522.23
65,250,-5245.33,-7318.6,-286.487,-1238.27
70,250,-4932.37,-6448.59,-214.145,-988.023
75,250,-4534.68,-5648.75,-98.0676,-775.133
80,250,-4088.64,-4915.12,47.8042,-598.607
85,250,-3619.06,-4239.39,211.638,-454.124
90,250,-3141.25,-3611.9,383.715,-335.175
95,250,-2663.7,-3023.24,556.012,-234.107
100,250,-2191.08,-2464.91,721.642,-143.17
105,250,-1727.01,-1929.58,874.451,-55.587
110,250,-1276.28,-1411.26,1009,33.4209
115,250,-845.923,-905.658,1120.87,125.865
120,250,-445.02,-411.12,1207.09,220.675
125,250,-83.2081,69.9171,1266.08,314.014
130,250,231.604,528.939,1296.86,400.193
135,250,495.409,949.681,1297.47,472.871
140,250,709.165,1308.02,1263.24,526.017
145,250,878.034,1574.75,1186.05,554.211
150,250,1008.81,1721.75,1055.61,552.332
155,250,1106.62,1730.11,863.312,515.316
160,250,1172.83,1597.41,607.875,439.002
165,250,1206.07,1340.73,300.774,322.579
170,250,1206.71,994.29,-31.2651,171.94
175,250,1182.58,603.127,-348.833,1.99254
180,250,1151.62,216.011,-607.651,-164.287
0,255,10995.9,-2897.69,3070.02,-606.172
5,255,10002.6,-5361.06,3032.19,-939.935
10,255,8524.5,-7621.54,2931.31,-1220.08
15,255,6680.83,-9529.75,2763.06,-1439.98
20,255,4630.49,-10977,2536.7,-1594.48
25,255,2548.47,-11907.1,2273.26,-1679.28
30,255,598.712,-12320.2,1999.66,-1691.76
35,255,-1090.03,-12266.9,1741.83,-1632.83
40,255,-2438.69,-11835.5,1519.61,-1508.52
45,255,-3420.37,-11133.2,1344.61,-1330.38
50,255,-4052.11,-10266.9,1220.87,-1114.35
55,255,-4380.57,-9328.1,1146.82,-878.372
60,255,-4466.59,-8383.97,1117.43,-639.578
65,255,-4372.48,-7476.35,1125.97,-412.039
70,255,-4153.78,-6625.54,1165.1,-205.439
75,255,-3855.18,-5836.72,1227.56,-24.7835
80,255,-3509.54,-5106.12,1306.51,129.119
85,255,-3138.92,-4425.76,1395.6,258.683
90,255,-2756.58,-3786.35,1488.86,368.378
95,255,-2369.6,-3178.87,1580.39,463.537
100,255,-1981.68,-2595.42,1664.24,549.287
105,255,-1595.85,-2029.65,1734.48,629.671
110,255,-1216.74,-1477.27,1785.65,707.011
115,255,-851.678,-936.506,1813.53,781.562
120,255,-510.506,-408.775,1815.7,851.476
125,255,-203.643,100.455,1791.58,913.043
130,255,60.9057,580.493,1741.5,961.15
135,255,280.538,1014.4,1664.92,989.83
140,255,459.5,1379.03,1558.59,992.786
145,255,607.662,1647.31,1415.85,963.891
150,255,736.628,1793.39,1228.11,897.793
155,255,854.7,1799.84,988.798,790.928
160,255,963.26,1664.29,698.922,643.157
165,255,1056.92,1402.56,371.986,459.817
170,255,1128.1,1046.88,35.7907,253.415
175,255,1173.77,640.186,-270.658,43.7127
180,255,1200.19,229.508,-504.969,-144.835
0,260,11221.7,-2939.49,2099.98,-351.315
5,260,10293,-5263.93,2153.29,-438.256
10,260,8948.63,-7405.64,2212.59,-491.233
15,260,7288.83,-9227.24,2262.97,-517.447
20,260,5446.74,-10626.1,2296.29,-522.797
25,260,3570.01,-11545.9,2311.98,-509.557
30,260,1798.56,-11981.2,2314.73,-475.898
35,260,244.423,-11974.1,2311.03,-417.251
40,260,-1021.41,-11603,2306.3,-328.977
45,260,-1972.2,-10966.2,2303.58,-209.265
50,260,-2619.56,-10163.6,2303.8,-61.0136
55,260,-3001.68,-9282.02,2306.83,108.092
60,260,-3170.02,-8386.4,2312.41,287.257
65,260,-3178.06,-7518.02,2320.69,465.183
70,260,-3073.79,-6697.78,2332.21,632.543
75,260,-2895.94,-5931.93,2347.48,783.494
80,260,-2673.13,-5217.76,2366.49,915.945
85,260,-2424.69,-4548,2388.18,1030.8
90,260,-2162.34,-3913.64,2410.19,1130.67
95,260,-1892.36,-3305.6,2428.67,1218.5
100,260,-1617.96,-2715.88,2438.6,1296.62
105,260,-1341.61,-2138.43,2434.35,1366.13
110,260,-1067.06,-1570.04,2410.64,1426.84
115,260,-800.566,-1010.89,2363.52,1477.47
120,260,-550.67,-464.99,2291.17,1515.93
125,260,-326.236,59.7048,2193.84,1539.32
130,260,-133.222,550.989,2072.83,1543.81
135,260,28.5803,992.078,1928.76,1524.24
140,260,166.994,1361.66,1759.83,1474.17
145,260,295.68,1635.39,1561.21,1386.54
150,260,429.167,1789.71,1326.66,1255.35
155,260,576.527,1807.74,1052.27,1078.07
160,260,736.71,1685.29,741.523,858.183
165,260,898.267,1434.5,409.457,606.818
170,260,1044.19,1083.16,83.7741,342.81
175,260,1159.82,670.487,-198.501,90.5358
180,260,1239.64,241.258,-398.444,-124.281
0,265,11362,-2958.93,1113.96,-93.7842
5,265,10513.8,-5103.02,1245.24,38.4649
10,265,9332.91,-7086.29,1437.17,189.213
15,265,7899.08,-8785.7,1667.41,339.661
20,265,6316.79,-10107,1914.89,474.268
25,265,4701.51,-10995.3,2162.41,584.558
30,265,3163.42,-11440.7,2397.11,670.897
35,265,1792.16,-11476.2,2609.63,741.608
40,265,646.409,-11169.2,2793.04,809.511
45,265,-249.371,-10606.5,2942.47,887.051
50,265,-901.128,-9878.83,3055.31,981.964
55,265,-1336.58,-9066.32,3131.67,1095.2
60,265,-1594.94,-8230.51,3174.56,1221.69
65,265,-1717.99,-7411.95,3189.48,1353.14
70,265,-1743.84,-6632.66,3183.4,1481.35
75,265,-1703.84,-5900.76,3163.39,1600.56
80,265,-1621.67,-5215.42,3135.3,1708.27
85,265,-1513.77,-4570.59,3102.74,1804.5
90,265,-1390.61,-3957.75,3066.54,1890.41
95,265,-1258.11,-3367.7,3024.82,1966.85
100,265,-1119.44,-2792.05,2973.59,2033.48
105,265,-976.753,-2224.59,2907.77,2088.57
110,265,-832.791,-1662.43,2822.49,2129.54
115,265,-691.846,-1106.84,2714.33,2153.7
120,265,-559.512,-563.267,2582.05,2158.82
125,265,-440.904,-40.9458,2426.57,2142.97
130,265,-337.705,447.641,2249.95,2103.68
135,265,-245.321,886.947,2053.8,2036.77
140,265,-151.992,1258.29,1837.77,1935.75
145,265,-41.2587,1540.36,1599.18,1792.67
150,265,102.301,1711.5,1334.49,1600.75
155,265,286.072,1754.14,1042.66,1358.09
160,265,504.318,1660.32,729.402,1071.06
165,265,737.858,1436.02,410.415,755.681
170,265,959.354,1102.4,111.939,436.242
175,265,1142.29,693.413,-132.528,141.143
180,265,1269.65,251.171,-288.886,-102.781
0,270,11415.8,-2955.84,119.459,164.46
5,270,10660.6,-4883.44,312.763,481.41
10,270,9664.35,-6672.52,604.27,805.522
15,270,8486.51,-8216.02,967.278,1108.89
20,270,7201.21,-9429.86,1372.52,1368.12
25,270,5888.73,-10262.6,1791.92,1569.33
30,270,4625.49,-10700.9,2200.77,1711.08
35,270,3474.52,-10769.5,2578.6,1803.78
40,270,2478.74,-10523.9,2909.41,1865.68
45,270,1658.46,-10038.7,3181.93,1916.55
50,270,1013.25,-9392.98,3390.07,1971.78
55,270,527.097,-8658.73,3533.15,2038.91
60,270,174.984,-7892.66,3615.75,2117.81
65,270,-71.1023,-7133.94,3646.67,2203.51
70,270,-237.795,-6405.63,3637.2,2289.85
75,270,-347.873,-5718.19,3599.01,2372.27
80,270,-419.315,-5073.19,3542.23,2448.77
85,270,-465.321,-4466.5,3473.94,2519.27
90,270,-494.886,-3890.58,3397.58,2584.12
95,270,-513.671,-3336.47,3313.07,2642.65
100,270,-525.042,-2795.52,3217.62,2692.46
105,270,-531.162,-2261.08,3107.08,2729.59
110,270,-533.925,-1729.95,2977.33,2749.49
115,270,-535.383,-1203.2,2825.67,2748.19
120,270,-537.269,-686.113,2651.54,2723.11
125,270,-539.442,-187.367,2456.51,2672.78
130,270,-537.642,281.942,2243.35,2595.62
135,270,-521.68,708.717,2014.66,2488.06
140,270,-475.641,1077.47,1771.66,2343.59
145,270,-381.19,1369.81,1513.92,2153.6
150,270,-223.772,1565.21,1240.66,1910.66
155,270,0.303212,1644,953.461,1613.15
160,270,278.935,1592.53,659.554,1269.35
165,270,584.208,1408.59,374.157,898.8
170,270,878.162,1104.8,120.604,529.88
175,270,1122.71,708.623,-72.5525,194.163
180,270,1289.99,259.174,-177.13,-80.4993
0,275,11382.8,-2930.26,-875.951,421.453
5,275,10728.7,-4611.61,-638.455,882.748
10,275,9929.05,-6175.94,-283.745,1343.63
15,275,9023.35,-7533.1,159.954,1769.67
20,275,8055.33,-8610.57,659.922,2131.59
25,275,7069.08,-9361.93,1183.22,2411.35
30,275,6105.34,-9772.33,1699.56,2605.71
35,275,5198.2,-9859.16,2182.89,2725.82
40,275,4372.67,-9666.81,2612.14,2792.68
45,275,3643.41,-9256.8,2971.93,2830.06
50,275,3014.96,-8696.05,3253.22,2857.72
55,275,2483.31,-8046.58,3453.82,2887.55
60,275,2038.42,-7358.95,3578.13,2923.34
65,275,1666.98,-6669.84,3635.98,2963.55
70,275,1354.77,-6002.73,3640.46,3004.84
75,275,1088.38,-5370.28,3605.39,3044.79
80,275,856.234,-4776.79,3542.99,3082.77
85,275,649.035,-4220.58,3462.3,3119.32
90,275,459.727,-3695.83,3368.42,3154.69
95,275,283.23,-3194.48,3262.71,3187.56
100,275,116.028,-2708.03,3143.72,3214.48
105,275,-44.2079,-2229.36,3008.46,3230.24
110,275,-198.747,-1754.29,2853.94,3229.07
115,275,-347.508,-1282.34,2678.45,3206
120,275,-488.187,-816.738,2482.33,3157.72
125,275,-614.919,-363.505,2267.98,3082.44
130,275,-716.922,69.4524,2039.11,2978.45
135,275,-778.07,472.612,1799.58,2842.19
140,275,-778.463,833.954,1552.33,2666.93
145,275,-698.672,1137.5,1299.18,2443.66
150,275,-526.173,1362.75,1041.83,2164.44
155,275,-262.133,1486.57,783.814,1827.58
160,275,74.2108,1488.12,532.834,1442.12
165,275,446.019,1355.47,302.293,1029.4
170,275,805.083,1091.42,111.209,620.184
175,275,1102.51,716.049,-18.0429,248.232
180,275,1300.52,265.203,-64.0252,-57.6045
0,280,11263.1,-2882.38,-1864.69,675.238
5,280,10714.1,-4295.1,-1601.77,1235.85
10,280,10113.1,-5610.49,-1221.13,1791.62
15,280,9480.92,-6755.62,-750.039,2304.1
20,280,8832.31,-7670.44,-220.2,2740.25
25,280,8176.09,-8314.99,336.438,3079.32
30,280,7517.73,-8674.65,890.303,3316.75
35,280,6862.2,-8761.23,1415.45,3463.53
40,280,6215.95,-8609.17,1890.14,3541.2
45,280,5587.12,-8267.51,2297.5,3574.47
50,280,4984.34,-7790.53,2626.55,3584.48
55,280,4414.9,-7229.55,2873.12,3585.09
60,280,3883.28,-6627.65,3039.97,3582.81
65,280,3390.68,-6017.72,3135.73,3579.27
70,280,2935.41,-5422.61,3172.7,3574.32
75,280,2513.79,-4856.45,3164.22,3568.23
80,280,2121.24,-4326.12,3122.3,3562.33
85,280,1753.01,-3832.65,3056.05,3558.34
90,280,1404.62,-3372.57,2970.98,3557.1
95,280,1072.13,-2939.38,2869.25,3557.56
100,280,752.228,-2525.26,2750.47,3556.33
105,280,442.587,-2122.73,2612.94,3548.16
110,280,142.495,-1726.05,2455,3527
115,280,-146.122,-1332.02,2276.25,3487.27
120,280,-417.425,-940.077,2078.29,3424.77
125,280,-660.476,-551.753,1864.83,3336.6
130,280,-858.721,-170.229,1641.06,3220
135,280,-990.846,199.375,1412.49,3070.61
140,280,-1033.67,548.485,1184.08,2881.24
145,280,-967.253,862.807,959.812,2642.48
150,280,-781.507,1120.79,743.31,2345.91
155,280,-482.56,1294.76,539.139,1989.2
160,280,-96.5131,1355.77,354.235,1580.81
165,280,331.555,1281.42,198.821,1141.98
170,280,744.207,1064.05,86.3008,704.113
175,280,1082.91,715.874,31.8495,302.053
180,280,1301.15,269.215,49.5665,-34.2713
0,285,11057.8,-2812.56,-2839.25,923.885
5,285,10613.4,-3942.37,-2569.59,1535.44
10,285,10203.2,-4992.07,-2198.75,2140.15
15,285,9831.57,-5905.65,-1750.96,2697.82
20,285,9486.46,-6636.01,-1252.91,3173.77
25,285,9144.35,-7150.83,-730.256,3546.17
30,285,8778.1,-7437.31,-206.101,3809.93
35,285,8365.57,-7503.6,299.036,3975.53
40,285,7895.58,-7375.8,766.882,4063.51
45,285,7369.66,-7091.72,1181.78,4097.15
50,285,6799.44,-6693.54,1532,4096.44
55,285,6201.94,-6221.67,1811.29,4075.12
60,285,5594.58,-5711.01,2019.62,4041.02
65,285,4991.84,-5189.42,2162.57,3998.28
70,285,4403.86,-4677.78,2249.37,3949.74
75,285,3836.54,-4190.53,2290.49,3898.44
80,285,3292.51,-3736.33,2295.51,3847.84
85,285,2772.09,-3318.6,2271.71,3801.13
90,285,2274.03,-2936.33,2223.56,3760.29
95,285,1796.16,-2584.96,2153,3725.22
100,285,1336.02,-2257.74,2060.12,3693.59
105,285,891.722,-1946.93,1944.2,3661.09
110,285,463.208,-1645,1804.95,3622.29
115,285,53.818,-1345.37,1643.53,3571.61
120,285,-328.15,-1042.68,1463.31,3504.05
125,285,-668.338,-732.888,1269.91,3415.32
130,285,-946.322,-413.618,1070.62,3301.11
135,285,-1137.32,-85.2268,873.245,3155.74
140,285,-1216.02,246.942,685.024,2971.15
145,285,-1162.35,569.65,511.996,2737.33
150,285,-968.301,859.597,359.151,2445.01
155,285,-644.072,1084.07,231.095,2090.35
160,285,-221.362,1205.86,132.785,1679.82
165,285,248.01,1192.21,70.0053,1232.71
170,285,698.971,1025.02,49.4388,779.275
175,285,1064.9,708.501,78.2443,354.443
180,285,1291.88,271.177,162.781,-10.6772
0,290,10768.2,-2721.33,-3792.19,1165.5
5,290,10423.9,-3562.57,-3533.49,1777.77
10,290,10188.1,-4338.03,-3204.38,2382.78
15,290,10050.6,-5007.99,-2824.32,2940.7
20,290,9976.55,-5538.34,-2411.7,3417.2
25,290,9914.45,-5905.15,-1981.5,3791.07
30,290,9809.22,-6098.86,-1545.61,4057.74
35,290,9615.49,-6125.63,-1114.73,4227.27
40,290,9306.96,-6005.07,-700.217,4318.36
45,290,8879.1,-5765.36,-314.175,4351.36
50,290,8345.55,-5437.8,32.0902,4343.25
55,290,7730.91,-5052.55,330.381,4306
60,290,7063.16,-4636.19,577.169,4247.41
65,290,6367.94,-4210.85,773.607,4173.13
70,290,5665.75,-3794.13,924.144,4088.32
75,290,4971.29,-3399.3,1034.53,3998.33
80,290,4294.19,-3035.34,1110.09,3908.5
85,290,3640,-2707.02,1154.64,3823.49
90,290,3011.2,-2415.09,1170.22,3746.51
95,290,2408.06,-2156.74,1157.36,3678.81
100,290,1829.65,-1926.28,1115.74,3619.56
105,290,1275.06,-1715.92,1045.12,3566
110,290,745.018,-1516.54,946.33,3513.97
115,290,243.641,-1318.3,822.188,3458.48
120,290,-219.817,-1111.2,678.149,3394.31
125,290,-629.84,-885.716,522.296,3316.16
130,290,-964.711,-633.991,364.624,3218.26
135,290,-1198.44,-351.787,215.755,3093.55
140,290,-1304.94,-41.4557,85.5381,2932.8
145,290,-1264.2,284.592,-17.9536,2724.9
150,290,-1069.43,601.283,-88.7942,2458.99
155,290,-733.276,871.203,-123.125,2128.69
160,290,-291.024,1049.61,-118.953,1737.02
165,290,200.908,1094.18,-75.9401,1299.62
170,290,671.904,977.017,5.02163,844.031
175,290,1049.13,694.512,122.469,404.37
180,290,1272.78,271.076,274.756,12.998
0,295,10396.7,-2609.4,-4716.27,1398.24
5,295,10144.2,-3165.24,-4484.36,1960.69
10,295,10058.6,-3666.69,-4223.06,2516.28
15,295,10118,-4089.34,-3945.78,3027.45
20,295,10268.8,-4411.82,-3660.11,3462.12
25,295,10437.6,-4618.99,-3367.12,3801.34
30,295,10547.4,-4705.46,-3064.11,4042.23
35,295,10535,-4676.77,-2748.97,4194.91
40,295,10362.6,-4547.68,-2423.71,4275.99
45,295,10021,-4338.47,-2095.25,4302.07
50,295,9525,-4071.21,-1773.55,4286.15
55,295,8904.48,-3767.05,-1468.51,4237.25
60,295,8195.09,-3444.9,-1187.52,4162
65,295,7431.01,-3120.94,-934.664,4066.47
70,295,6640.95,-2808.57,-711.365,3957.13
75,295,5847,-2518.35,-517.787,3840.78
80,295,5065,-2257.83,-354.06,3724.04
85,295,4305.46,-2031.4,-220.951,3612.56
90,295,3574.7,-1840.23,-119.936,3510.52
95,295,2875.83,-1682.29,-52.836,3420.32
100,295,2210.01,-1552.61,-21.1841,3342.52
105,295,1577.7,-1443.54,-25.4196,3275.98
110,295,980.346,-1345.06,-64.0161,3218.05
115,295,422.085,-1245.15,-132.68,3164.97
120,295,-88.4909,-1130.44,-223.862,3112.08
125,295,-537.017,-987.187,-326.859,3054
130,295,-903.072,-803.069,-428.677,2984.28
135,295,-1161.71,-569.857,-515.557,2894.79
140,295,-1287.43,-287.047,-574.752,2775.02
145,295,-1260.45,34.124,-596.048,2612.18
150,295,-1074.15,367.605,-572.733,2392.98
155,295,-741.73,672.493,-502.108,2107.42
160,295,-299.655,897.969,-385.737,1753.77
165,295,193.627,993.623,-229.347,1342.61
170,295,664.436,922.845,-41.9498,897.529
175,295,1035.89,674.621,165.981,450.979
180,295,1243.99,268.912,384.641,36.5744
0,300,9946.13,-2477.6,-5604.46,1620.35
5,300,9773.97,-2760.04,-5412.6,2083.68
10,300,9808.78,-2996.67,-5237.84,2540.75
15,300,10019.6,-3177.3,-5086.6,2958.02
20,300,10339.5,-3292.76,-4954.14,3307.41
25,300,10679.4,-3336.72,-4825.75,3573.87
30,300,10947.5,-3308.45,-4682.37,3757.35
35,300,11069.4,-3213.76,-4507.63,3868.68
40,300,11000,-3063.8,-4293.12,3922.54
45,300,10727.1,-2872.54,-4039.8,3931.63
50,300,10266.3,-2654.51,-3755.82,3904.52
55,300,9650.69,-2423.39,-3452.58,3846.67
60,300,8920.73,-2191.46,-3141.48,3762.73
65,300,8116.14,-1969.33,-2832.15,3658.14
70,300,7271.37,-1765.73,-2532.41,3539.53
75,300,6413.91,-1587.34,-2248.85,3414.14
80,300,5564.37,-1438.66,-1987.56,3288.86
85,300,4737.34,-1321.87,-1754.38,3169.54
90,300,3942.52,-1236.86,-1554.75,3060.61
95,300,3185.79,-1181.15,-1393.29,2964.9
100,300,2470.43,-1149.86,-1273.2,2883.78
105,300,1798.36,-1135.61,-1195.58,2817.3
110,300,1171.5,-1128.43,-1158.67,2764.31
115,300,593.305,-1115.82,-1157.15,2722.65
120,300,70.4608,-1083.06,-1181.81,2689.17
125,300,-385.577,-1014.26,-1219.65,2659.46
130,300,-757.682,-894.306,-1254.89,2627.42
135,300,-1023.81,-711.859,-1270.67,2584.5
140,300,-1160.3,-463.549,-1251.24,2519.02
145,300,-1147.91,-158.591,-1184.07,2416.2
150,300,-979.436,177.481,-1061.52,2259.66
155,300,-666.887,502.172,-882.01,2034.95
160,300,-245.477,760.635,-650.763,1734.68
165,300,227.072,896.281,-379.717,1363.39
170,300,676.753,865.214,-86.1627,939.67
175,300,1025.08,649.626,210.277,493.601
180,300,1205.73,264.701,491.598,59.8724
0,305,9419.82,-2326.95,-6450,1830.12
5,305,9314.27,-2356.45,-6308.34,2147.83
10,305,9436.24,-2346.31,-6230.48,2459.66
15,305,9748.68,-2299.32,-6215.36,2737.72
20,305,10176.5,-2217.73,-6245.3,2959.66
25,305,10622.1,-2103.74,-6289.46,3115.86
30,305,10986.7,-1961.3,-6312.35,3210.22
35,305,11190.8,-1796.91,-6283.55,3254.97
40,305,11186.7,-1618.91,-6184.51,3263.21
45,305,10961.5,-1436.15,-6010.44,3243.9
50,305,10531.2,-1257.03,-5767.7,3201.17
55,305,9930.5,-1089.22,-5469.25,3136.67
60,305,9202,-939.503,-5130.43,3052.46
65,305,8388.19,-813.516,-4766.46,2952.5
70,305,7526.58,-715.376,-4391.5,2842.49
75,305,6647.72,-647.379,-4018.54,2728.89
80,305,5775.06,-609.963,-3659.5,2617.75
85,305,4925.7,-601.877,-3325.08,2514.01
90,305,4111.55,-620.415,-3024.44,2421.28
95,305,3340.43,-661.556,-2764.79,2341.89
100,305,2617.24,-719.908,-2550.88,2277.18
105,305,1944.96,-788.457,-2384.5,2227.74
110,305,1325.74,-858.169,-2263.93,2193.71
115,305,762.051,-917.634,-2183.37,2174.7
120,305,258.153,-952.978,-2132.61,2169.59
125,305,-178.174,-948.42,-2097.19,2175.84
130,305,-534.183,-887.872,-2059.27,2188.57
135,305,-792.003,-757.924,-1999.42,2199.54
140,305,-930.991,-552.275,-1899.13,2196.33
145,305,-933.097,-277.035,-1743.46,2162.3
150,305,-790.374,44.6178,-1523.55,2077.9
155,305,-512.399,370.844,-1238.57,1923.98
160,305,-131.002,645.13,-896.94,1687.1
165,305,299.536,806.873,-516.428,1365.14
170,305,707.754,806.548,-122.313,971.014
175,305,1016.21,620.363,256.802,531.751
180,305,1158.3,258.475,594.814,82.7148
0,310,8821.82,-2158.59,-7246.45,2025.96
5,310,8767.61,-1963.52,-7161.71,2155.83
10,310,8942.27,-1733.02,-7182.37,2279.73
15,310,9305.64,-1481.53,-7299.84,2377.1
20,310,9779.94,-1221.78,-7483.95,2433.05
25,310,10266.1,-963.885,-7688.87,2444.82
30,310,10665.6,-716.148,-7864.34,2421.31
35,310,10900.1,-485.748,-7967.63,2376.77
40,310,10923.5,-278.603,-7971.63,2323.12
45,310,10724.2,-99.1854,-7866.87,2265.83
50,310,10318.9,49.1992,-7658.58,2204.69
55,310,9742.09,163.894,-7361.42,2137.4
60,310,9036.62,242.719,-6994.64,2062.94
65,310,8245.24,284.34,-6578.73,1982.95
70,310,7406,288.864,-6133.79,1901.16
75,310,6550.12,258.205,-5678.66,1822.05
80,310,5701.63,196.002,-5230.42,1749.59
85,310,4878.14,107.166,-4803.88,1686.66
90,310,4091.97,-2.66312,-4411.12,1634.98
95,310,3351.41,-127.512,-4061.09,1595.45
100,310,2661.87,-261.176,-3759.4,1568.61
105,310,2026.78,-396.998,-3508.06,1555.13
110,310,1448.32,-527.369,-3305.22,1556
115,310,928.15,-643.058,-3144.85,1572.5
120,310,468.495,-732.609,-3016.48,1605.55
125,310,73.71,-782.172,-2905.15,1654.69
130,310,-247.989,-776.344,-2792.14,1716.7
135,310,-483.613,-700.624,-2656.56,1784.26
140,310,-616.657,-545.831,-2477.84,1844.97
145,310,-631.369,-314.029,-2238.97,1881.08
150,310,-519.527,-24.3137,-1929.64,1870.53
155,310,-287.754,284.34,-1549.12,1790
160,310,37.1377,556.137,-1108.17,1620.14
165,310,406.773,728.742,-629.451,1352.1
170,310,755.075,748.838,-145.431,992.644
175,310,1008.38,587.666,306.851,565.115
180,310,1102.05,250.282,693.503,104.928
0,315,8156.68,-1973.8,-7987.74,2206.39
5,315,8137.9,-1589.55,-7963.11,2111.81
10,315,8331.93,-1172.65,-8075.42,2010.7
15,315,8698.49,-747.706,-8308.99,1891.59
20,315,9162.34,-336.776,-8622.71,1748.79
25,315,9629.52,43.0324,-8958.34,1587.77
30,315,10008.1,379.63,-9254.03,1423.35
35,315,10226.3,665.441,-9457.97,1272.32
40,315,10243.6,896.873,-9537.12,1145.72
45,315,10051,1073.41,-9479.19,1045.69
50,315,9665.6,1196.28,-9289.23,967.655
55,315,9121.1,1267.23,-8983.95,905.043
60,315,8458.4,1288.13,-8586.25,853.117
65,315,7718.52,1261.43,-8121.43,810.265
70,315,6937.97,1190.85,-7614.73,777.154
75,315,6146.46,1081.8,-7089.92,755.136
80,315,5366.55,941.16,-6568.2,745.022
85,315,4614.23,776.698,-6067.42,746.648
90,315,3900.28,596.332,-5601.38,759.105
95,315,3231.74,407.582,-5179.66,781.31
100,315,2613.19,217.312,-4807.53,812.652
105,315,2047.69,31.8114,-4486.24,853.49
110,315,1537.33,-142.797,-4213.12,905.331
115,315,1083.48,-299.798,-3981.67,970.54
120,315,687.298,-430.877,-3781.44,1051.5
125,315,350.675,-525.181,-3597.92,1149.33
130,315,77.8251,-569.149,-3412.86,1262.31
135,315,-123.394,-548.085,-3205.41,1384.45
140,315,-241.628,-450.226,-2954.42,1504.33
145,315,-264.787,-273.121,-2641.58,1604.41
150,315,-185.418,-30.5603,-2255.3,1661.55
155,315,-7.33047,243.165,-1794.3,1649.44
160,315,248.71,495.168,-1270.5,1543.71
165,315,542.252,663.666,-710.023,1329.07
170,315,815.202,693.542,-151.199,1005.99
175,315,1000.39,552.333,361.482,593.528
180,315,1037.41,240.185,786.914,126.342
0,320,7429.47,-1773.99,-8668.25,2370.02
5,320,7430.43,-1241.91,-8703.46,2021.16
10,320,7613.82,-678.96,-8892.93,1664.96
15,320,7942.09,-118.297,-9214.78,1300.85
20,320,8347.21,410.159,-9619.61,934.073
25,320,8745.9,883.421,-10040.6,579.658
30,320,9058.2,1286.4,-10409,259.102
35,320,9223.42,1611.5,-10668.1,-7.94058
40,320,9208.57,1857.47,-10782.6,-211.204
45,320,9008.62,2027.51,-10739.6,-351.948
50,320,8640.83,2127,-10545.2,-439.457
55,320,8136.58,2161.76,-10218.3,-485.257
60,320,7533.49,2137.4,-9785.19,-498.784
65,320,6869.1,2059.71,-9274.91,-486.051
70,320,6176.65,1935.33,-8716.83,-450.623
75,320,5482.8,1772.14,-8138.46,-395.266
80,320,4807.02,1579.04,-7563.94,-323.074
85,320,4162.2,1365.29,-7012.92,-237.674
90,320,3556.04,1139.85,-6499.75,-142.763
95,320,2992.85,910.842,-6033.34,-41.3687
100,320,2475.17,685.278,-5617.36,64.8014
105,320,2004.91,468.957,-5250.91,175.7
110,320,1583.88,266.665,-4929.32,292.865
115,320,1213.63,82.7948,-4644.74,418.88
120,320,895.213,-77.4709,-4386.48,556.43
125,320,629.237,-206.595,-4140.97,707.088
130,320,416.753,-293.499,-3891.71,870.011
135,320,260.603,-324.062,-3619.78,1040.67
140,320,166.237,-284.558,-3305.3,1209.59
145,320,140.76,-168.195,-2930.25,1361.13
150,320,189.55,17.0104,-2482.35,1473.02
155,320,310.977,242.656,-1959.37,1517.78
160,320,490.699,460.607,-1373.06,1467.37
165,320,697.583,611.838,-751.215,1300.88
170,320,883.661,641.552,-136.217,1012.62
175,320,990.732,515.102,421.436,616.95
180,320,964.881,228.26,874.336,146.795
0,325,6645.71,-1560.68,-9282.79,2515.61
5,325,6651.71,-926.784,-9374.44,1890.38
10,325,6799.59,-263.16,-9620.29,1257.1
15,325,7057.07,390.39,-9993.79,627.937
20,325,7367.23,997.81,-10440.7,20.7638
25,325,7661.71,1531.59,-10890.7,-538.686
30,325,7876.46,1974.51,-11273.6,-1021.69
35,325,7964.46,2319.32,-11533.3,-1405.61
40,325,7901.95,2567.02,-11636.1,-1681.15
45,325,7687.9,2724.22,-11571,-1853.41
50,325,7339.01,2800.09,-11346.5,-1937.14
55,325,6883.2,2804.18,-10983.5,-1949.93
60,325,6353.25,2745.5,-10510.6,-1907.26
65,325,5781.79,2632.65,-9959.63,-1820.9
70,325,5197.57,2474.5,-9362.47,-1699.77
75,325,4623.21,2280.4,-8748.97,-1551.44
80,325,4074.34,2060,-8144.99,-1383.07
85,325,3560.1,1822.77,-7570.87,-1201.5
90,325,3084.52,1577.52,-7040.51,-1012.62
95,325,2648.48,1332,-6561.03,-820.783
100,325,2251.77,1092.73,-6133.27,-628.335
105,325,1894.53,864.811,-5752.83,-435.719
110,325,1577.9,651.808,-5411.52,-241.926
115,325,1303.7,456.16,-5098.85,-45.2744
120,325,1073.41,280.296,-4803.01,155.735
125,325,887.213,128.598,-4511.34,361.667
130,325,743.821,9.41918,-4210.04,571.541
135,325,641.434,-64.3691,-3883.9,782.132
140,325,579.288,-78.0159,-3516.61,986.741
145,325,558.557,-21.2392,-3092.47,1173.29
150,325,581.363,103.387,-2599.66,1322.47
155,325,647.324,273.839,-2034.96,1407.78
160,325,748.284,448.126,-1408.69,1399.35
165,325,863.059,572.014,-748.358,1271.87
170,325,955.268,593.212,-98.2258,1014.1
175,325,977.699,476.64,487.072,635.428
180,325,885.006,214.597,955.104,166.13
0,330,5811.37,-1335.49,-9826.67,2642.06
5,330,5809.37,-649.025,-9968.72,1726.83
10,330,5903.37,66.4651,-10245.7,803.33
15,330,6068.53,766.757,-10628.4,-101.688
20,330,6261.72,1411.7,-11062,-956.233
25,330,6432.26,1970.81,-11478.6,-1722.97
30,330,6534.07,2425.61,-11812.7,-2365.69
35,330,6534.98,2769.41,-12014.6,-2859
40,330,6420.71,3005.2,-12056.3,-3195.08
45,330,6193.77,3142.39,-11931.8,-3383.72
50,330,5869.38,3193.39,-11652.4,-3446.3
55,330,5470.68,3170.92,-11240.8,-3407.91
60,330,5024.34,3086.8,-10726.6,-3291.65
65,330,4556.84,2951.87,-10142.3,-3116.39
70,330,4091.55,2776.4,-9520.63,-2897.27
75,330,3646.6,2570.31,-8892.11,-2646.88
80,330,3233.81,2343.11,-8283,-2376.02
85,330,2858.83,2103.6,-7713.42,-2093.77
90,330,2522.39,1859.63,-7196.01,-1807.07
95,330,2222.24,1618.02,-6735.41,-1520.51
100,330,1955.4,1384.35,-6328.76,-1236.39
105,330,1719.94,1162.78,-5967.02,-955.435
110,330,1515.95,955.764,-5637.18,-677.735
115,330,1345.13,764.099,-5324.65,-403.662
120,330,1209.29,587.929,-5015.39,-134.435
125,330,1108.46,428.843,-4697.08,127.943
130,330,1039.55,292.442,-4359.06,381.156
135,330,996.658,189.706,-3991.31,622.795
140,330,973.022,135.21,-3583.3,849.353
145,330,963.586,141.311,-3123.84,1053.56
150,330,966.432,209.802,-2603.15,1220.96
155,330,981.454,324.826,-2017.29,1328.21
160,330,1005.88,451.395,-1374.25,1345.71
165,330,1028.27,541.814,-699.299,1245.51
170,330,1024.42,548.401,-36.252,1011.78
175,330,959.477,437.539,558.329,649.077
180,330,798.396,199.301,1028.6,184.201
0,335,4932.81,-1100.14,-10295.8,2748.41
5,335,4911.89,-412.043,-10480.1,1538.43
10,335,4941.06,304.787,-10760.4,320.894
15,335,5004.31,1004.27,-11107.5,-861.223
20,335,5073.78,1644.48,-11470.7,-1960.63
25,335,5117.38,2193.67,-11790.5,-2927.87
30,335,5107.16,2632.97,-12012.8,-3719.39
35,335,5025.37,2956.2,-12099.7,-4307.57
40,335,4866.38,3167.74,-12033.7,-4687.02
45,335,4635.26,3278.97,-11815.9,-4873.33
50,335,4344.75,3304.55,-11461.3,-4895.94
55,335,4012.24,3259.54,-10993.5,-4789.02
60,335,3657.28,3157.75,-10441.2,-4584.71
65,335,3299.37,3011.46,-9835.16,-4310.11
70,335,2955.94,2831.51,-9206.66,-3986.96
75,335,2640.48,2627.67,-8584.98,-3632.58
80,335,2361.41,2408.62,-7995.3,-3260.46
85,335,2121.76,2182.06,-7456.54,-2880.62
90,335,1920.01,1954.61,-6979.54,-2499.63
95,335,1751.84,1731.94,-6566.14,-2121.05
100,335,1612.22,1518.65,-6209.45,-1746.36
105,335,1497.47,1318,-5895.38,-1376.31
110,335,1406.35,1131.45,-5605.31,-1012.39
115,335,1339.87,958.513,-5319.58,-657.923
120,335,1299.61,797.555,-5020.81,-318.082
125,335,1285.13,647.824,-4696.3,1.15591
130,335,1291.7,512.233,-4338.48,294.865
135,335,1309.91,399.253,-3943.37,560.579
140,335,1327.68,321.914,-3507.83,797.741
145,335,1334.15,292.84,-3027.18,1004.41
150,335,1323.18,316.552,-2495.24,1172.31
155,335,1294.05,382.506,-1908.04,1283.16
160,335,1248.16,462.988,-1270.65,1309.92
165,335,1182.73,518.111,-604.492,1224.07
170,335,1085.39,506.648,49.323,1006.7
175,335,934.237,398.319,634.693,658.046
180,335,705.709,182.489,1094.27,200.871
0,340,4016.7,-856.415,-10686.5,2833.83
5,340,3968.46,-217.723,-10903.5,1333.43
10,340,3929.47,449.946,-11159.3,-172.561
15,340,3893.3,1101.54,-11427,-1623.61
20,340,3847.31,1695.95,-11665.2,-2956.39
25,340,3777.03,2201.92,-11829,-4109.32
30,340,3670.98,2600.9,-11881.6,-5032.04
35,340,3523.79,2887.05,-11802.5,-5695.68
40,340,3336.68,3065.19,-11588.5,-6098.39
45,340,3115.97,3147.41,-11250.1,-6262.9
50,340,2871.16,3149.41,-10806.5,-6228.06
55,340,2613.47,3087.39,-10281.2,-6038.47
60,340,2354.99,2976.15,-9699.69,-5736.41
65,340,2107.94,2828.43,-9088.64,-5357.72
70,340,1883.54,2654.85,-8474.85,-4930.7
75,340,1690.72,2464.28,-7883.96,-4476.68
80,340,1534.92,2264.15,-7338.28,-4010.75
85,340,1417.48,2060.77,-6854.36,-3542.55
90,340,1335.96,1859.57,-6440.69,-3077
95,340,1285.38,1665.2,-6096.35,-2615.56
100,340,1259.97,1481.55,-5810.77,-2158.01
105,340,1255.07,1311.26,-5565.18,-1704.61
110,340,1268.33,1155.23,-5335.6,-1258.12
115,340,1299.69,1012.24,-5097.15,-825.019
120,340,1349.74,879.531,-4828.65,-415.084
125,340,1416.9,754.588,-4516.37,-39.2704
130,340,1494.66,637.827,-4155.39,293.633
135,340,1570.62,534.678,-3747.89,579.806
140,340,1628.49,455.259,-3298.87,820.606
145,340,1652.62,410.511,-2811.35,1019.02
150,340,1633.04,405.714,-2284.07,1173.4
155,340,1567.8,434.264,-1713.79,1272.05
160,340,1460.92,475.339,-1102.58,1292.65
165,340,1316.49,497.486,-466.919,1208.51
170,340,1132.69,467.278,156.771,999.517
175,340,900.237,359.444,715.21,662.503
180,340,607.651,164.287,1151.62,216.011
0,345,3070.02,-606.172,-10995.9,2897.69
5,345,2988.66,-66.4193,-11235.4,1120.09
10,345,2885.55,503.335,-11440.3,-659.631
15,345,2763.7,1062.24,-11589.4,-2362.57
20,345,2624.13,1572.66,-11655,-3909.24
25,345,2467.27,2005.63,-11612,-5226.45
30,345,2294.65,2343.54,-11446.6,-6258.05
35,345,2109.92,2580.44,-11160,-6975.17
40,345,1918.49,2720.42,-10766.6,-7380.72
45,345,1726.46,2774.77,-10288.4,-7505.77
50,345,1539.67,2758.65,-9749.02,-7399.61
55,345,1363.5,2687.99,-9170.96,-7118.03
60,345,1203.14,2577.37,-8574.65,-6713.9
65,345,1063.92,2438.93,-7979.62,-6231.74
70,345,951.141,2282.22,-7405.33,-5705.95
75,345,869.322,2114.6,-6870.9,-5161.07
80,345,821.263,1941.83,-6393.45,-4612.86
85,345,807.309,1768.7,-5985.63,-4069.62
90,345,825.211,1599.49,-5652.97,-3533.79
95,345,870.715,1438.15,-5391.92,-3003.93
100,345,938.753,1288.2,-5189.12,-2477.34
105,345,1024.85,1152.24,-5022.41,-1952.95
110,345,1126.17,1031.23,-4863.76,-1433.99
115,345,1241.53,924.059,-4684.03,-929.483
120,345,1369.94,827.715,-4458.68,-453.624
125,345,1508.01,738.738,-4172.78,-22.7438
130,345,1647.16,655.449,-3823.46,349.409
135,345,1772.55,579.953,-3418.39,656.01
140,345,1864.94,518.345,-2970.35,898.525
145,345,1905.4,478.113,-2490.31,1083.47
150,345,1880.98,463.274,-1982.54,1215.45
155,345,1788.13,469.438,-1445.33,1290.19
160,345,1631.81,481.632,-878.102,1292.02
165,345,1420.65,476.67,-291.872,1198.49
170,345,1161.31,429.568,283.103,990.454
175,345,855.924,321.333,798.501,662.622
180,345,504.969,144.835,1200.19,229.508
0,350,2099.98,-351.315,-11221.7,2939.49
5,350,1982.27,43.0124,-11473.3,906.433
10,350,1825.63,469.465,-11604.9,-1123.75
15,350,1641.42,894.695,-11603.4,-3053.59
20,350,1441.44,1287.26,-11458.9,-4787.93
25,350,1236.7,1622.12,-11170.7,-6243.1
30,350,1036.87,1883.11,-10751.7,-7358.6
35,350,850.097,2063.57,-10228.2,-8106.91
40,350,682.736,2165.55,-9634.45,-8496.89
45,350,539.025,2197.84,-9005.26,-8568.69
50,350,421.124,2173.24,-8369.47,-8382.46
55,350,329.583,2105.77,-7747.75,-8005.18
60,350,264.173,2008.34,-7153.81,-7499.94
65,350,224.687,1891.39,-6597.65,-6919.4
70,350,211.371,1762.55,-6088.47,-6303.37
75,350,224.845,1627.15,-5635.89,-5678.94
80,350,265.611,1489.01,-5249.26,-5061.99
85,350,333.443,1351.37,-4935.47,-4459.13
90,350,426.965,1217.47,-4696.19,-3869.94
95,350,543.657,1090.78,-4525.47,-3289.68
100,350,680.311,974.859,-4408.31,-2712.47
105,350,833.76,872.77,-4321.01,-2134.89
110,350,1001.45,786.3,-4233.68,-1559.33
115,350,1181.32,715.302,-4114.95,-995.961
120,350,1370.59,657.591,-3938.25,-462.328
125,350,1563.6,609.75,-3687.84,20.1521
130,350,1749.6,568.717,-3362.32,432.01
135,350,1911.91,533.428,-2973.59,761.639
140,350,2029.75,505.393,-2540.9,1008.26
145,350,2082.61,487.379,-2082.26,1179.77
150,350,2055.71,480.392,-1607.45,1285.82
155,350,1943.72,480.357,-1116.89,1329.73
160,350,1750.91,476.519,-608.058,1303.97
165,350,1487.88,452.937,-86.6155,1192.53
170,350,1167.04,392.892,424.219,979.359
175,350,800.024,284.379,882.811,658.575
180,350,398.444,124.281,1239.64,241.258
0,355,1113.96,-93.7842,-11362,2958.93
5,355,959.062,113.126,-11616.3,699.953
10,355,764.7,355.711,-11657.3,-1549.74
15,355,548.781,611.444,-11482.8,-3674.69
20,355,329.788,857.614,-11103.7,-5565.25
25,355,123.781,1074.59,-10546.5,-7128.9
30,355,-57.3215,1247.97,-9853.2,-8302.49
35,355,-206.073,1369.75,-9076.89,-9061.32
40,355,-318.898,1438.59,-8272.88,-9421.05
45,355,-395.136,1458.97,-7489.39,-9431.14
50,355,-436.15,1439.44,-6760.71,-9162.16
55,355,-444.641,1390.17,-6105.58,-8691.43
60,355,-424.041,1320.74,-5530.11,-8091.19
65,355,-377.91,1238.66,-5033.11,-7421.23
70,355,-309.341,1148.93,-4611.21,-6726.01
75,355,-220.53,1054.49,-4261.97,-6034.76
80,355,-112.683,957.259,-3984.51,-5363.37
85,355,13.7238,859.045,-3778.09,-4716.81
90,355,158.485,762.273,-3639.55,-4091.91
95,355,321.225,670.184,-3560.57,-3480.54
100,355,501.169,586.625,-3525.62,-2873.21
105,355,697.106,515.469,-3511.5,-2263.17
110,355,907.343,459.824,-3488.96,-1650.42
115,355,1129.29,421.258,-3426.97,-1044.49
120,355,1358.46,399.329,-3298.88,-464.599
125,355,1586.93,391.715,-3089,63.6799
130,355,1802,394.967,-2796.9,514.89
135,355,1985.99,405.57,-2437.11,871.084
140,355,2118.03,420.66,-2033.3,1126.81
145,355,2177.73,437.797,-1608.91,1288.81
150,355,2149.67,453.737,-1178.59,1370.03
155,355,2026.74,462.88,-745.272,1380.93
160,355,1811.1,456.605,-305.41,1322.98
165,355,1512.66,424.416,140.036,1188.27
170,355,1146.65,356.849,575.117,965.757
175,355,731.623,248.966,966.075,650.541
180,355,288.886,102.781,1269.65,251.171
0,360,119.459,164.46,-11415.8,2955.84
5,360,-71.4502,147.754,-11664.2,507.389
10,360,-284.063,171.976,-11603.9,-1924.32
15,360,-496.485,228.568,-11245.1,-4207.13
20,360,-688.437,305.816,-10621.4,-6218.75
25,360,-845.027,390.676,-9787.7,-7859.84
30,360,-958.509,470.669,-8815.68,-9066.5
35,360,-1027.66,535.811,-7784.97,-9818.16
40,360,-1055.51,580.11,-6771.67,-10137.8
45,360,-1046.76,602.06,-5837.25,-10083.8
50,360,-1006.1,603.888,-5021.48,-9735.9
55,360,-937.735,589.864,-4341.32,-9180.19
60,360,-845.647,564.431,-3795.22,-8496.34
65,360,-733.917,530.869,-3370.27,-7749.91
70,360,-606.492,490.881,-3049.43,-6989.13
75,360,-466.574,445.023,-2816.68,-6245.1
80,360,-316.009,393.587,-2659.24,-5533.81
85,360,-155.076,337.452,-2567.29,-4858.93
90,360,17.2174,278.627,-2531.92,-4214.98
95,360,202.5,220.369,-2542.34,-3590.64
100,360,402.293,166.945,-2583.29,-2972.67
105,360,617.328,123.112,-2633.68,-2350.35
110,360,846.897,93.4278,-2667.19,-1720.07
115,360,1088.12,81.4686,-2655.51,-1088.98
120,360,1335.09,89.1031,-2573.92,-476.132
125,360,1578.08,115.989,-2407.65,90.0829
130,360,1803.11,159.457,-2156.83,578.535
135,360,1992.57,214.806,-1836.99,963.977
140,360,2126.9,275.829,-1474,1234.28
145,360,2187.37,335.272,-1094.78,1392.68
150,360,2158.99,385.061,-717.88,1453.48
155,360,2033.01,416.464,-348.985,1433.3
160,360,1808.25,420.68,15.4727,1342.68
165,360,1491.61,390.282,378.195,1182.78
170,360,1098.07,321.354,730.144,948.965
175,360,650.226,215.479,1046,638.706
180,360,177.13,80.4993,1289.99,259.174
