Theta[deg],Phi[deg],re(rETheta)[mV],im(rETheta)[mV],re(rEPhi)[mV],im(rEPhi)[mV]
0,0,1279.13,984.26,31.8067,10852.8
5,0,1399.56,735.923,-2684.64,10742.9
10,0,1437.92,495.974,-5279.84,10350.7
15,0,1409.07,281.56,-7604.59,9707.19
20,0,1337.84,112.139,-9537.06,8868.57
25,0,1250.72,3.18447,-10997.5,7908
30,0,1168.87,-39.231,-11954.5,6903.39
35,0,1104.61,-20.3455,-12422.5,5925.12
40,0,1061.77,45.5447,-12452,5027.04
45,0,1038.61,140.08,-12117,4242.65
50,0,1031.52,246.122,-11502.5,3586.3
55,0,1037.72,351.229,-10694.9,3057.74
60,0,1056.39,448.528,-9774.04,2647.9
65,0,1088.41,535.547,-8808.6,2343.96
70,0,1135.5,612.221,-7852.62,2132.82
75,0,1199.16,679.191,-6944.01,2002.58
80,0,1280.03,736.877,-6104.54,1942.61
85,0,1377.39,785.283,-5341.38,1942.35
90,0,1488.86,824.165,-4649.92,1989.8
95,0,1610.15,853.212,-4017.56,2069.73
100,0,1734.9,871.994,-3428.25,2162.43
105,0,1854.7,879.582,-2867.14,2243.61
110,0,1959.37,873.948,-2324.99,2286.13
115,0,2037.71,851.445,-1801.24,2264.24
120,0,2078.54,806.808,-1304.67,2159.7
125,0,2071.77,734.09,-851.047,1968.17
130,0,2009.31,628.576,-457.736,1703.08
135,0,1885.53,489.129,-137.203,1394.2
140,0,1697.7,319.933,107.745,1079.88
145,0,1446.67,130.631,284.131,795.245
150,0,1138.24,-65.4424,403.522,561.053
155,0,785.06,-254.21,473.534,378.814
160,0,408.042,-423.589,490.821,234.757
165,0,36.0522,-564.763,440.16,110.665
170,0,-296.854,-671.751,301.259,-4.20804
175,0,-556.56,-740.083,60.6753,-106.459
180,0,-715.157,-765.913,-276.724,-180.472
0,5,1277.03,1926.4,-79.7978,10725.7
5,5,1153.61,1661.69,-2625.56,10680.8
10,5,959.171,1386.37,-5068.89,10438.3
15,5,725.974,1117.25,-7274.9,10012.5
20,5,492.42,875.169,-9131.39,9434.63
25,5,292.893,678.781,-10561.6,8748.41
30,5,150.231,538.785,-11530.5,8003.34
35,5,73.052,455.369,-12043.7,7246.55
40,5,57.8378,419.673,-12140.6,6516.44
45,5,93.8297,418.053,-11884.6,5839.36
50,5,168.162,436.848,-11352.3,5229.83
55,5,269.384,465.667,-10623.9,4693.34
60,5,388.866,498.412,-9775.25,4230.2
65,5,520.661,532.449,-8872.13,3839.02
70,5,660.749,566.966,-7966.69,3518.74
75,5,806.327,601.488,-7095.74,3268.97
80,5,955.311,635.022,-6280.76,3089.07
85,5,1105.93,665.891,-5529.49,2976.35
90,5,1256.24,691.984,-4838.67,2924.09
95,5,1403.52,711.141,-4197.61,2919.77
100,5,1543.7,721.436,-3592.56,2943.88
105,5,1671.06,721.191,-3011.26,2970.18
110,5,1778.35,708.703,-2447.29,2968.05
115,5,1857.51,681.77,-1902.91,2907.38
120,5,1900.56,637.319,-1389.36,2765.63
125,5,1900.46,571.511,-923.75,2535.01
130,5,1851.36,480.648,-523.127,2226.87
135,5,1748.38,362.816,-197.79,1870.29
140,5,1587.45,219.699,52.7914,1503.87
145,5,1366.05,57.6284,238.681,1163.07
150,5,1085.59,-112.926,372.51,868.643
155,5,754.865,-279.462,459.927,621.87
160,5,393.126,-430.279,492.765,409.392
165,5,30.5608,-556.659,449.53,215.119
170,5,-295.04,-653.374,304.221,32.68
175,5,-545.07,-717.593,40.0524,-128.464
180,5,-688.317,-747.269,-338.001,-246.539
0,10,1265.22,2853.88,-190.795,10517
5,10,930.842,2584.78,-2525.37,10536.7
10,10,532.011,2301.79,-4775.65,10441.5
15,10,115.642,2017.67,-6823.23,10230.8
20,10,-267.812,1748.99,-8567.56,9911.87
25,10,-576.393,1511.25,-9936.7,9500.02
30,10,-784.937,1314.12,-10893.2,9016.55
35,10,-887.177,1159.2,-11434.8,8485.35
40,10,-892.11,1041.01,-11590.6,7929.4
45,10,-817.341,950.327,-11413.7,7368.06
50,10,-682.691,877.924,-10971.7,6816.23
55,10,-506.16,817.251,-10337.7,6284.98
60,10,-302.531,765.25,-9581.45,5783.43
65,10,-83.6076,721.631,-8763.77,5320.4
70,10,141.168,687.315,-7932.78,4905.22
75,10,364.38,662.878,-7122.53,4547.27
80,10,580.588,647.513,-6353.29,4254.4
85,10,786.189,638.735,-5633.07,4030.81
90,10,978.925,632.725,-4960.09,3874.79
95,10,1157.04,625.077,-4325.95,3776.89
100,10,1318.37,611.646,-3719.5,3718.95
105,10,1459.73,589.233,-3131.23,3674.64
110,10,1576.87,555.864,-2557.33,3612.19
115,10,1664.95,510.53,-2002.41,3499.75
120,10,1719.2,452.484,-1479.49,3312.76
125,10,1735.14,380.468,-1006.5,3041.33
130,10,1708.21,292.493,-599.957,2694.7
135,10,1632.91,186.662,-268.294,2299.71
140,10,1502.45,62.9705,-8.53665,1892.64
145,10,1310.18,-74.8087,191.124,1506.65
150,10,1053.27,-218.464,343.004,1160.71
155,10,737.955,-356.823,449.741,855.424
160,10,383.838,-478.968,498.039,578.499
165,10,24.6593,-577.534,460.728,316.991
170,10,-296.193,-650.112,307.413,69.4721
175,10,-534.615,-697.955,19.5209,-148.795
180,10,-656.239,-722.939,-396.706,-310.729
0,15,1243.78,3759.64,-300.34,10228.3
5,15,738.007,3497.42,-2389.38,10309
10,15,170.213,3232.46,-4410.42,10351.1
15,15,-401.157,2970.48,-6262.87,10341.3
20,15,-915.576,2718.89,-7859.57,10265.9
25,15,-1324.2,2484.35,-9135.06,10114.2
30,15,-1599.11,2270.27,-10051.1,9881.37
35,15,-1735.1,2075.81,-10599,9569.25
40,15,-1744.82,1896.83,-10798.6,9186.13
45,15,-1650.61,1728.1,-10693.3,8744.81
50,15,-1477.06,1565.57,-10341.8,8260.57
55,15,-1246.67,1407.93,-9809,7749.67
60,15,-978.658,1256.91,-9157.3,7228.94
65,15,-689.398,1116.41,-8440.85,6715.67
70,15,-392.938,990.917,-7702.22,6227.34
75,15,-100.937,883.711,-6971.57,5780.68
80,15,177.776,795.504,-6267.24,5389.87
85,15,437.418,723.945,-5597.16,5064.38
90,15,674.843,664.047,-4960.87,4806.73
95,15,888.571,609.358,-4352.15,4610.73
100,15,1077.65,553.506,-3762.36,4460.72
105,15,1240.84,491.655,-3184.39,4332.3
110,15,1376.41,421.419,-2616.55,4195.26
115,15,1482.35,342.857,-2065.07,4018.95
120,15,1556.54,257.456,-1543.94,3779.32
125,15,1596.38,166.538,-1071.28,3465.91
130,15,1597.62,70.0061,-662.925,3085.84
135,15,1553.03,-33.5465,-326.015,2662.28
140,15,1452.32,-145.028,-56.3168,2226.76
145,15,1284.56,-262.245,158.181,1807.74
150,15,1043.53,-378.39,328.047,1420.8
155,15,734.505,-483.273,452.087,1065.51
160,15,379.513,-567.25,511.987,731.247
165,15,17.7761,-625.706,476.003,408.937
170,15,-300.406,-661.127,311.12,102.202
175,15,-525.032,-681.074,-1.22777,-168.667
180,15,-619.167,-693.106,-452.391,-372.555
0,20,1212.87,4636.79,-407.6,9861.69
5,20,580.766,4391.31,-2224.05,9997.13
10,20,-114.396,4166.27,-3985.96,10159.5
15,20,-806.032,3958.34,-5611.21,10326
20,20,-1425.89,3762.05,-7027.21,10465.9
25,20,-1919.29,3570.65,-8176.51,10546.7
30,20,-2255.33,3376.83,-9021.79,10540.8
35,20,-2428.75,3173.9,-9549.74,10430.3
40,20,-2454.12,2957.12,-9772.4,10210.2
45,20,-2356.54,2724.66,-9724.29,9887.32
50,20,-2163.42,2478.11,-9455.39,9476.93
55,20,-1900,2222.32,-9022.01,8999.67
60,20,-1588.35,1964.87,-8478.34,8478.62
65,20,-1248,1714.96,-7870.83,7937.63
70,20,-896.429,1481.66,-7235.62,7400.07
75,20,-548.622,1271.93,-6598.26,6887.62
80,20,-216.237,1089.01,-5974.63,6418.55
85,20,92.8865,931.626,-5372.09,6005.86
90,20,374.414,794.572,-4791.08,5655.29
95,20,626.5,670.224,-4227.1,5363.86
100,20,848.572,550.747,-3673.54,5119.24
105,20,1040.45,430.25,-3125.2,4900.72
110,20,1202.01,306.248,-2581.8,4681.99
115,20,1333.2,179.829,-2050.38,4436.08
120,20,1433.75,54.3674,-1545.1,4141.58
125,20,1502.01,-66.7208,-1083.65,3788.65
130,20,1533.17,-181.953,-681.093,3382.31
135,20,1517.62,-292.088,-343.872,2940.91
140,20,1441.37,-398.2,-67.7229,2489.45
145,20,1289.78,-498.579,158.065,2050
150,20,1054.48,-586.843,341.075,1633.73
155,20,741.645,-653.45,475.793,1239.08
160,20,377.593,-690.621,539.438,857.523
165,20,8.43418,-697.947,497.198,484.156
170,20,-308.013,-684.702,315.458,127.22
175,20,-516.119,-666.555,-22.4918,-189.204
180,20,-577.382,-657.998,-504.634,-431.546
0,25,1172.73,5478.65,-511.757,9420.04
5,25,463.513,5257.78,-2036.78,9601.66
10,25,-312.4,5089.2,-3517.19,9861.6
15,25,-1083.79,4959.61,-4889.34,10171
20,25,-1777.31,4848.47,-6095.83,10487
25,25,-2333.78,4732.48,-7088.53,10760.6
30,25,-2719.43,4590.33,-7832.74,10945.9
35,25,-2927.95,4406.69,-8312.35,11008.9
40,25,-2974.3,4174.41,-8533.22,10933.3
45,25,-2884.64,3894.34,-8522.24,10720
50,25,-2687.56,3573.67,-8321.14,10384
55,25,-2409.56,3223.83,-7977.68,9948.89
60,25,-2074.19,2858.74,-7537.49,9442.33
65,25,-1702.8,2493.25,-7038.9,8892.83
70,25,-1314.92,2141.34,-6511.21,8327.71
75,25,-927.606,1814.11,-5975.02,7771.67
80,25,-554.397,1517.93,-5443.23,7245.36
85,25,-204.683,1253.61,-4922.15,6763.91
90,25,116.003,1016.96,-4412.49,6335.35
95,25,404.992,800.575,-3910.89,5959.58
100,25,661.31,596.487,-3412.17,5628.04
105,25,884.868,398.809,-2912.41,5324.66
110,25,1076.16,205.5,-2412.1,5028.43
115,25,1236.06,18.6073,-1918.36,4717.49
120,25,1365.11,-157.217,-1444.79,4374.25
125,25,1461.73,-317.309,-1008.12,3990.11
130,25,1519.85,-459.227,-622.548,3567.94
135,25,1527.21,-583.093,-294.336,3120.7
140,25,1466.45,-689.447,-20.2163,2666.03
145,25,1320.21,-775.959,208.024,2218.92
150,25,1079.6,-835.744,394.13,1785.93
155,25,753.418,-859.693,528.227,1364.5
160,25,373.768,-842.593,584.025,948.422
165,25,-5.60449,-789.612,525.417,536.751
170,25,-319.517,-718.338,320.273,141.397
175,25,-507.627,-653.742,-44.5624,-211.376
180,25,-531.203,-617.882,-553.035,-487.252
0,30,1123.66,6278.81,-612.019,8906.7
5,30,389.221,6087.98,-1835.61,9124.2
10,30,-417.191,5985.86,-3020.69,9454.97
15,30,-1223.2,5949.4,-4121.44,9867.37
20,30,-1953.13,5942.42,-5095.79,10311.9
25,30,-2544.99,5923.7,-5905.81,10728.8
30,30,-2962.43,5856.02,-6520.98,11059.6
35,30,-3197.47,5713.48,-6924.18,11258.5
40,30,-3264.22,5484.91,-7116.85,11300
45,30,-3188.46,5172.86,-7119.54,11179.9
50,30,-2998.72,4789.71,-6966.57,10912
55,30,-2721.56,4353.35,-6697.58,10521.4
60,30,-2380.83,3883.99,-6349.77,10038.4
65,30,-1998.39,3402.04,-5953.48,9494.4
70,30,-1594.43,2926.31,-5531.12,8919.09
75,30,-1186.71,2472.04,-5098.1,8338.9
80,30,-789.49,2049.19,-4664.01,7775.81
85,30,-413.004,1661.53,-4233.53,7246.18
90,30,-63.7274,1307.18,-3807.04,6759.74
95,30,254.665,980.484,-3381.68,6318.84
100,30,540.289,674.844,-2953.14,5918.51
105,30,792.436,385.48,-2518.22,5547.42
110,30,1011.35,111.293,-2077.69,5189.99
115,30,1197.91,-144.913,-1638.21,4829.66
120,30,1352.53,-377.971,-1212.28,4452.78
125,30,1472.85,-582.896,-815.319,4052.01
130,30,1551,-756.924,-460.599,3628.03
135,30,1572.05,-899.512,-154.519,3188.4
140,30,1515.93,-1009.98,104.499,2743.63
145,30,1363.82,-1084.4,321.445,2301.98
150,30,1107.9,-1114.66,495.904,1865.86
155,30,761.13,-1092.12,614.096,1432.1
160,30,362.333,-1014.88,647.54,996.733
165,30,-27.0879,-894.843,560.758,562.069
170,30,-335.476,-758.887,325.072,142.295
175,30,-499.249,-641.758,-67.7215,-235.94
180,30,-480.982,-573.064,-597.228,-539.25
0,35,1066.05,7031.19,-707.624,8325.57
5,35,359.337,6873.09,-1629.01,8567.65
10,35,-425.285,6840.14,-2514.2,8940.3
15,35,-1217.63,6900.82,-3334.11,9412.26
20,35,-1942.58,7004.35,-4061.59,9932.35
25,35,-2537.13,7092.11,-4669.44,10436.5
30,35,-2963.07,7110.61,-5132.55,10859.8
35,35,-3210.43,7022.42,-5434.46,11149.1
40,35,-3291.59,6811.12,-5573.83,11272.7
45,35,-3231.03,6479.84,-5566.2,11222.3
50,35,-3056.21,6045.3,-5439.5,11009.8
55,35,-2792.85,5531.38,-5226.04,10660.1
60,35,-2463.99,4964.23,-4955.19,10204.5
65,35,-2090.73,4369.49,-4649.72,9675.43
70,35,-1692.48,3770.49,-4325.42,9103.64
75,35,-1286.31,3186.52,-3992.45,8516.37
80,35,-886.063,2631.31,-3656.77,7936.31
85,35,-501.944,2112.16,-3320.86,7380.63
90,35,-140.89,1630.46,-2984.18,6860.27
95,35,192.576,1183.51,-2643.78,6379.64
100,35,495.563,767.182,-2295.72,5936.76
105,35,766.421,378.579,-1937.2,5524.3
110,35,1004.64,17.8044,-1568.94,5131.34
115,35,1210.4,-311.87,-1196.94,4745.79
120,35,1383.18,-605.409,-832.421,4357.21
125,35,1519.09,-858.176,-489.341,3959.12
130,35,1608.02,-1067.4,-180.048,3550.08
135,35,1632.5,-1231.65,88.7247,3132.8
140,35,1570.52,-1348.36,316.574,2711.59
145,35,1403.07,-1411.27,505.081,2289.15
150,35,1124.88,-1410.72,649.934,1864.68
155,35,754.176,-1338.79,734.399,1434.8
160,35,336.781,-1197.71,729.43,997.429
165,35,-58.9313,-1006.85,602.12,556.995
170,35,-356.372,-802.729,328.983,128.306
175,35,-490.607,-629.566,-92.2334,-263.396
180,35,-427.1,-523.885,-636.876,-587.143
0,40,1000.32,7730.05,-797.843,7681.08
5,40,373.724,7604.55,-1425.58,7936.15
10,40,-336.531,7635.99,-2016.03,8321.59
15,40,-1065.59,7786.47,-2555.36,8809.06
20,40,-1741.73,7993.26,-3030.61,9350.38
25,40,-2302.95,8182.54,-3425.38,9883.11
30,40,-2710.15,8285.94,-3720.94,10341.8
35,40,-2951.44,8254.63,-3902.8,10671.3
40,40,-3037.14,8066.3,-3968.19,10836.7
45,40,-2989.83,7723.52,-3928.93,10827
50,40,-2835.33,7246.37,-3807.61,10652
55,40,-2597.68,6663.96,-3630.16,10335.3
60,40,-2298.05,6007.88,-3419.07,9907.24
65,40,-1955.41,5308.7,-3190.27,9399.98
70,40,-1586.87,4593.93,-2953.35,8843.94
75,40,-1207.4,3886.59,-2713.32,8266.23
80,40,-829.19,3203.97,-2472.2,7689.57
85,40,-461.504,2556.92,-2229.8,7131.46
90,40,-111.073,1950.32,-1984.06,6603.67
95,40,217.19,1384.75,-1731.42,6112.03
100,40,519.638,858.915,-1467.98,5656.8
105,40,793.729,372.052,-1191.13,5233.62
110,40,1037.98,-74.5197,-901.605,4834.97
115,40,1251.42,-477.238,-604.863,4452.02
120,40,1431.94,-831.433,-311.036,4076.52
125,40,1573.5,-1132.91,-32.8053,3702.33
130,40,1663.41,-1378.71,218.261,3326.02
135,40,1681.88,-1566.02,435.01,2946.35
140,40,1605.76,-1689.8,615.093,2562.83
145,40,1417.08,-1741.06,757,2174.09
150,40,1114.23,-1708.71,853.321,1777.2
155,40,721.242,-1586.1,885.753,1368.83
160,40,290.577,-1380.22,826.512,948.105
165,40,-103.811,-1118.27,647.145,520.184
170,40,-382.468,-845.981,330.775,98.7548
175,40,-481.239,-616.034,-118.328,-293.963
180,40,-369.967,-470.718,-671.677,-630.569
0,45,926.972,8370.09,-881.991,6978.13
5,45,430.657,8274.3,-1233.75,7235.05
10,45,-154.2,8358.15,-1544.36,7606.09
15,45,-770.997,8580.07,-1813.58,8067.67
20,45,-1354.17,8869.19,-2041.55,8578.4
25,45,-1844.88,9140.43,-2222.5,9082.66
30,45,-2204.37,9313.45,-2344.61,9520.19
35,45,-2419.3,9329.55,-2396.32,9838.52
40,45,-2497.92,9160.55,-2374.48,10003.4
45,45,-2460.78,8807.7,-2288.06,10002.7
50,45,-2331.64,8293.47,-2155.28,9844.53
55,45,-2132.15,7651.37,-1996.66,9550.41
60,45,-1880.43,6917.98,-1828.84,9148.82
65,45,-1591.72,6128.34,-1661.82,8669.92
70,45,-1279.2,5313.68,-1499.61,8142.49
75,45,-954.165,4500.15,-1342.27,7592.25
80,45,-625.904,3707.77,-1187.75,7040.88
85,45,-301.784,2950.11,-1032.81,6505.36
90,45,12.3715,2234.75,-873.394,5997.5
95,45,311.777,1564.92,-705.008,5523.84
100,45,592.409,941.695,-523.561,5086.08
105,45,851.021,366.182,-326.731,4681.87
110,45,1085.12,-159.166,-115.503,4306.06
115,45,1292.32,-630.381,104.771,3951.97
120,45,1468.46,-1042.83,324.555,3612.76
125,45,1604.96,-1392.22,532,3282.23
130,45,1686.49,-1674.69,716.024,2955.3
135,45,1691.3,-1885.36,868.998,2627.81
140,45,1595.98,-2016.26,986.881,2295.93
145,45,1384.62,-2055.71,1065.74,1955.69
150,45,1059.96,-1991.62,1096.26,1602.93
155,45,651.771,-1819.33,1060.21,1234.35
160,45,218.029,-1551.06,932.986,849.325
165,45,-163.736,-1221.56,692.294,452.2
170,45,-413.666,-884.716,328.92,53.9328
175,45,-470.594,-600.005,-146.18,-327.561
180,45,-310.019,-413.97,-701.366,-669.195
0,50,846.574,8946.42,-959.425,6222.08
5,50,526.878,8874.99,-1061.48,6470.84
10,50,115.062,8992.89,-1116.59,6804.1
15,50,-343.234,9257.97,-1136.34,7204.1
20,50,-791.321,9595.94,-1132.68,7638.97
25,50,-1175.71,9915.68,-1110.02,8064.05
30,50,-1459.45,10129.4,-1063.66,8428.99
35,50,-1628.5,10171.2,-985.567,8688.61
40,50,-1689.31,10008.3,-872.746,8812.61
45,50,-1660.34,9640.34,-731.835,8790.16
50,50,-1562.97,9091.42,-577.164,8628.28
55,50,-1415.59,8398.7,-424.649,8346.48
60,50,-1231.88,7603.08,-286.019,7970.44
65,50,-1021.63,6743.41,-166.33,7527.21
70,50,-792.205,5853.8,-64.7457,7042.43
75,50,-549.639,4962.25,23.1738,6538.81
80,50,-299.132,4090.06,103.407,6035.54
85,50,-45.3834,3251.82,182.282,5547.68
90,50,207.154,2456.22,265.937,5085.97
95,50,454.118,1707.77,359.903,4656.81
100,50,691.31,1008.95,468.397,4262.57
105,50,914.916,362.169,593.284,3902.3
110,50,1121.48,-229.039,732.957,3572.54
115,50,1307.09,-759.934,881.675,3268.26
120,50,1465.51,-1225.19,1029.93,2983.56
125,50,1585.61,-1619.46,1166.19,2712.23
130,50,1649.76,-1936.99,1279.5,2448.06
135,50,1634.99,-2170.12,1361.68,2185.04
140,50,1518.54,-2307.71,1407.34,1917.39
145,50,1287.37,-2335.69,1410.92,1639.7
150,50,948.772,-2241.69,1362.5,1347.13
155,50,537.474,-2023.65,1245.67,1036
160,50,115.154,-1699.1,1040.76,704.808
165,50,-239.648,-1309.51,733.073,355.55
170,50,-449.384,-915.201,321.708,-4.91066
175,50,-458.029,-580.364,-175.879,-363.82
180,50,-247.711,-354.07,-725.717,-702.728
0,55,759.733,9454.67,-1029.56,5418.67
5,55,657.701,9400.18,-916.011,5650.99
10,55,461.423,9528.73,-748.68,5928.52
15,55,203.055,9800.68,-549.186,6239.68
20,55,-72.1967,10143.6,-339.907,6563.69
25,55,-318.467,10466.5,-134.706,6869.6
30,55,-502.164,10679.9,64.0589,7120.62
35,55,-609.405,10715,260.724,7282.54
40,55,-645.059,10536.4,458.028,7332.21
45,55,-625.278,10142.7,651.733,7262.06
50,55,-568.366,9559.36,831.357,7079.37
55,55,-488.346,8826.17,985.26,6801.69
60,55,-392.862,7987.3,1105.9,6451.44
65,55,-284.394,7084.2,1192.22,6051.58
70,55,-162.756,6152.23,1248.92,5623.18
75,55,-27.3329,5219.39,1284.13,5184.42
80,55,121.586,4306.15,1307.1,4750.27
85,55,282.282,3426.08,1326.75,4332.47
90,55,451.658,2587.1,1350.92,3939.46
95,55,625.645,1793.52,1385.84,3576.56
100,55,799.789,1048.16,1435.6,3246.2
105,55,969.732,354.168,1501.37,2948.37
110,55,1131.18,-283.96,1580.68,2681.04
115,55,1278.95,-860.371,1667.09,2440.59
120,55,1405.03,-1368.33,1750.78,2222.11
125,55,1496.39,-1800.53,1820.15,2019.71
130,55,1533.96,-2148.46,1864.13,1826.85
135,55,1494.65,-2401.15,1873.93,1636.81
140,55,1357.45,-2544.27,1843.08,1443.09
145,55,1112.77,-2561.84,1765.15,1239.7
150,55,772.102,-2441.84,1630.79,1021.25
155,55,373.682,-2185.17,1426.85,783.031
160,55,-19.5699,-1814.18,1140.11,521.383
165,55,-331.093,-1375.66,764.401,234.568
170,55,-488.475,-934.12,307.404,-75.6466
175,55,-442.82,-556.11,-207.398,-402.099
180,55,-183.518,-291.476,-744.544,-730.914
0,60,667.11,9890.96,-1091.86,4574.02
5,60,817.169,9844.52,-803.577,4783.8
10,60,872.189,9956.94,-454.511,4994.32
15,60,848.472,10194.1,-74.514,5199.92
20,60,777.231,10490.8,305.131,5391.33
25,60,694.461,10763,662.033,5552.65
30,60,628.802,10926,987.16,5662.83
35,60,593.302,10913.8,1281.34,5701.22
40,60,584.814,10691.4,1547.41,5654.21
45,60,590.317,10258,1784.07,5519.29
50,60,595.838,9639.61,1985.17,5304.86
55,60,593.287,8877.74,2143.44,5026.77
60,60,582.724,8017.96,2255.04,4703.77
65,60,570.543,7102.16,2321.92,4353.92
70,60,565.71,6164.67,2351.38,3992.69
75,60,576.183,5231.12,2353.9,3632.51
80,60,606.725,4318.96,2340.8,3283.03
85,60,658.316,3438.85,2322.52,2951.51
90,60,728.743,2596.54,2307.74,2643.25
95,60,813.799,1795.06,2302.79,2361.77
100,60,908.536,1036.81,2311.23,2109.02
105,60,1008.07,325.188,2333.33,1885.52
110,60,1107.52,-334.672,2365.71,1690.36
115,60,1200.91,-935.841,2401.29,1521.19
120,60,1279.27,-1469.96,2429.93,1374.25
125,60,1328.72,-1927.34,2439.99,1244.51
130,60,1330.16,-2296.37,2420.22,1126.08
135,60,1261.87,-2562.61,2361.26,1012.74
140,60,1105.75,-2708.79,2255.78,898.392
145,60,856.02,-2717.49,2097,777.103
150,60,527.633,-2577.41,1876.94,642.837
155,60,160.318,-2292.2,1586.78,489.04
160,60,-184.683,-1887.97,1220.55,308.672
165,60,-436.014,-1414.77,781.085,95.1794
170,60,-529.194,-938.771,284.433,-155.398
175,60,-424.177,-526.41,-240.565,-441.519
180,60,-117.928,-226.663,-757.706,-753.536
0,65,569.41,10252,-1145.84,3694.56
5,65,998.258,10203.8,-729.201,3878.16
10,65,1332.25,10271.9,-245.342,4017.79
15,65,1569.62,10430.3,269.478,4113
20,65,1725.2,10626.3,776.749,4165.36
25,65,1822.97,10789.5,1246.76,4173.94
30,65,1885.22,10847.6,1664.53,4134.02
35,65,1923.83,10743.1,2027.9,4039.7
40,65,1938.23,10446,2340.44,3888.19
45,65,1920.2,9957.38,2604.63,3683.01
50,65,1862.14,9303.92,2819.41,3434.15
55,65,1763.8,8526.68,2982.17,3155.65
60,65,1634.37,7670,3092.34,2862.17
65,65,1489.9,6773.26,3153.77,2566.35
70,65,1348.3,5866.94,3174.74,2277.58
75,65,1224.53,4971.95,3166.33,2002.17
80,65,1127.8,4101,3140.27,1744.11
85,65,1061.08,3260.71,3107.22,1506.03
90,65,1022.48,2454,3075.65,1289.79
95,65,1007.3,1682.2,3051.31,1096.83
100,65,1010,946.918,3036.82,928.222
105,65,1025.27,251.257,3031.47,784.492
110,65,1047.97,-399.581,3031.06,665.328
115,65,1071.91,-998.183,3028.12,569.319
120,65,1088.05,-1535.04,3012.58,493.847
125,65,1083.03,-1998.42,2973.04,435.252
130,65,1039.38,-2373.92,2898.36,389.231
135,65,938.436,-2644.04,2778.83,351.245
140,65,766.193,-2789.06,2606.47,316.598
145,65,520.948,-2790.5,2374.4,279.967
150,65,220.027,-2637.76,2076.46,234.514
155,65,-97.6198,-2336.41,1708.46,171.13
160,65,-375.514,-1914.61,1271.9,78.4929
165,65,-550.704,-1423.2,778.352,-55.4883
170,65,-569.22,-927.234,251.579,-240.725
175,65,-401.276,-490.649,-275.028,-481.018
180,65,-51.441,-160.126,-765.101,-770.424
0,70,467.377,10535,-1191.11,2786.99
5,70,1193.12,10475.3,-696.507,2943.36
10,70,1824.66,10471.5,-129.365,3015.81
15,70,2340.1,10508.3,469.611,3008.06
20,70,2735.72,10550.1,1056.59,2931.02
25,70,3021.6,10546.8,1596.1,2797.22
30,70,3212.61,10445.5,2068.31,2617.25
35,70,3319.76,10204,2468.86,2399.48
40,70,3346.67,9801.72,2802.76,2151.85
45,70,3292.57,9243.7,3076.96,1883.85
50,70,3158.94,8556.34,3296.11,1606.82
55,70,2955.31,7777.81,3462.37,1332.58
60,70,2700.77,6947.75,3577.85,1071.35
65,70,2420.61,6099.62,3646.95,830.203
70,70,2140.51,5257.33,3677.17,612.686
75,70,1881.06,4435.27,3678.32,419.501
80,70,1654.75,3640.46,3660.93,249.724
85,70,1465.91,2875.23,3634.58,101.973
90,70,1312.76,2139.65,3606.78,-24.8181
95,70,1190.21,1433.35,3582.15,-131.119
100,70,1092.34,756.884,3562.19,-216.942
105,70,1013.63,112.481,3545.11,-282.243
110,70,948.906,-495.411,3526.04,-327.374
115,70,892.154,-1059.85,3497.39,-353.376
120,70,835.047,-1571.16,3449.55,-361.969
125,70,765.99,-2016.53,3371.92,-355.243
130,70,670.748,-2379.73,3253.94,-335.267
135,70,535.296,-2641.1,3085.96,-304.014
140,70,350.831,-2779.19,2859.63,-263.951
145,70,119.804,-2774.79,2568.15,-219.343
150,70,-139.174,-2617.58,2207.11,-177.81
155,70,-390.155,-2313.76,1776.75,-151.353
160,70,-584.297,-1891.33,1285.39,-155.997
165,70,-669.921,-1399.19,752.401,-209.592
170,70,-605.748,-898.475,208.181,-327.844
175,70,-373.295,-448.463,-310.236,-519.402
180,70,15.4376,-92.3698,-766.673,-781.448
0,75,361.786,10737.8,-1227.31,1858.2
5,75,1393.37,10657.1,-707.587,1988.8
10,75,2331.25,10556.8,-111.382,2004.99
15,75,3131.6,10433.7,518.303,1913.44
20,75,3770.36,10273.3,1134.53,1732.15
25,75,4242.23,10051.7,1698.03,1484.39
30,75,4554.12,9742.2,2185.6,1193.43
35,75,4717.08,9323.84,2591.59,879.692
40,75,4741.37,8789.94,2922.88,560.259
45,75,4636.89,8151.18,3191.1,249.409
50,75,4417.18,7432.66,3406.41,-41.0258
55,75,4103.25,6666.64,3575.32,-301.977
60,75,3723.88,5884.36,3701.68,-527.789
65,75,3311.96,5110.15,3789.1,-716.534
70,75,2898.59,4359.15,3842.69,-869.591
75,75,2507.91,3638.3,3869.46,-990.556
80,75,2154.46,2948.79,3877.5,-1083.87
85,75,1843.65,2288.87,3874.56,-1153.62
90,75,1574.18,1655.97,3866.72,-1202.84
95,75,1341.24,1047.95,3857.41,-1233.35
100,75,1139,463.898,3846.92,-1246.14
105,75,961.939,-95.4554,3832.42,-1241.86
110,75,804.846,-627.243,3808.4,-1221.39
115,75,662.027,-1125.94,3767.29,-1185.9
120,75,526.337,-1582.77,3700.26,-1136.61
125,75,388.861,-1985.08,3597.91,-1074.2
130,75,239.824,-2316.05,3450.8,-998.371
135,75,71.0397,-2555.12,3249.87,-908.196
140,75,-120.359,-2680.01,2986.78,-803.509
145,75,-327.806,-2671.03,2654.94,-687.141
150,75,-532.386,-2517.57,2251.41,-567.225
155,75,-702.964,-2224.96,1780.03,-458.448
160,75,-800.628,-1818.68,1254.66,-381.329
165,75,-787.182,-1342.93,700.9,-359.137
170,75,-635.634,-852.397,154.292,-412.871
175,75,-339.466,-399.76,-345.425,-555.413
180,75,82.1988,-23.9106,-762.41,-786.525
0,80,253.442,10858.9,-1254.17,915.268
5,80,1590.34,10749.2,-762.928,1023.82
10,80,2833.32,10532,-192.631,1000.93
15,80,3915.2,10218.2,413.842,854.908
20,80,4790.24,9817.41,1009.02,608.073
25,80,5436.95,9336.5,1552.21,290.658
30,80,5854.4,8780.14,2018.63,-65.5081
35,80,6055.16,8154.07,2402.21,-431.722
40,80,6058.97,7469.01,2711.6,-784.854
45,80,5889.74,6742.45,2962.2,-1107.97
50,80,5575.83,5997.01,3168.55,-1389.97
55,80,5150.7,5256.17,3340.14,-1624.92
60,80,4651.89,4539.54,3481.38,-1811.36
65,80,4117.38,3859.73,3593.94,-1951.51
70,80,3580.83,3221.87,3679.55,-2050.18
75,80,3067.68,2625.12,3741.61,-2113.56
80,80,2593.49,2065.12,3785.19,-2147.92
85,80,2164.8,1536.31,3815.94,-2158.62
90,80,1781.57,1033.38,3838.51,-2149.5
95,80,1440.03,552.012,3855.23,-2123
100,80,1134.96,89.2398,3865.39,-2080.56
105,80,860.95,-356.314,3865.27,-2023.36
110,80,612.721,-783.951,3848.78,-1952.77
115,80,384.883,-1190.19,3808.46,-1870.27
120,80,171.746,-1567.93,3736.29,-1776.9
125,80,-32.3931,-1905.69,3624.28,-1672.29
130,80,-232.209,-2187.28,3464.45,-1554.25
135,80,-429.544,-2392.38,3248.75,-1419.27
140,80,-621.144,-2498.78,2969.31,-1264.68
145,80,-796.593,-2486.62,2619.88,-1091.67
150,80,-937.425,-2344.51,2198.57,-908.355
155,80,-1018.49,-2075.5,1711.62,-731.36
160,80,-1012.22,-1700.51,1176.64,-584.821
165,80,-895.193,-1256.61,623.381,-496.563
170,80,-655.598,-789.816,90.8046,-492.074
175,80,-299.126,-344.72,-379.612,-587.788
180,80,148.334,44.7305,-752.344,-785.616
0,85,143.169,10897.3,-1271.49,-34.6277
5,85,1775.43,10752.1,-861.385,57.4708
10,85,3312.37,10404.2,-370.757,17.5365
15,85,4662.54,9879.02,160.368,-145.841
20,85,5757.92,9212.73,686.887,-409.172
25,85,6560.74,8445.96,1169.44,-739.816
30,85,7063.07,7618.54,1583.59,-1102.66
35,85,7280.87,6766.21,1923.49,-1465.86
40,85,7246.01,5919.43,2198.68,-1804.44
45,85,6999.27,5103.14,2426.35,-2101.64
50,85,6585.71,4336.4,2622.9,-2348.4
55,85,6051.6,3631.83,2798.76,-2541.93
60,85,5441.82,2995.25,2957.44,-2684.01
65,85,4796.98,2426.07,3098.04,-2779.43
70,85,4150.69,1918.73,3218.75,-2834.65
75,85,3527.76,1464.62,3319.38,-2856.69
80,85,2943.91,1054,3402.07,-2852.08
85,85,2406.82,677.372,3470.47,-2826.11
90,85,1918.11,326.266,3527.95,-2782.44
95,85,1475.52,-6.44169,3576.02,-2723.24
100,85,1074.72,-326.399,3613.32,-2649.72
105,85,710.537,-637.535,3635.64,-2562.91
110,85,377.693,-941.575,3636.65,-2464.14
115,85,71.3276,-1237.29,3609.05,-2354.9
120,85,-212.495,-1519.59,3545.66,-2236.07
125,85,-476.034,-1778.7,3439.76,-2106.77
130,85,-718.87,-1999.79,3284.86,-1963.66
135,85,-936.802,-2163.57,3074.14,-1801.59
140,85,-1120.97,-2248.55,2800.52,-1615.91
145,85,-1257.67,-2235.04,2458.19,-1406.17
150,85,-1329.39,-2110.62,2045.82,-1179.79
155,85,-1317.43,-1875.19,1570.7,-954.155
160,85,-1205.88,-1543.63,1052.05,-755.626
165,85,-986.408,-1144.13,521.483,-615.291
170,85,-662.454,-712.383,19.5087,-562.094
175,85,-251.776,-283.783,-411.614,-615.325
180,85,213.341,113.031,-736.553,-778.728
0,90,31.8067,10852.8,-1279.13,-984.26
5,90,1940.38,10667.7,-1000.23,-901.676
10,90,3750.75,10182.2,-639.937,-933.533
15,90,5346.98,9437.13,-232.445,-1072.39
20,90,6639.04,8495.79,182.674,-1296.96
25,90,7573.68,7434.03,570.282,-1577.26
30,90,8137.39,6328.34,908.253,-1880.89
35,90,8351.43,5245.7,1191.21,-2178.82
40,90,8261.83,4237.01,1427.98,-2449.14
45,90,7927.85,3334.65,1634.44,-2678.39
50,90,7412.05,2553.57,1825.45,-2860.74
55,90,6773.2,1894.7,2009.58,-2996.11
60,90,6062.33,1349.32,2188.03,-3088.03
65,90,5320.95,903.16,2357.13,-3141.96
70,90,4580.96,539.74,2512.07,-3164.13
75,90,3865.2,242.506,2649.81,-3160.71
80,90,3188.56,-3.99776,2770.14,-3137.12
85,90,2559.25,-213.653,2874.97,-3097.56
90,90,1980.18,-398.644,2966.64,-3044.59
95,90,1450.34,-569.428,3046.13,-2979.34
100,90,966.19,-734.659,3112,-2901.99
105,90,522.993,-900.947,3160.19,-2812.58
110,90,115.98,-1072.42,3184.72,-2711.58
115,90,-258.57,-1250,3178.88,-2599.87
120,90,-602.362,-1430.57,3136.28,-2478.03
125,90,-914.178,-1606.08,3051.25,-2345.03
130,90,-1189.07,-1763.14,2918.52,-2197.31
135,90,-1417.84,-1883.71,2732.41,-2029.05
140,90,-1587.17,-1947.27,2486.72,-1834.45
145,90,-1680.92,-1934.6,2176.06,-1611.47
150,90,-1682.84,-1832.39,1799.07,-1366.14
155,90,-1580.36,-1637.2,1362.69,-1115.2
160,90,-1368.64,-1357.23,885.62,-885.614
165,90,-1053.64,-1010.83,399.022,-710.189
170,90,-653.368,-622.44,-56.9213,-620.148
175,90,-197.136,-217.625,-440.07,-636.934
180,90,276.724,180.472,-715.157,-765.913
0,95,-79.7978,10725.7,-1277.03,-1926.4
5,95,2077.58,10498.8,-1175.21,-1845.65
10,95,4132.3,9876.8,-991.134,-1843.23
15,95,5944.67,8915.84,-749.955,-1914.35
20,95,7403.77,7706.51,-482.49,-2043.43
25,95,8442.58,6359.23,-216.816,-2208.34
30,95,9043.88,4986.27,28.9707,-2385.64
35,95,9235.89,3684.72,249.849,-2555.25
40,95,9079.7,2524.87,451.727,-2703.35
45,95,8653.15,1545.96,645.505,-2822.83
50,95,8035.74,758.823,840.536,-2912.11
55,95,7297.99,153.283,1040.46,-2973.05
60,95,6496.38,-293.239,1242.7,-3009.22
65,95,5672.89,-608.233,1440.8,-3024.68
70,95,4857.17,-819.161,1627.85,-3023.51
75,95,4069.35,-951.036,1799,-3009.46
80,95,3322.37,-1025.74,1952.51,-2985.68
85,95,2623.59,-1062.18,2089.03,-2954.26
90,95,1975.78,-1076.61,2210.13,-2915.93
95,95,1378.19,-1082.88,2316.71,-2870.08
100,95,827.737,-1092.48,2407.88,-2815.21
105,95,320.414,-1114.47,2480.58,-2749.69
110,95,-147.233,-1155.13,2530.06,-2672.49
115,95,-576.863,-1217.3,2550.77,-2583.4
120,95,-967.39,-1299.53,2537.33,-2482.48
125,95,-1314.27,-1395.1,2484.93,-2368.81
130,95,-1608.97,-1491.66,2389.12,-2239.19
135,95,-1838.81,-1572.03,2245.07,-2087.97
140,95,-1987.54,-1616.61,2047.28,-1908.71
145,95,-2037.59,-1606.85,1790.51,-1697.89
150,95,-1974.03,-1529.02,1472.72,-1459.42
155,95,-1789.56,-1376.8,1099.11,-1208.13
160,95,-1488.9,-1151.95,685.963,-969.972
165,95,-1090.68,-862.968,261.857,-777.89
170,95,-626.105,-522.833,-135.013,-664.168
175,95,-135.196,-147.119,-463.492,-651.685
180,95,338.001,246.539,-688.317,-747.269
0,100,-190.795,10517,-1265.22,-2853.88
5,100,2180.28,10248.8,-1380.75,-2767.16
10,100,4442.95,9499.04,-1412.47,-2705.27
15,100,6435.31,8339.03,-1373.31,-2667.64
20,100,8027.75,6885.1,-1282.23,-2647.88
25,100,9141.88,5279.93,-1157.72,-2636.73
30,100,9758.94,3668.39,-1012.54,-2625.57
35,100,9915.16,2174.34,-851.834,-2609.06
40,100,9686.39,884.79,-675.012,-2585.95
45,100,9167.53,-155.413,-479.825,-2558.23
50,100,8453.17,-939.042,-266.331,-2529.23
55,100,7624.36,-1485.78,-38.822,-2502
60,100,6742.9,-1830.16,194.746,-2478.4
65,100,5851.81,-2011.65,424.981,-2459.12
70,100,4979.09,-2068.46,643.541,-2444.22
75,100,4142,-2034.59,844.807,-2433.48
80,100,3350.43,-1939.12,1026.3,-2426.45
85,100,2609.03,-1806.5,1188.07,-2422.16
90,100,1918.55,-1657.03,1331.46,-2418.76
95,100,1277.06,-1507.5,1457.84,-2413.4
100,100,681.335,-1371.64,1567.55,-2402.57
105,100,128.378,-1260.34,1659.47,-2382.79
110,100,-383.205,-1181.59,1730.93,-2351.45
115,100,-852.234,-1139.81,1778.31,-2307.2
120,100,-1274.48,-1134.74,1797.62,-2249.62
125,100,-1642.43,-1160.43,1784.93,-2177.92
130,100,-1945.13,-1204.85,1736.39,-2089.51
135,100,-2167.95,-1251.13,1647.64,-1979.07
140,100,-2293.26,-1280.25,1513.44,-1839.68
145,100,-2302.92,-1274.55,1328.28,-1666.14
150,100,-2183.15,-1220.52,1088.63,-1459.71
155,100,-1930.61,-1109.91,796.79,-1232.3
160,100,-1557.5,-939.009,464.993,-1007.49
165,100,-1092.86,-707.245,117.574,-816.963
170,100,-579.246,-416.702,-210.654,-692.886
175,100,-66.2585,-73.2877,-480.312,-658.836
180,100,396.706,310.729,-656.239,-722.939
0,105,-300.34,10228.3,-1243.78,-3759.64
5,105,2242.9,9921.51,-1610.09,-3659.69
10,105,4671.1,9060.13,-1889.72,-3516.11
15,105,6802.81,7729.41,-2080.35,-3334.25
20,105,8492.68,6068.94,-2186.42,-3120.17
25,105,9653.98,4249.63,-2214.83,-2882.01
30,105,10268.5,2443.79,-2172.22,-2631.05
35,105,10381,796.876,-2064.64,-2381.32
40,105,10080.4,-591.383,-1899.01,-2147.78
45,105,9475.94,-1672.36,-1684.87,-1943.48
50,105,8674.35,-2441.93,-1434.95,-1777.19
55,105,7765.48,-2927.08,-1164.11,-1652.36
60,105,6816.37,-3171.68,-887.319,-1567.68
65,105,5872.16,-3225.2,-617.525,-1518.75
70,105,4960.45,-3135.69,-364.335,-1499.82
75,105,4096.1,-2946.12,-133.59,-1505.1
80,105,3285.3,-2693.09,72.2755,-1529.2
85,105,2528.5,-2406.63,253.448,-1567.04
90,105,1822.71,-2110.76,411.766,-1613.49
95,105,1163.47,-1824.49,549.755,-1663.21
100,105,546.686,-1562.9,669.751,-1710.77
105,105,-29.803,-1337.96,773.232,-1751.29
110,105,-565.147,-1158.72,860.436,-1781.14
115,105,-1055.18,-1030.6,930.349,-1798.33
120,105,-1492.72,-954.045,980.962,-1802.22
125,105,-1867.96,-923.219,1009.59,-1792.22
130,105,-2168.52,-925.848,1012.96,-1766
135,105,-2379.15,-944.842,986.912,-1718.21
140,105,-2481.94,-961.573,926.019,-1641.03
145,105,-2458.69,-959.417,823.809,-1527.21
150,105,-2296.27,-925.784,674.509,-1374.93
155,105,-1993.8,-851.616,476.572,-1192.57
160,105,-1568.59,-729.155,237.094,-1000.45
165,105,-1057.53,-550.236,-24.9997,-827.886
170,105,-512.367,-307.253,-279.311,-705.847
175,105,9.03789,2.74482,-488.961,-657.859
180,105,452.391,372.555,-619.167,-693.106
0,110,-407.6,9861.69,-1212.87,-4636.79
5,110,2261.15,9521.36,-1855.53,-4517.41
10,110,4808.06,8570.5,-2406.8,-4274.65
15,110,7035.63,7106.95,-2846.57,-3921.47
20,110,8786.56,5289.89,-3162.63,-3479.27
25,110,9968.98,3312.86,-3349.07,-2977.29
30,110,10567.1,1369.06,-3406.21,-2450.47
35,110,10633.9,-380.91,-3341.87,-1935.53
40,110,10269.2,-1829.47,-3172.23,-1465.83
45,110,9592.51,-2926.58,-2920.82,-1066.61
50,110,8719.24,-3670.96,-2615.27,-752.143
55,110,7745.73,-4094.77,-2283,-525.65
60,110,6743.71,-4248.37,-1947.48,-381.562
65,110,5761.32,-4188.64,-1626.24,-308.958
70,110,4827.08,-3971.61,-1330.62,-294.831
75,110,3954.43,-3648.13,-1066.65,-326.355
80,110,3146.13,-3261.58,-836.271,-391.974
85,110,2398,-2847,-638.462,-481.599
90,110,1702.48,-2431.51,-470.152,-586.377
95,110,1051.63,-2035.61,-326.992,-698.463
100,110,439.639,-1674.94,-204.127,-811.044
105,110,-135.555,-1361.75,-96.9656,-918.658
110,110,-671.62,-1105.39,-1.85409,-1017.62
115,110,-1162.21,-911.599,83.4565,-1106.17
120,110,-1598.04,-780.927,159.635,-1183.92
125,110,-1967.86,-707.274,225.811,-1250.33
130,110,-2258.75,-677.829,279.613,-1302.79
135,110,-2455.52,-675.155,316.995,-1335.08
140,110,-2540.45,-680.981,331.895,-1337.75
145,110,-2495.31,-679.908,316.284,-1301
150,110,-2306.9,-660.79,261.517,-1219.74
155,110,-1975.15,-614.826,161.624,-1098.6
160,110,-1520.24,-531.826,18.0113,-954.235
165,110,-984.326,-397.909,-156.404,-812.868
170,110,-426.145,-197.552,-336.299,-703.363
175,110,89.7042,79.8046,-487.94,-648.437
180,110,504.634,431.546,-577.382,-657.998
0,115,-511.757,9420.04,-1172.73,-5478.65
5,115,2232.2,9052.77,-2108.68,-5335.2
10,115,4848.19,8039.25,-2946.42,-4981.87
15,115,7127,6487.68,-3646.08,-4440.81
20,115,8903.53,4572.1,-4177.54,-3751.09
25,115,10084,2502.03,-4521.6,-2965.57
30,115,10656.6,484.069,-4672.63,-2145.13
35,115,10681.3,-1313.04,-4641.09,-1350.73
40,115,10265.9,-2779.05,-4453.51,-634.888
45,115,9536.4,-3865.17,-4148.53,-35.0537
50,115,8612.75,-4573.14,-3769.69,429.414
55,115,7595.03,-4938.65,-3358.05,756.175
60,115,6558.49,-5015.88,-2946.75,955.853
65,115,5554.36,-4866.2,-2559.02,1046.77
70,115,4612.97,-4550.84,-2208.81,1050.15
75,115,3747.64,-4126.13,-1902.77,986.736
80,115,2958.78,-3640.33,-1642.35,874.989
85,115,2238.43,-3132.16,-1425.35,730.425
90,115,1574.71,-2630.83,-1247.04,565.671
95,115,955.972,-2157.67,-1100.88,390.721
100,115,373.835,-1728.31,-979.271,213.119
105,115,-174.964,-1354.65,-874.316,38.0028
110,115,-688.176,-1045.67,-778.658,-131.849
115,115,-1158.88,-806.809,-686.279,-295.656
120,115,-1577.04,-638.29,-593.137,-453.607
125,115,-1930.98,-533.634,-497.568,-605.068
130,115,-2207.73,-479.652,-400.521,-746.451
135,115,-2392.35,-458.81,-305.783,-869.781
140,115,-2467.13,-453.386,-220.247,-963.175
145,115,-2413.34,-449.318,-153.867,-1013.94
150,115,-2216.83,-437.186,-118.459,-1013.72
155,115,-1876.94,-409.255,-124.542,-963.606
160,115,-1414.71,-354.429,-176.403,-876.606
165,115,-875.344,-255.212,-267.223,-775.513
170,115,-322.396,-90.3377,-377.071,-686.407
175,115,174.41,156.716,-475.902,-630.463
180,115,553.035,487.252,-531.203,-617.882
0,120,-612.019,8906.7,-1123.66,-6278.81
5,120,2154.81,8520.29,-2360.76,-6108.57
10,120,4789.08,7473.74,-3490.63,-5640.25
15,120,7074.83,5882.75,-4452.54,-4906.59
20,120,8843.55,3930.62,-5198.1,-3965.76
25,120,10002.5,1835.53,-5695.14,-2895.4
30,120,10544.3,-190.45,-5932.79,-1782.94
35,120,10534.9,-1977.29,-5924.9,-713.358
40,120,10086.6,-3417.02,-5708.77,242.435
45,120,9327.72,-4464.64,-5338.08,1035.84
50,120,8379.34,-5125.4,-4872.24,1643.4
55,120,7342.32,-5437.39,-4366.04,2064.39
60,120,6293.55,-5456.46,-3862.87,2314.99
65,120,5286.6,-5245.56,-3392.52,2421.21
70,120,4353.91,-4867.91,-2972.51,2412.68
75,120,3509.68,-4382.05,-2610.88,2318.07
80,120,2753.57,-3838.33,-2309.05,2162.61
85,120,2075.34,-3276.94,-2063.9,1966.9
90,120,1460.01,-2727.85,-1869.13,1746.89
95,120,892.506,-2212.39,-1716.18,1514.14
100,120,361.331,-1745.72,-1594.86,1276.31
105,120,-139.358,-1339,-1494.12,1037.63
110,120,-609.224,-1000.44,-1402.88,799.454
115,120,-1042.63,-734.853,-1311.04,561.268
120,120,-1430.36,-542.078,-1210.63,322.241
125,120,-1761.2,-415.515,-1096.77,83.4203
130,120,-2022.43,-342.102,-968.351,-150.066
135,120,-2199.08,-304.725,-828.484,-367.796
140,120,-2272.91,-286.481,-684.719,-554.955
145,120,-2223.93,-274.634,-548.866,-695.829
150,120,-2036.24,-261.475,-435.758,-779.087
155,120,-1707.54,-240.794,-360.115,-802.818
160,120,-1258.33,-201.895,-331.474,-776.802
165,120,-735.017,-125.787,-348.777,-720.392
170,120,-204.031,12.1157,-397.51,-656.46
175,120,261.512,232.34,-451.727,-604.022
180,120,597.228,539.25,-480.982,-573.064
0,125,-707.624,8325.57,-1066.05,-7031.19
5,125,2029.3,7928.42,-2602.86,-6833.5
10,125,4631.52,6879.34,-4021.42,-6253.15
15,125,6881.59,5298.03,-5240.04,-5334.35
20,125,8611.89,3370.94,-6192.54,-4154.72
25,125,9733.06,1317.15,-6834.81,-2816.37
30,125,10242.3,-653.396,-7151.69,-1431.99
35,125,10209.2,-2375.69,-7160.83,-108.794
40,125,9747.56,-3748.16,-6909.91,1066.06
45,125,8984.61,-4731.62,-6466.74,2034.75
50,125,8039.07,-5335.21,-5905.46,2771.12
55,125,7010.05,-5598.7,-5293.89,3276.88
60,125,5974.09,-5577.89,-4685.52,3573.9
65,125,4985.78,-5334.95,-4117.22,3695.56
70,125,4079.23,-4932.03,-3610.88,3679.14
75,125,3270.01,-4426.63,-3176.89,3560.34
80,125,2558.27,-3868.05,-2817.51,3370.06
85,125,1933.09,-3295.43,-2529.47,3133.03
90,125,1377.74,-2737.67,-2305.65,2867.59
95,125,874.5,-2215.03,-2136.07,2586.25
100,125,408.67,-1741.57,-2008.57,2296.41
105,125,-29.0242,-1327.4,-1909.38,2001.22
110,125,-441.518,-979.82,-1823.92,1700.67
115,125,-825.964,-703.092,-1738.07,1393.09
120,125,-1175.21,-497.003,-1639.64,1077.27
125,125,-1479.27,-355.413,-1520,755.02
130,125,-1725.86,-266.117,-1375.32,433.386
135,125,-1899.55,-213.022,-1207.35,125.576
140,125,-1980.94,-180.284,-1023.69,-150.528
145,125,-1948.13,-156.331,-837.418,-376.377
150,125,-1782.91,-134.878,-665.763,-538.219
155,125,-1480.83,-111.363,-526.915,-631.883
160,125,-1061.02,-76.5073,-434.882,-664.579
165,125,-569.871,-11.8247,-393.76,-652.548
170,125,-74.9314,108.09,-394.209,-615.336
175,125,349.095,305.614,-414.601,-569.358
180,125,636.876,587.143,-427.1,-523.885
0,130,-797.843,7681.08,-1000.32,-7730.05
5,130,1857.61,7281.59,-2826.23,-7506.38
10,130,4379.41,6259.35,-4521.32,-6824.15
15,130,6553.97,4734.17,-5983.8,-5739.27
20,130,8218.51,2889.2,-7131.16,-4347.96
25,130,9288.75,936.941,-7908.79,-2774.69
30,130,9765.75,-921.857,-8298.21,-1154.56
35,130,9720.53,-2532.42,-8320.8,386.327
40,130,9264.93,-3802.57,-8033.48,1747.65
45,130,8522.11,-4700.11,-7516.37,2864.79
50,130,7606.01,-5237.98,-6856.52,3710.45
55,130,6611.84,-5456.82,-6133.4,4289.28
60,130,5614,-5411.19,-5410.03,4628.56
65,130,4666.67,-5160.65,-4730.44,4768.03
70,130,3804.73,-4764.1,-4121.61,4751.19
75,130,3044.95,-4275.47,-3597.3,4619.11
80,130,2388.43,-3740.49,-3161.78,4406.85
85,130,1824.62,-3194.95,-2812.8,4141.89
90,130,1336.1,-2664.79,-2543.47,3844.1
95,130,903.469,-2167.77,-2343.33,3526.42
100,130,509.333,-1715.94,-2199,3195.83
105,130,141.036,-1317.83,-2094.67,2854.56
110,130,-208.031,-979.773,-2012.85,2501.52
115,130,-538.491,-705.683,-1935.72,2134.23
120,130,-845.996,-495.827,-1846.97,1751.44
125,130,-1122.34,-345.279,-1733.96,1355.94
130,130,-1355.78,-243.473,-1589.52,956.874
135,130,-1530.24,-175.928,-1413.19,570.273
140,130,-1624.68,-128.039,-1211.57,216.94
145,130,-1614.97,-89.1236,-998.05,-82.1344
150,130,-1480.53,-53.8619,-791.281,-311.422
155,130,-1214.84,-19.2029,-611.963,-465.311
160,130,-835.513,21.9884,-477.639,-549.267
165,130,-388.087,85.9345,-396.765,-577.013
170,130,60.236,196.453,-364.698,-564.989
175,130,435.039,375.567,-364.07,-526.849
180,130,671.677,630.569,-369.967,-470.718
0,135,-881.991,6978.13,-926.972,-8370.09
5,135,1643.2,6584.12,-3022.58,-8123.85
10,135,4039.59,5615.15,-4973.86,-7356.42
15,135,6102.5,4186.99,-6660.87,-6134.75
20,135,7677.44,2473.32,-7986.91,-4571.41
25,135,8686.26,673.092,-8888.65,-2809.57
30,135,9132.7,-1028.09,-9345.04,-1002.23
35,135,9086.36,-2489.68,-9380.53,710.059
40,135,8654.27,-3630.66,-9059.41,2217.5
45,135,7952.92,-4425.93,-8471.56,3451.15
50,135,7089.49,-4891.52,-7714.58,4383.71
55,135,6153.79,-5067.93,-6877.88,5022.74
60,135,5216.72,-5007.38,-6033.21,5399.92
65,135,4330.77,-4765.74,-5231.84,5559.78
70,135,3530.52,-4397.39,-4506.51,5550.21
75,135,2833.26,-3951.36,-3875.41,5415.93
80,135,2240.92,-3468.41,-3346.08,5194.65
85,135,1743.59,-2979.51,-2918.47,4915.67
90,135,1323.93,-2506.2,-2586.96,4599.8
95,135,961.824,-2062.4,-2341.48,4260.19
100,135,638.212,-1656.99,-2168.21,3903.45
105,135,337.943,-1296.15,-2049.99,3530.97
110,135,51.2962,-984.772,-1967.14,3140.66
115,135,-225.661,-726.487,-1898.84,2729.3
120,135,-491.544,-522.423,-1825.13,2295.58
125,135,-740.205,-369.512,-1729.41,1843.27
130,135,-960.645,-259.539,-1600.74,1383.56
135,135,-1136.18,-180.162,-1435.51,935.159
140,135,-1244.12,-118.16,-1238.24,521.583
145,135,-1258.32,-63.4604,-1021.45,165.901
150,135,-1156.32,-11.1929,-804.142,-115.141
155,135,-930.144,40.462,-608.533,-315.233
160,135,-596.261,96.0422,-454.734,-438.96
165,135,-198.942,168.07,-354.657,-498.354
170,135,196.266,276.638,-307.621,-507.333
175,135,517.095,441.335,-300.092,-476.971
180,135,701.366,669.195,-310.019,-413.97
0,140,-959.425,6222.08,-846.574,-8946.42
5,140,1390.97,5840.26,-3184.32,-8682.74
10,140,3621.55,4946.45,-5364.12,-7852.14
15,140,5541.09,3648.38,-7250.66,-6531.11
20,140,7006.15,2104.6,-8735.79,-4844.97
25,140,7945.23,494.736,-9749.46,-2950.4
30,140,8363.16,-1015.46,-10268.5,-1012.53
35,140,8325.44,-2302.27,-10319.1,818.898
40,140,7931.56,-3296.49,-9970.43,2428.49
45,140,7289.12,-3979.38,-9319.04,3745.07
50,140,6497.1,-4368.81,-8470.35,4741.68
55,140,5638.73,-4503.89,-7522.01,5427.86
60,140,4780.29,-4433.52,-6553.8,5837.96
65,140,3971.52,-4209.15,-5624.4,6019.28
70,140,3245.65,-3880.18,-4773.09,6022.3
75,140,2619.74,-3490.42,-4023.5,5893.95
80,140,2096.16,-3075.34,-3387.46,5673.89
85,140,1665.69,-2660.73,-2867.98,5392.88
90,140,1311.7,-2263.14,-2461.36,5072.78
95,140,1014.35,-1891.85,-2158.44,4727.09
100,140,754.239,-1551.61,-1945.41,4362.03
105,140,515.074,-1245.32,-1804.44,3977.96
110,140,285.154,-975.727,-1714.46,3571.37
115,140,57.97,-745.734,-1652.54,3137.75
120,140,-167.76,-557.318,-1595.88,2675.2
125,140,-387.992,-409.565,-1524.32,2188.08
130,140,-592.711,-297.062,-1423,1689.28
135,140,-764.946,-210.001,-1284.53,1200.07
140,140,-880.861,-136.67,-1110.43,746.536
145,140,-913.026,-67.3818,-911.36,353.668
150,140,-838.154,2.71928,-705.772,39.1568
155,140,-647.914,74.5389,-516.532,-190.526
160,140,-358.303,149.787,-365.412,-339.9
165,140,-12.1823,236.243,-266.763,-420.31
170,140,327.689,348.571,-222.841,-444.084
175,140,592.967,502.164,-223.062,-420.265
180,140,725.717,702.728,-247.711,-354.07
0,145,-1029.56,5418.67,-759.733,-9454.67
5,145,1107.08,5054.28,-3304.82,-9179.92
10,145,3137.12,4251.75,-5679.05,-8312.08
15,145,4886.53,3107.31,-7735.33,-6934.72
20,145,6225,1759.82,-9357.24,-5181.1
25,145,7087.71,365.155,-10469.9,-3215.1
30,145,7478.96,-933.863,-11048.3,-1207.24
35,145,7457.79,-2031.71,-11118.8,689.233
40,145,7113.8,-2870.72,-10752.1,2357.07
45,145,6543.98,-3437.36,-10048.2,3724.31
50,145,5837.76,-3749.88,-9117.65,4763.85
55,145,5070.73,-3844.83,-8064.56,5485.29
60,145,4303.53,-3766.9,-6976.29,5923.29
65,145,3582.04,-3562.58,-5919.33,6125.72
70,145,2937.27,-3276.13,-4940.21,6144
75,145,2385.39,-2946.2,-4068.76,6026.54
80,145,1929.04,-2603.32,-3321.54,5814.8
85,145,1560.04,-2268.48,-2704.86,5541.48
90,145,1263.19,-1953.55,-2216.94,5229.95
95,145,1020.09,-1663.23,-1849.51,4894.41
100,145,812.397,-1397.91,-1588.99,4540.69
105,145,624.056,-1156.64,-1417.35,4167.6
110,145,442.662,-939.327,-1313.01,3769.4
115,145,260.096,-747.518,-1251.98,3339.32
120,145,72.9821,-583.578,-1209.6,2873.91
125,145,-116.566,-448.549,-1162.94,2377.29
130,145,-299.71,-339.827,-1093.5,1863.61
135,145,-459.741,-250.22,-990.056,1356.39
140,145,-572.58,-169.546,-850.706,884.309
145,145,-610.764,-88.3674,-683.759,474.425
150,145,-551.66,-1.56758,-506.614,145.402
155,145,-387.972,91.0902,-342.18,-96.3862
160,145,-136.072,188.426,-213.048,-256.109
165,145,162.614,292.878,-134.871,-345.536
170,145,449.066,412.561,-111.464,-376.636
175,145,660.409,557.399,-133.822,-357.312
180,145,744.544,730.914,-183.518,-291.476
0,150,-1091.86,4574.02,-667.11,-9890.96
5,150,798.786,4230.48,-3378.59,-9612.31
10,150,2600.09,3528.88,-5907.91,-8735.31
15,150,4158,2551.15,-8100.23,-7347.38
20,150,5356.66,1413.39,-9834.26,-5584.1
25,150,6137.67,245.118,-11032.4,-3609.41
30,150,6503.42,-835.304,-11667.7,-1592.13
35,150,6504.67,-1740.71,-11764.7,316.839
40,150,6219.41,-2424.19,-11392.8,2001.82
45,150,5732.65,-2876.16,-10652,3391
50,150,5123.13,-3114.15,-9654.94,4455.8
55,150,4457.67,-3171.24,-8510.92,5203.47
60,150,3790.07,-3087.31,-7314.42,5666.21
65,150,3161.22,-2903.5,-6140.01,5890.19
70,150,2598.97,-2658.57,-5041.94,5926.44
75,150,2118.25,-2386.01,-4056.34,5824.34
80,150,1722.11,-2111.6,-3204.27,5627.41
85,150,1404.09,-1852.17,-2494.74,5370.77
90,150,1151.51,-1615.74,-1927.26,5079.86
95,150,948.657,-1403.31,-1494.04,4769.9
100,150,779.535,-1211.6,-1181.71,4446.24
105,150,629.643,-1036.15,-972.49,4105.78
110,150,487.034,-873.983,-845.116,3739.83
115,150,342.986,-724.872,-775.655,3338.42
120,150,192.776,-590.961,-738.772,2895.61
125,150,36.979,-474.583,-709.756,2414.39
130,150,-116.837,-375.361,-667.36,1909.46
135,150,-252.877,-288.313,-597.069,1406.27
140,150,-348.009,-204.572,-493.99,936.085
145,150,-376.351,-114.864,-364.332,528.271
150,150,-317.652,-13.7584,-224.459,202.735
155,150,-167.119,98.4021,-97.0272,-34.2957
160,150,57.6474,217.606,-4.67185,-189.245
165,150,316.63,340.818,36.9552,-275.466
170,150,555.265,469.169,24.2052,-305.978
175,150,717.312,606.476,-33.6506,-288.708
180,150,757.706,753.536,-117.928,-226.663
0,155,-1145.84,3694.56,-569.41,-10252
5,155,474.234,3373.36,-3401.46,-9976.82
10,155,2025.81,2775.5,-6042.46,-9119.04
15,155,3376.54,1966.97,-8334.12,-7766.15
20,155,4425.62,1039.68,-10153.7,-6049.96
25,155,5120.66,96.0355,-11422.8,-4127.21
30,155,5461.16,-769.903,-12112.7,-2157.89
35,155,5488.42,-1488.55,-12244.6,-285.015
40,155,5267.88,-2022.65,-11883.6,1380.52
45,155,4871.7,-2365.67,-11126.3,2767.56
50,155,4367,-2533.79,-10085.3,3844.63
55,155,3810.69,-2556.36,-8873.04,4613.97
60,155,3248.4,-2468.25,-7590.57,5102.58
65,155,2714.77,-2304.9,-6320.35,5352.73
70,155,2233.66,-2099.15,-5124.14,5413.69
75,155,1818.41,-1878.79,-4043.82,5335.16
80,155,1472.81,-1664.76,-3103.97,5162.49
85,155,1192.93,-1469.98,-2315.12,4933.26
90,155,969.696,-1299.54,-1677.09,4675.03
95,155,791.342,-1152.04,-1181.99,4404.06
100,155,645.421,-1022.03,-816.54,4125.29
105,155,520.123,-902.926,-563.658,3833.74
110,155,405.071,-789.728,-403.154,3517.76
115,155,291.984,-680.711,-312.15,3164.02
120,155,175.709,-577.359,-265.771,2763.66
125,155,55.8658,-482.349,-238.791,2317.93
130,155,-61.2029,-396.403,-208.509,1841.39
135,155,-161.263,-315.804,-158.493,1360.93
140,155,-223.45,-232.498,-82.1467,910.219
145,155,-225.181,-137.336,15.3596,521.062
150,155,-150.317,-24.7595,118.055,214.855
155,155,2.09333,104.194,203.521,-2.32546
160,155,212.524,242.827,249.798,-138.688
165,155,442.305,382.964,242.704,-210.293
170,155,641.726,519.057,180.777,-232.667
175,155,761.794,648.899,75.7744,-215.052
180,155,765.101,770.424,-51.441,-160.126
0,160,-1191.11,2786.99,-467.377,-10535
5,160,142.191,2487.69,-3370.73,-10270.3
10,160,1430.74,1989.79,-6077.24,-9458.67
15,160,2564.53,1342.87,-8429.38,-8183.49
20,160,3457.74,615.021,-10306.3,-6566.88
25,160,4063.5,-117.256,-11630.7,-4751.49
30,160,4377.83,-782.616,-12372.4,-2881.93
35,160,4432.22,-1327.45,-12548.3,-1088.23
40,160,4279.31,-1723.01,-12216.9,526.402
45,160,3978.08,-1965.25,-11468.8,1892.11
50,160,3583.47,-2069.01,-10413.6,2973.3
55,160,3141.51,-2060.22,-9165.33,3765
60,160,2688.5,-1969.01,-7829.84,4286.52
65,160,2251.69,-1825.04,-6496.51,4574.09
70,160,1850.09,-1654.81,-5233.56,4673.47
75,160,1495.08,-1479.86,-4087.45,4633.35
80,160,1191.29,-1315.74,-3084.98,4499.82
85,160,937.905,-1171.46,-2237.02,4312
90,160,730.248,-1049.75,-1542.76,4098.86
95,160,561.419,-948.131,-993.671,3877.48
100,160,423.52,-860.781,-576.577,3652.59
105,160,308.475,-780.931,-275.307,3418.05
110,160,208.573,-703.214,-71.2488,3160.18
115,160,117.128,-625.278,56.7446,2863.17
120,160,29.6174,-547.864,132.162,2515.76
125,160,-54.5421,-473.034,179.459,2117.46
130,160,-130.059,-401.202,221.088,1682.3
135,160,-184.821,-328.656,273.352,1238.02
140,160,-201.441,-247.511,342.437,820.229
145,160,-162.174,-148.798,422.366,462.975
150,160,-56.4075,-27.2775,496.365,189.085
155,160,112.011,115.019,541.942,4.33346
160,160,321.188,268.935,538.489,-101.793
165,160,533.698,421.947,474.852,-149.06
170,160,704.67,562.848,353.948,-156.84
175,160,792.279,684.222,192.421,-136.94
180,160,766.673,781.448,15.4376,-92.3698
0,165,-1227.31,1858.2,-361.786,-10737.8
5,165,-188.203,1578.63,-3285.25,-10489.9
10,165,831.959,1170.93,-6009.65,-9747.96
15,165,1745.12,669.106,-8382.2,-8587.75
20,165,2479.76,119.583,-10286.8,-7116.17
25,165,2993.95,-424.191,-11649.3,-5455.85
30,165,3280.09,-910.7,-12438.8,-3730.5
35,165,3360.09,-1300.1,-12667.3,-2052.81
40,165,3274.16,-1570.93,-12385.4,-515.567
45,165,3068.39,-1721.39,-11675.8,813.674
50,165,2785.39,-1765.43,-10642.5,1894.7
55,165,2459.88,-1726.29,-9398.08,2713.83
60,165,2118.1,-1630.02,-8051.09,3280.71
65,165,1779.11,-1500.98,-6695.45,3623.29
70,165,1456.38,-1359.32,-5404.04,3781.6
75,165,1158.85,-1220.11,-4226.44,3801.16
80,165,891.784,-1093.23,-3190.58,3726.71
85,165,657.415,-983.655,-2306.92,3597.1
90,165,455.712,-892.103,-1573.61,3441.5
95,165,285.036,-815.919,-981.359,3277.29
100,165,142.648,-750.383,-516.976,3109.45
105,165,25.0301,-690.297,-165.168,2931.84
110,165,-71.8177,-631.572,91.1445,2730.51
115,165,-151.827,-572.286,271.256,2488.97
120,165,-217.774,-512.584,396.737,2194.98
125,165,-269.634,-453.159,490.086,1847.12
130,165,-302.902,-392.869,571.571,1458.91
135,165,-307.96,-326.898,654.839,1058.45
140,165,-271.758,-247.068,742.927,682.604
145,165,-182.381,-144.886,826.647,366.989
150,165,-35.4998,-16.0987,886.811,135.345
155,165,159.88,135.859,900.333,-7.29
160,165,379.403,299.731,848.543,-74.2665
165,165,586.713,459.844,724.855,-89.8447
170,165,741.268,600.994,538.709,-78.2746
175,165,807.563,712.03,313.971,-54.9723
180,165,762.41,786.525,82.1988,-23.9106
0,170,-1254.17,915.268,-253.442,-10858.9
5,170,-507.7,651.798,-3145.44,-10632.5
10,170,246.742,319.579,-5840.07,-9979.42
15,170,941.726,-60.8603,-8192.67,-8963.97
20,170,1518.84,-461.171,-10094.5,-7673.61
25,170,1940.51,-846.688,-11476,-6206.46
30,170,2195.6,-1181.87,-12306.7,-4661.21
35,170,2297.09,-1437.94,-12594.1,-3129.79
40,170,2273.65,-1599.47,-12380.7,-1692.1
45,170,2159.19,-1666.75,-11739.7,-411.945
50,170,1984.5,-1653.48,-10767.1,666.255
55,170,1773.15,-1581.16,-9570.87,1519.53
60,170,1541.3,-1472.84,-8258.47,2146.42
65,170,1299.62,-1348.54,-6925.22,2564.46
70,170,1055.65,-1222.96,-5646.17,2805.39
75,170,815.433,-1105.28,-4472.56,2908.7
80,170,584.283,-1000.1,-3432.87,2915.17
85,170,366.969,-908.631,-2537.19,2861.14
90,170,167.643,-829.827,-1782.96,2774.54
95,170,-10.3081,-761.258,-1160.32,2672.54
100,170,-164.407,-699.936,-655.991,2560.82
105,170,-293.206,-643.066,-255.077,2434.67
110,170,-396.274,-588.682,58.6072,2281.8
115,170,-473.864,-535.862,302.985,2087.28
120,170,-526.085,-484.234,497.617,1839.87
125,170,-551.621,-432.708,662.06,1538.58
130,170,-546.451,-377.943,812.427,1196.98
135,170,-503.519,-313.578,956.991,843.293
140,170,-414.353,-231.241,1092.67,514.759
145,170,-272.988,-123.572,1204.44,247.493
150,170,-81.1867,11.8835,1268.95,65.1641
155,170,147.305,169.907,1261.9,-28.6499
160,170,385.945,337.689,1167.02,-50.6349
165,170,599.174,497.96,983.644,-30.0089
170,170,749.742,633.669,729.58,3.51433
175,170,806.864,731.927,437.901,30.2414
180,170,752.344,785.616,148.334,44.7305
0,175,-1271.49,-34.6277,-143.169,-10897.3
5,175,-807.221,-286.67,-2953.3,-10695.6
10,175,-307.961,-561.713,-5571.79,-10144.7
15,175,177.422,-849.628,-7864.81,-9294.81
20,175,602.056,-1135.39,-9732.77,-8211.03
25,175,932.028,-1397.88,-11112.2,-6964.19
30,175,1152.94,-1613.04,-11974.3,-5625.51
35,175,1269.75,-1760.19,-12323,-4263.93
40,175,1300.71,-1828.5,-12193.2,-2944.45
45,175,1268.65,-1820.25,-11647.9,-1725.36
50,175,1193.56,-1749.46,-10773.2,-654.065
55,175,1088.76,-1636.92,-9668.75,237.546
60,175,961.038,-1504.03,-8436.88,936.181
65,175,813.159,-1368.06,-7170.37,1447.26
70,175,646.869,-1239.96,-5943.57,1791.66
75,175,464.995,-1124.67,-4807.93,2000.09
80,175,272.261,-1022.81,-3792.31,2106.64
85,175,75.0857,-932.649,-2907.13,2143.11
90,175,-119.13,-851.694,-2149.93,2134.84
95,175,-302.791,-777.673,-1510.83,2098.33
100,175,-468.771,-708.988,-976.316,2040.39
105,175,-610.887,-644.81,-531.229,1958.82
110,175,-724.178,-584.868,-159.266,1844.75
115,175,-804.888,-528.905,156.973,1686.79
120,175,-850.052,-475.827,435.243,1476.73
125,175,-856.697,-422.732,691.398,1215.54
130,175,-820.994,-364.309,935.627,917.702
135,175,-738.103,-293.2,1168.32,611.439
140,175,-603.534,-201.722,1377.57,333.511
145,175,-416.284,-84.664,1540.16,119.199
150,175,-182.921,57.799,1627.01,-9.18235
155,175,79.2895,218.475,1612,-50.3726
160,175,342.245,383.789,1481.62,-24.7417
165,175,570.778,536.687,1242.08,33.501
170,175,729.423,660.702,920.858,89.1544
175,175,789.856,743.526,561.568,118.062
180,175,736.553,778.728,213.341,113.031
0,180,-1279.13,-984.26,-31.8067,-10852.8
5,180,-1078.12,-1230.08,-2712.37,-10677
10,180,-815.983,-1468.3,-5210.98,-10235.1
15,180,-525.636,-1695.36,-7406.52,-9561.72
20,180,-244.233,-1904.13,-9209.78,-8698.09
25,180,-2.73189,-2081.34,-10564.3,-7686.92
30,180,181.521,-2209.64,-11444,-6571.28
35,180,306.435,-2273.28,-11850.8,-5396.3
40,180,381.105,-2264.61,-11813,-4210.74
45,180,418.662,-2187.63,-11383.7,-3065.65
50,180,429.658,-2057.23,-10637.3,-2009.64
55,180,418.624,-1894.54,-9662.61,-1082.33
60,180,384.383,-1720.81,-8552.44,-308.577
65,180,322.919,-1552.57,-7393.15,304.016
70,180,230.823,-1399.35,-6255.39,763.755
75,180,107.761,-1264.23,-5189.21,1090.37
80,180,-42.6339,-1145.81,-4223.71,1309.23
85,180,-213.229,-1040.72,-3370.3,1445.94
90,180,-394.542,-945.48,-2627.58,1522.23
95,180,-575.994,-857.536,-1986.24,1553.55
100,180,-746.936,-775.566,-1432.57,1547.96
105,180,-897.398,-699.181,-950.565,1506.46
110,180,-1018.62,-628.258,-522.94,1424.64
115,180,-1103.35,-562.04,-132.084,1296.07
120,180,-1145.89,-498.25,238.169,1117
125,180,-1141.68,-432.54,599.409,891.671
130,180,-1086.79,-358.718,954.575,636.149
135,180,-977.757,-269.937,1294.35,378.575
140,180,-812.53,-160.732,1596.05,154.313
145,180,-592.964,-29.2708,1826.64,-3.55826
150,180,-328.124,120.99,1950.29,-75.3652
155,180,-36.9076,281.004,1938.67,-62.907
160,180,251.887,437.459,1781.19,9.73311
165,180,502.953,575.433,1491.36,103.829
170,180,680.74,681.54,1106.85,179.275
175,180,756.681,746.448,682.298,207.804
180,180,715.157,765.913,276.724,180.472
0,185,-1277.03,-1926.4,79.7978,-10725.7
5,185,-1312.44,-2171.22,-2427.62,-10575.1
10,185,-1262.4,-2393.34,-4766.5,-10242.4
15,185,-1146.81,-2591.6,-6829.51,-9746.14
20,185,-995.036,-2761.16,-8538.27,-9104.17
25,185,-835.774,-2890.86,-9843.76,-8331.95
30,185,-688.977,-2965.35,-10723.5,-7445.49
35,185,-562.79,-2970.78,-11178.9,-6466.74
40,185,-455.971,-2901.17,-11232.9,-5427.86
45,185,-363.637,-2762.03,-10929.6,-4371.31
50,185,-283.038,-2569.63,-10331.5,-3344.99
55,185,-216.668,-2346.52,-9513.95,-2394.28
60,185,-171.868,-2115.39,-8557.74,-1554.33
65,185,-157.861,-1894.09,-7539.23,-845.294
70,185,-182.107,-1693.21,-6522.48,-271.855
75,185,-247.638,-1516.41,-5554.34,173.819
80,185,-352.121,-1362.47,-4663.41,507.284
85,185,-488.477,-1227.77,-3862.2,746.958
90,185,-646.311,-1108.24,-3150.91,910.278
95,185,-813.467,-1000.49,-2521.24,1011.18
100,185,-977.306,-901.992,-1959.51,1058.83
105,185,-1125.63,-810.814,-1448.8,1057.49
110,185,-1247.41,-724.987,-970.647,1007.56
115,185,-1333.29,-641.825,-507.042,908.062
120,185,-1375.87,-557.44,-43.4655,760.405
125,185,-1369.49,-466.783,427.035,572.611
130,185,-1309.74,-364.425,899.494,362.492
135,185,-1193.13,-246.043,1354.1,157.703
140,185,-1017.71,-110.148,1756.65,-8.74545
145,185,-785.197,40.6083,2063.81,-107.182
150,185,-504.171,199.183,2232.68,-121.573
155,185,-192.892,355.134,2232.67,-57.133
160,185,120.079,496.597,2056,58.764
165,185,398.656,612.64,1723.32,183.88
170,185,605.172,695.255,1282.09,274.365
175,185,707.949,740.328,797.486,298.713
180,185,688.317,747.269,338.001,246.539
0,190,-1265.22,-2853.88,190.795,-10517
5,190,-1503.15,-3102.38,-2105.33,-10388.8
10,190,-1633.97,-3327.84,-4249.68,-10159
15,190,-1667.6,-3527.36,-6149.01,-9830.75
20,190,-1627.51,-3693.06,-7735.62,-9400.24
25,190,-1540.76,-3810.63,-8967.8,-8858.38
30,190,-1429.54,-3862.42,-9827.14,-8196.83
35,190,-1307.03,-3833.64,-10315.3,-7416.35
40,190,-1178.54,-3718.66,-10451.9,-6533.24
45,190,-1045.94,-3524.32,-10273,-5580.71
50,190,-912.605,-3268.92,-9829.42,-4604.11
55,190,-786.238,-2977.53,-9183.14,-3652.23
60,190,-678.445,-2675.8,-8400.82,-2768.08
65,190,-601.905,-2384.72,-7546.71,-1982.51
70,190,-566.771,-2117.95,-6675.91,-1311.96
75,190,-578.01,-1881.73,-5830.05,-759.95
80,190,-634.493,-1676.64,-5035.83,-320.694
85,190,-729.716,-1499.89,-4306.13,16.8005
90,190,-853.397,-1347.11,-3642.43,265.241
95,190,-993.221,-1213.44,-3037.68,436.6
100,190,-1136.26,-1093.91,-2478.64,540.67
105,190,-1270.04,-983.386,-1948.06,584.537
110,190,-1383.29,-876.526,-1426.92,573.036
115,190,-1466.48,-767.748,-897.374,510.334
120,190,-1511.94,-651.546,-346.971,402.615
125,190,-1513.54,-523.165,226.462,261.261
130,190,-1465.83,-379.644,810.218,105.203
135,190,-1363.49,-221.005,1374.44,-39.2552
140,190,-1201.78,-51.1255,1874.11,-142.448
145,190,-978.942,122.24,2256.23,-179.01
150,190,-699.899,288.594,2471.43,-137.027
155,190,-380.039,436.826,2487.04,-24.9443
160,190,-46.8429,557.703,2297.81,127.493
165,190,262.137,645.871,1930.68,276.006
170,190,505.159,700.594,1441.58,374.634
175,190,644.711,724.835,904.675,389.949
180,190,656.239,722.939,396.706,310.729
0,195,-1243.78,-3759.64,300.34,-10228.3
5,195,-1644.34,-4015.46,-1752.87,-10118
10,195,-1919.52,-4260.87,-3674.02,-9978.98
15,195,-2072.22,-4487.51,-5383.5,-9800.59
20,195,-2121.75,-4679.88,-6823.59,-9560.68
25,195,-2094.1,-4816.03,-7959.33,-9229.55
30,195,-2013.21,-4872.44,-8776.26,-8778.49
35,195,-1896.3,-4830.97,-9277.08,-8190.21
40,195,-1753.86,-4685.22,-9478.89,-7466.95
45,195,-1593.05,-4443.32,-9411.4,-6632.77
50,195,-1421.82,-4126.3,-9115.3,-5729.02
55,195,-1251.35,-3762.92,-8639.42,-4805.25
60,195,-1095.77,-3383.07,-8036.48,-3909.23
65,195,-969.572,-3012.2,-7357.7,-3079.38
70,195,-884.268,-2668.21,-6647.78,-2341.28
75,195,-845.901,-2361,-5941.31,-1707.9
80,195,-854.283,-2093.75,-5261.33,-1182.04
85,195,-903.813,-1864.88,-4619.61,-759.662
90,195,-985.176,-1669.7,-4018.14,-432.837
95,195,-1087.19,-1501.53,-3450.85,-191.959
100,195,-1198.3,-1352.31,-2905.5,-27.2624
105,195,-1307.68,-1213.12,-2365.51,70.3435
110,195,-1405.91,-1074.83,-1812.51,109.135
115,195,-1485.18,-929.02,-1229.94,97.2873
120,195,-1538.95,-769.141,-607.968,44.4991
125,195,-1561.01,-591.745,51.0018,-35.8715
130,195,-1544.09,-397.516,727.52,-125.157
135,195,-1479.03,-191.808,1383.32,-199.654
140,195,-1355.52,15.6363,1964.45,-233.985
145,195,-1165.14,212.036,2410.06,-207.572
150,195,-906.43,383.989,2665.53,-112.529
155,195,-590.052,520.542,2696.55,40.1871
160,195,-241.793,616.08,2499.87,219.783
165,195,98.7054,671.972,2107.23,381.728
170,195,383.979,696.058,1580.88,479.895
175,195,568.421,699.689,1001.65,480.573
180,195,619.167,693.106,452.391,372.555
0,200,-1212.87,-4636.79,407.6,-9861.69
5,200,-1731.39,-4902.12,-1378.57,-9763.66
10,200,-2110.28,-5179.94,-3054.78,-9698.26
15,200,-2348.13,-5453.44,-4554.16,-9644.11
20,200,-2461.67,-5696.04,-5827.89,-9564.88
25,200,-2476.16,-5874.85,-6846.83,-9415.19
30,200,-2416.84,-5957.7,-7599.95,-9150.77
35,200,-2303.87,-5921.32,-8091.06,-8740.28
40,200,-2151.61,-5757.67,-8335.55,-8174.44
45,200,-1971.1,-5476.2,-8358.05,-7468.9
50,200,-1773.36,-5101.35,-8190.61,-6659.98
55,200,-1571.6,-4666.5,-7870.63,-5795.52
60,200,-1381.04,-4206.72,-7437.98,-4924.6
65,200,-1216.6,-3752.64,-6931.33,-4089.48
70,200,-1090.04,-3326.81,-6384.61,-3321.42
75,200,-1007.74,-2942.86,-5824.36,-2639.93
80,200,-970.227,-2606.45,-5268.43,-2054.46
85,200,-973.059,-2317.01,-4726.05,-1566.74
90,200,-1008.6,-2069.36,-4198.56,-1173.18
95,200,-1067.87,-1855,-3680.59,-866.726
100,200,-1142.09,-1663.09,-3161.2,-638.308
105,200,-1223.64,-1481.53,-2625.51,-477.903
110,200,-1306.51,-1298.35,-2057.08,-375.234
115,200,-1385.98,-1103.34,-1441.66,-319.862
120,200,-1457.44,-889.904,-772.357,-300.535
125,200,-1514.6,-656.564,-55.527,-303.911
130,200,-1547.43,-407.883,684.337,-313.388
135,200,-1541.2,-154.328,1403.01,-309.215
140,200,-1477.72,89.0652,2040.37,-271.038
145,200,-1339.65,305.264,2530.17,-183.13
150,200,-1117.21,478.77,2814.23,-41.0909
155,200,-815.153,599.518,2857.11,142.671
160,200,-457.19,666.137,2656.79,337.834
165,200,-85.5053,687.294,2247.93,501.51
170,200,245.604,680.018,1696.36,589.474
175,200,480.879,664.696,1086.48,569.543
180,200,577.382,657.998,504.634,431.546
0,205,-1172.73,-5478.65,511.757,-9420.04
5,205,-1761.16,-5753.88,-991.404,-9327.55
10,205,-2200.18,-6071.38,-2408.57,-9315.15
15,205,-2486.54,-6403.93,-3684.33,-9354.07
20,205,-2635.68,-6711.73,-4777.49,-9398.67
25,205,-2672.45,-6948.95,-5663.62,-9393.37
30,205,-2622.82,-7073.14,-6334.31,-9283.63
35,205,-2508.85,-7054.69,-6794.14,-9028.41
40,205,-2347.52,-6883.34,-7057.08,-8609.85
45,205,-2152.36,-6569.82,-7143.58,-8036.36
50,205,-1936.2,-6142.33,-7078.58,-7338.62
55,205,-1713.03,-5639.44,-6889.9,-6560.61
60,205,-1497.94,-5101.83,-6606.39,-5749.51
65,205,-1305.3,-4565.4,-6255.62,-4947.77
70,205,-1146.25,-4057.12,-5861.51,-4188.65
75,205,-1027.07,-3593.89,-5442.53,-3495.12
80,205,-948.843,-3183.29,-5010.8,-2880.78
85,205,-908.577,-2825.35,-4572.11,-2351.47
90,205,-900.884,-2514.37,-4126.44,-1907.08
95,205,-919.804,-2240.52,-3668.66,-1542.97
100,205,-960.207,-1991.28,-3189.29,-1251.29
105,205,-1018.6,-1753.01,-2675.67,-1022.22
110,205,-1093.11,-1512.64,-2113.96,-845.146
115,205,-1182.56,-1259.75,-1492.66,-709.394
120,205,-1284.33,-988.561,-807.632,-604.346
125,205,-1391.63,-699.588,-68.0541,-518.764
130,205,-1490.86,-400.454,698.609,-439.811
135,205,-1560.54,-105.403,1444.98,-352.784
140,205,-1573.38,166.694,2107.77,-242.746
145,205,-1501.98,395.79,2618.06,-98.5796
150,205,-1327.4,565.166,2915.9,81.364
155,205,-1047.93,666.141,2965.25,284.323
160,205,-685.094,701.766,2764.49,481.885
165,205,-283.751,687.972,2349.02,634.601
170,205,94.535,650.856,1785.2,702.152
175,205,384.171,619.776,1157.63,655.711
180,205,531.203,617.882,553.035,487.252
0,210,-1123.66,-6278.81,612.019,-8906.7
5,210,-1732,-6562.38,-600.804,-8812.7
10,210,-2186.03,-6920.98,-1752.85,-8830.62
15,210,-2482.73,-7316.21,-2798.76,-8928.08
20,210,-2637.37,-7694.43,-3703.67,-9055.28
25,210,-2674.59,-7996.33,-4446.7,-9152.04
30,210,-2620.6,-8168.67,-5021.13,-9158.8
35,210,-2498.43,-8175.03,-5431.71,-9029.22
40,210,-2326.47,-8002.56,-5690.86,-8739.79
45,210,-2119.55,-7663.05,-5815.37,-8293.04
50,210,-1891.14,-7188.34,-5824.22,-7713.71
55,210,-1654.95,-6622.03,-5737.38,-7040.27
60,210,-1425.06,-6010.18,-5574.67,-6315.44
65,210,-1214.41,-5393.57,-5354.5,-5578.76
70,210,-1033,-4803.11,-5092.35,-4862.41
75,210,-886.636,-4258.39,-4799.67,-4189.92
80,210,-776.987,-3768.53,-4483.35,-3576.58
85,210,-702.676,-3334.1,-4145.83,-3030.59
90,210,-660.951,-2949.32,-3785.54,-2554.14
95,210,-649.276,-2604.09,-3397.35,-2144.61
100,210,-666.512,-2285.79,-2973.03,-1795.7
105,210,-713.404,-1981.07,-2501.97,-1498.83
110,210,-792.123,-1677.59,-1972.79,-1244.56
115,210,-904.63,-1365.94,-1376.33,-1023.83
120,210,-1049.79,-1041.46,-710.426,-828.502
125,210,-1219.77,-705.892,14.3381,-651.044
130,210,-1396.89,-368.324,769.601,-483.509
135,210,-1552.65,-44.7771,1507.45,-316.801
140,210,-1650.57,243.917,2164.28,-141.438
145,210,-1653.27,476.101,2671,49.4423
150,210,-1532.77,634.633,2967.63,255.351
155,210,-1281.03,712.451,3018.07,464.008
160,210,-917.284,716.789,2820.23,650.046
165,210,-488.891,670.229,2408.11,778.966
170,210,-64.374,607.113,1845.56,816.152
175,210,280.585,565.001,1213.95,737.84
180,210,480.982,573.064,597.228,539.25
0,215,-1066.05,-7031.19,707.624,-8325.57
5,215,-1643.86,-7319.51,-216.347,-8223.23
10,215,-2067.62,-7714.53,-1105.42,-8248.4
15,215,-2336.28,-8167.13,-1922.87,-8368.99
20,215,-2465.87,-8610.73,-2638.93,-8536.01
25,215,-2481.02,-8973.48,-3235.24,-8689.98
30,215,-2407.78,-9192.01,-3705.84,-8771.34
35,215,-2269.34,-9223.38,-4054.93,-8732.46
40,215,-2084.45,-9052.02,-4293.03,-8546.91
45,215,-1868.19,-8690.31,-4433.43,-8212.62
50,215,-1633.64,-8173.04,-4489.99,-7748.38
55,215,-1393.35,-7547.99,-4476.18,-7186.08
60,215,-1159.56,-6865.68,-4404.67,-6562.2
65,215,-943.21,-6170.97,-4286.69,-5911.22
70,215,-752.649,-5498.09,-4131.27,-5261.96
75,215,-592.941,-4869.07,-3944.54,-4636.27
80,215,-466.162,-4294.72,-3729.44,-4049.23
85,215,-372.553,-3776.78,-3485.85,-3509.69
90,215,-311.99,-3310.47,-3210.97,-3021.13
95,215,-285.296,-2886.8,-2899.57,-2582.42
100,215,-295.083,-2494.65,-2544.19,-2188.95
105,215,-345.861,-2122.4,-2135.59,-1834.05
110,215,-443.145,-1759.51,-1663.95,-1510.53
115,215,-591.269,-1397.89,-1121.52,-1212.1
120,215,-789.873,-1033.56,-506.995,-934.163
125,215,-1029.69,-668.2,169.018,-673.591
130,215,-1289.05,-310.474,878.989,-427.613
135,215,-1533,23.881,1576.58,-192.701
140,215,-1716.77,313.923,2200.18,35.3936
145,215,-1794.03,537.734,2682.69,259.536
150,215,-1728.66,678.465,2965.64,477.367
155,215,-1506.78,730.747,3013.4,677.481
160,215,-1145.33,705.448,2822.68,838.264
165,215,-693.603,630.699,2424.21,931.305
170,215,-226.1,547.643,1876.57,929.168
175,215,172.537,500.622,1254.72,814.628
180,215,427.1,523.885,636.876,587.143
0,220,-1000.32,-7730.05,797.843,-7681.08
5,220,-1498.3,-8017.66,152.499,-7564.33
10,220,-1847.76,-8438.49,-483.875,-7575.04
15,220,-2051.15,-8934.38,-1081.87,-7684.92
20,220,-2126.05,-9428.17,-1615.75,-7850.32
25,220,-2097.29,-9837.81,-2068.78,-8017.24
30,220,-1990.48,-10091.6,-2434.96,-8130.46
35,220,-1828.29,-10141.2,-2717.24,-8144.56
40,220,-1628.95,-9968.39,-2923.78,-8032.55
45,220,-1406.79,-9585.58,-3064.39,-7788.96
50,220,-1173.58,-9029.36,-3148.36,-7426.85
55,220,-939.899,-8350.28,-3183.8,-6971.02
60,220,-715.473,-7601.9,-3177.78,-6450.76
65,220,-508.69,-6832.04,-3136.22,-5894.27
70,220,-325.848,-6077.61,-3063.62,-5325.64
75,220,-170.89,-5363.1,-2962.6,-4763.66
80,220,-45.9467,-4701.62,-2833.61,-4221.8
85,220,47.5404,-4097.17,-2675.01,-3708.49
90,220,107.552,-3547.36,-2483.22,-3227.59
95,220,130.491,-3045.72,-2252.8,-2779.05
100,220,110.693,-2583.74,-1976.49,-2359.91
105,220,40.6736,-2152.25,-1645.52,-1965.62
110,220,-87.5979,-1742.58,-1250.6,-1591.59
115,220,-280.091,-1347.58,-784.355,-1234.6
120,220,-536.763,-962.953,-245.326,-893.613
125,220,-846.934,-588.977,356.847,-569.621
130,220,-1185.54,-232.298,996.664,-264.543
135,220,-1512.33,93.3208,1630.83,20.0989
140,220,-1775.81,368.418,2201.45,283.638
145,220,-1922.37,572.094,2645.13,524.992
150,220,-1909.07,688.567,2906.27,739.802
155,220,-1716.97,714.238,2950.24,917.485
160,220,-1360.7,662.891,2772.11,1040.47
165,220,-890.617,566.74,2397.81,1087.17
170,220,-385.641,471.757,1878.36,1038.44
175,220,62.4814,427.102,1279.68,884.736
180,220,369.967,470.718,671.677,630.569
0,225,-926.972,-8370.09,881.991,-6978.13
5,225,-1298.39,-8649.89,496.644,-6842.23
10,225,-1532.19,-9080.58,94.924,-6819.65
15,225,-1635.55,-9597.72,-299.899,-6888.98
20,225,-1628.39,-10117.1,-665.297,-7015.57
25,225,-1535.91,-10550.2,-985.419,-7154.8
30,225,-1383.14,-10819.8,-1253.53,-7259.4
35,225,-1191.6,-10873.8,-1470.7,-7289
40,225,-978.158,-10692.1,-1642.37,-7218.04
45,225,-755.394,-10286.5,-1774.85,-7038.77
50,225,-532.855,-9694.05,-1873.33,-6758.94
55,225,-318.313,-8966.43,-1941.56,-6396.35
60,225,-118.389,-8158.61,-1982.29,-5972.88
65,225,61.5176,-7320.09,-1997.71,-5510.02
70,225,217.525,-6489.8,-1989.36,-5026.52
75,225,347.199,-5694.64,-1957.77,-4537.38
80,225,448.9,-4950.54,-1902.07,-4053.73
85,225,520.718,-4264.71,-1819.86,-3582.85
90,225,559.388,-3638.12,-1707.05,-3128.48
95,225,559.523,-3067.72,-1557.85,-2691.29
100,225,513.372,-2548.06,-1364.75,-2269.69
105,225,411.345,-2072.44,-1118.73,-1861.05
110,225,243.587,-1633.69,-810.333,-1463.06
115,225,2.92215,-1224.92,-431.878,-1075.02
120,225,-310.842,-840.746,18.7742,-698.676
125,225,-686.001,-479.231,533.474,-338.141
130,225,-1095.05,-144.043,1089.39,0.973981
135,225,-1493.94,154.195,1647.17,312.85
140,225,-1826.33,398.868,2153.84,592.235
145,225,-2033.21,571.46,2551.09,833.969
150,225,-2066.46,658.253,2787.27,1031.3
155,225,-1902.98,657.663,2829.37,1174.12
160,225,-1555.02,585.631,2670.53,1248.86
165,225,-1072.96,476.711,2330.84,1241.18
170,225,-538.2,379.351,1852.02,1140.88
175,225,-47.1706,345.135,1288.99,946.833
180,225,310.019,413.97,701.366,669.195
0,230,-846.574,-8946.42,959.425,-6222.08
5,230,-1048.68,-9210.09,807.63,-6064.03
10,230,-1129.36,-9630.34,615.371,-5993.69
15,230,-1101.71,-10140,400.749,-5998.71
20,230,-988.583,-10652.6,183.768,-6056.16
25,230,-815.87,-11077.3,-20.0353,-6133.64
30,230,-607.763,-11335.6,-202.624,-6194.45
35,230,-384.079,-11373.8,-362.713,-6205.51
40,230,-159.374,-11171,-502.722,-6144.27
45,230,56.5949,-10738.2,-625.578,-6001.77
50,230,257.594,-10111.6,-732.922,-5781.28
55,230,439.509,-9342.47,-824.987,-5494.1
60,230,599.419,-8485.63,-901.343,-5155.03
65,230,735.27,-7591,-961.555,-4779.06
70,230,845.833,-6698.7,-1005.25,-4379.5
75,230,930.49,-5837.64,-1031.7,-3967.31
80,230,988.602,-5026.45,-1039.34,-3550.84
85,230,1018.58,-4275.52,-1025.29,-3135.85
90,230,1016.91,-3589.22,-985.064,-2725.54
95,230,977.517,-2967.78,-912.467,-2320.91
100,230,891.585,-2408.59,-799.507,-1921.36
105,230,748.23,-1907.11,-636.762,-1525.64
110,230,536.311,-1457.35,-414.414,-1132.99
115,230,247.672,-1052.59,-124.405,-744.269
120,230,-118.257,-686.417,236.148,-362.804
125,230,-549.32,-354.718,660.676,5.40277
130,230,-1016.65,-57.9941,1129.27,352.199
135,230,-1474.01,196.999,1607.07,668.284
140,230,-1862.16,397.8,2046.88,944.15
145,230,-2118.74,529.883,2396.45,1170.42
150,230,-2192.14,582.924,2609.08,1337.53
155,230,-2056.06,557.816,2653.84,1435.43
160,230,-1720.37,471.907,2521.87,1454.38
165,230,-1234.24,360.196,2226.67,1387.3
170,230,-679.367,270.992,1799.58,1233.19
175,230,-154.129,255.654,1283.23,999.647
180,230,247.711,354.07,725.717,702.728
0,235,-759.733,-9454.67,1029.56,-5418.67
5,235,-755.044,-9693.16,1077.87,-5237.6
10,235,-650.243,-10079.6,1063.58,-5110.45
15,235,-465.407,-10548.3,1000.41,-5035.25
20,235,-226.975,-11015.5,906.398,-5002.31
25,235,38.2745,-11393.7,797.207,-4993.09
30,235,307.213,-11607.1,682.623,-4983.11
35,235,562.435,-11604,566.648,-4948.03
40,235,792.765,-11363.8,449.972,-4869.58
45,235,992.529,-10896.6,332.783,-4738.74
50,235,1160.02,-10237.5,216.378,-4555.27
55,235,1295.76,-9435.59,103.207,-4324.93
60,235,1401.15,-8544.34,-3.94631,-4056.29
65,235,1477.79,-7612.89,-102.705,-3758.31
70,235,1527.27,-6681.49,-191.227,-3439.12
75,235,1550.89,-5780.05,-267.793,-3105.54
80,235,1549.32,-4928.85,-330.177,-2762.92
85,235,1521.81,-4140.31,-375.073,-2415.06
90,235,1465.33,-3421.02,-397.705,-2064.25
95,235,1373.96,-2773.34,-391.602,-1711.34
100,235,1238.67,-2196.68,-348.596,-1356.21
105,235,1048.02,-1688.25,-259.198,-998.356
110,235,790.118,-1243.47,-113.625,-637.796
115,235,456.114,-856.468,96.207,-276.02
120,235,45.0046,-520.857,373.648,83.116
125,235,-431.123,-231.336,713.591,432.851
130,235,-943.133,14.3158,1099.15,763.513
135,235,-1444.22,213.65,1500.34,1063.1
140,235,-1874.28,359.708,1876.36,1318.28
145,235,-2169.7,443.78,2181.82,1515.52
150,235,-2277.12,460.516,2375.62,1642.27
155,235,-2167.99,413.896,2429.3,1688.25
160,235,-1849.67,321.946,2331.9,1647.23
165,235,-1368.87,218.15,2089.96,1519.19
170,235,-805.284,147.982,1723.85,1312.07
175,235,-256.297,159.832,1263.37,1042.01
180,235,183.518,291.476,744.544,730.914
0,240,-667.11,-9890.96,1091.86,-4574.02
5,240,-424.5,-10095.1,1300.88,-4371.34
10,240,-107.905,-10422.9,1427.77,-4184.53
15,240,254.577,-10814.5,1482.67,-4022.29
20,240,632.306,-11194.2,1482.06,-3888.45
25,240,997.47,-11483.6,1442.08,-3778.72
30,240,1328.35,-11614.4,1374.61,-3681.41
35,240,1610.77,-11540.3,1286.52,-3581.63
40,240,1838.15,-11242.8,1181.54,-3466.31
45,240,2010.28,-10732.2,1062.52,-3327.41
50,240,2131.31,-10041.3,932.997,-3162.38
55,240,2207.43,-9216.61,797.382,-2972.66
60,240,2245.1,-8308.8,660.255,-2761.63
65,240,2249.93,-7364.99,525.688,-2533.02
70,240,2226.4,-6424.22,397.023,-2290.13
75,240,2177.83,-5515.81,277.179,-2035.66
80,240,2106.17,-4659.92,169.204,-1771.68
85,240,2011.62,-3869.06,76.823,-1499.62
90,240,1891.87,-3150.01,4.87713,-1220.31
95,240,1741.5,-2505.59,-40.4131,-933.973
100,240,1551.77,-1936.05,-51.3898,-640.423
105,240,1311.29,-1439.97,-19.2643,-339.43
110,240,1008.11,-1014.68,64.9831,-31.2645
115,240,633.2,-656.384,208.874,282.53
120,240,185.333,-360.376,415.827,598.235
125,240,-323.842,-121.671,682.027,909.075
130,240,-865.988,63.84,993.684,1204.65
135,240,-1395.47,198.257,1326,1471
140,240,-1853.46,281.389,1645.07,1691.61
145,240,-2177.22,312.146,1912.92,1849.24
150,240,-2313.28,291.698,2094.48,1928.55
155,240,-2231.73,227.688,2163.95,1918.99
160,240,-1937.16,138.086,2108.18,1817.53
165,240,-1472.4,52.9592,1926.53,1630.6
170,240,-912.786,12.3602,1628.34,1374.41
175,240,-351.836,59.0675,1230.68,1072.93
180,240,117.928,226.663,757.706,753.536
0,245,-569.41,-10252,1145.84,-3694.56
5,245,-65.0385,-10413.1,1471.39,-3474.02
10,245,482.86,-10657.6,1698.66,-3231.22
15,245,1037.11,-10935.6,1834.87,-2984.82
20,245,1562.3,-11185.2,1895.39,-2751.27
25,245,2029.49,-11342,1897.16,-2539.67
30,245,2418.82,-11350.7,1854.26,-2350.61
35,245,2720.31,-11173.6,1776.46,-2178.6
40,245,2933.2,-10797.2,1670.19,-2016.17
45,245,3064.15,-10232.4,1540.39,-1857.13
50,245,3124.48,-9509.9,1392.14,-1697.83
55,245,3127.18,-8672.76,1231.15,-1536.66
60,245,3084.49,-7767.72,1063.5,-1372.98
65,245,3006.54,-6838.34,894.973,-1206.15
70,245,2900.95,-5920.67,730.703,-1035.16
75,245,2773.02,-5041.55,575.129,-858.705
80,245,2625.93,-4218.91,432.276,-675.365
85,245,2460.55,-3463.25,306.164,-483.814
90,245,2275.04,-2779.63,201.24,-282.922
95,245,2064.34,-2169.68,122.768,-71.8072
100,245,1820.11,-1633.38,77.0462,150.13
105,245,1531.49,-1170.28,71.2948,383.125
110,245,1187.15,-779.956,112.988,626.826
115,245,778.631,-461.766,208.453,879.798
120,245,304.849,-214.122,360.743,1138.67
125,245,-223.291,-33.7815,567.115,1397.01
130,245,-779.399,84.4075,816.885,1644.22
135,245,-1320.88,147.13,1090.65,1865.17
140,245,-1792.44,161.875,1361.76,2041.01
145,245,-2134.3,136.517,1600,2151.71
150,245,-2294.45,79.871,1776.54,2179.78
155,245,-2242.17,3.56311,1868.25,2114.58
160,245,-1978.77,-75.2409,1859.7,1955.92
165,245,-1541.68,-131.592,1743.09,1715.79
170,245,-999.514,-133.129,1517.07,1417.45
175,245,-439.209,-45.0408,1186.72,1091.61
180,245,51.441,160.126,765.101,770.424
0,250,-467.377,-10535,1191.11,-2786.99
5,250,314.626,-10645.5,1585.57,-2554.56
10,250,1106.01,-10783.9,1869.63,-2265.84
15,250,1859.48,-10914.4,2048.41,-1947.87
20,250,2534.27,-10993.2,2136.65,-1627.65
25,250,3100.34,-10975.6,2152.26,-1325.77
30,250,3540.22,-10823.3,2111.55,-1053.49
35,250,3849.04,-10511.7,2026.95,-813.827
40,250,4033.13,-10034.3,1907.07,-604.772
45,250,4107.32,-9404.15,1758.28,-422.509
50,250,4091.31,-8650,1586.44,-263.224
55,250,4005.94,-7810.61,1398.07,-123.449
60,250,3870.06,-6927.46,1200.48,0.36371
65,250,3698.88,-6038.74,1001.24,112.283
70,250,3503.57,-5175.43,807.457,216.983
75,250,3291.55,-4359.77,625.241,319.452
80,250,3067.05,-3605.59,459.545,424.528
85,250,2831.27,-2919.75,314.383,536.451
90,250,2582.32,-2304.3,193.319,658.529
95,250,2315.1,-1758.71,100.057,792.998
100,250,2021.53,-1282,38.9139,941.047
105,250,1691.53,-874.227,14.9394,1102.97
110,250,1314.97,-537.127,33.4962,1278.29
115,250,884.589,-273.472,99.1877,1465.54
120,250,399.7,-85.3788,214.224,1661.61
125,250,-129.999,27.9675,376.565,1860.45
130,250,-681.379,72.2301,578.418,2051.65
135,250,-1216.89,58.5342,805.749,2219.63
140,250,-1686.97,2.3181,1039.23,2344.38
145,250,-2036.81,-79.1033,1256.53,2404.26
150,250,-2217.1,-168.923,1435.08,2380.66
155,250,-2196.55,-251.647,1554.28,2263.24
160,250,-1972.42,-311.653,1596.46,2054.17
165,250,-1575.02,-330.448,1546.92,1769.84
170,250,-1063.99,-285.124,1394.41,1438.97
175,250,-517.223,-150.736,1133.23,1097.53
180,250,-15.4376,92.3698,766.673,781.448
0,255,-361.786,-10737.8,1227.31,-1858.2
5,255,705.293,-10791.8,1641.07,-1621.81
10,255,1744.75,-10805.1,1936.97,-1303.1
15,255,2698.15,-10758.8,2119,-935.102
20,255,3518.85,-10631.5,2201.82,-552.518
25,255,4175.76,-10402.3,2204.54,-184.406
30,255,4654.37,-10054.4,2145.5,149.776
35,255,4955.86,-9579.52,2039.3,440.236
40,255,5094.75,-8981.1,1896.06,684.337
45,255,5095.2,-8275.49,1722.78,883.532
50,255,4986.38,-7489.93,1525.44,1041.21
55,255,4797.87,-6658.1,1310.81,1161.79
60,255,4555.93,-5814.61,1087.07,1250.73
65,255,4281.52,-4990.2,863.365,1314.54
70,255,3989.71,-4208.6,648.617,1360.75
75,255,3690.28,-3485.49,450.372,1397.33
80,255,3388.38,-2829.05,274.191,1432.05
85,255,3085.23,-2241.63,123.724,1471.73
90,255,2778.46,-1721.8,1.34551,1521.67
95,255,2462.53,-1266.72,-90.9998,1585.37
100,255,2129.47,-874.255,-151.08,1664.55
105,255,1770.07,-544.672,-176.092,1759.51
110,255,1375.68,-281.307,-162.949,1869.53
115,255,940.419,-89.708,-109.098,1992.95
120,255,463.809,24.8748,-13.6628,2126.69
125,255,-46.4779,61.1619,121.444,2264.98
130,255,-572.055,25.3484,290.775,2397.83
135,255,-1082.36,-67.2828,485.226,2509.94
140,255,-1535.63,-193.847,692.491,2581.33
145,255,-1883.67,-328.189,897.839,2590.22
150,255,-2080.73,-446.126,1084.73,2518.04
155,255,-2094.87,-528.899,1235.03,2355.2
160,255,-1918.24,-563.087,1328.92,2105.76
165,255,-1572.3,-537.496,1345.51,1789.07
170,255,-1105.66,-439.772,1264.86,1437.49
175,255,-585.043,-256.154,1072.07,1090.47
180,255,-82.1988,23.9106,762.41,786.525
0,260,-253.442,-10858.9,1254.17,-915.268
5,260,1097.54,-10852.7,1637.1,-684.344
10,260,2382.02,-10726.7,1899.86,-356.429
15,260,3529.52,-10481.3,2046.57,32.3678
20,260,4487.1,-10120.6,2092.55,443.293
25,260,5222.64,-9650.71,2058.21,842.518
30,260,5725.17,-9079.65,1963.64,1205.69
35,260,6002.81,-8418.57,1824.85,1518.75
40,260,6079.29,-7683.23,1652.64,1775.92
45,260,5989.08,-6894.88,1453.78,1976.9
50,260,5771.71,-6079.4,1233.6,2124.51
55,260,5466.25,-5264.58,998.429,2223.55
60,260,5107.01,-4476.54,756.734,2280.47
65,260,4721.1,-3736.49,518.576,2303.25
70,260,4327.84,-3058.89,294.015,2301.16
75,260,3939.39,-2451.23,91.4048,2284.13
80,260,3561.78,-1915.08,-83.5785,2261.87
85,260,3196.06,-1447.84,-227.902,2242.92
90,260,2839.18,-1044.8,-340.348,2233.91
95,260,2485.1,-701.136,-420.423,2239.15
100,260,2125.92,-413.834,-467.513,2260.67
105,260,1753.31,-183.228,-480.609,2298.69
110,260,1359.97,-13.5597,-458.632,2352.17
115,260,941.004,88.0539,-401.125,2419.14
120,260,495.347,114.666,-308.929,2496.4
125,260,27.4464,64.1226,-184.493,2578.36
130,260,-450.589,-56.2946,-31.7376,2655.6
135,260,-916.869,-227.509,144.279,2713.73
140,260,-1338.99,-420.379,337.422,2733.94
145,260,-1676.54,-601.512,539.822,2695.68
150,260,-1887.81,-740.826,740.456,2581.62
155,260,-1939.85,-817.291,923.496,2383.37
160,260,-1818.57,-820.18,1067.45,2106.3
165,260,-1534.97,-745.855,1146.24,1771.27
170,260,-1124.87,-592.893,1132.86,1412.33
175,260,-642.2,-359.381,1005.17,1070.54
180,260,-148.334,-44.7305,752.344,785.616
0,265,-143.169,-10897.3,1271.49,34.6277
5,265,1481.97,-10829.9,1574.42,249.689
10,265,3001.02,-10556.7,1760.39,562.479
15,265,4330.74,-10099,1835.2,937.124
20,265,5411.5,-9487.79,1815.7,1334.86
25,265,6210.34,-8758.56,1723.86,1721.36
30,265,6720.28,-7946.55,1580.96,2071.28
35,265,6957.21,-7084.69,1403.55,2369.42
40,265,6955.02,-6203,1202,2609.05
45,265,6759.35,-5328.85,981.821,2789.24
50,265,6420.77,-4486.91,746.792,2912.58
55,265,5988.34,-3698.28,501.941,2983.87
60,265,5504.64,-2979.09,255.02,3009.76
65,265,5003.04,-2339.32,15.9365,2998.6
70,265,4507.01,-1782.64,-205.175,2960.15
75,265,4030.97,-1307.25,-400.018,2904.9
80,265,3581.71,-907.539,-563.294,2843.14
85,265,3160.05,-575.931,-692.622,2783.9
90,265,2762.43,-304.673,-787.555,2734.1
95,265,2382.49,-87.4353,-848.364,2698.16
100,265,2012.59,79.2756,-875.232,2678.04
105,265,1645.2,195.042,-868.174,2673.72
110,265,1273.88,255.294,-827.547,2683.86
115,265,893.787,252.606,-754.721,2706.19
120,265,501.989,180.03,-652.349,2737.34
125,265,98.3033,36.1253,-523.909,2771.86
130,265,-312.781,-169.948,-372.681,2801.04
135,265,-719.193,-415.769,-200.88,2811.95
140,265,-1098.78,-667.581,-9.85035,2787.81
145,265,-1419.45,-886.99,198.112,2710.46
150,265,-1643.6,-1040.02,416.621,2564.74
155,265,-1736.83,-1104.54,631.993,2343.84
160,265,-1677.84,-1072.74,821.707,2053.91
165,265,-1465.92,-948.231,955.957,1715.93
170,265,-1122.82,-740.175,1002.6,1363.75
175,265,-688.578,-458.522,934.411,1038.17
180,265,-213.341,-113.031,736.553,778.728
0,270,-31.8067,-10852.8,1279.13,984.26
5,270,1849.5,-10725.9,1455.33,1172.72
10,270,3585.65,-10304.6,1523.44,1444.13
15,270,5080.27,-9631.28,1492.78,1766.3
20,270,6266.88,-8764.71,1382.89,2104.71
25,270,7111.73,-7770.23,1217.49,2429.03
30,270,7612.36,-6711.52,1018.54,2717.28
35,270,7793.17,-5644.69,801.935,2956.7
40,270,7698.99,-4615.29,576.274,3142.25
45,270,7387.4,-3657.56,344.562,3273.97
50,270,6920.44,-2795.01,107.851,3354.76
55,270,6357.26,-2041.36,-131.28,3389.26
60,270,5748.47,-1401.66,-367.03,3383.51
65,270,5133.23,-873.575,-590.964,3345.04
70,270,4538.67,-449.148,-794.08,3282.68
75,270,3981.01,-116.853,-968.991,3205.95
80,270,3467.61,136.277,-1111.11,3124.19
85,270,2999.17,322.769,-1218.52,3045.49
90,270,2571.92,453.237,-1290.94,2975.91
95,270,2179.55,535.279,-1328.63,2919.16
100,270,1814.9,572.649,-1331.7,2876.6
105,270,1471.05,564.805,-1300.4,2847.82
110,270,1141.68,507.229,-1235.82,2831.14
115,270,820.749,393.115,-1140.59,2824.05
120,270,502.066,216.872,-1018.87,2823.05
125,270,179.541,-20.9321,-875.243,2822.95
130,270,-150.818,-308.67,-713.046,2815.95
135,270,-487.171,-621.194,-532.968,2790.88
140,270,-817.694,-921.927,-333.325,2733.64
145,270,-1118.48,-1169.84,-112.6,2629.16
150,270,-1355.85,-1329.14,126.239,2465.07
155,270,-1493.49,-1377.62,371.395,2236.34
160,270,-1502.34,-1310.33,600.148,1949.44
165,270,-1369.32,-1137.31,780.657,1624.31
170,270,-1101.45,-877.382,877.821,1292.93
175,270,-724.39,-551.769,861.601,994.141
180,270,-276.724,-180.472,715.157,765.913
0,275,79.7978,-10725.7,1277.03,1926.4
5,275,2191.56,-10543.8,1283.55,2077.87
10,275,4121.01,-9980.89,1196.45,2281.5
15,275,5758.59,-9099.76,1030.64,2512.15
20,275,7031.02,-7985.84,809.677,2743.77
25,275,7903.99,-6733.99,559.387,2954.63
30,275,8379.94,-5436.12,301.725,3130.49
35,275,8492.34,-4171.72,50.6639,3264.9
40,275,8297.66,-3002.18,-188.61,3357.36
45,275,7865.86,-1968.83,-417.209,3410.67
50,275,7270.59,-1093.86,-638.26,3428.77
55,275,6580.68,-383.222,-853.004,3415.93
60,275,5854.04,169.606,-1058.94,3376.77
65,275,5134.66,579.587,-1250.39,3316.74
70,275,4452.37,866.369,-1420.53,3242.28
75,275,3824.61,1051.09,-1563.51,3160.42
80,275,3258.97,1153.86,-1675.59,3078.01
85,275,2756.1,1192.06,-1754.99,3000.87
90,275,2312.3,1179.13,-1801.08,2933.13
95,275,1921.66,1124,-1813.38,2876.93
100,275,1577.52,1030.74,-1791.36,2832.56
105,275,1273.19,898.773,-1734.83,2798.89
110,275,1001.6,723.886,-1644.92,2773.85
115,275,754.403,500.362,-1524.72,2754.71
120,275,520.967,224.596,-1379.15,2738
125,275,288.555,-100.305,-1213.59,2718.95
130,275,44.5503,-460.243,-1031.76,2690.86
135,275,-219.017,-828.192,-834.054,2644.6
140,275,-499.933,-1166.42,-617.638,2568.96
145,275,-781.817,-1433.3,-379.195,2452.25
150,275,-1034.43,-1592.83,-119.711,2285.14
155,275,-1219.39,-1623.51,150.561,2064.43
160,275,-1299.86,-1522.85,409.564,1796.52
165,275,-1250.38,-1306.16,625.225,1499.43
170,275,-1063.34,-1000.57,761.72,1201.97
175,275,-750.142,-637.472,788.396,939.562
180,275,-338.001,-246.539,688.317,747.269
0,280,190.795,-10517,1265.22,2853.88
5,280,2500.37,-10287.3,1064.19,2958.97
10,280,4593.68,-9596.7,789.184,3070.12
15,280,6348.54,-8526.2,463.055,3172.3
20,280,7685.2,-7186.07,114.809,3251.86
25,280,8569.02,-5698.73,-227.205,3300.09
30,280,9007.62,-4182.75,-541.657,3314.78
35,280,9043.92,-2739.9,-817.966,3299.56
40,280,8746.3,-1446.72,-1056.19,3261.31
45,280,8197.17,-351.158,-1263.46,3207.3
50,280,7481.43,526.13,-1448.8,3143.19
55,280,6676.81,1187.01,-1618.79,3072.6
60,280,5847.3,1649.34,-1775.49,2997.87
65,280,5040.47,1940.26,-1917.02,2921.15
70,280,4287.74,2090.5,-2039.42,2845.04
75,280,3606.9,2130.15,-2138.72,2772.68
80,280,3005.42,2086.02,-2211.98,2707.16
85,280,2483.8,1980.04,-2257.35,2650.89
90,280,2038.45,1828.51,-2273.42,2605.14
95,280,1663.81,1641.82,-2258.66,2569.82
100,280,1353.51,1424.64,-2211.48,2543.66
105,280,1100.53,1176.63,-2130.8,2524.53
110,280,896.297,894.022,-2017.08,2509.79
115,280,729.347,572.217,-1872.98,2496.54
120,280,584.135,209.457,-1703.24,2481.44
125,280,441.3,-188.989,-1513.35,2460.38
130,280,280.275,-607.239,-1307.52,2427.94
135,280,84.4546,-1017.42,-1086.82,2377.1
140,280,-152.22,-1381.96,-849.002,2299.54
145,280,-419.818,-1659.94,-590.883,2186.85
150,280,-691.024,-1816.19,-312.898,2032.68
155,280,-925.51,-1830.14,-24.1512,1835.51
160,280,-1079.18,-1701.2,254.754,1601.45
165,280,-1115,-1448.64,493.214,1345.99
170,280,-1011.52,-1106.27,656.794,1093.84
175,280,-766.585,-714.199,716.26,875.812
180,280,-396.706,-310.729,656.239,722.939
0,285,300.34,-10228.3,1243.78,3759.64
5,285,2769.12,-9960.64,803.485,3810.66
10,285,4992.17,-9162.78,313.434,3808.05
15,285,6835.79,-7931.46,-193.275,3749.56
20,285,8214.41,-6398.48,-680.628,3637.46
25,285,9093.45,-4710.6,-1117.28,3479.95
30,285,9485.82,-3010.14,-1483.11,3290.82
35,285,9443.79,-1418.78,-1772.4,3087.16
40,285,9047.44,-26.4263,-1992.4,2885.75
45,285,8391.07,1113.36,-2158.28,2699.78
50,285,7569.93,1981.73,-2286.85,2537.07
55,285,6669.4,2587.97,-2391.49,2400.24
60,285,5758.23,2960.37,-2479.98,2288.45
65,285,4886.18,3137.12,-2554.89,2199.35
70,285,4085.17,3158.82,-2615.51,2130.51
75,285,3372.56,3063.55,-2659.83,2079.95
80,285,2755.14,2884.01,-2685.65,2045.98
85,285,2232.88,2646.24,-2690.86,2026.76
90,285,1801.96,2369.21,-2673.18,2020.05
95,285,1456.75,2064.87,-2629.9,2023.04
100,285,1190.6,1738.73,-2558.14,2032.54
105,285,995.54,1390.91,-2455.53,2045.18
110,285,861.037,1018.13,-2321.18,2057.67
115,285,772.305,616.593,-2156.46,2066.88
120,285,709.17,185.639,-1964.99,2069.74
125,285,646.51,-268.348,-1751.79,2062.93
130,285,557.191,-728.829,-1521.48,2042.42
135,285,417.698,-1168.1,-1276.5,2003.29
140,285,215.389,-1549.54,-1016.55,1939.9
145,285,-45.0074,-1833.55,-740.078,1846.82
150,285,-338.635,-1986.04,-448.193,1720.38
155,285,-623.593,-1987.29,-149.22,1560.55
160,285,-849.605,-1837.89,138.32,1372.91
165,285,-969.467,-1559.78,386.734,1170.13
170,285,-949.285,-1191.72,564.796,972.205
175,285,-774.662,-780.793,646.429,804.517
180,285,-452.391,-372.555,619.167,693.106
0,290,407.6,-9861.69,1212.87,4636.79
5,290,2992.13,-9567.89,508.711,4628.24
10,290,5307.09,-8689.06,-217.368,4495.65
15,290,7208.98,-7334.12,-919.771,4251.5
20,290,8607.49,-5652.15,-1553.99,3916.84
25,290,9468.46,-3809.85,-2085.17,3520.1
30,290,9809.99,-1969.16,-2494.93,3094.33
35,290,9693.17,-268.071,-2783.73,2672.85
40,290,9208.73,1192.72,-2967.85,2284.32
45,290,8461.6,2355.53,-3072.48,1948.84
50,290,7555.85,3203.57,-3123.94,1676.51
55,290,6582.99,3752.73,-3143.86,1468.47
60,290,5615.11,4040.26,-3146.61,1319.84
65,290,4703.01,4113.66,-3139.71,1222.74
70,290,3878.18,4021.86,-3125.83,1168.68
75,290,3156.87,3809.56,-3104.86,1149.68
80,290,2544.56,3514.36,-3075.28,1158.49
85,290,2040.12,3165.71,-3034.68,1188.49
90,290,1638.81,2784.79,-2979.86,1233.55
95,290,1334.16,2384.94,-2906.86,1287.92
100,290,1118.56,1972.44,-2811.29,1346.31
105,290,982.602,1547.92,-2689.09,1404.02
110,290,913.641,1108.39,-2537.49,1457.03
115,290,893.983,650.257,-2355.88,1502
120,290,899.784,172.959,-2146.23,1536.17
125,290,901.63,-317.236,-1912.68,1557.08
130,290,867.658,-804.27,-1660.24,1562.12
135,290,769.398,-1261.35,-1393.14,1548.36
140,290,589.391,-1653.1,-1113.78,1512.58
145,290,328.376,-1941.16,-823.243,1452
150,290,9.11859,-2092.37,-524.081,1365.22
155,290,-325.491,-2087.47,-224.124,1253.4
160,290,-620.394,-1927.56,60.6183,1121.46
165,290,-820.051,-1636.05,306.432,979.087
170,290,-880.058,-1254.96,486.71,841.296
175,290,-775.448,-836.422,579.89,727.476
180,290,-504.634,-431.546,577.382,657.998
0,295,511.757,-9420.04,1172.73,5478.65
5,295,3165.03,-9113.35,187.922,5407.73
10,295,5531.41,-8184.15,-788.509,5135.2
15,295,7459.93,-6749.36,-1696.51,4689.6
20,295,8856.95,-4970.3,-2481.76,4112.71
25,295,9689.23,-3028.13,-3105.41,3455.64
30,295,9979.64,-1099.21,-3551.21,2773.11
35,295,9796.86,666.61,-3826.88,2116.63
40,295,9240.58,2161.12,-3959.24,1527.91
45,295,8424.19,3324.24,-3985.12,1034.45
50,295,7458.51,4141.37,-3941.83,648.406
55,295,6439.36,4633.85,-3860.37,368.887
60,295,5440.79,4846.02,-3762.46,186.138
65,295,4513.76,4832.56,-3660.96,85.9616
70,295,3688.73,4648.8,-3562.01,53.0279
75,295,2980.3,4344.5,-3467.33,72.7185
80,295,2392.18,3960.91,-3375.95,131.843
85,295,1921.46,3529.9,-3285.07,218.766
90,295,1561.75,3074.11,-3190.45,323.355
95,295,1305.01,2607.69,-3086.65,436.907
100,295,1142.05,2137.35,-2967.54,552.094
105,295,1061.76,1663.81,-2827.05,662.913
110,295,1049.59,1183.92,-2660.22,764.638
115,295,1085.69,693.644,-2464.27,853.751
120,295,1143.86,191.609,-2239.4,927.821
125,295,1192.09,-316.976,-1988.86,985.232
130,295,1195.7,-817.269,-1718.11,1024.81
135,295,1123.14,-1283.71,-1433.29,1045.49
140,295,953.757,-1682.06,-1139.71,1046.3
145,295,685.351,-1974.84,-841.443,1026.73
150,295,338.881,-2129.39,-542.813,987.252
155,295,-42.4232,-2126.55,-251.298,929.954
160,295,-400.214,-1967.34,19.8484,858.923
165,295,-672.687,-1675.59,251.557,780.851
170,295,-807.158,-1294.95,422.778,705.69
175,295,-770.097,-880.603,517.374,646.6
180,295,-553.035,-487.252,531.203,617.882
0,300,612.019,-8906.7,1123.66,6278.81
5,300,3284.85,-8601.15,-150.254,6145.66
10,300,5660.58,-7654.86,-1384.39,5730.46
15,300,7583.66,-6188.19,-2502.72,5078.15
20,300,8958.87,-4368.92,-3440.09,4252.32
25,300,9754.4,-2386.52,-4153.27,3328.08
30,300,9997.15,-425.723,-4628.33,2383.16
35,300,9761.66,1356.78,-4881.03,1488.19
40,300,9153.98,2848.88,-4949.68,698.38
45,300,8293.2,3989.81,-4883.81,48.4634
50,300,7294.25,4767.16,-4732.76,-447.775
55,300,6255.24,5206.32,-4537.69,-793.944
60,300,5250.88,5356.54,-4328.27,-1005.3
65,300,4331.55,5277.39,-4123.02,-1102.99
70,300,3526.34,5028.41,-3931.63,-1109.61
75,300,2848.02,4662.62,-3757.58,-1046.71
80,300,2298.22,4223.43,-3600.26,-933.495
85,300,1871.9,3743.89,-3456.15,-786.561
90,300,1560.6,3247.09,-3319.66,-619.851
95,300,1354.29,2747.13,-3183.57,-444.83
100,300,1241.93,2250.35,-3039.74,-270.702
105,300,1210.71,1756.94,-2880.03,-104.643
110,300,1244.56,1263.02,-2697.4,48.0125
115,300,1322.32,763.496,-2487.24,183.631
120,300,1416.64,255.725,-2248.33,300.153
125,300,1494.44,-256.541,-1983.3,396.866
130,300,1519.85,-759.86,-1698.16,474.018
135,300,1459.82,-1229.85,-1400.82,532.405
140,300,1291.81,-1633.12,-1099.27,573.134
145,300,1011.6,-1932.72,-800.393,597.686
150,300,638.573,-2096.18,-510.215,608.113
155,300,215.752,-2104.12,-235.849,607.072
160,300,-196.65,-1957.07,12.3057,597.692
165,300,-532.656,-1678.32,220.122,583.7
170,300,-733.671,-1311.64,372.568,570.096
175,300,-759.783,-913.22,459.359,563.834
180,300,-597.228,-539.25,480.982,573.064
0,305,707.624,-8325.57,1066.05,7031.19
5,305,3350.09,-8035.25,-496.861,6839.02
10,305,5692.58,-7105.95,-1988.93,6286.03
15,305,7578.38,-5656.8,-3317.27,5433.06
20,305,8912.64,-3855.91,-4405.25,4365.33
25,305,9665.45,-1894.32,-5204.97,3182.08
30,305,9866.82,41.211,-5704.92,1984.14
35,305,9594.83,1792.52,-5929.11,861.186
40,305,8958.79,3247.11,-5927.75,-118.519
45,305,8080.1,4345.15,-5763.49,-913.597
50,305,7074.88,5076.13,-5498.07,-1509.31
55,305,6041.36,5467.92,-5183.23,-1912.57
60,305,5053.59,5572.39,-4856.91,-2144.63
65,305,4160.77,5451.56,-4543.5,-2233.87
70,305,3390.46,5166.93,-4256.29,-2210.31
75,305,2753.62,4772.81,-4000.4,-2102.3
80,305,2249.94,4313.13,-3775.21,-1934.88
85,305,1872.36,3820.74,-3576.09,-1729.22
90,305,1610.42,3317.96,-3395.6,-1502.7
95,305,1452.23,2817.8,-3224.48,-1269.25
100,305,1385.04,2325.39,-3052.56,-1039.69
105,305,1394.64,1839.65,-2869.86,-822.202
110,305,1463.85,1355.42,-2667.88,-622.599
115,305,1570.88,866.328,-2440.84,-444.495
120,305,1688.08,368.394,-2186.78,-289.435
125,305,1782.37,-135.939,-1908.16,-157.094
130,305,1817.83,-634.411,-1611.54,-45.6885
135,305,1761.04,-1103.58,-1306.33,47.4706
140,305,1588.58,-1510.69,-1002.73,125.501
145,305,1294.97,-1819.2,-709.858,191.694
150,305,898.363,-1996.71,-435.107,249.354
155,305,441.153,-2023.52,-185.059,301.435
160,305,-15.8,-1899.26,32.7547,349.96
165,305,-404.329,-1645.94,209.136,395.758
170,305,-662.302,-1305.96,335.07,439.122
175,305,-745.653,-934.524,406.09,481.079
180,305,-636.876,-587.143,427.1,523.885
0,310,797.843,-7681.08,1000.32,7730.05
5,310,3360.72,-7419.37,-842.86,7485.09
10,310,5628.03,-6540.05,-2585.98,6806.79
15,310,7445.46,-5156.42,-4119.07,5770.42
20,310,8720.73,-3430.76,-5353.87,4481.47
25,310,9426.31,-1548.88,-6237.71,3062.05
30,310,9594.12,306.943,-6761.31,1634.87
35,310,9303.18,1982.24,-6956.68,307.407
40,310,8662.59,3367.46,-6885.66,-840.126
45,310,7792.46,4404.9,-6623.69,-1760.68
50,310,6806.98,5085.38,-6244.69,-2439.25
55,310,5802.31,5437.5,-5810.88,-2886.51
60,310,4850.55,5513.43,-5368.43,-3129.86
65,310,3999.19,5375.25,-4947.56,-3204.88
70,310,3274.2,5084.19,-4565.09,-3148.8
75,310,2685.02,4693.91,-4227.53,-2996.38
80,310,2229.79,4247.21,-3933.92,-2777.93
85,310,1899.94,3775.34,-3678.15,-2518.7
90,310,1683.62,3298.73,-3450.7,-2239.03
95,310,1567.62,2828.34,-3240.19,-1954.89
100,310,1538.03,2367.32,-3034.68,-1678.49
105,310,1579.68,1912.8,-2822.99,-1418.82
110,310,1674.77,1458.12,-2595.87,-1181.98
115,310,1801.24,995.618,-2347.23,-971.347
120,310,1931.68,520.27,-2075.03,-787.709
125,310,2033.54,33.5821,-1781.95,-629.447
130,310,2071.48,-453.036,-1475.2,-493.038
135,310,2012.45,-916.913,-1165.34,-373.783
140,310,1832.9,-1325.98,-864.194,-266.567
145,310,1526.8,-1644.18,-582.484,-166.436
150,310,1111.4,-1839.36,-328.397,-69.0843
155,310,628.318,-1891.45,-107.707,28.4741
160,310,138.009,-1798.96,74.9009,127.011
165,310,-290.991,-1581.84,214.885,224.559
170,310,-595.279,-1279.79,308.829,317.049
175,310,-728.781,-945.114,357.598,400.118
180,310,-671.677,-630.569,369.967,470.718
0,315,881.991,-6978.13,926.972,8370.09
5,315,3318.25,-6757.01,-1179.38,8081.32
10,315,5470.05,-5957.71,-3159.67,7297.26
15,315,7189.33,-4683.49,-4887.47,6105.22
20,315,8388.53,-3084.97,-6263.22,4628.33
25,315,9043,-1336.18,-7229.45,3008.89
30,315,9185.27,391.178,-7778.75,1388.93
35,315,8892.64,1951.13,-7950.36,-108.523
40,315,8270.41,3239.89,-7816.67,-1393.1
45,315,7433.84,4202.66,-7464.91,-2413.23
50,315,6492.17,4830.75,-6980.31,-3154.24
55,315,5537.31,5151.57,-6434.88,-3630.59
60,315,4638.26,5215.31,-5882.55,-3875.62
65,315,3840.31,5081.76,-5359.09,-3931.68
70,315,3167.95,4809.87,-4884.57,-3842.59
75,315,2629.45,4450.91,-4466.71,-3648.86
80,315,2222,4045.13,-4104.15,-3385.42
85,315,1936.27,3621.08,-3789.3,-3080.97
90,315,1759.69,3196.43,-3510.76,-2758.29
95,315,1678.5,2779.47,-3255.39,-2435.03
100,315,1678.31,2370.98,-3010.02,-2124.49
105,315,1743.53,1966.12,-2762.82,-1836.21
110,315,1856.16,1556.71,-2504.46,-1576.37
115,315,1994.28,1134.06,-2229.05,-1347.85
120,315,2130.94,692.388,-1935.01,-1150.36
125,315,2234.35,232.553,-1625.52,-980.69
130,315,2270.09,-234.734,-1308.53,-833.302
135,315,2205.88,-687.644,-995.567,-701.32
140,315,2018.69,-1095.04,-699.6,-577.584
145,315,1702.52,-1421.7,-432.294,-455.567
150,315,1274.2,-1635.94,-201.994,-330.157
155,315,774.419,-1717.44,-13.2945,-198.567
160,315,262.355,-1663.32,131.913,-61.4129
165,315,-194.742,-1490.84,233.246,76.646
170,315,-534.288,-1235.82,292.092,207.633
175,315,-710.136,-945.902,313.739,322.547
180,315,-701.366,-669.195,310.019,413.97
0,320,959.425,-6222.08,846.574,8946.42
5,320,3225.57,-6051.47,-1497.95,8625.16
10,320,5224.25,-5357.57,-3694.87,7761
15,320,6817.37,-4230.09,-5602.67,6450.06
20,320,7924.24,-2802.84,-7111.31,4829.28
25,320,8523.58,-1232.27,-8158.7,3057.13
30,320,8647.31,325.931,-8738.61,1291.09
35,320,8368.4,1738.36,-8896.14,-333.47
40,320,7785.14,2909.26,-8712.52,-1718.32
45,320,7004.56,3787.11,-8284.96,-2808.58
50,320,6128.12,4362.64,-7708.42,-3590.19
55,320,5241.58,4660.16,-7063.54,-4081.06
60,320,4409.7,4725.59,-6411.17,-4319.65
65,320,3675.28,4614.35,-5792.06,-4354.12
70,320,3061.44,4381.27,-5229.37,-4233.92
75,320,2575.79,4073.84,-4732.15,-4004.49
80,320,2215.18,3728.8,-4299.03,-3704.61
85,320,1970.11,3371.34,-3921.59,-3365.79
90,320,1827.99,3015.97,-3587.29,-3012.8
95,320,1775.05,2668.19,-3281.95,-2664.56
100,320,1796.95,2326.45,-2991.65,-2335.15
105,320,1878.21,1984.09,-2704.24,-2034.44
110,320,2001.1,1631.7,-2410.41,-1768.42
115,320,2144.11,1259.74,-2104.62,-1539.28
120,320,2281.05,861.819,-1785.82,-1345.43
125,320,2381.11,438.156,-1457.96,-1181.77
130,320,2411,-1.41123,-1129.91,-1040.52
135,320,2339.63,-436.222,-814.201,-912.416
140,320,2144.97,-836.494,-524.618,-788.104
145,320,1821.68,-1168.27,-273.18,-659.463
150,320,1386.56,-1400.62,-67.7316,-520.677
155,320,879.22,-1513.06,88.7195,-369.349
160,320,356.715,-1501.16,196.948,-207.626
165,320,-116.493,-1378.97,260.012,-42.7506
170,320,-480.45,-1177.43,282.951,113.917
175,320,-690.56,-938.064,274.225,249.713
180,320,-725.717,-702.728,247.711,354.07
0,325,1029.56,-5418.67,759.733,9454.67
5,325,3086.96,-5305.93,-1790.76,9114.02
10,325,4898.61,-4736.78,-4177.5,8200.13
15,325,6339.8,-3784.8,-6246.04,6814.1
20,325,7338.84,-2562.9,-7877.16,5101.79
25,325,7878.24,-1205.25,-9004.38,3232.57
30,325,7988.34,152.799,-9621.7,1374.44
35,325,7735.62,1393.65,-9778.23,-328.912
40,325,7208.52,2431.2,-9561.52,-1774.1
45,325,6502.97,3217.39,-9076.28,-2904.2
50,325,5710.23,3741.27,-8425.06,-3705.72
55,325,4908.12,4022.24,-7695.42,-4199.07
60,325,4156.17,4099.97,-6954.07,-4426.45
65,325,3494.36,4023.57,-6246.33,-4440.34
70,325,2944.68,3842.24,-5598.51,-4294.46
75,325,2514.51,3598.64,-5021.62,-4038.02
80,325,2200.97,3325.38,-4515.31,-3712.82
85,325,1994.92,3044.12,-4071.52,-3352.59
90,325,1884.12,2766.38,-3677.65,-2983.56
95,325,1855.12,2495.21,-3319.22,-2625.59
100,325,1893.89,2227.18,-2981.85,-2293.22
105,325,1985.37,1954.35,-2652.9,-1996.46
110,325,2112.37,1666.41,-2322.7,-1741.06
115,325,2254.2,1353.19,-1985.65,-1528.47
120,325,2385.73,1007.6,-1641.13,-1355.81
125,325,2477.47,628.959,-1294.03,-1216.09
130,325,2497.68,225.763,-954.401,-1099.09
135,325,2416.93,-183.026,-635.945,-992.906
140,325,2214.84,-569.495,-353.103,-885.718
145,325,1887.25,-901.369,-117.704,-767.588
150,325,1451.17,-1148.76,63.548,-631.955
155,325,944.836,-1291.13,189.6,-476.936
160,325,422.32,-1322.41,263.638,-306.361
165,325,-56.0284,-1253.12,291.193,-129.964
170,325,-434.34,-1108.52,279.498,38.1042
175,325,-670.754,-922.98,238.667,182.669
180,325,-744.544,-730.914,183.518,291.476
0,330,1091.86,-4574.02,667.11,9890.96
5,330,2907.89,-4523.54,-2050.83,9545.14
10,330,4503.23,-4091.46,-4594.91,8614.96
15,330,5769.56,-3333.68,-6800.53,7202.21
20,330,6646.03,-2339.53,-8541.01,5456.08
25,330,7119.55,-1217.71,-9745.79,3550.62
30,330,7218.13,-80.186,-10408,1658.56
35,330,7000.24,973.424,-10578.3,-72.7839
40,330,6542.32,1867.82,-10347.6,-1537.86
45,330,5926.99,2558.42,-9825.02,-2678.98
50,330,5233.26,3031.81,-9117.95,-3482.93
55,330,4529.42,3301.15,-8319.01,-3971.26
60,330,3868.77,3398.21,-7499.72,-4187.94
65,330,3288.06,3364.26,-6709.72,-4187.68
70,330,2808.19,3241.55,-5979.09,-4026.58
75,330,2436.82,3067.07,-5321.93,-3756.13
80,330,2171.81,2868.96,-4740.29,-3420.03
85,330,2004.87,2665.45,-4227.85,-3053.44
90,330,1924.42,2465.56,-3772.98,-2683.5
95,330,1917.47,2270.63,-3361.37,-2330.62
100,330,1970.33,2076.18,-2978.12,-2009.67
105,330,2068.35,1873.71,-2609.61,-1730.82
110,330,2195,1652.57,-2245.14,-1499.81
115,330,2330.61,1402.18,-1878.54,-1317.81
120,330,2451.45,1114.67,-1509.42,-1181.04
125,330,2529.87,787.995,-1143.71,-1080.93
130,330,2536.29,428.734,-792.972,-1004.88
135,330,2443.67,53.5125,-472.208,-938.055
140,330,2233.97,-312.181,-196.313,-865.693
145,330,1904.68,-638.173,23.6166,-775.576
150,330,1473,-895.899,182.632,-660.145
155,330,975.353,-1064.91,281.879,-518.061
160,330,461.91,-1137.56,326.501,-354.98
165,330,-12.1553,-1120.61,323.284,-183.046
170,330,-396.036,-1033.31,279.949,-18.543
175,330,-651.274,-902.166,206.606,122.134
180,330,-757.706,-753.536,117.928,226.663
0,335,1145.84,-3694.56,569.41,10252
5,335,2694.94,-3707.6,-2272.26,9915.55
10,335,4050.17,-3417.23,-4936.22,9003.68
15,335,5122.09,-2861.47,-7251.05,7614.49
20,335,5862.31,-2104.93,-9084.67,5894.36
25,335,6262.71,-1229.36,-10362.9,4015.35
30,335,6348.78,-321.848,-11076.6,2148.55
35,335,6170.04,537.069,-11275.5,439.856
40,335,5789.66,1283.5,-11050.5,-1006.27
45,335,5275.47,1876.5,-10511.5,-2132.69
50,335,4692.7,2299.9,-9768.06,-2926.14
55,335,4098.68,2559.95,-8915.69,-3407.66
60,335,3539.42,2679.59,-8029.88,-3620.66
65,335,3047.74,2691.11,-7164.74,-3619.43
70,335,2643.37,2628.83,-6354.97,-3460.01
75,335,2334.4,2523.29,-5619.08,-3194.08
80,335,2119.96,2397.84,-4962.88,-2865.63
85,335,1993.07,2267.47,-4382.82,-2510.09
90,335,1943.17,2139.26,-3868.83,-2154.81
95,335,1957.88,2013.73,-3406.85,-1820.38
100,335,2023.85,1886.32,-2981.17,-1522.01
105,335,2126.7,1748.93,-2576.68,-1270.45
110,335,2250.42,1591.32,-2181.25,-1072.2
115,335,2376.37,1402.86,-1787.85,-929.074
120,335,2482.49,1174.92,-1396.3,-837.451
125,335,2543.46,903.774,-1013.73,-787.892
130,335,2532.61,593.532,-653.373,-765.729
135,335,2426.2,257.862,-331.442,-752.957
140,335,2209.16,-80.7384,-62.8818,-731.244
145,335,1880.93,-394.632,142.585,-685.375
150,335,1458.7,-656.894,282.327,-606.316
155,335,976.374,-847.396,359.755,-493.178
160,335,479.412,-957.038,381.272,-353.538
165,335,17.1027,-988.893,353.478,-201.827
170,335,-365.208,-956.095,282.756,-55.742
175,335,-632.536,-877.198,177.551,68.4818
180,335,-765.101,-770.424,51.441,160.126
0,340,1191.11,-2786.99,467.377,10535
5,340,2455.51,-2861.63,-2450.36,10222.1
10,340,3553.14,-2709.91,-5192.61,9362.36
15,340,4415.15,-2352.89,-7584.89,8046.01
20,340,5006.88,-1831.15,-9491.99,6410.57
25,340,5325.88,-1199.75,-10836.6,4619.22
30,340,5395.31,-521.108,-11606.3,2834.97
35,340,5255.54,143.351,-11847.2,1197.15
40,340,4956.08,741.286,-11646.7,-194.234
45,340,4549.26,1235.65,-11112.1,-1284.07
50,340,4085.56,1607.87,-10352.1,-2058.76
55,340,3610.3,1857.45,-9463.59,-2537.27
60,340,3161.01,1998.38,-8525.04,-2759.88
65,340,2765.74,2053.57,-7595.28,-2777.52
70,340,2442.48,2048.72,-6714.43,-2643.15
75,340,2199.72,2007.36,-5906.36,-2405.94
80,340,2038.06,1947.71,-5181.43,-2107.98
85,340,1952.27,1881.55,-4539.25,-1783.34
90,340,1933.25,1814.5,-3971.31,-1458.57
95,340,1969.57,1746.98,-3463.6,-1154.14
100,340,2048.31,1675.33,-2999.36,-885.825
105,340,2155.34,1592.77,-2561.93,-665.733
110,340,2275.03,1490.26,-2137.82,-502.355
115,340,2389.67,1357.75,-1719.48,-399.673
120,340,2478.95,1186.09,-1307.26,-355.73
125,340,2520.27,969.834,-909.7,-361.447
130,340,2490.62,710.314,-541.609,-400.675
135,340,2370.21,417.77,-220.013,-452.141
140,340,2147.52,111.2,40.822,-493.269
145,340,1823.92,-184.767,233.329,-505.009
150,340,1416.05,-445.225,357.666,-476.246
155,340,954.573,-650.662,419.359,-406.31
160,340,479.576,-790.758,425.132,-304.696
165,340,34.2627,-865.123,379.824,-187.886
170,340,-341.217,-881.073,286.685,-74.1861
175,340,-614.828,-849.634,151.002,21.7389
180,340,-766.673,-781.448,-15.4376,92.3698
0,345,1227.31,-1858.2,361.786,10737.8
5,345,2197.7,-1989.54,-2581.78,10461.5
10,345,3027.19,-1966.04,-5357.65,9684.96
15,345,3668.48,-1793.93,-7792.11,8486.98
20,345,4101.55,-1492.06,-9749.37,6990.54
25,345,4330.34,-1090.95,-11149.8,5343.48
30,345,4376.23,-630.044,-11976.6,3694.56
35,345,4270.88,-152.784,-12269.9,2171.57
40,345,4050.51,299.704,-12110.6,866.789
45,345,3752.06,694.666,-11600.5,-168.197
50,345,3411.06,1011.97,-10844.9,-919.447
55,345,3060.08,1245.37,-9940.08,-1402.44
60,345,2727.26,1400.72,-8967.09,-1651.96
65,345,2434.86,1491.88,-7989.17,-1712.56
70,345,2198.27,1535.98,-7052.04,-1630.86
75,345,2025.86,1549.29,-6185.09,-1450.37
80,345,1919.55,1544.72,-5403.15,-1208.63
85,345,1876.04,1530.82,-4708.73,-936.389
90,345,1888.06,1511.92,-4094.53,-658.244
95,345,1945.55,1488.8,-3546.39,-394.094
100,345,2036.46,1459.26,-3046.59,-160.657
105,345,2147.13,1418.46,-2577.39,27.6166
110,345,2262.4,1359.26,-2124.73,158.771
115,345,2365.48,1272.78,-1681.35,224.868
120,345,2437.88,1149.89,-1248.83,224.411
125,345,2460,983.777,-837.342,164.644
130,345,2412.83,773.071,-463,62.3363
135,345,2280.98,524.421,-142.876,-58.0945
140,345,2056.48,252.961,110.418,-169.365
145,345,1742.25,-20.1385,292.305,-247.894
150,345,1353.62,-272.421,406.067,-279.918
155,345,917.25,-485.329,458.937,-264.712
160,345,467.576,-647.622,456.845,-213.51
165,345,42.1148,-755.834,401.307,-144.439
170,345,-323.239,-812.113,290.856,-75.4906
175,345,-598.328,-820.944,126.478,-18.401
180,345,-762.41,-786.525,-82.1988,23.9106
0,350,1254.17,-915.268,253.442,10858.9
5,350,1930,-1095.78,-2664.63,10630.2
10,350,2488.3,-1183.54,-5427.45,9963.59
15,350,2903.44,-1173.09,-7865.95,8923.18
20,350,3170.53,-1065.3,-9846.35,7612.77
25,350,3300.55,-869.942,-11287.6,6159.2
30,350,3313.88,-606.674,-12168.2,4691.5
35,350,3234.48,-303.032,-12520.3,3321.55
40,350,3086.2,10.2294,-12416,2130.94
45,350,2891.5,305.007,-11949.1,1166.26
50,350,2671.44,560.831,-11219.6,441.691
55,350,2445.85,767.352,-10321.9,-53.7415
60,350,2232.9,923.842,-9338.08,-347.371
65,350,2048.14,1036.43,-8335.22,-474.681
70,350,1903.35,1114.5,-7363.78,-472.926
75,350,1805.8,1167.58,-6457.79,-376.935
80,350,1758.11,1203.46,-5635.75,-217.014
85,350,1758.64,1227.48,-4902.39,-18.5758
90,350,1802.09,1242.67,-4251.26,196.989
95,350,1880.2,1250.09,-3668.14,410.785
100,350,1982.32,1248.92,-3134.91,604.918
105,350,2095.86,1236.4,-2633.72,761.748
110,350,2206.58,1207.51,-2151.09,864.554
115,350,2298.9,1155.02,-1681.17,899.878
120,350,2356.34,1070.5,-1227.5,861.159
125,350,2362.44,946.445,-802.138,752.407
130,350,2302.22,779.353,-422.053,590.051
135,350,2164.5,572.531,-103.469,401.209
140,350,1944.34,337.141,143.677,217.859
145,350,1645.29,90.5499,318.51,68.3179
150,350,1280.46,-147.637,427.508,-30.7598
155,350,871.896,-360.151,478.964,-78.364
160,350,448.603,-535.149,476.811,-87.1201
165,350,43.4453,-666.628,417.86,-76.145
170,350,-310.384,-752.577,294.753,-62.0937
175,350,-583.119,-792.438,103.521,-52.5431
180,350,-752.344,-785.616,-148.334,-44.7305
0,355,1271.49,34.6277,143.169,10897.3
5,355,1661.1,-185.382,-2698.54,10725.1
10,355,1953.01,-362.19,-5400.92,10188.9
15,355,2142.59,-482.419,-7803.21,9336.76
20,355,2240.05,-533.931,-9776.31,8249.57
25,355,2263.97,-510.869,-11239.1,7028.78
30,355,2234.67,-417.425,-12164.9,5779.36
35,355,2169.58,-268.199,-12577.2,4593.67
40,355,2081.7,-84.8707,-12537.5,3540.26
45,355,1980.45,109.319,-12130.3,2659.52
50,355,1873.64,294.915,-11448.6,1965.74
55,355,1769.08,459.46,-10583.3,1453.12
60,355,1675.07,597.875,-9616.51,1103.14
65,355,1599.87,710.656,-8617.17,891.238
70,355,1550.58,801.223,-7638.73,791.768
75,355,1532.21,873.656,-6718.22,780.873
80,355,1547,931.4,-5876.46,837.569
85,355,1594.26,976.875,-5119.68,943.43
90,355,1670.43,1011.59,-4442.23,1081.37
95,355,1769.29,1036.33,-3830.33,1234.05
100,355,1882.15,1051.01,-3266.39,1382.42
105,355,1998.2,1054.32,-2733.57,1505.32
110,355,2104.85,1043.09,-2220.1,1580.63
115,355,2188.35,1011.95,-1722.53,1588.57
120,355,2234.62,953.775,-1246.94,1516.6
125,355,2230.38,861.348,-807.318,1364.63
130,355,2164.42,729.987,-421.039,1147.86
135,355,2028.94,560.31,-102.684,895.325
140,355,1820.9,359.727,141.247,642.955
145,355,1543.21,141.668,313.931,423.221
150,355,1205.73,-77.3844,424.751,255.335
155,355,825.71,-281.704,482.181,140.649
160,355,427.441,-459.166,487.007,65.6529
165,355,40.7634,-601.925,430.295,11.1397
170,355,-301.817,-705.157,298.191,-37.1196
175,355,-569.212,-765.208,81.7149,-81.545
180,355,-736.553,-778.728,-213.341,-113.031
0,360,1279.13,984.26,31.8067,10852.8
5,360,1399.56,735.923,-2684.64,10742.9
10,360,1437.92,495.974,-5279.84,10350.7
15,360,1409.07,281.56,-7604.59,9707.19
20,360,1337.84,112.139,-9537.06,8868.57
25,360,1250.72,3.18447,-10997.5,7908
30,360,1168.87,-39.231,-11954.5,6903.39
35,360,1104.61,-20.3455,-12422.5,5925.12
40,360,1061.77,45.5447,-12452,5027.04
45,360,1038.61,140.08,-12117,4242.65
50,360,1031.52,246.122,-11502.5,3586.3
55,360,1037.72,351.229,-10694.9,3057.74
60,360,1056.39,448.528,-9774.04,2647.9
65,360,1088.41,535.547,-8808.6,2343.96
70,360,1135.5,612.221,-7852.62,2132.82
75,360,1199.16,679.191,-6944.01,2002.58
80,360,1280.03,736.877,-6104.54,1942.61
85,360,1377.39,785.283,-5341.38,1942.35
90,360,1488.86,824.165,-4649.92,1989.8
95,360,1610.15,853.212,-4017.56,2069.73
100,360,1734.9,871.994,-3428.25,2162.43
105,360,1854.7,879.582,-2867.14,2243.61
110,360,1959.37,873.948,-2324.99,2286.13
115,360,2037.71,851.445,-1801.24,2264.24
120,360,2078.54,806.808,-1304.67,2159.7
125,360,2071.77,734.09,-851.047,1968.17
130,360,2009.31,628.576,-457.736,1703.08
135,360,1885.53,489.129,-137.203,1394.2
140,360,1697.7,319.933,107.745,1079.88
145,360,1446.67,130.631,284.131,795.245
150,360,1138.24,-65.4424,403.522,561.053
155,360,785.06,-254.21,473.534,378.814
160,360,408.042,-423.589,490.821,234.757
165,360,36.0522,-564.763,440.16,110.665
170,360,-296.854,-671.751,301.259,-4.20804
175,360,-556.56,-740.083,60.6753,-106.459
180,360,-715.157,-765.913,-276.724,-180.472
