Theta[deg],Phi[deg],re(rETheta)[mV],im(rETheta)[mV],re(rEPhi)[mV],im(rEPhi)[mV]
0,0,-6.4329,22.0631,872.268,15255.8
5,0,-150.923,43.9977,2782.15,15043.2
10,0,-323.771,46.3394,4552.75,14458.7
15,0,-506.978,32.5513,6090.93,13539.3
20,0,-681.178,7.4199,7321.46,12345.4
25,0,-829.574,-24.2051,8195.77,10953.1
30,0,-941.432,-58.4661,8696.79,9444.97
35,0,-1013.63,-92.8974,8838.39,7900.92
40,0,-1049.54,-126.122,8660.11,6392.28
45,0,-1055.88,-157.227,8218.88,4977.96
50,0,-1039.22,-185.331,7580.18,3702.83
55,0,-1003.6,-209.587,6810.4,2596.99
60,0,-950.197,-229.512,5970.93,1675.63
65,0,-878.333,-245.283,5114.17,939.792
70,0,-787.076,-257.779,4281.1,378.277
75,0,-676.339,-268.344,3500.23,-29.3293
80,0,-547.188,-278.466,2788.11,-308.951
85,0,-401.515,-289.574,2150.81,-488.489
90,0,-241.523,-302.976,1586.32,-595.015
95,0,-69.4629,-319.895,1087.07,-652.878
100,0,112.244,-341.441,642.354,-682.51
105,0,300.543,-368.438,240.683,-699.584
110,0,491.222,-401.094,-128.009,-714.436
115,0,678.578,-438.63,-470.027,-731.972
120,0,855.421,-479.017,-785.7,-752.577
125,0,1013.39,-518.991,-1067.86,-774.367
130,0,1143.37,-554.37,-1301.89,-796.481
135,0,1235.84,-580.553,-1467.9,-822.113
140,0,1281.13,-592.936,-1545.13,-859.358
145,0,1269.75,-587.091,-1517.46,-918.332
150,0,1193.26,-558.763,-1378.6,-1004.8
155,0,1045.84,-504.066,-1135.58,-1113
160,0,826.47,-420.186,-809.497,-1222.05
165,0,540.915,-306.59,-433.383,-1299.25
170,0,202.77,-166.205,-47.3665,-1310.45
175,0,-167.188,-5.8598,308.309,-1232.87
180,0,-543.38,164.451,600.95,-1063.93
0,5,69.6148,1351.61,869.51,15195.9
5,5,92.0764,1357.65,2553.57,15045.9
10,5,72.6771,1322.73,4126.1,14584.8
15,5,22.5377,1252.67,5512.69,13831.4
20,5,-43.1174,1155.04,6650.06,12823.8
25,5,-109.392,1037.46,7494.01,11614.6
30,5,-166.127,906.561,8024.54,10265.8
35,5,-210.062,767.89,8246.8,8841.98
40,5,-243.651,626.711,8187.77,7405.55
45,5,-271.369,488.581,7890.3,6013.41
50,5,-295.722,359.117,7406.2,4714.16
55,5,-315.079,242.984,6789.91,3545.77
60,5,-324.084,142.792,6093.52,2533.77
65,5,-315.865,58.6077,5362.97,1690.3
70,5,-284.527,-11.6452,4635.52,1014.7
75,5,-226.706,-71.2028,3938.42,495.577
80,5,-141.804,-123.438,3288.67,113.949
85,5,-31.2828,-171.199,2693.91,-153.463
90,5,102.293,-216.589,2153.95,-331.341
95,5,255.886,-261.05,1662.81,-443.648
100,5,426.067,-305.493,1210.79,-512.161
105,5,608.621,-350.366,786.69,-555.357
110,5,797.98,-395.604,380.316,-587.477
115,5,986.79,-440.543,-14.645,-617.902
120,5,1165.83,-483.829,-397.665,-651.271
125,5,1324.29,-523.342,-759.118,-688.817
130,5,1450.38,-556.101,-1079.88,-730.875
135,5,1531.87,-578.131,-1333.74,-779.647
140,5,1556.83,-584.423,-1492.69,-840.517
145,5,1514.39,-569.224,-1533.94,-920.284
150,5,1396.19,-526.928,-1446.56,-1022.09
155,5,1198.41,-453.587,-1235.68,-1139.09
160,5,924.096,-348.624,-923.182,-1250.82
165,5,584.891,-215.948,-544.726,-1325.56
170,5,200.949,-63.7274,-144.118,-1329.3
175,5,-201.38,97.3387,233.943,-1237.79
180,5,-593.688,256.553,551.305,-1045.55
0,10,145.133,2670.87,860.134,15020.2
5,10,292.95,2672.46,2292.89,14932.5
10,10,391.258,2622.81,3643.11,14593.2
15,10,448.11,2526.07,4855.13,14004.4
20,10,476.518,2387.76,5878.02,13183.2
25,10,489.339,2213.6,6672.6,12160.4
30,10,494.352,2009.33,7216.89,10978.1
35,10,492.25,1781.57,7508.16,9685.69
40,10,478.716,1539.1,7561.52,8336.37
45,10,449.19,1293.1,7405.98,6984.02
50,10,403.425,1055.66,7079.47,5679.63
55,10,347.327,837.33,6624.01,4467.54
60,10,291.526,644.804,6081.48,3382.08
65,10,247.996,480.099,5490.32,2445.28
70,10,226.741,341.236,4882.99,1666.27
75,10,233.959,223.89,4284.38,1042.51
80,10,271.935,123.079,3711.18,562.242
85,10,340.082,34.3319,3172.06,207.451
90,10,436.224,-45.8298,2668.59,-43.3422
95,10,557.507,-119.856,2196.62,-212.876
100,10,700.667,-189.327,1747.89,-323.502
105,10,861.736,-255.113,1312.05,-395.861
110,10,1035.45,-317.487,879.202,-447.662
115,10,1214.62,-376.193,443.121,-492.571
120,10,1389.68,-430.446,4.82825,-539.573
125,10,1548.63,-478.771,-424.407,-593.321
130,10,1677.31,-518.616,-822.082,-655.701
135,10,1760.06,-545.815,-1156.79,-728.136
140,10,1780.92,-554.301,-1394.18,-813.232
145,10,1725.27,-536.611,-1505.15,-914.17
150,10,1582.33,-485.616,-1473.9,-1031.13
155,10,1348.15,-397.261,-1302.89,-1156.11
160,10,1028.49,-273.277,-1013.51,-1269.31
165,10,640.337,-122.356,-642.488,-1340.54
170,10,210.82,41.3094,-235.788,-1336.61
175,10,-226.861,201.918,158.571,-1232.22
180,10,-639.479,346.703,497.463,-1019.21
0,15,219.546,3969.81,844.211,14730.3
5,15,447.324,3977.68,2007.7,14701.6
10,15,623.748,3933.98,3117.39,14476.8
15,15,757.337,3837.73,4135.4,14043.5
20,15,860.687,3688.23,5022.87,13400.6
25,15,944.558,3485.28,5746.22,12559.7
30,15,1012.81,3230.54,6282.63,11545.1
35,15,1061.29,2929.82,6622.93,10391.8
40,15,1081.48,2594.93,6771.67,9144.02
45,15,1066.78,2243.19,6745.01,7851.92
50,15,1017.61,1894.42,6567.66,6567.48
55,15,942.735,1566.5,6269.37,5339.52
60,15,856.661,1271.86,5881.7,4208.96
65,15,775.115,1016.02,5435.01,3205.45
70,15,711.116,798.469,4956.07,2346
75,15,673.036,614.797,4466.32,1635.57
80,15,664.707,458.923,3981.01,1069.01
85,15,686.728,324.721,3509.01,633.635
90,15,737.963,206.86,3053.2,311.682
95,15,816.616,101.098,2611.31,82.4507
100,15,920.647,4.28543,2177.04,-76.0232
105,15,1047.6,-85.7023,1741.64,-185.498
110,15,1193.98,-170.064,1296.24,-266.048
115,15,1354.36,-249.164,835.151,-334.55
120,15,1520.41,-322.549,359.722,-403.412
125,15,1680.09,-388.769,-118.026,-480.077
130,15,1817.36,-444.887,-573.741,-567.741
135,15,1912.71,-485.806,-972.656,-667.126
140,15,1944.82,-503.926,-1275.71,-778.32
145,15,1893.38,-489.907,-1448.64,-901.147
150,15,1742.98,-435.099,-1471.04,-1033.03
155,15,1487.51,-335.348,-1342.2,-1164.98
160,15,1133.87,-194.68,-1081.76,-1278.22
165,15,703.526,-26.7208,-725.89,-1344.58
170,15,230.577,147.744,-320.937,-1332.37
175,15,-244.014,306.757,83.3113,-1215.97
180,15,-680.402,434.214,439.836,-985.118
0,20,292.288,5238.53,821.864,14328.2
5,20,552.171,5262.15,1706.2,14353.2
10,20,764.239,5241.97,2563.9,14230.5
15,20,940.51,5169.3,3373.03,13936.6
20,20,1094.76,5034.09,4106.03,13456.1
25,20,1235.76,4827.11,4735.26,12785.2
30,20,1362.38,4543.42,5238.37,11933
35,20,1463.95,4186.43,5601.53,10921.9
40,20,1526.01,3770.3,5820.51,9787.74
45,20,1538.35,3318.61,5900.24,8576.37
50,20,1500.65,2859.43,5853.34,7339.57
55,20,1423.13,2418.89,5698.17,6128.64
60,20,1322.71,2016.16,5456.36,4988.56
65,20,1217.44,1661.44,5150.23,3953.79
70,20,1122.21,1356.89,4800.39,3046.51
75,20,1046.85,1099.03,4424.03,2276.94
80,20,996.514,881.345,4033.94,1645.02
85,20,973.199,696.264,3638.25,1142.64
90,20,977.338,536.395,3240.51,755.815
95,20,1008.92,395.165,2840.16,466.453
100,20,1067.97,267.185,2433.1,254.022
105,20,1154.48,148.454,2012.76,97.0501
110,20,1267.73,36.4616,1572.01,-25.2211
115,20,1405.09,-69.8164,1106.08,-131.062
120,20,1560.48,-169.947,616.55,-234.597
125,20,1722.7,-261.937,115.295,-344.77
130,20,1874.32,-341.842,-373.098,-465.434
135,20,1991.97,-403.17,-812.567,-596.647
140,20,2048.33,-436.611,-1161.41,-736.487
145,20,2016.2,-431.014,-1381.7,-882.077
150,20,1873.98,-376.346,-1449.19,-1028.62
155,20,1611.68,-268.383,-1359.74,-1166.5
160,20,1235.78,-113.366,-1130.33,-1278.22
165,20,771.139,70.155,-794.971,-1338.12
170,20,258.36,254.48,-398.567,-1316.71
175,20,-253.357,410.725,9.14871,-1189.01
180,20,-716.147,518.42,378.861,-943.525
0,25,362.806,6467.39,793.262,13817.2
5,25,605.895,6514.45,1396.97,13888.1
10,25,809.384,6531.22,1998.55,13851
15,25,991.181,6499.71,2589.61,13674.7
20,25,1167.6,6398.68,3152.67,13334.3
25,25,1345.73,6207.91,3666.2,12814.6
30,25,1519.01,5914.14,4109.54,12112.9
35,25,1669.32,5517.13,4466.14,11241.6
40,25,1775.18,5032.65,4725.15,10228.5
45,25,1821.59,4490.23,4882.12,9115.32
50,25,1806.24,3926.12,4939.19,7952.23
55,25,1739.43,3374.86,4904.52,6791.16
60,25,1639.05,2862.73,4790.73,5678.67
65,25,1524.19,2405.27,4612.59,4651.25
70,25,1410.51,2008.05,4384.71,3733.34
75,25,1308.62,1669.33,4119.74,2937.76
80,25,1224.72,1382.84,3827.45,2267.44
85,25,1162.29,1140.06,3514.47,1717.53
90,25,1123.67,931.703,3184.38,1277.21
95,25,1111.1,748.82,2837.84,931.284
100,25,1127.21,583.598,2472.77,661.59
105,25,1174.87,429.984,2084.9,448.475
110,25,1256.55,284.091,1669,272.435
115,25,1372.81,144.348,1221.38,115.923
120,25,1520.2,11.4302,743.582,-34.9297
125,25,1688.79,-111.809,246.589,-189.081
130,25,1860.3,-220.178,-246.16,-350.294
135,25,2007.82,-305.733,-699.151,-517.981
140,25,2098.16,-357.605,-1070.01,-688.774
145,25,2096.85,-363.101,-1318.84,-857.83
150,25,1975.32,-311.042,-1418.53,-1018.7
155,25,1718.54,-197.196,-1361.75,-1161.42
160,25,1331.24,-29.8897,-1162.15,-1269.99
165,25,840.393,167.559,-850.349,-1321.62
170,25,292.346,360.488,-468.081,-1289.83
175,25,-255.515,512.692,-63.08,-1151.39
180,25,-746.442,598.681,315.003,-894.751
0,30,430.563,7647.02,758.623,13200.9
5,30,608.382,7723.12,1088.72,13308.8
10,30,758.598,7785.29,1437.78,13337.8
15,30,906.685,7805.93,1808.25,13253.3
20,30,1072.59,7752.04,2191.25,13025.3
25,30,1262.33,7591.72,2571.22,12632
30,30,1464.11,7302.63,2930.35,12062.9
35,30,1652.24,6880.03,3251.25,11322.5
40,30,1797.79,6340.53,3518.62,10432.1
45,30,1880.18,5718.91,3720.73,9428.73
50,30,1894,5059.05,3851.02,8359.99
55,30,1848.34,4403.43,3908.89,7276.59
60,30,1760.78,3785.24,3899.1,6224.55
65,30,1650.26,3225.29,3829.81,5239.96
70,30,1532.34,2732.8,3710.25,4347.04
75,30,1417.76,2308.16,3548.87,3558.81
80,30,1313.41,1945.96,3352.36,2879.08
85,30,1224.09,1637.36,3125.53,2304.62
90,30,1154.06,1371.87,2871.35,1826.94
95,30,1107.91,1138.73,2591,1433.61
100,30,1090.94,928.188,2283.79,1109.51
105,30,1108.93,732.52,1947.17,838.042
110,30,1167.41,546.74,1577.45,602.612
115,30,1269.97,368.906,1171.7,388.168
120,30,1415.73,199.998,731.139,182.712
125,30,1596.2,43.6414,265.307,-21.5367
130,30,1792.63,-93.9652,-204.387,-227.644
135,30,1975.26,-203.799,-644.286,-434.342
140,30,2105.65,-273.888,-1012.94,-637.173
145,30,2142.53,-290.45,-1270.07,-829.768
150,30,2050.29,-241.479,-1386.93,-1004.31
155,30,1808.31,-122.837,-1353.58,-1150.6
160,30,1418.6,55.2066,-1180.14,-1254.21
165,30,909.085,264.868,-892.986,-1295.56
170,30,330.812,464.796,-529.219,-1251.99
175,30,-251.182,611.539,-132.691,-1103.3
180,30,-771.056,674.386,248.748,-839.168
0,35,495.043,8768.46,718.21,12484.2
5,35,561.003,8876.81,790.015,12619.1
10,35,614.168,8987.42,898.096,12693.1
15,35,688.576,9063.82,1052.93,12672
20,35,808.673,9062.09,1252.62,12525.4
25,35,980.254,8939.25,1487.29,12229.4
30,35,1187.13,8663.99,1742.81,11769.6
35,35,1396.74,8226.74,2002.66,11145.4
40,35,1572.83,7644.23,2249.14,10372.5
45,35,1688.85,6955.49,2465.4,9483.22
50,35,1735.33,6211.05,2638.03,8521.51
55,35,1718.95,5460.45,2759.22,7535.18
60,35,1655.82,4743.05,2827.11,6567.87
65,35,1563.79,4084.35,2844.36,5653.53
70,35,1457.58,3496.89,2815.76,4814.41
75,35,1347.46,2983.22,2746.26,4062.06
80,35,1240.47,2539.14,2639.89,3399.61
85,35,1142.23,2156.28,2499.55,2824.2
90,35,1058.47,1823.96,2327.13,2328.76
95,35,995.803,1530.84,2123.56,1903.32
100,35,961.846,1266.3,1888.5,1535.96
105,35,964.967,1021.83,1620.18,1213.73
110,35,1013.37,791.897,1315.64,923.758
115,35,1113.31,574.33,972.196,654.345
120,35,1266.17,370.198,590.42,396.12
125,35,1464.86,183.393,178.248,143.048
130,35,1690.54,20.4345,-245.288,-106.885
135,35,1911.3,-109.33,-649.097,-351.56
140,35,2084.43,-193.553,-993.799,-585.359
145,35,2162.75,-217.98,-1240.16,-800.322
150,35,2104.26,-170.218,-1359.13,-987.137
155,35,1882.85,-46.3888,-1339.05,-1135.19
160,35,1497.29,141.458,-1186.79,-1231.6
165,35,975.545,361.546,-923.975,-1260.38
170,35,372.181,566.484,-581.996,-1203.5
175,35,-241.093,706.167,-199.154,-1045.03
180,35,-789.801,744.958,180.6,-777.198
0,40,555.755,9823.16,672.331,11672.5
5,40,466.576,9964.52,509.063,11824
10,40,381.284,10121.1,395.505,11921.8
15,40,342.897,10249.2,347.599,11935.4
20,40,381.022,10296.2,368.822,11837.9
25,40,502.329,10209.6,454.483,11607.6
30,40,687.653,9950.47,594.64,11230.1
35,40,898.833,9504.43,774.971,10702.1
40,40,1093.05,8887.69,977.309,10035.3
45,40,1237.62,8142.37,1181.64,9256.99
50,40,1318.2,7324.38,1369.57,8406.31
55,40,1337.91,6489.11,1527.61,7526.77
60,40,1310.32,5681.05,1648.55,6658.23
65,40,1251.37,4929.59,1730.55,5831.26
70,40,1174.32,4249.91,1774.92,5065.26
75,40,1088.39,3646.4,1783.87,4369.54
80,40,1000.04,3116.27,1759.29,3745.88
85,40,914.939,2652.29,1702.33,3191.12
90,40,839.477,2244.84,1613.5,2699.1
95,40,781.494,1883.38,1492.72,2261.88
100,40,750.347,1557.94,1339.09,1870.4
105,40,756.481,1260.34,1150.6,1515.16
110,40,810.369,985.17,924.19,1186.71
115,40,920.517,730.158,656.921,876.439
120,40,1090.28,496.056,348.616,577.351
125,40,1313.82,286.249,5.7079,285.034
130,40,1572.36,106.599,-355.066,-1.37749
135,40,1832.46,-34.2486,-705.452,-278.589
140,40,2048.14,-124.534,-1008.95,-539.321
145,40,2167.58,-150.357,-1228.6,-773.455
150,40,2143.47,-99.5267,-1336.44,-969.68
155,40,1944.89,31.3246,-1320.15,-1116.64
160,40,1567.47,228.574,-1183.87,-1202.94
165,40,1038.53,457.148,-944.389,-1216.48
170,40,415.033,664.672,-626.645,-1144.69
175,40,-225.993,795.503,-262.086,-977.011
180,40,-802.536,809.86,111.077,-709.313
0,45,612.238,10803.1,621.336,10771.9
5,45,329.279,10975.8,253.428,10929.9
10,45,67.9511,11170.5,-55.0109,11031.7
15,45,-119.755,11338.9,-284.771,11052.7
20,45,-198.541,11422.5,-428.451,10973.1
25,45,-159.604,11362.6,-486.25,10777
30,45,-23.2903,11114,-463.772,10453.1
35,45,168.421,10658.7,-372.212,9998.2
40,45,367.241,10011.7,-228.71,9421.03
45,45,534.456,9216.94,-54.6227,8744.06
50,45,650.047,8334.25,128.399,8000.76
55,45,712.389,7423.55,302.619,7229.06
60,45,731.369,6533.38,456.556,6463.9
65,45,720.221,5696.15,584.715,5731.84
70,45,690.137,4929.07,685.558,5049.13
75,45,648.737,4237.96,759.186,4422.84
80,45,601.229,3621.41,805.769,3853.45
85,45,552.448,3073.82,824.936,3337.51
90,45,508.5,2587.5,815.756,2869.58
95,45,477.59,2154,776.799,2443.33
100,45,470.092,1765.25,706.016,2051.96
105,45,497.995,1414.54,600.509,1688.46
110,45,573.634,1097.25,456.615,1345.78
115,45,707.392,811.18,270.897,1017.21
120,45,904.204,556.425,42.4985,697.139
125,45,1159.19,335.116,-223.369,382.123
130,45,1453.58,151.428,-512.026,72.3227
135,45,1752.85,12.1368,-798.155,-227.41
140,45,2008.73,-72.7607,-1048.75,-507.426
145,45,2166.06,-90.7669,-1230.22,-754.675
150,45,2173.74,-30.6688,-1316.93,-955.216
155,45,1997.24,110.069,-1296.97,-1096.6
160,45,1629.56,316.536,-1172.38,-1168.89
165,45,1097.09,551.308,-955.191,-1164.16
170,45,458.109,758.495,-663.568,-1075.91
175,45,-206.619,878.506,-321.246,-899.737
180,45,-809.163,868.599,40.7083,-636.03
0,50,664.061,11700.8,565.611,9789.36
5,50,154.524,11901,29.8161,9944.69
10,50,-315.202,12121.3,-440.038,10033
15,50,-684.391,12311.8,-823.172,10037.8
20,50,-911.604,12412.1,-1109.52,9948.3
25,50,-984.569,12360.6,-1295.62,9757.14
30,50,-922.833,12109.2,-1382.96,9459.12
35,50,-770.191,11637.1,-1379.19,9053.22
40,50,-579.097,10958,-1299.36,8546.6
45,50,-394.112,10116.5,-1164.69,7957.14
50,50,-241.758,9174.7,-998.598,7312.11
55,50,-129.752,8195.62,-821.802,6642.99
60,50,-53.1901,7230.96,-649.194,5979.08
65,50,-2.52802,6315.54,-489.386,5342.55
70,50,30.766,5468.19,-346.385,4746.63
75,50,52.2789,4695.9,-221.906,4196.5
80,50,65.5285,3998.43,-117.158,3691.76
85,50,73.9525,3371.82,-33.7162,3228.96
90,50,82.6961,2810.57,26.2867,2803.37
95,50,99.6209,2308.83,60.1991,2409.93
100,50,135.464,1861.13,64.8201,2043.35
105,50,203.195,1462.95,36.3032,1698.04
110,50,316.484,1111.11,-29.6803,1367.98
115,50,487.057,803.812,-137.013,1046.97
120,50,720.869,540.508,-287.043,729.525
125,50,1013.51,321.644,-475.52,412.368
130,50,1346.04,148.884,-689.653,96.3951
135,50,1683.11,25.9812,-907.185,-211.753
140,50,1975.07,-40.1446,-1099.15,-499.52
145,50,2164.94,-39.6498,-1236.21,-750.353
150,50,2199.48,36.7717,-1296.08,-947.287
155,50,2042.03,190.466,-1268.06,-1076.62
160,50,1683.86,405.636,-1152.59,-1129.9
165,50,1150.42,643.71,-957.227,-1103.58
170,50,500.304,847.086,-693.304,-997.487
175,50,-183.669,954.172,-376.515,-813.833
180,50,-809.632,920.727,-29.9699,-557.907
0,55,710.831,12509.5,505.582,8732.31
5,55,-51.2117,12731.5,-156.133,8876.99
10,55,-755.24,12960.8,-748.235,8938.29
15,55,-1332.06,13149.7,-1249.56,8908.42
20,55,-1733.68,13239.9,-1648.45,8786.98
25,55,-1943.06,13171.4,-1938.66,8576.72
30,55,-1977.02,12896.3,-2118.24,8280.4
35,55,-1879.23,12393.1,-2191.37,7901.17
40,55,-1705.01,11674.4,-2170.47,7445.94
45,55,-1504.63,10784.4,-2075.58,6928.56
50,55,-1312.03,9785.75,-1930.64,6369.96
55,55,-1142.52,8743.42,-1758.33,5794.79
60,55,-997.714,7711.43,-1576.24,5226.33
65,55,-872.869,6726.69,-1395.76,4682.27
70,55,-762.723,5809.54,-1223.17,4172.97
75,55,-663.926,4967.92,-1061.86,3702.1
80,55,-574.671,4202.4,-914.124,3268.75
85,55,-492.951,3510.11,-782.339,2869.67
90,55,-414.755,2887.17,-669.321,2500.82
95,55,-332.915,2329.88,-578.395,2158.03
100,55,-236.851,1835.25,-513.411,1836.91
105,55,-113.272,1401.16,-478.742,1532.41
110,55,52.0632,1026.34,-479.045,1238.56
115,55,271.408,710.021,-518.38,948.652
120,55,550.949,451.442,-598.36,656.437
125,55,886.138,249.442,-715.542,358.151
130,55,1257.65,102.711,-859.012,55.0865
135,55,1629.68,11.0051,-1009.8,-244.419
140,55,1952.16,-23.1426,-1143.45,-524.887
145,55,2167.76,6.13625,-1235.53,-766.293
150,55,2222.84,105.265,-1267.69,-948.797
155,55,2080.17,274.083,-1230.92,-1057.65
160,55,1730.26,496.442,-1124.35,-1086
165,55,1197.73,734.024,-951.274,-1034.69
170,55,540.658,929.546,-716.509,-909.79
175,55,-157.791,1021.55,-427.891,-720.023
180,55,-803.939,965.849,-100.42,-475.537
0,60,752.19,13223,441.705,7608.81
5,60,-280.594,13459.5,-300.023,7736.62
10,60,-1237.34,13678.9,-970.768,7762
15,60,-2040.53,13838.6,-1549.74,7685.76
20,60,-2635.17,13886.8,-2024.55,7517.88
25,60,-2998.38,13770,-2387.22,7271.8
30,60,-3142.63,13444.4,-2633.35,6959.28
35,60,-3109.81,12890.2,-2764.24,6588.93
40,60,-2957.11,12119.7,-2789.64,6168.66
45,60,-2740.45,11175.8,-2727.81,5709.07
50,60,-2502.14,10120.7,-2602.27,5225.11
55,60,-2266.68,9019.86,-2436.73,4734.59
60,60,-2043.73,7928.89,-2250.83,4254.72
65,60,-1834.54,6886.55,-2058.3,3798.78
70,60,-1637.61,5914.59,-1867.54,3374.4
75,60,-1451.79,5021.66,-1683.39,2983.94
80,60,-1276.62,4208.51,-1508.97,2626.07
85,60,-1111.1,3472.33,-1347.01,2297.67
90,60,-952.07,2809.59,-1200.39,1995.14
95,60,-793.094,2217.55,-1072.41,1714.83
100,60,-624.156,1694.87,-966.864,1452.82
105,60,-432.382,1241.56,-887.979,1204.23
110,60,-203.917,858.564,-840.203,962.779
115,60,72.9945,546.826,-827.358,721.048
120,60,403.897,306.149,-851.065,471.826
125,60,783.588,134.246,-908.588,210.667
130,60,1192.34,26.7698,-990.969,-61.0163
135,60,1594.43,-21.1939,-1082.76,-333.636
140,60,1940.5,-12.5936,-1164.37,-589.454
145,60,2174.29,53.2986,-1216.58,-805.82
150,60,2243.29,179.19,-1225.15,-960.875
155,60,2111.02,363.24,-1182.8,-1039.45
160,60,1768.03,589.629,-1087.37,-1036.57
165,60,1238.21,821.813,-938.141,-957.212
170,60,578.351,1004.91,-733.946,-813.192
175,60,-129.566,1079.72,-475.466,-619.137
180,60,-792.128,1003.62,-170.106,-389.548
0,65,787.825,13835.8,374.467,6427.4
5,65,-525.665,14078.8,-398.83,6534.1
10,65,-1745.3,14267.8,-1101.67,6519.93
15,65,-2785.13,14368.7,-1714.08,6393.24
20,65,-3582.75,14340.5,-2223.71,6173.47
25,65,-4108.62,14140.5,-2622.01,5884.14
30,65,-4369.84,13733.7,-2903.35,5545.98
35,65,-4405.46,13104.9,-3067.22,5173.73
40,65,-4273.89,12267.4,-3121.13,4777.22
45,65,-4036.8,11263,-3081.28,4364.73
50,65,-3745.79,10151.9,-2969.98,3945.89
55,65,-3435.83,8998.99,-2811,3532.07
60,65,-3126.05,7860.6,-2625.15,3134.6
65,65,-2824.58,6776.71,-2427.93,2762.46
70,65,-2534.07,5770.09,-2229.4,2420.66
75,65,-2255.4,4849.57,-2035.59,2110.23
80,65,-1988.93,4015.18,-1850.17,1829.31
85,65,-1734.05,3262.88,-1675.84,1574.66
90,65,-1488.06,2588.03,-1515.13,1342.7
95,65,-1245.18,1987.43,-1370.76,1129.96
100,65,-996.261,1460.24,-1245.87,932.755
105,65,-729.555,1008.05,-1143.95,746.397
110,65,-432.526,634.027,-1068.66,564.649
115,65,-94.8454,341.363,-1023.12,379.875
120,65,287.715,131.152,-1008.6,184.486
125,65,709.098,0.580605,-1022.89,-26.288
130,65,1149.55,-57.5421,-1058.98,-250.999
135,65,1574.33,-53.1015,-1105.05,-479.493
140,65,1935.94,4.80342,-1146.46,-693.029
145,65,2180.47,111.018,-1169.17,-867.921
150,65,2257.59,264.061,-1162.83,-981.821
155,65,2132.38,460.511,-1121.53,-1020.2
160,65,1795.82,685.705,-1041.68,-980.232
165,65,1270.98,906.416,-918.786,-870.658
170,65,612.71,1072.15,-746.483,-708.125
175,65,-99.495,1127.86,-519.41,-512.112
180,65,-774.288,1033.75,-238.497,-300.595
0,70,817.464,14343.3,304.378,5197.07
5,70,-778.094,14584.2,-450.998,5280.56
10,70,-2262.11,14722.6,-1138.05,5228.62
15,70,-3539.81,14735.4,-1738,5055.54
20,70,-4540.98,14596.2,-2239.24,4788.25
25,70,-5229.11,14277.6,-2633.86,4458.65
30,70,-5605.55,13757.6,-2916.51,4095.48
35,70,-5706.24,13029.3,-3086.16,3719.36
40,70,-5590.68,12109.3,-3148.77,3342.56
45,70,-5326.5,11038.1,-3118.41,2971.92
50,70,-4975.1,9873.65,-3015.39,2612.6
55,70,-4582.8,8678.89,-2862.37,2270.13
60,70,-4178.99,7509.18,-2680.13,1950.35
65,70,-3779.32,6404.64,-2484.96,1658.07
70,70,-3390.8,5388.03,-2287.97,1395.73
75,70,-3016.18,4467.43,-2095.98,1163
80,70,-2656.26,3641.12,-1913,957.351
85,70,-2310.48,2902.72,-1741.57,775.139
90,70,-1976.3,2245.26,-1583.74,612.542
95,70,-1648.52,1663.95,-1441.5,466.001
100,70,-1319.16,1157.55,-1317.06,331.986
105,70,-978.057,728.557,-1212.86,206.295
110,70,-614.622,382.12,-1131.34,83.3938
115,70,-220.488,123.704,-1074.43,-43.5717
120,70,207.075,-44.015,-1042.6,-181.494
125,70,661.494,-124.028,-1033.82,-334.654
130,70,1123.84,-126.133,-1042.76,-501.409
135,70,1561.54,-65.1396,-1061.04,-671.761
140,70,1930.14,43.5978,-1078.71,-827.545
145,70,2178.93,188.921,-1086.5,-946.088
150,70,2260.25,365.231,-1077.39,-1006.5
155,70,2140.8,567.981,-1046.31,-996.187
160,70,1811.82,784.652,-987.968,-914.847
165,70,1295.19,986.816,-894.434,-774.388
170,70,643.227,1130.11,-755.084,-595.112
175,70,-67.9932,1165.19,-559.954,-399.993
180,70,-750.555,1056.02,-305.073,-209.353
0,75,840.881,14741.7,231.973,3927.19
5,75,-1029.46,14972.1,-456.473,3987.49
10,75,-2770.59,15041.2,-1080.25,3904.87
15,75,-4278.26,14939,-1622.17,3697.34
20,75,-5474.17,14656.8,-2072.21,3396.73
25,75,-6314.97,14186.5,-2424.34,3040.68
30,75,-6796.8,13523.3,-2674.99,2663.84
35,75,-6953.04,12672.4,-2823.97,2291.66
40,75,-6844.63,11655.8,-2876.49,1938.74
45,75,-6545.29,10514.3,-2844.39,1611.13
50,75,-6126.23,9302.9,-2745.09,1310.43
55,75,-5645.22,8080.72,-2598.68,1037.09
60,75,-5142.09,6900.33,-2424.4,791.935
65,75,-4640.22,5799.92,-2238.05,575.793
70,75,-4151.18,4800.63,-2050.94,388.599
75,75,-3679.66,3908.47,-1870.28,228.704
80,75,-3226.93,3119.06,-1700.34,92.9402
85,75,-2792.37,2422.98,-1543.64,-22.7257
90,75,-2373.56,1810.43,-1401.9,-122.396
95,75,-1965.96,1274.54,-1276.6,-209.737
100,75,-1562.81,813.193,-1169.15,-288.015
105,75,-1155.75,429.265,-1080.91,-360.617
110,75,-736.294,129.291,-1012.97,-431.677
115,75,-297.974,-79.4977,-965.746,-506.217
120,75,160.878,-193.224,-938.461,-589.222
125,75,634.096,-215.21,-928.709,-683.485
130,75,1104.88,-157.761,-932.301,-786.825
135,75,1544.17,-40.294,-943.699,-890.022
140,75,1911.61,116.031,-956.993,-977.045
145,75,2160.1,294.596,-966.9,-1028.33
150,75,2244.41,486.328,-968.949,-1026.46
155,75,2132.15,686.396,-958.335,-962.08
160,75,1814.04,885.547,-927.883,-837.704
165,75,1310.09,1061.53,-866.645,-667.74
170,75,669.578,1177.53,-760.801,-474.822
175,75,-35.3813,1191.06,-597.368,-283.936
180,75,-721.11,1070.24,-369.327,-116.519
0,80,857.899,15027.9,157.803,2627.42
5,80,-1271.49,15240.1,-416.702,2666.54
10,80,-3254,15224.3,-931.76,2565.03
15,80,-4975.04,14984.8,-1372.46,2342.19
20,80,-6348.09,14533.1,-1731.32,2031.51
25,80,-7323.72,13883.4,-2005.4,1672.99
30,80,-7894.14,13051.8,-2194.26,1304.24
35,80,-8091.5,12059.1,-2299.71,953.512
40,80,-7978.96,10936,-2326.83,636.96
45,80,-7636.28,9724.49,-2285.03,360.097
50,80,-7143.87,8476.27,-2187.8,121.771
55,80,-6570.14,7244.98,-2051.05,-81.7179
60,80,-5964.88,6077.7,-1890.75,-253.985
65,80,-5359.16,5008.07,-1720.73,-397.81
70,80,-4769.38,4053.45,-1551.57,-515.608
75,80,-4202.58,3216.49,-1390.48,-610.182
80,80,-3660.84,2489.49,-1241.98,-685.077
85,80,-3143.67,1859.91,-1108.82,-744.363
90,80,-2648.87,1315.3,-992.79,-792.072
95,80,-2172.5,846.907,-895.238,-831.68
100,80,-1708.98,451.672,-817.208,-865.923
105,80,-1251.62,132.464,-759.31,-897.041
110,80,-793.708,-103.562,-721.432,-927.231
115,80,-330.085,-248.4,-702.431,-958.873
120,80,140.871,-297.911,-699.997,-994.058
125,80,614.787,-256.347,-710.803,-1033.22
130,80,1078.55,-138.582,-731.009,-1073.29
135,80,1508.02,31.835,-756.95,-1106.28
140,80,1867.66,228.807,-785.673,-1119.6
145,80,2113.94,431.29,-814.84,-1098.55
150,80,2203.16,627.821,-841.67,-1030.86
155,80,2102.49,814.405,-861.121,-911.484
160,80,1800.76,986.256,-864.152,-745.881
165,80,1315.22,1128.55,-837.337,-550.213
170,80,691.657,1213.09,-764.744,-348.136
175,80,-1.88554,1204.88,-631.943,-165.2
180,80,-686.177,1076.33,-430.771,-22.7976
0,85,868.388,15199.7,82.4316,1307.65
5,85,-1496.39,15387.1,-334.567,1329.33
10,85,-3696.63,15275,-699.098,1224.57
15,85,-5606.62,14882.4,-999.628,1011.36
20,85,-7131.71,14242.3,-1232.29,721.349
25,85,-8217.57,13393.6,-1398.34,392.996
30,85,-8854.47,12376,-1501.46,63.1288
35,85,-9075.24,11229.2,-1546.21,-240.03
40,85,-8946.3,9994.7,-1537.81,-500.311
45,85,-8553.22,8717.67,-1482.81,-712.987
50,85,-7984.37,7446.03,-1389.71,-881.279
55,85,-7317.22,6226.1,-1268.68,-1012.05
60,85,-6610.47,5096.65,-1130.67,-1112.42
65,85,-5902.56,4083.83,-986.101,-1188.2
70,85,-5215.1,3199.02,-843.796,-1243.78
75,85,-4558.2,2440.29,-710.496,-1282.76
80,85,-3935.27,1796.44,-590.946,-1308.62
85,85,-3346.27,1252.22,-488.372,-1324.88
90,85,-2789.15,793.152,-405.044,-1334.88
95,85,-2260.45,409.163,-342.663,-1341.33
100,85,-1755.49,96.4472,-302.416,-1345.99
105,85,-1268.82,-142.475,-284.701,-1349.6
110,85,-794.856,-300.636,-288.693,-1352.08
115,85,-328.735,-370.388,-312.015,-1352.69
120,85,132.478,-348.433,-350.824,-1350.07
125,85,587.807,-240.675,-400.474,-1341.79
130,85,1029.39,-64.6317,-456.61,-1323.71
135,85,1439.15,152.603,-516.204,-1289.46
140,85,1786.83,381.034,-577.876,-1230.75
145,85,2031.93,596.409,-641.004,-1138.99
150,85,2130.98,786.085,-703.696,-1008.1
155,85,2048.9,948.089,-760.413,-837.933
160,85,1770.96,1083.28,-800.503,-636.758
165,85,1310.52,1185.31,-808.723,-421.694
170,85,709.6,1235.39,-768.04,-216.205
175,85,32.3611,1206.25,-663.967,-45.144
180,85,-646.022,1074.22,-488.936,71.0972
0,90,872.268,15255.8,6.4329,-22.0631
5,90,-1696.99,15413.5,-214.282,-12.7391
10,90,-4084.38,15198.5,-391.524,-102.448
15,90,-6152.35,14644.9,-518.673,-277.085
20,90,-7798.53,13807.4,-596.752,-510.393
25,90,-8965.24,12750.4,-632.093,-769.701
30,90,-9643.18,11539,-632.996,-1023.15
35,90,-9868.11,10233.7,-606.858,-1246.06
40,90,-9710.89,8889.19,-558.806,-1424.49
45,90,-9262.47,7554.89,-491.987,-1555.26
50,90,-8617.52,6274.92,-408.879,-1643.23
55,90,-7860.53,5086.73,-312.636,-1697.3
60,90,-7057.49,4018.25,-207.755,-1726.88
65,90,-6253.68,3085.49,-99.8796,-1739.75
70,90,-5476.22,2291.88,4.94504,-1741.54
75,90,-4738.93,1629.96,101.076,-1736.12
80,90,-4047.19,1085.06,183.758,-1726.34
85,90,-3401.6,639.855,249.186,-1714.56
90,90,-2800.22,278.632,294.304,-1702.71
95,90,-2239.68,-9.47496,316.613,-1692.07
100,90,-1715.72,-228.883,314.239,-1682.89
105,90,-1223.5,-377.731,286.349,-1674.02
110,90,-757.655,-449.944,233.783,-1662.82
115,90,-312.434,-439.103,159.523,-1645.29
120,90,117.843,-343.536,68.5934,-1616.46
125,90,537.059,-171.184,-32.8762,-1571.02
130,90,943.854,57.9592,-139.221,-1503.88
135,90,1326.95,313.934,-246.73,-1410.6
140,90,1661.42,563.819,-354.095,-1287.73
145,90,1909.08,781.186,-461.18,-1133.3
150,90,2025.13,953.208,-566.365,-947.837
155,90,1970.37,1080.92,-663.678,-736.064
160,90,1724.74,1171.79,-741.389,-508.614
165,90,1296.55,1228.83,-783.18,-282.693
170,90,723.801,1243.07,-771.781,-80.5031
175,90,67.3133,1194.88,-693.711,74.7851
180,90,-600.95,1063.93,-543.38,164.451
0,95,869.51,15195.9,-69.6148,-1351.61
5,95,-1867.09,15320.5,-61.2441,-1348.63
10,95,-4405.18,15001.9,-20.6538,-1403.71
15,95,-6595.18,14288.1,51.8792,-1508.95
20,95,-8327.61,13254.9,149.05,-1647
25,95,-9543.24,11992,258.838,-1795.16
30,95,-10235.6,10590,368.448,-1930.95
35,95,-10445.6,9131.2,468.217,-2037.12
40,95,-10249.7,7684.42,553.898,-2104.71
45,95,-9743.78,6304.14,626.554,-2133.4
50,95,-9027.05,5030.95,690.486,-2129.55
55,95,-8188.75,3892.51,750.428,-2102.93
60,95,-7300.28,2904.27,809.316,-2063.64
65,95,-6412.72,2070.29,867.351,-2019.94
70,95,-5558.59,1384.61,922.281,-1977.52
75,95,-4755.8,833.554,970.343,-1939.67
80,95,-4012.08,399.002,1007.23,-1908.01
85,95,-3328.89,61.9844,1028.69,-1883.19
90,95,-2704.21,-193.937,1030.74,-1865.23
95,95,-2134.35,-380.137,1009.73,-1853.41
100,95,-1614.85,-501.689,962.587,-1845.94
105,95,-1140.63,-557.697,887.382,-1839.4
110,95,-705.568,-543.389,784.166,-1828.42
115,95,-301.852,-453.904,655.731,-1805.71
120,95,80.1018,-289.262,507.718,-1762.95
125,95,450.029,-59.1563,347.693,-1692.25
130,95,813.711,214.548,183.27,-1587.92
135,95,1166.89,499.796,20.0653,-1447.78
140,95,1489.7,761.475,-139.287,-1273.42
145,95,1745.42,971.585,-294.112,-1069.51
150,95,1886.64,1117.62,-442.759,-842.935
155,95,1868.36,1204.17,-579.239,-602.766
160,95,1663.57,1245.97,-691.537,-361.191
165,95,1274.49,1255.85,-763.062,-134.55
170,95,734.912,1234.87,-776.954,57.1311
175,95,103.004,1170.67,-721.406,193.069
180,95,-551.305,1045.55,-593.688,256.553
0,100,860.134,15020.2,-145.133,-2670.87
5,100,-2001.55,15110.5,118.152,-2667.8
10,100,-4649.43,14693.4,399.998,-2668.85
15,100,-6922.2,13829.3,690.899,-2674.37
20,100,-8704.27,12613.4,975.816,-2679.05
25,100,-9936.56,11159.1,1236.72,-2674.15
30,100,-10617.6,9581.52,1456.99,-2650.79
35,100,-10795.3,7983.53,1625.97,-2603.1
40,100,-10552.6,6448.23,1741.61,-2530.11
45,100,-9990.12,5035.47,1810.16,-2436
50,100,-9209.93,3782.61,1843.3,-2328.8
55,100,-8303.96,2707.62,1854.04,-2218.14
60,100,-7346.96,1813.16,1853.21,-2113.05
65,100,-6394.32,1090.72,1847.53,-2020.39
70,100,-5483.1,524.279,1839.36,-1944.27
75,100,-4635.02,93.4753,1827.66,-1886.24
80,100,-3860.18,-223.489,1809.22,-1846.01
85,100,-3160.9,-447.257,1779.66,-1822.1
90,100,-2534.95,-595.014,1734.12,-1812.29
95,100,-1977.94,-678.752,1667.59,-1813.59
100,100,-1484.55,-704.406,1575.33,-1821.85
105,100,-1048.62,-672.239,1453.7,-1831.15
110,100,-662.326,-578.777,1301.2,-1833.25
115,100,-314.944,-420.363,1119.67,-1817.76
120,100,7.62407,-197.971,914.769,-1773.34
125,100,321.211,77.954,695.376,-1690.03
130,100,638.642,384.721,471.531,-1562
135,100,962.345,689.013,251.737,-1389.58
140,100,1277.02,953.997,41.0351,-1179.36
145,100,1546.8,1150.21,-158.69,-942.329
150,100,1720.79,1265.43,-345.843,-691.076
155,100,1747.07,1307.81,-515.172,-438.113
160,100,1590.44,1299.43,-655.395,-196.133
165,100,1246.21,1263.11,-750.462,20.4131
170,100,743.823,1209.73,-784.373,194.489
175,100,139.53,1133.73,-747.229,308.141
180,100,-497.463,1019.21,-639.479,346.703
0,105,844.211,14730.3,-219.546,-3969.81
5,105,-2096.48,14786.8,316.73,-3960.27
10,105,-4810.19,14281.8,855.532,-3889.54
15,105,-7124.91,13285.9,1375.61,-3767.84
20,105,-8920.22,11911.2,1852.76,-3604.57
25,105,-10138.7,10292,2262.86,-3408.37
30,105,-10785.4,8564.68,2586.62,-3187.72
35,105,-10916.5,6850.9,2814.15,-2951.7
40,105,-10622.1,5246.46,2947.33,-2710.26
45,105,-10006.9,3816.22,2998.79,-2473.86
50,105,-9175.01,2594.78,2988.08,-2252.66
55,105,-8219.37,1591.46,2936.57,-2055.37
60,105,-7216.15,797.226,2862.98,-1888.32
65,105,-6223.11,191.768,2780.73,-1754.97
70,105,-5280.25,-250.721,2697.32,-1656
75,105,-4411.96,-557.452,2615.07,-1589.84
80,105,-3630.09,-754.372,2532.45,-1553.39
85,105,-2937.53,-864.371,2445.46,-1542.68
90,105,-2331.65,-905.937,2348.47,-1553.11
95,105,-1807.03,-892.124,2235,-1579.41
100,105,-1356.96,-830,2098.33,-1615.08
105,105,-973.592,-720.964,1932.59,-1651.66
110,105,-646.806,-562.393,1734.17,-1678.16
115,105,-362.693,-350.92,1503.35,-1681.29
120,105,-102.816,-87.1766,1245.42,-1647.09
125,105,154.158,219.093,970.5,-1563.93
130,105,427.277,545.654,691.402,-1426.19
135,105,724.888,858.775,420.182,-1236.84
140,105,1035.75,1120.2,164.945,-1007.3
145,105,1324.62,1298.81,-70.9849,-754.382
150,105,1536.87,1382.2,-286.517,-495.601
155,105,1613.23,1381.56,-478.166,-245.874
160,105,1509.72,1325.93,-636.548,-17.227
165,105,1214.17,1247.65,-746.984,178.844
170,105,751.616,1166.96,-794.608,329.017
175,105,177.037,1084.38,-771.287,418.417
180,105,-439.836,985.118,-680.402,434.214
0,110,821.864,14328.2,-292.288,-5238.53
5,110,-2149.36,14353.4,526.774,-5216.66
10,110,-4883.36,13776.2,1330.2,-5059.45
15,110,-7199.29,12674.8,2082.54,-4788.04
20,110,-8973.42,11174.8,2749.09,-4428.59
25,110,-10151.2,9427.31,3299.77,-4009.75
30,110,-10745,7586,3713.97,-3560.36
35,110,-10819.5,5787.69,3984.61,-3107.34
40,110,-10471.8,4138.37,4119.44,-2673.96
45,110,-9810.57,2706.79,4138.82,-2278.63
50,110,-8941.34,1525.31,4070.73,-1934.24
55,110,-7956.87,596.215,3944.84,-1648.17
60,110,-6933.2,-98.9879,3787.48,-1422.8
65,110,-5928.46,-590.384,3618.58,-1256.46
70,110,-4983.46,-912.278,3450.8,-1144.65
75,110,-4123.41,-1098.4,3290.08,-1081.24
80,110,-3360.53,-1179.23,3136.99,-1059.41
85,110,-2697.48,-1180.74,2988.14,-1072.2
90,110,-2130.8,-1123.53,2837.33,-1112.63
95,110,-1653.73,-1022.35,2676.54,-1173.3
100,110,-1257.96,-885.594,2496.88,-1245.61
105,110,-933.714,-715.571,2289.95,-1318.84
110,110,-668.662,-509.809,2049.7,-1379.47
115,110,-446.224,-264.119,1774.61,-1411.59
120,110,-244.632,22.5928,1469.51,-1398.83
125,110,-38.3985,342.71,1145.82,-1328.13
130,110,196.391,675.682,819.392,-1194.15
135,110,473.009,988.193,506.195,-1002.43
140,110,783.903,1240.88,217.631,-769.053
145,110,1094.61,1400.82,-41.6989,-516.172
150,110,1347.26,1454.81,-271.931,-265.549
155,110,1475.58,1416.23,-472.516,-33.5309
160,110,1426.86,1320.05,-637.206,169.633
165,110,1181.28,1207.19,-753.532,336.421
170,110,759.501,1106.29,-807.936,457.876
175,110,215.699,1023.18,-793.615,522.331
180,110,-378.861,943.525,-716.147,518.42
0,115,793.262,13817.2,-362.806,-6467.39
5,115,-2159.11,13814.9,740.271,-6428.28
10,115,-4867.75,13185.1,1807.94,-6174.04
15,115,-7145.64,12010.7,2788.4,-5737.27
20,115,-8867.58,10426.7,3635.35,-5162.12
25,115,-9982.68,8595.69,4312.94,-4498.97
30,115,-10510.4,6683.91,4800.61,-3798.92
35,115,-10523.5,4838.62,5096.05,-3108.66
40,115,-10125,3172.63,5214.81,-2466.46
45,115,-9427.26,1757.01,5186.38,-1899.86
50,115,-8536.47,622.079,5047.82,-1425.14
55,115,-7544.81,-234.951,4837.13,-1048.25
60,115,-6527.05,-839.29,4587.87,-766.923
65,115,-5539.97,-1227.97,4326.06,-573.236
70,115,-4623.03,-1441.68,4069.14,-456.229
75,115,-3800.02,-1519.56,3826.47,-404.023
80,115,-3081.71,-1496.54,3600.63,-405.219
85,115,-2469.16,-1402.1,3388.86,-449.481
90,115,-1957.31,-1259.63,3184.36,-527.371
95,115,-1537.77,-1085.99,2977.51,-629.588
100,115,-1200.57,-891.054,2757.16,-745.805
105,115,-934.408,-677.723,2512.29,-863.412
110,115,-725.513,-443.089,2234.41,-966.694
115,115,-555.905,-181.336,1920.31,-1037.24
120,115,-402.154,111.278,1574.54,-1056.31
125,115,-236.454,430.23,1210.05,-1009.27
130,115,-31.6553,757.598,845.952,-890.971
135,115,229.398,1061.31,502.27,-709.361
140,115,542.601,1301.51,193.622,-484.93
145,115,874.831,1443.58,-74.5248,-244.936
150,115,1166.01,1473.16,-304.36,-14.8747
155,115,1343.93,1404.77,-499.435,188.205
160,115,1347.87,1277.88,-657.845,356.735
165,115,1150.67,1140.4,-770.168,488.03
170,115,768.727,1028.02,-824.299,578.047
175,115,255.698,950.903,-814.167,618.379
180,115,-315.003,894.751,-746.442,598.681
0,120,758.623,13200.9,-430.563,-7647.02
5,120,-2126.07,13176.4,949.173,-7587.02
10,120,-4764.96,12516.5,2272.9,-7230.24
15,120,-6968.26,11305.9,3470.88,-6620.68
20,120,-8611.36,9684.08,4484.44,-5820.79
25,120,-9647.46,7820.01,5272.18,-4903.3
30,120,-10102.2,5886.36,5814.7,-3942.3
35,120,-10054.7,4035.79,6116.07,-3004.99
40,120,-9612.59,2384.22,6201.27,-2145.41
45,120,-8890.38,1003.02,6110.14,-1400.89
50,120,-7994.63,-79.4398,5889.55,-791.504
55,120,-7016.4,-869.369,5585.98,-321.994
60,120,-6028.52,-1395.93,5239.98,14.6763
65,120,-5085.19,-1700.11,4883.09,233.068
70,120,-4222.82,-1826.38,4536.93,351.191
75,120,-3461.84,-1817.48,4213.68,387.299
80,120,-2809.69,-1711.74,3917.42,357.886
85,120,-2264.39,-1541.79,3645.64,276.981
90,120,-1818.29,-1333.73,3390.7,156.508
95,120,-1460.98,-1106.53,3141.23,7.46912
100,120,-1181.03,-871.453,2883.78,-158.396
105,120,-966.306,-631.895,2604.81,-326.891
110,120,-802.857,-384.388,2293.61,-480.239
115,120,-672.968,-121.414,1945.63,-597.487
120,120,-553.504,163.523,1565.51,-657.297
125,120,-416.312,469.266,1168.08,-643.206
130,120,-232.666,781.1,775.95,-549.924
135,120,17.4324,1069.09,413.154,-387.644
140,120,333.139,1293.85,97.3277,-181.145
145,120,683.37,1419.82,-165.666,37.3819
150,120,1007.21,1431.38,-380.817,238.97
155,120,1228.13,1343.24,-556.775,406.306
160,120,1278.76,1197.56,-697.045,535.086
165,120,1125.41,1047.18,-796.052,628.053
170,120,780.488,933.056,-843.304,686.463
175,120,297.2,868.594,-832.818,705.16
180,120,-248.748,839.168,-771.056,674.386
0,125,718.21,12484.2,-495.043,-8768.46
5,125,-2052.03,12443.4,1145.65,-8685.37
10,125,-4579.27,11777.3,2709.88,-8226.1
15,125,-6675.01,10569.3,4109.23,-7445.3
20,125,-8217.45,8958.39,5272.32,-6423.12
25,125,-9164.05,7113.96,6152.41,-5254
30,125,-9545.19,5209.18,6731.93,-4034.51
35,125,-9443.74,3396.88,7022.31,-2851.99
40,125,-8969.65,1792.26,7059.02,-1776
45,125,-8237.94,465.09,6893.16,-853.671
50,125,-7354.31,-558.388,6581.99,-109.141
55,125,-6408.06,-1286.49,6180.71,453.707
60,125,-5469.51,-1750.08,5736.66,846.277
65,125,-4589.56,-1991.48,5286.44,1089.46
70,125,-3800.62,-2056.34,4855.07,1208.16
75,125,-3118.65,-1988.74,4456.77,1226.99
80,125,-2546.58,-1828.57,4096.35,1167.63
85,125,-2078.38,-1610.16,3770.92,1047.87
90,125,-1703.06,-1361.3,3471.58,882.112
95,125,-1407.89,-1102.43,3185.03,682.975
100,125,-1180.19,-845.885,2895.47,463.475
105,125,-1007.72,-595.676,2587.05,239.324
110,125,-877.509,-348.257,2247.15,30.4298
115,125,-773.651,-95.1351,1870.29,-139.497
120,125,-675.05,172.215,1461.65,-246.203
125,125,-554.967,455.63,1038.3,-271.075
130,125,-384.651,743.855,626.475,-208.474
135,125,-142.333,1010.04,254.211,-70.677
140,125,174.059,1216.61,-58.0868,113.358
145,125,536.048,1328.24,-304.53,306.627
150,125,883.311,1328.44,-493.424,476.845
155,125,1136.98,1231.27,-639.198,606.618
160,125,1224.92,1079.64,-751.566,695.12
165,125,1108.24,928.844,-829.477,750.738
170,125,795.83,822.994,-864.241,780.164
175,125,340.342,777.503,-849.372,781.424
180,125,-180.6,777.198,-789.801,744.958
0,130,672.331,11672.5,-555.755,-9823.16
5,130,-1940.12,11621.8,1322.33,-9716.38
10,130,-4317.44,10973.3,3104.78,-9160.3
15,130,-6276.79,9806.28,4684.79,-8219
20,130,-7701.57,8254.43,5978.45,-6988.63
25,130,-8553.51,6481.57,6933.89,-5583.54
30,130,-8865.81,4655.56,7535.55,-4120.99
35,130,-8722.33,2924.41,7802.45,-2706.95
40,130,-8232.29,1399.18,7780.8,-1425.49
45,130,-7508.76,146.341,7533.28,-333.04
50,130,-6654.84,-810.147,7127.85,542.173
55,130,-5756.91,-1479.74,6628.46,1196.62
60,130,-4882,-1893.4,6089.13,1645.3
65,130,-4077.32,-2092.85,5550.96,1914.58
70,130,-3371.08,-2122.78,5041.69,2035.5
75,130,-2774.72,-2026.38,4576.7,2038.5
80,130,-2286.65,-1842.86,4160.73,1950.15
85,130,-1896.74,-1606.18,3789.9,1791.89
90,130,-1590.64,-1344.06,3453.63,1580.64
95,130,-1353.3,-1077.13,3136.56,1330.66
100,130,-1170.95,-818.283,2820.62,1056.34
105,130,-1031.63,-572.283,2487.84,775.04
110,130,-923.992,-336.298,2124.02,508.956
115,130,-834.831,-102.045,1723.11,284.738
120,130,-746.214,139.843,1291.16,129.693
125,130,-634.115,393.441,847.743,64.6607
130,130,-471.117,650.974,422.778,95.6698
135,130,-234.874,889.555,48.1884,208.455
140,130,78.9304,1074.92,-253.084,370.08
145,130,444.637,1173.38,-475.35,539.008
150,130,803.791,1168.25,-630.419,679.855
155,130,1077.28,1072.27,-738.741,775.18
160,130,1190.56,927.168,-816.63,827.489
165,130,1101.27,788.133,-868.004,850.604
170,130,815.557,700.076,-886.139,856.477
175,130,385.206,679.086,-863.575,846.12
180,130,-111.077,709.313,-802.536,809.86
0,135,621.336,10771.9,-612.238,-10803.1
5,135,-1794.71,10717.6,1472.52,-10673.6
10,135,-3988.4,10109,3444.95,-10031.8
15,135,-5787.01,9018.78,5181.24,-8949.37
20,135,-7081.52,7570.67,6585.83,-7535.94
25,135,-7837.96,5917.53,7601.91,-5922.75
30,135,-8090.38,4216.48,8215.64,-4244.81
35,135,-7920.57,2606.3,8452.99,-2624.26
40,135,-7433.78,1191.06,8370.33,-1157.95
45,135,-6738.23,32.6676,8041.45,89.2141
50,135,-5932.07,-847.205,7544.7,1084.95
55,135,-5097,-1458.39,6952.6,1825.47
60,135,-4295.73,-1830.85,6325.4,2328.33
65,135,-3571.43,-2004.39,5708.21,2624.19
70,135,-2948.43,-2021.34,5130.76,2749.14
75,135,-2434.53,-1922.26,4608.83,2738.63
80,135,-2024.75,-1743.77,4146.49,2623.64
85,135,-1705.91,-1517.36,3738.44,2429.15
90,135,-1461.16,-1268.78,3372.28,2174.66
95,135,-1273.62,-1017.45,3030.6,1876.34
100,135,-1128.65,-775.959,2693.31,1550.2
105,135,-1014.55,-549.73,2340.62,1215.42
110,135,-921.572,-337.22,1957.05,896.499
115,135,-839.257,-131.353,1536.31,622.879
120,135,-753.158,76.9883,1085.53,424.592
125,135,-642.682,293.328,626.81,324.333
130,135,-482.864,513.23,193.604,328.281
135,135,-252.09,718.412,-178.623,420.258
140,135,55.1484,879.157,-464.72,563.788
145,135,415.776,964.781,-659.32,713.424
150,135,774.188,959.126,-777.576,831.148
155,135,1053.14,873.131,-845.677,899.493
160,135,1178.25,745.63,-886.39,923.861
165,135,1105.82,629.176,-908.676,922.871
170,135,840.163,567.152,-907.843,913.178
175,135,431.812,574.968,-875.128,898.435
180,135,-40.7083,636.03,-809.163,868.599
0,140,565.611,9789.36,-664.061,-11700.8
5,140,-1621.3,9737.12,1590.43,-11550.8
10,140,-3602.98,9188,3719.47,-10839.2
15,140,-5221.05,8205.49,5584.81,-9642.71
20,140,-6376.38,6899.82,7080.79,-8081.05
25,140,-7039.34,5408.06,8146.01,-6298.32
30,140,-7243.03,3871.98,8767.56,-4443.35
35,140,-7064.34,2417.44,8976.99,-2651.21
40,140,-6601.3,1139.27,8839.21,-1029.34
45,140,-5954.23,93.9617,8437.81,349.926
50,140,-5213.7,-698.841,7860.49,1450.26
55,140,-4454.68,-1248.62,7187.56,2266.87
60,140,-3734.28,-1583.48,6484.87,2818.71
65,140,-3091.21,-1740.52,5800.85,3139.4
70,140,-2546.48,-1758.85,5166.58,3268.92
75,140,-2105.55,-1675.43,4597.76,3246.84
80,140,-1761.79,-1523.03,4097.41,3108.12
85,140,-1500.83,-1329.4,3658.73,2881.18
90,140,-1304.79,-1116.92,3267.65,2588.33
95,140,-1156,-902.527,2905.07,2248.02
100,140,-1039.33,-697.62,2549.3,1878.15
105,140,-943.25,-507.778,2179.21,1499.79
110,140,-859.078,-332.646,1778.53,1139.48
115,140,-778.539,-166.646,1340.99,828.747
120,140,-690.311,-1.42914,874.969,599.455
125,140,-577.396,169.463,404.88,475.252
130,140,-418.101,344.691,-32.8263,461.938
135,140,-192.855,510.828,-399.877,541.527
140,140,103.743,643.453,-669.511,674.757
145,140,450.616,715.836,-836.807,813.331
150,140,795.685,712.964,-919.785,917.411
155,140,1065.55,643.707,-949.538,969.623
160,140,1188.66,542.57,-954.511,977.635
165,140,1122.24,457.293,-948.297,963.832
170,140,869.795,427.581,-928.109,948.65
175,140,480.107,466.897,-883.707,937.825
180,140,29.9699,557.907,-809.632,920.727
0,145,505.582,8732.31,-710.831,-12509.5
5,145,-1426.33,8687.1,1671.31,-12342.5
10,145,-3173.59,8212.85,3919.4,-11580.5
15,145,-4595.86,7362.53,5884.37,-10303.1
20,145,-5605.92,6229.85,7452.71,-8635.76
25,145,-6178.64,4932.48,8558.93,-6730.57
30,145,-6344.76,3593.19,9190,-4745.47
35,145,-6173.77,2322.08,9380.9,-2824.61
40,145,-5753.71,1203,9202.61,-1083.48
45,145,-5174.18,286.563,8746.18,399.297
50,145,-4515.68,-409.308,8106.79,1583.34
55,145,-3844.47,-892.98,7371.18,2462.06
60,145,-3210.73,-1189.92,6609.79,3054.54
65,145,-2648.27,-1333.86,5873.67,3396.16
70,145,-2175.26,-1360.2,5194.82,3529.6
75,145,-1796.03,-1301.92,4588.61,3497.8
80,145,-1504.05,-1187.58,4057.06,3339.21
85,145,-1285.59,-1040.69,3592.14,3085.63
90,145,-1123.53,-879.768,3178.51,2762.38
95,145,-1000.66,-718.668,2795.93,2390.47
100,145,-902.091,-566.841,2421.78,1989.92
105,145,-816.507,-429.223,2034.27,1583.57
110,145,-735.836,-305.92,1617,1199.41
115,145,-653.206,-192.314,1164.27,869.998
120,145,-559.724,-80.6062,685.728,627.65
125,145,-441.759,36.5015,207.694,495.687
130,145,-281.371,160.52,-231.384,478.798
135,145,-62.1479,282.725,-591.657,557.349
140,145,219.923,384.152,-845.72,690.329
145,145,545.037,442.468,-989.309,828.034
150,145,865.103,444.197,-1042.59,929.945
155,145,1112.34,396.013,-1040.18,979.036
160,145,1220.47,327.102,-1014.81,984.497
165,145,1149.89,278.703,-983.739,971.172
170,145,904.235,285.082,-945.717,962.009
175,145,529.961,356.695,-888.981,964.049
180,145,100.42,475.537,-803.939,965.849
0,150,441.705,7608.81,-752.19,-13223
5,150,-1216.95,7574.45,1711.64,-13043.3
10,150,-2713.86,7185.65,4037.98,-12253.1
15,150,-3929.52,6484.13,6071.44,-10931.9
20,150,-4790.23,5545.32,7693.52,-9206.52
25,150,-5275.61,4465.1,8835.41,-7231.8
30,150,-5413.06,3344.83,9482.74,-5169.42
35,150,-5262.93,2276.82,9671.21,-3168.28
40,150,-4901.07,1332.71,9474.55,-1349.13
45,150,-4404.22,556.808,8987.99,204.435
50,150,-3840.84,-34.3938,8311.51,1447.97
55,150,-3266.91,-447.476,7536.27,2372.27
60,150,-2724.67,-704.484,6736.11,2995.49
65,150,-2242.61,-835.14,5964.07,3353.51
70,150,-1836.25,-870.689,5252.91,3490.74
75,150,-1509.56,-839.96,4617.87,3452.63
80,150,-1257.26,-767.414,4060.4,3280.58
85,150,-1067.7,-672.586,3571.7,3009.44
90,150,-925.875,-570.364,3135.79,2667.44
95,150,-816.315,-471.576,2731.94,2278.16
100,150,-725.276,-383.445,2337.34,1863.74
105,150,-642.088,-309.589,1930.42,1448.54
110,150,-559.189,-249.617,1495.51,1061.31
115,150,-470.597,-198.88,1028.1,734.524
120,150,-369.218,-149.384,539.238,499.491
125,150,-244.4,-92.7088,56.4559,377.858
130,150,-82.1272,-24.6603,-381.173,372.47
135,150,130.103,50.3476,-733.896,462.294
140,150,393.932,118.501,-974.955,605.757
145,150,690.231,161.846,-1101.03,753.383
150,150,975.254,168.625,-1133.52,865.278
155,150,1188.29,143.32,-1108.79,925.102
160,150,1270.47,109.282,-1061.87,942.799
165,150,1187.19,100.166,-1012.25,944.181
170,150,942.929,143.571,-959.574,953.187
175,150,581.174,246.199,-890.63,977.174
180,150,170.106,389.548,-792.128,1003.62
0,155,374.467,6427.4,-787.825,-13835.8
5,155,-1000.87,6406.42,1709.2,-13648.2
10,155,-2238.33,6108.35,4070.73,-12852.8
15,155,-3240.94,5563.64,6140.19,-11526.8
20,155,-3949.6,4828.95,7797.37,-9793.68
25,155,-4348.97,3977.48,8971.22,-7805.22
30,155,-4462.61,3088.02,9644.75,-5721.44
35,155,-4340.8,2233.99,9851.4,-3691.42
40,155,-4045.97,1473.91,9663.66,-1838.08
45,155,-3640.71,845.347,9176.93,-248.521
50,155,-3180.32,363.381,8492.57,1028.96
55,155,-2709.62,23.6588,7703.77,1981.95
60,155,-2262.28,-191.763,6886.38,2626.6
65,155,-1861.2,-307.881,6095.01,2998.22
70,155,-1519.17,-351.25,5363.37,3141.9
75,155,-1239.99,-346.327,4707.17,3104.61
80,155,-1020.03,-313.606,4127.99,2929.79
85,155,-850.298,-269.12,3617.01,2654.56
90,155,-718.741,-224.762,3158.21,2309.45
95,155,-612.511,-188.888,2731.06,1920.16
100,155,-519.874,-166.752,2313.32,1510.68
105,155,-431.482,-160.464,1884.54,1106.53
110,155,-340.618,-168.51,1430.68,736.721
115,155,-242.159,-185.336,949.063,432.747
120,155,-130.515,-201.953,452.143,223.813
125,155,2.27234,-208.377,-32.2076,128.891
130,155,166.335,-197.805,-465.904,148.514
135,155,369.948,-170.793,-811.157,260.632
140,155,611.886,-136.521,-1043.25,424.314
145,155,873.426,-108.839,-1160.08,591.881
150,155,1115.53,-97.7469,-1183.22,725.307
155,155,1285.66,-100.805,-1148.73,809.269
160,155,1333.87,-100.574,-1091.6,853.705
165,155,1231.75,-71.4258,-1031.72,883.854
170,155,985.043,6.95995,-968.803,922.973
175,155,633.477,137.199,-888.367,977.578
180,155,238.497,300.595,-774.288,1033.75
0,160,304.378,5197.07,-817.464,-14343.3
5,160,-786.079,5190.71,1663.15,-14152.5
10,160,-1762.06,4983.2,4015.63,-13374.8
15,160,-2549.61,4594.53,6087.46,-12082.4
20,160,-3104.64,4063.34,7760.4,-10391.1
25,160,-3417.02,3440.76,8962.4,-8444.48
30,160,-3506.62,2783.25,9672.8,-6395.23
35,160,-3413.51,2145.08,9919.72,-4388
40,160,-3186.56,1571.18,9770.18,-2544.57
45,160,-2873.99,1091.79,9315.3,-953.756
50,160,-2517.77,720.285,8653.98,332.814
55,160,-2151.4,454.605,7878.78,1299.12
60,160,-1799.92,281.346,7066.16,1958.47
65,160,-1480.42,180.877,6271.99,2344.49
70,160,-1202.75,131.936,5531.4,2501.67
75,160,-970.234,114.828,4861.39,2477.21
80,160,-780.626,113.06,4264.57,2315.22
85,160,-627.487,113.776,3732.9,2053.78
90,160,-501.809,107.478,3251.05,1724.59
95,160,-393.729,87.5724,2799.34,1354.65
100,160,-294.072,50.1525,2356.83,969.187
105,160,-195.436,-5.74076,1905.05,594.529
110,160,-92.506,-77.4667,1432.33,259.555
115,160,18.6312,-158.268,938.164,-5.63327
120,160,141.94,-237.755,436.171,-174.424
125,160,282.747,-304.147,-46.4854,-230.883
130,160,447.401,-348.129,-474.35,-176.76
135,160,640.008,-366.815,-813.341,-34.5144
140,160,856.5,-365.26,-1041.96,156.686
145,160,1078.71,-353.519,-1159.43,352.255
150,160,1272.7,-339.806,-1186.32,517.024
155,160,1394.78,-323.439,-1156.24,636.917
160,160,1404.66,-292.577,-1101.68,721.137
165,160,1280.64,-229.466,-1040.92,792.869
170,160,1029.55,-121.036,-972.821,872.995
175,160,686.549,31.3768,-881.944,965.939
180,160,305.073,209.353,-750.555,1056.02
0,165,231.973,3927.19,-840.881,-14741.7
5,165,-580.605,3935.43,1574.11,-14551.9
10,165,-1300.29,3813.18,3873.11,-13812.8
15,165,-1875.37,3571.39,5912.87,-12589.5
20,165,-2276.37,3232.68,7580.7,-10986.4
25,165,-2498.55,2828.09,8805.1,-9133.79
30,165,-2558.61,2393.29,9560.95,-7172.08
35,165,-2487.23,1964.19,9868.3,-5236.96
40,165,-2320.61,1572.04,9784.69,-3445.64
45,165,-2093.48,1239.19,9392.55,-1886.51
50,165,-1835.22,976.698,8784.51,-613.62
55,165,-1568.64,784.461,8049.69,353.338
60,165,-1310.42,653.661,7263.73,1024.04
65,165,-1071.88,570.379,6483.46,1429.2
70,165,-859.588,519.104,5745.89,1611.2
75,165,-675.831,485.258,5070.11,1615.75
80,165,-519.102,456.509,4460.62,1485.91
85,165,-384.9,423.083,3911.02,1259.09
90,165,-266.813,377.545,3407.43,966.714
95,165,-157.76,314.547,2931.8,635.991
100,165,-51.1844,230.917,2465.29,292.618
105,165,58.0777,126.246,1992.02,-36.7545
110,165,173.508,3.79306,1503.08,-323.63
115,165,297.346,-128.852,1000.11,-539.399
120,165,431.572,-260.188,497.176,-659.937
125,165,578.717,-376.921,19.54,-672.015
130,165,741.431,-467.591,-401.446,-579.039
135,165,919.957,-526.308,-736.712,-403.004
140,165,1107.84,-554.39,-968.684,-180.297
145,165,1287.95,-558.293,-1097.68,48.5468
150,165,1431.85,-544.326,-1142.04,251.864
155,165,1504.87,-513.145,-1130.86,416.91
160,165,1476.27,-457.895,-1091.79,551.506
165,165,1330.65,-368.032,-1039.6,675.454
170,165,1075.32,-237.096,-971.372,805.658
175,165,740.027,-69.7502,-871.163,943.204
180,165,369.327,116.519,-721.11,1070.24
0,170,157.803,2627.42,-857.899,-15027.9
5,170,-392.298,2649.18,1444.1,-14842.8
10,170,-868.096,2602.42,3646.13,-14160
15,170,-1238.13,2490.98,5618.88,-13036.1
20,170,-1486.46,2324.38,7258.6,-11561.4
25,170,-1613.73,2116.86,8495.94,-9848.71
30,170,-1634.39,1886.07,9301.02,-8021.82
35,170,-1571.35,1651.23,9683.7,-6203.33
40,170,-1449.95,1430.47,9688.75,-4502.49
45,170,-1293.29,1237.88,9386.15,-3004.9
50,170,-1119.73,1081.39,8858.72,-1765.75
55,170,-942.582,962.123,8189.56,-808.178
60,170,-770.848,875.411,7451.92,-126.802
65,170,-610.237,812.897,6703.01,304.836
70,170,-463.776,764.826,5981.83,525.255
75,170,-332.096,721.8,5310.06,576.743
80,170,-213.623,675.677,4694.81,499.428
85,170,-104.951,619.765,4132.11,328.35
90,170,-1.48681,548.649,3610.42,93.3035
95,170,101.691,458.119,3114.22,-179.411
100,170,208.947,345.505,2627.51,-464.471
105,170,323.4,210.531,2137.47,-735.507
110,170,446.641,56.4384,1637.95,-964.733
115,170,578.989,-109.195,1132.13,-1125.01
120,170,720.116,-274.725,633.472,-1194.26
125,170,869.553,-426.313,164.083,-1161.13
130,170,1026.34,-551.19,-249.917,-1029.62
135,170,1187.32,-641.054,-585.173,-820.14
140,170,1344.36,-693.798,-828.126,-565.387
145,170,1482.02,-712.316,-979.607,-301.163
150,170,1577.59,-700.784,-1054.49,-55.2493
155,170,1605,-660.674,-1075.6,160.936
160,170,1542.12,-589.292,-1063.75,353.293
165,170,1378.64,-482.229,-1028.52,537.145
170,170,1121.25,-338.458,-964.535,724.03
175,170,793.527,-164.881,-855.881,910.554
180,170,430.771,22.7976,-686.177,1076.33
0,175,82.4316,1307.65,-868.388,-15199.7
5,175,-228.566,1341.06,1276.5,-15021.9
10,175,-479.967,1356.53,3340.16,-14408.7
15,175,-657.546,1353.01,5211,-13408
20,175,-757.212,1330.56,6797.1,-12093.3
25,175,-784.778,1290.81,8032.91,-10557.5
30,175,-753.664,1237.17,8883.97,-8904.42
35,175,-681.136,1174.84,9348.84,-7240.05
40,175,-584.322,1110.02,9457.33,-5662.63
45,175,-477.211,1048.53,9264.27,-4252.52
50,175,-369.359,994.388,8839.97,-3064.53
55,175,-266.156,948.896,8259.14,-2124.74
60,175,-169.945,910.56,7590.93,-1432.57
65,175,-81.195,875.804,6891.89,-967.117
70,175,0.765416,840.03,6202.53,-695.496
75,175,77.4881,798.556,5547.14,-580.726
80,175,151.381,747.144,4935.87,-587.349
85,175,225.627,682.094,4367.84,-684.107
90,175,303.889,600.156,3834.76,-843.98
95,175,389.781,498.554,3324.54,-1042.49
100,175,486.239,375.406,2824.71,-1255.5
105,175,594.949,230.599,2325.72,-1457.62
110,175,716.016,66.9244,1823.77,-1622.23
115,175,847.995,-109.031,1322.65,-1723.74
120,175,988.242,-286.882,834.042,-1741.67
125,175,1133.29,-453.779,375.791,-1665.59
130,175,1278.8,-596.938,-31.8647,-1498.88
135,175,1418.83,-706.476,-371.347,-1259.26
140,175,1544.36,-777.208,-632.665,-974.864
145,175,1642.22,-808.445,-816.34,-676.247
150,175,1695.3,-801.956,-932.67,-387.044
155,175,1685.11,-759.481,-996.829,-117.336
160,175,1596.34,-681.538,-1021.34,136.491
165,175,1421.89,-568.471,-1009.38,384.47
170,175,1166.39,-423.069,-952.686,631.688
175,175,846.652,-252.974,-836.004,869.348
180,175,488.936,-71.0972,-646.022,1074.22
0,180,6.4329,-22.0631,-872.268,-15255.8
5,180,-96.1501,20.6752,1075.99,-15086.6
10,180,-149.427,82.8619,2963.13,-14551.6
15,180,-152.66,160.831,4697.93,-13689.2
20,180,-111.391,249.211,6202.54,-12556
25,180,-36.2512,341.724,7416.72,-11223.2
30,180,59.0627,432.077,8302.17,-9772.3
35,180,160.425,514.878,8846.12,-8290.58
40,180,255.916,586.326,9062.67,-6862.67
45,180,337.668,644.433,8990.2,-5561.43
50,180,402.415,688.681,8684.82,-4439.72
55,180,450.781,719.294,8210.99,-3525.81
60,180,485.874,736.509,7631.92,-2824.12
65,180,511.881,740.139,7001.9,-2320.31
70,180,533.126,729.532,6361.86,-1988.57
75,180,553.71,703.761,5738.17,-1798.77
80,180,577.509,661.839,5143.99,-1721.47
85,180,608.268,602.81,4582.04,-1730.24
90,180,649.569,525.753,4048,-1801.64
95,180,704.603,429.83,3533.87,-1913.69
100,180,775.759,314.557,3031.13,-2044.11
105,180,864.134,180.379,2533.41,-2169.16
110,180,969.084,29.4971,2038.67,-2263.96
115,180,1087.99,-133.329,1550.36,-2304.67
120,180,1216.33,-300.407,1077.37,-2272.18
125,180,1348.06,-461.554,632.665,-2156.29
130,180,1476.09,-605.468,230.506,-1958.85
135,180,1592.41,-721.688,-116.847,-1693.95
140,180,1687.94,-802.432,-402.198,-1384.43
145,180,1752.07,-843.536,-624.911,-1055.11
150,180,1772.66,-844.221,-789.876,-725.145
155,180,1737.06,-806.019,-903.781,-403.178
160,180,1634.37,-731.666,-969.993,-88.0244
165,180,1458.33,-624.666,-984.626,224.571
170,180,1209.98,-489.672,-936.43,532.536
175,180,899.004,-333.274,-811.484,821.07
180,180,543.38,-164.451,-600.95,1063.93
0,185,-69.6148,-1351.61,-869.51,-15195.9
5,185,-0.90177,-1301.91,848.437,-15035.3
10,185,111.372,-1209.38,2525.29,-14581.2
15,185,258.645,-1078.12,4091.69,-13863.5
20,185,428.255,-914.998,5485.23,-12921.8
25,185,605.283,-729.277,6652.35,-11805.4
30,185,774.466,-532.125,7552.1,-10573.2
35,185,922.274,-335.554,8161.38,-9292.1
40,185,1038.89,-150.802,8479.3,-8031.66
45,185,1119.53,13.3188,8528.03,-6855.51
50,185,1164.62,151.382,8348.94,-5812.98
55,185,1178.78,261.25,7995.03,-4933.64
60,185,1169.22,343.135,7521.78,-4226.66
65,185,1144,398.423,6979.32,-3684.68
70,185,1110.85,428.772,6407.34,-3289.84
75,185,1076.58,435.71,5833.19,-3019.8
80,185,1047.01,420.618,5272.63,-2852.01
85,185,1027.08,384.86,4732.04,-2765.51
90,185,1021.02,329.872,4211.34,-2740.94
95,185,1032.34,257.133,3706.9,-2759.3
100,185,1063.71,168.087,3214.09,-2800.65
105,185,1116.45,64.146,2729.38,-2843.42
110,185,1190.02,-53.0647,2251.87,-2864.95
115,185,1281.47,-181.141,1784.01,-2843.49
120,185,1385.29,-316.106,1331.52,-2761.36
125,185,1493.83,-451.725,902.465,-2608.42
130,185,1598.25,-579.416,505.641,-2384.55
135,185,1689.54,-689.131,148.764,-2099.7
140,185,1759.22,-771.18,-162.945,-1770.87
145,185,1799.16,-818.376,-427.061,-1416.64
150,185,1800.99,-827.569,-642.669,-1051.3
155,185,1755.58,-799.81,-807.72,-681.736
160,185,1653.54,-739.078,-916.232,-309.147
165,185,1486.88,-650.31,-957.177,64.7985
170,185,1251.57,-537.873,-916.506,430.604
175,185,950.198,-405.329,-782.308,767.26
180,185,593.688,-256.553,-551.305,1045.55
0,190,-145.133,-2670.87,-860.134,-15020.2
5,190,52.4124,-2616.23,600.681,-14867
10,190,292.062,-2509.13,2039.05,-14491.4
15,190,560.239,-2352.23,3407.66,-13915.4
20,190,839.806,-2150.32,4660.15,-13163.3
25,190,1112.22,-1911.05,5750.66,-12263.6
30,190,1359.53,-1645.68,6637.12,-11253.4
35,190,1566.46,-1368.67,7288.05,-10179.3
40,190,1722.46,-1095.75,7689.55,-9095.15
45,190,1823,-841.088,7849.09,-8054.21
50,190,1869.76,-615.014,7794.05,-7101.1
55,190,1869.47,-423.156,7565.45,-6265.55
60,190,1831.99,-267.102,7209.64,-5560.79
65,190,1768.36,-145.858,6770.65,-4986.17
70,190,1689.29,-57.2445,6284.99,-4531.85
75,190,1604.28,1.29515,5779.53,-4183.6
80,190,1521.35,32.5067,5271.64,-3926.05
85,190,1447.1,39.4689,4770.86,-3744.04
90,190,1386.92,25.6916,4281.04,-3622.56
95,190,1345.27,-5.08464,3802.54,-3545.84
100,190,1325.59,-49.4262,3334.19,-3496.58
105,190,1330.08,-104.882,2874.78,-3455.67
110,190,1358.99,-170.397,2424.11,-3402.97
115,190,1409.97,-246.039,1983.52,-3319.17
120,190,1477.66,-331.803,1555.86,-3188.34
125,190,1554.2,-425.816,1145,-3000.69
130,190,1630.46,-522.804,755.197,-2754.28
135,190,1697.69,-613.912,390.534,-2454.86
140,190,1748.56,-688.482,54.905,-2113.31
145,190,1776.96,-737.243,-247.227,-1741.52
150,190,1776.54,-755.328,-509.273,-1348.46
155,190,1738.99,-743.308,-720.817,-938.906
160,190,1653.38,-705.494,-866.984,-516.182
165,190,1507.49,-646.484,-930.058,-87.6945
170,190,1291.04,-568.134,-893.666,329.838
175,190,999.856,-468.994,-748.487,709.45
180,190,639.479,-346.703,-497.463,1019.21
0,195,-219.546,-3969.81,-844.211,-14730.3
5,195,60.2812,-3911.54,340.386,-14582.1
10,195,384.448,-3803.61,1518.7,-14277.2
15,195,738.453,-3645.86,2664.5,-13831.3
20,195,1103.26,-3438.08,3747.27,-13255.5
25,195,1457.5,-3182.39,4729.56,-12560
30,195,1779.69,-2885.83,5569.93,-11761.9
35,195,2050.94,-2561.36,6231,-10889
40,195,2257.58,-2226.1,6688.75,-9979.81
45,195,2393.02,-1897.78,6938.56,-9077.15
50,195,2458.14,-1591.19,6995.38,-8219.94
55,195,2460.05,-1316.17,6888.69,-7436.94
60,195,2409.95,-1077.59,6654.91,-6744.31
65,195,2320.89,-876.644,6330.32,-6147.2
70,195,2205.99,-712.337,5946.43,-5643.14
75,195,2077.24,-582.514,5527.84,-5225.6
80,195,1944.94,-484.173,5092.18,-4886.21
85,195,1817.59,-413.387,4650.95,-4615.55
90,195,1702.08,-365.298,4211,-4403.01
95,195,1604.05,-334.556,3775.81,-4236.12
100,195,1528.03,-316.295,3346.9,-4100.29
105,195,1477.35,-307.375,2924.85,-3978.96
110,195,1453.52,-307.327,2510.08,-3854.68
115,195,1455.52,-318.301,2103.2,-3710.83
120,195,1479.37,-343.602,1705.04,-3533.7
125,195,1518.56,-385.09,1316.47,-3314.38
130,195,1565.34,-440.606,938.37,-3049.64
135,195,1612.51,-503.001,572.091,-2741.31
140,195,1654.38,-561.83,220.574,-2394.17
145,195,1686.06,-607.2,-109.857,-2013.19
150,195,1701.25,-633.663,-407.589,-1601.69
155,195,1689.62,-641.583,-654.802,-1162.08
160,195,1635.81,-634.778,-828.775,-699.42
165,195,1521.24,-615.758,-906.03,-226.34
170,195,1328.58,-581.737,-868.557,233.906
175,195,1047.61,-524.414,-710.046,649.099
180,195,680.402,-434.214,-439.836,985.118
0,200,-292.288,-5238.53,-821.864,-14328.2
5,200,20.5837,-5176.92,75.7931,-14181.9
10,200,382.879,-5078.62,980.032,-13935.7
15,200,782.803,-4939.82,1883.82,-13600.8
20,200,1201.83,-4753.3,2771.61,-13177.7
25,200,1616.66,-4512.68,3614.74,-12661.9
30,200,2001.88,-4217.4,4374.15,-12053.5
35,200,2333.66,-3875.47,5009.35,-11364.2
40,200,2593.55,-3502.52,5489.49,-10618.7
45,200,2771.2,-3117.86,5800.97,-9849.52
50,200,2865.14,-2739.85,5948.63,-9089.75
55,200,2881.47,-2382.71,5951.5,-8366.09
60,200,2831.56,-2055.55,5835.98,-7696.32
65,200,2729.55,-1763.07,5629.65,-7089.96
70,200,2590.26,-1506.95,5357.48,-6550.68
75,200,2427.8,-1286.83,5040.12,-6078.66
80,200,2254.57,-1100.72,4693.71,-5671.8
85,200,2080.99,-945.033,4330.19,-5326
90,200,1915.49,-814.769,3957.97,-5034.77
95,200,1764.91,-704.132,3582.51,-4788.85
100,200,1634.85,-607.813,3207.17,-4576.28
105,200,1529.73,-522.539,2833.9,-4383.05
110,200,1452.49,-448.291,2463.86,-4194.45
115,200,1403.96,-388.398,2097.61,-3996.75
120,200,1382.53,-348.026,1735.1,-3778.81
125,200,1384.43,-331.327,1375.5,-3533.09
130,200,1404.9,-338.486,1017.52,-3255.63
135,200,1439.44,-364.402,660.529,-2944.83
140,200,1484.26,-400.225,306.68,-2599.69
145,200,1534.85,-437.269,-36.3506,-2218.44
150,200,1582.97,-470.961,-353.014,-1798.84
155,200,1613.75,-501.896,-619.545,-1340.76
160,200,1605,-532.649,-806.925,-850.633
165,200,1530.2,-562.021,-887.222,-345.493
170,200,1364.65,-580.696,-841.606,146.005
175,200,1093.1,-571.998,-667.013,587.536
180,200,716.147,-518.42,-378.861,943.525
0,205,-362.806,-6467.39,-793.262,-13817.2
5,205,-67.3153,-6401.45,-184.522,-13669
10,205,284.546,-6318.95,439.949,-13466.3
15,205,686.71,-6212.16,1089.73,-13217.3
20,205,1123.31,-6065.84,1762.83,-12915.3
25,205,1570.15,-5863.41,2439.57,-12545
30,205,1997.97,-5594.38,3084.79,-12093.5
35,205,2377.4,-5259.3,3657.67,-11559.7
40,205,2684.3,-4869.9,4123.81,-10956.7
45,205,2903.62,-4445.12,4463.76,-10308.4
50,205,3030.49,-4005.73,4674.83,-9641.79
55,205,3069.03,-3569.89,4767.19,-8980.92
60,205,3029.77,-3151.2,4757.79,-8343.8
65,205,2926.99,-2758.73,4665.26,-7742.72
70,205,2776.45,-2397.93,4507.06,-7185.84
75,205,2593.68,-2071.52,4298.52,-6678.52
80,205,2392.78,-1779.92,4052.67,-6223.79
85,205,2185.75,-1521.35,3780.28,-5821.96
90,205,1982.34,-1292.12,3489.8,-5470.15
95,205,1790.4,-1087.32,3187.51,-5161.99
100,205,1616.36,-902.239,2877.81,-4888.04
105,205,1465.6,-733.873,2563.76,-4636.83
110,205,1342.39,-582.233,2247.4,-4396.38
115,205,1249.68,-450.554,1929.91,-4155.89
120,205,1188.83,-344.066,1611.3,-3906.87
125,205,1159.83,-267.517,1290.22,-3643.38
130,205,1161.95,-222.536,964.262,-3361.05
135,205,1194.24,-206.403,631.474,-3055.37
140,205,1254.94,-213.302,293.248,-2720.23
145,205,1339.08,-237.643,-42.0665,-2347.81
150,205,1434.92,-277.192,-356.354,-1930.87
155,205,1521.12,-333.202,-621.738,-1466.96
160,205,1567.01,-406.316,-804.821,-963.459
165,205,1537.21,-490.234,-874.805,-440.72
170,205,1399.87,-567.625,-812.93,68.7162
175,205,1135.93,-612.381,-619.417,525.905
180,205,746.442,-598.681,-315.003,894.751
0,210,-430.563,-7647.02,-758.623,-13200.9
5,210,-202.515,-7574.4,-431.921,-13047.1
10,210,89.7151,-7508.91,-84.0978,-12870.8
15,210,448.12,-7439.21,308.061,-12679.1
20,210,861.347,-7342.06,754.422,-12461.2
25,210,1305.54,-7190.28,1244.13,-12195.2
30,210,1748.19,-6962.52,1747.34,-11860
35,210,2154.56,-6650.41,2225.28,-11445.3
40,210,2494.76,-6260.08,2642.88,-10956.1
45,210,2748.67,-5808.53,2977.7,-10408.9
50,210,2907.63,-5317.59,3221.86,-9825.49
55,210,2973.08,-4808.57,3378.44,-9226.82
60,210,2953.86,-4299.32,3456.03,-8629.97
65,210,2863.39,-3803.49,3464.65,-8048.34
70,210,2717.32,-3331.04,3414.03,-7492.7
75,210,2531.64,-2888.81,3313.34,-6971.81
80,210,2321.27,-2480.85,3171.38,-6492.22
85,210,2099.16,-2108.52,2996.41,-6057.5
90,210,1875.92,-1770.7,2795.76,-5667.57
95,210,1660.09,-1464.47,2575.53,-5318.56
100,210,1458.74,-1186.32,2340.55,-5003.42
105,210,1277.99,-933.61,2094.6,-4713.13
110,210,1123.38,-705.728,1840.68,-4438.41
115,210,999.954,-504.591,1580.88,-4171.14
120,210,912.236,-333.969,1315.96,-3905.22
125,210,864.33,-197.899,1044.87,-3636.05
130,210,859.999,-98.8749,764.904,-3358.95
135,210,902.146,-36.9747,473.406,-3067.06
140,210,990.956,-10.6895,171.047,-2750.14
145,210,1120.45,-19.0703,-133.874,-2395.56
150,210,1274.4,-63.3419,-422.167,-1992.12
155,210,1423.92,-145.646,-663.876,-1535.53
160,210,1529.08,-264.065,-823.381,-1033.69
165,210,1545.54,-406.141,-868.773,-509.006
170,210,1434.93,-545.585,-782.284,3.88153
175,210,1175.72,-646.371,-567.293,465.127
180,210,771.056,-674.386,-248.748,839.168
0,215,-495.043,-8768.46,-718.21,-12484.2
5,215,-382.578,-8685.41,-657.975,-12321.3
10,215,-198.145,-8632.91,-574.674,-12154.1
15,215,69.9612,-8596.73,-434.544,-11989.8
20,215,416.509,-8546.73,-217.707,-11816.6
25,215,819.406,-8446.04,73.4699,-11610.7
30,215,1244.06,-8262.84,415.48,-11346.9
35,215,1651.29,-7979.64,773.49,-11010.4
40,215,2006.04,-7596.25,1114.02,-10600.8
45,215,2283.48,-7126.64,1413.79,-10129.8
50,215,2471.08,-6592.59,1661.72,-9615.11
55,215,2567.18,-6017.63,1855.42,-9074.22
60,215,2578.12,-5423.27,1996.43,-8522.5
65,215,2515.31,-4827.61,2087.09,-7972.89
70,215,2392.89,-4245.29,2129.76,-7436.85
75,215,2225.92,-3687.76,2127.42,-6924.59
80,215,2028.9,-3163.34,2084.14,-6444.47
85,215,1814.74,-2677.18,2005.02,-6001.96
90,215,1594.3,-2231.31,1895.5,-5598.95
95,215,1376.51,-1825.13,1760.8,-5233.58
100,215,1168.97,-1456.44,1605.6,-4900.97
105,215,978.56,-1122.68,1434.03,-4594.42
110,215,812.028,-822.135,1249.77,-4307
115,215,676.362,-554.724,1055.85,-4032.82
120,215,579.008,-322.089,854.036,-3767.48
125,215,527.917,-127.104,644.12,-3507.23
130,215,531.103,26.8993,423.826,-3247
135,215,595.111,136.578,190.302,-2978.17
140,215,721.866,198.305,-56.4064,-2687.64
145,215,904.097,207.524,-308.708,-2359.63
150,215,1120.82,159.053,-547.793,-1980.34
155,215,1335.43,49.9374,-743.69,-1544.26
160,215,1498.89,-114.806,-860.775,-1059.42
165,215,1558.51,-315.94,-867.843,-548.887
170,215,1470.44,-517.9,-749.044,-47.4714
175,215,1212,-674.894,-510.682,405.872
180,215,789.801,-744.958,-180.6,777.198
0,220,-555.755,-9823.16,-672.331,-11672.5
5,220,-603.579,-9724.7,-854.743,-11497.9
10,220,-572.36,-9676.04,-1014.98,-11323.6
15,220,-439.615,-9661.3,-1111.69,-11158.1
20,220,-203.059,-9645.33,-1116.85,-10991.8
25,220,118.596,-9583.68,-1024.86,-10802.2
30,220,490.346,-9435.86,-852.31,-10565.1
35,220,870.09,-9176.31,-628.797,-10264.8
40,220,1218.77,-8798.82,-384.76,-9899.21
45,220,1507.55,-8313.97,-142.861,-9477.56
50,220,1720.21,-7742.81,83.9206,-9014.27
55,220,1851.66,-7110.31,289.148,-8524.07
60,220,1904.83,-6440.99,468.708,-8019.75
65,220,1887.76,-5756.85,618.515,-7512.43
70,220,1811.44,-5076.84,734.608,-7012.48
75,220,1688.23,-4416.69,814.368,-6529.67
80,220,1530.67,-3788.65,857.401,-6072.52
85,220,1350.49,-3201.23,865.497,-5647.16
90,220,1158.12,-2659.08,841.905,-5256.58
95,220,962.672,-2163.43,790.503,-4900.45
100,220,772.336,-1712.92,715.283,-4575.69
105,220,594.914,-1304.81,620.231,-4277.53
110,220,438.392,-936.241,509.342,-4000.85
115,220,311.451,-605.357,386.391,-3741.2
120,220,223.892,-312.101,254.243,-3495.09
125,220,186.732,-58.6954,113.884,-3259.02
130,220,211.432,150.223,-36.0256,-3027.49
135,220,307.547,307.683,-198.037,-2790.87
140,220,478.41,404.711,-372.626,-2534.63
145,220,715.475,431.227,-553.428,-2241.52
150,220,993.354,378.29,-723.297,-1896.67
155,220,1268.44,242.509,-854.145,-1493.98
160,220,1483.59,32.3886,-912.457,-1041.14
165,220,1579,-225.934,-869.505,-560.503
170,220,1506.76,-487.972,-712.252,-85.1582
175,220,1244.3,-698.931,-449.653,348.546
180,220,802.536,-809.86,-111.077,709.313
0,225,-612.238,-10803.1,-621.336,-10771.9
5,225,-860.202,-10683.2,-1015.04,-10584.2
10,225,-1023.17,-10624.7,-1389.51,-10389.4
15,225,-1067.26,-10611.6,-1698.43,-10198.1
20,225,-981.452,-10606.2,-1907.44,-10005.2
25,225,-779.291,-10559.8,-2003.76,-9793.12
30,225,-494.172,-10426.2,-1996.89,-9542.1
35,225,-169.233,-10174,-1910.6,-9239.62
40,225,153.932,-9792.2,-1771.61,-8884.88
45,225,443.283,-9288.59,-1601.33,-8486.62
50,225,679.068,-8683.29,-1413.82,-8057.6
55,225,852.282,-8002.2,-1218.51,-7609.94
60,225,961.436,-7272.09,-1023.76,-7153.44
65,225,1009.72,-6518,-838.498,-6696.25
70,225,1003.21,-5762.18,-671.544,-6246.09
75,225,949.848,-5023.4,-529.947,-5810.74
80,225,858.641,-4316.45,-417.86,-5397.46
85,225,739.051,-3651.68,-336.494,-5011.98
90,225,600.499,-3034.93,-284.879,-4657.62
95,225,452.149,-2468.05,-260.789,-4335.01
100,225,302.942,-1949.8,-261.333,-4042.34
105,225,161.781,-1477.16,-283.101,-3776.17
110,225,37.8632,-1046.67,-322.108,-3532.43
115,225,-58.8233,-655.728,-373.991,-3307.34
120,225,-116.925,-303.864,-434.766,-3097.58
125,225,-123.46,6.20983,-502.034,-2899.52
130,225,-64.6767,267.843,-575.863,-2707.39
135,225,71.0796,470.325,-658.173,-2511.3
140,225,288.14,599.755,-749.839,-2296.66
145,225,576.924,641.25,-846.071,-2046.36
150,225,908.509,582.864,-932.352,-1745.69
155,225,1233.68,421.324,-984.029,-1388.52
160,225,1488.89,168.762,-971.532,-981.701
165,225,1609.1,-142.186,-870.218,-545.562
170,225,1543.92,-459.082,-670.697,-109.821
175,225,1272.06,-719.458,-384.32,293.292
180,225,809.163,-868.599,-40.7083,636.03
0,230,-664.061,-11700.8,-565.611,-9789.36
5,230,-1145.89,-11552.9,-1132.67,-9588.59
10,230,-1537.99,-11467.3,-1684.61,-9363.79
15,230,-1794.78,-11429.6,-2172.39,-9128.36
20,230,-1895.35,-11402.9,-2557.05,-8883.04
25,230,-1846.3,-11338,-2819.6,-8618.03
30,230,-1677.27,-11187.1,-2962.81,-8321.01
35,230,-1430.43,-10916.1,-3004.72,-7985.48
40,230,-1148.55,-10511.8,-2968.33,-7614.47
45,230,-866.271,-9980.09,-2873.74,-7218.18
50,230,-607.025,-9340.56,-2735.82,-6808.79
55,230,-384.483,-8619.65,-2566.17,-6396.23
60,230,-205.7,-7845.49,-2376.01,-5987.01
65,230,-73.7172,-7044.86,-2177.4,-5585.48
70,230,11.1793,-6241.59,-1982.25,-5195.6
75,230,51.1127,-5455.56,-1800.6,-4821.94
80,230,50.5039,-4701.98,-1639.4,-4469.45
85,230,15.8093,-3990.96,-1502.38,-4142.57
90,230,-44.9213,-3327.74,-1390.75,-3844.29
95,230,-122.558,-2713.43,-1304.09,-3575.53
100,230,-207.37,-2146.25,-1240.81,-3335.13
105,230,-289.376,-1622.98,-1198.28,-3120.27
110,230,-358.416,-1140.35,-1172.62,-2927.28
115,230,-403.798,-696.371,-1158.92,-2752.43
120,230,-413.589,-291.615,-1152.1,-2592.24
125,230,-374.1,69.4963,-1148.33,-2442.84
130,230,-270.591,377.719,-1146.33,-2298.5
135,230,-90.347,618.808,-1147.27,-2149.82
140,230,171.512,774.792,-1152.31,-1983.24
145,230,504.722,827.14,-1158.33,-1782.96
150,230,878.019,761.907,-1153.97,-1535.37
155,230,1238.45,576.444,-1119.07,-1234.55
160,230,1518.39,286.337,-1029.4,-886.111
165,230,1649.74,-70.1785,-865.737,-507.216
170,230,1581.5,-434.211,-623.045,-122.864
175,230,1294.66,-737.387,-314.868,240.007
180,230,809.632,-920.727,29.9699,557.907
0,235,-710.831,-12509.5,-505.582,-8732.31
5,235,-1453.06,-12326.6,-1202.68,-8520.3
10,235,-2101.82,-12194.5,-1889.11,-8260.98
15,235,-2599.67,-12101.6,-2514.95,-7970.84
20,235,-2914.87,-12015.8,-3038.28,-7657.58
25,235,-3045.36,-11891.6,-3435.15,-7320.61
30,235,-3014.97,-11684.3,-3702.5,-6957.12
35,235,-2863.22,-11361.5,-3853.23,-6568.63
40,235,-2633.01,-10910.3,-3907.18,-6163.64
45,235,-2361.49,-10336.8,-3883.54,-5755.09
50,235,-2076.45,-9660.44,-3797.94,-5355.37
55,235,-1797.28,-8907.78,-3663.52,-4972.59
60,235,-1537.74,-8107.04,-3493.06,-4609.91
65,235,-1308.16,-7284.87,-3300.02,-4267.46
70,235,-1115.99,-6464.47,-3097.67,-3944.8
75,235,-965.483,-5664.48,-2897.53,-3642.54
80,235,-857.13,-4898.3,-2708.3,-3362.63
85,235,-787.635,-4173.93,-2535.64,-3107.53
90,235,-750.396,-3494.53,-2382.71,-2879.24
95,235,-736.421,-2859.57,-2250.73,-2678.34
100,235,-735.4,-2266.37,-2139.34,-2503.7
105,235,-736.656,-1711.66,-2046.48,-2352.6
110,235,-729.667,-1192.98,-1968.28,-2221.39
115,235,-703.877,-709.826,-1899.29,-2106.19
120,235,-647.866,-264.779,-1833.45,-2003.36
125,235,-548.506,135.351,-1765.82,-1909.01
130,235,-391.376,478.577,-1694.02,-1817.84
135,235,-163.77,747.628,-1618.55,-1721.51
140,235,139.24,921.502,-1540.71,-1608.17
145,235,507.061,979.216,-1458.87,-1463.98
150,235,907.41,905.735,-1364.85,-1276.93
155,235,1285.75,699.288,-1243.45,-1041.43
160,235,1572.96,378.366,-1076.65,-761.329
165,235,1700.47,-14.5147,-851.546,-449.864
170,235,1618.56,-415.882,-567.996,-126.349
175,235,1311.45,-753.509,-241.577,188.365
180,235,803.939,-965.849,100.42,475.537
0,240,-752.19,-13223,-441.705,-7608.81
5,240,-1773.29,-12998.6,-1221.47,-7389.2
10,240,-2697.73,-12799.5,-1994.72,-7096.4
15,240,-3456.08,-12619.3,-2712.1,-6750.04
20,240,-4004.94,-12433.5,-3330.35,-6365.01
25,240,-4332.17,-12205.7,-3822.07,-5950.54
30,240,-4454.24,-11899.2,-4179.68,-5514.08
35,240,-4406.73,-11487.8,-4411.99,-5065.96
40,240,-4232.32,-10962.5,-4536.51,-4620.8
45,240,-3971.21,-10331.2,-4572.05,-4194.75
50,240,-3656.64,-9614.06,-4535.07,-3800.78
55,240,-3315.04,-8836.81,-4439.66,-3445.46
60,240,-2967.91,-8026.09,-4299.03,-3128.78
65,240,-2633.31,-7206.05,-4126.52,-2846.69
70,240,-2325.84,-6396.75,-3935.17,-2594.25
75,240,-2055.71,-5613.24,-3736.66,-2367.92
80,240,-1827.82,-4865.34,-3540.48,-2166.22
85,240,-1641.65,-4157.75,-3353.53,-1989.21
90,240,-1491.89,-3490.99,-3180.36,-1837.35
95,240,-1369.84,-2862.71,-3023.4,-1710.4
100,240,-1265.09,-2269.36,-2882.98,-1606.85
105,240,-1166.96,-1707.74,-2757.22,-1523.85
110,240,-1065.43,-1176.28,-2641.99,-1457.75
115,240,-951.05,-675.998,-2531.33,-1404.74
120,240,-813.986,-211.441,-2418.65,-1361.3
125,240,-642.859,208.388,-2298.44,-1323.88
130,240,-424.792,569.226,-2167.81,-1287.93
135,240,-148.155,851.568,-2026.8,-1246.46
140,240,191.447,1032.39,-1876.69,-1189.6
145,240,583.321,1089.23,-1716.86,-1105.74
150,240,995.416,1006.5,-1541.91,-984.557
155,240,1373.8,783.176,-1341.47,-820.653
160,240,1650.58,439.727,-1104,-615.847
165,240,1759.36,21.3363,-823.337,-378.879
170,240,1653.69,-406.025,-504.46,-122.855
175,240,1321.71,-768.456,-164.855,137.865
180,240,792.128,-1003.62,170.106,389.548
0,245,-787.825,-13835.8,-374.467,-6427.4
5,245,-2097.61,-13564.2,-1187,-6205.62
10,245,-3307.5,-13278.5,-1996.44,-5886.14
15,245,-4335.82,-12979.4,-2755.22,-5491.45
20,245,-5126.96,-12653.7,-3420.33,-5043.2
25,245,-5657.74,-12278.6,-3962.7,-4559.93
30,245,-5936.29,-11830.6,-4371.84,-4058.9
35,245,-5993.76,-11294.2,-4653.8,-3558.67
40,245,-5872.86,-10667.8,-4824.57,-3079.52
45,245,-5617.9,-9963.18,-4903,-2640.42
50,245,-5269.1,-9201.19,-4906.29,-2254.82
55,245,-4861.23,-8405.85,-4848.9,-1927.89
60,245,-4424.22,-7599.99,-4743.54,-1656.89
65,245,-3983.71,-6802.7,-4602.22,-1434.13
70,245,-3560.59,-6028.35,-4436.55,-1250.64
75,245,-3169.88,-5286.5,-4257.36,-1098.95
80,245,-2819.81,-4582.22,-4073.98,-974.245
85,245,-2511.87,-3916.62,-3893.83,-873.981
90,245,-2241.8,-3287.81,-3722.09,-796.832
95,245,-2001.47,-2692.11,-3561.62,-741.521
100,245,-1780.92,-2125.5,-3412.71,-706.074
105,245,-1570.25,-1584.86,-3273.1,-687.652
110,245,-1360.78,-1069.11,-3138.15,-682.879
115,245,-1145,-580.056,-3001.58,-688.395
120,245,-915.546,-123.241,-2856.81,-701.19
125,245,-663.767,291.208,-2698.56,-718.375
130,245,-379.428,647.845,-2524.07,-736.285
135,245,-53.0286,925.992,-2333.21,-749.358
140,245,318.579,1101.55,-2127.06,-749.639
145,245,724.624,1151.18,-1905.39,-727.656
150,245,1134.29,1058.88,-1664.83,-674.68
155,245,1496.24,823.819,-1399.27,-585.349
160,245,1746.39,467.24,-1103.35,-459.2
165,245,1823.1,35.2231,-777.503,-300.271
170,245,1684.98,-405.882,-431.722,-115.307
175,245,1324.74,-782.66,-85.2511,87.8716
180,245,774.288,-1033.75,238.497,300.595
0,250,-817.464,-14343.3,-304.378,-5197.07
5,250,-2416.82,-14020.1,-1098.82,-4980.18
10,250,-3912.24,-13630.7,-1892.76,-4646.25
15,250,-5209.6,-13184.5,-2641.49,-4220.16
20,250,-6240.73,-12683.2,-3303.86,-3729.16
25,250,-6971.11,-12121.8,-3851.12,-3199.59
30,250,-7400.28,-11494.5,-4271.64,-2656.7
35,250,-7555.21,-10801.1,-4570.01,-2125.56
40,250,-7479.52,-10050.5,-4761.4,-1630.47
45,250,-7222.98,-9259.73,-4864.72,-1192.05
50,250,-6834.35,-8450.39,-4897.48,-823.59
55,250,-6357.86,-7643.29,-4873.89,-528.969
60,250,-5832.11,-6855.26,-4805.33,-303.384
65,250,-5289.69,-6097.85,-4701.7,-136.473
70,250,-4756.42,-5377.64,-4572.44,-16.2217
75,250,-4250.57,-4697.34,-4426.71,67.9683
80,250,-3782.4,-4056.71,-4273.01,123.821
85,250,-3354.63,-3453.49,-4118.44,156.233
90,250,-2963.88,-2884.02,-3968.03,168.19
95,250,-2602.8,-2344.07,-3824.22,161.866
100,250,-2262.4,-1829.6,-3686.59,139.428
105,250,-1934.11,-1337.62,-3551.99,103.349
110,250,-1611.05,-867.006,-3415.15,56.2897
115,250,-1288.1,-419.303,-3269.72,0.776128
120,250,-960.875,0.373572,-3109.66,-60.98
125,250,-624.127,382.332,-2930.57,-126.836
130,250,-271.162,711.465,-2730.37,-193.992
135,250,104.384,967.23,-2508.99,-258.128
140,250,503.601,1125.35,-2267.04,-313.008
145,250,915.404,1162.03,-2004.12,-351.088
150,250,1310.86,1060.62,-1718.07,-365.039
155,250,1642.79,819.677,-1406.23,-349.404
160,250,1853.14,459.868,-1068.61,-301.371
165,250,1887.21,26.4131,-711.573,-220.315
170,250,1710.2,-415.963,-349.603,-106.796
175,250,1319.86,-796.337,-3.48186,37.6741
180,250,750.555,-1056.02,305.073,209.353
0,255,-840.881,-14741.7,-231.973,-3927.19
5,255,-2721.72,-14364.2,-958.114,-3723.52
10,255,-4493.15,-13857.7,-1685.71,-3392.15
15,255,-6048.32,-13242.5,-2373.98,-2959.49
20,255,-7306.52,-12537.3,-2985.36,-2456.66
25,255,-8222.21,-11758.9,-3493.32,-1915.25
30,255,-8787,-10923.4,-3886.96,-1365.66
35,255,-9024.56,-10048.9,-4170.57,-836.556
40,255,-8980.63,-9157.44,-4358.78,-353.694
45,255,-8711.92,-8272.55,-4470.09,62.5444
50,255,-8276.97,-7415.95,-4521.52,399.955
55,255,-7730.18,-6603.79,-4526.15,655.928
60,255,-7118.73,-5844.91,-4493.36,836.489
65,255,-6481.19,-5141.4,-4430.46,953.318
70,255,-5846.86,-4490.66,-4344.28,1020.04
75,255,-5235.71,-3887.7,-4241.89,1049.14
80,255,-4658.84,-3326.88,-4130.36,1050.31
85,255,-4119.57,-2802.8,-4015.83,1030.16
90,255,-3615.23,-2310.59,-3902.5,992.815
95,255,-3139.41,-1845.95,-3791.82,940.873
100,255,-2684.3,-1405.23,-3682.25,876.2
105,255,-2242.77,-985.639,-3569.6,800.416
110,255,-1809.74,-585.68,-3448.02,715.049
115,255,-1382.44,-205.835,-3311.3,621.526
120,255,-959.486,150.43,-3154.24,521.19
125,255,-539.359,475.407,-2973.56,415.553
130,255,-119.517,755.939,-2768.03,306.796
135,255,302.434,973.008,-2537.62,198.298
140,255,724.731,1103.1,-2282.29,94.8498
145,255,1135.55,1122.25,-2001.07,2.27519
150,255,1508.08,1012.89,-1692.38,-73.3799
155,255,1800.33,772.118,-1356.08,-126.537
160,255,1961.8,418.763,-996.436,-152.141
165,255,1946.36,-4.40015,-624.568,-145.164
170,255,1726.93,-436.035,-258.564,-100.386
175,255,1306.43,-809.479,79.5676,-13.4605
180,255,721.11,-1070.24,369.327,116.519
0,260,-857.899,-15027.9,-157.803,-2627.42
5,260,-3003.43,-14595.5,-767.677,-2446.2
10,260,-5032.19,-13963.9,-1380.8,-2138.03
15,260,-6824.29,-13165.3,-1961.54,-1729.77
20,260,-8286.96,-12238.3,-2477.59,-1254.04
25,260,-9364.62,-11223.9,-2906.58,-744.408
30,260,-10042.3,-10162.6,-3239.97,-232.603
35,260,-10341.9,-9093.73,-3482.58,252.879
40,260,-10312.6,-8053.61,-3648.37,688.018
45,260,-10019.2,-7072.66,-3754.47,1054.97
50,260,-9530.83,-6172.16,-3816.1,1343.78
55,260,-8912.32,-5362.25,-3844.1,1553.08
60,260,-8219.01,-4642.38,-3845.2,1689.14
65,260,-7494.47,-4004.08,-3823.78,1763.38
70,260,-6770.23,-3434.92,-3783.93,1789.26
75,260,-6066.75,-2922.01,-3730.39,1779.53
80,260,-5395,-2454.26,-3668.43,1744.5
85,260,-4758.34,-2023.23,-3602.81,1691.45
90,260,-4154.55,-1622.88,-3536.54,1624.86
95,260,-3578.08,-1248.94,-3469.98,1547.08
100,260,-3022.13,-898.223,-3400.56,1459.1
105,260,-2480.76,-568.235,-3323.32,1361.24
110,260,-1950.3,-257.092,-3232.1,1253.56
115,260,-1429.87,36.054,-3120.98,1136.29
120,260,-920.796,310.044,-2985.51,1010.01
125,260,-425.225,560.197,-2823.28,875.891
130,260,55.0028,776.575,-2633.51,735.866
135,260,517.836,942.887,-2415.99,592.748
140,260,958.064,1037.24,-2169.91,450.151
145,260,1362.65,1035.92,-1893.56,312.302
150,260,1706.83,920.253,-1585.59,183.962
155,260,1954.13,685.323,-1247.54,70.7021
160,260,2062.4,347.148,-886.624,-20.4433
165,260,1994.89,-55.1868,-517.213,-80.4667
170,260,1732.7,-465.165,-159.78,-98.9345
175,260,1283.94,-821.856,162.845,-66.231
180,260,686.177,-1076.33,430.771,22.7976
0,265,-868.388,-15199.7,-82.4316,-1307.65
5,265,-3253.7,-14714.2,-531.811,-1158.46
10,265,-5512.74,-13955.3,-986.765,-896.398
15,265,-7512.46,-12968.6,-1418.25,-547.341
20,265,-9148.86,-11813.9,-1800.86,-142.586
25,265,-10357.9,-10557.9,-2118.1,286.223
30,265,-11120.1,-9267.07,-2365.06,710.408
35,265,-11457.3,-8002.75,-2547.59,1105.89
40,265,-11423.5,-6815.96,-2678.35,1453.9
45,265,-11092.4,-5743.64,-2771.69,1741.54
50,265,-10543.9,-4805.87,-2839.35,1962.24
55,265,-9852.76,-4005.93,-2888.58,2115.85
60,265,-9082.07,-3333.25,-2922.63,2207.86
65,265,-8279.58,-2768.61,-2942.76,2247.77
70,265,-7478.16,-2289.86,-2950.22,2246.96
75,265,-6697.91,-1876.44,-2947.39,2216.56
80,265,-5948.95,-1511.9,-2937.61,2165.87
85,265,-5234.06,-1184.57,-2924.15,2101.54
90,265,-4550.99,-886.917,-2908.91,2027.44
95,265,-3894.57,-614.318,-2891.44,1944.96
100,265,-3258.6,-363.85,-2868.75,1853.76
105,265,-2637.79,-133.298,-2835.77,1752.47
110,265,-2029.34,79.4445,-2786.51,1639.59
115,265,-1433.76,276.402,-2715.41,1514.12
120,265,-854.59,458.753,-2618.41,1376.09
125,265,-297.233,625.153,-2493.24,1226.67
130,265,232.32,769.448,-2338.89,1067.96
135,265,727.589,878.75,-2154.47,902.561
140,265,1179.72,933.43,-1938.31,733.112
145,265,1574.13,910.45,-1688.12,562.287
150,265,1887.71,790.303,-1402.67,393.437
155,265,2089.28,565.912,-1084.47,231.873
160,265,2144.93,250.029,-742.279,86.2308
165,265,2027.22,-122.762,-392.008,-31.0334
170,265,1725.27,-501.801,-55.1427,-104.929
175,265,1252.01,-833.036,245.144,-121.25
180,265,646.022,-1074.22,488.936,-71.0972
0,270,-872.268,-15255.8,-6.4329,22.0631
5,270,-3465.13,-14721.5,-256.2,129.876
10,270,-5920.17,-13839.7,-515.225,322.245
15,270,-8091.33,-12670.3,-762.707,576.063
20,270,-9864.62,-11294.9,-981.738,864.54
25,270,-11169.7,-9806.19,-1163.03,1162.18
30,270,-11984.7,-8296.53,-1306.17,1447.97
35,270,-12333.6,-6848.37,-1417.98,1706.56
40,270,-12276.3,-5526.7,-1508.85,1927.83
45,270,-11895.6,-4373.98,-1588.63,2106.02
50,270,-11281.5,-3408.37,-1663.71,2238.91
55,270,-10518.4,-2625.96,-1736.14,2327.42
60,270,-9676.08,-2006.4,-1804.8,2375.34
65,270,-8805.85,-1520.37,-1867.4,2388.73
70,270,-7941.49,-1136.77,-1922.4,2375.04
75,270,-7102.25,-827.95,-1969.91,2341.85
80,270,-6296.78,-572.31,-2011.46,2295.74
85,270,-5526.61,-354.772,-2049,2241.32
90,270,-4788.69,-165.802,-2083.7,2180.8
95,270,-4077.48,0.121681,-2115.02,2114
100,270,-3386.73,146.117,-2140.37,2038.87
105,270,-2711.29,274.335,-2155.41,1952.28
110,270,-2048.77,387.059,-2154.94,1851.13
115,270,-1400.59,487.22,-2133.84,1733.36
120,270,-771.943,577.932,-2087.97,1598.65
125,270,-170.825,660.774,-2014.4,1448.45
130,270,393.328,733.061,-1911.02,1285.33
135,270,910.179,785.232,-1775.82,1111.89
140,270,1367.5,800.145,-1606.28,929.913
145,270,1749.01,755.963,-1399.81,740.492
150,270,2032.74,632.945,-1155.31,545.401
155,270,2192.04,422.346,-875.609,349.4
160,270,2200.29,133.758,-569.641,162.3
165,270,2038.42,-203.044,-253.142,-0.566386
170,270,1702.75,-543.892,52.7926,-120.354
175,270,1210.47,-842.413,325.137,-179
180,270,600.95,-1063.93,543.38,-164.451
0,275,-869.51,-15195.9,69.6148,1351.61
5,275,-3631.44,-14619.3,52.2673,1409.49
10,275,-6242.35,-13625.5,19.8049,1509.59
15,275,-8543.78,-12288.9,-17.0888,1633.61
20,275,-10413.3,-10712.8,-51.445,1762.68
25,275,-11776.6,-9014.55,-82.1154,1881.71
30,275,-12612.2,-7310.48,-113.429,1981.83
35,275,-12947.6,-5702.14,-152.691,2060.33
40,275,-12849.9,-4266.35,-206.745,2118.64
45,275,-12410.5,-3049.62,-279.119,2159.82
50,275,-11728.6,-2067.58,-368.859,2186.62
55,275,-10896.6,-1309.44,-471.227,2200.84
60,275,-9990.26,-746.048,-579.635,2203.74
65,275,-9063.96,-339.336,-687.813,2196.74
70,275,-8152.11,-50.5451,-791.366,2181.82
75,275,-7272.89,154.155,-888.313,2161.38
80,275,-6433.13,301.063,-978.69,2137.61
85,275,-5632.39,408.688,-1063.58,2111.74
90,275,-4866,488.894,-1144.02,2083.33
95,275,-4127.21,548.631,-1220.12,2050.08
100,275,-3409.05,591.771,-1290.56,2008.04
105,275,-2706.02,620.861,-1352.59,1952.39
110,275,-2015.81,638.588,-1402.29,1878.65
115,275,-1340.28,648.645,-1435.15,1783.92
120,275,-685.648,655.483,-1446.62,1667.73
125,275,-61.5543,662.626,-1432.53,1531.92
130,275,520.198,669.774,-1389.17,1379.56
135,275,1046.42,669.877,-1313.14,1213.28
140,275,1502.13,648.084,-1201.25,1033.99
145,275,1869.42,584.264,-1050.81,841.152
150,275,2126.85,459.419,-860.845,634.842
155,275,2251.06,264.137,-633.862,419.055
160,275,2221.11,5.50105,-377.661,204.398
165,275,2024.65,-291.366,-106.244,8.51776
170,275,1663.86,-589.024,160.921,-146.597
175,275,1159.38,-849.246,401.409,-239.798
180,275,551.305,-1045.55,593.688,-256.553
0,280,-860.134,-15020.2,145.133,2670.87
5,280,-3747.62,-14410.4,385.721,2671.65
10,280,-6470.01,-13321.7,602.462,2659.52
15,280,-8857.54,-11842.9,793.916,2623.28
20,280,-10781.2,-10097.5,955.871,2555.36
25,280,-12165.3,-8225.54,1080.9,2455.13
30,280,-12990.8,-6363.68,1160.24,2329.77
35,280,-13290.8,-4629.08,1187.08,2192.41
40,280,-13139.7,-3107.38,1159.62,2058.12
45,280,-12636.6,-1847.27,1082.43,1939.75
50,280,-11888.5,-861.367,965.552,1845.17
55,280,-10994.3,-132.824,822.043,1776.74
60,280,-10034,374.626,664.998,1732.62
65,280,-9064.74,705.939,505.245,1708.77
70,280,-8121.36,905.848,350.164,1700.7
75,280,-7221.06,1013.13,203.623,1704.4
80,280,-6368.7,1058.08,66.6659,1716.44
85,280,-5561.51,1062.35,-61.475,1733.48
90,280,-4792.57,1040.22,-182.342,1751.63
95,280,-4053.3,1000.41,-297.366,1765.99
100,280,-3335.39,948.087,-407.176,1770.65
105,280,-2632.58,886.791,-511.108,1759.32
110,280,-1942.15,820.032,-606.948,1726.51
115,280,-1265.85,752.227,-690.962,1668.78
120,280,-610.028,688.492,-758.255,1585.57
125,280,15.1838,633.019,-803.399,1479.04
130,280,596.925,586.356,-821.123,1352.51
135,280,1120.34,542.729,-806.832,1208.38
140,280,1568.51,489.131,-756.851,1046.54
145,280,1921.98,407.639,-668.573,864.796
150,280,2159.13,281.169,-540.902,661.595
155,280,2258.38,100.976,-375.304,440.104
160,280,2202.44,-127.352,-177.332,211.473
165,280,1983.56,-382.816,41.9876,-4.83517
170,280,1608.02,-634.581,265.753,-184.395
175,280,1099.01,-852.698,472.507,-303.766
180,280,497.463,-1019.21,639.479,-346.703
0,285,-844.211,-14730.3,219.546,3969.81
5,285,-3810.08,-14097.9,735.555,3908.21
10,285,-6596.97,-12936.6,1215.64,3767.99
15,285,-9025.44,-11348.6,1644.22,3547.38
20,285,-10962.2,-9475.38,2004.94,3253.34
25,285,-12332.1,-7475.56,2281.82,2903.17
30,285,-13120.9,-5502.02,2462.51,2523.23
35,285,-13368.4,-3682.88,2542.08,2144.64
40,285,-13156,-2108.92,2525.38,1797.17
45,285,-12589.6,-828.902,2426.62,1503.66
50,285,-11781.7,147.86,2266.38,1276.77
55,285,-10835.5,843.051,2067.17,1119
60,285,-9834.1,1297.99,1849.5,1025.01
65,285,-8836.26,1562.23,1629.32,984.964
70,285,-7877.23,1684.5,1417.19,987.442
75,285,-6973.43,1707.06,1218.76,1021.43
80,285,-6128.02,1663.22,1035.78,1077.12
85,285,-5336.01,1577.25,867.291,1145.9
90,285,-4588.11,1465.68,710.727,1219.81
95,285,-3873.6,1339.16,562.895,1291.08
100,285,-3182.45,1204.54,420.922,1351.88
105,285,-2507.09,1066.83,283.161,1394.76
110,285,-1843.69,930.706,149.932,1413.55
115,285,-1192.99,801.188,23.8895,1404.54
120,285,-560.304,683.324,-90.1969,1367.09
125,285,45.0298,580.687,-186.28,1303.3
130,285,610.407,493.179,-258.211,1216.24
135,285,1120.43,415.131,-300.768,1107.6
140,285,1556.93,334.978,-310.106,976.055
145,285,1898.95,237.508,-283.608,817.848
150,285,2123.88,108.718,-219.632,630.024
155,285,2210.27,-58.1159,-117.89,415.106
160,285,2142.31,-257.755,19.1644,184.696
165,285,1914.52,-472.57,184.26,-40.3454
170,285,1535.46,-677.905,363.618,-233.824
175,285,1029.95,-851.887,536.997,-370.822
180,285,439.836,-985.118,680.402,-434.214
0,290,-821.864,-14328.2,292.288,5238.53
5,290,-3816.79,-13685.4,1092.69,5111.58
10,290,-6620.22,-12478,1841.58,4832.71
15,290,-9045.42,-10819.9,2507.45,4411.8
20,290,-10956.9,-8867.15,3061.07,3873.11
25,290,-12282.5,-6792.44,3478.38,3254.6
30,290,-13013.7,-4759.46,3744.71,2603.82
35,290,-13197.6,-2902.25,3858.65,1970.92
40,290,-12922.2,-1312.81,3833.25,1400.4
45,290,-12298.3,-37.8249,3693.72,924.461
50,290,-11441.8,916.87,3472.06,559.817
55,290,-10457.8,1576.41,3200.98,308.559
60,290,-9430.84,1984.87,2908.92,161.67
65,290,-8420.17,2193.96,2617.38,103.524
70,290,-7461.26,2254.25,2340.38,115.894
75,290,-6570.06,2209.81,2085.37,180.757
80,290,-5748.6,2095.86,1854.6,281.816
85,290,-4990.2,1938.58,1646.62,404.945
90,290,-4283.59,1756.38,1457.58,537.955
95,290,-3615.99,1561.79,1282.38,670.117
100,290,-2975.4,1363.45,1115.91,791.832
105,290,-2352.28,1167.96,954.264,894.748
110,290,-1740.79,981.078,795.764,972.342
115,290,-1139.47,808.08,641.544,1020.71
120,290,-551.353,653.212,495.408,1038.93
125,290,16.2584,518.444,362.911,1028.53
130,290,552.119,402.058,249.974,991.653
135,290,1041.15,297.832,161.663,928.746
140,290,1464.37,195.533,101.726,837.079
145,290,1799.23,83.1466,73.0128,711.547
150,290,2021.28,-49.3292,78.233,548.237
155,290,2107.68,-205.512,120.006,349.402
160,290,2041.97,-379.5,199.423,127.166
165,290,1818.79,-556.191,313.229,-96.5233
170,290,1447.29,-716.438,450.896,-294.332
175,290,953.018,-845.933,593.522,-440.673
180,290,378.861,-943.525,716.147,-518.42
0,295,-793.262,-13817.2,362.806,6467.39
5,295,-3767.28,-13176.9,1447.86,6274.71
10,295,-6539.96,-11952.5,2462.54,5852.79
15,295,-8920.19,-10267.2,3357.93,5225.01
20,295,-10772.8,-8287.08,4091.63,4435.04
25,295,-12029.7,-6193.78,4632.25,3543.21
30,295,-12689.4,-4156.06,4964.28,2619.15
35,295,-12805.6,-2308.74,5091.51,1731.9
40,295,-12471.7,-741.276,5036.68,939.752
45,295,-11801.6,503.68,4836.87,282.995
50,295,-10912,1423.85,4536.02,-218.685
55,295,-9908.01,2046.44,4177.19,-564.214
60,295,-8873.47,2416.15,3796.92,-766.351
65,295,-7867.34,2584.4,3422.45,-846.148
70,295,-6924.85,2601.46,3071.47,-828.119
75,295,-6061.71,2511.48,2753.38,-736.747
80,295,-5279.39,2350.33,2471.01,-594.385
85,295,-4570.27,2145.29,2222.43,-420.345
90,295,-3921.65,1916.13,2002.48,-230.817
95,295,-3318.99,1676.87,1804.32,-39.2547
100,295,-2748.14,1437.6,1620.78,143.193
105,295,-2197.05,1206.1,1445.84,307.489
110,295,-1656.96,988.704,1275.66,446.872
115,295,-1123.12,790.332,1109.29,557.171
120,295,-595.268,613.889,948.58,636.846
125,295,-77.7349,459.352,797.375,686.243
130,295,420.317,323.227,660.243,705.928
135,295,884.636,198.806,541.379,694.644
140,295,1295.66,77.4403,444.259,648.16
145,295,1629.03,-49.3135,372.225,560.357
150,295,1857.76,-186.983,329.451,426.932
155,295,1956.28,-335.496,321.127,250.368
160,295,1905.85,-487.587,351.831,43.4949
165,295,1699.47,-629.874,422.051,-170.872
170,295,1345.43,-747.861,524.244,-364.809
175,295,869.29,-834,640.858,-512.825
180,295,315.003,-894.751,746.442,-598.681
0,300,-758.623,-13200.9,430.563,7647.02
5,300,-3662.66,-12576.3,1791.87,7391.02
10,300,-6359.4,-11365.4,3061.28,6828.24
15,300,-8656.83,-9696.75,4171.57,5996.92
20,300,-10422.3,-7742.24,5067.26,4961.31
25,300,-11593.3,-5686.36,5710.53,3804.67
30,300,-12174.7,-3697.35,6086.52,2618.43
35,300,-12226.1,-1906.12,6205.74,1489.34
40,300,-11844.2,-396.299,6101.74,487.792
45,300,-11143.8,794.978,5824.01,-339.556
50,300,-10240.4,1668.98,5428.38,-971.33
55,300,-9236.88,2253.86,4968.04,-1408.08
60,300,-8214.99,2593.04,4487.38,-1666.27
65,300,-7232.36,2735.67,4019.33,-1771.8
70,300,-6323.6,2729.71,3585.39,-1754.63
75,300,-5504.19,2617.76,3197.15,-1644.78
80,300,-4775.4,2434.99,2858.31,-1469.77
85,300,-4129.08,2208.76,2566.72,-1253.37
90,300,-3551.58,1959.39,2316.24,-1015.17
95,300,-3026.78,1701.6,2098.5,-770.892
100,300,-2538.38,1446.13,1904.52,-532.944
105,300,-2071.5,1201.07,1726.15,-310.885
110,300,-1613.96,972.514,1557.15,-111.727
115,300,-1157.26,764.477,1393.92,59.9102
120,300,-697.337,578.385,1235.52,201.478
125,300,-235.196,412.57,1083.16,311.666
130,300,222.389,262.429,939.302,388.968
135,300,662.206,121.482,806.844,430.115
140,300,1064.19,-16.8707,688.932,429.413
145,300,1402.04,-157.376,589.526,380.108
150,300,1645.73,-301.169,514.319,278.078
155,300,1766.21,-444.5,470.827,126.549
160,300,1741.32,-578.433,466.531,-60.7106
165,300,1561.29,-690.606,504.906,-260.141
170,300,1232.55,-770.193,580.812,-443.676
175,300,780.065,-815.34,677.969,-586.6
180,300,248.748,-839.168,771.056,-674.386
0,305,-718.21,-12484.2,495.043,8768.46
5,305,-3505.55,-11888.1,2115.87,8454.29
10,305,-6084.56,-10720.2,3621.61,7759.49
15,305,-8266.16,-9111.06,4926.57,6737.71
20,305,-9922.54,-7232.55,5962.65,5473.84
25,305,-10997.2,-5266.37,6686.65,4073.44
30,305,-11500.6,-3374.97,7085.57,2648.28
35,305,-11496.3,-1681.28,7177.72,1300.82
40,305,-11082.1,-260.762,7008.02,111.371
45,305,-10371.1,855.925,6638.41,-868.917
50,305,-9475.5,1673.4,6136.23,-1618.28
55,305,-8494.36,2219.82,5564.17,-2139.43
60,305,-7506.27,2536.08,4973.99,-2452.36
65,305,-6566.76,2667.5,4404.04,-2587.15
70,305,-5709.41,2658.25,3879.67,-2578.18
75,305,-4949.25,2547.83,3414.96,-2459.85
80,305,-4287.29,2369.39,3014.89,-2263.77
85,305,-3714.87,2149.1,2677.52,-2017.16
90,305,-3217.43,1906.65,2396.15,-1742.24
95,305,-2777.4,1656.31,2161.17,-1456.46
100,305,-2376.38,1408.31,1961.85,-1173.15
105,305,-1996.83,1169.99,1787.8,-902.219
110,305,-1623.38,946.426,1630.11,-650.939
115,305,-1244.04,740.511,1482.1,-424.502
120,305,-851.235,552.585,1339.59,-226.683
125,305,-442.863,380.31,1200.85,-60.7103
130,305,-23.4182,219.205,1066.03,69.6126
135,305,394.939,64.0426,936.687,158.904
140,305,791.713,-89.2801,815.626,200.112
145,305,1138.7,-242.033,707.302,186.18
150,305,1402.79,-391.585,618.53,113.612
155,305,1551.23,-531.064,558.401,-13.2166
160,305,1558.09,-649.924,536.252,-179.378
165,305,1410.3,-736.26,557.445,-360.611
170,305,1111.9,-781.866,618.433,-529.007
175,305,686.822,-789.329,704.056,-661.157
180,305,180.6,-777.198,789.801,-744.958
0,310,-672.331,-11672.5,555.755,9823.16
5,310,-3300.01,-11116.4,2411.62,9458.56
10,310,-5723.97,-10019.1,4128.79,8646.86
15,310,-7762.03,-8508.65,5603.86,7456.69
20,310,-9293.35,-6751.36,6757.03,5992.4
25,310,-10267.5,-4920.61,7540.69,4379.96
30,310,-10699.3,-3168.39,7944.51,2749.02
35,310,-10653.5,-1606.66,7994.97,1215.16
40,310,-10226.3,-301.21,7748.27,-133.757
45,310,-9526.62,723.947,7278.23,-1243.88
50,310,-8661.41,1476.32,6662.87,-2094.12
55,310,-7724.5,1983.34,5973.59,-2689.71
60,310,-6790.48,2282.55,5268.83,-3053.87
65,310,-5912.31,2414.64,4592.06,-3220.09
70,310,-5122.16,2418.92,3972.43,-3226.12
75,310,-4434.38,2330.7,3426.74,-3109.59
80,310,-3849.37,2179.77,2961.65,-2905.06
85,310,-3357.74,1989.74,2575.98,-2642.26
90,310,-2943.85,1778.28,2262.79,-2345.3
95,310,-2588.7,1557.86,2011.48,-2032.82
100,310,-2272.16,1336.99,1809.56,-1718.68
105,310,-1974.59,1121.32,1644.26,-1412.94
110,310,-1678.29,914.519,1503.8,-1122.94
115,310,-1368.69,718.473,1378.32,-854.332
120,310,-1035.59,533.257,1260.56,-612.028
125,310,-674.479,357.132,1146.05,-401.091
130,310,-287.955,187.094,1032.97,-227.558
135,310,112.757,20.1418,921.766,-98.847
140,310,506.866,-145.102,814.836,-23.2488
145,310,864.579,-306.997,716.744,-7.96159
150,310,1150.15,-460.169,634.65,-55.6411
155,310,1327.54,-595.547,578.092,-160.554
160,310,1367.39,-701.314,556.928,-306.462
165,310,1253.42,-765.594,577.107,-468.366
170,310,987.17,-781.764,635.752,-618.644
175,310,591.166,-755.49,718.589,-735.53
180,310,111.077,-709.313,802.536,-809.86
0,315,-621.336,-10771.9,612.238,10803.1
5,315,-3051.4,-10266,2671.69,10398.1
10,315,-5288.3,-9263.09,4569.9,9490.13
15,315,-7160.68,-7884.76,6187.45,8161.3
20,315,-8556.51,-6286.49,7434.22,6533
25,315,-9431.27,-4628.21,8259.07,4748.46
30,315,-9802,-3047.63,8654.59,2951.96
35,315,-9732.15,-1643.66,8655.05,1269.17
40,315,-9313.19,-471.972,8326.97,-206.755
45,315,-8647.4,449.578,7754.81,-1420.7
50,315,-7834.35,1130.54,7026.05,-2352.88
55,315,-6961.53,1596.94,6219.79,-3011.03
60,315,-6098.81,1882.55,5400.48,-3421.12
65,315,-5296.21,2023.04,4616.29,-3619.27
70,315,-4584.3,2052.46,3900.1,-3645.63
75,315,-3976.45,2001.19,3271.56,-3540.06
80,315,-3472.35,1894.66,2739.36,-3339.18
85,315,-3061.72,1752.73,2303.33,-3074.48
90,315,-2727.92,1589.76,1956.67,-2771.4
95,315,-2450.81,1415.28,1687.9,-2449.33
100,315,-2209.08,1235.12,1482.88,-2122.28
105,315,-1981.92,1052.74,1326.5,-1800.07
110,315,-1750.38,870.243,1204.23,-1489.74
115,315,-1498.52,688.947,1103.39,-1196.92
120,315,-1214.63,509.517,1014.14,-927.178
125,315,-892.622,331.94,929.947,-686.969
130,315,-533.768,155.77,847.598,-484.199
135,315,-148.515,-19.1244,766.693,-328.098
140,315,242.272,-191.462,689.145,-228.135
145,315,607.806,-357.49,619.063,-191.704
150,315,910.58,-510.29,562.988,-220.719
155,315,1112.28,-639.666,529.646,-308.137
160,315,1181.01,-733.011,528.012,-436.359
165,315,1097.91,-778.192,563.293,-579.547
170,315,862.198,-769.232,632.305,-710.32
175,315,494.775,-713.519,721.329,-808.658
180,315,40.7083,-636.03,809.163,-868.599
0,320,-565.611,-9789.36,664.061,11700.8
5,320,-2766.2,-9341.3,2889.66,11267.3
10,320,-4790,-8451.98,4934.09,10288.1
15,320,-6480.02,-7232.07,6664.54,8856.31
20,320,-7734.56,-5821.62,7982.37,7106.68
25,320,-8514.52,-4362.87,8833.71,5195.51
30,320,-8837.2,-2976.39,9213.82,3277.68
35,320,-8761.78,-1746.86,9163.5,1485.83
40,320,-8372.13,-720.164,8757.8,-83.6603
45,320,-7761.32,90.8846,8089.91,-1375.27
50,320,-7019.81,696.699,7255.11,-2370.54
55,320,-6227.46,1121.1,6339.01,-3079.2
60,320,-5448.69,1393.77,5411.33,-3529.24
65,320,-4730.16,1545.38,4524.54,-3758.57
70,320,-4100.64,1604.69,3715.08,-3808.95
75,320,-3572.62,1596.95,3005.42,-3721.75
80,320,-3145.24,1542.73,2406.28,-3535.1
85,320,-2807.79,1457.47,1918.7,-3281.8
90,320,-2543.17,1351.5,1536.08,-2988.29
95,320,-2330.87,1230.78,1246.36,-2674.41
100,320,-2149.29,1098.06,1034.02,-2353.98
105,320,-1977.44,954.439,882.055,-2036.13
110,320,-1796.16,800.575,773.803,-1726.95
115,320,-1589.21,637.579,694.497,-1431.37
120,320,-1344.3,467.258,632.516,-1154.78
125,320,-1054.6,291.965,580.049,-904.237
130,320,-720.562,114.354,533.033,-688.871
135,320,-352.027,-62.6352,490.486,-519.355
140,320,30.3855,-235.393,453.679,-406.318
145,320,395.704,-398.911,425.725,-357.635
150,320,705.888,-545.87,411.673,-374.888
155,320,921.77,-665.954,418.312,-450.034
160,320,1010.23,-746.288,452.469,-564.197
165,320,950.807,-774.349,517.364,-690.559
170,320,740.802,-744.058,608.529,-801.771
175,320,399.334,-663.29,712.338,-879.421
180,320,-29.9699,-557.907,809.632,-920.727
0,325,-505.582,-8732.31,710.831,12509.5
5,325,-2451.84,-8347.4,3060.31,12060.6
10,325,-4242.89,-7584.96,5212.77,11038.3
15,325,-5739.04,-6541.52,7025.45,9543.26
20,325,-6850.08,-5337.84,8393.46,7718.76
25,325,-7541.61,-4095.29,9260.92,5729.14
30,325,-7829.27,-2915.41,9624.98,3735.42
35,325,-7765.39,-1868.3,9531.07,1873.92
40,325,-7423.69,-990.918,9060.19,242.59
45,325,-6885.84,-292.481,8311.72,-1102.97
50,325,-6231.53,236.886,7386.71,-2144.97
55,325,-5531.75,617.879,6375.84,-2894.04
60,325,-4844.61,875.749,5353.28,-3379.11
65,325,-4212.88,1036.25,4375.34,-3638.96
70,325,-3663.36,1123.17,3481.66,-3716.28
75,325,-3207.89,1156.85,2697.27,-3653.53
80,325,-2845.72,1153.18,2034.66,-3490.01
85,325,-2566.62,1123.2,1495.86,-3259.7
90,325,-2354.19,1073.25,1074.6,-2989.9
95,325,-2188.74,1005.76,758.487,-2700.72
100,325,-2049.51,920.605,531.263,-2405.6
105,325,-1916.33,816.676,374.918,-2112.58
110,325,-1770.73,693.383,271.673,-1826.26
115,325,-1596.93,551.736,205.736,-1550.04
120,325,-1382.8,394.76,164.664,-1288.18
125,325,-1121.33,227.2,140.089,-1047.28
130,325,-812.611,54.7395,127.575,-836.8
135,325,-465.924,-116.856,125.733,-668.31
140,325,-101.246,-282.16,135.101,-553.58
145,325,251.25,-435.682,157.467,-501.401
150,325,554.424,-570.591,195.829,-513.662
155,325,769.903,-677.247,254.25,-581.852
160,325,864.884,-742.983,336.414,-686.015
165,325,818.416,-754.926,442.472,-798.223
170,325,626.531,-706.431,565.71,-890.83
175,325,306.477,-604.862,691.973,-946.678
180,325,-100.42,-475.537,803.939,-965.849
0,330,-441.705,-7608.81,752.19,13223
5,330,-2116.45,-7289.51,3179.74,12772.5
10,330,-3661.77,-6661.05,5399.71,11736.9
15,330,-4957.35,-5803.33,7263.58,10220.1
20,330,-5925.12,-4815.32,8662.74,8368.51
25,330,-6534.66,-3795.54,9540.04,6348.85
30,330,-6798.26,-2825.65,9893.41,4323.44
35,330,-6759.44,-1961.48,9770.47,2429.07
40,330,-6479.87,-1232.14,9255.1,763.831
45,330,-6028.25,-644.751,8449.85,-616.393
50,330,-5472.19,-191.328,7459.1,-1693.25
55,330,-4872.76,144.787,6376.95,-2476.69
60,330,-4280.84,384.044,5281,-2995.07
65,330,-3734.68,547.379,4230.73,-3286.95
70,330,-3258.85,654.015,3268.49,-3395.23
75,330,-2864.79,719.96,2421.28,-3363.05
80,330,-2552.55,757.058,1702.87,-3230.7
85,330,-2313.56,772.619,1115.93,-3033.22
90,330,-2133.47,769.674,654.436,-2798.73
95,330,-1994.76,747.853,306.044,-2547.65
100,330,-1878.77,704.727,54.5451,-2293.03
105,330,-1767.19,637.449,-117.964,-2041.77
110,330,-1643.08,544.372,-229.097,-1796.74
115,330,-1491.77,426.333,-294.457,-1559.23
120,330,-1301.86,287.239,-326.29,-1331.5
125,330,-1066.67,133.72,-332.794,-1118.58
130,330,-786.197,-26.1136,-318.323,-929.17
135,330,-469.159,-184.3,-284.418,-775.062
140,330,-134.355,-334.223,-231.139,-669.042
145,330,189.911,-470.498,-157.989,-621.244
150,330,468.907,-587.334,-64.1378,-634.576
155,330,666.731,-676.254,51.3839,-700.684
160,330,752.454,-725.205,188.449,-798.825
165,330,705.877,-721.193,343.244,-899.866
170,330,522.484,-656.883,505.874,-975.499
175,330,217.727,-538.475,660.86,-1009.3
180,330,-170.106,-389.548,792.128,-1003.62
0,335,-374.467,-6427.4,787.825,13835.8
5,335,-1768.68,-6173.32,3245.43,13397.6
10,335,-3062.07,-5679.49,5491.12,12378.6
15,335,-4154.8,-5007.97,7375.19,10881.2
20,335,-4981.02,-4234.82,8788.12,9049.29
25,335,-5513.61,-3435.17,9672.16,7046.01
30,335,-5760.38,-2670.95,10024.8,5030.11
35,335,-5754.77,-1984.47,9893.24,3135.64
40,335,-5545.48,-1398.17,9360.83,1459.59
45,335,-5187.49,-918.23,8529.98,58.557
50,335,-4735.68,-539.531,7505.66,-1046.99
55,335,-4240.51,-250.105,6383.45,-1864.33
60,335,-3744.83,-34.5769,5243.07,-2419.38
65,335,-3281.64,123.269,4146.31,-2749.06
70,335,-2872.9,238.486,3137.46,-2895.53
75,335,-2529.6,323.425,2244.87,-2901.97
80,335,-2253.11,386.723,1482.94,-2809.28
85,335,-2037.31,432.942,854.609,-2653.31
90,335,-1871,462.849,353.972,-2462.92
95,335,-1740.02,474.271,-30.9185,-2259
100,335,-1628.95,463.372,-315.521,-2054.53
105,335,-1522.38,426.214,-516.625,-1855.71
110,335,-1405.82,360.396,-650.52,-1663.95
115,335,-1266.51,266.484,-731.469,-1478.43
120,335,-1094.46,148.764,-770.515,-1298.85
125,335,-883.836,14.9297,-774.875,-1127.78
130,335,-634.836,-125.448,-748.184,-972.143
135,335,-355.528,-263.128,-691.583,-843.162
140,335,-62.9475,-390.974,-605.202,-754.343
145,335,217.535,-504.093,-489.331,-717.4
150,335,455.003,-597.907,-344.958,-736.814
155,335,617.554,-665.278,-174.159,-804.943
160,335,677.577,-695.097,18.7695,-900.577
165,335,616.846,-674.673,225.353,-993.365
170,335,431.154,-596.228,431.629,-1054.01
175,335,134.451,-464.538,619.871,-1066.2
180,335,-238.497,-300.595,774.288,-1033.75
0,340,-304.378,-5197.07,817.464,14343.3
5,340,-1417.42,-5004.98,3256.34,13930.6
10,340,-2459.48,-4640.26,5485.66,12956.5
15,340,-3351.14,-4147.11,7359.29,11517.5
20,340,-4038.4,-3579.15,8769.62,9748.93
25,340,-4496.84,-2989.01,9659.08,7804.77
30,340,-4729.16,-2420,10023.6,5835.43
35,340,-4758.54,-1902.12,9907.1,3969.16
40,340,-4620.74,-1452.05,9389.29,2300.56
45,340,-4357.3,-1075.68,8568.97,887.377
50,340,-4010.56,-771.081,7548.73,-246.281
55,340,-3620.13,-531.086,6423.36,-1102.91
60,340,-3220.33,-345.353,5273.09,-1703.87
65,340,-2838.22,-202.225,4160.84,-2082.59
70,340,-2492.46,-90.4915,3132.05,-2279.07
75,340,-2193.25,-0.927487,2215.73,-2335.52
80,340,-1943.19,72.6494,1426.5,-2292.6
85,340,-1738.92,132.976,767.301,-2186.47
90,340,-1572.88,179.58,232.363,-2046.56
95,340,-1434.94,209.526,-189.677,-1894.41
100,340,-1313.74,218.523,-513.125,-1743.56
105,340,-1197.66,202.303,-753.092,-1600.37
110,340,-1075.59,158.169,-923.854,-1465.67
115,340,-937.66,86.4459,-1037.54,-1337.12
120,340,-776.185,-8.64962,-1103.15,-1211.96
125,340,-586.923,-119.252,-1126.01,-1089.93
130,340,-370.674,-235.453,-1108.09,-975.471
135,340,-134.829,-347.763,-1049.15,-878.509
140,340,105.827,-449.175,-948.325,-812.79
145,340,329.733,-535.439,-805.7,-791.477
150,340,510.898,-603.035,-623.291,-820.792
155,340,622.611,-646.075,-405.826,-894.119
160,340,641.788,-654.659,-161.846,-990.057
165,340,553.334,-617.009,95.0223,-1077.14
170,340,354.337,-525.492,345.982,-1124.84
175,340,57.8145,-383.618,570.072,-1116.37
180,340,-305.073,-209.353,750.555,-1056.02
0,345,-231.973,-3927.19,840.881,14741.7
5,345,-1071.59,-3791.29,3212.89,14366.3
10,345,-1869.58,-3544.48,5384.46,13462.7
15,345,-2565.87,-3214.45,7217.48,12116.9
20,345,-3117.38,-2834.35,8609.1,10450.5
25,345,-3501.89,-2436.52,9502.71,8603.21
30,345,-3717.14,-2047.73,9891.58,6712.8
35,345,-3776.71,-1687.09,9814.32,4898.78
40,345,-3704.61,-1366.27,9343.62,3252.07
45,345,-3530.19,-1090.81,8571.52,1831.6
50,345,-3284.15,-861.497,7595.22,666.371
55,345,-2995.67,-675.333,6506.15,-239.399
60,345,-2690.3,-526.502,5383.09,-900.313
65,345,-2388.53,-407.571,4288.75,-1344.15
70,345,-2104.96,-310.922,3268.78,-1606.86
75,345,-1848.25,-230.155,2352.45,-1728.06
80,345,-1621.74,-161.086,1554.5,-1747.01
85,345,-1424.49,-102.168,877.939,-1699.34
90,345,-1252.46,-54.3379,317.298,-1614.73
95,345,-1099.63,-20.4598,-138.088,-1515.57
100,345,-958.96,-4.45489,-501.343,-1416.64
105,345,-823.135,-10.1809,-785.925,-1325.55
110,345,-685.172,-40.1007,-1004.07,-1243.8
115,345,-539.025,-93.9524,-1165.56,-1168.66
120,345,-380.3,-167.886,-1276.85,-1095.81
125,345,-207.211,-254.637,-1340.55,-1022.47
130,345,-21.7607,-345.005,-1355.8,-950.52
135,345,169.144,-430.203,-1319.52,-888.094
140,345,353.135,-503.848,-1228.34,-848.54
145,345,512.894,-562.252,-1080.68,-845.891
150,345,627.928,-602.55,-878.453,-887.761
155,345,677.411,-619.831,-628.373,-968.516
160,345,643.64,-605.642,-343.041,-1066.75
165,345,515.702,-549.851,-41.4715,-1150.1
170,345,293.084,-445.845,252.139,-1186.76
175,345,-11.2417,-296.42,512.681,-1158.88
180,345,-369.327,-116.519,721.11,-1070.24
0,350,-157.803,-2627.42,857.899,15027.9
5,350,-739.859,-2539.69,3116.98,14699.8
10,350,-1307.56,-2394.81,5190.99,13888.2
15,350,-1818,-2206.47,6953.92,12664.7
20,350,-2237.74,-1990.65,8310.17,11133.2
25,350,-2546.43,-1762.82,9204.95,9414.6
30,350,-2737.59,-1536.01,9628.21,7630.61
35,350,-2816.8,-1320.18,9611.32,5889.41
40,350,-2798.36,-1122.42,9217.48,4276.76
45,350,-2701.49,-947.275,8529.05,2852.45
50,350,-2546.84,-796.959,7634.97,1651.01
55,350,-2353.99,-671.278,6620.65,684.827
60,350,-2139.85,-567.886,5561.22,-51.9366
65,350,-1917.87,-482.96,4517.59,-579.156
70,350,-1697.82,-412.22,3534.8,-926.49
75,350,-1486.02,-351.975,2642.12,-1129.03
80,350,-1285.74,-299.89,1854.63,-1223.12
85,350,-1097.78,-255.323,1175.82,-1242.91
90,350,-921.039,-219.269,600.902,-1217.82
95,350,-753.135,-194.019,120.014,-1171.16
100,350,-591.052,-182.579,-278.999,-1119.51
105,350,-431.717,-187.86,-608.419,-1072.67
110,350,-272.525,-211.65,-878.996,-1034.15
115,350,-111.78,-253.54,-1098.59,-1002.35
120,350,50.8881,-310.212,-1271.07,-972.793
125,350,214.029,-375.548,-1395.8,-941.371
130,350,373.757,-441.825,-1467.92,-907.915
135,350,523.136,-501.61,-1479.91,-878.66
140,350,651.863,-549.357,-1424.08,-865.847
145,350,746.59,-581.64,-1295.51,-883.395
150,350,792.146,-595.693,-1094.64,-939.46
155,350,773.628,-587.24,-829.317,-1028.99
160,350,679.138,-549.497,-515.752,-1130.68
165,350,502.815,-474.78,-178.261,-1211.59
170,350,247.722,-358.549,153.315,-1238.78
175,350,-72.0207,-203.767,449.016,-1192.91
180,350,-430.771,-22.7976,686.177,-1076.33
0,355,-82.4316,-1307.65,868.388,15199.7
5,355,-430.455,-1258.3,2971.87,14926.8
10,355,-787.837,-1195.7,4911.08,14223.4
15,355,-1125.89,-1122.97,6575.31,13144.6
20,355,-1419.14,-1043.21,7878.35,11773.3
25,355,-1649.02,-959.329,8768.1,10208.7
30,355,-1806.07,-874.04,9230.92,8553.77
35,355,-1890.16,-790.065,9289.69,6903.27
40,355,-1908.62,-710.151,8996.29,5336.35
45,355,-1873.05,-636.785,8421.11,3912.91
50,355,-1796.03,-571.705,7642.3,2672.96
55,355,-1688.7,-515.552,6736.79,1637.8
60,355,-1559.75,-467.879,5773.82,811.813
65,355,-1415.43,-427.519,4810.85,185
70,355,-1260.18,-393.121,3891.4,-263.867
75,355,-1097.3,-363.624,3044.57,-563.352
80,355,-929.242,-338.577,2286.06,-745.31
85,355,-757.709,-318.264,1620.49,-841.297
90,355,-583.707,-303.697,1044.19,-879.932
95,355,-407.672,-296.491,548.324,-885.262
100,355,-229.837,-298.575,121.469,-875.869
105,355,-50.7406,-311.715,-248.08,-864.396
110,355,128.278,-336.838,-570.407,-857.428
115,355,304.736,-373.299,-852.209,-856.014
120,355,474.874,-418.399,-1095.26,-857.303
125,355,633.644,-467.447,-1295.5,-857.464
130,355,774.696,-514.548,-1443.28,-855.373
135,355,890.276,-553.822,-1525.28,-855.561
140,355,971.158,-580.426,-1527.81,-868.477
145,355,1006.86,-590.715,-1440.94,-906.721
150,355,986.503,-581.434,-1262.33,-977.831
155,355,900.408,-548.621,-999.918,-1076.72
160,355,742.404,-487.378,-672.852,-1182.24
165,355,512.303,-393.255,-310.254,-1261.32
170,355,217.917,-264.902,52.563,-1280.17
175,355,-124.073,-106.581,380.438,-1217.76
180,355,-488.936,71.0972,646.022,-1074.22
0,360,-6.4329,22.0631,872.268,15255.8
5,360,-150.923,43.9977,2782.15,15043.2
10,360,-323.771,46.3394,4552.75,14458.7
15,360,-506.978,32.5513,6090.93,13539.3
20,360,-681.178,7.4199,7321.46,12345.4
25,360,-829.574,-24.2051,8195.77,10953.1
30,360,-941.432,-58.4661,8696.79,9444.97
35,360,-1013.63,-92.8974,8838.39,7900.92
40,360,-1049.54,-126.122,8660.11,6392.28
45,360,-1055.88,-157.227,8218.88,4977.96
50,360,-1039.22,-185.331,7580.18,3702.83
55,360,-1003.6,-209.587,6810.4,2596.99
60,360,-950.197,-229.512,5970.93,1675.63
65,360,-878.333,-245.283,5114.17,939.792
70,360,-787.076,-257.779,4281.1,378.277
75,360,-676.339,-268.344,3500.23,-29.3293
80,360,-547.188,-278.466,2788.11,-308.951
85,360,-401.515,-289.574,2150.81,-488.489
90,360,-241.523,-302.976,1586.32,-595.015
95,360,-69.4629,-319.895,1087.07,-652.878
100,360,112.244,-341.441,642.354,-682.51
105,360,300.543,-368.438,240.683,-699.584
110,360,491.222,-401.094,-128.009,-714.436
115,360,678.578,-438.63,-470.027,-731.972
120,360,855.421,-479.017,-785.7,-752.577
125,360,1013.39,-518.991,-1067.86,-774.367
130,360,1143.37,-554.37,-1301.89,-796.481
135,360,1235.84,-580.553,-1467.9,-822.113
140,360,1281.13,-592.936,-1545.13,-859.358
145,360,1269.75,-587.091,-1517.46,-918.332
150,360,1193.26,-558.763,-1378.6,-1004.8
155,360,1045.84,-504.066,-1135.58,-1113
160,360,826.47,-420.186,-809.497,-1222.05
165,360,540.915,-306.59,-433.383,-1299.25
170,360,202.77,-166.205,-47.3665,-1310.45
175,360,-167.188,-5.8598,308.309,-1232.87
180,360,-543.38,164.451,600.95,-1063.93
