stimulus_index,side,window_role,window_x0,window_y0,window_score,sample_index,scene_class,k_value,ratio,frequency_ghz,state_name,source_type,task_index,local_active_count,stimulus_family,source_row,physical_port_order
0,2,corner,14,14,0.4495838273688229,426105,near_boundary,2,0.800000011920929,9.96,frequency_low_identity,combined,-1,3,old_285_replay,0,P00|P10|P01|P11
1,2,corner,14,14,0.4495838273688229,426105,near_boundary,2,0.800000011920929,9.96,frequency_low_identity,task,0,3,old_285_replay,1,P00|P10|P01|P11
2,2,corner,14,14,0.4495838273688229,426105,near_boundary,2,0.800000011920929,9.96,frequency_low_identity,task,1,3,old_285_replay,2,P00|P10|P01|P11
3,2,corner,14,14,0.4495838273688229,426105,near_boundary,2,0.800000011920929,9.96,frequency_low_E2_source,combined,-1,3,old_285_replay,3,P00|P10|P01|P11
4,2,corner,14,14,0.4495838273688229,426105,near_boundary,2,0.800000011920929,9.96,frequency_low_E2_source,task,0,3,old_285_replay,4,P00|P10|P01|P11
5,2,corner,14,14,0.4495838273688229,426105,near_boundary,2,0.800000011920929,9.96,frequency_low_E2_source,task,1,3,old_285_replay,5,P00|P10|P01|P11
6,2,corner,14,14,0.4495838273688229,426105,near_boundary,2,0.800000011920929,10.0,nominal_identity,combined,-1,3,old_285_replay,6,P00|P10|P01|P11
7,2,corner,14,14,0.4495838273688229,426105,near_boundary,2,0.800000011920929,10.0,nominal_identity,task,0,3,old_285_replay,7,P00|P10|P01|P11
8,2,corner,14,14,0.4495838273688229,426105,near_boundary,2,0.800000011920929,10.0,nominal_identity,task,1,3,old_285_replay,8,P00|P10|P01|P11
9,2,corner,14,14,0.4495838273688229,426105,near_boundary,2,0.800000011920929,10.04,frequency_high_identity,combined,-1,3,old_285_replay,9,P00|P10|P01|P11
10,2,corner,14,14,0.4495838273688229,426105,near_boundary,2,0.800000011920929,10.04,frequency_high_identity,task,0,3,old_285_replay,10,P00|P10|P01|P11
11,2,corner,14,14,0.4495838273688229,426105,near_boundary,2,0.800000011920929,10.04,frequency_high_identity,task,1,3,old_285_replay,11,P00|P10|P01|P11
12,2,corner,14,14,0.4495838273688229,426105,near_boundary,2,0.800000011920929,10.04,frequency_high_E2_source,combined,-1,3,old_285_replay,12,P00|P10|P01|P11
13,2,corner,14,14,0.4495838273688229,426105,near_boundary,2,0.800000011920929,10.04,frequency_high_E2_source,task,0,3,old_285_replay,13,P00|P10|P01|P11
14,2,corner,14,14,0.4495838273688229,426105,near_boundary,2,0.800000011920929,10.04,frequency_high_E2_source,task,1,3,old_285_replay,14,P00|P10|P01|P11
15,2,corner,14,14,0.4495838273688229,426109,near_boundary,2,0.6000000238418579,9.96,frequency_low_identity,combined,-1,2,old_285_replay,15,P00|P10|P01|P11
16,2,corner,14,14,0.4495838273688229,426109,near_boundary,2,0.6000000238418579,9.96,frequency_low_identity,task,0,2,old_285_replay,16,P00|P10|P01|P11
17,2,corner,14,14,0.4495838273688229,426109,near_boundary,2,0.6000000238418579,9.96,frequency_low_identity,task,1,2,old_285_replay,17,P00|P10|P01|P11
18,2,corner,14,14,0.4495838273688229,426109,near_boundary,2,0.6000000238418579,9.96,frequency_low_E2_source,combined,-1,2,old_285_replay,18,P00|P10|P01|P11
19,2,corner,14,14,0.4495838273688229,426109,near_boundary,2,0.6000000238418579,9.96,frequency_low_E2_source,task,0,2,old_285_replay,19,P00|P10|P01|P11
20,2,corner,14,14,0.4495838273688229,426109,near_boundary,2,0.6000000238418579,9.96,frequency_low_E2_source,task,1,2,old_285_replay,20,P00|P10|P01|P11
21,2,corner,14,14,0.4495838273688229,426109,near_boundary,2,0.6000000238418579,10.0,nominal_identity,combined,-1,2,old_285_replay,21,P00|P10|P01|P11
22,2,corner,14,14,0.4495838273688229,426109,near_boundary,2,0.6000000238418579,10.0,nominal_identity,task,0,2,old_285_replay,22,P00|P10|P01|P11
23,2,corner,14,14,0.4495838273688229,426109,near_boundary,2,0.6000000238418579,10.0,nominal_identity,task,1,2,old_285_replay,23,P00|P10|P01|P11
24,2,corner,14,14,0.4495838273688229,426109,near_boundary,2,0.6000000238418579,10.04,frequency_high_identity,combined,-1,2,old_285_replay,24,P00|P10|P01|P11
25,2,corner,14,14,0.4495838273688229,426109,near_boundary,2,0.6000000238418579,10.04,frequency_high_identity,task,0,2,old_285_replay,25,P00|P10|P01|P11
26,2,corner,14,14,0.4495838273688229,426109,near_boundary,2,0.6000000238418579,10.04,frequency_high_identity,task,1,2,old_285_replay,26,P00|P10|P01|P11
27,2,corner,14,14,0.4495838273688229,426109,near_boundary,2,0.6000000238418579,10.04,frequency_high_E2_source,combined,-1,2,old_285_replay,27,P00|P10|P01|P11
28,2,corner,14,14,0.4495838273688229,426109,near_boundary,2,0.6000000238418579,10.04,frequency_high_E2_source,task,0,2,old_285_replay,28,P00|P10|P01|P11
29,2,corner,14,14,0.4495838273688229,426109,near_boundary,2,0.6000000238418579,10.04,frequency_high_E2_source,task,1,2,old_285_replay,29,P00|P10|P01|P11
30,2,corner,14,14,0.4495838273688229,426110,near_boundary,4,0.699999988079071,9.96,frequency_low_identity,combined,-1,3,old_285_replay,30,P00|P10|P01|P11
31,2,corner,14,14,0.4495838273688229,426110,near_boundary,4,0.699999988079071,9.96,frequency_low_identity,task,0,3,old_285_replay,31,P00|P10|P01|P11
32,2,corner,14,14,0.4495838273688229,426110,near_boundary,4,0.699999988079071,9.96,frequency_low_identity,task,1,3,old_285_replay,32,P00|P10|P01|P11
33,2,corner,14,14,0.4495838273688229,426110,near_boundary,4,0.699999988079071,9.96,frequency_low_identity,task,2,3,old_285_replay,33,P00|P10|P01|P11
34,2,corner,14,14,0.4495838273688229,426110,near_boundary,4,0.699999988079071,9.96,frequency_low_identity,task,3,3,old_285_replay,34,P00|P10|P01|P11
35,2,corner,14,14,0.4495838273688229,426110,near_boundary,4,0.699999988079071,9.96,frequency_low_E2_source,combined,-1,3,old_285_replay,35,P00|P10|P01|P11
36,2,corner,14,14,0.4495838273688229,426110,near_boundary,4,0.699999988079071,9.96,frequency_low_E2_source,task,0,3,old_285_replay,36,P00|P10|P01|P11
37,2,corner,14,14,0.4495838273688229,426110,near_boundary,4,0.699999988079071,9.96,frequency_low_E2_source,task,1,3,old_285_replay,37,P00|P10|P01|P11
38,2,corner,14,14,0.4495838273688229,426110,near_boundary,4,0.699999988079071,9.96,frequency_low_E2_source,task,2,3,old_285_replay,38,P00|P10|P01|P11
39,2,corner,14,14,0.4495838273688229,426110,near_boundary,4,0.699999988079071,9.96,frequency_low_E2_source,task,3,3,old_285_replay,39,P00|P10|P01|P11
40,2,corner,14,14,0.4495838273688229,426110,near_boundary,4,0.699999988079071,10.0,nominal_identity,combined,-1,3,old_285_replay,40,P00|P10|P01|P11
41,2,corner,14,14,0.4495838273688229,426110,near_boundary,4,0.699999988079071,10.0,nominal_identity,task,0,3,old_285_replay,41,P00|P10|P01|P11
42,2,corner,14,14,0.4495838273688229,426110,near_boundary,4,0.699999988079071,10.0,nominal_identity,task,1,3,old_285_replay,42,P00|P10|P01|P11
43,2,corner,14,14,0.4495838273688229,426110,near_boundary,4,0.699999988079071,10.0,nominal_identity,task,2,3,old_285_replay,43,P00|P10|P01|P11
44,2,corner,14,14,0.4495838273688229,426110,near_boundary,4,0.699999988079071,10.0,nominal_identity,task,3,3,old_285_replay,44,P00|P10|P01|P11
45,2,corner,14,14,0.4495838273688229,426110,near_boundary,4,0.699999988079071,10.04,frequency_high_identity,combined,-1,3,old_285_replay,45,P00|P10|P01|P11
46,2,corner,14,14,0.4495838273688229,426110,near_boundary,4,0.699999988079071,10.04,frequency_high_identity,task,0,3,old_285_replay,46,P00|P10|P01|P11
47,2,corner,14,14,0.4495838273688229,426110,near_boundary,4,0.699999988079071,10.04,frequency_high_identity,task,1,3,old_285_replay,47,P00|P10|P01|P11
48,2,corner,14,14,0.4495838273688229,426110,near_boundary,4,0.699999988079071,10.04,frequency_high_identity,task,2,3,old_285_replay,48,P00|P10|P01|P11
49,2,corner,14,14,0.4495838273688229,426110,near_boundary,4,0.699999988079071,10.04,frequency_high_identity,task,3,3,old_285_replay,49,P00|P10|P01|P11
50,2,corner,14,14,0.4495838273688229,426110,near_boundary,4,0.699999988079071,10.04,frequency_high_E2_source,combined,-1,3,old_285_replay,50,P00|P10|P01|P11
51,2,corner,14,14,0.4495838273688229,426110,near_boundary,4,0.699999988079071,10.04,frequency_high_E2_source,task,0,3,old_285_replay,51,P00|P10|P01|P11
52,2,corner,14,14,0.4495838273688229,426110,near_boundary,4,0.699999988079071,10.04,frequency_high_E2_source,task,1,3,old_285_replay,52,P00|P10|P01|P11
53,2,corner,14,14,0.4495838273688229,426110,near_boundary,4,0.699999988079071,10.04,frequency_high_E2_source,task,2,3,old_285_replay,53,P00|P10|P01|P11
54,2,corner,14,14,0.4495838273688229,426110,near_boundary,4,0.699999988079071,10.04,frequency_high_E2_source,task,3,3,old_285_replay,54,P00|P10|P01|P11
55,2,corner,14,14,0.4495838273688229,426102,stress,2,0.699999988079071,9.96,frequency_low_identity,combined,-1,2,old_285_replay,55,P00|P10|P01|P11
56,2,corner,14,14,0.4495838273688229,426102,stress,2,0.699999988079071,9.96,frequency_low_identity,task,0,2,old_285_replay,56,P00|P10|P01|P11
57,2,corner,14,14,0.4495838273688229,426102,stress,2,0.699999988079071,9.96,frequency_low_identity,task,1,2,old_285_replay,57,P00|P10|P01|P11
58,2,corner,14,14,0.4495838273688229,426102,stress,2,0.699999988079071,9.96,frequency_low_E2_source,combined,-1,2,old_285_replay,58,P00|P10|P01|P11
59,2,corner,14,14,0.4495838273688229,426102,stress,2,0.699999988079071,9.96,frequency_low_E2_source,task,0,2,old_285_replay,59,P00|P10|P01|P11
60,2,corner,14,14,0.4495838273688229,426102,stress,2,0.699999988079071,9.96,frequency_low_E2_source,task,1,2,old_285_replay,60,P00|P10|P01|P11
61,2,corner,14,14,0.4495838273688229,426102,stress,2,0.699999988079071,10.0,nominal_identity,combined,-1,2,old_285_replay,61,P00|P10|P01|P11
62,2,corner,14,14,0.4495838273688229,426102,stress,2,0.699999988079071,10.0,nominal_identity,task,0,2,old_285_replay,62,P00|P10|P01|P11
63,2,corner,14,14,0.4495838273688229,426102,stress,2,0.699999988079071,10.0,nominal_identity,task,1,2,old_285_replay,63,P00|P10|P01|P11
64,2,corner,14,14,0.4495838273688229,426102,stress,2,0.699999988079071,10.04,frequency_high_identity,combined,-1,2,old_285_replay,64,P00|P10|P01|P11
65,2,corner,14,14,0.4495838273688229,426102,stress,2,0.699999988079071,10.04,frequency_high_identity,task,0,2,old_285_replay,65,P00|P10|P01|P11
66,2,corner,14,14,0.4495838273688229,426102,stress,2,0.699999988079071,10.04,frequency_high_identity,task,1,2,old_285_replay,66,P00|P10|P01|P11
67,2,corner,14,14,0.4495838273688229,426102,stress,2,0.699999988079071,10.04,frequency_high_E2_source,combined,-1,2,old_285_replay,67,P00|P10|P01|P11
68,2,corner,14,14,0.4495838273688229,426102,stress,2,0.699999988079071,10.04,frequency_high_E2_source,task,0,2,old_285_replay,68,P00|P10|P01|P11
69,2,corner,14,14,0.4495838273688229,426102,stress,2,0.699999988079071,10.04,frequency_high_E2_source,task,1,2,old_285_replay,69,P00|P10|P01|P11
70,2,corner,14,14,0.4495838273688229,426113,stress,4,0.800000011920929,9.96,frequency_low_identity,combined,-1,3,old_285_replay,70,P00|P10|P01|P11
71,2,corner,14,14,0.4495838273688229,426113,stress,4,0.800000011920929,9.96,frequency_low_identity,task,0,3,old_285_replay,71,P00|P10|P01|P11
72,2,corner,14,14,0.4495838273688229,426113,stress,4,0.800000011920929,9.96,frequency_low_identity,task,1,3,old_285_replay,72,P00|P10|P01|P11
73,2,corner,14,14,0.4495838273688229,426113,stress,4,0.800000011920929,9.96,frequency_low_identity,task,2,3,old_285_replay,73,P00|P10|P01|P11
74,2,corner,14,14,0.4495838273688229,426113,stress,4,0.800000011920929,9.96,frequency_low_identity,task,3,3,old_285_replay,74,P00|P10|P01|P11
75,2,corner,14,14,0.4495838273688229,426113,stress,4,0.800000011920929,9.96,frequency_low_E2_source,combined,-1,3,old_285_replay,75,P00|P10|P01|P11
76,2,corner,14,14,0.4495838273688229,426113,stress,4,0.800000011920929,9.96,frequency_low_E2_source,task,0,3,old_285_replay,76,P00|P10|P01|P11
77,2,corner,14,14,0.4495838273688229,426113,stress,4,0.800000011920929,9.96,frequency_low_E2_source,task,1,3,old_285_replay,77,P00|P10|P01|P11
78,2,corner,14,14,0.4495838273688229,426113,stress,4,0.800000011920929,9.96,frequency_low_E2_source,task,2,3,old_285_replay,78,P00|P10|P01|P11
79,2,corner,14,14,0.4495838273688229,426113,stress,4,0.800000011920929,9.96,frequency_low_E2_source,task,3,3,old_285_replay,79,P00|P10|P01|P11
80,2,corner,14,14,0.4495838273688229,426113,stress,4,0.800000011920929,10.0,nominal_identity,combined,-1,3,old_285_replay,80,P00|P10|P01|P11
81,2,corner,14,14,0.4495838273688229,426113,stress,4,0.800000011920929,10.0,nominal_identity,task,0,3,old_285_replay,81,P00|P10|P01|P11
82,2,corner,14,14,0.4495838273688229,426113,stress,4,0.800000011920929,10.0,nominal_identity,task,1,3,old_285_replay,82,P00|P10|P01|P11
83,2,corner,14,14,0.4495838273688229,426113,stress,4,0.800000011920929,10.0,nominal_identity,task,2,3,old_285_replay,83,P00|P10|P01|P11
84,2,corner,14,14,0.4495838273688229,426113,stress,4,0.800000011920929,10.0,nominal_identity,task,3,3,old_285_replay,84,P00|P10|P01|P11
85,2,corner,14,14,0.4495838273688229,426113,stress,4,0.800000011920929,10.04,frequency_high_identity,combined,-1,3,old_285_replay,85,P00|P10|P01|P11
86,2,corner,14,14,0.4495838273688229,426113,stress,4,0.800000011920929,10.04,frequency_high_identity,task,0,3,old_285_replay,86,P00|P10|P01|P11
87,2,corner,14,14,0.4495838273688229,426113,stress,4,0.800000011920929,10.04,frequency_high_identity,task,1,3,old_285_replay,87,P00|P10|P01|P11
88,2,corner,14,14,0.4495838273688229,426113,stress,4,0.800000011920929,10.04,frequency_high_identity,task,2,3,old_285_replay,88,P00|P10|P01|P11
89,2,corner,14,14,0.4495838273688229,426113,stress,4,0.800000011920929,10.04,frequency_high_identity,task,3,3,old_285_replay,89,P00|P10|P01|P11
90,2,corner,14,14,0.4495838273688229,426113,stress,4,0.800000011920929,10.04,frequency_high_E2_source,combined,-1,3,old_285_replay,90,P00|P10|P01|P11
91,2,corner,14,14,0.4495838273688229,426113,stress,4,0.800000011920929,10.04,frequency_high_E2_source,task,0,3,old_285_replay,91,P00|P10|P01|P11
92,2,corner,14,14,0.4495838273688229,426113,stress,4,0.800000011920929,10.04,frequency_high_E2_source,task,1,3,old_285_replay,92,P00|P10|P01|P11
93,2,corner,14,14,0.4495838273688229,426113,stress,4,0.800000011920929,10.04,frequency_high_E2_source,task,2,3,old_285_replay,93,P00|P10|P01|P11
94,2,corner,14,14,0.4495838273688229,426113,stress,4,0.800000011920929,10.04,frequency_high_E2_source,task,3,3,old_285_replay,94,P00|P10|P01|P11
95,2,edge,14,10,0.5826155150276308,426105,near_boundary,2,0.800000011920929,9.96,frequency_low_identity,combined,-1,4,old_285_replay,95,P00|P10|P01|P11
96,2,edge,14,10,0.5826155150276308,426105,near_boundary,2,0.800000011920929,9.96,frequency_low_identity,task,0,4,old_285_replay,96,P00|P10|P01|P11
97,2,edge,14,10,0.5826155150276308,426105,near_boundary,2,0.800000011920929,9.96,frequency_low_identity,task,1,4,old_285_replay,97,P00|P10|P01|P11
98,2,edge,14,10,0.5826155150276308,426105,near_boundary,2,0.800000011920929,9.96,frequency_low_E2_source,combined,-1,4,old_285_replay,98,P00|P10|P01|P11
99,2,edge,14,10,0.5826155150276308,426105,near_boundary,2,0.800000011920929,9.96,frequency_low_E2_source,task,0,4,old_285_replay,99,P00|P10|P01|P11
100,2,edge,14,10,0.5826155150276308,426105,near_boundary,2,0.800000011920929,9.96,frequency_low_E2_source,task,1,4,old_285_replay,100,P00|P10|P01|P11
101,2,edge,14,10,0.5826155150276308,426105,near_boundary,2,0.800000011920929,10.0,nominal_identity,combined,-1,4,old_285_replay,101,P00|P10|P01|P11
102,2,edge,14,10,0.5826155150276308,426105,near_boundary,2,0.800000011920929,10.0,nominal_identity,task,0,4,old_285_replay,102,P00|P10|P01|P11
103,2,edge,14,10,0.5826155150276308,426105,near_boundary,2,0.800000011920929,10.0,nominal_identity,task,1,4,old_285_replay,103,P00|P10|P01|P11
104,2,edge,14,10,0.5826155150276308,426105,near_boundary,2,0.800000011920929,10.04,frequency_high_identity,combined,-1,4,old_285_replay,104,P00|P10|P01|P11
105,2,edge,14,10,0.5826155150276308,426105,near_boundary,2,0.800000011920929,10.04,frequency_high_identity,task,0,4,old_285_replay,105,P00|P10|P01|P11
106,2,edge,14,10,0.5826155150276308,426105,near_boundary,2,0.800000011920929,10.04,frequency_high_identity,task,1,4,old_285_replay,106,P00|P10|P01|P11
107,2,edge,14,10,0.5826155150276308,426105,near_boundary,2,0.800000011920929,10.04,frequency_high_E2_source,combined,-1,4,old_285_replay,107,P00|P10|P01|P11
108,2,edge,14,10,0.5826155150276308,426105,near_boundary,2,0.800000011920929,10.04,frequency_high_E2_source,task,0,4,old_285_replay,108,P00|P10|P01|P11
109,2,edge,14,10,0.5826155150276308,426105,near_boundary,2,0.800000011920929,10.04,frequency_high_E2_source,task,1,4,old_285_replay,109,P00|P10|P01|P11
110,2,edge,14,10,0.5826155150276308,426109,near_boundary,2,0.6000000238418579,9.96,frequency_low_identity,combined,-1,2,old_285_replay,110,P00|P10|P01|P11
111,2,edge,14,10,0.5826155150276308,426109,near_boundary,2,0.6000000238418579,9.96,frequency_low_identity,task,0,2,old_285_replay,111,P00|P10|P01|P11
112,2,edge,14,10,0.5826155150276308,426109,near_boundary,2,0.6000000238418579,9.96,frequency_low_identity,task,1,2,old_285_replay,112,P00|P10|P01|P11
113,2,edge,14,10,0.5826155150276308,426109,near_boundary,2,0.6000000238418579,9.96,frequency_low_E2_source,combined,-1,2,old_285_replay,113,P00|P10|P01|P11
114,2,edge,14,10,0.5826155150276308,426109,near_boundary,2,0.6000000238418579,9.96,frequency_low_E2_source,task,0,2,old_285_replay,114,P00|P10|P01|P11
115,2,edge,14,10,0.5826155150276308,426109,near_boundary,2,0.6000000238418579,9.96,frequency_low_E2_source,task,1,2,old_285_replay,115,P00|P10|P01|P11
116,2,edge,14,10,0.5826155150276308,426109,near_boundary,2,0.6000000238418579,10.0,nominal_identity,combined,-1,2,old_285_replay,116,P00|P10|P01|P11
117,2,edge,14,10,0.5826155150276308,426109,near_boundary,2,0.6000000238418579,10.0,nominal_identity,task,0,2,old_285_replay,117,P00|P10|P01|P11
118,2,edge,14,10,0.5826155150276308,426109,near_boundary,2,0.6000000238418579,10.0,nominal_identity,task,1,2,old_285_replay,118,P00|P10|P01|P11
119,2,edge,14,10,0.5826155150276308,426109,near_boundary,2,0.6000000238418579,10.04,frequency_high_identity,combined,-1,2,old_285_replay,119,P00|P10|P01|P11
120,2,edge,14,10,0.5826155150276308,426109,near_boundary,2,0.6000000238418579,10.04,frequency_high_identity,task,0,2,old_285_replay,120,P00|P10|P01|P11
121,2,edge,14,10,0.5826155150276308,426109,near_boundary,2,0.6000000238418579,10.04,frequency_high_identity,task,1,2,old_285_replay,121,P00|P10|P01|P11
122,2,edge,14,10,0.5826155150276308,426109,near_boundary,2,0.6000000238418579,10.04,frequency_high_E2_source,combined,-1,2,old_285_replay,122,P00|P10|P01|P11
123,2,edge,14,10,0.5826155150276308,426109,near_boundary,2,0.6000000238418579,10.04,frequency_high_E2_source,task,0,2,old_285_replay,123,P00|P10|P01|P11
124,2,edge,14,10,0.5826155150276308,426109,near_boundary,2,0.6000000238418579,10.04,frequency_high_E2_source,task,1,2,old_285_replay,124,P00|P10|P01|P11
125,2,edge,14,10,0.5826155150276308,426110,near_boundary,4,0.699999988079071,9.96,frequency_low_identity,combined,-1,4,old_285_replay,125,P00|P10|P01|P11
126,2,edge,14,10,0.5826155150276308,426110,near_boundary,4,0.699999988079071,9.96,frequency_low_identity,task,0,4,old_285_replay,126,P00|P10|P01|P11
127,2,edge,14,10,0.5826155150276308,426110,near_boundary,4,0.699999988079071,9.96,frequency_low_identity,task,1,4,old_285_replay,127,P00|P10|P01|P11
128,2,edge,14,10,0.5826155150276308,426110,near_boundary,4,0.699999988079071,9.96,frequency_low_identity,task,2,4,old_285_replay,128,P00|P10|P01|P11
129,2,edge,14,10,0.5826155150276308,426110,near_boundary,4,0.699999988079071,9.96,frequency_low_identity,task,3,4,old_285_replay,129,P00|P10|P01|P11
130,2,edge,14,10,0.5826155150276308,426110,near_boundary,4,0.699999988079071,9.96,frequency_low_E2_source,combined,-1,4,old_285_replay,130,P00|P10|P01|P11
131,2,edge,14,10,0.5826155150276308,426110,near_boundary,4,0.699999988079071,9.96,frequency_low_E2_source,task,0,4,old_285_replay,131,P00|P10|P01|P11
132,2,edge,14,10,0.5826155150276308,426110,near_boundary,4,0.699999988079071,9.96,frequency_low_E2_source,task,1,4,old_285_replay,132,P00|P10|P01|P11
133,2,edge,14,10,0.5826155150276308,426110,near_boundary,4,0.699999988079071,9.96,frequency_low_E2_source,task,2,4,old_285_replay,133,P00|P10|P01|P11
134,2,edge,14,10,0.5826155150276308,426110,near_boundary,4,0.699999988079071,9.96,frequency_low_E2_source,task,3,4,old_285_replay,134,P00|P10|P01|P11
135,2,edge,14,10,0.5826155150276308,426110,near_boundary,4,0.699999988079071,10.0,nominal_identity,combined,-1,4,old_285_replay,135,P00|P10|P01|P11
136,2,edge,14,10,0.5826155150276308,426110,near_boundary,4,0.699999988079071,10.0,nominal_identity,task,0,4,old_285_replay,136,P00|P10|P01|P11
137,2,edge,14,10,0.5826155150276308,426110,near_boundary,4,0.699999988079071,10.0,nominal_identity,task,1,4,old_285_replay,137,P00|P10|P01|P11
138,2,edge,14,10,0.5826155150276308,426110,near_boundary,4,0.699999988079071,10.0,nominal_identity,task,2,4,old_285_replay,138,P00|P10|P01|P11
139,2,edge,14,10,0.5826155150276308,426110,near_boundary,4,0.699999988079071,10.0,nominal_identity,task,3,4,old_285_replay,139,P00|P10|P01|P11
140,2,edge,14,10,0.5826155150276308,426110,near_boundary,4,0.699999988079071,10.04,frequency_high_identity,combined,-1,4,old_285_replay,140,P00|P10|P01|P11
141,2,edge,14,10,0.5826155150276308,426110,near_boundary,4,0.699999988079071,10.04,frequency_high_identity,task,0,4,old_285_replay,141,P00|P10|P01|P11
142,2,edge,14,10,0.5826155150276308,426110,near_boundary,4,0.699999988079071,10.04,frequency_high_identity,task,1,4,old_285_replay,142,P00|P10|P01|P11
143,2,edge,14,10,0.5826155150276308,426110,near_boundary,4,0.699999988079071,10.04,frequency_high_identity,task,2,4,old_285_replay,143,P00|P10|P01|P11
144,2,edge,14,10,0.5826155150276308,426110,near_boundary,4,0.699999988079071,10.04,frequency_high_identity,task,3,4,old_285_replay,144,P00|P10|P01|P11
145,2,edge,14,10,0.5826155150276308,426110,near_boundary,4,0.699999988079071,10.04,frequency_high_E2_source,combined,-1,4,old_285_replay,145,P00|P10|P01|P11
146,2,edge,14,10,0.5826155150276308,426110,near_boundary,4,0.699999988079071,10.04,frequency_high_E2_source,task,0,4,old_285_replay,146,P00|P10|P01|P11
147,2,edge,14,10,0.5826155150276308,426110,near_boundary,4,0.699999988079071,10.04,frequency_high_E2_source,task,1,4,old_285_replay,147,P00|P10|P01|P11
148,2,edge,14,10,0.5826155150276308,426110,near_boundary,4,0.699999988079071,10.04,frequency_high_E2_source,task,2,4,old_285_replay,148,P00|P10|P01|P11
149,2,edge,14,10,0.5826155150276308,426110,near_boundary,4,0.699999988079071,10.04,frequency_high_E2_source,task,3,4,old_285_replay,149,P00|P10|P01|P11
150,2,edge,14,10,0.5826155150276308,426102,stress,2,0.699999988079071,9.96,frequency_low_identity,combined,-1,2,old_285_replay,150,P00|P10|P01|P11
151,2,edge,14,10,0.5826155150276308,426102,stress,2,0.699999988079071,9.96,frequency_low_identity,task,0,2,old_285_replay,151,P00|P10|P01|P11
152,2,edge,14,10,0.5826155150276308,426102,stress,2,0.699999988079071,9.96,frequency_low_identity,task,1,2,old_285_replay,152,P00|P10|P01|P11
153,2,edge,14,10,0.5826155150276308,426102,stress,2,0.699999988079071,9.96,frequency_low_E2_source,combined,-1,2,old_285_replay,153,P00|P10|P01|P11
154,2,edge,14,10,0.5826155150276308,426102,stress,2,0.699999988079071,9.96,frequency_low_E2_source,task,0,2,old_285_replay,154,P00|P10|P01|P11
155,2,edge,14,10,0.5826155150276308,426102,stress,2,0.699999988079071,9.96,frequency_low_E2_source,task,1,2,old_285_replay,155,P00|P10|P01|P11
156,2,edge,14,10,0.5826155150276308,426102,stress,2,0.699999988079071,10.0,nominal_identity,combined,-1,2,old_285_replay,156,P00|P10|P01|P11
157,2,edge,14,10,0.5826155150276308,426102,stress,2,0.699999988079071,10.0,nominal_identity,task,0,2,old_285_replay,157,P00|P10|P01|P11
158,2,edge,14,10,0.5826155150276308,426102,stress,2,0.699999988079071,10.0,nominal_identity,task,1,2,old_285_replay,158,P00|P10|P01|P11
159,2,edge,14,10,0.5826155150276308,426102,stress,2,0.699999988079071,10.04,frequency_high_identity,combined,-1,2,old_285_replay,159,P00|P10|P01|P11
160,2,edge,14,10,0.5826155150276308,426102,stress,2,0.699999988079071,10.04,frequency_high_identity,task,0,2,old_285_replay,160,P00|P10|P01|P11
161,2,edge,14,10,0.5826155150276308,426102,stress,2,0.699999988079071,10.04,frequency_high_identity,task,1,2,old_285_replay,161,P00|P10|P01|P11
162,2,edge,14,10,0.5826155150276308,426102,stress,2,0.699999988079071,10.04,frequency_high_E2_source,combined,-1,2,old_285_replay,162,P00|P10|P01|P11
163,2,edge,14,10,0.5826155150276308,426102,stress,2,0.699999988079071,10.04,frequency_high_E2_source,task,0,2,old_285_replay,163,P00|P10|P01|P11
164,2,edge,14,10,0.5826155150276308,426102,stress,2,0.699999988079071,10.04,frequency_high_E2_source,task,1,2,old_285_replay,164,P00|P10|P01|P11
165,2,edge,14,10,0.5826155150276308,426113,stress,4,0.800000011920929,9.96,frequency_low_identity,combined,-1,2,old_285_replay,165,P00|P10|P01|P11
166,2,edge,14,10,0.5826155150276308,426113,stress,4,0.800000011920929,9.96,frequency_low_identity,task,0,2,old_285_replay,166,P00|P10|P01|P11
167,2,edge,14,10,0.5826155150276308,426113,stress,4,0.800000011920929,9.96,frequency_low_identity,task,1,2,old_285_replay,167,P00|P10|P01|P11
168,2,edge,14,10,0.5826155150276308,426113,stress,4,0.800000011920929,9.96,frequency_low_identity,task,2,2,old_285_replay,168,P00|P10|P01|P11
169,2,edge,14,10,0.5826155150276308,426113,stress,4,0.800000011920929,9.96,frequency_low_identity,task,3,2,old_285_replay,169,P00|P10|P01|P11
170,2,edge,14,10,0.5826155150276308,426113,stress,4,0.800000011920929,9.96,frequency_low_E2_source,combined,-1,2,old_285_replay,170,P00|P10|P01|P11
171,2,edge,14,10,0.5826155150276308,426113,stress,4,0.800000011920929,9.96,frequency_low_E2_source,task,0,2,old_285_replay,171,P00|P10|P01|P11
172,2,edge,14,10,0.5826155150276308,426113,stress,4,0.800000011920929,9.96,frequency_low_E2_source,task,1,2,old_285_replay,172,P00|P10|P01|P11
173,2,edge,14,10,0.5826155150276308,426113,stress,4,0.800000011920929,9.96,frequency_low_E2_source,task,2,2,old_285_replay,173,P00|P10|P01|P11
174,2,edge,14,10,0.5826155150276308,426113,stress,4,0.800000011920929,9.96,frequency_low_E2_source,task,3,2,old_285_replay,174,P00|P10|P01|P11
175,2,edge,14,10,0.5826155150276308,426113,stress,4,0.800000011920929,10.0,nominal_identity,combined,-1,2,old_285_replay,175,P00|P10|P01|P11
176,2,edge,14,10,0.5826155150276308,426113,stress,4,0.800000011920929,10.0,nominal_identity,task,0,2,old_285_replay,176,P00|P10|P01|P11
177,2,edge,14,10,0.5826155150276308,426113,stress,4,0.800000011920929,10.0,nominal_identity,task,1,2,old_285_replay,177,P00|P10|P01|P11
178,2,edge,14,10,0.5826155150276308,426113,stress,4,0.800000011920929,10.0,nominal_identity,task,2,2,old_285_replay,178,P00|P10|P01|P11
179,2,edge,14,10,0.5826155150276308,426113,stress,4,0.800000011920929,10.0,nominal_identity,task,3,2,old_285_replay,179,P00|P10|P01|P11
180,2,edge,14,10,0.5826155150276308,426113,stress,4,0.800000011920929,10.04,frequency_high_identity,combined,-1,2,old_285_replay,180,P00|P10|P01|P11
181,2,edge,14,10,0.5826155150276308,426113,stress,4,0.800000011920929,10.04,frequency_high_identity,task,0,2,old_285_replay,181,P00|P10|P01|P11
182,2,edge,14,10,0.5826155150276308,426113,stress,4,0.800000011920929,10.04,frequency_high_identity,task,1,2,old_285_replay,182,P00|P10|P01|P11
183,2,edge,14,10,0.5826155150276308,426113,stress,4,0.800000011920929,10.04,frequency_high_identity,task,2,2,old_285_replay,183,P00|P10|P01|P11
184,2,edge,14,10,0.5826155150276308,426113,stress,4,0.800000011920929,10.04,frequency_high_identity,task,3,2,old_285_replay,184,P00|P10|P01|P11
185,2,edge,14,10,0.5826155150276308,426113,stress,4,0.800000011920929,10.04,frequency_high_E2_source,combined,-1,2,old_285_replay,185,P00|P10|P01|P11
186,2,edge,14,10,0.5826155150276308,426113,stress,4,0.800000011920929,10.04,frequency_high_E2_source,task,0,2,old_285_replay,186,P00|P10|P01|P11
187,2,edge,14,10,0.5826155150276308,426113,stress,4,0.800000011920929,10.04,frequency_high_E2_source,task,1,2,old_285_replay,187,P00|P10|P01|P11
188,2,edge,14,10,0.5826155150276308,426113,stress,4,0.800000011920929,10.04,frequency_high_E2_source,task,2,2,old_285_replay,188,P00|P10|P01|P11
189,2,edge,14,10,0.5826155150276308,426113,stress,4,0.800000011920929,10.04,frequency_high_E2_source,task,3,2,old_285_replay,189,P00|P10|P01|P11
190,2,interior,9,6,0.9661688989903746,426105,near_boundary,2,0.800000011920929,9.96,frequency_low_identity,combined,-1,4,old_285_replay,190,P00|P10|P01|P11
191,2,interior,9,6,0.9661688989903746,426105,near_boundary,2,0.800000011920929,9.96,frequency_low_identity,task,0,4,old_285_replay,191,P00|P10|P01|P11
192,2,interior,9,6,0.9661688989903746,426105,near_boundary,2,0.800000011920929,9.96,frequency_low_identity,task,1,4,old_285_replay,192,P00|P10|P01|P11
193,2,interior,9,6,0.9661688989903746,426105,near_boundary,2,0.800000011920929,9.96,frequency_low_E2_source,combined,-1,4,old_285_replay,193,P00|P10|P01|P11
194,2,interior,9,6,0.9661688989903746,426105,near_boundary,2,0.800000011920929,9.96,frequency_low_E2_source,task,0,4,old_285_replay,194,P00|P10|P01|P11
195,2,interior,9,6,0.9661688989903746,426105,near_boundary,2,0.800000011920929,9.96,frequency_low_E2_source,task,1,4,old_285_replay,195,P00|P10|P01|P11
196,2,interior,9,6,0.9661688989903746,426105,near_boundary,2,0.800000011920929,10.0,nominal_identity,combined,-1,4,old_285_replay,196,P00|P10|P01|P11
197,2,interior,9,6,0.9661688989903746,426105,near_boundary,2,0.800000011920929,10.0,nominal_identity,task,0,4,old_285_replay,197,P00|P10|P01|P11
198,2,interior,9,6,0.9661688989903746,426105,near_boundary,2,0.800000011920929,10.0,nominal_identity,task,1,4,old_285_replay,198,P00|P10|P01|P11
199,2,interior,9,6,0.9661688989903746,426105,near_boundary,2,0.800000011920929,10.04,frequency_high_identity,combined,-1,4,old_285_replay,199,P00|P10|P01|P11
200,2,interior,9,6,0.9661688989903746,426105,near_boundary,2,0.800000011920929,10.04,frequency_high_identity,task,0,4,old_285_replay,200,P00|P10|P01|P11
201,2,interior,9,6,0.9661688989903746,426105,near_boundary,2,0.800000011920929,10.04,frequency_high_identity,task,1,4,old_285_replay,201,P00|P10|P01|P11
202,2,interior,9,6,0.9661688989903746,426105,near_boundary,2,0.800000011920929,10.04,frequency_high_E2_source,combined,-1,4,old_285_replay,202,P00|P10|P01|P11
203,2,interior,9,6,0.9661688989903746,426105,near_boundary,2,0.800000011920929,10.04,frequency_high_E2_source,task,0,4,old_285_replay,203,P00|P10|P01|P11
204,2,interior,9,6,0.9661688989903746,426105,near_boundary,2,0.800000011920929,10.04,frequency_high_E2_source,task,1,4,old_285_replay,204,P00|P10|P01|P11
205,2,interior,9,6,0.9661688989903746,426109,near_boundary,2,0.6000000238418579,9.96,frequency_low_identity,combined,-1,4,old_285_replay,205,P00|P10|P01|P11
206,2,interior,9,6,0.9661688989903746,426109,near_boundary,2,0.6000000238418579,9.96,frequency_low_identity,task,0,4,old_285_replay,206,P00|P10|P01|P11
207,2,interior,9,6,0.9661688989903746,426109,near_boundary,2,0.6000000238418579,9.96,frequency_low_identity,task,1,4,old_285_replay,207,P00|P10|P01|P11
208,2,interior,9,6,0.9661688989903746,426109,near_boundary,2,0.6000000238418579,9.96,frequency_low_E2_source,combined,-1,4,old_285_replay,208,P00|P10|P01|P11
209,2,interior,9,6,0.9661688989903746,426109,near_boundary,2,0.6000000238418579,9.96,frequency_low_E2_source,task,0,4,old_285_replay,209,P00|P10|P01|P11
210,2,interior,9,6,0.9661688989903746,426109,near_boundary,2,0.6000000238418579,9.96,frequency_low_E2_source,task,1,4,old_285_replay,210,P00|P10|P01|P11
211,2,interior,9,6,0.9661688989903746,426109,near_boundary,2,0.6000000238418579,10.0,nominal_identity,combined,-1,4,old_285_replay,211,P00|P10|P01|P11
212,2,interior,9,6,0.9661688989903746,426109,near_boundary,2,0.6000000238418579,10.0,nominal_identity,task,0,4,old_285_replay,212,P00|P10|P01|P11
213,2,interior,9,6,0.9661688989903746,426109,near_boundary,2,0.6000000238418579,10.0,nominal_identity,task,1,4,old_285_replay,213,P00|P10|P01|P11
214,2,interior,9,6,0.9661688989903746,426109,near_boundary,2,0.6000000238418579,10.04,frequency_high_identity,combined,-1,4,old_285_replay,214,P00|P10|P01|P11
215,2,interior,9,6,0.9661688989903746,426109,near_boundary,2,0.6000000238418579,10.04,frequency_high_identity,task,0,4,old_285_replay,215,P00|P10|P01|P11
216,2,interior,9,6,0.9661688989903746,426109,near_boundary,2,0.6000000238418579,10.04,frequency_high_identity,task,1,4,old_285_replay,216,P00|P10|P01|P11
217,2,interior,9,6,0.9661688989903746,426109,near_boundary,2,0.6000000238418579,10.04,frequency_high_E2_source,combined,-1,4,old_285_replay,217,P00|P10|P01|P11
218,2,interior,9,6,0.9661688989903746,426109,near_boundary,2,0.6000000238418579,10.04,frequency_high_E2_source,task,0,4,old_285_replay,218,P00|P10|P01|P11
219,2,interior,9,6,0.9661688989903746,426109,near_boundary,2,0.6000000238418579,10.04,frequency_high_E2_source,task,1,4,old_285_replay,219,P00|P10|P01|P11
220,2,interior,9,6,0.9661688989903746,426110,near_boundary,4,0.699999988079071,9.96,frequency_low_identity,combined,-1,4,old_285_replay,220,P00|P10|P01|P11
221,2,interior,9,6,0.9661688989903746,426110,near_boundary,4,0.699999988079071,9.96,frequency_low_identity,task,0,4,old_285_replay,221,P00|P10|P01|P11
222,2,interior,9,6,0.9661688989903746,426110,near_boundary,4,0.699999988079071,9.96,frequency_low_identity,task,1,4,old_285_replay,222,P00|P10|P01|P11
223,2,interior,9,6,0.9661688989903746,426110,near_boundary,4,0.699999988079071,9.96,frequency_low_identity,task,2,4,old_285_replay,223,P00|P10|P01|P11
224,2,interior,9,6,0.9661688989903746,426110,near_boundary,4,0.699999988079071,9.96,frequency_low_identity,task,3,4,old_285_replay,224,P00|P10|P01|P11
225,2,interior,9,6,0.9661688989903746,426110,near_boundary,4,0.699999988079071,9.96,frequency_low_E2_source,combined,-1,4,old_285_replay,225,P00|P10|P01|P11
226,2,interior,9,6,0.9661688989903746,426110,near_boundary,4,0.699999988079071,9.96,frequency_low_E2_source,task,0,4,old_285_replay,226,P00|P10|P01|P11
227,2,interior,9,6,0.9661688989903746,426110,near_boundary,4,0.699999988079071,9.96,frequency_low_E2_source,task,1,4,old_285_replay,227,P00|P10|P01|P11
228,2,interior,9,6,0.9661688989903746,426110,near_boundary,4,0.699999988079071,9.96,frequency_low_E2_source,task,2,4,old_285_replay,228,P00|P10|P01|P11
229,2,interior,9,6,0.9661688989903746,426110,near_boundary,4,0.699999988079071,9.96,frequency_low_E2_source,task,3,4,old_285_replay,229,P00|P10|P01|P11
230,2,interior,9,6,0.9661688989903746,426110,near_boundary,4,0.699999988079071,10.0,nominal_identity,combined,-1,4,old_285_replay,230,P00|P10|P01|P11
231,2,interior,9,6,0.9661688989903746,426110,near_boundary,4,0.699999988079071,10.0,nominal_identity,task,0,4,old_285_replay,231,P00|P10|P01|P11
232,2,interior,9,6,0.9661688989903746,426110,near_boundary,4,0.699999988079071,10.0,nominal_identity,task,1,4,old_285_replay,232,P00|P10|P01|P11
233,2,interior,9,6,0.9661688989903746,426110,near_boundary,4,0.699999988079071,10.0,nominal_identity,task,2,4,old_285_replay,233,P00|P10|P01|P11
234,2,interior,9,6,0.9661688989903746,426110,near_boundary,4,0.699999988079071,10.0,nominal_identity,task,3,4,old_285_replay,234,P00|P10|P01|P11
235,2,interior,9,6,0.9661688989903746,426110,near_boundary,4,0.699999988079071,10.04,frequency_high_identity,combined,-1,4,old_285_replay,235,P00|P10|P01|P11
236,2,interior,9,6,0.9661688989903746,426110,near_boundary,4,0.699999988079071,10.04,frequency_high_identity,task,0,4,old_285_replay,236,P00|P10|P01|P11
237,2,interior,9,6,0.9661688989903746,426110,near_boundary,4,0.699999988079071,10.04,frequency_high_identity,task,1,4,old_285_replay,237,P00|P10|P01|P11
238,2,interior,9,6,0.9661688989903746,426110,near_boundary,4,0.699999988079071,10.04,frequency_high_identity,task,2,4,old_285_replay,238,P00|P10|P01|P11
239,2,interior,9,6,0.9661688989903746,426110,near_boundary,4,0.699999988079071,10.04,frequency_high_identity,task,3,4,old_285_replay,239,P00|P10|P01|P11
240,2,interior,9,6,0.9661688989903746,426110,near_boundary,4,0.699999988079071,10.04,frequency_high_E2_source,combined,-1,4,old_285_replay,240,P00|P10|P01|P11
241,2,interior,9,6,0.9661688989903746,426110,near_boundary,4,0.699999988079071,10.04,frequency_high_E2_source,task,0,4,old_285_replay,241,P00|P10|P01|P11
242,2,interior,9,6,0.9661688989903746,426110,near_boundary,4,0.699999988079071,10.04,frequency_high_E2_source,task,1,4,old_285_replay,242,P00|P10|P01|P11
243,2,interior,9,6,0.9661688989903746,426110,near_boundary,4,0.699999988079071,10.04,frequency_high_E2_source,task,2,4,old_285_replay,243,P00|P10|P01|P11
244,2,interior,9,6,0.9661688989903746,426110,near_boundary,4,0.699999988079071,10.04,frequency_high_E2_source,task,3,4,old_285_replay,244,P00|P10|P01|P11
245,2,interior,9,6,0.9661688989903746,426102,stress,2,0.699999988079071,9.96,frequency_low_identity,combined,-1,4,old_285_replay,245,P00|P10|P01|P11
246,2,interior,9,6,0.9661688989903746,426102,stress,2,0.699999988079071,9.96,frequency_low_identity,task,0,4,old_285_replay,246,P00|P10|P01|P11
247,2,interior,9,6,0.9661688989903746,426102,stress,2,0.699999988079071,9.96,frequency_low_identity,task,1,4,old_285_replay,247,P00|P10|P01|P11
248,2,interior,9,6,0.9661688989903746,426102,stress,2,0.699999988079071,9.96,frequency_low_E2_source,combined,-1,4,old_285_replay,248,P00|P10|P01|P11
249,2,interior,9,6,0.9661688989903746,426102,stress,2,0.699999988079071,9.96,frequency_low_E2_source,task,0,4,old_285_replay,249,P00|P10|P01|P11
250,2,interior,9,6,0.9661688989903746,426102,stress,2,0.699999988079071,9.96,frequency_low_E2_source,task,1,4,old_285_replay,250,P00|P10|P01|P11
251,2,interior,9,6,0.9661688989903746,426102,stress,2,0.699999988079071,10.0,nominal_identity,combined,-1,4,old_285_replay,251,P00|P10|P01|P11
252,2,interior,9,6,0.9661688989903746,426102,stress,2,0.699999988079071,10.0,nominal_identity,task,0,4,old_285_replay,252,P00|P10|P01|P11
253,2,interior,9,6,0.9661688989903746,426102,stress,2,0.699999988079071,10.0,nominal_identity,task,1,4,old_285_replay,253,P00|P10|P01|P11
254,2,interior,9,6,0.9661688989903746,426102,stress,2,0.699999988079071,10.04,frequency_high_identity,combined,-1,4,old_285_replay,254,P00|P10|P01|P11
255,2,interior,9,6,0.9661688989903746,426102,stress,2,0.699999988079071,10.04,frequency_high_identity,task,0,4,old_285_replay,255,P00|P10|P01|P11
256,2,interior,9,6,0.9661688989903746,426102,stress,2,0.699999988079071,10.04,frequency_high_identity,task,1,4,old_285_replay,256,P00|P10|P01|P11
257,2,interior,9,6,0.9661688989903746,426102,stress,2,0.699999988079071,10.04,frequency_high_E2_source,combined,-1,4,old_285_replay,257,P00|P10|P01|P11
258,2,interior,9,6,0.9661688989903746,426102,stress,2,0.699999988079071,10.04,frequency_high_E2_source,task,0,4,old_285_replay,258,P00|P10|P01|P11
259,2,interior,9,6,0.9661688989903746,426102,stress,2,0.699999988079071,10.04,frequency_high_E2_source,task,1,4,old_285_replay,259,P00|P10|P01|P11
260,2,interior,9,6,0.9661688989903746,426113,stress,4,0.800000011920929,9.96,frequency_low_identity,combined,-1,4,old_285_replay,260,P00|P10|P01|P11
261,2,interior,9,6,0.9661688989903746,426113,stress,4,0.800000011920929,9.96,frequency_low_identity,task,0,4,old_285_replay,261,P00|P10|P01|P11
262,2,interior,9,6,0.9661688989903746,426113,stress,4,0.800000011920929,9.96,frequency_low_identity,task,1,4,old_285_replay,262,P00|P10|P01|P11
263,2,interior,9,6,0.9661688989903746,426113,stress,4,0.800000011920929,9.96,frequency_low_identity,task,2,4,old_285_replay,263,P00|P10|P01|P11
264,2,interior,9,6,0.9661688989903746,426113,stress,4,0.800000011920929,9.96,frequency_low_identity,task,3,4,old_285_replay,264,P00|P10|P01|P11
265,2,interior,9,6,0.9661688989903746,426113,stress,4,0.800000011920929,9.96,frequency_low_E2_source,combined,-1,4,old_285_replay,265,P00|P10|P01|P11
266,2,interior,9,6,0.9661688989903746,426113,stress,4,0.800000011920929,9.96,frequency_low_E2_source,task,0,4,old_285_replay,266,P00|P10|P01|P11
267,2,interior,9,6,0.9661688989903746,426113,stress,4,0.800000011920929,9.96,frequency_low_E2_source,task,1,4,old_285_replay,267,P00|P10|P01|P11
268,2,interior,9,6,0.9661688989903746,426113,stress,4,0.800000011920929,9.96,frequency_low_E2_source,task,2,4,old_285_replay,268,P00|P10|P01|P11
269,2,interior,9,6,0.9661688989903746,426113,stress,4,0.800000011920929,9.96,frequency_low_E2_source,task,3,4,old_285_replay,269,P00|P10|P01|P11
270,2,interior,9,6,0.9661688989903746,426113,stress,4,0.800000011920929,10.0,nominal_identity,combined,-1,4,old_285_replay,270,P00|P10|P01|P11
271,2,interior,9,6,0.9661688989903746,426113,stress,4,0.800000011920929,10.0,nominal_identity,task,0,4,old_285_replay,271,P00|P10|P01|P11
272,2,interior,9,6,0.9661688989903746,426113,stress,4,0.800000011920929,10.0,nominal_identity,task,1,4,old_285_replay,272,P00|P10|P01|P11
273,2,interior,9,6,0.9661688989903746,426113,stress,4,0.800000011920929,10.0,nominal_identity,task,2,4,old_285_replay,273,P00|P10|P01|P11
274,2,interior,9,6,0.9661688989903746,426113,stress,4,0.800000011920929,10.0,nominal_identity,task,3,4,old_285_replay,274,P00|P10|P01|P11
275,2,interior,9,6,0.9661688989903746,426113,stress,4,0.800000011920929,10.04,frequency_high_identity,combined,-1,4,old_285_replay,275,P00|P10|P01|P11
276,2,interior,9,6,0.9661688989903746,426113,stress,4,0.800000011920929,10.04,frequency_high_identity,task,0,4,old_285_replay,276,P00|P10|P01|P11
277,2,interior,9,6,0.9661688989903746,426113,stress,4,0.800000011920929,10.04,frequency_high_identity,task,1,4,old_285_replay,277,P00|P10|P01|P11
278,2,interior,9,6,0.9661688989903746,426113,stress,4,0.800000011920929,10.04,frequency_high_identity,task,2,4,old_285_replay,278,P00|P10|P01|P11
279,2,interior,9,6,0.9661688989903746,426113,stress,4,0.800000011920929,10.04,frequency_high_identity,task,3,4,old_285_replay,279,P00|P10|P01|P11
280,2,interior,9,6,0.9661688989903746,426113,stress,4,0.800000011920929,10.04,frequency_high_E2_source,combined,-1,4,old_285_replay,280,P00|P10|P01|P11
281,2,interior,9,6,0.9661688989903746,426113,stress,4,0.800000011920929,10.04,frequency_high_E2_source,task,0,4,old_285_replay,281,P00|P10|P01|P11
282,2,interior,9,6,0.9661688989903746,426113,stress,4,0.800000011920929,10.04,frequency_high_E2_source,task,1,4,old_285_replay,282,P00|P10|P01|P11
283,2,interior,9,6,0.9661688989903746,426113,stress,4,0.800000011920929,10.04,frequency_high_E2_source,task,2,4,old_285_replay,283,P00|P10|P01|P11
284,2,interior,9,6,0.9661688989903746,426113,stress,4,0.800000011920929,10.04,frequency_high_E2_source,task,3,4,old_285_replay,284,P00|P10|P01|P11
285,2,corner,14,14,0.024361567571759224,421020,supported_k6,6,0.5,9.96,frozen_v11_actual_weight,combined,-1,4,k6_supported_scene,1993,P00|P10|P01|P11
286,2,corner,14,14,0.024361567571759224,421020,supported_k6,6,0.5,10.0,frozen_v11_actual_weight,combined,-1,4,k6_supported_scene,1993,P00|P10|P01|P11
287,2,corner,14,14,0.024361567571759224,421020,supported_k6,6,0.5,10.04,frozen_v11_actual_weight,combined,-1,4,k6_supported_scene,1993,P00|P10|P01|P11
288,2,corner,14,14,0.024361567571759224,421020,supported_k6,6,0.5,9.96,frozen_v11_actual_weight,task,0,4,k6_supported_scene,1993,P00|P10|P01|P11
289,2,corner,14,14,0.024361567571759224,421020,supported_k6,6,0.5,10.0,frozen_v11_actual_weight,task,0,4,k6_supported_scene,1993,P00|P10|P01|P11
290,2,corner,14,14,0.024361567571759224,421020,supported_k6,6,0.5,10.04,frozen_v11_actual_weight,task,0,4,k6_supported_scene,1993,P00|P10|P01|P11
291,2,corner,14,14,0.024361567571759224,421020,supported_k6,6,0.5,9.96,frozen_v11_actual_weight,task,1,4,k6_supported_scene,1993,P00|P10|P01|P11
292,2,corner,14,14,0.024361567571759224,421020,supported_k6,6,0.5,10.0,frozen_v11_actual_weight,task,1,4,k6_supported_scene,1993,P00|P10|P01|P11
293,2,corner,14,14,0.024361567571759224,421020,supported_k6,6,0.5,10.04,frozen_v11_actual_weight,task,1,4,k6_supported_scene,1993,P00|P10|P01|P11
294,2,corner,14,14,0.024361567571759224,421020,supported_k6,6,0.5,9.96,frozen_v11_actual_weight,task,2,4,k6_supported_scene,1993,P00|P10|P01|P11
295,2,corner,14,14,0.024361567571759224,421020,supported_k6,6,0.5,10.0,frozen_v11_actual_weight,task,2,4,k6_supported_scene,1993,P00|P10|P01|P11
296,2,corner,14,14,0.024361567571759224,421020,supported_k6,6,0.5,10.04,frozen_v11_actual_weight,task,2,4,k6_supported_scene,1993,P00|P10|P01|P11
297,2,corner,14,14,0.024361567571759224,421020,supported_k6,6,0.5,9.96,frozen_v11_actual_weight,task,3,4,k6_supported_scene,1993,P00|P10|P01|P11
298,2,corner,14,14,0.024361567571759224,421020,supported_k6,6,0.5,10.0,frozen_v11_actual_weight,task,3,4,k6_supported_scene,1993,P00|P10|P01|P11
299,2,corner,14,14,0.024361567571759224,421020,supported_k6,6,0.5,10.04,frozen_v11_actual_weight,task,3,4,k6_supported_scene,1993,P00|P10|P01|P11
300,2,corner,14,14,0.024361567571759224,421020,supported_k6,6,0.5,9.96,frozen_v11_actual_weight,task,4,4,k6_supported_scene,1993,P00|P10|P01|P11
301,2,corner,14,14,0.024361567571759224,421020,supported_k6,6,0.5,10.0,frozen_v11_actual_weight,task,4,4,k6_supported_scene,1993,P00|P10|P01|P11
302,2,corner,14,14,0.024361567571759224,421020,supported_k6,6,0.5,10.04,frozen_v11_actual_weight,task,4,4,k6_supported_scene,1993,P00|P10|P01|P11
303,2,corner,14,14,0.024361567571759224,421020,supported_k6,6,0.5,9.96,frozen_v11_actual_weight,task,5,4,k6_supported_scene,1993,P00|P10|P01|P11
304,2,corner,14,14,0.024361567571759224,421020,supported_k6,6,0.5,10.0,frozen_v11_actual_weight,task,5,4,k6_supported_scene,1993,P00|P10|P01|P11
305,2,corner,14,14,0.024361567571759224,421020,supported_k6,6,0.5,10.04,frozen_v11_actual_weight,task,5,4,k6_supported_scene,1993,P00|P10|P01|P11
306,2,edge,8,14,0.05133357644081116,421020,supported_k6,6,0.5,9.96,frozen_v11_actual_weight,combined,-1,3,k6_supported_scene,1993,P00|P10|P01|P11
307,2,edge,8,14,0.05133357644081116,421020,supported_k6,6,0.5,10.0,frozen_v11_actual_weight,combined,-1,3,k6_supported_scene,1993,P00|P10|P01|P11
308,2,edge,8,14,0.05133357644081116,421020,supported_k6,6,0.5,10.04,frozen_v11_actual_weight,combined,-1,3,k6_supported_scene,1993,P00|P10|P01|P11
309,2,edge,8,14,0.05133357644081116,421020,supported_k6,6,0.5,9.96,frozen_v11_actual_weight,task,0,3,k6_supported_scene,1993,P00|P10|P01|P11
310,2,edge,8,14,0.05133357644081116,421020,supported_k6,6,0.5,10.0,frozen_v11_actual_weight,task,0,3,k6_supported_scene,1993,P00|P10|P01|P11
311,2,edge,8,14,0.05133357644081116,421020,supported_k6,6,0.5,10.04,frozen_v11_actual_weight,task,0,3,k6_supported_scene,1993,P00|P10|P01|P11
312,2,edge,8,14,0.05133357644081116,421020,supported_k6,6,0.5,9.96,frozen_v11_actual_weight,task,1,3,k6_supported_scene,1993,P00|P10|P01|P11
313,2,edge,8,14,0.05133357644081116,421020,supported_k6,6,0.5,10.0,frozen_v11_actual_weight,task,1,3,k6_supported_scene,1993,P00|P10|P01|P11
314,2,edge,8,14,0.05133357644081116,421020,supported_k6,6,0.5,10.04,frozen_v11_actual_weight,task,1,3,k6_supported_scene,1993,P00|P10|P01|P11
315,2,edge,8,14,0.05133357644081116,421020,supported_k6,6,0.5,9.96,frozen_v11_actual_weight,task,2,3,k6_supported_scene,1993,P00|P10|P01|P11
316,2,edge,8,14,0.05133357644081116,421020,supported_k6,6,0.5,10.0,frozen_v11_actual_weight,task,2,3,k6_supported_scene,1993,P00|P10|P01|P11
317,2,edge,8,14,0.05133357644081116,421020,supported_k6,6,0.5,10.04,frozen_v11_actual_weight,task,2,3,k6_supported_scene,1993,P00|P10|P01|P11
318,2,edge,8,14,0.05133357644081116,421020,supported_k6,6,0.5,9.96,frozen_v11_actual_weight,task,3,3,k6_supported_scene,1993,P00|P10|P01|P11
319,2,edge,8,14,0.05133357644081116,421020,supported_k6,6,0.5,10.0,frozen_v11_actual_weight,task,3,3,k6_supported_scene,1993,P00|P10|P01|P11
320,2,edge,8,14,0.05133357644081116,421020,supported_k6,6,0.5,10.04,frozen_v11_actual_weight,task,3,3,k6_supported_scene,1993,P00|P10|P01|P11
321,2,edge,8,14,0.05133357644081116,421020,supported_k6,6,0.5,9.96,frozen_v11_actual_weight,task,4,3,k6_supported_scene,1993,P00|P10|P01|P11
322,2,edge,8,14,0.05133357644081116,421020,supported_k6,6,0.5,10.0,frozen_v11_actual_weight,task,4,3,k6_supported_scene,1993,P00|P10|P01|P11
323,2,edge,8,14,0.05133357644081116,421020,supported_k6,6,0.5,10.04,frozen_v11_actual_weight,task,4,3,k6_supported_scene,1993,P00|P10|P01|P11
324,2,edge,8,14,0.05133357644081116,421020,supported_k6,6,0.5,9.96,frozen_v11_actual_weight,task,5,3,k6_supported_scene,1993,P00|P10|P01|P11
325,2,edge,8,14,0.05133357644081116,421020,supported_k6,6,0.5,10.0,frozen_v11_actual_weight,task,5,3,k6_supported_scene,1993,P00|P10|P01|P11
326,2,edge,8,14,0.05133357644081116,421020,supported_k6,6,0.5,10.04,frozen_v11_actual_weight,task,5,3,k6_supported_scene,1993,P00|P10|P01|P11
327,2,interior,7,7,0.13627779483795166,421020,supported_k6,6,0.5,9.96,frozen_v11_actual_weight,combined,-1,3,k6_supported_scene,1993,P00|P10|P01|P11
328,2,interior,7,7,0.13627779483795166,421020,supported_k6,6,0.5,10.0,frozen_v11_actual_weight,combined,-1,3,k6_supported_scene,1993,P00|P10|P01|P11
329,2,interior,7,7,0.13627779483795166,421020,supported_k6,6,0.5,10.04,frozen_v11_actual_weight,combined,-1,3,k6_supported_scene,1993,P00|P10|P01|P11
330,2,interior,7,7,0.13627779483795166,421020,supported_k6,6,0.5,9.96,frozen_v11_actual_weight,task,0,3,k6_supported_scene,1993,P00|P10|P01|P11
331,2,interior,7,7,0.13627779483795166,421020,supported_k6,6,0.5,10.0,frozen_v11_actual_weight,task,0,3,k6_supported_scene,1993,P00|P10|P01|P11
332,2,interior,7,7,0.13627779483795166,421020,supported_k6,6,0.5,10.04,frozen_v11_actual_weight,task,0,3,k6_supported_scene,1993,P00|P10|P01|P11
333,2,interior,7,7,0.13627779483795166,421020,supported_k6,6,0.5,9.96,frozen_v11_actual_weight,task,1,3,k6_supported_scene,1993,P00|P10|P01|P11
334,2,interior,7,7,0.13627779483795166,421020,supported_k6,6,0.5,10.0,frozen_v11_actual_weight,task,1,3,k6_supported_scene,1993,P00|P10|P01|P11
335,2,interior,7,7,0.13627779483795166,421020,supported_k6,6,0.5,10.04,frozen_v11_actual_weight,task,1,3,k6_supported_scene,1993,P00|P10|P01|P11
336,2,interior,7,7,0.13627779483795166,421020,supported_k6,6,0.5,9.96,frozen_v11_actual_weight,task,2,3,k6_supported_scene,1993,P00|P10|P01|P11
337,2,interior,7,7,0.13627779483795166,421020,supported_k6,6,0.5,10.0,frozen_v11_actual_weight,task,2,3,k6_supported_scene,1993,P00|P10|P01|P11
338,2,interior,7,7,0.13627779483795166,421020,supported_k6,6,0.5,10.04,frozen_v11_actual_weight,task,2,3,k6_supported_scene,1993,P00|P10|P01|P11
339,2,interior,7,7,0.13627779483795166,421020,supported_k6,6,0.5,9.96,frozen_v11_actual_weight,task,3,3,k6_supported_scene,1993,P00|P10|P01|P11
340,2,interior,7,7,0.13627779483795166,421020,supported_k6,6,0.5,10.0,frozen_v11_actual_weight,task,3,3,k6_supported_scene,1993,P00|P10|P01|P11
341,2,interior,7,7,0.13627779483795166,421020,supported_k6,6,0.5,10.04,frozen_v11_actual_weight,task,3,3,k6_supported_scene,1993,P00|P10|P01|P11
342,2,interior,7,7,0.13627779483795166,421020,supported_k6,6,0.5,9.96,frozen_v11_actual_weight,task,4,3,k6_supported_scene,1993,P00|P10|P01|P11
343,2,interior,7,7,0.13627779483795166,421020,supported_k6,6,0.5,10.0,frozen_v11_actual_weight,task,4,3,k6_supported_scene,1993,P00|P10|P01|P11
344,2,interior,7,7,0.13627779483795166,421020,supported_k6,6,0.5,10.04,frozen_v11_actual_weight,task,4,3,k6_supported_scene,1993,P00|P10|P01|P11
345,2,interior,7,7,0.13627779483795166,421020,supported_k6,6,0.5,9.96,frozen_v11_actual_weight,task,5,3,k6_supported_scene,1993,P00|P10|P01|P11
346,2,interior,7,7,0.13627779483795166,421020,supported_k6,6,0.5,10.0,frozen_v11_actual_weight,task,5,3,k6_supported_scene,1993,P00|P10|P01|P11
347,2,interior,7,7,0.13627779483795166,421020,supported_k6,6,0.5,10.04,frozen_v11_actual_weight,task,5,3,k6_supported_scene,1993,P00|P10|P01|P11
348,2,corner,0,0,0.037456028163433075,421021,supported_k6,6,0.5,9.96,frozen_v11_actual_weight,combined,-1,3,k6_supported_scene,2089,P00|P10|P01|P11
349,2,corner,0,0,0.037456028163433075,421021,supported_k6,6,0.5,10.0,frozen_v11_actual_weight,combined,-1,3,k6_supported_scene,2089,P00|P10|P01|P11
350,2,corner,0,0,0.037456028163433075,421021,supported_k6,6,0.5,10.04,frozen_v11_actual_weight,combined,-1,3,k6_supported_scene,2089,P00|P10|P01|P11
351,2,corner,0,0,0.037456028163433075,421021,supported_k6,6,0.5,9.96,frozen_v11_actual_weight,task,0,3,k6_supported_scene,2089,P00|P10|P01|P11
352,2,corner,0,0,0.037456028163433075,421021,supported_k6,6,0.5,10.0,frozen_v11_actual_weight,task,0,3,k6_supported_scene,2089,P00|P10|P01|P11
353,2,corner,0,0,0.037456028163433075,421021,supported_k6,6,0.5,10.04,frozen_v11_actual_weight,task,0,3,k6_supported_scene,2089,P00|P10|P01|P11
354,2,corner,0,0,0.037456028163433075,421021,supported_k6,6,0.5,9.96,frozen_v11_actual_weight,task,1,3,k6_supported_scene,2089,P00|P10|P01|P11
355,2,corner,0,0,0.037456028163433075,421021,supported_k6,6,0.5,10.0,frozen_v11_actual_weight,task,1,3,k6_supported_scene,2089,P00|P10|P01|P11
356,2,corner,0,0,0.037456028163433075,421021,supported_k6,6,0.5,10.04,frozen_v11_actual_weight,task,1,3,k6_supported_scene,2089,P00|P10|P01|P11
357,2,corner,0,0,0.037456028163433075,421021,supported_k6,6,0.5,9.96,frozen_v11_actual_weight,task,2,3,k6_supported_scene,2089,P00|P10|P01|P11
358,2,corner,0,0,0.037456028163433075,421021,supported_k6,6,0.5,10.0,frozen_v11_actual_weight,task,2,3,k6_supported_scene,2089,P00|P10|P01|P11
359,2,corner,0,0,0.037456028163433075,421021,supported_k6,6,0.5,10.04,frozen_v11_actual_weight,task,2,3,k6_supported_scene,2089,P00|P10|P01|P11
360,2,corner,0,0,0.037456028163433075,421021,supported_k6,6,0.5,9.96,frozen_v11_actual_weight,task,3,3,k6_supported_scene,2089,P00|P10|P01|P11
361,2,corner,0,0,0.037456028163433075,421021,supported_k6,6,0.5,10.0,frozen_v11_actual_weight,task,3,3,k6_supported_scene,2089,P00|P10|P01|P11
362,2,corner,0,0,0.037456028163433075,421021,supported_k6,6,0.5,10.04,frozen_v11_actual_weight,task,3,3,k6_supported_scene,2089,P00|P10|P01|P11
363,2,corner,0,0,0.037456028163433075,421021,supported_k6,6,0.5,9.96,frozen_v11_actual_weight,task,4,3,k6_supported_scene,2089,P00|P10|P01|P11
364,2,corner,0,0,0.037456028163433075,421021,supported_k6,6,0.5,10.0,frozen_v11_actual_weight,task,4,3,k6_supported_scene,2089,P00|P10|P01|P11
365,2,corner,0,0,0.037456028163433075,421021,supported_k6,6,0.5,10.04,frozen_v11_actual_weight,task,4,3,k6_supported_scene,2089,P00|P10|P01|P11
366,2,corner,0,0,0.037456028163433075,421021,supported_k6,6,0.5,9.96,frozen_v11_actual_weight,task,5,3,k6_supported_scene,2089,P00|P10|P01|P11
367,2,corner,0,0,0.037456028163433075,421021,supported_k6,6,0.5,10.0,frozen_v11_actual_weight,task,5,3,k6_supported_scene,2089,P00|P10|P01|P11
368,2,corner,0,0,0.037456028163433075,421021,supported_k6,6,0.5,10.04,frozen_v11_actual_weight,task,5,3,k6_supported_scene,2089,P00|P10|P01|P11
369,2,edge,14,3,0.04368086904287338,421021,supported_k6,6,0.5,9.96,frozen_v11_actual_weight,combined,-1,3,k6_supported_scene,2089,P00|P10|P01|P11
370,2,edge,14,3,0.04368086904287338,421021,supported_k6,6,0.5,10.0,frozen_v11_actual_weight,combined,-1,3,k6_supported_scene,2089,P00|P10|P01|P11
371,2,edge,14,3,0.04368086904287338,421021,supported_k6,6,0.5,10.04,frozen_v11_actual_weight,combined,-1,3,k6_supported_scene,2089,P00|P10|P01|P11
372,2,edge,14,3,0.04368086904287338,421021,supported_k6,6,0.5,9.96,frozen_v11_actual_weight,task,0,3,k6_supported_scene,2089,P00|P10|P01|P11
373,2,edge,14,3,0.04368086904287338,421021,supported_k6,6,0.5,10.0,frozen_v11_actual_weight,task,0,3,k6_supported_scene,2089,P00|P10|P01|P11
374,2,edge,14,3,0.04368086904287338,421021,supported_k6,6,0.5,10.04,frozen_v11_actual_weight,task,0,3,k6_supported_scene,2089,P00|P10|P01|P11
375,2,edge,14,3,0.04368086904287338,421021,supported_k6,6,0.5,9.96,frozen_v11_actual_weight,task,1,3,k6_supported_scene,2089,P00|P10|P01|P11
376,2,edge,14,3,0.04368086904287338,421021,supported_k6,6,0.5,10.0,frozen_v11_actual_weight,task,1,3,k6_supported_scene,2089,P00|P10|P01|P11
377,2,edge,14,3,0.04368086904287338,421021,supported_k6,6,0.5,10.04,frozen_v11_actual_weight,task,1,3,k6_supported_scene,2089,P00|P10|P01|P11
378,2,edge,14,3,0.04368086904287338,421021,supported_k6,6,0.5,9.96,frozen_v11_actual_weight,task,2,3,k6_supported_scene,2089,P00|P10|P01|P11
379,2,edge,14,3,0.04368086904287338,421021,supported_k6,6,0.5,10.0,frozen_v11_actual_weight,task,2,3,k6_supported_scene,2089,P00|P10|P01|P11
380,2,edge,14,3,0.04368086904287338,421021,supported_k6,6,0.5,10.04,frozen_v11_actual_weight,task,2,3,k6_supported_scene,2089,P00|P10|P01|P11
381,2,edge,14,3,0.04368086904287338,421021,supported_k6,6,0.5,9.96,frozen_v11_actual_weight,task,3,3,k6_supported_scene,2089,P00|P10|P01|P11
382,2,edge,14,3,0.04368086904287338,421021,supported_k6,6,0.5,10.0,frozen_v11_actual_weight,task,3,3,k6_supported_scene,2089,P00|P10|P01|P11
383,2,edge,14,3,0.04368086904287338,421021,supported_k6,6,0.5,10.04,frozen_v11_actual_weight,task,3,3,k6_supported_scene,2089,P00|P10|P01|P11
384,2,edge,14,3,0.04368086904287338,421021,supported_k6,6,0.5,9.96,frozen_v11_actual_weight,task,4,3,k6_supported_scene,2089,P00|P10|P01|P11
385,2,edge,14,3,0.04368086904287338,421021,supported_k6,6,0.5,10.0,frozen_v11_actual_weight,task,4,3,k6_supported_scene,2089,P00|P10|P01|P11
386,2,edge,14,3,0.04368086904287338,421021,supported_k6,6,0.5,10.04,frozen_v11_actual_weight,task,4,3,k6_supported_scene,2089,P00|P10|P01|P11
387,2,edge,14,3,0.04368086904287338,421021,supported_k6,6,0.5,9.96,frozen_v11_actual_weight,task,5,3,k6_supported_scene,2089,P00|P10|P01|P11
388,2,edge,14,3,0.04368086904287338,421021,supported_k6,6,0.5,10.0,frozen_v11_actual_weight,task,5,3,k6_supported_scene,2089,P00|P10|P01|P11
389,2,edge,14,3,0.04368086904287338,421021,supported_k6,6,0.5,10.04,frozen_v11_actual_weight,task,5,3,k6_supported_scene,2089,P00|P10|P01|P11
390,2,interior,8,8,0.12708228826522827,421021,supported_k6,6,0.5,9.96,frozen_v11_actual_weight,combined,-1,4,k6_supported_scene,2089,P00|P10|P01|P11
391,2,interior,8,8,0.12708228826522827,421021,supported_k6,6,0.5,10.0,frozen_v11_actual_weight,combined,-1,4,k6_supported_scene,2089,P00|P10|P01|P11
392,2,interior,8,8,0.12708228826522827,421021,supported_k6,6,0.5,10.04,frozen_v11_actual_weight,combined,-1,4,k6_supported_scene,2089,P00|P10|P01|P11
393,2,interior,8,8,0.12708228826522827,421021,supported_k6,6,0.5,9.96,frozen_v11_actual_weight,task,0,4,k6_supported_scene,2089,P00|P10|P01|P11
394,2,interior,8,8,0.12708228826522827,421021,supported_k6,6,0.5,10.0,frozen_v11_actual_weight,task,0,4,k6_supported_scene,2089,P00|P10|P01|P11
395,2,interior,8,8,0.12708228826522827,421021,supported_k6,6,0.5,10.04,frozen_v11_actual_weight,task,0,4,k6_supported_scene,2089,P00|P10|P01|P11
396,2,interior,8,8,0.12708228826522827,421021,supported_k6,6,0.5,9.96,frozen_v11_actual_weight,task,1,4,k6_supported_scene,2089,P00|P10|P01|P11
397,2,interior,8,8,0.12708228826522827,421021,supported_k6,6,0.5,10.0,frozen_v11_actual_weight,task,1,4,k6_supported_scene,2089,P00|P10|P01|P11
398,2,interior,8,8,0.12708228826522827,421021,supported_k6,6,0.5,10.04,frozen_v11_actual_weight,task,1,4,k6_supported_scene,2089,P00|P10|P01|P11
399,2,interior,8,8,0.12708228826522827,421021,supported_k6,6,0.5,9.96,frozen_v11_actual_weight,task,2,4,k6_supported_scene,2089,P00|P10|P01|P11
400,2,interior,8,8,0.12708228826522827,421021,supported_k6,6,0.5,10.0,frozen_v11_actual_weight,task,2,4,k6_supported_scene,2089,P00|P10|P01|P11
401,2,interior,8,8,0.12708228826522827,421021,supported_k6,6,0.5,10.04,frozen_v11_actual_weight,task,2,4,k6_supported_scene,2089,P00|P10|P01|P11
402,2,interior,8,8,0.12708228826522827,421021,supported_k6,6,0.5,9.96,frozen_v11_actual_weight,task,3,4,k6_supported_scene,2089,P00|P10|P01|P11
403,2,interior,8,8,0.12708228826522827,421021,supported_k6,6,0.5,10.0,frozen_v11_actual_weight,task,3,4,k6_supported_scene,2089,P00|P10|P01|P11
404,2,interior,8,8,0.12708228826522827,421021,supported_k6,6,0.5,10.04,frozen_v11_actual_weight,task,3,4,k6_supported_scene,2089,P00|P10|P01|P11
405,2,interior,8,8,0.12708228826522827,421021,supported_k6,6,0.5,9.96,frozen_v11_actual_weight,task,4,4,k6_supported_scene,2089,P00|P10|P01|P11
406,2,interior,8,8,0.12708228826522827,421021,supported_k6,6,0.5,10.0,frozen_v11_actual_weight,task,4,4,k6_supported_scene,2089,P00|P10|P01|P11
407,2,interior,8,8,0.12708228826522827,421021,supported_k6,6,0.5,10.04,frozen_v11_actual_weight,task,4,4,k6_supported_scene,2089,P00|P10|P01|P11
408,2,interior,8,8,0.12708228826522827,421021,supported_k6,6,0.5,9.96,frozen_v11_actual_weight,task,5,4,k6_supported_scene,2089,P00|P10|P01|P11
409,2,interior,8,8,0.12708228826522827,421021,supported_k6,6,0.5,10.0,frozen_v11_actual_weight,task,5,4,k6_supported_scene,2089,P00|P10|P01|P11
410,2,interior,8,8,0.12708228826522827,421021,supported_k6,6,0.5,10.04,frozen_v11_actual_weight,task,5,4,k6_supported_scene,2089,P00|P10|P01|P11
411,2,corner,0,14,0.038500722497701645,421022,supported_k6,6,0.5,9.96,frozen_v11_actual_weight,combined,-1,3,k6_supported_scene,2206,P00|P10|P01|P11
412,2,corner,0,14,0.038500722497701645,421022,supported_k6,6,0.5,10.0,frozen_v11_actual_weight,combined,-1,3,k6_supported_scene,2206,P00|P10|P01|P11
413,2,corner,0,14,0.038500722497701645,421022,supported_k6,6,0.5,10.04,frozen_v11_actual_weight,combined,-1,3,k6_supported_scene,2206,P00|P10|P01|P11
414,2,corner,0,14,0.038500722497701645,421022,supported_k6,6,0.5,9.96,frozen_v11_actual_weight,task,0,3,k6_supported_scene,2206,P00|P10|P01|P11
415,2,corner,0,14,0.038500722497701645,421022,supported_k6,6,0.5,10.0,frozen_v11_actual_weight,task,0,3,k6_supported_scene,2206,P00|P10|P01|P11
416,2,corner,0,14,0.038500722497701645,421022,supported_k6,6,0.5,10.04,frozen_v11_actual_weight,task,0,3,k6_supported_scene,2206,P00|P10|P01|P11
417,2,corner,0,14,0.038500722497701645,421022,supported_k6,6,0.5,9.96,frozen_v11_actual_weight,task,1,3,k6_supported_scene,2206,P00|P10|P01|P11
418,2,corner,0,14,0.038500722497701645,421022,supported_k6,6,0.5,10.0,frozen_v11_actual_weight,task,1,3,k6_supported_scene,2206,P00|P10|P01|P11
419,2,corner,0,14,0.038500722497701645,421022,supported_k6,6,0.5,10.04,frozen_v11_actual_weight,task,1,3,k6_supported_scene,2206,P00|P10|P01|P11
420,2,corner,0,14,0.038500722497701645,421022,supported_k6,6,0.5,9.96,frozen_v11_actual_weight,task,2,3,k6_supported_scene,2206,P00|P10|P01|P11
421,2,corner,0,14,0.038500722497701645,421022,supported_k6,6,0.5,10.0,frozen_v11_actual_weight,task,2,3,k6_supported_scene,2206,P00|P10|P01|P11
422,2,corner,0,14,0.038500722497701645,421022,supported_k6,6,0.5,10.04,frozen_v11_actual_weight,task,2,3,k6_supported_scene,2206,P00|P10|P01|P11
423,2,corner,0,14,0.038500722497701645,421022,supported_k6,6,0.5,9.96,frozen_v11_actual_weight,task,3,3,k6_supported_scene,2206,P00|P10|P01|P11
424,2,corner,0,14,0.038500722497701645,421022,supported_k6,6,0.5,10.0,frozen_v11_actual_weight,task,3,3,k6_supported_scene,2206,P00|P10|P01|P11
425,2,corner,0,14,0.038500722497701645,421022,supported_k6,6,0.5,10.04,frozen_v11_actual_weight,task,3,3,k6_supported_scene,2206,P00|P10|P01|P11
426,2,corner,0,14,0.038500722497701645,421022,supported_k6,6,0.5,9.96,frozen_v11_actual_weight,task,4,3,k6_supported_scene,2206,P00|P10|P01|P11
427,2,corner,0,14,0.038500722497701645,421022,supported_k6,6,0.5,10.0,frozen_v11_actual_weight,task,4,3,k6_supported_scene,2206,P00|P10|P01|P11
428,2,corner,0,14,0.038500722497701645,421022,supported_k6,6,0.5,10.04,frozen_v11_actual_weight,task,4,3,k6_supported_scene,2206,P00|P10|P01|P11
429,2,corner,0,14,0.038500722497701645,421022,supported_k6,6,0.5,9.96,frozen_v11_actual_weight,task,5,3,k6_supported_scene,2206,P00|P10|P01|P11
430,2,corner,0,14,0.038500722497701645,421022,supported_k6,6,0.5,10.0,frozen_v11_actual_weight,task,5,3,k6_supported_scene,2206,P00|P10|P01|P11
431,2,corner,0,14,0.038500722497701645,421022,supported_k6,6,0.5,10.04,frozen_v11_actual_weight,task,5,3,k6_supported_scene,2206,P00|P10|P01|P11
432,2,edge,0,11,0.09312154352664948,421022,supported_k6,6,0.5,9.96,frozen_v11_actual_weight,combined,-1,4,k6_supported_scene,2206,P00|P10|P01|P11
433,2,edge,0,11,0.09312154352664948,421022,supported_k6,6,0.5,10.0,frozen_v11_actual_weight,combined,-1,4,k6_supported_scene,2206,P00|P10|P01|P11
434,2,edge,0,11,0.09312154352664948,421022,supported_k6,6,0.5,10.04,frozen_v11_actual_weight,combined,-1,4,k6_supported_scene,2206,P00|P10|P01|P11
435,2,edge,0,11,0.09312154352664948,421022,supported_k6,6,0.5,9.96,frozen_v11_actual_weight,task,0,4,k6_supported_scene,2206,P00|P10|P01|P11
436,2,edge,0,11,0.09312154352664948,421022,supported_k6,6,0.5,10.0,frozen_v11_actual_weight,task,0,4,k6_supported_scene,2206,P00|P10|P01|P11
437,2,edge,0,11,0.09312154352664948,421022,supported_k6,6,0.5,10.04,frozen_v11_actual_weight,task,0,4,k6_supported_scene,2206,P00|P10|P01|P11
438,2,edge,0,11,0.09312154352664948,421022,supported_k6,6,0.5,9.96,frozen_v11_actual_weight,task,1,4,k6_supported_scene,2206,P00|P10|P01|P11
439,2,edge,0,11,0.09312154352664948,421022,supported_k6,6,0.5,10.0,frozen_v11_actual_weight,task,1,4,k6_supported_scene,2206,P00|P10|P01|P11
440,2,edge,0,11,0.09312154352664948,421022,supported_k6,6,0.5,10.04,frozen_v11_actual_weight,task,1,4,k6_supported_scene,2206,P00|P10|P01|P11
441,2,edge,0,11,0.09312154352664948,421022,supported_k6,6,0.5,9.96,frozen_v11_actual_weight,task,2,4,k6_supported_scene,2206,P00|P10|P01|P11
442,2,edge,0,11,0.09312154352664948,421022,supported_k6,6,0.5,10.0,frozen_v11_actual_weight,task,2,4,k6_supported_scene,2206,P00|P10|P01|P11
443,2,edge,0,11,0.09312154352664948,421022,supported_k6,6,0.5,10.04,frozen_v11_actual_weight,task,2,4,k6_supported_scene,2206,P00|P10|P01|P11
444,2,edge,0,11,0.09312154352664948,421022,supported_k6,6,0.5,9.96,frozen_v11_actual_weight,task,3,4,k6_supported_scene,2206,P00|P10|P01|P11
445,2,edge,0,11,0.09312154352664948,421022,supported_k6,6,0.5,10.0,frozen_v11_actual_weight,task,3,4,k6_supported_scene,2206,P00|P10|P01|P11
446,2,edge,0,11,0.09312154352664948,421022,supported_k6,6,0.5,10.04,frozen_v11_actual_weight,task,3,4,k6_supported_scene,2206,P00|P10|P01|P11
447,2,edge,0,11,0.09312154352664948,421022,supported_k6,6,0.5,9.96,frozen_v11_actual_weight,task,4,4,k6_supported_scene,2206,P00|P10|P01|P11
448,2,edge,0,11,0.09312154352664948,421022,supported_k6,6,0.5,10.0,frozen_v11_actual_weight,task,4,4,k6_supported_scene,2206,P00|P10|P01|P11
449,2,edge,0,11,0.09312154352664948,421022,supported_k6,6,0.5,10.04,frozen_v11_actual_weight,task,4,4,k6_supported_scene,2206,P00|P10|P01|P11
450,2,edge,0,11,0.09312154352664948,421022,supported_k6,6,0.5,9.96,frozen_v11_actual_weight,task,5,4,k6_supported_scene,2206,P00|P10|P01|P11
451,2,edge,0,11,0.09312154352664948,421022,supported_k6,6,0.5,10.0,frozen_v11_actual_weight,task,5,4,k6_supported_scene,2206,P00|P10|P01|P11
452,2,edge,0,11,0.09312154352664948,421022,supported_k6,6,0.5,10.04,frozen_v11_actual_weight,task,5,4,k6_supported_scene,2206,P00|P10|P01|P11
453,2,interior,7,7,0.14752733707427979,421022,supported_k6,6,0.5,9.96,frozen_v11_actual_weight,combined,-1,3,k6_supported_scene,2206,P00|P10|P01|P11
454,2,interior,7,7,0.14752733707427979,421022,supported_k6,6,0.5,10.0,frozen_v11_actual_weight,combined,-1,3,k6_supported_scene,2206,P00|P10|P01|P11
455,2,interior,7,7,0.14752733707427979,421022,supported_k6,6,0.5,10.04,frozen_v11_actual_weight,combined,-1,3,k6_supported_scene,2206,P00|P10|P01|P11
456,2,interior,7,7,0.14752733707427979,421022,supported_k6,6,0.5,9.96,frozen_v11_actual_weight,task,0,3,k6_supported_scene,2206,P00|P10|P01|P11
457,2,interior,7,7,0.14752733707427979,421022,supported_k6,6,0.5,10.0,frozen_v11_actual_weight,task,0,3,k6_supported_scene,2206,P00|P10|P01|P11
458,2,interior,7,7,0.14752733707427979,421022,supported_k6,6,0.5,10.04,frozen_v11_actual_weight,task,0,3,k6_supported_scene,2206,P00|P10|P01|P11
459,2,interior,7,7,0.14752733707427979,421022,supported_k6,6,0.5,9.96,frozen_v11_actual_weight,task,1,3,k6_supported_scene,2206,P00|P10|P01|P11
460,2,interior,7,7,0.14752733707427979,421022,supported_k6,6,0.5,10.0,frozen_v11_actual_weight,task,1,3,k6_supported_scene,2206,P00|P10|P01|P11
461,2,interior,7,7,0.14752733707427979,421022,supported_k6,6,0.5,10.04,frozen_v11_actual_weight,task,1,3,k6_supported_scene,2206,P00|P10|P01|P11
462,2,interior,7,7,0.14752733707427979,421022,supported_k6,6,0.5,9.96,frozen_v11_actual_weight,task,2,3,k6_supported_scene,2206,P00|P10|P01|P11
463,2,interior,7,7,0.14752733707427979,421022,supported_k6,6,0.5,10.0,frozen_v11_actual_weight,task,2,3,k6_supported_scene,2206,P00|P10|P01|P11
464,2,interior,7,7,0.14752733707427979,421022,supported_k6,6,0.5,10.04,frozen_v11_actual_weight,task,2,3,k6_supported_scene,2206,P00|P10|P01|P11
465,2,interior,7,7,0.14752733707427979,421022,supported_k6,6,0.5,9.96,frozen_v11_actual_weight,task,3,3,k6_supported_scene,2206,P00|P10|P01|P11
466,2,interior,7,7,0.14752733707427979,421022,supported_k6,6,0.5,10.0,frozen_v11_actual_weight,task,3,3,k6_supported_scene,2206,P00|P10|P01|P11
467,2,interior,7,7,0.14752733707427979,421022,supported_k6,6,0.5,10.04,frozen_v11_actual_weight,task,3,3,k6_supported_scene,2206,P00|P10|P01|P11
468,2,interior,7,7,0.14752733707427979,421022,supported_k6,6,0.5,9.96,frozen_v11_actual_weight,task,4,3,k6_supported_scene,2206,P00|P10|P01|P11
469,2,interior,7,7,0.14752733707427979,421022,supported_k6,6,0.5,10.0,frozen_v11_actual_weight,task,4,3,k6_supported_scene,2206,P00|P10|P01|P11
470,2,interior,7,7,0.14752733707427979,421022,supported_k6,6,0.5,10.04,frozen_v11_actual_weight,task,4,3,k6_supported_scene,2206,P00|P10|P01|P11
471,2,interior,7,7,0.14752733707427979,421022,supported_k6,6,0.5,9.96,frozen_v11_actual_weight,task,5,3,k6_supported_scene,2206,P00|P10|P01|P11
472,2,interior,7,7,0.14752733707427979,421022,supported_k6,6,0.5,10.0,frozen_v11_actual_weight,task,5,3,k6_supported_scene,2206,P00|P10|P01|P11
473,2,interior,7,7,0.14752733707427979,421022,supported_k6,6,0.5,10.04,frozen_v11_actual_weight,task,5,3,k6_supported_scene,2206,P00|P10|P01|P11
474,2,corner,0,14,0.02120693400502205,421023,supported_k6,6,0.5,9.96,frozen_v11_actual_weight,combined,-1,2,k6_supported_scene,2282,P00|P10|P01|P11
475,2,corner,0,14,0.02120693400502205,421023,supported_k6,6,0.5,10.0,frozen_v11_actual_weight,combined,-1,2,k6_supported_scene,2282,P00|P10|P01|P11
476,2,corner,0,14,0.02120693400502205,421023,supported_k6,6,0.5,10.04,frozen_v11_actual_weight,combined,-1,2,k6_supported_scene,2282,P00|P10|P01|P11
477,2,corner,0,14,0.02120693400502205,421023,supported_k6,6,0.5,9.96,frozen_v11_actual_weight,task,0,2,k6_supported_scene,2282,P00|P10|P01|P11
478,2,corner,0,14,0.02120693400502205,421023,supported_k6,6,0.5,10.0,frozen_v11_actual_weight,task,0,2,k6_supported_scene,2282,P00|P10|P01|P11
479,2,corner,0,14,0.02120693400502205,421023,supported_k6,6,0.5,10.04,frozen_v11_actual_weight,task,0,2,k6_supported_scene,2282,P00|P10|P01|P11
480,2,corner,0,14,0.02120693400502205,421023,supported_k6,6,0.5,9.96,frozen_v11_actual_weight,task,1,1,k6_supported_scene,2282,P00|P10|P01|P11
481,2,corner,0,14,0.02120693400502205,421023,supported_k6,6,0.5,10.0,frozen_v11_actual_weight,task,1,1,k6_supported_scene,2282,P00|P10|P01|P11
482,2,corner,0,14,0.02120693400502205,421023,supported_k6,6,0.5,10.04,frozen_v11_actual_weight,task,1,1,k6_supported_scene,2282,P00|P10|P01|P11
483,2,corner,0,14,0.02120693400502205,421023,supported_k6,6,0.5,9.96,frozen_v11_actual_weight,task,2,2,k6_supported_scene,2282,P00|P10|P01|P11
484,2,corner,0,14,0.02120693400502205,421023,supported_k6,6,0.5,10.0,frozen_v11_actual_weight,task,2,2,k6_supported_scene,2282,P00|P10|P01|P11
485,2,corner,0,14,0.02120693400502205,421023,supported_k6,6,0.5,10.04,frozen_v11_actual_weight,task,2,2,k6_supported_scene,2282,P00|P10|P01|P11
486,2,corner,0,14,0.02120693400502205,421023,supported_k6,6,0.5,9.96,frozen_v11_actual_weight,task,3,2,k6_supported_scene,2282,P00|P10|P01|P11
487,2,corner,0,14,0.02120693400502205,421023,supported_k6,6,0.5,10.0,frozen_v11_actual_weight,task,3,2,k6_supported_scene,2282,P00|P10|P01|P11
488,2,corner,0,14,0.02120693400502205,421023,supported_k6,6,0.5,10.04,frozen_v11_actual_weight,task,3,2,k6_supported_scene,2282,P00|P10|P01|P11
489,2,corner,0,14,0.02120693400502205,421023,supported_k6,6,0.5,9.96,frozen_v11_actual_weight,task,4,2,k6_supported_scene,2282,P00|P10|P01|P11
490,2,corner,0,14,0.02120693400502205,421023,supported_k6,6,0.5,10.0,frozen_v11_actual_weight,task,4,2,k6_supported_scene,2282,P00|P10|P01|P11
491,2,corner,0,14,0.02120693400502205,421023,supported_k6,6,0.5,10.04,frozen_v11_actual_weight,task,4,2,k6_supported_scene,2282,P00|P10|P01|P11
492,2,corner,0,14,0.02120693400502205,421023,supported_k6,6,0.5,9.96,frozen_v11_actual_weight,task,5,2,k6_supported_scene,2282,P00|P10|P01|P11
493,2,corner,0,14,0.02120693400502205,421023,supported_k6,6,0.5,10.0,frozen_v11_actual_weight,task,5,2,k6_supported_scene,2282,P00|P10|P01|P11
494,2,corner,0,14,0.02120693400502205,421023,supported_k6,6,0.5,10.04,frozen_v11_actual_weight,task,5,2,k6_supported_scene,2282,P00|P10|P01|P11
495,2,edge,8,0,0.04229207709431648,421023,supported_k6,6,0.5,9.96,frozen_v11_actual_weight,combined,-1,3,k6_supported_scene,2282,P00|P10|P01|P11
496,2,edge,8,0,0.04229207709431648,421023,supported_k6,6,0.5,10.0,frozen_v11_actual_weight,combined,-1,3,k6_supported_scene,2282,P00|P10|P01|P11
497,2,edge,8,0,0.04229207709431648,421023,supported_k6,6,0.5,10.04,frozen_v11_actual_weight,combined,-1,3,k6_supported_scene,2282,P00|P10|P01|P11
498,2,edge,8,0,0.04229207709431648,421023,supported_k6,6,0.5,9.96,frozen_v11_actual_weight,task,0,3,k6_supported_scene,2282,P00|P10|P01|P11
499,2,edge,8,0,0.04229207709431648,421023,supported_k6,6,0.5,10.0,frozen_v11_actual_weight,task,0,3,k6_supported_scene,2282,P00|P10|P01|P11
500,2,edge,8,0,0.04229207709431648,421023,supported_k6,6,0.5,10.04,frozen_v11_actual_weight,task,0,3,k6_supported_scene,2282,P00|P10|P01|P11
501,2,edge,8,0,0.04229207709431648,421023,supported_k6,6,0.5,9.96,frozen_v11_actual_weight,task,1,3,k6_supported_scene,2282,P00|P10|P01|P11
502,2,edge,8,0,0.04229207709431648,421023,supported_k6,6,0.5,10.0,frozen_v11_actual_weight,task,1,3,k6_supported_scene,2282,P00|P10|P01|P11
503,2,edge,8,0,0.04229207709431648,421023,supported_k6,6,0.5,10.04,frozen_v11_actual_weight,task,1,3,k6_supported_scene,2282,P00|P10|P01|P11
504,2,edge,8,0,0.04229207709431648,421023,supported_k6,6,0.5,9.96,frozen_v11_actual_weight,task,2,3,k6_supported_scene,2282,P00|P10|P01|P11
505,2,edge,8,0,0.04229207709431648,421023,supported_k6,6,0.5,10.0,frozen_v11_actual_weight,task,2,3,k6_supported_scene,2282,P00|P10|P01|P11
506,2,edge,8,0,0.04229207709431648,421023,supported_k6,6,0.5,10.04,frozen_v11_actual_weight,task,2,3,k6_supported_scene,2282,P00|P10|P01|P11
507,2,edge,8,0,0.04229207709431648,421023,supported_k6,6,0.5,9.96,frozen_v11_actual_weight,task,3,3,k6_supported_scene,2282,P00|P10|P01|P11
508,2,edge,8,0,0.04229207709431648,421023,supported_k6,6,0.5,10.0,frozen_v11_actual_weight,task,3,3,k6_supported_scene,2282,P00|P10|P01|P11
509,2,edge,8,0,0.04229207709431648,421023,supported_k6,6,0.5,10.04,frozen_v11_actual_weight,task,3,3,k6_supported_scene,2282,P00|P10|P01|P11
510,2,edge,8,0,0.04229207709431648,421023,supported_k6,6,0.5,9.96,frozen_v11_actual_weight,task,4,3,k6_supported_scene,2282,P00|P10|P01|P11
511,2,edge,8,0,0.04229207709431648,421023,supported_k6,6,0.5,10.0,frozen_v11_actual_weight,task,4,3,k6_supported_scene,2282,P00|P10|P01|P11
512,2,edge,8,0,0.04229207709431648,421023,supported_k6,6,0.5,10.04,frozen_v11_actual_weight,task,4,3,k6_supported_scene,2282,P00|P10|P01|P11
513,2,edge,8,0,0.04229207709431648,421023,supported_k6,6,0.5,9.96,frozen_v11_actual_weight,task,5,3,k6_supported_scene,2282,P00|P10|P01|P11
514,2,edge,8,0,0.04229207709431648,421023,supported_k6,6,0.5,10.0,frozen_v11_actual_weight,task,5,3,k6_supported_scene,2282,P00|P10|P01|P11
515,2,edge,8,0,0.04229207709431648,421023,supported_k6,6,0.5,10.04,frozen_v11_actual_weight,task,5,3,k6_supported_scene,2282,P00|P10|P01|P11
516,2,interior,7,7,0.13066525757312775,421023,supported_k6,6,0.5,9.96,frozen_v11_actual_weight,combined,-1,4,k6_supported_scene,2282,P00|P10|P01|P11
517,2,interior,7,7,0.13066525757312775,421023,supported_k6,6,0.5,10.0,frozen_v11_actual_weight,combined,-1,4,k6_supported_scene,2282,P00|P10|P01|P11
518,2,interior,7,7,0.13066525757312775,421023,supported_k6,6,0.5,10.04,frozen_v11_actual_weight,combined,-1,4,k6_supported_scene,2282,P00|P10|P01|P11
519,2,interior,7,7,0.13066525757312775,421023,supported_k6,6,0.5,9.96,frozen_v11_actual_weight,task,0,4,k6_supported_scene,2282,P00|P10|P01|P11
520,2,interior,7,7,0.13066525757312775,421023,supported_k6,6,0.5,10.0,frozen_v11_actual_weight,task,0,4,k6_supported_scene,2282,P00|P10|P01|P11
521,2,interior,7,7,0.13066525757312775,421023,supported_k6,6,0.5,10.04,frozen_v11_actual_weight,task,0,4,k6_supported_scene,2282,P00|P10|P01|P11
522,2,interior,7,7,0.13066525757312775,421023,supported_k6,6,0.5,9.96,frozen_v11_actual_weight,task,1,4,k6_supported_scene,2282,P00|P10|P01|P11
523,2,interior,7,7,0.13066525757312775,421023,supported_k6,6,0.5,10.0,frozen_v11_actual_weight,task,1,4,k6_supported_scene,2282,P00|P10|P01|P11
524,2,interior,7,7,0.13066525757312775,421023,supported_k6,6,0.5,10.04,frozen_v11_actual_weight,task,1,4,k6_supported_scene,2282,P00|P10|P01|P11
525,2,interior,7,7,0.13066525757312775,421023,supported_k6,6,0.5,9.96,frozen_v11_actual_weight,task,2,4,k6_supported_scene,2282,P00|P10|P01|P11
526,2,interior,7,7,0.13066525757312775,421023,supported_k6,6,0.5,10.0,frozen_v11_actual_weight,task,2,4,k6_supported_scene,2282,P00|P10|P01|P11
527,2,interior,7,7,0.13066525757312775,421023,supported_k6,6,0.5,10.04,frozen_v11_actual_weight,task,2,4,k6_supported_scene,2282,P00|P10|P01|P11
528,2,interior,7,7,0.13066525757312775,421023,supported_k6,6,0.5,9.96,frozen_v11_actual_weight,task,3,4,k6_supported_scene,2282,P00|P10|P01|P11
529,2,interior,7,7,0.13066525757312775,421023,supported_k6,6,0.5,10.0,frozen_v11_actual_weight,task,3,4,k6_supported_scene,2282,P00|P10|P01|P11
530,2,interior,7,7,0.13066525757312775,421023,supported_k6,6,0.5,10.04,frozen_v11_actual_weight,task,3,4,k6_supported_scene,2282,P00|P10|P01|P11
531,2,interior,7,7,0.13066525757312775,421023,supported_k6,6,0.5,9.96,frozen_v11_actual_weight,task,4,4,k6_supported_scene,2282,P00|P10|P01|P11
532,2,interior,7,7,0.13066525757312775,421023,supported_k6,6,0.5,10.0,frozen_v11_actual_weight,task,4,4,k6_supported_scene,2282,P00|P10|P01|P11
533,2,interior,7,7,0.13066525757312775,421023,supported_k6,6,0.5,10.04,frozen_v11_actual_weight,task,4,4,k6_supported_scene,2282,P00|P10|P01|P11
534,2,interior,7,7,0.13066525757312775,421023,supported_k6,6,0.5,9.96,frozen_v11_actual_weight,task,5,4,k6_supported_scene,2282,P00|P10|P01|P11
535,2,interior,7,7,0.13066525757312775,421023,supported_k6,6,0.5,10.0,frozen_v11_actual_weight,task,5,4,k6_supported_scene,2282,P00|P10|P01|P11
536,2,interior,7,7,0.13066525757312775,421023,supported_k6,6,0.5,10.04,frozen_v11_actual_weight,task,5,4,k6_supported_scene,2282,P00|P10|P01|P11
537,2,corner,14,0,0.025579767301678658,421024,supported_k6,6,0.5,9.96,frozen_v11_actual_weight,combined,-1,2,k6_supported_scene,2377,P00|P10|P01|P11
538,2,corner,14,0,0.025579767301678658,421024,supported_k6,6,0.5,10.0,frozen_v11_actual_weight,combined,-1,2,k6_supported_scene,2377,P00|P10|P01|P11
539,2,corner,14,0,0.025579767301678658,421024,supported_k6,6,0.5,10.04,frozen_v11_actual_weight,combined,-1,2,k6_supported_scene,2377,P00|P10|P01|P11
540,2,corner,14,0,0.025579767301678658,421024,supported_k6,6,0.5,9.96,frozen_v11_actual_weight,task,0,2,k6_supported_scene,2377,P00|P10|P01|P11
541,2,corner,14,0,0.025579767301678658,421024,supported_k6,6,0.5,10.0,frozen_v11_actual_weight,task,0,2,k6_supported_scene,2377,P00|P10|P01|P11
542,2,corner,14,0,0.025579767301678658,421024,supported_k6,6,0.5,10.04,frozen_v11_actual_weight,task,0,2,k6_supported_scene,2377,P00|P10|P01|P11
543,2,corner,14,0,0.025579767301678658,421024,supported_k6,6,0.5,9.96,frozen_v11_actual_weight,task,1,2,k6_supported_scene,2377,P00|P10|P01|P11
544,2,corner,14,0,0.025579767301678658,421024,supported_k6,6,0.5,10.0,frozen_v11_actual_weight,task,1,2,k6_supported_scene,2377,P00|P10|P01|P11
545,2,corner,14,0,0.025579767301678658,421024,supported_k6,6,0.5,10.04,frozen_v11_actual_weight,task,1,2,k6_supported_scene,2377,P00|P10|P01|P11
546,2,corner,14,0,0.025579767301678658,421024,supported_k6,6,0.5,9.96,frozen_v11_actual_weight,task,2,2,k6_supported_scene,2377,P00|P10|P01|P11
547,2,corner,14,0,0.025579767301678658,421024,supported_k6,6,0.5,10.0,frozen_v11_actual_weight,task,2,2,k6_supported_scene,2377,P00|P10|P01|P11
548,2,corner,14,0,0.025579767301678658,421024,supported_k6,6,0.5,10.04,frozen_v11_actual_weight,task,2,2,k6_supported_scene,2377,P00|P10|P01|P11
549,2,corner,14,0,0.025579767301678658,421024,supported_k6,6,0.5,9.96,frozen_v11_actual_weight,task,3,2,k6_supported_scene,2377,P00|P10|P01|P11
550,2,corner,14,0,0.025579767301678658,421024,supported_k6,6,0.5,10.0,frozen_v11_actual_weight,task,3,2,k6_supported_scene,2377,P00|P10|P01|P11
551,2,corner,14,0,0.025579767301678658,421024,supported_k6,6,0.5,10.04,frozen_v11_actual_weight,task,3,2,k6_supported_scene,2377,P00|P10|P01|P11
552,2,corner,14,0,0.025579767301678658,421024,supported_k6,6,0.5,9.96,frozen_v11_actual_weight,task,4,2,k6_supported_scene,2377,P00|P10|P01|P11
553,2,corner,14,0,0.025579767301678658,421024,supported_k6,6,0.5,10.0,frozen_v11_actual_weight,task,4,2,k6_supported_scene,2377,P00|P10|P01|P11
554,2,corner,14,0,0.025579767301678658,421024,supported_k6,6,0.5,10.04,frozen_v11_actual_weight,task,4,2,k6_supported_scene,2377,P00|P10|P01|P11
555,2,corner,14,0,0.025579767301678658,421024,supported_k6,6,0.5,9.96,frozen_v11_actual_weight,task,5,2,k6_supported_scene,2377,P00|P10|P01|P11
556,2,corner,14,0,0.025579767301678658,421024,supported_k6,6,0.5,10.0,frozen_v11_actual_weight,task,5,2,k6_supported_scene,2377,P00|P10|P01|P11
557,2,corner,14,0,0.025579767301678658,421024,supported_k6,6,0.5,10.04,frozen_v11_actual_weight,task,5,2,k6_supported_scene,2377,P00|P10|P01|P11
558,2,edge,14,4,0.025196433067321777,421024,supported_k6,6,0.5,9.96,frozen_v11_actual_weight,combined,-1,3,k6_supported_scene,2377,P00|P10|P01|P11
559,2,edge,14,4,0.025196433067321777,421024,supported_k6,6,0.5,10.0,frozen_v11_actual_weight,combined,-1,3,k6_supported_scene,2377,P00|P10|P01|P11
560,2,edge,14,4,0.025196433067321777,421024,supported_k6,6,0.5,10.04,frozen_v11_actual_weight,combined,-1,3,k6_supported_scene,2377,P00|P10|P01|P11
561,2,edge,14,4,0.025196433067321777,421024,supported_k6,6,0.5,9.96,frozen_v11_actual_weight,task,0,3,k6_supported_scene,2377,P00|P10|P01|P11
562,2,edge,14,4,0.025196433067321777,421024,supported_k6,6,0.5,10.0,frozen_v11_actual_weight,task,0,3,k6_supported_scene,2377,P00|P10|P01|P11
563,2,edge,14,4,0.025196433067321777,421024,supported_k6,6,0.5,10.04,frozen_v11_actual_weight,task,0,3,k6_supported_scene,2377,P00|P10|P01|P11
564,2,edge,14,4,0.025196433067321777,421024,supported_k6,6,0.5,9.96,frozen_v11_actual_weight,task,1,3,k6_supported_scene,2377,P00|P10|P01|P11
565,2,edge,14,4,0.025196433067321777,421024,supported_k6,6,0.5,10.0,frozen_v11_actual_weight,task,1,3,k6_supported_scene,2377,P00|P10|P01|P11
566,2,edge,14,4,0.025196433067321777,421024,supported_k6,6,0.5,10.04,frozen_v11_actual_weight,task,1,3,k6_supported_scene,2377,P00|P10|P01|P11
567,2,edge,14,4,0.025196433067321777,421024,supported_k6,6,0.5,9.96,frozen_v11_actual_weight,task,2,3,k6_supported_scene,2377,P00|P10|P01|P11
568,2,edge,14,4,0.025196433067321777,421024,supported_k6,6,0.5,10.0,frozen_v11_actual_weight,task,2,3,k6_supported_scene,2377,P00|P10|P01|P11
569,2,edge,14,4,0.025196433067321777,421024,supported_k6,6,0.5,10.04,frozen_v11_actual_weight,task,2,3,k6_supported_scene,2377,P00|P10|P01|P11
570,2,edge,14,4,0.025196433067321777,421024,supported_k6,6,0.5,9.96,frozen_v11_actual_weight,task,3,3,k6_supported_scene,2377,P00|P10|P01|P11
571,2,edge,14,4,0.025196433067321777,421024,supported_k6,6,0.5,10.0,frozen_v11_actual_weight,task,3,3,k6_supported_scene,2377,P00|P10|P01|P11
572,2,edge,14,4,0.025196433067321777,421024,supported_k6,6,0.5,10.04,frozen_v11_actual_weight,task,3,3,k6_supported_scene,2377,P00|P10|P01|P11
573,2,edge,14,4,0.025196433067321777,421024,supported_k6,6,0.5,9.96,frozen_v11_actual_weight,task,4,3,k6_supported_scene,2377,P00|P10|P01|P11
574,2,edge,14,4,0.025196433067321777,421024,supported_k6,6,0.5,10.0,frozen_v11_actual_weight,task,4,3,k6_supported_scene,2377,P00|P10|P01|P11
575,2,edge,14,4,0.025196433067321777,421024,supported_k6,6,0.5,10.04,frozen_v11_actual_weight,task,4,3,k6_supported_scene,2377,P00|P10|P01|P11
576,2,edge,14,4,0.025196433067321777,421024,supported_k6,6,0.5,9.96,frozen_v11_actual_weight,task,5,3,k6_supported_scene,2377,P00|P10|P01|P11
577,2,edge,14,4,0.025196433067321777,421024,supported_k6,6,0.5,10.0,frozen_v11_actual_weight,task,5,3,k6_supported_scene,2377,P00|P10|P01|P11
578,2,edge,14,4,0.025196433067321777,421024,supported_k6,6,0.5,10.04,frozen_v11_actual_weight,task,5,3,k6_supported_scene,2377,P00|P10|P01|P11
579,2,interior,7,7,0.18227797746658325,421024,supported_k6,6,0.5,9.96,frozen_v11_actual_weight,combined,-1,3,k6_supported_scene,2377,P00|P10|P01|P11
580,2,interior,7,7,0.18227797746658325,421024,supported_k6,6,0.5,10.0,frozen_v11_actual_weight,combined,-1,3,k6_supported_scene,2377,P00|P10|P01|P11
581,2,interior,7,7,0.18227797746658325,421024,supported_k6,6,0.5,10.04,frozen_v11_actual_weight,combined,-1,3,k6_supported_scene,2377,P00|P10|P01|P11
582,2,interior,7,7,0.18227797746658325,421024,supported_k6,6,0.5,9.96,frozen_v11_actual_weight,task,0,3,k6_supported_scene,2377,P00|P10|P01|P11
583,2,interior,7,7,0.18227797746658325,421024,supported_k6,6,0.5,10.0,frozen_v11_actual_weight,task,0,3,k6_supported_scene,2377,P00|P10|P01|P11
584,2,interior,7,7,0.18227797746658325,421024,supported_k6,6,0.5,10.04,frozen_v11_actual_weight,task,0,3,k6_supported_scene,2377,P00|P10|P01|P11
585,2,interior,7,7,0.18227797746658325,421024,supported_k6,6,0.5,9.96,frozen_v11_actual_weight,task,1,3,k6_supported_scene,2377,P00|P10|P01|P11
586,2,interior,7,7,0.18227797746658325,421024,supported_k6,6,0.5,10.0,frozen_v11_actual_weight,task,1,3,k6_supported_scene,2377,P00|P10|P01|P11
587,2,interior,7,7,0.18227797746658325,421024,supported_k6,6,0.5,10.04,frozen_v11_actual_weight,task,1,3,k6_supported_scene,2377,P00|P10|P01|P11
588,2,interior,7,7,0.18227797746658325,421024,supported_k6,6,0.5,9.96,frozen_v11_actual_weight,task,2,3,k6_supported_scene,2377,P00|P10|P01|P11
589,2,interior,7,7,0.18227797746658325,421024,supported_k6,6,0.5,10.0,frozen_v11_actual_weight,task,2,3,k6_supported_scene,2377,P00|P10|P01|P11
590,2,interior,7,7,0.18227797746658325,421024,supported_k6,6,0.5,10.04,frozen_v11_actual_weight,task,2,3,k6_supported_scene,2377,P00|P10|P01|P11
591,2,interior,7,7,0.18227797746658325,421024,supported_k6,6,0.5,9.96,frozen_v11_actual_weight,task,3,3,k6_supported_scene,2377,P00|P10|P01|P11
592,2,interior,7,7,0.18227797746658325,421024,supported_k6,6,0.5,10.0,frozen_v11_actual_weight,task,3,3,k6_supported_scene,2377,P00|P10|P01|P11
593,2,interior,7,7,0.18227797746658325,421024,supported_k6,6,0.5,10.04,frozen_v11_actual_weight,task,3,3,k6_supported_scene,2377,P00|P10|P01|P11
594,2,interior,7,7,0.18227797746658325,421024,supported_k6,6,0.5,9.96,frozen_v11_actual_weight,task,4,3,k6_supported_scene,2377,P00|P10|P01|P11
595,2,interior,7,7,0.18227797746658325,421024,supported_k6,6,0.5,10.0,frozen_v11_actual_weight,task,4,3,k6_supported_scene,2377,P00|P10|P01|P11
596,2,interior,7,7,0.18227797746658325,421024,supported_k6,6,0.5,10.04,frozen_v11_actual_weight,task,4,3,k6_supported_scene,2377,P00|P10|P01|P11
597,2,interior,7,7,0.18227797746658325,421024,supported_k6,6,0.5,9.96,frozen_v11_actual_weight,task,5,3,k6_supported_scene,2377,P00|P10|P01|P11
598,2,interior,7,7,0.18227797746658325,421024,supported_k6,6,0.5,10.0,frozen_v11_actual_weight,task,5,3,k6_supported_scene,2377,P00|P10|P01|P11
599,2,interior,7,7,0.18227797746658325,421024,supported_k6,6,0.5,10.04,frozen_v11_actual_weight,task,5,3,k6_supported_scene,2377,P00|P10|P01|P11
600,2,corner,0,0,0.09338046610355377,421025,supported_k6,6,0.5,9.96,frozen_v11_actual_weight,combined,-1,4,k6_supported_scene,2473,P00|P10|P01|P11
601,2,corner,0,0,0.09338046610355377,421025,supported_k6,6,0.5,10.0,frozen_v11_actual_weight,combined,-1,4,k6_supported_scene,2473,P00|P10|P01|P11
602,2,corner,0,0,0.09338046610355377,421025,supported_k6,6,0.5,10.04,frozen_v11_actual_weight,combined,-1,4,k6_supported_scene,2473,P00|P10|P01|P11
603,2,corner,0,0,0.09338046610355377,421025,supported_k6,6,0.5,9.96,frozen_v11_actual_weight,task,0,4,k6_supported_scene,2473,P00|P10|P01|P11
604,2,corner,0,0,0.09338046610355377,421025,supported_k6,6,0.5,10.0,frozen_v11_actual_weight,task,0,4,k6_supported_scene,2473,P00|P10|P01|P11
605,2,corner,0,0,0.09338046610355377,421025,supported_k6,6,0.5,10.04,frozen_v11_actual_weight,task,0,4,k6_supported_scene,2473,P00|P10|P01|P11
606,2,corner,0,0,0.09338046610355377,421025,supported_k6,6,0.5,9.96,frozen_v11_actual_weight,task,1,4,k6_supported_scene,2473,P00|P10|P01|P11
607,2,corner,0,0,0.09338046610355377,421025,supported_k6,6,0.5,10.0,frozen_v11_actual_weight,task,1,4,k6_supported_scene,2473,P00|P10|P01|P11
608,2,corner,0,0,0.09338046610355377,421025,supported_k6,6,0.5,10.04,frozen_v11_actual_weight,task,1,4,k6_supported_scene,2473,P00|P10|P01|P11
609,2,corner,0,0,0.09338046610355377,421025,supported_k6,6,0.5,9.96,frozen_v11_actual_weight,task,2,4,k6_supported_scene,2473,P00|P10|P01|P11
610,2,corner,0,0,0.09338046610355377,421025,supported_k6,6,0.5,10.0,frozen_v11_actual_weight,task,2,4,k6_supported_scene,2473,P00|P10|P01|P11
611,2,corner,0,0,0.09338046610355377,421025,supported_k6,6,0.5,10.04,frozen_v11_actual_weight,task,2,4,k6_supported_scene,2473,P00|P10|P01|P11
612,2,corner,0,0,0.09338046610355377,421025,supported_k6,6,0.5,9.96,frozen_v11_actual_weight,task,3,4,k6_supported_scene,2473,P00|P10|P01|P11
613,2,corner,0,0,0.09338046610355377,421025,supported_k6,6,0.5,10.0,frozen_v11_actual_weight,task,3,4,k6_supported_scene,2473,P00|P10|P01|P11
614,2,corner,0,0,0.09338046610355377,421025,supported_k6,6,0.5,10.04,frozen_v11_actual_weight,task,3,4,k6_supported_scene,2473,P00|P10|P01|P11
615,2,corner,0,0,0.09338046610355377,421025,supported_k6,6,0.5,9.96,frozen_v11_actual_weight,task,4,4,k6_supported_scene,2473,P00|P10|P01|P11
616,2,corner,0,0,0.09338046610355377,421025,supported_k6,6,0.5,10.0,frozen_v11_actual_weight,task,4,4,k6_supported_scene,2473,P00|P10|P01|P11
617,2,corner,0,0,0.09338046610355377,421025,supported_k6,6,0.5,10.04,frozen_v11_actual_weight,task,4,4,k6_supported_scene,2473,P00|P10|P01|P11
618,2,corner,0,0,0.09338046610355377,421025,supported_k6,6,0.5,9.96,frozen_v11_actual_weight,task,5,4,k6_supported_scene,2473,P00|P10|P01|P11
619,2,corner,0,0,0.09338046610355377,421025,supported_k6,6,0.5,10.0,frozen_v11_actual_weight,task,5,4,k6_supported_scene,2473,P00|P10|P01|P11
620,2,corner,0,0,0.09338046610355377,421025,supported_k6,6,0.5,10.04,frozen_v11_actual_weight,task,5,4,k6_supported_scene,2473,P00|P10|P01|P11
621,2,edge,0,1,0.10455068945884705,421025,supported_k6,6,0.5,9.96,frozen_v11_actual_weight,combined,-1,4,k6_supported_scene,2473,P00|P10|P01|P11
622,2,edge,0,1,0.10455068945884705,421025,supported_k6,6,0.5,10.0,frozen_v11_actual_weight,combined,-1,4,k6_supported_scene,2473,P00|P10|P01|P11
623,2,edge,0,1,0.10455068945884705,421025,supported_k6,6,0.5,10.04,frozen_v11_actual_weight,combined,-1,4,k6_supported_scene,2473,P00|P10|P01|P11
624,2,edge,0,1,0.10455068945884705,421025,supported_k6,6,0.5,9.96,frozen_v11_actual_weight,task,0,4,k6_supported_scene,2473,P00|P10|P01|P11
625,2,edge,0,1,0.10455068945884705,421025,supported_k6,6,0.5,10.0,frozen_v11_actual_weight,task,0,4,k6_supported_scene,2473,P00|P10|P01|P11
626,2,edge,0,1,0.10455068945884705,421025,supported_k6,6,0.5,10.04,frozen_v11_actual_weight,task,0,4,k6_supported_scene,2473,P00|P10|P01|P11
627,2,edge,0,1,0.10455068945884705,421025,supported_k6,6,0.5,9.96,frozen_v11_actual_weight,task,1,4,k6_supported_scene,2473,P00|P10|P01|P11
628,2,edge,0,1,0.10455068945884705,421025,supported_k6,6,0.5,10.0,frozen_v11_actual_weight,task,1,4,k6_supported_scene,2473,P00|P10|P01|P11
629,2,edge,0,1,0.10455068945884705,421025,supported_k6,6,0.5,10.04,frozen_v11_actual_weight,task,1,4,k6_supported_scene,2473,P00|P10|P01|P11
630,2,edge,0,1,0.10455068945884705,421025,supported_k6,6,0.5,9.96,frozen_v11_actual_weight,task,2,4,k6_supported_scene,2473,P00|P10|P01|P11
631,2,edge,0,1,0.10455068945884705,421025,supported_k6,6,0.5,10.0,frozen_v11_actual_weight,task,2,4,k6_supported_scene,2473,P00|P10|P01|P11
632,2,edge,0,1,0.10455068945884705,421025,supported_k6,6,0.5,10.04,frozen_v11_actual_weight,task,2,4,k6_supported_scene,2473,P00|P10|P01|P11
633,2,edge,0,1,0.10455068945884705,421025,supported_k6,6,0.5,9.96,frozen_v11_actual_weight,task,3,4,k6_supported_scene,2473,P00|P10|P01|P11
634,2,edge,0,1,0.10455068945884705,421025,supported_k6,6,0.5,10.0,frozen_v11_actual_weight,task,3,4,k6_supported_scene,2473,P00|P10|P01|P11
635,2,edge,0,1,0.10455068945884705,421025,supported_k6,6,0.5,10.04,frozen_v11_actual_weight,task,3,4,k6_supported_scene,2473,P00|P10|P01|P11
636,2,edge,0,1,0.10455068945884705,421025,supported_k6,6,0.5,9.96,frozen_v11_actual_weight,task,4,4,k6_supported_scene,2473,P00|P10|P01|P11
637,2,edge,0,1,0.10455068945884705,421025,supported_k6,6,0.5,10.0,frozen_v11_actual_weight,task,4,4,k6_supported_scene,2473,P00|P10|P01|P11
638,2,edge,0,1,0.10455068945884705,421025,supported_k6,6,0.5,10.04,frozen_v11_actual_weight,task,4,4,k6_supported_scene,2473,P00|P10|P01|P11
639,2,edge,0,1,0.10455068945884705,421025,supported_k6,6,0.5,9.96,frozen_v11_actual_weight,task,5,4,k6_supported_scene,2473,P00|P10|P01|P11
640,2,edge,0,1,0.10455068945884705,421025,supported_k6,6,0.5,10.0,frozen_v11_actual_weight,task,5,4,k6_supported_scene,2473,P00|P10|P01|P11
641,2,edge,0,1,0.10455068945884705,421025,supported_k6,6,0.5,10.04,frozen_v11_actual_weight,task,5,4,k6_supported_scene,2473,P00|P10|P01|P11
642,2,interior,7,7,0.213761568069458,421025,supported_k6,6,0.5,9.96,frozen_v11_actual_weight,combined,-1,3,k6_supported_scene,2473,P00|P10|P01|P11
643,2,interior,7,7,0.213761568069458,421025,supported_k6,6,0.5,10.0,frozen_v11_actual_weight,combined,-1,3,k6_supported_scene,2473,P00|P10|P01|P11
644,2,interior,7,7,0.213761568069458,421025,supported_k6,6,0.5,10.04,frozen_v11_actual_weight,combined,-1,3,k6_supported_scene,2473,P00|P10|P01|P11
645,2,interior,7,7,0.213761568069458,421025,supported_k6,6,0.5,9.96,frozen_v11_actual_weight,task,0,3,k6_supported_scene,2473,P00|P10|P01|P11
646,2,interior,7,7,0.213761568069458,421025,supported_k6,6,0.5,10.0,frozen_v11_actual_weight,task,0,3,k6_supported_scene,2473,P00|P10|P01|P11
647,2,interior,7,7,0.213761568069458,421025,supported_k6,6,0.5,10.04,frozen_v11_actual_weight,task,0,3,k6_supported_scene,2473,P00|P10|P01|P11
648,2,interior,7,7,0.213761568069458,421025,supported_k6,6,0.5,9.96,frozen_v11_actual_weight,task,1,3,k6_supported_scene,2473,P00|P10|P01|P11
649,2,interior,7,7,0.213761568069458,421025,supported_k6,6,0.5,10.0,frozen_v11_actual_weight,task,1,3,k6_supported_scene,2473,P00|P10|P01|P11
650,2,interior,7,7,0.213761568069458,421025,supported_k6,6,0.5,10.04,frozen_v11_actual_weight,task,1,3,k6_supported_scene,2473,P00|P10|P01|P11
651,2,interior,7,7,0.213761568069458,421025,supported_k6,6,0.5,9.96,frozen_v11_actual_weight,task,2,3,k6_supported_scene,2473,P00|P10|P01|P11
652,2,interior,7,7,0.213761568069458,421025,supported_k6,6,0.5,10.0,frozen_v11_actual_weight,task,2,3,k6_supported_scene,2473,P00|P10|P01|P11
653,2,interior,7,7,0.213761568069458,421025,supported_k6,6,0.5,10.04,frozen_v11_actual_weight,task,2,3,k6_supported_scene,2473,P00|P10|P01|P11
654,2,interior,7,7,0.213761568069458,421025,supported_k6,6,0.5,9.96,frozen_v11_actual_weight,task,3,3,k6_supported_scene,2473,P00|P10|P01|P11
655,2,interior,7,7,0.213761568069458,421025,supported_k6,6,0.5,10.0,frozen_v11_actual_weight,task,3,3,k6_supported_scene,2473,P00|P10|P01|P11
656,2,interior,7,7,0.213761568069458,421025,supported_k6,6,0.5,10.04,frozen_v11_actual_weight,task,3,3,k6_supported_scene,2473,P00|P10|P01|P11
657,2,interior,7,7,0.213761568069458,421025,supported_k6,6,0.5,9.96,frozen_v11_actual_weight,task,4,3,k6_supported_scene,2473,P00|P10|P01|P11
658,2,interior,7,7,0.213761568069458,421025,supported_k6,6,0.5,10.0,frozen_v11_actual_weight,task,4,3,k6_supported_scene,2473,P00|P10|P01|P11
659,2,interior,7,7,0.213761568069458,421025,supported_k6,6,0.5,10.04,frozen_v11_actual_weight,task,4,3,k6_supported_scene,2473,P00|P10|P01|P11
660,2,interior,7,7,0.213761568069458,421025,supported_k6,6,0.5,9.96,frozen_v11_actual_weight,task,5,3,k6_supported_scene,2473,P00|P10|P01|P11
661,2,interior,7,7,0.213761568069458,421025,supported_k6,6,0.5,10.0,frozen_v11_actual_weight,task,5,3,k6_supported_scene,2473,P00|P10|P01|P11
662,2,interior,7,7,0.213761568069458,421025,supported_k6,6,0.5,10.04,frozen_v11_actual_weight,task,5,3,k6_supported_scene,2473,P00|P10|P01|P11
663,2,corner,0,0,0.043585434556007385,421026,supported_k6,6,0.5,9.96,frozen_v11_actual_weight,combined,-1,4,k6_supported_scene,2569,P00|P10|P01|P11
664,2,corner,0,0,0.043585434556007385,421026,supported_k6,6,0.5,10.0,frozen_v11_actual_weight,combined,-1,4,k6_supported_scene,2569,P00|P10|P01|P11
665,2,corner,0,0,0.043585434556007385,421026,supported_k6,6,0.5,10.04,frozen_v11_actual_weight,combined,-1,4,k6_supported_scene,2569,P00|P10|P01|P11
666,2,corner,0,0,0.043585434556007385,421026,supported_k6,6,0.5,9.96,frozen_v11_actual_weight,task,0,4,k6_supported_scene,2569,P00|P10|P01|P11
667,2,corner,0,0,0.043585434556007385,421026,supported_k6,6,0.5,10.0,frozen_v11_actual_weight,task,0,4,k6_supported_scene,2569,P00|P10|P01|P11
668,2,corner,0,0,0.043585434556007385,421026,supported_k6,6,0.5,10.04,frozen_v11_actual_weight,task,0,4,k6_supported_scene,2569,P00|P10|P01|P11
669,2,corner,0,0,0.043585434556007385,421026,supported_k6,6,0.5,9.96,frozen_v11_actual_weight,task,1,4,k6_supported_scene,2569,P00|P10|P01|P11
670,2,corner,0,0,0.043585434556007385,421026,supported_k6,6,0.5,10.0,frozen_v11_actual_weight,task,1,4,k6_supported_scene,2569,P00|P10|P01|P11
671,2,corner,0,0,0.043585434556007385,421026,supported_k6,6,0.5,10.04,frozen_v11_actual_weight,task,1,4,k6_supported_scene,2569,P00|P10|P01|P11
672,2,corner,0,0,0.043585434556007385,421026,supported_k6,6,0.5,9.96,frozen_v11_actual_weight,task,2,4,k6_supported_scene,2569,P00|P10|P01|P11
673,2,corner,0,0,0.043585434556007385,421026,supported_k6,6,0.5,10.0,frozen_v11_actual_weight,task,2,4,k6_supported_scene,2569,P00|P10|P01|P11
674,2,corner,0,0,0.043585434556007385,421026,supported_k6,6,0.5,10.04,frozen_v11_actual_weight,task,2,4,k6_supported_scene,2569,P00|P10|P01|P11
675,2,corner,0,0,0.043585434556007385,421026,supported_k6,6,0.5,9.96,frozen_v11_actual_weight,task,3,4,k6_supported_scene,2569,P00|P10|P01|P11
676,2,corner,0,0,0.043585434556007385,421026,supported_k6,6,0.5,10.0,frozen_v11_actual_weight,task,3,4,k6_supported_scene,2569,P00|P10|P01|P11
677,2,corner,0,0,0.043585434556007385,421026,supported_k6,6,0.5,10.04,frozen_v11_actual_weight,task,3,4,k6_supported_scene,2569,P00|P10|P01|P11
678,2,corner,0,0,0.043585434556007385,421026,supported_k6,6,0.5,9.96,frozen_v11_actual_weight,task,4,4,k6_supported_scene,2569,P00|P10|P01|P11
679,2,corner,0,0,0.043585434556007385,421026,supported_k6,6,0.5,10.0,frozen_v11_actual_weight,task,4,4,k6_supported_scene,2569,P00|P10|P01|P11
680,2,corner,0,0,0.043585434556007385,421026,supported_k6,6,0.5,10.04,frozen_v11_actual_weight,task,4,4,k6_supported_scene,2569,P00|P10|P01|P11
681,2,corner,0,0,0.043585434556007385,421026,supported_k6,6,0.5,9.96,frozen_v11_actual_weight,task,5,4,k6_supported_scene,2569,P00|P10|P01|P11
682,2,corner,0,0,0.043585434556007385,421026,supported_k6,6,0.5,10.0,frozen_v11_actual_weight,task,5,4,k6_supported_scene,2569,P00|P10|P01|P11
683,2,corner,0,0,0.043585434556007385,421026,supported_k6,6,0.5,10.04,frozen_v11_actual_weight,task,5,4,k6_supported_scene,2569,P00|P10|P01|P11
684,2,edge,14,3,0.06464166939258575,421026,supported_k6,6,0.5,9.96,frozen_v11_actual_weight,combined,-1,2,k6_supported_scene,2569,P00|P10|P01|P11
685,2,edge,14,3,0.06464166939258575,421026,supported_k6,6,0.5,10.0,frozen_v11_actual_weight,combined,-1,2,k6_supported_scene,2569,P00|P10|P01|P11
686,2,edge,14,3,0.06464166939258575,421026,supported_k6,6,0.5,10.04,frozen_v11_actual_weight,combined,-1,2,k6_supported_scene,2569,P00|P10|P01|P11
687,2,edge,14,3,0.06464166939258575,421026,supported_k6,6,0.5,9.96,frozen_v11_actual_weight,task,0,2,k6_supported_scene,2569,P00|P10|P01|P11
688,2,edge,14,3,0.06464166939258575,421026,supported_k6,6,0.5,10.0,frozen_v11_actual_weight,task,0,2,k6_supported_scene,2569,P00|P10|P01|P11
689,2,edge,14,3,0.06464166939258575,421026,supported_k6,6,0.5,10.04,frozen_v11_actual_weight,task,0,2,k6_supported_scene,2569,P00|P10|P01|P11
690,2,edge,14,3,0.06464166939258575,421026,supported_k6,6,0.5,9.96,frozen_v11_actual_weight,task,1,2,k6_supported_scene,2569,P00|P10|P01|P11
691,2,edge,14,3,0.06464166939258575,421026,supported_k6,6,0.5,10.0,frozen_v11_actual_weight,task,1,2,k6_supported_scene,2569,P00|P10|P01|P11
692,2,edge,14,3,0.06464166939258575,421026,supported_k6,6,0.5,10.04,frozen_v11_actual_weight,task,1,2,k6_supported_scene,2569,P00|P10|P01|P11
693,2,edge,14,3,0.06464166939258575,421026,supported_k6,6,0.5,9.96,frozen_v11_actual_weight,task,2,2,k6_supported_scene,2569,P00|P10|P01|P11
694,2,edge,14,3,0.06464166939258575,421026,supported_k6,6,0.5,10.0,frozen_v11_actual_weight,task,2,2,k6_supported_scene,2569,P00|P10|P01|P11
695,2,edge,14,3,0.06464166939258575,421026,supported_k6,6,0.5,10.04,frozen_v11_actual_weight,task,2,2,k6_supported_scene,2569,P00|P10|P01|P11
696,2,edge,14,3,0.06464166939258575,421026,supported_k6,6,0.5,9.96,frozen_v11_actual_weight,task,3,2,k6_supported_scene,2569,P00|P10|P01|P11
697,2,edge,14,3,0.06464166939258575,421026,supported_k6,6,0.5,10.0,frozen_v11_actual_weight,task,3,2,k6_supported_scene,2569,P00|P10|P01|P11
698,2,edge,14,3,0.06464166939258575,421026,supported_k6,6,0.5,10.04,frozen_v11_actual_weight,task,3,2,k6_supported_scene,2569,P00|P10|P01|P11
699,2,edge,14,3,0.06464166939258575,421026,supported_k6,6,0.5,9.96,frozen_v11_actual_weight,task,4,2,k6_supported_scene,2569,P00|P10|P01|P11
700,2,edge,14,3,0.06464166939258575,421026,supported_k6,6,0.5,10.0,frozen_v11_actual_weight,task,4,2,k6_supported_scene,2569,P00|P10|P01|P11
701,2,edge,14,3,0.06464166939258575,421026,supported_k6,6,0.5,10.04,frozen_v11_actual_weight,task,4,2,k6_supported_scene,2569,P00|P10|P01|P11
702,2,edge,14,3,0.06464166939258575,421026,supported_k6,6,0.5,9.96,frozen_v11_actual_weight,task,5,2,k6_supported_scene,2569,P00|P10|P01|P11
703,2,edge,14,3,0.06464166939258575,421026,supported_k6,6,0.5,10.0,frozen_v11_actual_weight,task,5,2,k6_supported_scene,2569,P00|P10|P01|P11
704,2,edge,14,3,0.06464166939258575,421026,supported_k6,6,0.5,10.04,frozen_v11_actual_weight,task,5,2,k6_supported_scene,2569,P00|P10|P01|P11
705,2,interior,7,7,0.08900031447410583,421026,supported_k6,6,0.5,9.96,frozen_v11_actual_weight,combined,-1,3,k6_supported_scene,2569,P00|P10|P01|P11
706,2,interior,7,7,0.08900031447410583,421026,supported_k6,6,0.5,10.0,frozen_v11_actual_weight,combined,-1,3,k6_supported_scene,2569,P00|P10|P01|P11
707,2,interior,7,7,0.08900031447410583,421026,supported_k6,6,0.5,10.04,frozen_v11_actual_weight,combined,-1,3,k6_supported_scene,2569,P00|P10|P01|P11
708,2,interior,7,7,0.08900031447410583,421026,supported_k6,6,0.5,9.96,frozen_v11_actual_weight,task,0,3,k6_supported_scene,2569,P00|P10|P01|P11
709,2,interior,7,7,0.08900031447410583,421026,supported_k6,6,0.5,10.0,frozen_v11_actual_weight,task,0,3,k6_supported_scene,2569,P00|P10|P01|P11
710,2,interior,7,7,0.08900031447410583,421026,supported_k6,6,0.5,10.04,frozen_v11_actual_weight,task,0,3,k6_supported_scene,2569,P00|P10|P01|P11
711,2,interior,7,7,0.08900031447410583,421026,supported_k6,6,0.5,9.96,frozen_v11_actual_weight,task,1,3,k6_supported_scene,2569,P00|P10|P01|P11
712,2,interior,7,7,0.08900031447410583,421026,supported_k6,6,0.5,10.0,frozen_v11_actual_weight,task,1,3,k6_supported_scene,2569,P00|P10|P01|P11
713,2,interior,7,7,0.08900031447410583,421026,supported_k6,6,0.5,10.04,frozen_v11_actual_weight,task,1,3,k6_supported_scene,2569,P00|P10|P01|P11
714,2,interior,7,7,0.08900031447410583,421026,supported_k6,6,0.5,9.96,frozen_v11_actual_weight,task,2,3,k6_supported_scene,2569,P00|P10|P01|P11
715,2,interior,7,7,0.08900031447410583,421026,supported_k6,6,0.5,10.0,frozen_v11_actual_weight,task,2,3,k6_supported_scene,2569,P00|P10|P01|P11
716,2,interior,7,7,0.08900031447410583,421026,supported_k6,6,0.5,10.04,frozen_v11_actual_weight,task,2,3,k6_supported_scene,2569,P00|P10|P01|P11
717,2,interior,7,7,0.08900031447410583,421026,supported_k6,6,0.5,9.96,frozen_v11_actual_weight,task,3,3,k6_supported_scene,2569,P00|P10|P01|P11
718,2,interior,7,7,0.08900031447410583,421026,supported_k6,6,0.5,10.0,frozen_v11_actual_weight,task,3,3,k6_supported_scene,2569,P00|P10|P01|P11
719,2,interior,7,7,0.08900031447410583,421026,supported_k6,6,0.5,10.04,frozen_v11_actual_weight,task,3,3,k6_supported_scene,2569,P00|P10|P01|P11
720,2,interior,7,7,0.08900031447410583,421026,supported_k6,6,0.5,9.96,frozen_v11_actual_weight,task,4,3,k6_supported_scene,2569,P00|P10|P01|P11
721,2,interior,7,7,0.08900031447410583,421026,supported_k6,6,0.5,10.0,frozen_v11_actual_weight,task,4,3,k6_supported_scene,2569,P00|P10|P01|P11
722,2,interior,7,7,0.08900031447410583,421026,supported_k6,6,0.5,10.04,frozen_v11_actual_weight,task,4,3,k6_supported_scene,2569,P00|P10|P01|P11
723,2,interior,7,7,0.08900031447410583,421026,supported_k6,6,0.5,9.96,frozen_v11_actual_weight,task,5,3,k6_supported_scene,2569,P00|P10|P01|P11
724,2,interior,7,7,0.08900031447410583,421026,supported_k6,6,0.5,10.0,frozen_v11_actual_weight,task,5,3,k6_supported_scene,2569,P00|P10|P01|P11
725,2,interior,7,7,0.08900031447410583,421026,supported_k6,6,0.5,10.04,frozen_v11_actual_weight,task,5,3,k6_supported_scene,2569,P00|P10|P01|P11
726,2,corner,14,0,0.015802141278982162,421027,supported_k6,6,0.699999988079071,9.96,frozen_v11_actual_weight,combined,-1,1,k6_supported_scene,2616,P00|P10|P01|P11
727,2,corner,14,0,0.015802141278982162,421027,supported_k6,6,0.699999988079071,10.0,frozen_v11_actual_weight,combined,-1,1,k6_supported_scene,2616,P00|P10|P01|P11
728,2,corner,14,0,0.015802141278982162,421027,supported_k6,6,0.699999988079071,10.04,frozen_v11_actual_weight,combined,-1,1,k6_supported_scene,2616,P00|P10|P01|P11
729,2,corner,14,0,0.015802141278982162,421027,supported_k6,6,0.699999988079071,9.96,frozen_v11_actual_weight,task,0,1,k6_supported_scene,2616,P00|P10|P01|P11
730,2,corner,14,0,0.015802141278982162,421027,supported_k6,6,0.699999988079071,10.0,frozen_v11_actual_weight,task,0,1,k6_supported_scene,2616,P00|P10|P01|P11
731,2,corner,14,0,0.015802141278982162,421027,supported_k6,6,0.699999988079071,10.04,frozen_v11_actual_weight,task,0,1,k6_supported_scene,2616,P00|P10|P01|P11
732,2,corner,14,0,0.015802141278982162,421027,supported_k6,6,0.699999988079071,9.96,frozen_v11_actual_weight,task,1,1,k6_supported_scene,2616,P00|P10|P01|P11
733,2,corner,14,0,0.015802141278982162,421027,supported_k6,6,0.699999988079071,10.0,frozen_v11_actual_weight,task,1,1,k6_supported_scene,2616,P00|P10|P01|P11
734,2,corner,14,0,0.015802141278982162,421027,supported_k6,6,0.699999988079071,10.04,frozen_v11_actual_weight,task,1,1,k6_supported_scene,2616,P00|P10|P01|P11
735,2,corner,14,0,0.015802141278982162,421027,supported_k6,6,0.699999988079071,9.96,frozen_v11_actual_weight,task,2,1,k6_supported_scene,2616,P00|P10|P01|P11
736,2,corner,14,0,0.015802141278982162,421027,supported_k6,6,0.699999988079071,10.0,frozen_v11_actual_weight,task,2,1,k6_supported_scene,2616,P00|P10|P01|P11
737,2,corner,14,0,0.015802141278982162,421027,supported_k6,6,0.699999988079071,10.04,frozen_v11_actual_weight,task,2,1,k6_supported_scene,2616,P00|P10|P01|P11
738,2,corner,14,0,0.015802141278982162,421027,supported_k6,6,0.699999988079071,9.96,frozen_v11_actual_weight,task,3,1,k6_supported_scene,2616,P00|P10|P01|P11
739,2,corner,14,0,0.015802141278982162,421027,supported_k6,6,0.699999988079071,10.0,frozen_v11_actual_weight,task,3,1,k6_supported_scene,2616,P00|P10|P01|P11
740,2,corner,14,0,0.015802141278982162,421027,supported_k6,6,0.699999988079071,10.04,frozen_v11_actual_weight,task,3,1,k6_supported_scene,2616,P00|P10|P01|P11
741,2,corner,14,0,0.015802141278982162,421027,supported_k6,6,0.699999988079071,9.96,frozen_v11_actual_weight,task,4,1,k6_supported_scene,2616,P00|P10|P01|P11
742,2,corner,14,0,0.015802141278982162,421027,supported_k6,6,0.699999988079071,10.0,frozen_v11_actual_weight,task,4,1,k6_supported_scene,2616,P00|P10|P01|P11
743,2,corner,14,0,0.015802141278982162,421027,supported_k6,6,0.699999988079071,10.04,frozen_v11_actual_weight,task,4,1,k6_supported_scene,2616,P00|P10|P01|P11
744,2,corner,14,0,0.015802141278982162,421027,supported_k6,6,0.699999988079071,9.96,frozen_v11_actual_weight,task,5,1,k6_supported_scene,2616,P00|P10|P01|P11
745,2,corner,14,0,0.015802141278982162,421027,supported_k6,6,0.699999988079071,10.0,frozen_v11_actual_weight,task,5,1,k6_supported_scene,2616,P00|P10|P01|P11
746,2,corner,14,0,0.015802141278982162,421027,supported_k6,6,0.699999988079071,10.04,frozen_v11_actual_weight,task,5,1,k6_supported_scene,2616,P00|P10|P01|P11
747,2,edge,2,14,0.05322270095348358,421027,supported_k6,6,0.699999988079071,9.96,frozen_v11_actual_weight,combined,-1,3,k6_supported_scene,2616,P00|P10|P01|P11
748,2,edge,2,14,0.05322270095348358,421027,supported_k6,6,0.699999988079071,10.0,frozen_v11_actual_weight,combined,-1,3,k6_supported_scene,2616,P00|P10|P01|P11
749,2,edge,2,14,0.05322270095348358,421027,supported_k6,6,0.699999988079071,10.04,frozen_v11_actual_weight,combined,-1,3,k6_supported_scene,2616,P00|P10|P01|P11
750,2,edge,2,14,0.05322270095348358,421027,supported_k6,6,0.699999988079071,9.96,frozen_v11_actual_weight,task,0,3,k6_supported_scene,2616,P00|P10|P01|P11
751,2,edge,2,14,0.05322270095348358,421027,supported_k6,6,0.699999988079071,10.0,frozen_v11_actual_weight,task,0,3,k6_supported_scene,2616,P00|P10|P01|P11
752,2,edge,2,14,0.05322270095348358,421027,supported_k6,6,0.699999988079071,10.04,frozen_v11_actual_weight,task,0,3,k6_supported_scene,2616,P00|P10|P01|P11
753,2,edge,2,14,0.05322270095348358,421027,supported_k6,6,0.699999988079071,9.96,frozen_v11_actual_weight,task,1,3,k6_supported_scene,2616,P00|P10|P01|P11
754,2,edge,2,14,0.05322270095348358,421027,supported_k6,6,0.699999988079071,10.0,frozen_v11_actual_weight,task,1,3,k6_supported_scene,2616,P00|P10|P01|P11
755,2,edge,2,14,0.05322270095348358,421027,supported_k6,6,0.699999988079071,10.04,frozen_v11_actual_weight,task,1,3,k6_supported_scene,2616,P00|P10|P01|P11
756,2,edge,2,14,0.05322270095348358,421027,supported_k6,6,0.699999988079071,9.96,frozen_v11_actual_weight,task,2,3,k6_supported_scene,2616,P00|P10|P01|P11
757,2,edge,2,14,0.05322270095348358,421027,supported_k6,6,0.699999988079071,10.0,frozen_v11_actual_weight,task,2,3,k6_supported_scene,2616,P00|P10|P01|P11
758,2,edge,2,14,0.05322270095348358,421027,supported_k6,6,0.699999988079071,10.04,frozen_v11_actual_weight,task,2,3,k6_supported_scene,2616,P00|P10|P01|P11
759,2,edge,2,14,0.05322270095348358,421027,supported_k6,6,0.699999988079071,9.96,frozen_v11_actual_weight,task,3,3,k6_supported_scene,2616,P00|P10|P01|P11
760,2,edge,2,14,0.05322270095348358,421027,supported_k6,6,0.699999988079071,10.0,frozen_v11_actual_weight,task,3,3,k6_supported_scene,2616,P00|P10|P01|P11
761,2,edge,2,14,0.05322270095348358,421027,supported_k6,6,0.699999988079071,10.04,frozen_v11_actual_weight,task,3,3,k6_supported_scene,2616,P00|P10|P01|P11
762,2,edge,2,14,0.05322270095348358,421027,supported_k6,6,0.699999988079071,9.96,frozen_v11_actual_weight,task,4,3,k6_supported_scene,2616,P00|P10|P01|P11
763,2,edge,2,14,0.05322270095348358,421027,supported_k6,6,0.699999988079071,10.0,frozen_v11_actual_weight,task,4,3,k6_supported_scene,2616,P00|P10|P01|P11
764,2,edge,2,14,0.05322270095348358,421027,supported_k6,6,0.699999988079071,10.04,frozen_v11_actual_weight,task,4,3,k6_supported_scene,2616,P00|P10|P01|P11
765,2,edge,2,14,0.05322270095348358,421027,supported_k6,6,0.699999988079071,9.96,frozen_v11_actual_weight,task,5,3,k6_supported_scene,2616,P00|P10|P01|P11
766,2,edge,2,14,0.05322270095348358,421027,supported_k6,6,0.699999988079071,10.0,frozen_v11_actual_weight,task,5,3,k6_supported_scene,2616,P00|P10|P01|P11
767,2,edge,2,14,0.05322270095348358,421027,supported_k6,6,0.699999988079071,10.04,frozen_v11_actual_weight,task,5,3,k6_supported_scene,2616,P00|P10|P01|P11
768,2,interior,7,7,0.08810248970985413,421027,supported_k6,6,0.699999988079071,9.96,frozen_v11_actual_weight,combined,-1,4,k6_supported_scene,2616,P00|P10|P01|P11
769,2,interior,7,7,0.08810248970985413,421027,supported_k6,6,0.699999988079071,10.0,frozen_v11_actual_weight,combined,-1,4,k6_supported_scene,2616,P00|P10|P01|P11
770,2,interior,7,7,0.08810248970985413,421027,supported_k6,6,0.699999988079071,10.04,frozen_v11_actual_weight,combined,-1,4,k6_supported_scene,2616,P00|P10|P01|P11
771,2,interior,7,7,0.08810248970985413,421027,supported_k6,6,0.699999988079071,9.96,frozen_v11_actual_weight,task,0,4,k6_supported_scene,2616,P00|P10|P01|P11
772,2,interior,7,7,0.08810248970985413,421027,supported_k6,6,0.699999988079071,10.0,frozen_v11_actual_weight,task,0,4,k6_supported_scene,2616,P00|P10|P01|P11
773,2,interior,7,7,0.08810248970985413,421027,supported_k6,6,0.699999988079071,10.04,frozen_v11_actual_weight,task,0,4,k6_supported_scene,2616,P00|P10|P01|P11
774,2,interior,7,7,0.08810248970985413,421027,supported_k6,6,0.699999988079071,9.96,frozen_v11_actual_weight,task,1,4,k6_supported_scene,2616,P00|P10|P01|P11
775,2,interior,7,7,0.08810248970985413,421027,supported_k6,6,0.699999988079071,10.0,frozen_v11_actual_weight,task,1,4,k6_supported_scene,2616,P00|P10|P01|P11
776,2,interior,7,7,0.08810248970985413,421027,supported_k6,6,0.699999988079071,10.04,frozen_v11_actual_weight,task,1,4,k6_supported_scene,2616,P00|P10|P01|P11
777,2,interior,7,7,0.08810248970985413,421027,supported_k6,6,0.699999988079071,9.96,frozen_v11_actual_weight,task,2,4,k6_supported_scene,2616,P00|P10|P01|P11
778,2,interior,7,7,0.08810248970985413,421027,supported_k6,6,0.699999988079071,10.0,frozen_v11_actual_weight,task,2,4,k6_supported_scene,2616,P00|P10|P01|P11
779,2,interior,7,7,0.08810248970985413,421027,supported_k6,6,0.699999988079071,10.04,frozen_v11_actual_weight,task,2,4,k6_supported_scene,2616,P00|P10|P01|P11
780,2,interior,7,7,0.08810248970985413,421027,supported_k6,6,0.699999988079071,9.96,frozen_v11_actual_weight,task,3,4,k6_supported_scene,2616,P00|P10|P01|P11
781,2,interior,7,7,0.08810248970985413,421027,supported_k6,6,0.699999988079071,10.0,frozen_v11_actual_weight,task,3,4,k6_supported_scene,2616,P00|P10|P01|P11
782,2,interior,7,7,0.08810248970985413,421027,supported_k6,6,0.699999988079071,10.04,frozen_v11_actual_weight,task,3,4,k6_supported_scene,2616,P00|P10|P01|P11
783,2,interior,7,7,0.08810248970985413,421027,supported_k6,6,0.699999988079071,9.96,frozen_v11_actual_weight,task,4,4,k6_supported_scene,2616,P00|P10|P01|P11
784,2,interior,7,7,0.08810248970985413,421027,supported_k6,6,0.699999988079071,10.0,frozen_v11_actual_weight,task,4,4,k6_supported_scene,2616,P00|P10|P01|P11
785,2,interior,7,7,0.08810248970985413,421027,supported_k6,6,0.699999988079071,10.04,frozen_v11_actual_weight,task,4,4,k6_supported_scene,2616,P00|P10|P01|P11
786,2,interior,7,7,0.08810248970985413,421027,supported_k6,6,0.699999988079071,9.96,frozen_v11_actual_weight,task,5,4,k6_supported_scene,2616,P00|P10|P01|P11
787,2,interior,7,7,0.08810248970985413,421027,supported_k6,6,0.699999988079071,10.0,frozen_v11_actual_weight,task,5,4,k6_supported_scene,2616,P00|P10|P01|P11
788,2,interior,7,7,0.08810248970985413,421027,supported_k6,6,0.699999988079071,10.04,frozen_v11_actual_weight,task,5,4,k6_supported_scene,2616,P00|P10|P01|P11
789,2,corner,0,14,0.001647084834985435,421028,supported_k6,6,0.6000000238418579,9.96,frozen_v11_actual_weight,combined,-1,1,k6_supported_scene,2738,P00|P10|P01|P11
790,2,corner,0,14,0.001647084834985435,421028,supported_k6,6,0.6000000238418579,10.0,frozen_v11_actual_weight,combined,-1,1,k6_supported_scene,2738,P00|P10|P01|P11
791,2,corner,0,14,0.001647084834985435,421028,supported_k6,6,0.6000000238418579,10.04,frozen_v11_actual_weight,combined,-1,1,k6_supported_scene,2738,P00|P10|P01|P11
792,2,corner,0,14,0.001647084834985435,421028,supported_k6,6,0.6000000238418579,9.96,frozen_v11_actual_weight,task,0,1,k6_supported_scene,2738,P00|P10|P01|P11
793,2,corner,0,14,0.001647084834985435,421028,supported_k6,6,0.6000000238418579,10.0,frozen_v11_actual_weight,task,0,1,k6_supported_scene,2738,P00|P10|P01|P11
794,2,corner,0,14,0.001647084834985435,421028,supported_k6,6,0.6000000238418579,10.04,frozen_v11_actual_weight,task,0,1,k6_supported_scene,2738,P00|P10|P01|P11
795,2,corner,0,14,0.001647084834985435,421028,supported_k6,6,0.6000000238418579,9.96,frozen_v11_actual_weight,task,1,1,k6_supported_scene,2738,P00|P10|P01|P11
796,2,corner,0,14,0.001647084834985435,421028,supported_k6,6,0.6000000238418579,10.0,frozen_v11_actual_weight,task,1,1,k6_supported_scene,2738,P00|P10|P01|P11
797,2,corner,0,14,0.001647084834985435,421028,supported_k6,6,0.6000000238418579,10.04,frozen_v11_actual_weight,task,1,1,k6_supported_scene,2738,P00|P10|P01|P11
798,2,corner,0,14,0.001647084834985435,421028,supported_k6,6,0.6000000238418579,9.96,frozen_v11_actual_weight,task,2,1,k6_supported_scene,2738,P00|P10|P01|P11
799,2,corner,0,14,0.001647084834985435,421028,supported_k6,6,0.6000000238418579,10.0,frozen_v11_actual_weight,task,2,1,k6_supported_scene,2738,P00|P10|P01|P11
800,2,corner,0,14,0.001647084834985435,421028,supported_k6,6,0.6000000238418579,10.04,frozen_v11_actual_weight,task,2,1,k6_supported_scene,2738,P00|P10|P01|P11
801,2,corner,0,14,0.001647084834985435,421028,supported_k6,6,0.6000000238418579,9.96,frozen_v11_actual_weight,task,3,1,k6_supported_scene,2738,P00|P10|P01|P11
802,2,corner,0,14,0.001647084834985435,421028,supported_k6,6,0.6000000238418579,10.0,frozen_v11_actual_weight,task,3,1,k6_supported_scene,2738,P00|P10|P01|P11
803,2,corner,0,14,0.001647084834985435,421028,supported_k6,6,0.6000000238418579,10.04,frozen_v11_actual_weight,task,3,1,k6_supported_scene,2738,P00|P10|P01|P11
804,2,corner,0,14,0.001647084834985435,421028,supported_k6,6,0.6000000238418579,9.96,frozen_v11_actual_weight,task,4,1,k6_supported_scene,2738,P00|P10|P01|P11
805,2,corner,0,14,0.001647084834985435,421028,supported_k6,6,0.6000000238418579,10.0,frozen_v11_actual_weight,task,4,1,k6_supported_scene,2738,P00|P10|P01|P11
806,2,corner,0,14,0.001647084834985435,421028,supported_k6,6,0.6000000238418579,10.04,frozen_v11_actual_weight,task,4,1,k6_supported_scene,2738,P00|P10|P01|P11
807,2,corner,0,14,0.001647084834985435,421028,supported_k6,6,0.6000000238418579,9.96,frozen_v11_actual_weight,task,5,1,k6_supported_scene,2738,P00|P10|P01|P11
808,2,corner,0,14,0.001647084834985435,421028,supported_k6,6,0.6000000238418579,10.0,frozen_v11_actual_weight,task,5,1,k6_supported_scene,2738,P00|P10|P01|P11
809,2,corner,0,14,0.001647084834985435,421028,supported_k6,6,0.6000000238418579,10.04,frozen_v11_actual_weight,task,5,1,k6_supported_scene,2738,P00|P10|P01|P11
810,2,edge,7,14,0.04265391826629639,421028,supported_k6,6,0.6000000238418579,9.96,frozen_v11_actual_weight,combined,-1,3,k6_supported_scene,2738,P00|P10|P01|P11
811,2,edge,7,14,0.04265391826629639,421028,supported_k6,6,0.6000000238418579,10.0,frozen_v11_actual_weight,combined,-1,3,k6_supported_scene,2738,P00|P10|P01|P11
812,2,edge,7,14,0.04265391826629639,421028,supported_k6,6,0.6000000238418579,10.04,frozen_v11_actual_weight,combined,-1,3,k6_supported_scene,2738,P00|P10|P01|P11
813,2,edge,7,14,0.04265391826629639,421028,supported_k6,6,0.6000000238418579,9.96,frozen_v11_actual_weight,task,0,3,k6_supported_scene,2738,P00|P10|P01|P11
814,2,edge,7,14,0.04265391826629639,421028,supported_k6,6,0.6000000238418579,10.0,frozen_v11_actual_weight,task,0,3,k6_supported_scene,2738,P00|P10|P01|P11
815,2,edge,7,14,0.04265391826629639,421028,supported_k6,6,0.6000000238418579,10.04,frozen_v11_actual_weight,task,0,3,k6_supported_scene,2738,P00|P10|P01|P11
816,2,edge,7,14,0.04265391826629639,421028,supported_k6,6,0.6000000238418579,9.96,frozen_v11_actual_weight,task,1,3,k6_supported_scene,2738,P00|P10|P01|P11
817,2,edge,7,14,0.04265391826629639,421028,supported_k6,6,0.6000000238418579,10.0,frozen_v11_actual_weight,task,1,3,k6_supported_scene,2738,P00|P10|P01|P11
818,2,edge,7,14,0.04265391826629639,421028,supported_k6,6,0.6000000238418579,10.04,frozen_v11_actual_weight,task,1,3,k6_supported_scene,2738,P00|P10|P01|P11
819,2,edge,7,14,0.04265391826629639,421028,supported_k6,6,0.6000000238418579,9.96,frozen_v11_actual_weight,task,2,3,k6_supported_scene,2738,P00|P10|P01|P11
820,2,edge,7,14,0.04265391826629639,421028,supported_k6,6,0.6000000238418579,10.0,frozen_v11_actual_weight,task,2,3,k6_supported_scene,2738,P00|P10|P01|P11
821,2,edge,7,14,0.04265391826629639,421028,supported_k6,6,0.6000000238418579,10.04,frozen_v11_actual_weight,task,2,3,k6_supported_scene,2738,P00|P10|P01|P11
822,2,edge,7,14,0.04265391826629639,421028,supported_k6,6,0.6000000238418579,9.96,frozen_v11_actual_weight,task,3,3,k6_supported_scene,2738,P00|P10|P01|P11
823,2,edge,7,14,0.04265391826629639,421028,supported_k6,6,0.6000000238418579,10.0,frozen_v11_actual_weight,task,3,3,k6_supported_scene,2738,P00|P10|P01|P11
824,2,edge,7,14,0.04265391826629639,421028,supported_k6,6,0.6000000238418579,10.04,frozen_v11_actual_weight,task,3,3,k6_supported_scene,2738,P00|P10|P01|P11
825,2,edge,7,14,0.04265391826629639,421028,supported_k6,6,0.6000000238418579,9.96,frozen_v11_actual_weight,task,4,3,k6_supported_scene,2738,P00|P10|P01|P11
826,2,edge,7,14,0.04265391826629639,421028,supported_k6,6,0.6000000238418579,10.0,frozen_v11_actual_weight,task,4,3,k6_supported_scene,2738,P00|P10|P01|P11
827,2,edge,7,14,0.04265391826629639,421028,supported_k6,6,0.6000000238418579,10.04,frozen_v11_actual_weight,task,4,3,k6_supported_scene,2738,P00|P10|P01|P11
828,2,edge,7,14,0.04265391826629639,421028,supported_k6,6,0.6000000238418579,9.96,frozen_v11_actual_weight,task,5,3,k6_supported_scene,2738,P00|P10|P01|P11
829,2,edge,7,14,0.04265391826629639,421028,supported_k6,6,0.6000000238418579,10.0,frozen_v11_actual_weight,task,5,3,k6_supported_scene,2738,P00|P10|P01|P11
830,2,edge,7,14,0.04265391826629639,421028,supported_k6,6,0.6000000238418579,10.04,frozen_v11_actual_weight,task,5,3,k6_supported_scene,2738,P00|P10|P01|P11
831,2,interior,7,7,0.10971544682979584,421028,supported_k6,6,0.6000000238418579,9.96,frozen_v11_actual_weight,combined,-1,3,k6_supported_scene,2738,P00|P10|P01|P11
832,2,interior,7,7,0.10971544682979584,421028,supported_k6,6,0.6000000238418579,10.0,frozen_v11_actual_weight,combined,-1,3,k6_supported_scene,2738,P00|P10|P01|P11
833,2,interior,7,7,0.10971544682979584,421028,supported_k6,6,0.6000000238418579,10.04,frozen_v11_actual_weight,combined,-1,3,k6_supported_scene,2738,P00|P10|P01|P11
834,2,interior,7,7,0.10971544682979584,421028,supported_k6,6,0.6000000238418579,9.96,frozen_v11_actual_weight,task,0,3,k6_supported_scene,2738,P00|P10|P01|P11
835,2,interior,7,7,0.10971544682979584,421028,supported_k6,6,0.6000000238418579,10.0,frozen_v11_actual_weight,task,0,3,k6_supported_scene,2738,P00|P10|P01|P11
836,2,interior,7,7,0.10971544682979584,421028,supported_k6,6,0.6000000238418579,10.04,frozen_v11_actual_weight,task,0,3,k6_supported_scene,2738,P00|P10|P01|P11
837,2,interior,7,7,0.10971544682979584,421028,supported_k6,6,0.6000000238418579,9.96,frozen_v11_actual_weight,task,1,3,k6_supported_scene,2738,P00|P10|P01|P11
838,2,interior,7,7,0.10971544682979584,421028,supported_k6,6,0.6000000238418579,10.0,frozen_v11_actual_weight,task,1,3,k6_supported_scene,2738,P00|P10|P01|P11
839,2,interior,7,7,0.10971544682979584,421028,supported_k6,6,0.6000000238418579,10.04,frozen_v11_actual_weight,task,1,3,k6_supported_scene,2738,P00|P10|P01|P11
840,2,interior,7,7,0.10971544682979584,421028,supported_k6,6,0.6000000238418579,9.96,frozen_v11_actual_weight,task,2,3,k6_supported_scene,2738,P00|P10|P01|P11
841,2,interior,7,7,0.10971544682979584,421028,supported_k6,6,0.6000000238418579,10.0,frozen_v11_actual_weight,task,2,3,k6_supported_scene,2738,P00|P10|P01|P11
842,2,interior,7,7,0.10971544682979584,421028,supported_k6,6,0.6000000238418579,10.04,frozen_v11_actual_weight,task,2,3,k6_supported_scene,2738,P00|P10|P01|P11
843,2,interior,7,7,0.10971544682979584,421028,supported_k6,6,0.6000000238418579,9.96,frozen_v11_actual_weight,task,3,3,k6_supported_scene,2738,P00|P10|P01|P11
844,2,interior,7,7,0.10971544682979584,421028,supported_k6,6,0.6000000238418579,10.0,frozen_v11_actual_weight,task,3,3,k6_supported_scene,2738,P00|P10|P01|P11
845,2,interior,7,7,0.10971544682979584,421028,supported_k6,6,0.6000000238418579,10.04,frozen_v11_actual_weight,task,3,3,k6_supported_scene,2738,P00|P10|P01|P11
846,2,interior,7,7,0.10971544682979584,421028,supported_k6,6,0.6000000238418579,9.96,frozen_v11_actual_weight,task,4,3,k6_supported_scene,2738,P00|P10|P01|P11
847,2,interior,7,7,0.10971544682979584,421028,supported_k6,6,0.6000000238418579,10.0,frozen_v11_actual_weight,task,4,3,k6_supported_scene,2738,P00|P10|P01|P11
848,2,interior,7,7,0.10971544682979584,421028,supported_k6,6,0.6000000238418579,10.04,frozen_v11_actual_weight,task,4,3,k6_supported_scene,2738,P00|P10|P01|P11
849,2,interior,7,7,0.10971544682979584,421028,supported_k6,6,0.6000000238418579,9.96,frozen_v11_actual_weight,task,5,3,k6_supported_scene,2738,P00|P10|P01|P11
850,2,interior,7,7,0.10971544682979584,421028,supported_k6,6,0.6000000238418579,10.0,frozen_v11_actual_weight,task,5,3,k6_supported_scene,2738,P00|P10|P01|P11
851,2,interior,7,7,0.10971544682979584,421028,supported_k6,6,0.6000000238418579,10.04,frozen_v11_actual_weight,task,5,3,k6_supported_scene,2738,P00|P10|P01|P11
852,2,corner,0,0,0.041600532829761505,421029,supported_k6,6,0.5,9.96,frozen_v11_actual_weight,combined,-1,4,k6_supported_scene,2869,P00|P10|P01|P11
853,2,corner,0,0,0.041600532829761505,421029,supported_k6,6,0.5,10.0,frozen_v11_actual_weight,combined,-1,4,k6_supported_scene,2869,P00|P10|P01|P11
854,2,corner,0,0,0.041600532829761505,421029,supported_k6,6,0.5,10.04,frozen_v11_actual_weight,combined,-1,4,k6_supported_scene,2869,P00|P10|P01|P11
855,2,corner,0,0,0.041600532829761505,421029,supported_k6,6,0.5,9.96,frozen_v11_actual_weight,task,0,4,k6_supported_scene,2869,P00|P10|P01|P11
856,2,corner,0,0,0.041600532829761505,421029,supported_k6,6,0.5,10.0,frozen_v11_actual_weight,task,0,4,k6_supported_scene,2869,P00|P10|P01|P11
857,2,corner,0,0,0.041600532829761505,421029,supported_k6,6,0.5,10.04,frozen_v11_actual_weight,task,0,4,k6_supported_scene,2869,P00|P10|P01|P11
858,2,corner,0,0,0.041600532829761505,421029,supported_k6,6,0.5,9.96,frozen_v11_actual_weight,task,1,4,k6_supported_scene,2869,P00|P10|P01|P11
859,2,corner,0,0,0.041600532829761505,421029,supported_k6,6,0.5,10.0,frozen_v11_actual_weight,task,1,4,k6_supported_scene,2869,P00|P10|P01|P11
860,2,corner,0,0,0.041600532829761505,421029,supported_k6,6,0.5,10.04,frozen_v11_actual_weight,task,1,4,k6_supported_scene,2869,P00|P10|P01|P11
861,2,corner,0,0,0.041600532829761505,421029,supported_k6,6,0.5,9.96,frozen_v11_actual_weight,task,2,4,k6_supported_scene,2869,P00|P10|P01|P11
862,2,corner,0,0,0.041600532829761505,421029,supported_k6,6,0.5,10.0,frozen_v11_actual_weight,task,2,4,k6_supported_scene,2869,P00|P10|P01|P11
863,2,corner,0,0,0.041600532829761505,421029,supported_k6,6,0.5,10.04,frozen_v11_actual_weight,task,2,4,k6_supported_scene,2869,P00|P10|P01|P11
864,2,corner,0,0,0.041600532829761505,421029,supported_k6,6,0.5,9.96,frozen_v11_actual_weight,task,3,4,k6_supported_scene,2869,P00|P10|P01|P11
865,2,corner,0,0,0.041600532829761505,421029,supported_k6,6,0.5,10.0,frozen_v11_actual_weight,task,3,4,k6_supported_scene,2869,P00|P10|P01|P11
866,2,corner,0,0,0.041600532829761505,421029,supported_k6,6,0.5,10.04,frozen_v11_actual_weight,task,3,4,k6_supported_scene,2869,P00|P10|P01|P11
867,2,corner,0,0,0.041600532829761505,421029,supported_k6,6,0.5,9.96,frozen_v11_actual_weight,task,4,4,k6_supported_scene,2869,P00|P10|P01|P11
868,2,corner,0,0,0.041600532829761505,421029,supported_k6,6,0.5,10.0,frozen_v11_actual_weight,task,4,4,k6_supported_scene,2869,P00|P10|P01|P11
869,2,corner,0,0,0.041600532829761505,421029,supported_k6,6,0.5,10.04,frozen_v11_actual_weight,task,4,4,k6_supported_scene,2869,P00|P10|P01|P11
870,2,corner,0,0,0.041600532829761505,421029,supported_k6,6,0.5,9.96,frozen_v11_actual_weight,task,5,4,k6_supported_scene,2869,P00|P10|P01|P11
871,2,corner,0,0,0.041600532829761505,421029,supported_k6,6,0.5,10.0,frozen_v11_actual_weight,task,5,4,k6_supported_scene,2869,P00|P10|P01|P11
872,2,corner,0,0,0.041600532829761505,421029,supported_k6,6,0.5,10.04,frozen_v11_actual_weight,task,5,4,k6_supported_scene,2869,P00|P10|P01|P11
873,2,edge,0,1,0.06827162206172943,421029,supported_k6,6,0.5,9.96,frozen_v11_actual_weight,combined,-1,4,k6_supported_scene,2869,P00|P10|P01|P11
874,2,edge,0,1,0.06827162206172943,421029,supported_k6,6,0.5,10.0,frozen_v11_actual_weight,combined,-1,4,k6_supported_scene,2869,P00|P10|P01|P11
875,2,edge,0,1,0.06827162206172943,421029,supported_k6,6,0.5,10.04,frozen_v11_actual_weight,combined,-1,4,k6_supported_scene,2869,P00|P10|P01|P11
876,2,edge,0,1,0.06827162206172943,421029,supported_k6,6,0.5,9.96,frozen_v11_actual_weight,task,0,4,k6_supported_scene,2869,P00|P10|P01|P11
877,2,edge,0,1,0.06827162206172943,421029,supported_k6,6,0.5,10.0,frozen_v11_actual_weight,task,0,4,k6_supported_scene,2869,P00|P10|P01|P11
878,2,edge,0,1,0.06827162206172943,421029,supported_k6,6,0.5,10.04,frozen_v11_actual_weight,task,0,4,k6_supported_scene,2869,P00|P10|P01|P11
879,2,edge,0,1,0.06827162206172943,421029,supported_k6,6,0.5,9.96,frozen_v11_actual_weight,task,1,4,k6_supported_scene,2869,P00|P10|P01|P11
880,2,edge,0,1,0.06827162206172943,421029,supported_k6,6,0.5,10.0,frozen_v11_actual_weight,task,1,4,k6_supported_scene,2869,P00|P10|P01|P11
881,2,edge,0,1,0.06827162206172943,421029,supported_k6,6,0.5,10.04,frozen_v11_actual_weight,task,1,4,k6_supported_scene,2869,P00|P10|P01|P11
882,2,edge,0,1,0.06827162206172943,421029,supported_k6,6,0.5,9.96,frozen_v11_actual_weight,task,2,4,k6_supported_scene,2869,P00|P10|P01|P11
883,2,edge,0,1,0.06827162206172943,421029,supported_k6,6,0.5,10.0,frozen_v11_actual_weight,task,2,4,k6_supported_scene,2869,P00|P10|P01|P11
884,2,edge,0,1,0.06827162206172943,421029,supported_k6,6,0.5,10.04,frozen_v11_actual_weight,task,2,4,k6_supported_scene,2869,P00|P10|P01|P11
885,2,edge,0,1,0.06827162206172943,421029,supported_k6,6,0.5,9.96,frozen_v11_actual_weight,task,3,4,k6_supported_scene,2869,P00|P10|P01|P11
886,2,edge,0,1,0.06827162206172943,421029,supported_k6,6,0.5,10.0,frozen_v11_actual_weight,task,3,4,k6_supported_scene,2869,P00|P10|P01|P11
887,2,edge,0,1,0.06827162206172943,421029,supported_k6,6,0.5,10.04,frozen_v11_actual_weight,task,3,4,k6_supported_scene,2869,P00|P10|P01|P11
888,2,edge,0,1,0.06827162206172943,421029,supported_k6,6,0.5,9.96,frozen_v11_actual_weight,task,4,4,k6_supported_scene,2869,P00|P10|P01|P11
889,2,edge,0,1,0.06827162206172943,421029,supported_k6,6,0.5,10.0,frozen_v11_actual_weight,task,4,4,k6_supported_scene,2869,P00|P10|P01|P11
890,2,edge,0,1,0.06827162206172943,421029,supported_k6,6,0.5,10.04,frozen_v11_actual_weight,task,4,4,k6_supported_scene,2869,P00|P10|P01|P11
891,2,edge,0,1,0.06827162206172943,421029,supported_k6,6,0.5,9.96,frozen_v11_actual_weight,task,5,4,k6_supported_scene,2869,P00|P10|P01|P11
892,2,edge,0,1,0.06827162206172943,421029,supported_k6,6,0.5,10.0,frozen_v11_actual_weight,task,5,4,k6_supported_scene,2869,P00|P10|P01|P11
893,2,edge,0,1,0.06827162206172943,421029,supported_k6,6,0.5,10.04,frozen_v11_actual_weight,task,5,4,k6_supported_scene,2869,P00|P10|P01|P11
894,2,interior,7,7,0.147009938955307,421029,supported_k6,6,0.5,9.96,frozen_v11_actual_weight,combined,-1,3,k6_supported_scene,2869,P00|P10|P01|P11
895,2,interior,7,7,0.147009938955307,421029,supported_k6,6,0.5,10.0,frozen_v11_actual_weight,combined,-1,3,k6_supported_scene,2869,P00|P10|P01|P11
896,2,interior,7,7,0.147009938955307,421029,supported_k6,6,0.5,10.04,frozen_v11_actual_weight,combined,-1,3,k6_supported_scene,2869,P00|P10|P01|P11
897,2,interior,7,7,0.147009938955307,421029,supported_k6,6,0.5,9.96,frozen_v11_actual_weight,task,0,3,k6_supported_scene,2869,P00|P10|P01|P11
898,2,interior,7,7,0.147009938955307,421029,supported_k6,6,0.5,10.0,frozen_v11_actual_weight,task,0,3,k6_supported_scene,2869,P00|P10|P01|P11
899,2,interior,7,7,0.147009938955307,421029,supported_k6,6,0.5,10.04,frozen_v11_actual_weight,task,0,3,k6_supported_scene,2869,P00|P10|P01|P11
900,2,interior,7,7,0.147009938955307,421029,supported_k6,6,0.5,9.96,frozen_v11_actual_weight,task,1,3,k6_supported_scene,2869,P00|P10|P01|P11
901,2,interior,7,7,0.147009938955307,421029,supported_k6,6,0.5,10.0,frozen_v11_actual_weight,task,1,3,k6_supported_scene,2869,P00|P10|P01|P11
902,2,interior,7,7,0.147009938955307,421029,supported_k6,6,0.5,10.04,frozen_v11_actual_weight,task,1,3,k6_supported_scene,2869,P00|P10|P01|P11
903,2,interior,7,7,0.147009938955307,421029,supported_k6,6,0.5,9.96,frozen_v11_actual_weight,task,2,3,k6_supported_scene,2869,P00|P10|P01|P11
904,2,interior,7,7,0.147009938955307,421029,supported_k6,6,0.5,10.0,frozen_v11_actual_weight,task,2,3,k6_supported_scene,2869,P00|P10|P01|P11
905,2,interior,7,7,0.147009938955307,421029,supported_k6,6,0.5,10.04,frozen_v11_actual_weight,task,2,3,k6_supported_scene,2869,P00|P10|P01|P11
906,2,interior,7,7,0.147009938955307,421029,supported_k6,6,0.5,9.96,frozen_v11_actual_weight,task,3,3,k6_supported_scene,2869,P00|P10|P01|P11
907,2,interior,7,7,0.147009938955307,421029,supported_k6,6,0.5,10.0,frozen_v11_actual_weight,task,3,3,k6_supported_scene,2869,P00|P10|P01|P11
908,2,interior,7,7,0.147009938955307,421029,supported_k6,6,0.5,10.04,frozen_v11_actual_weight,task,3,3,k6_supported_scene,2869,P00|P10|P01|P11
909,2,interior,7,7,0.147009938955307,421029,supported_k6,6,0.5,9.96,frozen_v11_actual_weight,task,4,3,k6_supported_scene,2869,P00|P10|P01|P11
910,2,interior,7,7,0.147009938955307,421029,supported_k6,6,0.5,10.0,frozen_v11_actual_weight,task,4,3,k6_supported_scene,2869,P00|P10|P01|P11
911,2,interior,7,7,0.147009938955307,421029,supported_k6,6,0.5,10.04,frozen_v11_actual_weight,task,4,3,k6_supported_scene,2869,P00|P10|P01|P11
912,2,interior,7,7,0.147009938955307,421029,supported_k6,6,0.5,9.96,frozen_v11_actual_weight,task,5,3,k6_supported_scene,2869,P00|P10|P01|P11
913,2,interior,7,7,0.147009938955307,421029,supported_k6,6,0.5,10.0,frozen_v11_actual_weight,task,5,3,k6_supported_scene,2869,P00|P10|P01|P11
914,2,interior,7,7,0.147009938955307,421029,supported_k6,6,0.5,10.04,frozen_v11_actual_weight,task,5,3,k6_supported_scene,2869,P00|P10|P01|P11
915,2,corner,0,14,0.018610745668411255,421030,supported_k6,6,0.5,9.96,frozen_v11_actual_weight,combined,-1,1,k6_supported_scene,2954,P00|P10|P01|P11
916,2,corner,0,14,0.018610745668411255,421030,supported_k6,6,0.5,10.0,frozen_v11_actual_weight,combined,-1,1,k6_supported_scene,2954,P00|P10|P01|P11
917,2,corner,0,14,0.018610745668411255,421030,supported_k6,6,0.5,10.04,frozen_v11_actual_weight,combined,-1,1,k6_supported_scene,2954,P00|P10|P01|P11
918,2,corner,0,14,0.018610745668411255,421030,supported_k6,6,0.5,9.96,frozen_v11_actual_weight,task,0,1,k6_supported_scene,2954,P00|P10|P01|P11
919,2,corner,0,14,0.018610745668411255,421030,supported_k6,6,0.5,10.0,frozen_v11_actual_weight,task,0,1,k6_supported_scene,2954,P00|P10|P01|P11
920,2,corner,0,14,0.018610745668411255,421030,supported_k6,6,0.5,10.04,frozen_v11_actual_weight,task,0,1,k6_supported_scene,2954,P00|P10|P01|P11
921,2,corner,0,14,0.018610745668411255,421030,supported_k6,6,0.5,9.96,frozen_v11_actual_weight,task,1,1,k6_supported_scene,2954,P00|P10|P01|P11
922,2,corner,0,14,0.018610745668411255,421030,supported_k6,6,0.5,10.0,frozen_v11_actual_weight,task,1,1,k6_supported_scene,2954,P00|P10|P01|P11
923,2,corner,0,14,0.018610745668411255,421030,supported_k6,6,0.5,10.04,frozen_v11_actual_weight,task,1,1,k6_supported_scene,2954,P00|P10|P01|P11
924,2,corner,0,14,0.018610745668411255,421030,supported_k6,6,0.5,9.96,frozen_v11_actual_weight,task,2,1,k6_supported_scene,2954,P00|P10|P01|P11
925,2,corner,0,14,0.018610745668411255,421030,supported_k6,6,0.5,10.0,frozen_v11_actual_weight,task,2,1,k6_supported_scene,2954,P00|P10|P01|P11
926,2,corner,0,14,0.018610745668411255,421030,supported_k6,6,0.5,10.04,frozen_v11_actual_weight,task,2,1,k6_supported_scene,2954,P00|P10|P01|P11
927,2,corner,0,14,0.018610745668411255,421030,supported_k6,6,0.5,9.96,frozen_v11_actual_weight,task,3,1,k6_supported_scene,2954,P00|P10|P01|P11
928,2,corner,0,14,0.018610745668411255,421030,supported_k6,6,0.5,10.0,frozen_v11_actual_weight,task,3,1,k6_supported_scene,2954,P00|P10|P01|P11
929,2,corner,0,14,0.018610745668411255,421030,supported_k6,6,0.5,10.04,frozen_v11_actual_weight,task,3,1,k6_supported_scene,2954,P00|P10|P01|P11
930,2,corner,0,14,0.018610745668411255,421030,supported_k6,6,0.5,9.96,frozen_v11_actual_weight,task,4,1,k6_supported_scene,2954,P00|P10|P01|P11
931,2,corner,0,14,0.018610745668411255,421030,supported_k6,6,0.5,10.0,frozen_v11_actual_weight,task,4,1,k6_supported_scene,2954,P00|P10|P01|P11
932,2,corner,0,14,0.018610745668411255,421030,supported_k6,6,0.5,10.04,frozen_v11_actual_weight,task,4,1,k6_supported_scene,2954,P00|P10|P01|P11
933,2,corner,0,14,0.018610745668411255,421030,supported_k6,6,0.5,9.96,frozen_v11_actual_weight,task,5,1,k6_supported_scene,2954,P00|P10|P01|P11
934,2,corner,0,14,0.018610745668411255,421030,supported_k6,6,0.5,10.0,frozen_v11_actual_weight,task,5,1,k6_supported_scene,2954,P00|P10|P01|P11
935,2,corner,0,14,0.018610745668411255,421030,supported_k6,6,0.5,10.04,frozen_v11_actual_weight,task,5,1,k6_supported_scene,2954,P00|P10|P01|P11
936,2,edge,6,0,0.06895913183689117,421030,supported_k6,6,0.5,9.96,frozen_v11_actual_weight,combined,-1,4,k6_supported_scene,2954,P00|P10|P01|P11
937,2,edge,6,0,0.06895913183689117,421030,supported_k6,6,0.5,10.0,frozen_v11_actual_weight,combined,-1,4,k6_supported_scene,2954,P00|P10|P01|P11
938,2,edge,6,0,0.06895913183689117,421030,supported_k6,6,0.5,10.04,frozen_v11_actual_weight,combined,-1,4,k6_supported_scene,2954,P00|P10|P01|P11
939,2,edge,6,0,0.06895913183689117,421030,supported_k6,6,0.5,9.96,frozen_v11_actual_weight,task,0,4,k6_supported_scene,2954,P00|P10|P01|P11
940,2,edge,6,0,0.06895913183689117,421030,supported_k6,6,0.5,10.0,frozen_v11_actual_weight,task,0,4,k6_supported_scene,2954,P00|P10|P01|P11
941,2,edge,6,0,0.06895913183689117,421030,supported_k6,6,0.5,10.04,frozen_v11_actual_weight,task,0,4,k6_supported_scene,2954,P00|P10|P01|P11
942,2,edge,6,0,0.06895913183689117,421030,supported_k6,6,0.5,9.96,frozen_v11_actual_weight,task,1,4,k6_supported_scene,2954,P00|P10|P01|P11
943,2,edge,6,0,0.06895913183689117,421030,supported_k6,6,0.5,10.0,frozen_v11_actual_weight,task,1,4,k6_supported_scene,2954,P00|P10|P01|P11
944,2,edge,6,0,0.06895913183689117,421030,supported_k6,6,0.5,10.04,frozen_v11_actual_weight,task,1,4,k6_supported_scene,2954,P00|P10|P01|P11
945,2,edge,6,0,0.06895913183689117,421030,supported_k6,6,0.5,9.96,frozen_v11_actual_weight,task,2,4,k6_supported_scene,2954,P00|P10|P01|P11
946,2,edge,6,0,0.06895913183689117,421030,supported_k6,6,0.5,10.0,frozen_v11_actual_weight,task,2,4,k6_supported_scene,2954,P00|P10|P01|P11
947,2,edge,6,0,0.06895913183689117,421030,supported_k6,6,0.5,10.04,frozen_v11_actual_weight,task,2,4,k6_supported_scene,2954,P00|P10|P01|P11
948,2,edge,6,0,0.06895913183689117,421030,supported_k6,6,0.5,9.96,frozen_v11_actual_weight,task,3,4,k6_supported_scene,2954,P00|P10|P01|P11
949,2,edge,6,0,0.06895913183689117,421030,supported_k6,6,0.5,10.0,frozen_v11_actual_weight,task,3,4,k6_supported_scene,2954,P00|P10|P01|P11
950,2,edge,6,0,0.06895913183689117,421030,supported_k6,6,0.5,10.04,frozen_v11_actual_weight,task,3,4,k6_supported_scene,2954,P00|P10|P01|P11
951,2,edge,6,0,0.06895913183689117,421030,supported_k6,6,0.5,9.96,frozen_v11_actual_weight,task,4,4,k6_supported_scene,2954,P00|P10|P01|P11
952,2,edge,6,0,0.06895913183689117,421030,supported_k6,6,0.5,10.0,frozen_v11_actual_weight,task,4,4,k6_supported_scene,2954,P00|P10|P01|P11
953,2,edge,6,0,0.06895913183689117,421030,supported_k6,6,0.5,10.04,frozen_v11_actual_weight,task,4,4,k6_supported_scene,2954,P00|P10|P01|P11
954,2,edge,6,0,0.06895913183689117,421030,supported_k6,6,0.5,9.96,frozen_v11_actual_weight,task,5,4,k6_supported_scene,2954,P00|P10|P01|P11
955,2,edge,6,0,0.06895913183689117,421030,supported_k6,6,0.5,10.0,frozen_v11_actual_weight,task,5,4,k6_supported_scene,2954,P00|P10|P01|P11
956,2,edge,6,0,0.06895913183689117,421030,supported_k6,6,0.5,10.04,frozen_v11_actual_weight,task,5,4,k6_supported_scene,2954,P00|P10|P01|P11
957,2,interior,10,2,0.08595284074544907,421030,supported_k6,6,0.5,9.96,frozen_v11_actual_weight,combined,-1,4,k6_supported_scene,2954,P00|P10|P01|P11
958,2,interior,10,2,0.08595284074544907,421030,supported_k6,6,0.5,10.0,frozen_v11_actual_weight,combined,-1,4,k6_supported_scene,2954,P00|P10|P01|P11
959,2,interior,10,2,0.08595284074544907,421030,supported_k6,6,0.5,10.04,frozen_v11_actual_weight,combined,-1,4,k6_supported_scene,2954,P00|P10|P01|P11
960,2,interior,10,2,0.08595284074544907,421030,supported_k6,6,0.5,9.96,frozen_v11_actual_weight,task,0,4,k6_supported_scene,2954,P00|P10|P01|P11
961,2,interior,10,2,0.08595284074544907,421030,supported_k6,6,0.5,10.0,frozen_v11_actual_weight,task,0,4,k6_supported_scene,2954,P00|P10|P01|P11
962,2,interior,10,2,0.08595284074544907,421030,supported_k6,6,0.5,10.04,frozen_v11_actual_weight,task,0,4,k6_supported_scene,2954,P00|P10|P01|P11
963,2,interior,10,2,0.08595284074544907,421030,supported_k6,6,0.5,9.96,frozen_v11_actual_weight,task,1,4,k6_supported_scene,2954,P00|P10|P01|P11
964,2,interior,10,2,0.08595284074544907,421030,supported_k6,6,0.5,10.0,frozen_v11_actual_weight,task,1,4,k6_supported_scene,2954,P00|P10|P01|P11
965,2,interior,10,2,0.08595284074544907,421030,supported_k6,6,0.5,10.04,frozen_v11_actual_weight,task,1,4,k6_supported_scene,2954,P00|P10|P01|P11
966,2,interior,10,2,0.08595284074544907,421030,supported_k6,6,0.5,9.96,frozen_v11_actual_weight,task,2,4,k6_supported_scene,2954,P00|P10|P01|P11
967,2,interior,10,2,0.08595284074544907,421030,supported_k6,6,0.5,10.0,frozen_v11_actual_weight,task,2,4,k6_supported_scene,2954,P00|P10|P01|P11
968,2,interior,10,2,0.08595284074544907,421030,supported_k6,6,0.5,10.04,frozen_v11_actual_weight,task,2,4,k6_supported_scene,2954,P00|P10|P01|P11
969,2,interior,10,2,0.08595284074544907,421030,supported_k6,6,0.5,9.96,frozen_v11_actual_weight,task,3,4,k6_supported_scene,2954,P00|P10|P01|P11
970,2,interior,10,2,0.08595284074544907,421030,supported_k6,6,0.5,10.0,frozen_v11_actual_weight,task,3,4,k6_supported_scene,2954,P00|P10|P01|P11
971,2,interior,10,2,0.08595284074544907,421030,supported_k6,6,0.5,10.04,frozen_v11_actual_weight,task,3,4,k6_supported_scene,2954,P00|P10|P01|P11
972,2,interior,10,2,0.08595284074544907,421030,supported_k6,6,0.5,9.96,frozen_v11_actual_weight,task,4,4,k6_supported_scene,2954,P00|P10|P01|P11
973,2,interior,10,2,0.08595284074544907,421030,supported_k6,6,0.5,10.0,frozen_v11_actual_weight,task,4,4,k6_supported_scene,2954,P00|P10|P01|P11
974,2,interior,10,2,0.08595284074544907,421030,supported_k6,6,0.5,10.04,frozen_v11_actual_weight,task,4,4,k6_supported_scene,2954,P00|P10|P01|P11
975,2,interior,10,2,0.08595284074544907,421030,supported_k6,6,0.5,9.96,frozen_v11_actual_weight,task,5,4,k6_supported_scene,2954,P00|P10|P01|P11
976,2,interior,10,2,0.08595284074544907,421030,supported_k6,6,0.5,10.0,frozen_v11_actual_weight,task,5,4,k6_supported_scene,2954,P00|P10|P01|P11
977,2,interior,10,2,0.08595284074544907,421030,supported_k6,6,0.5,10.04,frozen_v11_actual_weight,task,5,4,k6_supported_scene,2954,P00|P10|P01|P11
978,2,corner,0,0,0.044924698770046234,421031,supported_k6,6,0.5,9.96,frozen_v11_actual_weight,combined,-1,3,k6_supported_scene,3049,P00|P10|P01|P11
979,2,corner,0,0,0.044924698770046234,421031,supported_k6,6,0.5,10.0,frozen_v11_actual_weight,combined,-1,3,k6_supported_scene,3049,P00|P10|P01|P11
980,2,corner,0,0,0.044924698770046234,421031,supported_k6,6,0.5,10.04,frozen_v11_actual_weight,combined,-1,3,k6_supported_scene,3049,P00|P10|P01|P11
981,2,corner,0,0,0.044924698770046234,421031,supported_k6,6,0.5,9.96,frozen_v11_actual_weight,task,0,3,k6_supported_scene,3049,P00|P10|P01|P11
982,2,corner,0,0,0.044924698770046234,421031,supported_k6,6,0.5,10.0,frozen_v11_actual_weight,task,0,3,k6_supported_scene,3049,P00|P10|P01|P11
983,2,corner,0,0,0.044924698770046234,421031,supported_k6,6,0.5,10.04,frozen_v11_actual_weight,task,0,3,k6_supported_scene,3049,P00|P10|P01|P11
984,2,corner,0,0,0.044924698770046234,421031,supported_k6,6,0.5,9.96,frozen_v11_actual_weight,task,1,3,k6_supported_scene,3049,P00|P10|P01|P11
985,2,corner,0,0,0.044924698770046234,421031,supported_k6,6,0.5,10.0,frozen_v11_actual_weight,task,1,3,k6_supported_scene,3049,P00|P10|P01|P11
986,2,corner,0,0,0.044924698770046234,421031,supported_k6,6,0.5,10.04,frozen_v11_actual_weight,task,1,3,k6_supported_scene,3049,P00|P10|P01|P11
987,2,corner,0,0,0.044924698770046234,421031,supported_k6,6,0.5,9.96,frozen_v11_actual_weight,task,2,3,k6_supported_scene,3049,P00|P10|P01|P11
988,2,corner,0,0,0.044924698770046234,421031,supported_k6,6,0.5,10.0,frozen_v11_actual_weight,task,2,3,k6_supported_scene,3049,P00|P10|P01|P11
989,2,corner,0,0,0.044924698770046234,421031,supported_k6,6,0.5,10.04,frozen_v11_actual_weight,task,2,3,k6_supported_scene,3049,P00|P10|P01|P11
990,2,corner,0,0,0.044924698770046234,421031,supported_k6,6,0.5,9.96,frozen_v11_actual_weight,task,3,3,k6_supported_scene,3049,P00|P10|P01|P11
991,2,corner,0,0,0.044924698770046234,421031,supported_k6,6,0.5,10.0,frozen_v11_actual_weight,task,3,3,k6_supported_scene,3049,P00|P10|P01|P11
992,2,corner,0,0,0.044924698770046234,421031,supported_k6,6,0.5,10.04,frozen_v11_actual_weight,task,3,3,k6_supported_scene,3049,P00|P10|P01|P11
993,2,corner,0,0,0.044924698770046234,421031,supported_k6,6,0.5,9.96,frozen_v11_actual_weight,task,4,3,k6_supported_scene,3049,P00|P10|P01|P11
994,2,corner,0,0,0.044924698770046234,421031,supported_k6,6,0.5,10.0,frozen_v11_actual_weight,task,4,3,k6_supported_scene,3049,P00|P10|P01|P11
995,2,corner,0,0,0.044924698770046234,421031,supported_k6,6,0.5,10.04,frozen_v11_actual_weight,task,4,3,k6_supported_scene,3049,P00|P10|P01|P11
996,2,corner,0,0,0.044924698770046234,421031,supported_k6,6,0.5,9.96,frozen_v11_actual_weight,task,5,3,k6_supported_scene,3049,P00|P10|P01|P11
997,2,corner,0,0,0.044924698770046234,421031,supported_k6,6,0.5,10.0,frozen_v11_actual_weight,task,5,3,k6_supported_scene,3049,P00|P10|P01|P11
998,2,corner,0,0,0.044924698770046234,421031,supported_k6,6,0.5,10.04,frozen_v11_actual_weight,task,5,3,k6_supported_scene,3049,P00|P10|P01|P11
999,2,edge,0,1,0.07452104985713959,421031,supported_k6,6,0.5,9.96,frozen_v11_actual_weight,combined,-1,4,k6_supported_scene,3049,P00|P10|P01|P11
1000,2,edge,0,1,0.07452104985713959,421031,supported_k6,6,0.5,10.0,frozen_v11_actual_weight,combined,-1,4,k6_supported_scene,3049,P00|P10|P01|P11
1001,2,edge,0,1,0.07452104985713959,421031,supported_k6,6,0.5,10.04,frozen_v11_actual_weight,combined,-1,4,k6_supported_scene,3049,P00|P10|P01|P11
1002,2,edge,0,1,0.07452104985713959,421031,supported_k6,6,0.5,9.96,frozen_v11_actual_weight,task,0,4,k6_supported_scene,3049,P00|P10|P01|P11
1003,2,edge,0,1,0.07452104985713959,421031,supported_k6,6,0.5,10.0,frozen_v11_actual_weight,task,0,4,k6_supported_scene,3049,P00|P10|P01|P11
1004,2,edge,0,1,0.07452104985713959,421031,supported_k6,6,0.5,10.04,frozen_v11_actual_weight,task,0,4,k6_supported_scene,3049,P00|P10|P01|P11
1005,2,edge,0,1,0.07452104985713959,421031,supported_k6,6,0.5,9.96,frozen_v11_actual_weight,task,1,4,k6_supported_scene,3049,P00|P10|P01|P11
1006,2,edge,0,1,0.07452104985713959,421031,supported_k6,6,0.5,10.0,frozen_v11_actual_weight,task,1,4,k6_supported_scene,3049,P00|P10|P01|P11
1007,2,edge,0,1,0.07452104985713959,421031,supported_k6,6,0.5,10.04,frozen_v11_actual_weight,task,1,4,k6_supported_scene,3049,P00|P10|P01|P11
1008,2,edge,0,1,0.07452104985713959,421031,supported_k6,6,0.5,9.96,frozen_v11_actual_weight,task,2,4,k6_supported_scene,3049,P00|P10|P01|P11
1009,2,edge,0,1,0.07452104985713959,421031,supported_k6,6,0.5,10.0,frozen_v11_actual_weight,task,2,4,k6_supported_scene,3049,P00|P10|P01|P11
1010,2,edge,0,1,0.07452104985713959,421031,supported_k6,6,0.5,10.04,frozen_v11_actual_weight,task,2,4,k6_supported_scene,3049,P00|P10|P01|P11
1011,2,edge,0,1,0.07452104985713959,421031,supported_k6,6,0.5,9.96,frozen_v11_actual_weight,task,3,4,k6_supported_scene,3049,P00|P10|P01|P11
1012,2,edge,0,1,0.07452104985713959,421031,supported_k6,6,0.5,10.0,frozen_v11_actual_weight,task,3,4,k6_supported_scene,3049,P00|P10|P01|P11
1013,2,edge,0,1,0.07452104985713959,421031,supported_k6,6,0.5,10.04,frozen_v11_actual_weight,task,3,4,k6_supported_scene,3049,P00|P10|P01|P11
1014,2,edge,0,1,0.07452104985713959,421031,supported_k6,6,0.5,9.96,frozen_v11_actual_weight,task,4,4,k6_supported_scene,3049,P00|P10|P01|P11
1015,2,edge,0,1,0.07452104985713959,421031,supported_k6,6,0.5,10.0,frozen_v11_actual_weight,task,4,4,k6_supported_scene,3049,P00|P10|P01|P11
1016,2,edge,0,1,0.07452104985713959,421031,supported_k6,6,0.5,10.04,frozen_v11_actual_weight,task,4,4,k6_supported_scene,3049,P00|P10|P01|P11
1017,2,edge,0,1,0.07452104985713959,421031,supported_k6,6,0.5,9.96,frozen_v11_actual_weight,task,5,4,k6_supported_scene,3049,P00|P10|P01|P11
1018,2,edge,0,1,0.07452104985713959,421031,supported_k6,6,0.5,10.0,frozen_v11_actual_weight,task,5,4,k6_supported_scene,3049,P00|P10|P01|P11
1019,2,edge,0,1,0.07452104985713959,421031,supported_k6,6,0.5,10.04,frozen_v11_actual_weight,task,5,4,k6_supported_scene,3049,P00|P10|P01|P11
1020,2,interior,7,7,0.165196031332016,421031,supported_k6,6,0.5,9.96,frozen_v11_actual_weight,combined,-1,3,k6_supported_scene,3049,P00|P10|P01|P11
1021,2,interior,7,7,0.165196031332016,421031,supported_k6,6,0.5,10.0,frozen_v11_actual_weight,combined,-1,3,k6_supported_scene,3049,P00|P10|P01|P11
1022,2,interior,7,7,0.165196031332016,421031,supported_k6,6,0.5,10.04,frozen_v11_actual_weight,combined,-1,3,k6_supported_scene,3049,P00|P10|P01|P11
1023,2,interior,7,7,0.165196031332016,421031,supported_k6,6,0.5,9.96,frozen_v11_actual_weight,task,0,3,k6_supported_scene,3049,P00|P10|P01|P11
1024,2,interior,7,7,0.165196031332016,421031,supported_k6,6,0.5,10.0,frozen_v11_actual_weight,task,0,3,k6_supported_scene,3049,P00|P10|P01|P11
1025,2,interior,7,7,0.165196031332016,421031,supported_k6,6,0.5,10.04,frozen_v11_actual_weight,task,0,3,k6_supported_scene,3049,P00|P10|P01|P11
1026,2,interior,7,7,0.165196031332016,421031,supported_k6,6,0.5,9.96,frozen_v11_actual_weight,task,1,3,k6_supported_scene,3049,P00|P10|P01|P11
1027,2,interior,7,7,0.165196031332016,421031,supported_k6,6,0.5,10.0,frozen_v11_actual_weight,task,1,3,k6_supported_scene,3049,P00|P10|P01|P11
1028,2,interior,7,7,0.165196031332016,421031,supported_k6,6,0.5,10.04,frozen_v11_actual_weight,task,1,3,k6_supported_scene,3049,P00|P10|P01|P11
1029,2,interior,7,7,0.165196031332016,421031,supported_k6,6,0.5,9.96,frozen_v11_actual_weight,task,2,3,k6_supported_scene,3049,P00|P10|P01|P11
1030,2,interior,7,7,0.165196031332016,421031,supported_k6,6,0.5,10.0,frozen_v11_actual_weight,task,2,3,k6_supported_scene,3049,P00|P10|P01|P11
1031,2,interior,7,7,0.165196031332016,421031,supported_k6,6,0.5,10.04,frozen_v11_actual_weight,task,2,3,k6_supported_scene,3049,P00|P10|P01|P11
1032,2,interior,7,7,0.165196031332016,421031,supported_k6,6,0.5,9.96,frozen_v11_actual_weight,task,3,3,k6_supported_scene,3049,P00|P10|P01|P11
1033,2,interior,7,7,0.165196031332016,421031,supported_k6,6,0.5,10.0,frozen_v11_actual_weight,task,3,3,k6_supported_scene,3049,P00|P10|P01|P11
1034,2,interior,7,7,0.165196031332016,421031,supported_k6,6,0.5,10.04,frozen_v11_actual_weight,task,3,3,k6_supported_scene,3049,P00|P10|P01|P11
1035,2,interior,7,7,0.165196031332016,421031,supported_k6,6,0.5,9.96,frozen_v11_actual_weight,task,4,3,k6_supported_scene,3049,P00|P10|P01|P11
1036,2,interior,7,7,0.165196031332016,421031,supported_k6,6,0.5,10.0,frozen_v11_actual_weight,task,4,3,k6_supported_scene,3049,P00|P10|P01|P11
1037,2,interior,7,7,0.165196031332016,421031,supported_k6,6,0.5,10.04,frozen_v11_actual_weight,task,4,3,k6_supported_scene,3049,P00|P10|P01|P11
1038,2,interior,7,7,0.165196031332016,421031,supported_k6,6,0.5,9.96,frozen_v11_actual_weight,task,5,3,k6_supported_scene,3049,P00|P10|P01|P11
1039,2,interior,7,7,0.165196031332016,421031,supported_k6,6,0.5,10.0,frozen_v11_actual_weight,task,5,3,k6_supported_scene,3049,P00|P10|P01|P11
1040,2,interior,7,7,0.165196031332016,421031,supported_k6,6,0.5,10.04,frozen_v11_actual_weight,task,5,3,k6_supported_scene,3049,P00|P10|P01|P11
1041,2,corner,14,0,0.03535009175539017,421032,supported_k6,6,0.5,9.96,frozen_v11_actual_weight,combined,-1,3,k6_supported_scene,3146,P00|P10|P01|P11
1042,2,corner,14,0,0.03535009175539017,421032,supported_k6,6,0.5,10.0,frozen_v11_actual_weight,combined,-1,3,k6_supported_scene,3146,P00|P10|P01|P11
1043,2,corner,14,0,0.03535009175539017,421032,supported_k6,6,0.5,10.04,frozen_v11_actual_weight,combined,-1,3,k6_supported_scene,3146,P00|P10|P01|P11
1044,2,corner,14,0,0.03535009175539017,421032,supported_k6,6,0.5,9.96,frozen_v11_actual_weight,task,0,3,k6_supported_scene,3146,P00|P10|P01|P11
1045,2,corner,14,0,0.03535009175539017,421032,supported_k6,6,0.5,10.0,frozen_v11_actual_weight,task,0,3,k6_supported_scene,3146,P00|P10|P01|P11
1046,2,corner,14,0,0.03535009175539017,421032,supported_k6,6,0.5,10.04,frozen_v11_actual_weight,task,0,3,k6_supported_scene,3146,P00|P10|P01|P11
1047,2,corner,14,0,0.03535009175539017,421032,supported_k6,6,0.5,9.96,frozen_v11_actual_weight,task,1,3,k6_supported_scene,3146,P00|P10|P01|P11
1048,2,corner,14,0,0.03535009175539017,421032,supported_k6,6,0.5,10.0,frozen_v11_actual_weight,task,1,3,k6_supported_scene,3146,P00|P10|P01|P11
1049,2,corner,14,0,0.03535009175539017,421032,supported_k6,6,0.5,10.04,frozen_v11_actual_weight,task,1,3,k6_supported_scene,3146,P00|P10|P01|P11
1050,2,corner,14,0,0.03535009175539017,421032,supported_k6,6,0.5,9.96,frozen_v11_actual_weight,task,2,3,k6_supported_scene,3146,P00|P10|P01|P11
1051,2,corner,14,0,0.03535009175539017,421032,supported_k6,6,0.5,10.0,frozen_v11_actual_weight,task,2,3,k6_supported_scene,3146,P00|P10|P01|P11
1052,2,corner,14,0,0.03535009175539017,421032,supported_k6,6,0.5,10.04,frozen_v11_actual_weight,task,2,3,k6_supported_scene,3146,P00|P10|P01|P11
1053,2,corner,14,0,0.03535009175539017,421032,supported_k6,6,0.5,9.96,frozen_v11_actual_weight,task,3,3,k6_supported_scene,3146,P00|P10|P01|P11
1054,2,corner,14,0,0.03535009175539017,421032,supported_k6,6,0.5,10.0,frozen_v11_actual_weight,task,3,3,k6_supported_scene,3146,P00|P10|P01|P11
1055,2,corner,14,0,0.03535009175539017,421032,supported_k6,6,0.5,10.04,frozen_v11_actual_weight,task,3,3,k6_supported_scene,3146,P00|P10|P01|P11
1056,2,corner,14,0,0.03535009175539017,421032,supported_k6,6,0.5,9.96,frozen_v11_actual_weight,task,4,3,k6_supported_scene,3146,P00|P10|P01|P11
1057,2,corner,14,0,0.03535009175539017,421032,supported_k6,6,0.5,10.0,frozen_v11_actual_weight,task,4,3,k6_supported_scene,3146,P00|P10|P01|P11
1058,2,corner,14,0,0.03535009175539017,421032,supported_k6,6,0.5,10.04,frozen_v11_actual_weight,task,4,3,k6_supported_scene,3146,P00|P10|P01|P11
1059,2,corner,14,0,0.03535009175539017,421032,supported_k6,6,0.5,9.96,frozen_v11_actual_weight,task,5,3,k6_supported_scene,3146,P00|P10|P01|P11
1060,2,corner,14,0,0.03535009175539017,421032,supported_k6,6,0.5,10.0,frozen_v11_actual_weight,task,5,3,k6_supported_scene,3146,P00|P10|P01|P11
1061,2,corner,14,0,0.03535009175539017,421032,supported_k6,6,0.5,10.04,frozen_v11_actual_weight,task,5,3,k6_supported_scene,3146,P00|P10|P01|P11
1062,2,edge,8,14,0.06061272323131561,421032,supported_k6,6,0.5,9.96,frozen_v11_actual_weight,combined,-1,2,k6_supported_scene,3146,P00|P10|P01|P11
1063,2,edge,8,14,0.06061272323131561,421032,supported_k6,6,0.5,10.0,frozen_v11_actual_weight,combined,-1,2,k6_supported_scene,3146,P00|P10|P01|P11
1064,2,edge,8,14,0.06061272323131561,421032,supported_k6,6,0.5,10.04,frozen_v11_actual_weight,combined,-1,2,k6_supported_scene,3146,P00|P10|P01|P11
1065,2,edge,8,14,0.06061272323131561,421032,supported_k6,6,0.5,9.96,frozen_v11_actual_weight,task,0,2,k6_supported_scene,3146,P00|P10|P01|P11
1066,2,edge,8,14,0.06061272323131561,421032,supported_k6,6,0.5,10.0,frozen_v11_actual_weight,task,0,2,k6_supported_scene,3146,P00|P10|P01|P11
1067,2,edge,8,14,0.06061272323131561,421032,supported_k6,6,0.5,10.04,frozen_v11_actual_weight,task,0,2,k6_supported_scene,3146,P00|P10|P01|P11
1068,2,edge,8,14,0.06061272323131561,421032,supported_k6,6,0.5,9.96,frozen_v11_actual_weight,task,1,2,k6_supported_scene,3146,P00|P10|P01|P11
1069,2,edge,8,14,0.06061272323131561,421032,supported_k6,6,0.5,10.0,frozen_v11_actual_weight,task,1,2,k6_supported_scene,3146,P00|P10|P01|P11
1070,2,edge,8,14,0.06061272323131561,421032,supported_k6,6,0.5,10.04,frozen_v11_actual_weight,task,1,2,k6_supported_scene,3146,P00|P10|P01|P11
1071,2,edge,8,14,0.06061272323131561,421032,supported_k6,6,0.5,9.96,frozen_v11_actual_weight,task,2,2,k6_supported_scene,3146,P00|P10|P01|P11
1072,2,edge,8,14,0.06061272323131561,421032,supported_k6,6,0.5,10.0,frozen_v11_actual_weight,task,2,2,k6_supported_scene,3146,P00|P10|P01|P11
1073,2,edge,8,14,0.06061272323131561,421032,supported_k6,6,0.5,10.04,frozen_v11_actual_weight,task,2,2,k6_supported_scene,3146,P00|P10|P01|P11
1074,2,edge,8,14,0.06061272323131561,421032,supported_k6,6,0.5,9.96,frozen_v11_actual_weight,task,3,2,k6_supported_scene,3146,P00|P10|P01|P11
1075,2,edge,8,14,0.06061272323131561,421032,supported_k6,6,0.5,10.0,frozen_v11_actual_weight,task,3,2,k6_supported_scene,3146,P00|P10|P01|P11
1076,2,edge,8,14,0.06061272323131561,421032,supported_k6,6,0.5,10.04,frozen_v11_actual_weight,task,3,2,k6_supported_scene,3146,P00|P10|P01|P11
1077,2,edge,8,14,0.06061272323131561,421032,supported_k6,6,0.5,9.96,frozen_v11_actual_weight,task,4,2,k6_supported_scene,3146,P00|P10|P01|P11
1078,2,edge,8,14,0.06061272323131561,421032,supported_k6,6,0.5,10.0,frozen_v11_actual_weight,task,4,2,k6_supported_scene,3146,P00|P10|P01|P11
1079,2,edge,8,14,0.06061272323131561,421032,supported_k6,6,0.5,10.04,frozen_v11_actual_weight,task,4,2,k6_supported_scene,3146,P00|P10|P01|P11
1080,2,edge,8,14,0.06061272323131561,421032,supported_k6,6,0.5,9.96,frozen_v11_actual_weight,task,5,2,k6_supported_scene,3146,P00|P10|P01|P11
1081,2,edge,8,14,0.06061272323131561,421032,supported_k6,6,0.5,10.0,frozen_v11_actual_weight,task,5,2,k6_supported_scene,3146,P00|P10|P01|P11
1082,2,edge,8,14,0.06061272323131561,421032,supported_k6,6,0.5,10.04,frozen_v11_actual_weight,task,5,2,k6_supported_scene,3146,P00|P10|P01|P11
1083,2,interior,7,7,0.1614481806755066,421032,supported_k6,6,0.5,9.96,frozen_v11_actual_weight,combined,-1,4,k6_supported_scene,3146,P00|P10|P01|P11
1084,2,interior,7,7,0.1614481806755066,421032,supported_k6,6,0.5,10.0,frozen_v11_actual_weight,combined,-1,4,k6_supported_scene,3146,P00|P10|P01|P11
1085,2,interior,7,7,0.1614481806755066,421032,supported_k6,6,0.5,10.04,frozen_v11_actual_weight,combined,-1,4,k6_supported_scene,3146,P00|P10|P01|P11
1086,2,interior,7,7,0.1614481806755066,421032,supported_k6,6,0.5,9.96,frozen_v11_actual_weight,task,0,4,k6_supported_scene,3146,P00|P10|P01|P11
1087,2,interior,7,7,0.1614481806755066,421032,supported_k6,6,0.5,10.0,frozen_v11_actual_weight,task,0,4,k6_supported_scene,3146,P00|P10|P01|P11
1088,2,interior,7,7,0.1614481806755066,421032,supported_k6,6,0.5,10.04,frozen_v11_actual_weight,task,0,4,k6_supported_scene,3146,P00|P10|P01|P11
1089,2,interior,7,7,0.1614481806755066,421032,supported_k6,6,0.5,9.96,frozen_v11_actual_weight,task,1,4,k6_supported_scene,3146,P00|P10|P01|P11
1090,2,interior,7,7,0.1614481806755066,421032,supported_k6,6,0.5,10.0,frozen_v11_actual_weight,task,1,4,k6_supported_scene,3146,P00|P10|P01|P11
1091,2,interior,7,7,0.1614481806755066,421032,supported_k6,6,0.5,10.04,frozen_v11_actual_weight,task,1,4,k6_supported_scene,3146,P00|P10|P01|P11
1092,2,interior,7,7,0.1614481806755066,421032,supported_k6,6,0.5,9.96,frozen_v11_actual_weight,task,2,4,k6_supported_scene,3146,P00|P10|P01|P11
1093,2,interior,7,7,0.1614481806755066,421032,supported_k6,6,0.5,10.0,frozen_v11_actual_weight,task,2,4,k6_supported_scene,3146,P00|P10|P01|P11
1094,2,interior,7,7,0.1614481806755066,421032,supported_k6,6,0.5,10.04,frozen_v11_actual_weight,task,2,4,k6_supported_scene,3146,P00|P10|P01|P11
1095,2,interior,7,7,0.1614481806755066,421032,supported_k6,6,0.5,9.96,frozen_v11_actual_weight,task,3,4,k6_supported_scene,3146,P00|P10|P01|P11
1096,2,interior,7,7,0.1614481806755066,421032,supported_k6,6,0.5,10.0,frozen_v11_actual_weight,task,3,4,k6_supported_scene,3146,P00|P10|P01|P11
1097,2,interior,7,7,0.1614481806755066,421032,supported_k6,6,0.5,10.04,frozen_v11_actual_weight,task,3,4,k6_supported_scene,3146,P00|P10|P01|P11
1098,2,interior,7,7,0.1614481806755066,421032,supported_k6,6,0.5,9.96,frozen_v11_actual_weight,task,4,4,k6_supported_scene,3146,P00|P10|P01|P11
1099,2,interior,7,7,0.1614481806755066,421032,supported_k6,6,0.5,10.0,frozen_v11_actual_weight,task,4,4,k6_supported_scene,3146,P00|P10|P01|P11
1100,2,interior,7,7,0.1614481806755066,421032,supported_k6,6,0.5,10.04,frozen_v11_actual_weight,task,4,4,k6_supported_scene,3146,P00|P10|P01|P11
1101,2,interior,7,7,0.1614481806755066,421032,supported_k6,6,0.5,9.96,frozen_v11_actual_weight,task,5,4,k6_supported_scene,3146,P00|P10|P01|P11
1102,2,interior,7,7,0.1614481806755066,421032,supported_k6,6,0.5,10.0,frozen_v11_actual_weight,task,5,4,k6_supported_scene,3146,P00|P10|P01|P11
1103,2,interior,7,7,0.1614481806755066,421032,supported_k6,6,0.5,10.04,frozen_v11_actual_weight,task,5,4,k6_supported_scene,3146,P00|P10|P01|P11
1104,2,corner,14,14,0.046248212456703186,421033,supported_k6,6,0.5,9.96,frozen_v11_actual_weight,combined,-1,4,k6_supported_scene,3241,P00|P10|P01|P11
1105,2,corner,14,14,0.046248212456703186,421033,supported_k6,6,0.5,10.0,frozen_v11_actual_weight,combined,-1,4,k6_supported_scene,3241,P00|P10|P01|P11
1106,2,corner,14,14,0.046248212456703186,421033,supported_k6,6,0.5,10.04,frozen_v11_actual_weight,combined,-1,4,k6_supported_scene,3241,P00|P10|P01|P11
1107,2,corner,14,14,0.046248212456703186,421033,supported_k6,6,0.5,9.96,frozen_v11_actual_weight,task,0,4,k6_supported_scene,3241,P00|P10|P01|P11
1108,2,corner,14,14,0.046248212456703186,421033,supported_k6,6,0.5,10.0,frozen_v11_actual_weight,task,0,4,k6_supported_scene,3241,P00|P10|P01|P11
1109,2,corner,14,14,0.046248212456703186,421033,supported_k6,6,0.5,10.04,frozen_v11_actual_weight,task,0,4,k6_supported_scene,3241,P00|P10|P01|P11
1110,2,corner,14,14,0.046248212456703186,421033,supported_k6,6,0.5,9.96,frozen_v11_actual_weight,task,1,4,k6_supported_scene,3241,P00|P10|P01|P11
1111,2,corner,14,14,0.046248212456703186,421033,supported_k6,6,0.5,10.0,frozen_v11_actual_weight,task,1,4,k6_supported_scene,3241,P00|P10|P01|P11
1112,2,corner,14,14,0.046248212456703186,421033,supported_k6,6,0.5,10.04,frozen_v11_actual_weight,task,1,4,k6_supported_scene,3241,P00|P10|P01|P11
1113,2,corner,14,14,0.046248212456703186,421033,supported_k6,6,0.5,9.96,frozen_v11_actual_weight,task,2,4,k6_supported_scene,3241,P00|P10|P01|P11
1114,2,corner,14,14,0.046248212456703186,421033,supported_k6,6,0.5,10.0,frozen_v11_actual_weight,task,2,4,k6_supported_scene,3241,P00|P10|P01|P11
1115,2,corner,14,14,0.046248212456703186,421033,supported_k6,6,0.5,10.04,frozen_v11_actual_weight,task,2,4,k6_supported_scene,3241,P00|P10|P01|P11
1116,2,corner,14,14,0.046248212456703186,421033,supported_k6,6,0.5,9.96,frozen_v11_actual_weight,task,3,4,k6_supported_scene,3241,P00|P10|P01|P11
1117,2,corner,14,14,0.046248212456703186,421033,supported_k6,6,0.5,10.0,frozen_v11_actual_weight,task,3,4,k6_supported_scene,3241,P00|P10|P01|P11
1118,2,corner,14,14,0.046248212456703186,421033,supported_k6,6,0.5,10.04,frozen_v11_actual_weight,task,3,4,k6_supported_scene,3241,P00|P10|P01|P11
1119,2,corner,14,14,0.046248212456703186,421033,supported_k6,6,0.5,9.96,frozen_v11_actual_weight,task,4,4,k6_supported_scene,3241,P00|P10|P01|P11
1120,2,corner,14,14,0.046248212456703186,421033,supported_k6,6,0.5,10.0,frozen_v11_actual_weight,task,4,4,k6_supported_scene,3241,P00|P10|P01|P11
1121,2,corner,14,14,0.046248212456703186,421033,supported_k6,6,0.5,10.04,frozen_v11_actual_weight,task,4,4,k6_supported_scene,3241,P00|P10|P01|P11
1122,2,corner,14,14,0.046248212456703186,421033,supported_k6,6,0.5,9.96,frozen_v11_actual_weight,task,5,4,k6_supported_scene,3241,P00|P10|P01|P11
1123,2,corner,14,14,0.046248212456703186,421033,supported_k6,6,0.5,10.0,frozen_v11_actual_weight,task,5,4,k6_supported_scene,3241,P00|P10|P01|P11
1124,2,corner,14,14,0.046248212456703186,421033,supported_k6,6,0.5,10.04,frozen_v11_actual_weight,task,5,4,k6_supported_scene,3241,P00|P10|P01|P11
1125,2,edge,11,14,0.0565202534198761,421033,supported_k6,6,0.5,9.96,frozen_v11_actual_weight,combined,-1,3,k6_supported_scene,3241,P00|P10|P01|P11
1126,2,edge,11,14,0.0565202534198761,421033,supported_k6,6,0.5,10.0,frozen_v11_actual_weight,combined,-1,3,k6_supported_scene,3241,P00|P10|P01|P11
1127,2,edge,11,14,0.0565202534198761,421033,supported_k6,6,0.5,10.04,frozen_v11_actual_weight,combined,-1,3,k6_supported_scene,3241,P00|P10|P01|P11
1128,2,edge,11,14,0.0565202534198761,421033,supported_k6,6,0.5,9.96,frozen_v11_actual_weight,task,0,3,k6_supported_scene,3241,P00|P10|P01|P11
1129,2,edge,11,14,0.0565202534198761,421033,supported_k6,6,0.5,10.0,frozen_v11_actual_weight,task,0,3,k6_supported_scene,3241,P00|P10|P01|P11
1130,2,edge,11,14,0.0565202534198761,421033,supported_k6,6,0.5,10.04,frozen_v11_actual_weight,task,0,3,k6_supported_scene,3241,P00|P10|P01|P11
1131,2,edge,11,14,0.0565202534198761,421033,supported_k6,6,0.5,9.96,frozen_v11_actual_weight,task,1,3,k6_supported_scene,3241,P00|P10|P01|P11
1132,2,edge,11,14,0.0565202534198761,421033,supported_k6,6,0.5,10.0,frozen_v11_actual_weight,task,1,3,k6_supported_scene,3241,P00|P10|P01|P11
1133,2,edge,11,14,0.0565202534198761,421033,supported_k6,6,0.5,10.04,frozen_v11_actual_weight,task,1,3,k6_supported_scene,3241,P00|P10|P01|P11
1134,2,edge,11,14,0.0565202534198761,421033,supported_k6,6,0.5,9.96,frozen_v11_actual_weight,task,2,3,k6_supported_scene,3241,P00|P10|P01|P11
1135,2,edge,11,14,0.0565202534198761,421033,supported_k6,6,0.5,10.0,frozen_v11_actual_weight,task,2,3,k6_supported_scene,3241,P00|P10|P01|P11
1136,2,edge,11,14,0.0565202534198761,421033,supported_k6,6,0.5,10.04,frozen_v11_actual_weight,task,2,3,k6_supported_scene,3241,P00|P10|P01|P11
1137,2,edge,11,14,0.0565202534198761,421033,supported_k6,6,0.5,9.96,frozen_v11_actual_weight,task,3,3,k6_supported_scene,3241,P00|P10|P01|P11
1138,2,edge,11,14,0.0565202534198761,421033,supported_k6,6,0.5,10.0,frozen_v11_actual_weight,task,3,3,k6_supported_scene,3241,P00|P10|P01|P11
1139,2,edge,11,14,0.0565202534198761,421033,supported_k6,6,0.5,10.04,frozen_v11_actual_weight,task,3,3,k6_supported_scene,3241,P00|P10|P01|P11
1140,2,edge,11,14,0.0565202534198761,421033,supported_k6,6,0.5,9.96,frozen_v11_actual_weight,task,4,3,k6_supported_scene,3241,P00|P10|P01|P11
1141,2,edge,11,14,0.0565202534198761,421033,supported_k6,6,0.5,10.0,frozen_v11_actual_weight,task,4,3,k6_supported_scene,3241,P00|P10|P01|P11
1142,2,edge,11,14,0.0565202534198761,421033,supported_k6,6,0.5,10.04,frozen_v11_actual_weight,task,4,3,k6_supported_scene,3241,P00|P10|P01|P11
1143,2,edge,11,14,0.0565202534198761,421033,supported_k6,6,0.5,9.96,frozen_v11_actual_weight,task,5,3,k6_supported_scene,3241,P00|P10|P01|P11
1144,2,edge,11,14,0.0565202534198761,421033,supported_k6,6,0.5,10.0,frozen_v11_actual_weight,task,5,3,k6_supported_scene,3241,P00|P10|P01|P11
1145,2,edge,11,14,0.0565202534198761,421033,supported_k6,6,0.5,10.04,frozen_v11_actual_weight,task,5,3,k6_supported_scene,3241,P00|P10|P01|P11
1146,2,interior,7,6,0.16473929584026337,421033,supported_k6,6,0.5,9.96,frozen_v11_actual_weight,combined,-1,4,k6_supported_scene,3241,P00|P10|P01|P11
1147,2,interior,7,6,0.16473929584026337,421033,supported_k6,6,0.5,10.0,frozen_v11_actual_weight,combined,-1,4,k6_supported_scene,3241,P00|P10|P01|P11
1148,2,interior,7,6,0.16473929584026337,421033,supported_k6,6,0.5,10.04,frozen_v11_actual_weight,combined,-1,4,k6_supported_scene,3241,P00|P10|P01|P11
1149,2,interior,7,6,0.16473929584026337,421033,supported_k6,6,0.5,9.96,frozen_v11_actual_weight,task,0,4,k6_supported_scene,3241,P00|P10|P01|P11
1150,2,interior,7,6,0.16473929584026337,421033,supported_k6,6,0.5,10.0,frozen_v11_actual_weight,task,0,4,k6_supported_scene,3241,P00|P10|P01|P11
1151,2,interior,7,6,0.16473929584026337,421033,supported_k6,6,0.5,10.04,frozen_v11_actual_weight,task,0,4,k6_supported_scene,3241,P00|P10|P01|P11
1152,2,interior,7,6,0.16473929584026337,421033,supported_k6,6,0.5,9.96,frozen_v11_actual_weight,task,1,4,k6_supported_scene,3241,P00|P10|P01|P11
1153,2,interior,7,6,0.16473929584026337,421033,supported_k6,6,0.5,10.0,frozen_v11_actual_weight,task,1,4,k6_supported_scene,3241,P00|P10|P01|P11
1154,2,interior,7,6,0.16473929584026337,421033,supported_k6,6,0.5,10.04,frozen_v11_actual_weight,task,1,4,k6_supported_scene,3241,P00|P10|P01|P11
1155,2,interior,7,6,0.16473929584026337,421033,supported_k6,6,0.5,9.96,frozen_v11_actual_weight,task,2,4,k6_supported_scene,3241,P00|P10|P01|P11
1156,2,interior,7,6,0.16473929584026337,421033,supported_k6,6,0.5,10.0,frozen_v11_actual_weight,task,2,4,k6_supported_scene,3241,P00|P10|P01|P11
1157,2,interior,7,6,0.16473929584026337,421033,supported_k6,6,0.5,10.04,frozen_v11_actual_weight,task,2,4,k6_supported_scene,3241,P00|P10|P01|P11
1158,2,interior,7,6,0.16473929584026337,421033,supported_k6,6,0.5,9.96,frozen_v11_actual_weight,task,3,4,k6_supported_scene,3241,P00|P10|P01|P11
1159,2,interior,7,6,0.16473929584026337,421033,supported_k6,6,0.5,10.0,frozen_v11_actual_weight,task,3,4,k6_supported_scene,3241,P00|P10|P01|P11
1160,2,interior,7,6,0.16473929584026337,421033,supported_k6,6,0.5,10.04,frozen_v11_actual_weight,task,3,4,k6_supported_scene,3241,P00|P10|P01|P11
1161,2,interior,7,6,0.16473929584026337,421033,supported_k6,6,0.5,9.96,frozen_v11_actual_weight,task,4,4,k6_supported_scene,3241,P00|P10|P01|P11
1162,2,interior,7,6,0.16473929584026337,421033,supported_k6,6,0.5,10.0,frozen_v11_actual_weight,task,4,4,k6_supported_scene,3241,P00|P10|P01|P11
1163,2,interior,7,6,0.16473929584026337,421033,supported_k6,6,0.5,10.04,frozen_v11_actual_weight,task,4,4,k6_supported_scene,3241,P00|P10|P01|P11
1164,2,interior,7,6,0.16473929584026337,421033,supported_k6,6,0.5,9.96,frozen_v11_actual_weight,task,5,4,k6_supported_scene,3241,P00|P10|P01|P11
1165,2,interior,7,6,0.16473929584026337,421033,supported_k6,6,0.5,10.0,frozen_v11_actual_weight,task,5,4,k6_supported_scene,3241,P00|P10|P01|P11
1166,2,interior,7,6,0.16473929584026337,421033,supported_k6,6,0.5,10.04,frozen_v11_actual_weight,task,5,4,k6_supported_scene,3241,P00|P10|P01|P11
1167,2,corner,14,0,0.05415605753660202,421034,supported_k6,6,0.5,9.96,frozen_v11_actual_weight,combined,-1,3,k6_supported_scene,3338,P00|P10|P01|P11
1168,2,corner,14,0,0.05415605753660202,421034,supported_k6,6,0.5,10.0,frozen_v11_actual_weight,combined,-1,3,k6_supported_scene,3338,P00|P10|P01|P11
1169,2,corner,14,0,0.05415605753660202,421034,supported_k6,6,0.5,10.04,frozen_v11_actual_weight,combined,-1,3,k6_supported_scene,3338,P00|P10|P01|P11
1170,2,corner,14,0,0.05415605753660202,421034,supported_k6,6,0.5,9.96,frozen_v11_actual_weight,task,0,3,k6_supported_scene,3338,P00|P10|P01|P11
1171,2,corner,14,0,0.05415605753660202,421034,supported_k6,6,0.5,10.0,frozen_v11_actual_weight,task,0,3,k6_supported_scene,3338,P00|P10|P01|P11
1172,2,corner,14,0,0.05415605753660202,421034,supported_k6,6,0.5,10.04,frozen_v11_actual_weight,task,0,3,k6_supported_scene,3338,P00|P10|P01|P11
1173,2,corner,14,0,0.05415605753660202,421034,supported_k6,6,0.5,9.96,frozen_v11_actual_weight,task,1,3,k6_supported_scene,3338,P00|P10|P01|P11
1174,2,corner,14,0,0.05415605753660202,421034,supported_k6,6,0.5,10.0,frozen_v11_actual_weight,task,1,3,k6_supported_scene,3338,P00|P10|P01|P11
1175,2,corner,14,0,0.05415605753660202,421034,supported_k6,6,0.5,10.04,frozen_v11_actual_weight,task,1,3,k6_supported_scene,3338,P00|P10|P01|P11
1176,2,corner,14,0,0.05415605753660202,421034,supported_k6,6,0.5,9.96,frozen_v11_actual_weight,task,2,3,k6_supported_scene,3338,P00|P10|P01|P11
1177,2,corner,14,0,0.05415605753660202,421034,supported_k6,6,0.5,10.0,frozen_v11_actual_weight,task,2,3,k6_supported_scene,3338,P00|P10|P01|P11
1178,2,corner,14,0,0.05415605753660202,421034,supported_k6,6,0.5,10.04,frozen_v11_actual_weight,task,2,3,k6_supported_scene,3338,P00|P10|P01|P11
1179,2,corner,14,0,0.05415605753660202,421034,supported_k6,6,0.5,9.96,frozen_v11_actual_weight,task,3,3,k6_supported_scene,3338,P00|P10|P01|P11
1180,2,corner,14,0,0.05415605753660202,421034,supported_k6,6,0.5,10.0,frozen_v11_actual_weight,task,3,3,k6_supported_scene,3338,P00|P10|P01|P11
1181,2,corner,14,0,0.05415605753660202,421034,supported_k6,6,0.5,10.04,frozen_v11_actual_weight,task,3,3,k6_supported_scene,3338,P00|P10|P01|P11
1182,2,corner,14,0,0.05415605753660202,421034,supported_k6,6,0.5,9.96,frozen_v11_actual_weight,task,4,3,k6_supported_scene,3338,P00|P10|P01|P11
1183,2,corner,14,0,0.05415605753660202,421034,supported_k6,6,0.5,10.0,frozen_v11_actual_weight,task,4,3,k6_supported_scene,3338,P00|P10|P01|P11
1184,2,corner,14,0,0.05415605753660202,421034,supported_k6,6,0.5,10.04,frozen_v11_actual_weight,task,4,3,k6_supported_scene,3338,P00|P10|P01|P11
1185,2,corner,14,0,0.05415605753660202,421034,supported_k6,6,0.5,9.96,frozen_v11_actual_weight,task,5,3,k6_supported_scene,3338,P00|P10|P01|P11
1186,2,corner,14,0,0.05415605753660202,421034,supported_k6,6,0.5,10.0,frozen_v11_actual_weight,task,5,3,k6_supported_scene,3338,P00|P10|P01|P11
1187,2,corner,14,0,0.05415605753660202,421034,supported_k6,6,0.5,10.04,frozen_v11_actual_weight,task,5,3,k6_supported_scene,3338,P00|P10|P01|P11
1188,2,edge,14,1,0.038398802280426025,421034,supported_k6,6,0.5,9.96,frozen_v11_actual_weight,combined,-1,3,k6_supported_scene,3338,P00|P10|P01|P11
1189,2,edge,14,1,0.038398802280426025,421034,supported_k6,6,0.5,10.0,frozen_v11_actual_weight,combined,-1,3,k6_supported_scene,3338,P00|P10|P01|P11
1190,2,edge,14,1,0.038398802280426025,421034,supported_k6,6,0.5,10.04,frozen_v11_actual_weight,combined,-1,3,k6_supported_scene,3338,P00|P10|P01|P11
1191,2,edge,14,1,0.038398802280426025,421034,supported_k6,6,0.5,9.96,frozen_v11_actual_weight,task,0,3,k6_supported_scene,3338,P00|P10|P01|P11
1192,2,edge,14,1,0.038398802280426025,421034,supported_k6,6,0.5,10.0,frozen_v11_actual_weight,task,0,3,k6_supported_scene,3338,P00|P10|P01|P11
1193,2,edge,14,1,0.038398802280426025,421034,supported_k6,6,0.5,10.04,frozen_v11_actual_weight,task,0,3,k6_supported_scene,3338,P00|P10|P01|P11
1194,2,edge,14,1,0.038398802280426025,421034,supported_k6,6,0.5,9.96,frozen_v11_actual_weight,task,1,3,k6_supported_scene,3338,P00|P10|P01|P11
1195,2,edge,14,1,0.038398802280426025,421034,supported_k6,6,0.5,10.0,frozen_v11_actual_weight,task,1,3,k6_supported_scene,3338,P00|P10|P01|P11
1196,2,edge,14,1,0.038398802280426025,421034,supported_k6,6,0.5,10.04,frozen_v11_actual_weight,task,1,3,k6_supported_scene,3338,P00|P10|P01|P11
1197,2,edge,14,1,0.038398802280426025,421034,supported_k6,6,0.5,9.96,frozen_v11_actual_weight,task,2,3,k6_supported_scene,3338,P00|P10|P01|P11
1198,2,edge,14,1,0.038398802280426025,421034,supported_k6,6,0.5,10.0,frozen_v11_actual_weight,task,2,3,k6_supported_scene,3338,P00|P10|P01|P11
1199,2,edge,14,1,0.038398802280426025,421034,supported_k6,6,0.5,10.04,frozen_v11_actual_weight,task,2,3,k6_supported_scene,3338,P00|P10|P01|P11
1200,2,edge,14,1,0.038398802280426025,421034,supported_k6,6,0.5,9.96,frozen_v11_actual_weight,task,3,3,k6_supported_scene,3338,P00|P10|P01|P11
1201,2,edge,14,1,0.038398802280426025,421034,supported_k6,6,0.5,10.0,frozen_v11_actual_weight,task,3,3,k6_supported_scene,3338,P00|P10|P01|P11
1202,2,edge,14,1,0.038398802280426025,421034,supported_k6,6,0.5,10.04,frozen_v11_actual_weight,task,3,3,k6_supported_scene,3338,P00|P10|P01|P11
1203,2,edge,14,1,0.038398802280426025,421034,supported_k6,6,0.5,9.96,frozen_v11_actual_weight,task,4,3,k6_supported_scene,3338,P00|P10|P01|P11
1204,2,edge,14,1,0.038398802280426025,421034,supported_k6,6,0.5,10.0,frozen_v11_actual_weight,task,4,3,k6_supported_scene,3338,P00|P10|P01|P11
1205,2,edge,14,1,0.038398802280426025,421034,supported_k6,6,0.5,10.04,frozen_v11_actual_weight,task,4,3,k6_supported_scene,3338,P00|P10|P01|P11
1206,2,edge,14,1,0.038398802280426025,421034,supported_k6,6,0.5,9.96,frozen_v11_actual_weight,task,5,3,k6_supported_scene,3338,P00|P10|P01|P11
1207,2,edge,14,1,0.038398802280426025,421034,supported_k6,6,0.5,10.0,frozen_v11_actual_weight,task,5,3,k6_supported_scene,3338,P00|P10|P01|P11
1208,2,edge,14,1,0.038398802280426025,421034,supported_k6,6,0.5,10.04,frozen_v11_actual_weight,task,5,3,k6_supported_scene,3338,P00|P10|P01|P11
1209,2,interior,7,7,0.1687004566192627,421034,supported_k6,6,0.5,9.96,frozen_v11_actual_weight,combined,-1,4,k6_supported_scene,3338,P00|P10|P01|P11
1210,2,interior,7,7,0.1687004566192627,421034,supported_k6,6,0.5,10.0,frozen_v11_actual_weight,combined,-1,4,k6_supported_scene,3338,P00|P10|P01|P11
1211,2,interior,7,7,0.1687004566192627,421034,supported_k6,6,0.5,10.04,frozen_v11_actual_weight,combined,-1,4,k6_supported_scene,3338,P00|P10|P01|P11
1212,2,interior,7,7,0.1687004566192627,421034,supported_k6,6,0.5,9.96,frozen_v11_actual_weight,task,0,4,k6_supported_scene,3338,P00|P10|P01|P11
1213,2,interior,7,7,0.1687004566192627,421034,supported_k6,6,0.5,10.0,frozen_v11_actual_weight,task,0,4,k6_supported_scene,3338,P00|P10|P01|P11
1214,2,interior,7,7,0.1687004566192627,421034,supported_k6,6,0.5,10.04,frozen_v11_actual_weight,task,0,4,k6_supported_scene,3338,P00|P10|P01|P11
1215,2,interior,7,7,0.1687004566192627,421034,supported_k6,6,0.5,9.96,frozen_v11_actual_weight,task,1,4,k6_supported_scene,3338,P00|P10|P01|P11
1216,2,interior,7,7,0.1687004566192627,421034,supported_k6,6,0.5,10.0,frozen_v11_actual_weight,task,1,4,k6_supported_scene,3338,P00|P10|P01|P11
1217,2,interior,7,7,0.1687004566192627,421034,supported_k6,6,0.5,10.04,frozen_v11_actual_weight,task,1,4,k6_supported_scene,3338,P00|P10|P01|P11
1218,2,interior,7,7,0.1687004566192627,421034,supported_k6,6,0.5,9.96,frozen_v11_actual_weight,task,2,4,k6_supported_scene,3338,P00|P10|P01|P11
1219,2,interior,7,7,0.1687004566192627,421034,supported_k6,6,0.5,10.0,frozen_v11_actual_weight,task,2,4,k6_supported_scene,3338,P00|P10|P01|P11
1220,2,interior,7,7,0.1687004566192627,421034,supported_k6,6,0.5,10.04,frozen_v11_actual_weight,task,2,4,k6_supported_scene,3338,P00|P10|P01|P11
1221,2,interior,7,7,0.1687004566192627,421034,supported_k6,6,0.5,9.96,frozen_v11_actual_weight,task,3,4,k6_supported_scene,3338,P00|P10|P01|P11
1222,2,interior,7,7,0.1687004566192627,421034,supported_k6,6,0.5,10.0,frozen_v11_actual_weight,task,3,4,k6_supported_scene,3338,P00|P10|P01|P11
1223,2,interior,7,7,0.1687004566192627,421034,supported_k6,6,0.5,10.04,frozen_v11_actual_weight,task,3,4,k6_supported_scene,3338,P00|P10|P01|P11
1224,2,interior,7,7,0.1687004566192627,421034,supported_k6,6,0.5,9.96,frozen_v11_actual_weight,task,4,4,k6_supported_scene,3338,P00|P10|P01|P11
1225,2,interior,7,7,0.1687004566192627,421034,supported_k6,6,0.5,10.0,frozen_v11_actual_weight,task,4,4,k6_supported_scene,3338,P00|P10|P01|P11
1226,2,interior,7,7,0.1687004566192627,421034,supported_k6,6,0.5,10.04,frozen_v11_actual_weight,task,4,4,k6_supported_scene,3338,P00|P10|P01|P11
1227,2,interior,7,7,0.1687004566192627,421034,supported_k6,6,0.5,9.96,frozen_v11_actual_weight,task,5,4,k6_supported_scene,3338,P00|P10|P01|P11
1228,2,interior,7,7,0.1687004566192627,421034,supported_k6,6,0.5,10.0,frozen_v11_actual_weight,task,5,4,k6_supported_scene,3338,P00|P10|P01|P11
1229,2,interior,7,7,0.1687004566192627,421034,supported_k6,6,0.5,10.04,frozen_v11_actual_weight,task,5,4,k6_supported_scene,3338,P00|P10|P01|P11
1230,2,corner,0,0,0.03966157138347626,421035,supported_k6,6,0.5,9.96,frozen_v11_actual_weight,combined,-1,4,k6_supported_scene,3433,P00|P10|P01|P11
1231,2,corner,0,0,0.03966157138347626,421035,supported_k6,6,0.5,10.0,frozen_v11_actual_weight,combined,-1,4,k6_supported_scene,3433,P00|P10|P01|P11
1232,2,corner,0,0,0.03966157138347626,421035,supported_k6,6,0.5,10.04,frozen_v11_actual_weight,combined,-1,4,k6_supported_scene,3433,P00|P10|P01|P11
1233,2,corner,0,0,0.03966157138347626,421035,supported_k6,6,0.5,9.96,frozen_v11_actual_weight,task,0,4,k6_supported_scene,3433,P00|P10|P01|P11
1234,2,corner,0,0,0.03966157138347626,421035,supported_k6,6,0.5,10.0,frozen_v11_actual_weight,task,0,4,k6_supported_scene,3433,P00|P10|P01|P11
1235,2,corner,0,0,0.03966157138347626,421035,supported_k6,6,0.5,10.04,frozen_v11_actual_weight,task,0,4,k6_supported_scene,3433,P00|P10|P01|P11
1236,2,corner,0,0,0.03966157138347626,421035,supported_k6,6,0.5,9.96,frozen_v11_actual_weight,task,1,4,k6_supported_scene,3433,P00|P10|P01|P11
1237,2,corner,0,0,0.03966157138347626,421035,supported_k6,6,0.5,10.0,frozen_v11_actual_weight,task,1,4,k6_supported_scene,3433,P00|P10|P01|P11
1238,2,corner,0,0,0.03966157138347626,421035,supported_k6,6,0.5,10.04,frozen_v11_actual_weight,task,1,4,k6_supported_scene,3433,P00|P10|P01|P11
1239,2,corner,0,0,0.03966157138347626,421035,supported_k6,6,0.5,9.96,frozen_v11_actual_weight,task,2,4,k6_supported_scene,3433,P00|P10|P01|P11
1240,2,corner,0,0,0.03966157138347626,421035,supported_k6,6,0.5,10.0,frozen_v11_actual_weight,task,2,4,k6_supported_scene,3433,P00|P10|P01|P11
1241,2,corner,0,0,0.03966157138347626,421035,supported_k6,6,0.5,10.04,frozen_v11_actual_weight,task,2,4,k6_supported_scene,3433,P00|P10|P01|P11
1242,2,corner,0,0,0.03966157138347626,421035,supported_k6,6,0.5,9.96,frozen_v11_actual_weight,task,3,4,k6_supported_scene,3433,P00|P10|P01|P11
1243,2,corner,0,0,0.03966157138347626,421035,supported_k6,6,0.5,10.0,frozen_v11_actual_weight,task,3,4,k6_supported_scene,3433,P00|P10|P01|P11
1244,2,corner,0,0,0.03966157138347626,421035,supported_k6,6,0.5,10.04,frozen_v11_actual_weight,task,3,4,k6_supported_scene,3433,P00|P10|P01|P11
1245,2,corner,0,0,0.03966157138347626,421035,supported_k6,6,0.5,9.96,frozen_v11_actual_weight,task,4,4,k6_supported_scene,3433,P00|P10|P01|P11
1246,2,corner,0,0,0.03966157138347626,421035,supported_k6,6,0.5,10.0,frozen_v11_actual_weight,task,4,4,k6_supported_scene,3433,P00|P10|P01|P11
1247,2,corner,0,0,0.03966157138347626,421035,supported_k6,6,0.5,10.04,frozen_v11_actual_weight,task,4,4,k6_supported_scene,3433,P00|P10|P01|P11
1248,2,corner,0,0,0.03966157138347626,421035,supported_k6,6,0.5,9.96,frozen_v11_actual_weight,task,5,4,k6_supported_scene,3433,P00|P10|P01|P11
1249,2,corner,0,0,0.03966157138347626,421035,supported_k6,6,0.5,10.0,frozen_v11_actual_weight,task,5,4,k6_supported_scene,3433,P00|P10|P01|P11
1250,2,corner,0,0,0.03966157138347626,421035,supported_k6,6,0.5,10.04,frozen_v11_actual_weight,task,5,4,k6_supported_scene,3433,P00|P10|P01|P11
1251,2,edge,1,0,0.06926962733268738,421035,supported_k6,6,0.5,9.96,frozen_v11_actual_weight,combined,-1,4,k6_supported_scene,3433,P00|P10|P01|P11
1252,2,edge,1,0,0.06926962733268738,421035,supported_k6,6,0.5,10.0,frozen_v11_actual_weight,combined,-1,4,k6_supported_scene,3433,P00|P10|P01|P11
1253,2,edge,1,0,0.06926962733268738,421035,supported_k6,6,0.5,10.04,frozen_v11_actual_weight,combined,-1,4,k6_supported_scene,3433,P00|P10|P01|P11
1254,2,edge,1,0,0.06926962733268738,421035,supported_k6,6,0.5,9.96,frozen_v11_actual_weight,task,0,4,k6_supported_scene,3433,P00|P10|P01|P11
1255,2,edge,1,0,0.06926962733268738,421035,supported_k6,6,0.5,10.0,frozen_v11_actual_weight,task,0,4,k6_supported_scene,3433,P00|P10|P01|P11
1256,2,edge,1,0,0.06926962733268738,421035,supported_k6,6,0.5,10.04,frozen_v11_actual_weight,task,0,4,k6_supported_scene,3433,P00|P10|P01|P11
1257,2,edge,1,0,0.06926962733268738,421035,supported_k6,6,0.5,9.96,frozen_v11_actual_weight,task,1,4,k6_supported_scene,3433,P00|P10|P01|P11
1258,2,edge,1,0,0.06926962733268738,421035,supported_k6,6,0.5,10.0,frozen_v11_actual_weight,task,1,4,k6_supported_scene,3433,P00|P10|P01|P11
1259,2,edge,1,0,0.06926962733268738,421035,supported_k6,6,0.5,10.04,frozen_v11_actual_weight,task,1,4,k6_supported_scene,3433,P00|P10|P01|P11
1260,2,edge,1,0,0.06926962733268738,421035,supported_k6,6,0.5,9.96,frozen_v11_actual_weight,task,2,4,k6_supported_scene,3433,P00|P10|P01|P11
1261,2,edge,1,0,0.06926962733268738,421035,supported_k6,6,0.5,10.0,frozen_v11_actual_weight,task,2,4,k6_supported_scene,3433,P00|P10|P01|P11
1262,2,edge,1,0,0.06926962733268738,421035,supported_k6,6,0.5,10.04,frozen_v11_actual_weight,task,2,4,k6_supported_scene,3433,P00|P10|P01|P11
1263,2,edge,1,0,0.06926962733268738,421035,supported_k6,6,0.5,9.96,frozen_v11_actual_weight,task,3,4,k6_supported_scene,3433,P00|P10|P01|P11
1264,2,edge,1,0,0.06926962733268738,421035,supported_k6,6,0.5,10.0,frozen_v11_actual_weight,task,3,4,k6_supported_scene,3433,P00|P10|P01|P11
1265,2,edge,1,0,0.06926962733268738,421035,supported_k6,6,0.5,10.04,frozen_v11_actual_weight,task,3,4,k6_supported_scene,3433,P00|P10|P01|P11
1266,2,edge,1,0,0.06926962733268738,421035,supported_k6,6,0.5,9.96,frozen_v11_actual_weight,task,4,4,k6_supported_scene,3433,P00|P10|P01|P11
1267,2,edge,1,0,0.06926962733268738,421035,supported_k6,6,0.5,10.0,frozen_v11_actual_weight,task,4,4,k6_supported_scene,3433,P00|P10|P01|P11
1268,2,edge,1,0,0.06926962733268738,421035,supported_k6,6,0.5,10.04,frozen_v11_actual_weight,task,4,4,k6_supported_scene,3433,P00|P10|P01|P11
1269,2,edge,1,0,0.06926962733268738,421035,supported_k6,6,0.5,9.96,frozen_v11_actual_weight,task,5,4,k6_supported_scene,3433,P00|P10|P01|P11
1270,2,edge,1,0,0.06926962733268738,421035,supported_k6,6,0.5,10.0,frozen_v11_actual_weight,task,5,4,k6_supported_scene,3433,P00|P10|P01|P11
1271,2,edge,1,0,0.06926962733268738,421035,supported_k6,6,0.5,10.04,frozen_v11_actual_weight,task,5,4,k6_supported_scene,3433,P00|P10|P01|P11
1272,2,interior,7,3,0.08584699779748917,421035,supported_k6,6,0.5,9.96,frozen_v11_actual_weight,combined,-1,3,k6_supported_scene,3433,P00|P10|P01|P11
1273,2,interior,7,3,0.08584699779748917,421035,supported_k6,6,0.5,10.0,frozen_v11_actual_weight,combined,-1,3,k6_supported_scene,3433,P00|P10|P01|P11
1274,2,interior,7,3,0.08584699779748917,421035,supported_k6,6,0.5,10.04,frozen_v11_actual_weight,combined,-1,3,k6_supported_scene,3433,P00|P10|P01|P11
1275,2,interior,7,3,0.08584699779748917,421035,supported_k6,6,0.5,9.96,frozen_v11_actual_weight,task,0,3,k6_supported_scene,3433,P00|P10|P01|P11
1276,2,interior,7,3,0.08584699779748917,421035,supported_k6,6,0.5,10.0,frozen_v11_actual_weight,task,0,3,k6_supported_scene,3433,P00|P10|P01|P11
1277,2,interior,7,3,0.08584699779748917,421035,supported_k6,6,0.5,10.04,frozen_v11_actual_weight,task,0,3,k6_supported_scene,3433,P00|P10|P01|P11
1278,2,interior,7,3,0.08584699779748917,421035,supported_k6,6,0.5,9.96,frozen_v11_actual_weight,task,1,3,k6_supported_scene,3433,P00|P10|P01|P11
1279,2,interior,7,3,0.08584699779748917,421035,supported_k6,6,0.5,10.0,frozen_v11_actual_weight,task,1,3,k6_supported_scene,3433,P00|P10|P01|P11
1280,2,interior,7,3,0.08584699779748917,421035,supported_k6,6,0.5,10.04,frozen_v11_actual_weight,task,1,3,k6_supported_scene,3433,P00|P10|P01|P11
1281,2,interior,7,3,0.08584699779748917,421035,supported_k6,6,0.5,9.96,frozen_v11_actual_weight,task,2,3,k6_supported_scene,3433,P00|P10|P01|P11
1282,2,interior,7,3,0.08584699779748917,421035,supported_k6,6,0.5,10.0,frozen_v11_actual_weight,task,2,3,k6_supported_scene,3433,P00|P10|P01|P11
1283,2,interior,7,3,0.08584699779748917,421035,supported_k6,6,0.5,10.04,frozen_v11_actual_weight,task,2,3,k6_supported_scene,3433,P00|P10|P01|P11
1284,2,interior,7,3,0.08584699779748917,421035,supported_k6,6,0.5,9.96,frozen_v11_actual_weight,task,3,3,k6_supported_scene,3433,P00|P10|P01|P11
1285,2,interior,7,3,0.08584699779748917,421035,supported_k6,6,0.5,10.0,frozen_v11_actual_weight,task,3,3,k6_supported_scene,3433,P00|P10|P01|P11
1286,2,interior,7,3,0.08584699779748917,421035,supported_k6,6,0.5,10.04,frozen_v11_actual_weight,task,3,3,k6_supported_scene,3433,P00|P10|P01|P11
1287,2,interior,7,3,0.08584699779748917,421035,supported_k6,6,0.5,9.96,frozen_v11_actual_weight,task,4,3,k6_supported_scene,3433,P00|P10|P01|P11
1288,2,interior,7,3,0.08584699779748917,421035,supported_k6,6,0.5,10.0,frozen_v11_actual_weight,task,4,3,k6_supported_scene,3433,P00|P10|P01|P11
1289,2,interior,7,3,0.08584699779748917,421035,supported_k6,6,0.5,10.04,frozen_v11_actual_weight,task,4,3,k6_supported_scene,3433,P00|P10|P01|P11
1290,2,interior,7,3,0.08584699779748917,421035,supported_k6,6,0.5,9.96,frozen_v11_actual_weight,task,5,3,k6_supported_scene,3433,P00|P10|P01|P11
1291,2,interior,7,3,0.08584699779748917,421035,supported_k6,6,0.5,10.0,frozen_v11_actual_weight,task,5,3,k6_supported_scene,3433,P00|P10|P01|P11
1292,2,interior,7,3,0.08584699779748917,421035,supported_k6,6,0.5,10.04,frozen_v11_actual_weight,task,5,3,k6_supported_scene,3433,P00|P10|P01|P11
1293,2,corner,0,0,0.023479050025343895,421036,supported_k6,6,0.5,9.96,frozen_v11_actual_weight,combined,-1,4,k6_supported_scene,3529,P00|P10|P01|P11
1294,2,corner,0,0,0.023479050025343895,421036,supported_k6,6,0.5,10.0,frozen_v11_actual_weight,combined,-1,4,k6_supported_scene,3529,P00|P10|P01|P11
1295,2,corner,0,0,0.023479050025343895,421036,supported_k6,6,0.5,10.04,frozen_v11_actual_weight,combined,-1,4,k6_supported_scene,3529,P00|P10|P01|P11
1296,2,corner,0,0,0.023479050025343895,421036,supported_k6,6,0.5,9.96,frozen_v11_actual_weight,task,0,4,k6_supported_scene,3529,P00|P10|P01|P11
1297,2,corner,0,0,0.023479050025343895,421036,supported_k6,6,0.5,10.0,frozen_v11_actual_weight,task,0,4,k6_supported_scene,3529,P00|P10|P01|P11
1298,2,corner,0,0,0.023479050025343895,421036,supported_k6,6,0.5,10.04,frozen_v11_actual_weight,task,0,4,k6_supported_scene,3529,P00|P10|P01|P11
1299,2,corner,0,0,0.023479050025343895,421036,supported_k6,6,0.5,9.96,frozen_v11_actual_weight,task,1,4,k6_supported_scene,3529,P00|P10|P01|P11
1300,2,corner,0,0,0.023479050025343895,421036,supported_k6,6,0.5,10.0,frozen_v11_actual_weight,task,1,4,k6_supported_scene,3529,P00|P10|P01|P11
1301,2,corner,0,0,0.023479050025343895,421036,supported_k6,6,0.5,10.04,frozen_v11_actual_weight,task,1,4,k6_supported_scene,3529,P00|P10|P01|P11
1302,2,corner,0,0,0.023479050025343895,421036,supported_k6,6,0.5,9.96,frozen_v11_actual_weight,task,2,4,k6_supported_scene,3529,P00|P10|P01|P11
1303,2,corner,0,0,0.023479050025343895,421036,supported_k6,6,0.5,10.0,frozen_v11_actual_weight,task,2,4,k6_supported_scene,3529,P00|P10|P01|P11
1304,2,corner,0,0,0.023479050025343895,421036,supported_k6,6,0.5,10.04,frozen_v11_actual_weight,task,2,4,k6_supported_scene,3529,P00|P10|P01|P11
1305,2,corner,0,0,0.023479050025343895,421036,supported_k6,6,0.5,9.96,frozen_v11_actual_weight,task,3,4,k6_supported_scene,3529,P00|P10|P01|P11
1306,2,corner,0,0,0.023479050025343895,421036,supported_k6,6,0.5,10.0,frozen_v11_actual_weight,task,3,4,k6_supported_scene,3529,P00|P10|P01|P11
1307,2,corner,0,0,0.023479050025343895,421036,supported_k6,6,0.5,10.04,frozen_v11_actual_weight,task,3,4,k6_supported_scene,3529,P00|P10|P01|P11
1308,2,corner,0,0,0.023479050025343895,421036,supported_k6,6,0.5,9.96,frozen_v11_actual_weight,task,4,4,k6_supported_scene,3529,P00|P10|P01|P11
1309,2,corner,0,0,0.023479050025343895,421036,supported_k6,6,0.5,10.0,frozen_v11_actual_weight,task,4,4,k6_supported_scene,3529,P00|P10|P01|P11
1310,2,corner,0,0,0.023479050025343895,421036,supported_k6,6,0.5,10.04,frozen_v11_actual_weight,task,4,4,k6_supported_scene,3529,P00|P10|P01|P11
1311,2,corner,0,0,0.023479050025343895,421036,supported_k6,6,0.5,9.96,frozen_v11_actual_weight,task,5,4,k6_supported_scene,3529,P00|P10|P01|P11
1312,2,corner,0,0,0.023479050025343895,421036,supported_k6,6,0.5,10.0,frozen_v11_actual_weight,task,5,4,k6_supported_scene,3529,P00|P10|P01|P11
1313,2,corner,0,0,0.023479050025343895,421036,supported_k6,6,0.5,10.04,frozen_v11_actual_weight,task,5,4,k6_supported_scene,3529,P00|P10|P01|P11
1314,2,edge,0,5,0.036491185426712036,421036,supported_k6,6,0.5,9.96,frozen_v11_actual_weight,combined,-1,2,k6_supported_scene,3529,P00|P10|P01|P11
1315,2,edge,0,5,0.036491185426712036,421036,supported_k6,6,0.5,10.0,frozen_v11_actual_weight,combined,-1,2,k6_supported_scene,3529,P00|P10|P01|P11
1316,2,edge,0,5,0.036491185426712036,421036,supported_k6,6,0.5,10.04,frozen_v11_actual_weight,combined,-1,2,k6_supported_scene,3529,P00|P10|P01|P11
1317,2,edge,0,5,0.036491185426712036,421036,supported_k6,6,0.5,9.96,frozen_v11_actual_weight,task,0,2,k6_supported_scene,3529,P00|P10|P01|P11
1318,2,edge,0,5,0.036491185426712036,421036,supported_k6,6,0.5,10.0,frozen_v11_actual_weight,task,0,2,k6_supported_scene,3529,P00|P10|P01|P11
1319,2,edge,0,5,0.036491185426712036,421036,supported_k6,6,0.5,10.04,frozen_v11_actual_weight,task,0,2,k6_supported_scene,3529,P00|P10|P01|P11
1320,2,edge,0,5,0.036491185426712036,421036,supported_k6,6,0.5,9.96,frozen_v11_actual_weight,task,1,2,k6_supported_scene,3529,P00|P10|P01|P11
1321,2,edge,0,5,0.036491185426712036,421036,supported_k6,6,0.5,10.0,frozen_v11_actual_weight,task,1,2,k6_supported_scene,3529,P00|P10|P01|P11
1322,2,edge,0,5,0.036491185426712036,421036,supported_k6,6,0.5,10.04,frozen_v11_actual_weight,task,1,2,k6_supported_scene,3529,P00|P10|P01|P11
1323,2,edge,0,5,0.036491185426712036,421036,supported_k6,6,0.5,9.96,frozen_v11_actual_weight,task,2,2,k6_supported_scene,3529,P00|P10|P01|P11
1324,2,edge,0,5,0.036491185426712036,421036,supported_k6,6,0.5,10.0,frozen_v11_actual_weight,task,2,2,k6_supported_scene,3529,P00|P10|P01|P11
1325,2,edge,0,5,0.036491185426712036,421036,supported_k6,6,0.5,10.04,frozen_v11_actual_weight,task,2,2,k6_supported_scene,3529,P00|P10|P01|P11
1326,2,edge,0,5,0.036491185426712036,421036,supported_k6,6,0.5,9.96,frozen_v11_actual_weight,task,3,2,k6_supported_scene,3529,P00|P10|P01|P11
1327,2,edge,0,5,0.036491185426712036,421036,supported_k6,6,0.5,10.0,frozen_v11_actual_weight,task,3,2,k6_supported_scene,3529,P00|P10|P01|P11
1328,2,edge,0,5,0.036491185426712036,421036,supported_k6,6,0.5,10.04,frozen_v11_actual_weight,task,3,2,k6_supported_scene,3529,P00|P10|P01|P11
1329,2,edge,0,5,0.036491185426712036,421036,supported_k6,6,0.5,9.96,frozen_v11_actual_weight,task,4,2,k6_supported_scene,3529,P00|P10|P01|P11
1330,2,edge,0,5,0.036491185426712036,421036,supported_k6,6,0.5,10.0,frozen_v11_actual_weight,task,4,2,k6_supported_scene,3529,P00|P10|P01|P11
1331,2,edge,0,5,0.036491185426712036,421036,supported_k6,6,0.5,10.04,frozen_v11_actual_weight,task,4,2,k6_supported_scene,3529,P00|P10|P01|P11
1332,2,edge,0,5,0.036491185426712036,421036,supported_k6,6,0.5,9.96,frozen_v11_actual_weight,task,5,2,k6_supported_scene,3529,P00|P10|P01|P11
1333,2,edge,0,5,0.036491185426712036,421036,supported_k6,6,0.5,10.0,frozen_v11_actual_weight,task,5,2,k6_supported_scene,3529,P00|P10|P01|P11
1334,2,edge,0,5,0.036491185426712036,421036,supported_k6,6,0.5,10.04,frozen_v11_actual_weight,task,5,2,k6_supported_scene,3529,P00|P10|P01|P11
1335,2,interior,7,7,0.1659720540046692,421036,supported_k6,6,0.5,9.96,frozen_v11_actual_weight,combined,-1,3,k6_supported_scene,3529,P00|P10|P01|P11
1336,2,interior,7,7,0.1659720540046692,421036,supported_k6,6,0.5,10.0,frozen_v11_actual_weight,combined,-1,3,k6_supported_scene,3529,P00|P10|P01|P11
1337,2,interior,7,7,0.1659720540046692,421036,supported_k6,6,0.5,10.04,frozen_v11_actual_weight,combined,-1,3,k6_supported_scene,3529,P00|P10|P01|P11
1338,2,interior,7,7,0.1659720540046692,421036,supported_k6,6,0.5,9.96,frozen_v11_actual_weight,task,0,3,k6_supported_scene,3529,P00|P10|P01|P11
1339,2,interior,7,7,0.1659720540046692,421036,supported_k6,6,0.5,10.0,frozen_v11_actual_weight,task,0,3,k6_supported_scene,3529,P00|P10|P01|P11
1340,2,interior,7,7,0.1659720540046692,421036,supported_k6,6,0.5,10.04,frozen_v11_actual_weight,task,0,3,k6_supported_scene,3529,P00|P10|P01|P11
1341,2,interior,7,7,0.1659720540046692,421036,supported_k6,6,0.5,9.96,frozen_v11_actual_weight,task,1,3,k6_supported_scene,3529,P00|P10|P01|P11
1342,2,interior,7,7,0.1659720540046692,421036,supported_k6,6,0.5,10.0,frozen_v11_actual_weight,task,1,3,k6_supported_scene,3529,P00|P10|P01|P11
1343,2,interior,7,7,0.1659720540046692,421036,supported_k6,6,0.5,10.04,frozen_v11_actual_weight,task,1,3,k6_supported_scene,3529,P00|P10|P01|P11
1344,2,interior,7,7,0.1659720540046692,421036,supported_k6,6,0.5,9.96,frozen_v11_actual_weight,task,2,3,k6_supported_scene,3529,P00|P10|P01|P11
1345,2,interior,7,7,0.1659720540046692,421036,supported_k6,6,0.5,10.0,frozen_v11_actual_weight,task,2,3,k6_supported_scene,3529,P00|P10|P01|P11
1346,2,interior,7,7,0.1659720540046692,421036,supported_k6,6,0.5,10.04,frozen_v11_actual_weight,task,2,3,k6_supported_scene,3529,P00|P10|P01|P11
1347,2,interior,7,7,0.1659720540046692,421036,supported_k6,6,0.5,9.96,frozen_v11_actual_weight,task,3,3,k6_supported_scene,3529,P00|P10|P01|P11
1348,2,interior,7,7,0.1659720540046692,421036,supported_k6,6,0.5,10.0,frozen_v11_actual_weight,task,3,3,k6_supported_scene,3529,P00|P10|P01|P11
1349,2,interior,7,7,0.1659720540046692,421036,supported_k6,6,0.5,10.04,frozen_v11_actual_weight,task,3,3,k6_supported_scene,3529,P00|P10|P01|P11
1350,2,interior,7,7,0.1659720540046692,421036,supported_k6,6,0.5,9.96,frozen_v11_actual_weight,task,4,3,k6_supported_scene,3529,P00|P10|P01|P11
1351,2,interior,7,7,0.1659720540046692,421036,supported_k6,6,0.5,10.0,frozen_v11_actual_weight,task,4,3,k6_supported_scene,3529,P00|P10|P01|P11
1352,2,interior,7,7,0.1659720540046692,421036,supported_k6,6,0.5,10.04,frozen_v11_actual_weight,task,4,3,k6_supported_scene,3529,P00|P10|P01|P11
1353,2,interior,7,7,0.1659720540046692,421036,supported_k6,6,0.5,9.96,frozen_v11_actual_weight,task,5,3,k6_supported_scene,3529,P00|P10|P01|P11
1354,2,interior,7,7,0.1659720540046692,421036,supported_k6,6,0.5,10.0,frozen_v11_actual_weight,task,5,3,k6_supported_scene,3529,P00|P10|P01|P11
1355,2,interior,7,7,0.1659720540046692,421036,supported_k6,6,0.5,10.04,frozen_v11_actual_weight,task,5,3,k6_supported_scene,3529,P00|P10|P01|P11
1356,2,corner,0,0,0.06463883072137833,421037,supported_k6,6,0.5,9.96,frozen_v11_actual_weight,combined,-1,4,k6_supported_scene,3625,P00|P10|P01|P11
1357,2,corner,0,0,0.06463883072137833,421037,supported_k6,6,0.5,10.0,frozen_v11_actual_weight,combined,-1,4,k6_supported_scene,3625,P00|P10|P01|P11
1358,2,corner,0,0,0.06463883072137833,421037,supported_k6,6,0.5,10.04,frozen_v11_actual_weight,combined,-1,4,k6_supported_scene,3625,P00|P10|P01|P11
1359,2,corner,0,0,0.06463883072137833,421037,supported_k6,6,0.5,9.96,frozen_v11_actual_weight,task,0,4,k6_supported_scene,3625,P00|P10|P01|P11
1360,2,corner,0,0,0.06463883072137833,421037,supported_k6,6,0.5,10.0,frozen_v11_actual_weight,task,0,4,k6_supported_scene,3625,P00|P10|P01|P11
1361,2,corner,0,0,0.06463883072137833,421037,supported_k6,6,0.5,10.04,frozen_v11_actual_weight,task,0,4,k6_supported_scene,3625,P00|P10|P01|P11
1362,2,corner,0,0,0.06463883072137833,421037,supported_k6,6,0.5,9.96,frozen_v11_actual_weight,task,1,4,k6_supported_scene,3625,P00|P10|P01|P11
1363,2,corner,0,0,0.06463883072137833,421037,supported_k6,6,0.5,10.0,frozen_v11_actual_weight,task,1,4,k6_supported_scene,3625,P00|P10|P01|P11
1364,2,corner,0,0,0.06463883072137833,421037,supported_k6,6,0.5,10.04,frozen_v11_actual_weight,task,1,4,k6_supported_scene,3625,P00|P10|P01|P11
1365,2,corner,0,0,0.06463883072137833,421037,supported_k6,6,0.5,9.96,frozen_v11_actual_weight,task,2,4,k6_supported_scene,3625,P00|P10|P01|P11
1366,2,corner,0,0,0.06463883072137833,421037,supported_k6,6,0.5,10.0,frozen_v11_actual_weight,task,2,4,k6_supported_scene,3625,P00|P10|P01|P11
1367,2,corner,0,0,0.06463883072137833,421037,supported_k6,6,0.5,10.04,frozen_v11_actual_weight,task,2,4,k6_supported_scene,3625,P00|P10|P01|P11
1368,2,corner,0,0,0.06463883072137833,421037,supported_k6,6,0.5,9.96,frozen_v11_actual_weight,task,3,4,k6_supported_scene,3625,P00|P10|P01|P11
1369,2,corner,0,0,0.06463883072137833,421037,supported_k6,6,0.5,10.0,frozen_v11_actual_weight,task,3,4,k6_supported_scene,3625,P00|P10|P01|P11
1370,2,corner,0,0,0.06463883072137833,421037,supported_k6,6,0.5,10.04,frozen_v11_actual_weight,task,3,4,k6_supported_scene,3625,P00|P10|P01|P11
1371,2,corner,0,0,0.06463883072137833,421037,supported_k6,6,0.5,9.96,frozen_v11_actual_weight,task,4,4,k6_supported_scene,3625,P00|P10|P01|P11
1372,2,corner,0,0,0.06463883072137833,421037,supported_k6,6,0.5,10.0,frozen_v11_actual_weight,task,4,4,k6_supported_scene,3625,P00|P10|P01|P11
1373,2,corner,0,0,0.06463883072137833,421037,supported_k6,6,0.5,10.04,frozen_v11_actual_weight,task,4,4,k6_supported_scene,3625,P00|P10|P01|P11
1374,2,corner,0,0,0.06463883072137833,421037,supported_k6,6,0.5,9.96,frozen_v11_actual_weight,task,5,4,k6_supported_scene,3625,P00|P10|P01|P11
1375,2,corner,0,0,0.06463883072137833,421037,supported_k6,6,0.5,10.0,frozen_v11_actual_weight,task,5,4,k6_supported_scene,3625,P00|P10|P01|P11
1376,2,corner,0,0,0.06463883072137833,421037,supported_k6,6,0.5,10.04,frozen_v11_actual_weight,task,5,4,k6_supported_scene,3625,P00|P10|P01|P11
1377,2,edge,1,0,0.1090121865272522,421037,supported_k6,6,0.5,9.96,frozen_v11_actual_weight,combined,-1,4,k6_supported_scene,3625,P00|P10|P01|P11
1378,2,edge,1,0,0.1090121865272522,421037,supported_k6,6,0.5,10.0,frozen_v11_actual_weight,combined,-1,4,k6_supported_scene,3625,P00|P10|P01|P11
1379,2,edge,1,0,0.1090121865272522,421037,supported_k6,6,0.5,10.04,frozen_v11_actual_weight,combined,-1,4,k6_supported_scene,3625,P00|P10|P01|P11
1380,2,edge,1,0,0.1090121865272522,421037,supported_k6,6,0.5,9.96,frozen_v11_actual_weight,task,0,4,k6_supported_scene,3625,P00|P10|P01|P11
1381,2,edge,1,0,0.1090121865272522,421037,supported_k6,6,0.5,10.0,frozen_v11_actual_weight,task,0,4,k6_supported_scene,3625,P00|P10|P01|P11
1382,2,edge,1,0,0.1090121865272522,421037,supported_k6,6,0.5,10.04,frozen_v11_actual_weight,task,0,4,k6_supported_scene,3625,P00|P10|P01|P11
1383,2,edge,1,0,0.1090121865272522,421037,supported_k6,6,0.5,9.96,frozen_v11_actual_weight,task,1,4,k6_supported_scene,3625,P00|P10|P01|P11
1384,2,edge,1,0,0.1090121865272522,421037,supported_k6,6,0.5,10.0,frozen_v11_actual_weight,task,1,4,k6_supported_scene,3625,P00|P10|P01|P11
1385,2,edge,1,0,0.1090121865272522,421037,supported_k6,6,0.5,10.04,frozen_v11_actual_weight,task,1,4,k6_supported_scene,3625,P00|P10|P01|P11
1386,2,edge,1,0,0.1090121865272522,421037,supported_k6,6,0.5,9.96,frozen_v11_actual_weight,task,2,4,k6_supported_scene,3625,P00|P10|P01|P11
1387,2,edge,1,0,0.1090121865272522,421037,supported_k6,6,0.5,10.0,frozen_v11_actual_weight,task,2,4,k6_supported_scene,3625,P00|P10|P01|P11
1388,2,edge,1,0,0.1090121865272522,421037,supported_k6,6,0.5,10.04,frozen_v11_actual_weight,task,2,4,k6_supported_scene,3625,P00|P10|P01|P11
1389,2,edge,1,0,0.1090121865272522,421037,supported_k6,6,0.5,9.96,frozen_v11_actual_weight,task,3,4,k6_supported_scene,3625,P00|P10|P01|P11
1390,2,edge,1,0,0.1090121865272522,421037,supported_k6,6,0.5,10.0,frozen_v11_actual_weight,task,3,4,k6_supported_scene,3625,P00|P10|P01|P11
1391,2,edge,1,0,0.1090121865272522,421037,supported_k6,6,0.5,10.04,frozen_v11_actual_weight,task,3,4,k6_supported_scene,3625,P00|P10|P01|P11
1392,2,edge,1,0,0.1090121865272522,421037,supported_k6,6,0.5,9.96,frozen_v11_actual_weight,task,4,4,k6_supported_scene,3625,P00|P10|P01|P11
1393,2,edge,1,0,0.1090121865272522,421037,supported_k6,6,0.5,10.0,frozen_v11_actual_weight,task,4,4,k6_supported_scene,3625,P00|P10|P01|P11
1394,2,edge,1,0,0.1090121865272522,421037,supported_k6,6,0.5,10.04,frozen_v11_actual_weight,task,4,4,k6_supported_scene,3625,P00|P10|P01|P11
1395,2,edge,1,0,0.1090121865272522,421037,supported_k6,6,0.5,9.96,frozen_v11_actual_weight,task,5,4,k6_supported_scene,3625,P00|P10|P01|P11
1396,2,edge,1,0,0.1090121865272522,421037,supported_k6,6,0.5,10.0,frozen_v11_actual_weight,task,5,4,k6_supported_scene,3625,P00|P10|P01|P11
1397,2,edge,1,0,0.1090121865272522,421037,supported_k6,6,0.5,10.04,frozen_v11_actual_weight,task,5,4,k6_supported_scene,3625,P00|P10|P01|P11
1398,2,interior,8,7,0.1266799122095108,421037,supported_k6,6,0.5,9.96,frozen_v11_actual_weight,combined,-1,3,k6_supported_scene,3625,P00|P10|P01|P11
1399,2,interior,8,7,0.1266799122095108,421037,supported_k6,6,0.5,10.0,frozen_v11_actual_weight,combined,-1,3,k6_supported_scene,3625,P00|P10|P01|P11
1400,2,interior,8,7,0.1266799122095108,421037,supported_k6,6,0.5,10.04,frozen_v11_actual_weight,combined,-1,3,k6_supported_scene,3625,P00|P10|P01|P11
1401,2,interior,8,7,0.1266799122095108,421037,supported_k6,6,0.5,9.96,frozen_v11_actual_weight,task,0,3,k6_supported_scene,3625,P00|P10|P01|P11
1402,2,interior,8,7,0.1266799122095108,421037,supported_k6,6,0.5,10.0,frozen_v11_actual_weight,task,0,3,k6_supported_scene,3625,P00|P10|P01|P11
1403,2,interior,8,7,0.1266799122095108,421037,supported_k6,6,0.5,10.04,frozen_v11_actual_weight,task,0,3,k6_supported_scene,3625,P00|P10|P01|P11
1404,2,interior,8,7,0.1266799122095108,421037,supported_k6,6,0.5,9.96,frozen_v11_actual_weight,task,1,3,k6_supported_scene,3625,P00|P10|P01|P11
1405,2,interior,8,7,0.1266799122095108,421037,supported_k6,6,0.5,10.0,frozen_v11_actual_weight,task,1,3,k6_supported_scene,3625,P00|P10|P01|P11
1406,2,interior,8,7,0.1266799122095108,421037,supported_k6,6,0.5,10.04,frozen_v11_actual_weight,task,1,3,k6_supported_scene,3625,P00|P10|P01|P11
1407,2,interior,8,7,0.1266799122095108,421037,supported_k6,6,0.5,9.96,frozen_v11_actual_weight,task,2,3,k6_supported_scene,3625,P00|P10|P01|P11
1408,2,interior,8,7,0.1266799122095108,421037,supported_k6,6,0.5,10.0,frozen_v11_actual_weight,task,2,3,k6_supported_scene,3625,P00|P10|P01|P11
1409,2,interior,8,7,0.1266799122095108,421037,supported_k6,6,0.5,10.04,frozen_v11_actual_weight,task,2,3,k6_supported_scene,3625,P00|P10|P01|P11
1410,2,interior,8,7,0.1266799122095108,421037,supported_k6,6,0.5,9.96,frozen_v11_actual_weight,task,3,3,k6_supported_scene,3625,P00|P10|P01|P11
1411,2,interior,8,7,0.1266799122095108,421037,supported_k6,6,0.5,10.0,frozen_v11_actual_weight,task,3,3,k6_supported_scene,3625,P00|P10|P01|P11
1412,2,interior,8,7,0.1266799122095108,421037,supported_k6,6,0.5,10.04,frozen_v11_actual_weight,task,3,3,k6_supported_scene,3625,P00|P10|P01|P11
1413,2,interior,8,7,0.1266799122095108,421037,supported_k6,6,0.5,9.96,frozen_v11_actual_weight,task,4,3,k6_supported_scene,3625,P00|P10|P01|P11
1414,2,interior,8,7,0.1266799122095108,421037,supported_k6,6,0.5,10.0,frozen_v11_actual_weight,task,4,3,k6_supported_scene,3625,P00|P10|P01|P11
1415,2,interior,8,7,0.1266799122095108,421037,supported_k6,6,0.5,10.04,frozen_v11_actual_weight,task,4,3,k6_supported_scene,3625,P00|P10|P01|P11
1416,2,interior,8,7,0.1266799122095108,421037,supported_k6,6,0.5,9.96,frozen_v11_actual_weight,task,5,3,k6_supported_scene,3625,P00|P10|P01|P11
1417,2,interior,8,7,0.1266799122095108,421037,supported_k6,6,0.5,10.0,frozen_v11_actual_weight,task,5,3,k6_supported_scene,3625,P00|P10|P01|P11
1418,2,interior,8,7,0.1266799122095108,421037,supported_k6,6,0.5,10.04,frozen_v11_actual_weight,task,5,3,k6_supported_scene,3625,P00|P10|P01|P11
1419,2,corner,0,0,0.04709245264530182,421038,supported_k6,6,0.5,9.96,frozen_v11_actual_weight,combined,-1,3,k6_supported_scene,3721,P00|P10|P01|P11
1420,2,corner,0,0,0.04709245264530182,421038,supported_k6,6,0.5,10.0,frozen_v11_actual_weight,combined,-1,3,k6_supported_scene,3721,P00|P10|P01|P11
1421,2,corner,0,0,0.04709245264530182,421038,supported_k6,6,0.5,10.04,frozen_v11_actual_weight,combined,-1,3,k6_supported_scene,3721,P00|P10|P01|P11
1422,2,corner,0,0,0.04709245264530182,421038,supported_k6,6,0.5,9.96,frozen_v11_actual_weight,task,0,3,k6_supported_scene,3721,P00|P10|P01|P11
1423,2,corner,0,0,0.04709245264530182,421038,supported_k6,6,0.5,10.0,frozen_v11_actual_weight,task,0,3,k6_supported_scene,3721,P00|P10|P01|P11
1424,2,corner,0,0,0.04709245264530182,421038,supported_k6,6,0.5,10.04,frozen_v11_actual_weight,task,0,3,k6_supported_scene,3721,P00|P10|P01|P11
1425,2,corner,0,0,0.04709245264530182,421038,supported_k6,6,0.5,9.96,frozen_v11_actual_weight,task,1,3,k6_supported_scene,3721,P00|P10|P01|P11
1426,2,corner,0,0,0.04709245264530182,421038,supported_k6,6,0.5,10.0,frozen_v11_actual_weight,task,1,3,k6_supported_scene,3721,P00|P10|P01|P11
1427,2,corner,0,0,0.04709245264530182,421038,supported_k6,6,0.5,10.04,frozen_v11_actual_weight,task,1,3,k6_supported_scene,3721,P00|P10|P01|P11
1428,2,corner,0,0,0.04709245264530182,421038,supported_k6,6,0.5,9.96,frozen_v11_actual_weight,task,2,3,k6_supported_scene,3721,P00|P10|P01|P11
1429,2,corner,0,0,0.04709245264530182,421038,supported_k6,6,0.5,10.0,frozen_v11_actual_weight,task,2,3,k6_supported_scene,3721,P00|P10|P01|P11
1430,2,corner,0,0,0.04709245264530182,421038,supported_k6,6,0.5,10.04,frozen_v11_actual_weight,task,2,3,k6_supported_scene,3721,P00|P10|P01|P11
1431,2,corner,0,0,0.04709245264530182,421038,supported_k6,6,0.5,9.96,frozen_v11_actual_weight,task,3,3,k6_supported_scene,3721,P00|P10|P01|P11
1432,2,corner,0,0,0.04709245264530182,421038,supported_k6,6,0.5,10.0,frozen_v11_actual_weight,task,3,3,k6_supported_scene,3721,P00|P10|P01|P11
1433,2,corner,0,0,0.04709245264530182,421038,supported_k6,6,0.5,10.04,frozen_v11_actual_weight,task,3,3,k6_supported_scene,3721,P00|P10|P01|P11
1434,2,corner,0,0,0.04709245264530182,421038,supported_k6,6,0.5,9.96,frozen_v11_actual_weight,task,4,3,k6_supported_scene,3721,P00|P10|P01|P11
1435,2,corner,0,0,0.04709245264530182,421038,supported_k6,6,0.5,10.0,frozen_v11_actual_weight,task,4,3,k6_supported_scene,3721,P00|P10|P01|P11
1436,2,corner,0,0,0.04709245264530182,421038,supported_k6,6,0.5,10.04,frozen_v11_actual_weight,task,4,3,k6_supported_scene,3721,P00|P10|P01|P11
1437,2,corner,0,0,0.04709245264530182,421038,supported_k6,6,0.5,9.96,frozen_v11_actual_weight,task,5,3,k6_supported_scene,3721,P00|P10|P01|P11
1438,2,corner,0,0,0.04709245264530182,421038,supported_k6,6,0.5,10.0,frozen_v11_actual_weight,task,5,3,k6_supported_scene,3721,P00|P10|P01|P11
1439,2,corner,0,0,0.04709245264530182,421038,supported_k6,6,0.5,10.04,frozen_v11_actual_weight,task,5,3,k6_supported_scene,3721,P00|P10|P01|P11
1440,2,edge,1,0,0.11051800101995468,421038,supported_k6,6,0.5,9.96,frozen_v11_actual_weight,combined,-1,4,k6_supported_scene,3721,P00|P10|P01|P11
1441,2,edge,1,0,0.11051800101995468,421038,supported_k6,6,0.5,10.0,frozen_v11_actual_weight,combined,-1,4,k6_supported_scene,3721,P00|P10|P01|P11
1442,2,edge,1,0,0.11051800101995468,421038,supported_k6,6,0.5,10.04,frozen_v11_actual_weight,combined,-1,4,k6_supported_scene,3721,P00|P10|P01|P11
1443,2,edge,1,0,0.11051800101995468,421038,supported_k6,6,0.5,9.96,frozen_v11_actual_weight,task,0,4,k6_supported_scene,3721,P00|P10|P01|P11
1444,2,edge,1,0,0.11051800101995468,421038,supported_k6,6,0.5,10.0,frozen_v11_actual_weight,task,0,4,k6_supported_scene,3721,P00|P10|P01|P11
1445,2,edge,1,0,0.11051800101995468,421038,supported_k6,6,0.5,10.04,frozen_v11_actual_weight,task,0,4,k6_supported_scene,3721,P00|P10|P01|P11
1446,2,edge,1,0,0.11051800101995468,421038,supported_k6,6,0.5,9.96,frozen_v11_actual_weight,task,1,4,k6_supported_scene,3721,P00|P10|P01|P11
1447,2,edge,1,0,0.11051800101995468,421038,supported_k6,6,0.5,10.0,frozen_v11_actual_weight,task,1,4,k6_supported_scene,3721,P00|P10|P01|P11
1448,2,edge,1,0,0.11051800101995468,421038,supported_k6,6,0.5,10.04,frozen_v11_actual_weight,task,1,4,k6_supported_scene,3721,P00|P10|P01|P11
1449,2,edge,1,0,0.11051800101995468,421038,supported_k6,6,0.5,9.96,frozen_v11_actual_weight,task,2,4,k6_supported_scene,3721,P00|P10|P01|P11
1450,2,edge,1,0,0.11051800101995468,421038,supported_k6,6,0.5,10.0,frozen_v11_actual_weight,task,2,4,k6_supported_scene,3721,P00|P10|P01|P11
1451,2,edge,1,0,0.11051800101995468,421038,supported_k6,6,0.5,10.04,frozen_v11_actual_weight,task,2,4,k6_supported_scene,3721,P00|P10|P01|P11
1452,2,edge,1,0,0.11051800101995468,421038,supported_k6,6,0.5,9.96,frozen_v11_actual_weight,task,3,4,k6_supported_scene,3721,P00|P10|P01|P11
1453,2,edge,1,0,0.11051800101995468,421038,supported_k6,6,0.5,10.0,frozen_v11_actual_weight,task,3,4,k6_supported_scene,3721,P00|P10|P01|P11
1454,2,edge,1,0,0.11051800101995468,421038,supported_k6,6,0.5,10.04,frozen_v11_actual_weight,task,3,4,k6_supported_scene,3721,P00|P10|P01|P11
1455,2,edge,1,0,0.11051800101995468,421038,supported_k6,6,0.5,9.96,frozen_v11_actual_weight,task,4,4,k6_supported_scene,3721,P00|P10|P01|P11
1456,2,edge,1,0,0.11051800101995468,421038,supported_k6,6,0.5,10.0,frozen_v11_actual_weight,task,4,4,k6_supported_scene,3721,P00|P10|P01|P11
1457,2,edge,1,0,0.11051800101995468,421038,supported_k6,6,0.5,10.04,frozen_v11_actual_weight,task,4,4,k6_supported_scene,3721,P00|P10|P01|P11
1458,2,edge,1,0,0.11051800101995468,421038,supported_k6,6,0.5,9.96,frozen_v11_actual_weight,task,5,4,k6_supported_scene,3721,P00|P10|P01|P11
1459,2,edge,1,0,0.11051800101995468,421038,supported_k6,6,0.5,10.0,frozen_v11_actual_weight,task,5,4,k6_supported_scene,3721,P00|P10|P01|P11
1460,2,edge,1,0,0.11051800101995468,421038,supported_k6,6,0.5,10.04,frozen_v11_actual_weight,task,5,4,k6_supported_scene,3721,P00|P10|P01|P11
1461,2,interior,7,7,0.17150631546974182,421038,supported_k6,6,0.5,9.96,frozen_v11_actual_weight,combined,-1,3,k6_supported_scene,3721,P00|P10|P01|P11
1462,2,interior,7,7,0.17150631546974182,421038,supported_k6,6,0.5,10.0,frozen_v11_actual_weight,combined,-1,3,k6_supported_scene,3721,P00|P10|P01|P11
1463,2,interior,7,7,0.17150631546974182,421038,supported_k6,6,0.5,10.04,frozen_v11_actual_weight,combined,-1,3,k6_supported_scene,3721,P00|P10|P01|P11
1464,2,interior,7,7,0.17150631546974182,421038,supported_k6,6,0.5,9.96,frozen_v11_actual_weight,task,0,3,k6_supported_scene,3721,P00|P10|P01|P11
1465,2,interior,7,7,0.17150631546974182,421038,supported_k6,6,0.5,10.0,frozen_v11_actual_weight,task,0,3,k6_supported_scene,3721,P00|P10|P01|P11
1466,2,interior,7,7,0.17150631546974182,421038,supported_k6,6,0.5,10.04,frozen_v11_actual_weight,task,0,3,k6_supported_scene,3721,P00|P10|P01|P11
1467,2,interior,7,7,0.17150631546974182,421038,supported_k6,6,0.5,9.96,frozen_v11_actual_weight,task,1,3,k6_supported_scene,3721,P00|P10|P01|P11
1468,2,interior,7,7,0.17150631546974182,421038,supported_k6,6,0.5,10.0,frozen_v11_actual_weight,task,1,3,k6_supported_scene,3721,P00|P10|P01|P11
1469,2,interior,7,7,0.17150631546974182,421038,supported_k6,6,0.5,10.04,frozen_v11_actual_weight,task,1,3,k6_supported_scene,3721,P00|P10|P01|P11
1470,2,interior,7,7,0.17150631546974182,421038,supported_k6,6,0.5,9.96,frozen_v11_actual_weight,task,2,3,k6_supported_scene,3721,P00|P10|P01|P11
1471,2,interior,7,7,0.17150631546974182,421038,supported_k6,6,0.5,10.0,frozen_v11_actual_weight,task,2,3,k6_supported_scene,3721,P00|P10|P01|P11
1472,2,interior,7,7,0.17150631546974182,421038,supported_k6,6,0.5,10.04,frozen_v11_actual_weight,task,2,3,k6_supported_scene,3721,P00|P10|P01|P11
1473,2,interior,7,7,0.17150631546974182,421038,supported_k6,6,0.5,9.96,frozen_v11_actual_weight,task,3,3,k6_supported_scene,3721,P00|P10|P01|P11
1474,2,interior,7,7,0.17150631546974182,421038,supported_k6,6,0.5,10.0,frozen_v11_actual_weight,task,3,3,k6_supported_scene,3721,P00|P10|P01|P11
1475,2,interior,7,7,0.17150631546974182,421038,supported_k6,6,0.5,10.04,frozen_v11_actual_weight,task,3,3,k6_supported_scene,3721,P00|P10|P01|P11
1476,2,interior,7,7,0.17150631546974182,421038,supported_k6,6,0.5,9.96,frozen_v11_actual_weight,task,4,3,k6_supported_scene,3721,P00|P10|P01|P11
1477,2,interior,7,7,0.17150631546974182,421038,supported_k6,6,0.5,10.0,frozen_v11_actual_weight,task,4,3,k6_supported_scene,3721,P00|P10|P01|P11
1478,2,interior,7,7,0.17150631546974182,421038,supported_k6,6,0.5,10.04,frozen_v11_actual_weight,task,4,3,k6_supported_scene,3721,P00|P10|P01|P11
1479,2,interior,7,7,0.17150631546974182,421038,supported_k6,6,0.5,9.96,frozen_v11_actual_weight,task,5,3,k6_supported_scene,3721,P00|P10|P01|P11
1480,2,interior,7,7,0.17150631546974182,421038,supported_k6,6,0.5,10.0,frozen_v11_actual_weight,task,5,3,k6_supported_scene,3721,P00|P10|P01|P11
1481,2,interior,7,7,0.17150631546974182,421038,supported_k6,6,0.5,10.04,frozen_v11_actual_weight,task,5,3,k6_supported_scene,3721,P00|P10|P01|P11
1482,2,corner,0,0,0.07415762543678284,421039,supported_k6,6,0.5,9.96,frozen_v11_actual_weight,combined,-1,4,k6_supported_scene,3817,P00|P10|P01|P11
1483,2,corner,0,0,0.07415762543678284,421039,supported_k6,6,0.5,10.0,frozen_v11_actual_weight,combined,-1,4,k6_supported_scene,3817,P00|P10|P01|P11
1484,2,corner,0,0,0.07415762543678284,421039,supported_k6,6,0.5,10.04,frozen_v11_actual_weight,combined,-1,4,k6_supported_scene,3817,P00|P10|P01|P11
1485,2,corner,0,0,0.07415762543678284,421039,supported_k6,6,0.5,9.96,frozen_v11_actual_weight,task,0,4,k6_supported_scene,3817,P00|P10|P01|P11
1486,2,corner,0,0,0.07415762543678284,421039,supported_k6,6,0.5,10.0,frozen_v11_actual_weight,task,0,4,k6_supported_scene,3817,P00|P10|P01|P11
1487,2,corner,0,0,0.07415762543678284,421039,supported_k6,6,0.5,10.04,frozen_v11_actual_weight,task,0,4,k6_supported_scene,3817,P00|P10|P01|P11
1488,2,corner,0,0,0.07415762543678284,421039,supported_k6,6,0.5,9.96,frozen_v11_actual_weight,task,1,4,k6_supported_scene,3817,P00|P10|P01|P11
1489,2,corner,0,0,0.07415762543678284,421039,supported_k6,6,0.5,10.0,frozen_v11_actual_weight,task,1,4,k6_supported_scene,3817,P00|P10|P01|P11
1490,2,corner,0,0,0.07415762543678284,421039,supported_k6,6,0.5,10.04,frozen_v11_actual_weight,task,1,4,k6_supported_scene,3817,P00|P10|P01|P11
1491,2,corner,0,0,0.07415762543678284,421039,supported_k6,6,0.5,9.96,frozen_v11_actual_weight,task,2,4,k6_supported_scene,3817,P00|P10|P01|P11
1492,2,corner,0,0,0.07415762543678284,421039,supported_k6,6,0.5,10.0,frozen_v11_actual_weight,task,2,4,k6_supported_scene,3817,P00|P10|P01|P11
1493,2,corner,0,0,0.07415762543678284,421039,supported_k6,6,0.5,10.04,frozen_v11_actual_weight,task,2,4,k6_supported_scene,3817,P00|P10|P01|P11
1494,2,corner,0,0,0.07415762543678284,421039,supported_k6,6,0.5,9.96,frozen_v11_actual_weight,task,3,4,k6_supported_scene,3817,P00|P10|P01|P11
1495,2,corner,0,0,0.07415762543678284,421039,supported_k6,6,0.5,10.0,frozen_v11_actual_weight,task,3,4,k6_supported_scene,3817,P00|P10|P01|P11
1496,2,corner,0,0,0.07415762543678284,421039,supported_k6,6,0.5,10.04,frozen_v11_actual_weight,task,3,4,k6_supported_scene,3817,P00|P10|P01|P11
1497,2,corner,0,0,0.07415762543678284,421039,supported_k6,6,0.5,9.96,frozen_v11_actual_weight,task,4,4,k6_supported_scene,3817,P00|P10|P01|P11
1498,2,corner,0,0,0.07415762543678284,421039,supported_k6,6,0.5,10.0,frozen_v11_actual_weight,task,4,4,k6_supported_scene,3817,P00|P10|P01|P11
1499,2,corner,0,0,0.07415762543678284,421039,supported_k6,6,0.5,10.04,frozen_v11_actual_weight,task,4,4,k6_supported_scene,3817,P00|P10|P01|P11
1500,2,corner,0,0,0.07415762543678284,421039,supported_k6,6,0.5,9.96,frozen_v11_actual_weight,task,5,4,k6_supported_scene,3817,P00|P10|P01|P11
1501,2,corner,0,0,0.07415762543678284,421039,supported_k6,6,0.5,10.0,frozen_v11_actual_weight,task,5,4,k6_supported_scene,3817,P00|P10|P01|P11
1502,2,corner,0,0,0.07415762543678284,421039,supported_k6,6,0.5,10.04,frozen_v11_actual_weight,task,5,4,k6_supported_scene,3817,P00|P10|P01|P11
1503,2,edge,1,0,0.13478617370128632,421039,supported_k6,6,0.5,9.96,frozen_v11_actual_weight,combined,-1,4,k6_supported_scene,3817,P00|P10|P01|P11
1504,2,edge,1,0,0.13478617370128632,421039,supported_k6,6,0.5,10.0,frozen_v11_actual_weight,combined,-1,4,k6_supported_scene,3817,P00|P10|P01|P11
1505,2,edge,1,0,0.13478617370128632,421039,supported_k6,6,0.5,10.04,frozen_v11_actual_weight,combined,-1,4,k6_supported_scene,3817,P00|P10|P01|P11
1506,2,edge,1,0,0.13478617370128632,421039,supported_k6,6,0.5,9.96,frozen_v11_actual_weight,task,0,4,k6_supported_scene,3817,P00|P10|P01|P11
1507,2,edge,1,0,0.13478617370128632,421039,supported_k6,6,0.5,10.0,frozen_v11_actual_weight,task,0,4,k6_supported_scene,3817,P00|P10|P01|P11
1508,2,edge,1,0,0.13478617370128632,421039,supported_k6,6,0.5,10.04,frozen_v11_actual_weight,task,0,4,k6_supported_scene,3817,P00|P10|P01|P11
1509,2,edge,1,0,0.13478617370128632,421039,supported_k6,6,0.5,9.96,frozen_v11_actual_weight,task,1,4,k6_supported_scene,3817,P00|P10|P01|P11
1510,2,edge,1,0,0.13478617370128632,421039,supported_k6,6,0.5,10.0,frozen_v11_actual_weight,task,1,4,k6_supported_scene,3817,P00|P10|P01|P11
1511,2,edge,1,0,0.13478617370128632,421039,supported_k6,6,0.5,10.04,frozen_v11_actual_weight,task,1,4,k6_supported_scene,3817,P00|P10|P01|P11
1512,2,edge,1,0,0.13478617370128632,421039,supported_k6,6,0.5,9.96,frozen_v11_actual_weight,task,2,4,k6_supported_scene,3817,P00|P10|P01|P11
1513,2,edge,1,0,0.13478617370128632,421039,supported_k6,6,0.5,10.0,frozen_v11_actual_weight,task,2,4,k6_supported_scene,3817,P00|P10|P01|P11
1514,2,edge,1,0,0.13478617370128632,421039,supported_k6,6,0.5,10.04,frozen_v11_actual_weight,task,2,4,k6_supported_scene,3817,P00|P10|P01|P11
1515,2,edge,1,0,0.13478617370128632,421039,supported_k6,6,0.5,9.96,frozen_v11_actual_weight,task,3,4,k6_supported_scene,3817,P00|P10|P01|P11
1516,2,edge,1,0,0.13478617370128632,421039,supported_k6,6,0.5,10.0,frozen_v11_actual_weight,task,3,4,k6_supported_scene,3817,P00|P10|P01|P11
1517,2,edge,1,0,0.13478617370128632,421039,supported_k6,6,0.5,10.04,frozen_v11_actual_weight,task,3,4,k6_supported_scene,3817,P00|P10|P01|P11
1518,2,edge,1,0,0.13478617370128632,421039,supported_k6,6,0.5,9.96,frozen_v11_actual_weight,task,4,4,k6_supported_scene,3817,P00|P10|P01|P11
1519,2,edge,1,0,0.13478617370128632,421039,supported_k6,6,0.5,10.0,frozen_v11_actual_weight,task,4,4,k6_supported_scene,3817,P00|P10|P01|P11
1520,2,edge,1,0,0.13478617370128632,421039,supported_k6,6,0.5,10.04,frozen_v11_actual_weight,task,4,4,k6_supported_scene,3817,P00|P10|P01|P11
1521,2,edge,1,0,0.13478617370128632,421039,supported_k6,6,0.5,9.96,frozen_v11_actual_weight,task,5,4,k6_supported_scene,3817,P00|P10|P01|P11
1522,2,edge,1,0,0.13478617370128632,421039,supported_k6,6,0.5,10.0,frozen_v11_actual_weight,task,5,4,k6_supported_scene,3817,P00|P10|P01|P11
1523,2,edge,1,0,0.13478617370128632,421039,supported_k6,6,0.5,10.04,frozen_v11_actual_weight,task,5,4,k6_supported_scene,3817,P00|P10|P01|P11
1524,2,interior,7,7,0.14203321933746338,421039,supported_k6,6,0.5,9.96,frozen_v11_actual_weight,combined,-1,3,k6_supported_scene,3817,P00|P10|P01|P11
1525,2,interior,7,7,0.14203321933746338,421039,supported_k6,6,0.5,10.0,frozen_v11_actual_weight,combined,-1,3,k6_supported_scene,3817,P00|P10|P01|P11
1526,2,interior,7,7,0.14203321933746338,421039,supported_k6,6,0.5,10.04,frozen_v11_actual_weight,combined,-1,3,k6_supported_scene,3817,P00|P10|P01|P11
1527,2,interior,7,7,0.14203321933746338,421039,supported_k6,6,0.5,9.96,frozen_v11_actual_weight,task,0,3,k6_supported_scene,3817,P00|P10|P01|P11
1528,2,interior,7,7,0.14203321933746338,421039,supported_k6,6,0.5,10.0,frozen_v11_actual_weight,task,0,3,k6_supported_scene,3817,P00|P10|P01|P11
1529,2,interior,7,7,0.14203321933746338,421039,supported_k6,6,0.5,10.04,frozen_v11_actual_weight,task,0,3,k6_supported_scene,3817,P00|P10|P01|P11
1530,2,interior,7,7,0.14203321933746338,421039,supported_k6,6,0.5,9.96,frozen_v11_actual_weight,task,1,3,k6_supported_scene,3817,P00|P10|P01|P11
1531,2,interior,7,7,0.14203321933746338,421039,supported_k6,6,0.5,10.0,frozen_v11_actual_weight,task,1,3,k6_supported_scene,3817,P00|P10|P01|P11
1532,2,interior,7,7,0.14203321933746338,421039,supported_k6,6,0.5,10.04,frozen_v11_actual_weight,task,1,3,k6_supported_scene,3817,P00|P10|P01|P11
1533,2,interior,7,7,0.14203321933746338,421039,supported_k6,6,0.5,9.96,frozen_v11_actual_weight,task,2,3,k6_supported_scene,3817,P00|P10|P01|P11
1534,2,interior,7,7,0.14203321933746338,421039,supported_k6,6,0.5,10.0,frozen_v11_actual_weight,task,2,3,k6_supported_scene,3817,P00|P10|P01|P11
1535,2,interior,7,7,0.14203321933746338,421039,supported_k6,6,0.5,10.04,frozen_v11_actual_weight,task,2,3,k6_supported_scene,3817,P00|P10|P01|P11
1536,2,interior,7,7,0.14203321933746338,421039,supported_k6,6,0.5,9.96,frozen_v11_actual_weight,task,3,3,k6_supported_scene,3817,P00|P10|P01|P11
1537,2,interior,7,7,0.14203321933746338,421039,supported_k6,6,0.5,10.0,frozen_v11_actual_weight,task,3,3,k6_supported_scene,3817,P00|P10|P01|P11
1538,2,interior,7,7,0.14203321933746338,421039,supported_k6,6,0.5,10.04,frozen_v11_actual_weight,task,3,3,k6_supported_scene,3817,P00|P10|P01|P11
1539,2,interior,7,7,0.14203321933746338,421039,supported_k6,6,0.5,9.96,frozen_v11_actual_weight,task,4,3,k6_supported_scene,3817,P00|P10|P01|P11
1540,2,interior,7,7,0.14203321933746338,421039,supported_k6,6,0.5,10.0,frozen_v11_actual_weight,task,4,3,k6_supported_scene,3817,P00|P10|P01|P11
1541,2,interior,7,7,0.14203321933746338,421039,supported_k6,6,0.5,10.04,frozen_v11_actual_weight,task,4,3,k6_supported_scene,3817,P00|P10|P01|P11
1542,2,interior,7,7,0.14203321933746338,421039,supported_k6,6,0.5,9.96,frozen_v11_actual_weight,task,5,3,k6_supported_scene,3817,P00|P10|P01|P11
1543,2,interior,7,7,0.14203321933746338,421039,supported_k6,6,0.5,10.0,frozen_v11_actual_weight,task,5,3,k6_supported_scene,3817,P00|P10|P01|P11
1544,2,interior,7,7,0.14203321933746338,421039,supported_k6,6,0.5,10.04,frozen_v11_actual_weight,task,5,3,k6_supported_scene,3817,P00|P10|P01|P11
1545,2,full_2x2,-1,-1,1.0,-1,canonical,0,1.0,9.96,mode_even,canonical,-1,4,canonical_modal_scan,-1,P00|P10|P01|P11
1546,2,full_2x2,-1,-1,1.0,-1,canonical,0,1.0,9.96,mode_x_odd,canonical,-1,4,canonical_modal_scan,-1,P00|P10|P01|P11
1547,2,full_2x2,-1,-1,1.0,-1,canonical,0,1.0,9.96,mode_y_odd,canonical,-1,4,canonical_modal_scan,-1,P00|P10|P01|P11
1548,2,full_2x2,-1,-1,1.0,-1,canonical,0,1.0,9.96,mode_checker,canonical,-1,4,canonical_modal_scan,-1,P00|P10|P01|P11
1549,2,full_2x2,-1,-1,1.0,-1,canonical,0,1.0,9.96,scan_t48_p0,canonical,-1,4,canonical_modal_scan,-1,P00|P10|P01|P11
1550,2,full_2x2,-1,-1,1.0,-1,canonical,0,1.0,9.96,scan_t48_p45,canonical,-1,4,canonical_modal_scan,-1,P00|P10|P01|P11
1551,2,full_2x2,-1,-1,1.0,-1,canonical,0,1.0,9.96,scan_t48_p90,canonical,-1,4,canonical_modal_scan,-1,P00|P10|P01|P11
1552,2,full_2x2,-1,-1,1.0,-1,canonical,0,1.0,10.0,mode_even,canonical,-1,4,canonical_modal_scan,-1,P00|P10|P01|P11
1553,2,full_2x2,-1,-1,1.0,-1,canonical,0,1.0,10.0,mode_x_odd,canonical,-1,4,canonical_modal_scan,-1,P00|P10|P01|P11
1554,2,full_2x2,-1,-1,1.0,-1,canonical,0,1.0,10.0,mode_y_odd,canonical,-1,4,canonical_modal_scan,-1,P00|P10|P01|P11
1555,2,full_2x2,-1,-1,1.0,-1,canonical,0,1.0,10.0,mode_checker,canonical,-1,4,canonical_modal_scan,-1,P00|P10|P01|P11
1556,2,full_2x2,-1,-1,1.0,-1,canonical,0,1.0,10.0,scan_t48_p0,canonical,-1,4,canonical_modal_scan,-1,P00|P10|P01|P11
1557,2,full_2x2,-1,-1,1.0,-1,canonical,0,1.0,10.0,scan_t48_p45,canonical,-1,4,canonical_modal_scan,-1,P00|P10|P01|P11
1558,2,full_2x2,-1,-1,1.0,-1,canonical,0,1.0,10.0,scan_t48_p90,canonical,-1,4,canonical_modal_scan,-1,P00|P10|P01|P11
1559,2,full_2x2,-1,-1,1.0,-1,canonical,0,1.0,10.04,mode_even,canonical,-1,4,canonical_modal_scan,-1,P00|P10|P01|P11
1560,2,full_2x2,-1,-1,1.0,-1,canonical,0,1.0,10.04,mode_x_odd,canonical,-1,4,canonical_modal_scan,-1,P00|P10|P01|P11
1561,2,full_2x2,-1,-1,1.0,-1,canonical,0,1.0,10.04,mode_y_odd,canonical,-1,4,canonical_modal_scan,-1,P00|P10|P01|P11
1562,2,full_2x2,-1,-1,1.0,-1,canonical,0,1.0,10.04,mode_checker,canonical,-1,4,canonical_modal_scan,-1,P00|P10|P01|P11
1563,2,full_2x2,-1,-1,1.0,-1,canonical,0,1.0,10.04,scan_t48_p0,canonical,-1,4,canonical_modal_scan,-1,P00|P10|P01|P11
1564,2,full_2x2,-1,-1,1.0,-1,canonical,0,1.0,10.04,scan_t48_p45,canonical,-1,4,canonical_modal_scan,-1,P00|P10|P01|P11
1565,2,full_2x2,-1,-1,1.0,-1,canonical,0,1.0,10.04,scan_t48_p90,canonical,-1,4,canonical_modal_scan,-1,P00|P10|P01|P11
