generated_index,sample_index,k,ratio,round,mask_family,mask_hash,robust_worst_margin_db,robust_pattern_margin_db,robust_active_rl_margin_db,robust_hardware_margin_db,all_corner_strict_pass,all_corner_pattern_pass,all_corner_active_rl_pass,design_reserve11_pass,robust_psll_margin_db,robust_nearest_iso_margin_db,robust_local20_iso_margin_db,robust_mainlobe_margin_db,nominal_identity_psll_db,nominal_identity_nearest_iso_db,nominal_identity_local_iso_db,nominal_identity_weakest_target_gain_db,nominal_identity_active_rl_floor_db,nominal_identity_hardware_margin_db,frequency_low_identity_psll_db,frequency_low_identity_nearest_iso_db,frequency_low_identity_local_iso_db,frequency_low_identity_weakest_target_gain_db,frequency_low_identity_active_rl_floor_db,frequency_low_identity_hardware_margin_db,frequency_low_E2_source_psll_db,frequency_low_E2_source_nearest_iso_db,frequency_low_E2_source_local_iso_db,frequency_low_E2_source_weakest_target_gain_db,frequency_low_E2_source_active_rl_floor_db,frequency_low_E2_source_hardware_margin_db,frequency_high_identity_psll_db,frequency_high_identity_nearest_iso_db,frequency_high_identity_local_iso_db,frequency_high_identity_weakest_target_gain_db,frequency_high_identity_active_rl_floor_db,frequency_high_identity_hardware_margin_db,frequency_high_E2_source_psll_db,frequency_high_E2_source_nearest_iso_db,frequency_high_E2_source_local_iso_db,frequency_high_E2_source_weakest_target_gain_db,frequency_high_E2_source_active_rl_floor_db,frequency_high_E2_source_hardware_margin_db,selection_role,selection_index
266,426100,2,0.5,initial,failed_best_swap_00_3,d0f156c765771b85,-10.601731300354004,0.8211746215820312,-10.601731300354004,1.0,0,1,0,0,4.853874206542969,4.1549530029296875,2.5821762084960938,0.8211746215820312,-4.8973236083984375,31.279541015625,23.241519927978516,82.02960205078125,-0.4971269297929737,1.0,-4.936607360839844,30.313785552978516,23.371925354003906,82.03865814208984,-0.36063578061322543,1.0,-5.062156677246094,29.154953002929688,22.582176208496094,82.0719223022461,-0.5691566704818495,1.0152725475522277,-4.853874206542969,32.20695495605469,23.132911682128906,81.96836853027344,-0.6017314024832907,1.0,-4.8768310546875,32.23469924926758,22.772762298583984,81.95794677734375,-0.34160739761776215,1.0040353148995214,pattern_best,0
271,426100,2,0.5,initial,parent_normalized,1f6fb00506bdd7b4,-3.5707406997680664,0.5,-3.5707406997680664,1.0,0,1,0,0,4.7783355712890625,2.1008148193359375,2.0693817138671875,0.5,-4.8269500732421875,28.886436462402344,22.744583129882812,82.06340789794922,7.6809004703378045,1.0,-4.872734069824219,28.023765563964844,22.828598022460938,82.07648468017578,7.478957859289867,1.0,-4.99078369140625,27.100814819335938,22.069381713867188,82.10795593261719,8.158030523051096,1.0116755101237842,-4.7783355712890625,29.766456604003906,22.655311584472656,81.99835205078125,6.429259391973887,1.0,-4.804656982421875,29.568397521972656,22.346920013427734,81.98897552490234,6.429366373895407,1.0045020313560429,active_rl_best,1
269,426100,2,0.5,initial,failed_best_swap_01_3,f6409b5d79b3c385,-5.732862949371338,-1.3892250061035156,-5.732862949371338,-0.1220821887254715,0,0,0,0,4.636985778808594,-1.3892250061035156,1.4543037414550781,0.5,-4.6693572998046875,24.745845794677734,21.799110412597656,82.18971252441406,6.444135787684639,-0.013649695833880315,-4.711639404296875,24.204307556152344,21.92284393310547,82.20204162597656,7.257412224858546,-0.013649695833880315,-4.797981262207031,23.610774993896484,21.454303741455078,82.2279281616211,6.086120850128828,-0.02467693830863027,-4.636985778808594,25.277061462402344,21.679397583007812,82.13860321044922,4.651019087916119,-0.013649695833880315,-4.6714630126953125,25.058040618896484,21.554763793945312,82.13241577148438,4.267136817554557,-0.12208219201845694,max_min_best,2
256,426100,2,0.5,initial,three_frequency_guided_swap_00,c4c4f6035f5db0f0,-9.049592971801758,0.5,-9.049592971801758,1.0,0,1,0,0,4.9482269287109375,2.4528541564941406,1.1763343811035156,0.5,-4.9939727783203125,29.284469604492188,21.7333984375,82.04835510253906,1.8021745612187972,1.0,-5.040550231933594,28.400615692138672,21.83123779296875,82.06246185302734,0.9504066298105891,1.0,-5.15826416015625,27.45285415649414,21.176334381103516,82.09970092773438,0.9790508910688751,1.0074352037832226,-4.9482269287109375,30.184581756591797,21.648448944091797,81.98567199707031,2.936630651984284,1.0,-4.975425720214844,30.00122833251953,21.44873809814453,81.9742660522461,3.123939176292389,1.0064670899826866,pareto_knee,3
313,426100,2,0.6,alternating,three_frequency_guided_swap_01,557f5ce5cd6df00a,-16.468517303466797,1.1676025390625,-16.468517303466797,0.9957729578018188,0,1,0,0,7.0899810791015625,2.7716026306152344,2.9742202758789062,1.1676025390625,-7.109916687011719,28.368335723876953,23.18896484375,82.37995147705078,-6.452654847971551,1.0,-7.117530822753906,27.771602630615234,23.009788513183594,82.39187622070312,-6.466479765841302,1.0,-7.0899810791015625,28.108539581298828,22.974220275878906,82.38510131835938,-6.363413825531872,1.0271849466769518,-7.1275482177734375,28.85181427001953,23.356441497802734,82.32186126708984,-6.2951653998660895,1.0,-7.1684112548828125,29.332275390625,23.864688873291016,82.30437469482422,-6.468518009513085,0.9957729646913664,pattern_best,4
303,426100,2,0.6,initial,parent_normalized,1821e8b37d1948fe,-3.3274319171905518,0.5,-3.3274319171905518,0.3807988166809082,0,1,0,0,6.719123840332031,3.4324188232421875,3.284870147705078,0.5,-6.7468719482421875,29.760189056396484,23.700531005859375,83.16323852539062,7.45912512274564,0.6406926933280204,-6.782951354980469,29.078346252441406,23.749401092529297,83.17890930175781,6.723283480127399,0.6406926933280204,-6.947105407714844,28.432418823242188,23.284870147705078,83.20293426513672,6.67256815449064,0.38079881477440125,-6.725959777832031,30.41283416748047,23.652240753173828,83.11360168457031,7.584232264909476,0.6406926933280204,-6.719123840332031,30.679039001464844,23.751598358154297,83.09599304199219,7.458061410956432,0.5474664775302074,active_rl_best,5
298,426100,2,0.6,initial,failed_best_swap_00_3,e88379c021f01957,-6.929336071014404,0.5,-6.929336071014404,0.3807983100414276,0,1,0,0,6.687461853027344,3.8438186645507812,3.099529266357422,0.5,-6.7133026123046875,30.158893585205078,23.552608489990234,83.15264892578125,3.4965710680650552,0.6284323795106381,-6.7455596923828125,29.519996643066406,23.59566879272461,83.16825103759766,3.3887643915623613,0.6284323795106381,-6.91119384765625,28.84381866455078,23.099529266357422,83.19400024414062,3.6924865178689332,0.380798320270074,-6.691490173339844,30.74028778076172,23.516822814941406,83.09868621826172,3.3853277042588648,0.6284323795106381,-6.687461853027344,31.170543670654297,23.92731475830078,83.07994079589844,3.0706638423638646,0.5474688907014738,max_min_best,6
318,426100,2,0.6,alternating,three_frequency_guided_swap_06,d4470f0d6e92d34a,-10.037353515625,1.1245803833007812,-10.037353515625,0.995922863483429,0,1,0,0,6.8427734375,5.068687438964844,3.655914306640625,1.1245803833007812,-6.8910064697265625,30.720901489257812,23.997589111328125,82.33357238769531,1.1248924025364535,1.0,-6.895416259765625,30.068687438964844,24.31903839111328,82.34015655517578,0.1080460000828923,1.0,-6.8427734375,30.716026306152344,23.904953002929688,82.32328796386719,-0.037353230297403256,1.0218932926980353,-6.9117889404296875,31.205902099609375,23.655914306640625,82.2816162109375,2.456694291379696,1.0,-6.9593353271484375,31.997013092041016,24.063621520996094,82.2613525390625,2.431347986175268,0.9959228407145988,pareto_knee,7
333,426100,2,0.7,initial,failed_best_swap_01_3,4ddcc637bafc8340,-13.99952507019043,1.5,-13.99952507019043,-2.859501361846924,0,1,0,0,9.665763854980469,1.5384674072265625,3.1983070373535156,1.5,-9.961189270019531,26.679744720458984,23.496753692626953,84.11065673828125,-3.977097573874844,-1.6715495781201781,-9.679786682128906,26.60770034790039,23.767608642578125,84.11285400390625,-3.9501614611359326,-1.6715495781201781,-9.665763854980469,26.538467407226562,23.89788818359375,84.11521911621094,-3.9995252257319436,-2.8595014415656124,-9.910758972167969,26.671218872070312,23.198307037353516,84.05793762207031,-3.9141174035188713,-1.6715495781201781,-9.916481018066406,27.13037109375,23.464744567871094,84.0296630859375,-3.7931687851137004,-0.93722534348613,pattern_best,8
335,426100,2,0.7,initial,parent_normalized,647f9ae0d728b87e,-5.474149227142334,0.5,-5.474149227142334,0.9936887621879578,0,1,0,0,6.976600646972656,1.4688911437988281,4.499355316162109,0.5,-7.083709716796875,27.318233489990234,25.169761657714844,84.11556243896484,5.659865192311027,1.0,-7.0786895751953125,26.743877410888672,25.366657257080078,84.13186645507812,4.525850969088871,1.0,-7.176513671875,26.468891143798828,25.09209442138672,84.13233947753906,5.457194935378102,1.006377134890205,-7.0144805908203125,27.84521484375,24.855594635009766,84.04875183105469,6.468351842565837,1.0,-6.976600646972656,28.220722198486328,24.49935531616211,84.01699829101562,6.897636677364418,0.9936887340340007,active_rl_best,9
320,426100,2,0.7,initial,three_frequency_guided_swap_00,71488e3395eb3eb0,-6.967154502868652,0.2566642761230469,-6.967154502868652,0.9937338829040527,0,1,0,0,7.1031494140625,0.2566642761230469,4.088108062744141,0.5,-7.208457946777344,26.04405975341797,24.526187896728516,84.1391830444336,3.1666530579702084,1.0,-7.207496643066406,25.522109985351562,24.338134765625,84.15634155273438,3.0328456334242313,1.0,-7.311767578125,25.256664276123047,24.08810806274414,84.15855407714844,3.0598154850716752,1.0072928200469176,-7.137886047363281,26.53255844116211,24.65540313720703,84.07149505615234,3.3343837104692216,1.0,-7.1031494140625,26.861377716064453,24.64073944091797,84.04393005371094,3.334989449207613,0.9937338809623102,max_min_best,10
348,426100,2,0.7,alternating,three_frequency_guided_swap_04,031d771971eff708,-10.043365478515625,0.8141250610351562,-10.043365478515625,0.3033706843852997,0,1,0,0,6.4622955322265625,0.8141250610351562,2.7945213317871094,1.5,-6.558799743652344,27.089859008789062,23.321868896484375,83.37001037597656,0.03601595329301935,0.7440045581804462,-6.610809326171875,26.28644561767578,23.830154418945312,83.37872314453125,0.34452759561631385,0.7440045581804462,-6.699012756347656,25.814125061035156,23.970741271972656,83.36595153808594,0.14036287231002728,0.8550247203827652,-6.517822265625,26.971054077148438,22.79452133178711,83.31622314453125,-0.04336560881013856,0.7440045581804462,-6.4622955322265625,27.128780364990234,23.03249740600586,83.30439758300781,0.3630413774406731,0.303370686394004,pareto_knee,11
367,426100,2,0.8,initial,parent_normalized,ed5588221488f784,-3.125819683074951,1.5,-3.125819683074951,0.9962215423583984,0,1,0,0,8.480155944824219,2.9509010314941406,3.7503738403320312,1.5,-8.545318603515625,28.305450439453125,24.121780395507812,84.68190002441406,7.76515701358295,1.0,-8.612007141113281,28.000926971435547,24.46712875366211,84.69709777832031,6.874180269303464,1.0,-8.724136352539062,27.95090103149414,24.425743103027344,84.69781494140625,7.452786928069707,1.0094445051147083,-8.480155944824219,28.518661499023438,23.75037384033203,84.61678314208984,7.693205150560192,1.0,-8.501533508300781,29.352378845214844,23.98632049560547,84.5870590209961,7.228430444848505,0.9962215587942016,pattern_best,12
360,426100,2,0.8,initial,failed_best_swap_00_1,02a480c2c2b5aafa,-4.640987873077393,1.5,-4.640987873077393,0.9961509108543396,0,1,0,0,8.486709594726562,1.9686203002929688,4.3475189208984375,1.5,-8.551338195800781,27.404556274414062,24.756412506103516,84.69613647460938,6.564823025566783,1.0,-8.616981506347656,27.06903839111328,25.140201568603516,84.71186828613281,6.868220106870267,1.0,-8.731758117675781,26.96862030029297,25.09142303466797,84.71263885498047,7.470989404099019,1.0109510279075504,-8.486709594726562,27.67440414428711,24.347518920898438,84.6302719116211,5.416335631007787,1.0,-8.501083374023438,28.47577667236328,24.603069305419922,84.59964752197266,5.359011989749375,0.9961509217666098,active_rl_best,13
352,426100,2,0.8,initial,three_frequency_guided_swap_00,230483367828d4f1,-4.914474964141846,1.5,-4.914474964141846,0.9962021708488464,0,1,0,0,8.596694946289062,1.7301902770996094,4.417232513427734,1.5,-8.664054870605469,27.14812469482422,24.84341812133789,84.70458221435547,5.518110936175153,1.0,-8.732963562011719,26.827789306640625,25.24506378173828,84.72064971923828,5.862027995382047,1.0,-8.849388122558594,26.73019027709961,25.22364044189453,84.72409057617188,5.957526421304198,1.0115868177434282,-8.596694946289062,27.401935577392578,24.417232513427734,84.63855743408203,5.0855248407537355,1.0,-8.617088317871094,28.118900299072266,24.66040802001953,84.60941314697266,5.261862985875812,0.9962021961587932,max_min_best,14
362,426100,2,0.8,initial,failed_best_swap_00_3,16971ae53f749f72,-5.2813005447387695,1.5,-5.2813005447387695,0.9969244003295898,0,1,0,0,8.427848815917969,2.9469833374023438,3.2135009765625,1.5,-8.492012023925781,28.125930786132812,23.58139419555664,84.67205810546875,5.742838257179285,1.0,-8.557258605957031,27.946983337402344,23.927017211914062,84.6859130859375,6.419118825851765,1.0,-8.678688049316406,28.090126037597656,23.873905181884766,84.68498992919922,6.663884723803121,1.0103883594901863,-8.427848815917969,28.20929718017578,23.2135009765625,84.60810852050781,4.718699386898876,1.0,-8.461593627929688,29.069774627685547,23.446571350097656,84.57736206054688,4.97798052632895,0.9969244091833862,pareto_knee,15
523,426102,2,0.5,initial,failed_best_swap_01_1,ffcf7c8bb6569b1d,-13.917811393737793,-0.9045639038085938,-13.917811393737793,-0.5051917433738708,0,0,0,0,5.692527770996094,-0.8658866882324219,1.013702392578125,-0.9045639038085938,-6.3414459228515625,24.68004608154297,21.676380157470703,82.3544921875,-3.908643412095204,-0.02143431551651176,-5.9636077880859375,24.687602996826172,21.679584503173828,82.30532836914062,-3.672482631875869,-0.02143431551651176,-5.692527770996094,24.134113311767578,21.013702392578125,82.29264068603516,-3.917811754215955,-0.5051917176379384,-6.698677062988281,24.648860931396484,21.685699462890625,82.33714294433594,-3.8999828796083054,-0.02143431551651176,-6.708526611328125,24.400299072265625,21.339218139648438,82.36238098144531,-3.7967366954671022,0.07266750248028586,pattern_best,16
527,426102,2,0.5,initial,parent_normalized,14ba5b7362bf3f49,-5.975902080535889,-1.3849029541015625,-5.975902080535889,-0.028122277930378914,0,0,0,0,8.197280883789062,3.0520477294921875,-0.6726913452148438,-1.3849029541015625,-8.222457885742188,28.705852508544922,19.692901611328125,81.86138916015625,4.547813989797767,-0.028122278310554805,-8.197280883789062,29.0924072265625,19.746788024902344,81.81324768066406,4.632169415035366,-0.028122278310554805,-8.260429382324219,28.870433807373047,19.33563995361328,81.81230163574219,4.024097888638806,0.1662446585863755,-8.227348327636719,28.32524871826172,19.641387939453125,81.84048461914062,4.166383788544812,-0.028122278310554805,-8.28912353515625,28.052047729492188,19.327308654785156,81.87973022460938,4.172600491545552,0.28116658338421985,active_rl_best,17
524,426102,2,0.5,initial,failed_best_swap_01_2,cc9ae3ace2a94603,-6.682834625244141,-0.926025390625,-6.682834625244141,-0.46843379735946655,0,0,0,0,5.974250793457031,-0.5850906372070312,0.9026756286621094,-0.926025390625,-6.63323974609375,25.006038665771484,21.633888244628906,82.3287353515625,5.3950311036678205,0.026812730183173983,-6.246734619140625,25.029788970947266,21.65325927734375,82.280029296875,3.864232758393195,0.026812730183173983,-5.974250793457031,24.41490936279297,20.90267562866211,82.27117919921875,3.317165180624319,-0.4684337840286048,-7.009086608886719,24.965946197509766,21.632877349853516,82.3104248046875,6.208090258852511,0.026812730183173983,-7.030281066894531,24.765907287597656,21.203819274902344,82.33828735351562,6.348408941969964,0.10942559950926167,max_min_best,18
520,426102,2,0.5,initial,failed_best_swap_00_1,721f04cde9551db1,-13.43435001373291,-1.45538330078125,-13.43435001373291,-6.657355308532715,0,0,0,0,8.311500549316406,5.255561828613281,-0.8024826049804688,-1.45538330078125,-8.439300537109375,30.81426239013672,19.63689422607422,81.7901611328125,-3.245259145915247,-6.513092295905899,-8.4189453125,31.261150360107422,19.659103393554688,81.74263000488281,-3.1294818497206056,-6.513092295905899,-8.311500549316406,31.084251403808594,19.19751739501953,81.7418212890625,-3.2567601772835415,-6.657355188582038,-8.439804077148438,30.363269805908203,19.622238159179688,81.7686767578125,-3.2108903829641515,-6.513092295905899,-8.498977661132812,30.25556182861328,19.332916259765625,81.80243682861328,-3.4343495536171176,-6.4998883717243245,pareto_knee,19
559,426102,2,0.6,initial,parent_normalized,f2f6a97e5a0d97bb,-5.082480430603027,0.0530242919921875,-5.082480430603027,0.9121552109718323,0,1,0,0,5.998405456542969,1.3624229431152344,1.32830810546875,0.0530242919921875,-6.628654479980469,27.02025604248047,22.308555603027344,83.28990936279297,6.929695181364214,1.0,-6.1861724853515625,27.576549530029297,22.24331283569336,83.25022888183594,6.240432884403529,1.0,-5.998405456542969,27.207767486572266,21.32830810546875,83.26309967041016,4.917519612353089,1.006947272789356,-7.105308532714844,26.469398498535156,22.29792022705078,83.28396606445312,5.920038164971569,1.0,-7.102592468261719,26.362422943115234,22.051509857177734,83.29185485839844,6.2065634176953965,0.912155191258492,pattern_best,20
553,426102,2,0.6,initial,failed_best_swap_00_2,e9d63827699472ff,-5.043713569641113,0.028778076171875,-5.043713569641113,0.9121538996696472,0,1,0,0,6.008354187011719,1.4243965148925781,1.5959663391113281,0.028778076171875,-6.64013671875,26.986572265625,22.636436462402344,83.27288818359375,6.402214009555712,1.0,-6.195281982421875,27.44515609741211,22.566539764404297,83.22598266601562,6.290710570951329,1.0,-6.008354187011719,27.031150817871094,21.595966339111328,83.24054718017578,4.956286463001457,1.006692025451083,-7.111763000488281,26.50885009765625,22.61248016357422,83.2663803100586,5.460355556412765,1.0,-7.105194091796875,26.424396514892578,22.41140365600586,83.27555847167969,5.746543208611677,0.9121538814559855,active_rl_best,21
554,426102,2,0.6,initial,failed_best_swap_00_3,c69844390fff2a9f,-5.161853313446045,0.0132904052734375,-5.161853313446045,-2.8763861656188965,0,1,0,0,5.856056213378906,2.307666778564453,1.3277664184570312,0.0132904052734375,-6.4684600830078125,27.99407958984375,22.125255584716797,83.24700927734375,5.500089840897148,-2.698315728305637,-6.039985656738281,28.58582305908203,22.145618438720703,83.21049499511719,5.815931455518051,-2.698315728305637,-5.856056213378906,28.13538360595703,21.32776641845703,83.22494506835938,4.8381468482569785,-2.8763860578516756,-6.933807373046875,27.392253875732422,22.09917449951172,83.24176025390625,5.209862990296905,-2.698315728305637,-6.924407958984375,27.307666778564453,21.903968811035156,83.24939727783203,5.106018088241821,-2.2532202081900223,max_min_best,22
569,426102,2,0.6,alternating,three_frequency_guided_swap_01,f74bd5caa2cb7fa8,-5.1965155601501465,-1.47735595703125,-5.1965155601501465,-4.108720302581787,0,0,0,0,5.556785583496094,0.7329750061035156,2.105358123779297,-1.47735595703125,-6.062446594238281,26.209774017333984,22.25336456298828,81.7684555053711,5.998047439259459,-3.8947262788403414,-5.728889465332031,26.517822265625,22.37289047241211,81.73053741455078,5.609018335065623,-3.8947262788403414,-5.556785583496094,26.10574722290039,22.298751831054688,81.7198486328125,4.8034845944456785,-4.108720319176733,-6.4046783447265625,25.846134185791016,22.132118225097656,81.74752807617188,5.704990848764089,-3.8947262788403414,-6.367942810058594,25.732975006103516,22.105358123779297,81.75421142578125,5.538163987634912,-4.108719350413963,pareto_knee,23
591,426102,2,0.7,initial,parent_normalized,0b6e353c7c45f104,-4.121812343597412,0.5,-4.121812343597412,0.42754098773002625,0,1,0,0,7.133491516113281,3.024658203125,1.1131820678710938,0.5,-7.956108093261719,28.55902099609375,21.649429321289062,83.89984893798828,7.280472879808722,0.900835062302189,-7.385429382324219,29.123004913330078,21.65735626220703,83.84355163574219,7.489482293958723,0.900835062302189,-7.133491516113281,28.504859924316406,21.113182067871094,83.85658264160156,6.782603778851188,0.4275409996305264,-8.556571960449219,28.024658203125,21.65680694580078,83.89212799072266,6.152061563264338,0.900835062302189,-8.538124084472656,28.309967041015625,21.609573364257812,83.87905883789062,5.878187525634554,1.003684769238511,pattern_best,24
585,426102,2,0.7,initial,failed_best_swap_00_2,560862541fe57747,-6.359867095947266,0.5,-6.359867095947266,0.42754068970680237,0,1,0,0,7.157020568847656,3.6848526000976562,1.2771148681640625,0.5,-7.9859771728515625,29.269859313964844,21.875564575195312,83.88459777832031,4.0293272838935295,0.9044779257399007,-7.4203033447265625,29.901878356933594,21.870361328125,83.82978820800781,3.640133013550331,0.9044779257399007,-7.157020568847656,29.257518768310547,21.277114868164062,83.83631896972656,3.8992450098303486,0.4275406880304651,-8.579574584960938,28.684852600097656,21.896095275878906,83.87466430664062,3.9569883535488732,0.9044779257399007,-8.551887512207031,29.075515747070312,21.85625457763672,83.85921478271484,3.6959096056748315,1.0032977337645979,active_rl_best,25
588,426102,2,0.7,initial,failed_best_swap_01_2,434432475906f6a0,-8.494389533996582,-1.6202507019042969,-8.494389533996582,-1.0123692750930786,0,0,0,0,8.267303466796875,-1.6202507019042969,-0.7057571411132812,0.5,-9.200798034667969,23.757022857666016,19.58770751953125,84.00700378417969,2.6278171433042417,-0.6336610331674208,-8.52032470703125,24.163116455078125,19.666770935058594,83.95745086669922,1.6981420613104259,-0.6336610331674208,-8.267303466796875,24.038421630859375,19.29424285888672,83.94453430175781,1.5056101880798136,-1.0123693053952145,-9.922523498535156,23.387012481689453,19.510597229003906,83.98975372314453,3.899703565231274,-0.6336610331674208,-9.935638427734375,23.379749298095703,19.532752990722656,83.99272918701172,4.05071904494887,-0.9577394032052347,max_min_best,26
579,426102,2,0.7,initial,three_frequency_guided_swap_03,ae7f5c9a619b111d,-9.33345890045166,0.373077392578125,-9.33345890045166,-1.2434349060058594,0,1,0,0,7.035774230957031,2.3916473388671875,0.373077392578125,0.5,-7.844795227050781,27.847915649414062,20.80059814453125,83.8703842163086,0.9195071308982554,-1.0893850203962216,-7.281036376953125,28.31201934814453,20.798248291015625,83.81733703613281,0.7784508039687138,-1.0893850203962216,-7.035774230957031,27.674915313720703,20.373077392578125,83.82762145996094,0.6665407136215706,-1.2434348986822066,-8.442230224609375,27.391647338867188,20.807884216308594,83.86373901367188,0.9764804160311815,-1.0893850203962216,-8.422752380371094,27.659862518310547,20.76665496826172,83.85138702392578,1.343961400025674,-0.6676846858770631,pareto_knee,27
629,426102,2,0.8,initial,checker_balance,eb5b1b45fd087d3f,-19.127714157104492,0.10004425048828125,-19.127714157104492,-17.420438766479492,0,1,0,0,7.957733154296875,0.10004425048828125,2.6063385009765625,1.0763702392578125,-8.82696533203125,25.52813720703125,23.553451538085938,84.31427764892578,-7.4057440386715285,-17.031243983750898,-8.261672973632812,25.844085693359375,23.588661193847656,84.27357482910156,-7.169142771267478,-17.031243983750898,-7.957733154296875,25.261192321777344,22.606338500976562,84.2965316772461,-9.127714696269438,-17.42043952167291,-9.419906616210938,25.231914520263672,23.523910522460938,84.28965759277344,-7.807313124149601,-17.031243983750898,-9.410537719726562,25.10004425048828,23.596965789794922,84.28790283203125,-7.272203007299854,-17.345882293618182,pattern_best,28
623,426102,2,0.8,initial,parent_normalized,2607726f511761bf,-5.644930362701416,-0.2019195556640625,-5.644930362701416,-1.3339543342590332,0,0,0,0,8.367424011230469,-0.1596221923828125,-0.2019195556640625,0.5,-9.373146057128906,25.32282257080078,20.179161071777344,84.625,7.104962220923545,-0.7038884900709235,-8.665084838867188,25.756641387939453,20.226463317871094,84.57414245605469,5.972011193431178,-0.7038884900709235,-8.367424011230469,25.349395751953125,19.798080444335938,84.56855010986328,4.355069869682669,-1.3339543522110233,-10.128173828125,24.944046020507812,20.134490966796875,84.60978698730469,6.31715486526098,-0.7038884900709235,-10.104698181152344,24.840377807617188,20.204063415527344,84.60747528076172,5.315972270516407,0.018321051184194914,active_rl_best,29
621,426102,2,0.8,initial,failed_best_swap_01_3,ea43a0fe04b529f4,-6.816869735717773,-0.5630722045898438,-6.816869735717773,-0.9736320376396179,0,0,0,0,7.928153991699219,1.0222663879394531,-0.5630722045898438,0.5,-8.885101318359375,26.7259521484375,20.02081298828125,84.58447265625,4.149211448938568,-0.4456642807746469,-8.225753784179688,27.214500427246094,20.030906677246094,84.5341796875,3.183130336616684,-0.4456642807746469,-7.928153991699219,27.071083068847656,19.436927795410156,84.55607604980469,3.4461106693005044,0.4715254736559551,-9.580955505371094,26.30522918701172,20.009864807128906,84.5680160522461,5.169262207685814,-0.4456642807746469,-9.567413330078125,26.022266387939453,20.08478546142578,84.56938171386719,5.146571220098762,-0.9736320543430779,max_min_best,30
617,426102,2,0.8,initial,failed_best_swap_00_2,8f1d26a6ac24cebb,-13.543485641479492,-0.1688232421875,-13.543485641479492,-1.3339530229568481,0,0,0,0,8.223625183105469,0.2687644958496094,-0.1688232421875,0.5,-9.207038879394531,25.80466079711914,20.25157928466797,84.60181427001953,-3.2397584677814977,-0.7101366484141494,-8.517501831054688,26.265583038330078,20.281494140625,84.55123138427734,-3.3698855696370744,-0.7101366484141494,-8.223625183105469,25.813026428222656,19.8311767578125,84.54673767089844,-3.5434854071342174,-1.33395301585238,-9.940452575683594,25.401935577392578,20.22388458251953,84.58644104003906,-2.8918567272163282,-0.7101366484141494,-9.915191650390625,25.26876449584961,20.321853637695312,84.58428955078125,-2.9002495445577328,0.01832328366279512,pareto_knee,31
143,426104,2,0.5,initial,parent_normalized,3a3d58d62995bf7c,-2.957740306854248,0.5,-2.957740306854248,-0.09153337776660919,0,1,0,0,10.163337707519531,3.4230728149414062,3.6162757873535156,0.5,-10.3282470703125,29.274871826171875,23.637245178222656,82.27166748046875,9.213119846996056,0.9385595897957408,-10.180686950683594,29.079578399658203,23.616275787353516,82.2513656616211,8.541790002515203,0.9385595897957408,-10.163337707519531,28.423072814941406,24.00135040283203,82.26286315917969,8.533142133173326,0.17273108671784243,-10.3856201171875,29.48187255859375,23.651382446289062,82.25707244873047,7.504926688942767,0.9385595897957408,-10.566978454589844,28.965229034423828,24.034217834472656,82.26799011230469,7.042259580077246,-0.09153338078343509,pattern_best,32
140,426104,2,0.5,initial,failed_best_swap_01_2,92362a2997437583,-4.77476692199707,0.47753143310546875,-4.77476692199707,0.9871476888656616,0,1,0,0,9.232315063476562,1.1549034118652344,2.1815032958984375,0.47753143310546875,-9.263900756835938,26.841171264648438,22.277114868164062,82.02900695800781,6.815563500162782,1.0,-9.232315063476562,26.863216400146484,22.31780242919922,82.00047302246094,6.56407134024291,1.0,-9.366561889648438,26.69659423828125,22.640304565429688,82.00686645507812,5.5444167802352755,0.9871476706713486,-9.313194274902344,26.779010772705078,22.239646911621094,82.02032470703125,6.044429493475947,1.0,-9.346206665039062,26.154903411865234,22.181503295898438,82.00119018554688,5.225233095970392,0.9889925931020122,active_rl_best,33
128,426104,2,0.5,initial,three_frequency_guided_swap_00,e9e070d4e8ecf928,-5.510674953460693,0.5,-5.510674953460693,-0.09153240919113159,0,1,0,0,10.27337646484375,3.118274688720703,3.3216819763183594,0.5,-10.382804870605469,29.107177734375,23.32654571533203,82.25170135498047,4.717799596074193,0.9423517973629956,-10.355979919433594,28.79314422607422,23.32266616821289,82.23287963867188,4.71063734035936,0.9423517973629956,-10.367988586425781,28.118274688720703,23.562347412109375,82.24525451660156,4.500961820207777,0.17273371786273017,-10.444114685058594,29.445964813232422,23.32168197631836,82.2463150024414,4.489325102869706,0.9423517973629956,-10.27337646484375,29.265544891357422,23.717849731445312,82.25306701660156,4.740244090197162,-0.09153240845797228,max_min_best,34
129,426104,2,0.5,initial,three_frequency_guided_swap_01,2bdcd8694f3a29ed,-5.807797908782959,0.5,-5.333568572998047,-5.807797908782959,0,1,0,0,10.206985473632812,2.0907669067382812,2.6659088134765625,0.5,-10.232368469238281,27.979206085205078,22.673233032226562,82.24964904785156,4.9047546856204445,-5.463351777356976,-10.206985473632812,27.703857421875,22.668930053710938,82.22966003417969,4.898442942901085,-5.463351777356976,-10.214881896972656,27.09076690673828,22.96750259399414,82.24341583251953,4.678169824523585,-5.80779798652145,-10.285079956054688,28.274208068847656,22.665908813476562,82.23834991455078,4.66643128964251,-5.463351777356976,-10.363021850585938,28.2445068359375,23.04886245727539,82.2540283203125,4.9178450790571056,-5.200607957270837,pareto_knee,35
165,426104,2,0.6,initial,three_frequency_guided_swap_05,682cb28355024ff2,-41.14733123779297,1.4162750244140625,-41.14733123779297,-33.4650993347168,0,1,0,0,9.369514465332031,1.9024620056152344,3.410938262939453,1.4162750244140625,-9.909454345703125,27.5887451171875,23.80420684814453,82.9783706665039,-30.496576024843087,-33.465099590702,-9.5782470703125,27.682575225830078,23.866226196289062,82.9451675415039,-29.83836915769985,-33.465099590702,-9.572998046875,27.69969940185547,23.65340805053711,82.95294189453125,-26.850764925728182,-30.70469139518459,-9.565162658691406,27.511188507080078,23.698307037353516,82.94688415527344,-31.14733242574917,-33.465099590702,-9.369514465332031,26.902462005615234,23.410938262939453,82.93921661376953,-29.292322247255104,-31.047049077619313,pattern_best,36
175,426104,2,0.6,initial,parent_normalized,681a90e36c635290,-4.539766311645508,0.07487869262695312,-4.539766311645508,-1.2144030332565308,0,1,0,0,9.422203063964844,0.07487869262695312,2.4611129760742188,0.5,-10.000259399414062,25.349079132080078,22.65160369873047,83.18418884277344,7.3773123474673294,-1.2144030593102215,-10.064323425292969,25.326961517333984,22.679763793945312,83.15665435791016,7.677649461083266,-1.2144030593102215,-10.046463012695312,25.253280639648438,22.49166488647461,83.1661148071289,7.535384945420576,-0.7922218644017889,-9.627670288085938,25.383182525634766,22.58115005493164,83.14734649658203,5.4602338962999495,-1.2144030593102215,-9.422203063964844,25.074878692626953,22.46111297607422,83.14527893066406,5.500408927555633,-1.104702603997481,active_rl_best,37
161,426104,2,0.6,initial,three_frequency_guided_swap_01,73041acf0803a385,-6.9546027183532715,0.5,-6.9546027183532715,-4.722277641296387,0,1,0,0,9.085853576660156,1.3361091613769531,3.070537567138672,0.5,-9.621223449707031,26.61333465576172,23.27130126953125,83.12548828125,6.066237508664805,-4.722277653962138,-9.961830139160156,26.55957794189453,23.336036682128906,83.0977554321289,6.093809485484506,-4.722277653962138,-9.924407958984375,26.44239044189453,23.135929107666016,83.1094970703125,6.475942846712782,-4.680721206954068,-9.276092529296875,26.683673858642578,23.222537994384766,83.0886001586914,3.735713493312938,-4.722277653962138,-9.085853576660156,26.336109161376953,23.070537567138672,83.08416748046875,3.045397419210442,-4.227825641324831,max_min_best,38
172,426104,2,0.6,initial,failed_best_swap_01_2,26c7316c73ff018a,-8.909822463989258,1.3459243774414062,-8.909822463989258,0.2984655499458313,0,1,0,0,8.766242980957031,4.138145446777344,3.1141700744628906,1.3459243774414062,-8.825302124023438,29.944793701171875,23.262680053710938,82.9033203125,1.6402275852114006,1.0,-8.766242980957031,29.762039184570312,23.341590881347656,82.86886596679688,1.3433369296351065,1.0,-8.846763610839844,29.138145446777344,23.175613403320312,82.8868179321289,1.2651296650544162,0.7600925739160687,-8.863662719726562,30.142967224121094,23.178382873535156,82.87332153320312,1.4627870555334712,1.0,-8.910568237304688,29.220142364501953,23.11417007446289,82.88705444335938,1.0901771090342454,0.29846556058562257,pareto_knee,39
205,426104,2,0.7,initial,failed_best_swap_01_3,448d81f48b75bb47,-23.62869644165039,1.4999991655349731,-23.62869644165039,-20.248605728149414,0,1,0,0,9.140411376953125,1.71661376953125,5.702083587646484,1.4999991655349731,-9.801719665527344,26.887069702148438,26.002643585205078,83.7544174194336,-10.80257906155438,-18.77958176607548,-9.227195739746094,26.9210205078125,26.06395721435547,83.72654724121094,-10.264530318394176,-18.77958176607548,-9.140411376953125,26.758644104003906,25.866291046142578,83.73394775390625,-7.217328215104145,-16.440195161234847,-10.318588256835938,26.883522033691406,25.967041015625,83.71878814697266,-11.042013052008864,-18.77958176607548,-10.116928100585938,26.71661376953125,25.702083587646484,83.71478271484375,-13.62869657044228,-20.24860626654479,pattern_best,40
207,426104,2,0.7,initial,parent_normalized,4cefacb42bc11a25,-3.9377777576446533,0.5,-3.9377777576446533,1.0,0,1,0,0,11.026725769042969,4.469486236572266,4.015068054199219,0.5,-11.81488037109375,30.443042755126953,24.305461883544922,83.66249084472656,6.834897848645064,1.0,-11.11187744140625,30.142723083496094,24.41376495361328,83.65080261230469,7.7355337964115805,1.0,-11.026725769042969,29.469486236572266,24.438262939453125,83.67239379882812,7.31729190475661,1.0057642001875322,-11.823753356933594,30.775135040283203,24.11803436279297,83.64089965820312,6.062222208521312,1.0,-11.812789916992188,30.74304962158203,24.01506805419922,83.65314483642578,6.616007350368731,1.0046782385003998,active_rl_best,41
219,426104,2,0.7,alternating,three_frequency_guided_swap_03,9e17b3b76211d948,-8.076236724853516,0.5,-8.076236724853516,1.0,0,1,0,0,7.921257019042969,5.931781768798828,4.096588134765625,0.5,-8.373161315917969,31.420787811279297,24.284358978271484,82.9966812133789,2.7311422741248426,1.0,-7.93756103515625,31.354385375976562,24.096588134765625,82.97581481933594,1.9365640572254126,1.0,-7.921257019042969,30.931781768798828,24.150272369384766,82.97469329833984,1.9237635216749884,1.006234145989592,-8.825057983398438,31.40292739868164,24.466224670410156,82.96089172363281,3.790071452217731,1.0,-9.068489074707031,31.250423431396484,24.466400146484375,82.96879577636719,4.7159971129559555,1.0054863116100703,max_min_best,42
192,426104,2,0.7,initial,three_frequency_guided_swap_00,da8df21272916be3,-8.955763816833496,0.5,-8.955763816833496,-4.6224236488342285,0,1,0,0,11.04644775390625,3.6408767700195312,4.415519714355469,0.5,-11.876899719238281,29.413658142089844,24.70362091064453,83.67049407958984,2.5883303087922105,-4.2493733046794375,-11.125465393066406,29.200641632080078,24.744529724121094,83.65733337402344,1.5250703537396886,-4.2493733046794375,-11.04644775390625,28.64087677001953,24.41551971435547,83.67655944824219,1.04423603671602,-4.622423525369605,-11.928291320800781,29.659385681152344,24.656394958496094,83.6421890258789,4.286922273237847,-4.2493733046794375,-11.911445617675781,29.605266571044922,24.595428466796875,83.65746307373047,5.023514830465273,-3.9710151840595245,pareto_knee,43
235,426104,2,0.8,initial,failed_best_swap_01_1,de488361b9eda330,-9.780508041381836,1.4999991655349731,-9.780508041381836,-1.8924829959869385,0,1,0,0,10.646949768066406,2.749847412109375,5.577423095703125,1.4999991655349731,-10.954856872558594,28.463768005371094,25.89202117919922,84.31976318359375,0.943399596200206,-1.2769140646188717,-10.702529907226562,28.35525131225586,26.05795669555664,84.29472351074219,1.9163437550313045,-1.2769140646188717,-10.646949768066406,28.22565460205078,26.36150360107422,84.29759979248047,1.664050517686663,-1.4424823835749088,-10.941085815429688,28.547252655029297,25.7095947265625,84.28111267089844,0.2194920474196374,-1.2769140646188717,-11.150665283203125,27.749847412109375,25.577423095703125,84.28844451904297,0.8465006388910395,-1.8924829631512274,pattern_best,44
239,426104,2,0.8,initial,parent_normalized,c4d061c2d105b23a,-3.880476236343384,0.5,-3.880476236343384,1.0,0,1,0,0,11.6097412109375,3.5434226989746094,5.027675628662109,0.5,-12.444190979003906,29.190475463867188,25.049072265625,84.37249755859375,7.55849645830118,1.0,-11.615646362304688,29.0318603515625,25.075218200683594,84.35365295410156,6.978824002029612,1.0,-11.6097412109375,28.54342269897461,25.05148696899414,84.35845947265625,7.159264582816896,1.0060132117495522,-12.997245788574219,29.37017822265625,25.02767562866211,84.33109283447266,6.272586392814981,1.0,-12.7841796875,29.105682373046875,25.170955657958984,84.34600067138672,6.119523767825613,1.002872364369651,active_rl_best,45
252,426104,2,0.8,alternating,three_frequency_guided_swap_04,9a57396c2ce23173,-4.125208854675293,0.5,-4.125208854675293,1.0,0,1,0,0,8.893310546875,6.668739318847656,3.8375587463378906,0.5,-9.470230102539062,32.50290298461914,24.042007446289062,83.80593872070312,6.866164426200969,1.0,-8.955726623535156,32.53655242919922,23.83755874633789,83.78703308105469,5.874791234155739,1.0,-8.893310546875,31.709129333496094,23.84149932861328,83.77989196777344,6.5322817933544535,1.0111855316267726,-9.367294311523438,32.39191436767578,24.236068725585938,83.78268432617188,6.099190844679568,1.0,-9.047218322753906,31.668739318847656,24.203758239746094,83.79121398925781,6.308156092612903,1.0060133235423032,max_min_best,46
233,426104,2,0.8,initial,failed_best_swap_00_2,2a32ace5bd4b2314,-7.189849853515625,0.5,-7.189849853515625,1.0,0,1,0,0,11.420822143554688,3.98504638671875,5.3432769775390625,0.5,-12.236625671386719,29.657817840576172,25.348140716552734,84.34757232666016,3.6647253832605307,1.0,-11.430709838867188,29.54596710205078,25.35301971435547,84.32781219482422,4.806366127989139,1.0,-11.420822143554688,28.98504638671875,25.343276977539062,84.3324203491211,4.765695572339099,1.0065931136529154,-13.065132141113281,29.79046630859375,25.34528350830078,84.30473327636719,2.8101500446054923,1.0,-12.633590698242188,29.533706665039062,25.519866943359375,84.3193359375,3.3921913159323753,1.0019198378490666,pareto_knee,47
651,426105,2,0.5,initial,failed_best_swap_01_1,29e6ca2186459914,-13.622727394104004,-1.3862152099609375,-13.622727394104004,1.0,0,0,0,0,8.968681335449219,-0.6753692626953125,2.687469482421875,-1.3862152099609375,-9.347213745117188,24.566852569580078,22.859127044677734,82.33840942382812,-2.5062674691657754,1.0,-9.322181701660156,24.46483612060547,22.900379180908203,82.30909729003906,-1.830051894649125,1.0,-9.390960693359375,24.324630737304688,22.687469482421875,82.31977844238281,-1.8760766350639595,1.0030041528907314,-9.107124328613281,24.68877410888672,22.812862396240234,82.32819366455078,-2.971579519773961,1.0,-8.968681335449219,25.03050994873047,22.764842987060547,82.31849670410156,-3.6227275610511485,1.0146398266143357,pattern_best,48
640,426105,2,0.5,initial,three_frequency_guided_swap_00,34860bf056b500d6,-2.3403823375701904,-1.6676788330078125,-2.3403823375701904,0.9991097450256348,0,0,0,0,8.456954956054688,4.889579772949219,3.7774810791015625,-1.6676788330078125,-8.969520568847656,30.5723876953125,23.8524169921875,82.09136199951172,8.923596203464362,1.0,-8.456954956054688,31.00824737548828,23.777481079101562,82.04335021972656,8.05772570864774,1.0,-8.490150451660156,31.816261291503906,23.81601333618164,82.02763366699219,7.659617760697692,0.9991097448886505,-9.491310119628906,30.045944213867188,23.923267364501953,82.07177734375,8.046266288378149,1.0,-9.461906433105469,29.88957977294922,23.799179077148438,82.08274841308594,8.259477654828505,1.0087930116723942,active_rl_best,49
655,426105,2,0.5,initial,parent_normalized,ce16e8dddeca0e89,-2.3957948684692383,-1.6292266845703125,-2.3957948684692383,1.0,0,0,0,0,8.715591430664062,4.655277252197266,4.059719085693359,-1.6292266845703125,-9.245933532714844,30.25336456298828,24.392635345458984,82.12645721435547,9.315086720143327,1.0,-8.715591430664062,30.615463256835938,24.331287384033203,82.08042907714844,7.887457922865685,1.0,-8.755744934082031,31.02145004272461,24.30567169189453,82.06608581542969,7.604205153218745,1.0003236412469008,-9.771522521972656,29.93084716796875,24.130626678466797,82.10480499267578,8.624890896835131,1.0,-9.667236328125,29.655277252197266,24.05971908569336,82.11982727050781,8.314094883899658,1.005855996740121,max_min_best,50
648,426105,2,0.5,initial,failed_best_swap_00_1,9d85fa2dba0fd319,-8.003755569458008,-1.6343841552734375,-8.003755569458008,1.0,0,0,0,0,8.765304565429688,3.3976898193359375,4.357349395751953,-1.6343841552734375,-9.304046630859375,29.03057098388672,24.47724151611328,82.12340545654297,2.813984408979475,1.0,-8.765304565429688,29.446285247802734,24.397384643554688,82.07675170898438,3.9364679930909925,1.0,-8.79766845703125,29.839637756347656,24.357349395751953,82.06092834472656,3.7842908016725025,1.0003778278850841,-9.855720520019531,28.669269561767578,24.552459716796875,82.1023178100586,2.043395895981533,1.0,-9.8431396484375,28.397689819335938,24.460731506347656,82.1180419921875,1.9962447812269215,1.0084012459955365,pareto_knee,51
697,426105,2,0.6,alternating,three_frequency_guided_swap_01,6e66463741eb1b2f,-16.704566955566406,-0.6522140502929688,-16.704566955566406,-1.8215266466140747,0,0,0,0,7.4138946533203125,0.9541511535644531,2.5058822631835938,-0.6522140502929688,-7.852325439453125,26.263263702392578,22.716812133789062,83.10954284667969,-6.521607388236959,-1.5922403290333804,-7.4138946533203125,26.59912872314453,22.83245849609375,83.06135559082031,-6.704566529811346,-1.5922403290333804,-7.451934814453125,27.1212158203125,23.215499877929688,83.04309844970703,-6.678708739821007,-1.672005589265133,-8.298873901367188,25.954151153564453,22.62474822998047,83.09424591064453,-6.250002481012258,-1.5922403290333804,-8.391838073730469,26.076339721679688,22.505882263183594,83.09457397460938,-5.808953477849323,-1.8215266860311665,pattern_best,52
672,426105,2,0.6,initial,three_frequency_guided_swap_00,0ec56d9e614b3032,-5.220951557159424,-0.670257568359375,-5.220951557159424,1.0,0,0,0,0,8.034980773925781,2.0807952880859375,3.9852828979492188,-0.670257568359375,-8.524093627929688,27.419235229492188,24.088787078857422,83.08692169189453,6.805540296843735,1.0,-8.034980773925781,27.809303283691406,24.204017639160156,83.0401611328125,5.686511570396347,1.0,-8.098472595214844,28.399574279785156,24.554473876953125,83.02505493164062,4.779048639957232,1.0000529832763185,-9.023780822753906,27.080795288085938,24.007774353027344,83.06847381591797,6.661411936772162,1.0,-9.08563232421875,27.3431396484375,23.98528289794922,83.06045532226562,7.040884248578232,1.0025797780113541,active_rl_best,53
687,426105,2,0.6,initial,parent_normalized,8e373a2d63cf10e4,-5.283613204956055,-0.69940185546875,-5.283613204956055,0.9978042244911194,0,0,0,0,8.028099060058594,3.450603485107422,4.661415100097656,-0.69940185546875,-8.516311645507812,28.863506317138672,24.71385955810547,83.06243896484375,6.7730172361483145,1.0,-8.028099060058594,29.255706787109375,24.661415100097656,83.01522827148438,5.6457928707198635,1.0,-8.092559814453125,29.646690368652344,24.80358123779297,82.99591064453125,4.716386906888257,0.9978042402386476,-9.015098571777344,28.450603485107422,24.778217315673828,83.04438781738281,7.018993159938959,1.0,-9.07861328125,28.823444366455078,24.825824737548828,83.03436279296875,7.4567371646678335,0.9999725556793402,max_min_best,54
681,426105,2,0.6,initial,failed_best_swap_00_2,d99bccd4a2561598,-9.75574779510498,-0.77349853515625,-9.75574779510498,0.9993299245834351,0,0,0,0,7.821990966796875,4.6750335693359375,3.623870849609375,-0.77349853515625,-8.309410095214844,29.86206817626953,23.668655395507812,82.99348449707031,0.9816458463252853,1.0,-7.821990966796875,29.675033569335938,23.623870849609375,82.94161987304688,0.24425247156315083,1.0,-7.890655517578125,30.36279296875,23.78685760498047,82.92181396484375,0.8326005403541297,0.9993299507450543,-8.809028625488281,30.04901123046875,23.716835021972656,82.98016357421875,1.8790400646706131,1.0,-8.860862731933594,29.906314849853516,23.776695251464844,82.9740219116211,1.5751175747647777,1.0026331741736065,pareto_knee,55
712,426105,2,0.7,initial,failed_best_swap_00_1,97447d2584127c72,-9.730559349060059,0.0743255615234375,-9.730559349060059,1.0,0,1,0,0,8.733238220214844,1.3576126098632812,3.4253463745117188,0.0743255615234375,-9.274627685546875,26.498611450195312,23.48204803466797,83.82127380371094,0.7510477359883311,1.0,-8.733238220214844,26.65991973876953,23.555908203125,83.78421783447266,0.26944065863122435,1.0,-8.763145446777344,27.190460205078125,23.75042724609375,83.76963806152344,0.5450475081627424,1.0004021990194178,-9.835845947265625,26.35761260986328,23.42534637451172,83.79483032226562,1.5733309542710838,1.0,-9.915374755859375,26.593894958496094,23.489459991455078,83.783447265625,1.1527332924285623,1.0023940310970987,pattern_best,56
719,426105,2,0.7,initial,parent_normalized,d128f00d88494f74,-3.706740140914917,0.06383514404296875,-3.706740140914917,0.9993882179260254,0,1,0,0,8.811553955078125,2.7185440063476562,4.1166534423828125,0.06383514404296875,-9.357887268066406,27.872772216796875,24.15694808959961,83.80903625488281,7.223258483780613,1.0,-8.811553955078125,28.04688262939453,24.214492797851562,83.77197265625,6.911138686767942,1.0,-8.842140197753906,28.681232452392578,24.51312255859375,83.75914764404297,6.973166728779056,1.0000682309519238,-9.924545288085938,27.718544006347656,24.116653442382812,83.78256225585938,6.494998036850312,1.0,-9.999702453613281,28.047752380371094,24.217235565185547,83.7691421508789,6.293259873157911,0.9993882436923401,active_rl_best,57
704,426105,2,0.7,initial,three_frequency_guided_swap_00,ec5170f8d349e0c0,-7.121770858764648,0.05052947998046875,-7.121770858764648,0.9996099472045898,0,1,0,0,8.7130126953125,3.3438949584960938,4.373191833496094,0.05052947998046875,-9.248199462890625,28.46776580810547,24.40619659423828,83.79314422607422,3.541348976239604,1.0,-8.7130126953125,28.60787582397461,24.45578384399414,83.75721740722656,4.403827388127882,1.0,-8.7498779296875,29.20690155029297,24.740203857421875,83.74584197998047,4.1385516081074085,1.0005743106392704,-9.802818298339844,28.343894958496094,24.373191833496094,83.7656478881836,2.9124038911731494,1.0,-9.81683349609375,28.756816864013672,24.49600601196289,83.7504653930664,2.878229190994021,0.9996099669701561,max_min_best,58
716,426105,2,0.7,initial,failed_best_swap_01_2,069b7feebbcf80fe,-7.432666301727295,-0.1026763916015625,-7.432666301727295,0.09265139698982239,0,0,0,0,9.08758544921875,1.3968582153320312,2.3830337524414062,-0.1026763916015625,-9.779052734375,26.91588592529297,22.686771392822266,83.64016723632812,3.221221700676517,1.0,-9.08758544921875,26.95276641845703,22.63939666748047,83.59263610839844,4.25504247415259,1.0,-9.1322021484375,26.39685821533203,22.383033752441406,83.61285400390625,3.73968103762024,0.09265139426573654,-10.4945068359375,26.863845825195312,22.724292755126953,83.62203979492188,2.567333609846931,1.0,-10.64306640625,26.5128173828125,22.677703857421875,83.60882568359375,2.9394798428215942,1.000936144236102,pareto_knee,59
751,426105,2,0.8,initial,parent_normalized,92cd0e1df36d65bd,-4.925300598144531,0.5,-4.925300598144531,0.9928393959999084,0,1,0,0,10.2869873046875,4.178855895996094,5.025554656982422,0.5,-11.025230407714844,29.436634063720703,25.060813903808594,84.2709732055664,6.3874364810424975,1.0,-10.2869873046875,29.178855895996094,25.026477813720703,84.24614715576172,5.454096895887977,1.0,-10.298614501953125,29.479137420654297,25.025554656982422,84.22824096679688,5.074699251187511,0.9928394112954885,-10.865531921386719,29.718307495117188,25.10613250732422,84.26229858398438,6.150730265189706,1.0,-10.743690490722656,30.23363494873047,25.42290496826172,84.25010681152344,5.964013519860617,1.0051387819173354,pattern_best,60
766,426105,2,0.8,alternating,three_frequency_guided_swap_06,fb0b81a4c1418468,-5.956416130065918,-0.207763671875,-5.956416130065918,0.5876060724258423,0,0,0,0,6.810173034667969,5.806819915771484,3.6699600219726562,-0.207763671875,-7.172630310058594,31.180553436279297,24.08802032470703,83.5284423828125,5.420176375391823,0.9772468508457806,-7.4743499755859375,31.176101684570312,23.805259704589844,83.487548828125,4.656231210401549,0.9772468508457806,-7.446136474609375,30.806819915771484,23.669960021972656,83.4879379272461,4.043584049703072,0.6854617093878446,-6.894187927246094,31.10027313232422,24.364723205566406,83.53348541259766,6.772360900140692,0.9772468508457806,-6.810173034667969,31.99074935913086,24.882991790771484,83.5196304321289,6.211122093053576,0.5876060722397405,active_rl_best,61
760,426105,2,0.8,alternating,three_frequency_guided_swap_00,47406f3927b0fb56,-6.298673629760742,-0.18218994140625,-6.298673629760742,-1.7792932987213135,0,0,0,0,6.900260925292969,4.969268798828125,4.093727111816406,-0.18218994140625,-7.265083312988281,30.258708953857422,24.5006103515625,83.55628967285156,4.778780633571688,-1.6607139026361324,-7.569496154785156,30.279560089111328,24.22565460205078,83.51312255859375,3.7013263401952083,-1.6607139026361324,-7.546043395996094,29.969268798828125,24.093727111816406,83.5140609741211,4.187851886630206,-1.6371681802910558,-6.980964660644531,30.16263198852539,24.76507568359375,83.5605239868164,6.177499371385872,-1.6607139026361324,-6.900260925292969,30.890277862548828,25.329139709472656,83.54939270019531,6.295166158791324,-1.779293293706612,max_min_best,62
748,426105,2,0.8,initial,failed_best_swap_01_2,9e3472cc66d1031e,-9.436132431030273,0.5,-9.436132431030273,0.9945967197418213,0,1,0,0,10.408477783203125,1.1490325927734375,3.0441436767578125,0.5,-11.098823547363281,26.314910888671875,23.129791259765625,84.36415100097656,0.9331736025061395,1.0,-10.421783447265625,26.149032592773438,23.134597778320312,84.33935546875,0.5638678854082375,1.0,-10.408477783203125,26.320629119873047,23.044143676757812,84.31935119628906,1.0607098291075077,0.9945967347500448,-10.770195007324219,26.500324249267578,23.13573455810547,84.35916900634766,1.2188727116822111,1.0,-10.621978759765625,26.767059326171875,23.2677001953125,84.34391784667969,0.8262570646262795,1.002335464598827,pareto_knee,63
0,426106,2,0.5,initial,three_frequency_guided_swap_00,bf9edcf34b7d41f0,-7.585449695587158,0.738189697265625,-7.585449695587158,0.9936219453811646,0,1,0,0,9.481842041015625,5.213325500488281,2.458709716796875,0.738189697265625,-9.528129577636719,31.008941650390625,22.51105499267578,82.52342987060547,3.942941681993621,1.0,-9.518783569335938,31.017959594726562,22.534461975097656,82.5253677368164,2.8519060013287407,1.0,-9.592514038085938,30.21332550048828,22.846572875976562,82.50837707519531,2.414550189480527,0.9995858371949261,-9.57562255859375,30.988861083984375,22.458709716796875,82.47557830810547,4.9096465980133654,1.0,-9.481842041015625,31.008441925048828,22.770286560058594,82.470703125,5.272692678416546,0.9936219671501074,pattern_best,64
15,426106,2,0.5,initial,parent_normalized,e8e44726e4566270,-1.7475824356079102,0.7350234985351562,-1.7475824356079102,0.9930509924888611,0,1,0,0,9.434310913085938,3.7904891967773438,3.3665618896484375,0.7350234985351562,-9.478805541992188,28.886703491210938,23.416099548339844,82.5203857421875,9.312197275872437,1.0,-9.4656982421875,28.89466094970703,23.43340301513672,82.52206420898438,8.58648893899459,1.0,-9.541969299316406,28.790489196777344,23.53736114501953,82.50210571289062,9.281765382032424,1.001476233025246,-9.5301513671875,28.866165161132812,23.366561889648438,82.472900390625,8.520769050556595,1.0,-9.434310913085938,29.031517028808594,23.603233337402344,82.46753692626953,8.2524175113283,0.9930509867744283,active_rl_best,65
8,426106,2,0.5,initial,failed_best_swap_00_1,c17c009c0c5750dc,-4.715364456176758,0.679412841796875,-4.715364456176758,0.9282074570655823,0,1,0,0,9.556205749511719,2.953857421875,2.502777099609375,0.679412841796875,-9.588249206542969,28.11162567138672,22.727863311767578,82.4649429321289,5.518585839151714,0.9282074591145673,-9.565299987792969,28.086517333984375,22.743629455566406,82.46714782714844,5.94219930138569,0.9282074591145673,-9.644874572753906,27.953857421875,22.502777099609375,82.44677734375,5.526287579934795,1.001624345443726,-9.65045166015625,28.11542510986328,22.678062438964844,82.4167709350586,5.284635437936622,0.9282074591145673,-9.556205749511719,28.549030303955078,22.63934326171875,82.41192626953125,5.68480262577606,0.9930982142056247,max_min_best,66
25,426106,2,0.5,alternating,three_frequency_guided_swap_01,5d3abf109ff469cc,-5.485593795776367,-0.17058563232421875,-5.485593795776367,-1.5970208644866943,0,0,0,0,9.201141357421875,3.6106719970703125,-0.17058563232421875,0.2942962646484375,-9.23431396484375,29.314613342285156,19.953475952148438,82.07020568847656,5.621780800096371,-1.5294254093611457,-9.201141357421875,29.313762664794922,19.958518981933594,82.07122802734375,4.8258366582272,-1.5294254093611457,-9.298210144042969,28.610671997070312,19.82941436767578,82.06170654296875,4.514406097861748,-1.4952797512382006,-9.308837890625,29.34502410888672,19.93848419189453,82.02680969238281,5.70091992473288,-1.5294254093611457,-9.260543823242188,29.571571350097656,19.94122314453125,82.02888488769531,5.398437267580939,-1.5970208668788821,pareto_knee,67
44,426106,2,0.6,initial,failed_best_swap_01_2,3dcf053ee9c36707,-3.608599901199341,1.290953516960144,-3.608599901199341,0.11507225036621094,0,1,0,0,9.274261474609375,1.4473152160644531,1.8359603881835938,1.290953516960144,-9.672050476074219,26.5303955078125,22.10222625732422,83.26607513427734,8.991649190360294,0.5457720294815225,-9.612190246582031,26.447315216064453,22.117835998535156,83.25836944580078,8.62897294219792,0.5457720294815225,-9.274261474609375,26.509368896484375,22.03668212890625,83.23657989501953,8.800329398412137,0.17479215688732808,-9.732460021972656,26.617660522460938,22.08551025390625,83.22777557373047,6.896747484584944,0.5457720294815225,-9.807159423828125,26.618717193603516,21.835960388183594,83.213623046875,6.391400056057851,0.11507224976019259,pattern_best,68
47,426106,2,0.6,initial,parent_normalized,d8421abd12ef25b0,-4.597251892089844,1.1353912353515625,-4.597251892089844,0.6837880611419678,0,1,0,0,10.914543151855469,2.3028106689453125,2.1805496215820312,1.1353912353515625,-10.941703796386719,27.509902954101562,22.46746826171875,82.90752410888672,6.914845872745867,0.9760394577145668,-10.969314575195312,27.437583923339844,22.46955108642578,82.89987182617188,5.640803293584745,0.9760394577145668,-10.995574951171875,27.302810668945312,22.18054962158203,82.88356018066406,5.402747992994884,0.7623572707245394,-10.914543151855469,27.55583953857422,22.463802337646484,82.86790466308594,8.181988344054297,0.9760394577145668,-10.922119140625,27.708763122558594,22.30768585205078,82.87965393066406,7.6285890500002465,0.6837880631239166,active_rl_best,69
33,426106,2,0.6,initial,three_frequency_guided_swap_01,bf4165f9c10e214b,-6.5483574867248535,1.0223770141601562,-6.5483574867248535,-0.8633323311805725,0,1,0,0,11.021240234375,2.7429847717285156,1.0223770141601562,1.095733642578125,-11.021240234375,28.70852279663086,21.089385986328125,82.86756896972656,4.034435621830175,-0.6872892776212609,-11.065528869628906,28.467716217041016,21.124534606933594,82.85943603515625,3.54596820642941,-0.6872892776212609,-11.089134216308594,27.742984771728516,21.022377014160156,82.8409194946289,3.4972612678705723,-0.8633323035985612,-11.034103393554688,28.943363189697266,21.045936584472656,82.8282470703125,3.629384290790669,-0.6872892776212609,-11.025199890136719,29.159801483154297,21.312835693359375,82.8384017944336,3.4516424379809045,-0.44307116853136463,max_min_best,70
32,426106,2,0.6,initial,three_frequency_guided_swap_00,5c04de6c0c9a4171,-6.727322578430176,1.1066741943359375,-6.727322578430176,-0.6660836935043335,0,1,0,0,11.130050659179688,2.0468711853027344,1.6682815551757812,1.1066741943359375,-11.14007568359375,27.951461791992188,21.777854919433594,82.87931823730469,3.809174286858599,-0.666083675516159,-11.183609008789062,27.709075927734375,21.82898712158203,82.87199401855469,3.306190012767712,-0.666083675516159,-11.206306457519531,27.046871185302734,21.66828155517578,82.85079193115234,3.2726772059192806,-0.5282255822955406,-11.138923645019531,28.188350677490234,21.71611785888672,82.83918762207031,4.25836411077836,-0.666083675516159,-11.130050659179688,28.36925506591797,21.938682556152344,82.85124969482422,3.904827476024652,-0.44307149681227287,pareto_knee,71
79,426106,2,0.7,initial,parent_normalized,01417de65958c596,-1.619744062423706,1.290953516960144,-1.619744062423706,0.48933637142181396,0,1,0,0,10.716018676757812,2.670806884765625,3.7836761474609375,1.290953516960144,-10.85992431640625,28.023719787597656,23.82440948486328,84.05257415771484,9.864181212039236,0.9003606743626555,-10.840225219726562,28.049945831298828,23.842388153076172,84.05671691894531,9.61023192331603,0.9003606743626555,-10.927970886230469,27.670806884765625,24.457046508789062,84.04693603515625,9.684677403077531,1.0020898002914729,-10.913253784179688,27.956424713134766,23.783676147460938,84.00414276123047,8.380255951520915,0.9003606743626555,-10.716018676757812,27.872394561767578,23.802276611328125,83.98924255371094,8.67887848701877,0.4893363661169978,pattern_best,72
64,426106,2,0.7,initial,three_frequency_guided_swap_00,74629f5586b01950,-4.247190952301025,1.290953516960144,-4.247190952301025,-1.1777989864349365,0,1,0,0,10.665275573730469,3.5929641723632812,4.080757141113281,1.290953516960144,-10.795738220214844,29.06523895263672,24.127334594726562,84.06057739257812,6.3839429848522835,-0.4815028666155605,-10.7763671875,29.06403350830078,24.154537200927734,84.06391906738281,6.3206560963647345,-0.4815028666155605,-10.853607177734375,28.59296417236328,24.795150756835938,84.05282592773438,6.317075882502809,-0.13434929944629914,-10.848724365234375,28.979568481445312,24.08075714111328,84.01298522949219,6.7738516346622655,-0.4815028666155605,-10.665275573730469,28.723190307617188,24.09441375732422,83.9993667602539,5.7528090595519075,-1.1777990428277363,active_rl_best,73
66,426106,2,0.7,initial,three_frequency_guided_swap_02,9c7350e8d5ec18ec,-6.012023448944092,1.290953516960144,-6.012023448944092,-1.1777992248535156,0,1,0,0,10.681968688964844,2.4207305908203125,3.988494873046875,1.290953516960144,-10.803001403808594,27.880233764648438,24.121200561523438,84.04557800292969,5.4411082894590965,-0.48101383865361313,-10.770256042480469,27.820335388183594,24.143321990966797,84.04878234863281,5.3231953245436925,-0.48101383865361313,-10.836814880371094,27.420730590820312,23.988494873046875,84.03941345214844,5.388712244421066,-0.09566742229352343,-10.850616455078125,27.953025817871094,24.079273223876953,83.99800109863281,5.428551894534389,-0.48101383865361313,-10.681968688964844,27.490631103515625,24.12158203125,83.9854736328125,3.9879763375444313,-1.177799277964425,max_min_best,74
65,426106,2,0.7,initial,three_frequency_guided_swap_01,72c16d3bec5e689c,-6.366069316864014,1.290953516960144,-6.366069316864014,-1.1777993440628052,0,1,0,0,10.65570068359375,2.6493568420410156,4.022834777832031,1.290953516960144,-10.778511047363281,28.125,24.066692352294922,84.04320526123047,5.011137014819109,-0.48150771316443297,-10.759910583496094,28.068328857421875,24.09008026123047,84.04656982421875,4.878501141105927,-0.48150771316443297,-10.847221374511719,27.649356842041016,24.702136993408203,84.03567504882812,4.936331384623915,-0.13434964181816156,-10.83038330078125,28.118118286132812,24.02283477783203,83.99542999267578,5.023783252661589,-0.48150771316443297,-10.65570068359375,27.7889404296875,24.02853012084961,83.98062896728516,3.633930571283577,-1.1777993187586873,pareto_knee,75
111,426106,2,0.8,initial,parent_normalized,95201fd9cb257857,-4.344552040100098,1.290953516960144,-4.344552040100098,-0.7522957921028137,0,1,0,0,11.355484008789062,5.076946258544922,2.46148681640625,1.290953516960144,-11.57568359375,30.615894317626953,22.801170349121094,84.67814636230469,6.2351703092010125,0.12286802777392936,-11.54913330078125,30.46082305908203,22.77117919921875,84.67021179199219,7.145330334329898,0.12286802777392936,-11.355484008789062,30.076946258544922,22.46148681640625,84.67613983154297,6.238000690727864,-0.2310981402400074,-11.591049194335938,30.778675079345703,22.826377868652344,84.64381408691406,5.655448077634672,0.12286802777392936,-11.388710021972656,30.419261932373047,22.89983367919922,84.6456069946289,6.4105822615103065,-0.7522957752280632,pattern_best,76
126,426106,2,0.8,alternating,three_frequency_guided_swap_06,9e646d87f6be0196,-5.001039028167725,1.290953516960144,-5.001039028167725,1.0,0,1,0,0,9.546646118164062,6.652385711669922,2.0285873413085938,1.290953516960144,-9.756576538085938,32.05169677734375,22.240219116210938,84.02691650390625,5.675702294027934,1.0,-9.739730834960938,31.693885803222656,22.19194793701172,84.02230072021484,6.562500809010173,1.0,-9.546646118164062,31.652385711669922,22.028587341308594,84.03107452392578,6.317312577257369,1.0003489880804337,-9.76837158203125,32.496856689453125,22.2939453125,83.99325561523438,4.998961082034141,1.0,-9.863876342773438,33.151268005371094,22.275039672851562,84.00557708740234,5.479516959880783,1.0052545287821428,active_rl_best,77
127,426106,2,0.8,alternating,three_frequency_guided_swap_07,a004730127145fe1,-5.088546276092529,1.2333908081054688,-5.088546276092529,0.997527003288269,0,1,0,0,9.655914306640625,5.5511627197265625,1.2333908081054688,1.4999991655349731,-9.890113830566406,31.14883804321289,21.41210174560547,84.0237808227539,5.4893448207167665,1.0,-9.87237548828125,31.100971221923828,21.371047973632812,84.01879119873047,6.258877407801443,1.0,-9.655914306640625,30.669063568115234,21.23339080810547,84.02008819580078,6.046162653290953,0.9975269803800874,-9.902397155761719,31.206649780273438,21.45697784423828,83.99038696289062,4.911453490248177,1.0,-9.998825073242188,30.551162719726562,21.39508819580078,83.99911499023438,5.338112745645925,1.0098051912119395,max_min_best,78
120,426106,2,0.8,alternating,three_frequency_guided_swap_00,8a50fdeeb65e88cc,-8.545372009277344,1.290953516960144,-8.545372009277344,-0.5029800534248352,0,1,0,0,9.663825988769531,5.616302490234375,1.5170135498046875,1.290953516960144,-9.883316040039062,31.215862274169922,21.74816131591797,84.00167846679688,1.610816571852646,-0.5029800710146368,-9.867324829101562,31.125316619873047,21.67394256591797,83.99597930908203,1.7373539867765726,-0.5029800710146368,-9.663825988769531,30.686504364013672,21.517013549804688,84.00076293945312,1.4546282092052043,0.1571725580777752,-9.894966125488281,31.312145233154297,21.82427215576172,83.96897888183594,1.682355251064095,-0.5029800710146368,-9.981986999511719,30.616302490234375,21.79778289794922,83.97711944580078,1.8848044330959235,-0.11136555255898273,pareto_knee,79
399,426107,2,0.5,initial,parent_normalized,559bbc8f78b2b1ee,-3.526562213897705,-0.00753021240234375,-3.526562213897705,0.996579647064209,0,0,0,0,9.338058471679688,1.884185791015625,0.7761497497558594,-0.00753021240234375,-9.472846984863281,27.13933563232422,21.03414535522461,82.35047149658203,8.09373307822347,1.0,-9.478065490722656,26.983043670654297,20.92510986328125,82.3143081665039,6.473437753096853,1.0,-9.338058471679688,26.884185791015625,21.03262710571289,82.3136978149414,7.372802808603966,0.9965796245338526,-9.453865051269531,27.30582046508789,21.13555145263672,82.31915283203125,8.52710707598365,1.0,-9.533439636230469,27.515159606933594,20.77614974975586,82.28402709960938,8.374770189917546,1.0008025810471175,pattern_best,80
384,426107,2,0.5,initial,three_frequency_guided_swap_00,d29a9125d51e89bd,-3.542874813079834,-0.05681610107421875,-3.5066635608673096,-3.542874813079834,0,0,0,0,9.158172607421875,2.8704872131347656,0.7561149597167969,-0.05681610107421875,-9.307929992675781,28.187416076660156,20.998859405517578,82.30255889892578,8.13310875566331,-3.542874704775315,-9.300750732421875,27.96234130859375,20.878562927246094,82.26669311523438,6.493336473411993,-3.542874704775315,-9.158172607421875,27.870487213134766,20.98290252685547,82.26556396484375,7.391808300792068,-3.376981311146224,-9.301254272460938,28.416259765625,21.110740661621094,82.27102661132812,7.9685956668551725,-3.542874704775315,-9.370223999023438,28.658214569091797,20.756114959716797,82.2347412109375,7.768192267266546,-3.174586211180607,active_rl_best,81
392,426107,2,0.5,initial,failed_best_swap_00_1,0de4826dc89dd0e8,-3.6952340602874756,-0.26837921142578125,-3.6952340602874756,0.9999996423721313,0,0,0,0,9.007240295410156,2.487579345703125,-0.26837921142578125,-0.02503204345703125,-9.144577026367188,27.66899871826172,19.976089477539062,82.33200073242188,7.9573054996990935,0.9999996279523143,-9.157997131347656,27.532188415527344,19.873809814453125,82.29484558105469,6.304766033345375,0.9999996279523143,-9.007240295410156,27.487579345703125,19.968612670898438,82.29501342773438,7.147396806194979,1.000326670167693,-9.115715026855469,27.818035125732422,20.069595336914062,82.30179595947266,7.490028314888914,0.9999996279523143,-9.175079345703125,28.077163696289062,19.73162078857422,82.26652526855469,7.855573959798951,1.003464029086483,max_min_best,82
415,426107,2,0.5,alternating,three_frequency_guided_swap_07,1aa52c7ddb541ca1,-4.901904582977295,-1.28875732421875,-4.901904582977295,0.9989674091339111,0,0,0,0,8.87750244140625,1.0344009399414062,-1.28875732421875,-0.00228118896484375,-9.038414001464844,26.27294158935547,18.99633026123047,82.33250427246094,5.9718424890102515,1.0,-9.014060974121094,26.168201446533203,18.9677734375,82.29696655273438,5.0980952975051865,1.0,-8.87750244140625,26.153785705566406,19.199005126953125,82.28927612304688,5.6585874309799085,0.9989673991153531,-9.020912170410156,26.36502456665039,19.017372131347656,82.3027114868164,5.312499184864566,1.0,-9.111656188964844,26.034400939941406,18.71124267578125,82.29399871826172,5.261714977846051,1.0047042794391037,pareto_knee,83
438,426107,2,0.6,initial,hard_positive_swap_00,dfe9eeed2d8eb573,-12.560561180114746,0.6434860229492188,-12.560561180114746,-0.4385230541229248,0,1,0,0,10.541824340820312,2.0718154907226562,1.7996978759765625,0.6434860229492188,-10.5699462890625,27.147663116455078,22.005725860595703,82.99085998535156,-2.25938865264911,0.3978163039095186,-10.541824340820312,27.219539642333984,21.907684326171875,82.95635986328125,-2.1823871267082735,0.3978163039095186,-10.605567932128906,27.501575469970703,22.097484588623047,82.95856475830078,-2.5605611286608365,-0.43852306020523457,-10.557350158691406,27.118820190429688,21.918140411376953,82.95716857910156,-2.132559570396639,0.3978163039095186,-10.584480285644531,27.071815490722656,21.799697875976562,82.93504333496094,-1.622471135078627,0.9948460268713601,pattern_best,84
440,426107,2,0.6,alternating,three_frequency_guided_swap_00,98cc5169c2bef8e2,-3.4133949279785156,-0.5061187744140625,-3.4133949279785156,1.0,0,0,0,0,7.4677886962890625,9.4400634765625,1.9393501281738281,-0.5061187744140625,-8.039878845214844,35.34855651855469,22.196327209472656,81.81394958496094,7.652530102348792,1.0,-7.647651672363281,35.57024383544922,22.13739776611328,81.79592895507812,6.586605074141673,1.0,-7.4677886962890625,38.09233093261719,21.939350128173828,81.78543853759766,6.817755415426041,1.001521212709622,-8.486244201660156,35.35009765625,22.26641845703125,81.8075180053711,7.2499020051593295,1.0,-8.528846740722656,34.4400634765625,22.368793487548828,81.80352020263672,7.613965705976387,1.0046945929958024,active_rl_best,85
425,426107,2,0.6,initial,failed_best_swap_00_2,b87264af42ff432e,-4.18588924407959,0.6288223266601562,-4.18588924407959,-0.39600715041160583,0,1,0,0,10.44219970703125,2.1512680053710938,1.5275039672851562,0.6288223266601562,-10.472450256347656,27.382850646972656,21.622234344482422,82.97509002685547,7.319032097464237,0.47910394277420565,-10.44219970703125,27.473114013671875,21.527503967285156,82.94022369384766,6.86996780721411,0.47910394277420565,-10.5025634765625,27.83258819580078,21.68383026123047,82.9415283203125,6.871593509017334,-0.3960071477283478,-10.468116760253906,27.337051391601562,21.560787200927734,82.94182586669922,6.062468070263751,0.47910394277420565,-10.509063720703125,27.151268005371094,21.531803131103516,82.92037963867188,5.814110843545382,0.9950603771710772,max_min_best,86
431,426107,2,0.6,initial,parent_normalized,a53abe5526fd7a23,-4.401390075683594,0.6126174926757812,-4.401390075683594,-0.39600950479507446,0,1,0,0,10.442802429199219,3.9327774047851562,2.5660324096679688,0.6126174926757812,-10.473182678222656,29.075965881347656,22.78183364868164,82.9621810913086,7.207622036453155,0.42801378619569874,-10.442802429199219,29.147567749023438,22.69100570678711,82.92755126953125,7.763986941643787,0.42801378619569874,-10.513168334960938,29.52484130859375,22.919532775878906,82.92997741699219,6.979494905600982,-0.3960095037744047,-10.469161987304688,29.052532196044922,22.690380096435547,82.9287338256836,5.92082677940584,0.42801378619569874,-10.50067138671875,28.932777404785156,22.56603240966797,82.9041748046875,5.598610072605828,0.9950459573236005,pareto_knee,87
459,426107,2,0.7,initial,failed_best_swap_01_1,2ed5f3e06078efe7,-8.52811050415039,1.5,-8.52811050415039,0.9905396103858948,0,1,0,0,9.310646057128906,2.444995880126953,1.5186614990234375,1.5,-10.301155090332031,27.72679901123047,21.952301025390625,83.85211944580078,1.7048191673093358,1.0,-9.595222473144531,28.05788803100586,22.09503936767578,83.80079650878906,1.5705644025475698,1.0,-9.310646057128906,27.84923553466797,21.518661499023438,83.80438995361328,1.471889337347987,1.0003663166414969,-11.042816162109375,27.444995880126953,21.80304718017578,83.8375244140625,1.7106280620537557,1.0,-10.797615051269531,27.563037872314453,22.33600616455078,83.81355285644531,1.7273210669353067,0.9905396331851132,pattern_best,88
463,426107,2,0.7,initial,parent_normalized,d5fd8c988c9e5e9b,-3.2316362857818604,1.2583465576171875,-3.2316362857818604,1.0,0,1,0,0,10.011161804199219,3.060302734375,1.2583465576171875,1.4642486572265625,-10.659469604492188,28.533798217773438,21.76982879638672,83.81974029541016,8.120014145236125,1.0,-10.171310424804688,28.65005111694336,21.681472778320312,83.7642822265625,7.642159667640093,1.0,-10.011161804199219,28.060302734375,21.72472381591797,83.77262878417969,7.4845928505533745,1.003580780913314,-10.683006286621094,28.46377944946289,21.780853271484375,83.80733489990234,7.3352871446645675,1.0,-10.826698303222656,29.242389678955078,21.258346557617188,83.75580596923828,6.768363783990648,1.0054332759296296,active_rl_best,89
478,426107,2,0.7,alternating,three_frequency_guided_swap_06,ae5f283a1f1602c8,-7.328048229217529,0.063140869140625,-7.328048229217529,-2.4624361991882324,0,1,0,0,6.259925842285156,6.6739654541015625,0.7321014404296875,0.063140869140625,-6.664642333984375,32.27423095703125,20.944427490234375,82.40036010742188,3.399990787115603,-2.4624362240206494,-6.391929626464844,32.18671417236328,20.86962890625,82.3653564453125,2.6719515434812315,-2.4624362240206494,-6.259925842285156,31.673965454101562,20.732101440429688,82.35469818115234,2.816308811299853,-2.337855202570154,-6.9464874267578125,32.273014068603516,21.055740356445312,82.37793731689453,4.067069379615745,-2.4624362240206494,-6.82440185546875,32.60664367675781,21.500869750976562,82.3775405883789,4.046561067115709,-2.3061579608239136,max_min_best,90
448,426107,2,0.7,initial,three_frequency_guided_swap_00,6a3e261e549ed9c0,-7.86106538772583,1.334136962890625,-7.86106538772583,-0.3193182051181793,0,1,0,0,9.943428039550781,3.9673385620117188,1.334136962890625,1.4330673217773438,-10.73162841796875,29.41863250732422,21.757781982421875,83.78856658935547,2.9002672051296057,-0.018188002933833047,-10.102447509765625,29.582134246826172,21.94110870361328,83.73287200927734,2.1389344224915505,-0.018188002933833047,-9.943428039550781,28.96733856201172,22.007064819335938,83.7409896850586,2.4958835850497647,0.22073015127366702,-10.748245239257812,29.301841735839844,21.334136962890625,83.77642822265625,3.76148613860215,-0.018188002933833047,-10.887443542480469,30.163829803466797,21.38372039794922,83.72462463378906,3.6835479680923298,-0.3193181974885526,pareto_knee,91
485,426107,2,0.8,initial,three_frequency_guided_swap_05,184c58690d60f3a2,-9.266186714172363,1.5,-9.266186714172363,-4.5804619789123535,0,1,0,0,10.092308044433594,3.051025390625,2.7248153686523438,1.5,-10.253387451171875,28.45010757446289,23.177387237548828,84.45112609863281,1.070735686700198,-4.580461951288516,-10.222282409667969,28.346328735351562,23.578453063964844,84.41834259033203,1.3625660355593063,-4.580461951288516,-10.280059814453125,28.051025390625,23.396575927734375,84.41504669189453,1.7147183847375915,-4.572403241604498,-10.255645751953125,28.571090698242188,22.724815368652344,84.4190673828125,0.78592747275183,-4.580461951288516,-10.092308044433594,28.84308624267578,23.463672637939453,84.3795166015625,0.7338134590148232,-4.57226242210654,pattern_best,92
495,426107,2,0.8,initial,parent_normalized,f196abcd479a13bc,-3.2578678131103516,1.1222686767578125,-3.2578678131103516,0.8282743692398071,0,1,0,0,8.970832824707031,1.3311767578125,1.1222686767578125,1.5,-9.085128784179688,26.493484497070312,21.52043914794922,84.57160186767578,8.079603485555474,1.0,-9.047767639160156,26.39224624633789,21.533355712890625,84.5466537475586,6.8252115885081235,1.0,-9.097297668457031,26.3311767578125,21.71912384033203,84.54071044921875,7.044208577814375,0.8282743437820983,-9.093803405761719,26.611125946044922,21.517784118652344,84.5323257446289,7.792180692804261,1.0,-8.970832824707031,26.79315185546875,21.122268676757812,84.49901580810547,6.742132195853419,1.001145723541388,active_rl_best,93
488,426107,2,0.8,initial,failed_best_swap_00_1,a72a249cf60690c1,-4.243602752685547,0.4977874755859375,-4.243602752685547,0.828272819519043,0,1,0,0,8.798149108886719,1.6739044189453125,0.4977874755859375,0.7832958102226257,-8.919898986816406,26.836833953857422,20.877052307128906,84.55686950683594,6.474941664701042,1.0,-8.885360717773438,26.738880157470703,20.895828247070312,84.53205108642578,6.772409563378149,1.0,-8.924766540527344,26.673904418945312,21.075042724609375,84.52523040771484,5.805171198419144,0.8282728433298097,-8.924674987792969,26.954669952392578,20.865386962890625,84.51715087890625,5.756397354974981,1.0,-8.798149108886719,27.137531280517578,20.497787475585938,84.48817443847656,6.016584519035844,0.9993082330658044,max_min_best,94
492,426107,2,0.8,initial,failed_best_swap_01_2,49c98544e762ee03,-6.7991251945495605,0.1999664306640625,-6.7991251945495605,0.18394985795021057,0,1,0,0,8.987770080566406,4.177452087402344,0.1999664306640625,0.7832958102226257,-9.142440795898438,29.44013214111328,20.48119354248047,84.32061004638672,3.7763664173687057,0.49593069568329184,-9.087501525878906,29.209484100341797,20.761856079101562,84.28038024902344,4.153651216617055,0.49593069568329184,-8.987770080566406,29.177452087402344,20.384445190429688,84.26283264160156,4.965743341271868,0.42218400601125694,-9.115791320800781,29.599834442138672,20.199966430664062,84.29439544677734,3.200874913689835,0.49593069568329184,-9.14764404296875,29.937435150146484,20.543739318847656,84.2835922241211,3.5380140535080247,0.1839498626946785,pareto_knee,95
770,426109,2,0.5,initial,three_frequency_guided_swap_02,d00c9dc39b4cb752,-9.909193992614746,0.152069091796875,-9.909193992614746,0.9963383674621582,0,1,0,0,8.400596618652344,2.469188690185547,3.0304412841796875,0.152069091796875,-8.525070190429688,27.650493621826172,23.195648193359375,82.75175476074219,0.6817741887460698,1.0,-8.623634338378906,27.819744110107422,23.20522689819336,82.73114013671875,0.3252636028021261,1.0,-8.741424560546875,28.14942169189453,23.030441284179688,82.72865295410156,0.09080647047102955,1.0032335312732934,-8.400596618652344,27.469188690185547,23.211830139160156,82.71359252929688,0.9266430587891998,1.0,-8.408363342285156,27.771652221679688,23.114307403564453,82.70355224609375,1.3545427128027632,0.9963383416097558,pattern_best,96
783,426109,2,0.5,initial,parent_normalized,c5f67eb0fa4ceecf,-2.2754924297332764,0.11883544921875,-2.2754924297332764,0.9996344447135925,0,1,0,0,8.074371337890625,4.9173126220703125,3.8335838317871094,0.11883544921875,-8.185844421386719,30.216354370117188,23.97338104248047,82.72457122802734,9.103870813749735,1.0,-8.283966064453125,30.505386352539062,23.988983154296875,82.70537567138672,8.862945786696034,1.0,-8.413360595703125,30.917919158935547,23.83358383178711,82.7060317993164,8.86229840279404,1.0064979314991083,-8.074371337890625,29.917312622070312,23.983478546142578,82.68560791015625,7.724507593707878,1.0,-8.101295471191406,30.383399963378906,23.865276336669922,82.67031860351562,8.556577372650182,0.9996344248195845,active_rl_best,97
776,426109,2,0.5,initial,failed_best_swap_00_1,407403b832f7bb71,-4.3715949058532715,0.1084136962890625,-3.4383087158203125,-4.3715949058532715,0,1,0,0,7.986671447753906,4.058197021484375,2.9633102416992188,0.1084136962890625,-8.09375,29.48242950439453,23.005271911621094,82.7117919921875,8.95256643568667,-4.096439721306275,-8.187507629394531,29.928741455078125,23.00348663330078,82.6906967163086,6.89592228104985,-4.096439721306275,-8.318038940429688,30.002761840820312,22.96331024169922,82.69084167480469,6.56169140296727,-4.252540670360737,-7.986671447753906,29.058197021484375,23.035343170166016,82.6748046875,7.8715592689741065,-4.096439721306275,-8.017646789550781,29.465595245361328,22.966758728027344,82.65989685058594,8.712384154787813,-4.371594763162413,max_min_best,98
769,426109,2,0.5,initial,three_frequency_guided_swap_01,4842c7069a8bf265,-9.760366439819336,0.1434478759765625,-9.760366439819336,1.0,0,1,0,0,8.22918701171875,4.166469573974609,3.5495529174804688,0.1434478759765625,-8.358604431152344,29.365280151367188,24.261756896972656,82.74308776855469,0.9020687933849432,1.0,-8.470321655273438,29.55267333984375,24.269824981689453,82.72428894042969,0.5435805804208877,1.0,-8.595878601074219,29.926795959472656,23.54955291748047,82.72212982177734,0.23963314319950862,1.0038757603821906,-8.234825134277344,29.16646957397461,24.283523559570312,82.70325469970703,1.1324980421648965,1.0,-8.22918701171875,29.382369995117188,24.14535903930664,82.69493103027344,1.5223968280093847,1.001377327509192,pareto_knee,99
809,426109,2,0.6,initial,failed_best_swap_00_2,8549bac8b6ed6654,-17.305644989013672,0.8205947875976562,-17.305644989013672,0.03008028119802475,0,1,0,0,10.595443725585938,0.9907989501953125,1.7015838623046875,0.8205947875976562,-10.595443725585938,26.15668487548828,22.120098114013672,83.41921997070312,-7.093985454263738,0.5185764425009829,-10.645645141601562,26.3173828125,22.244735717773438,83.39561462402344,-6.870438025379025,0.5185764425009829,-10.596717834472656,26.16973876953125,21.701583862304688,83.39022827148438,-6.629855643426818,0.03008028059500134,-10.609031677246094,25.990798950195312,21.988990783691406,83.38392639160156,-7.054299263726217,0.5185764425009829,-10.635871887207031,26.375457763671875,22.37762451171875,83.37207794189453,-7.3056459261073226,0.4416590539272427,pattern_best,100
815,426109,2,0.6,initial,parent_normalized,a0c6a5e342754459,-1.9704012870788574,0.525146484375,-1.9704012870788574,0.3985607624053955,0,1,0,0,10.592414855957031,2.1290855407714844,0.525146484375,0.8131637573242188,-10.593185424804688,27.408424377441406,20.92119598388672,83.41212463378906,9.792739222285894,0.5526810256991617,-10.647918701171875,27.689678192138672,21.01915740966797,83.38591003417969,8.415353775482984,0.5526810256991617,-10.592414855957031,27.46652603149414,20.525146484375,83.38333129882812,8.029598681755019,0.3985607512175058,-10.60247802734375,27.129085540771484,20.815750122070312,83.37907409667969,8.50776170470463,0.5526810256991617,-10.624626159667969,27.570816040039062,21.128067016601562,83.3646469116211,9.098349494008733,0.441657866816076,active_rl_best,101
831,426109,2,0.6,alternating,three_frequency_guided_swap_07,b5ee4156bfcd8684,-10.033601760864258,0.21710205078125,-10.033601760864258,0.9456028342247009,0,1,0,0,8.734291076660156,2.433197021484375,0.49651336669921875,0.21710205078125,-8.734291076660156,27.81085205078125,20.60443115234375,82.8073501586914,0.07655692604707497,0.9456028624119206,-8.787605285644531,28.136802673339844,20.647300720214844,82.7845458984375,-0.033601903417812176,0.9456028624119206,-8.7723388671875,28.053306579589844,20.49651336669922,82.77435302734375,0.13942172944273196,1.012089492800949,-8.753593444824219,27.433197021484375,20.54497528076172,82.77528381347656,0.4413795970648194,0.9456028624119206,-8.78216552734375,27.89217758178711,20.730758666992188,82.76858520507812,0.3319608176753472,1.0012045952073922,max_min_best,102
813,426109,2,0.6,initial,failed_best_swap_01_3,b8021dfebe978442,-10.297511100769043,0.24829864501953125,-10.297511100769043,1.0,0,1,0,0,11.00933837890625,0.24829864501953125,0.37006378173828125,0.5,-11.464622497558594,25.46100616455078,20.851364135742188,83.46086120605469,-0.1677018966784581,1.0,-11.297622680664062,25.689064025878906,20.84527587890625,83.43264770507812,-0.29751141153036664,1.0,-11.00933837890625,25.72296905517578,20.37006378173828,83.4627914428711,-0.06605457423883022,1.010485016913359,-11.403656005859375,25.24829864501953,20.849037170410156,83.44092559814453,-0.05390856988298838,1.0,-11.46563720703125,25.30109405517578,20.95909881591797,83.42225646972656,-0.1510807741606129,1.0012942921719254,pareto_knee,103
852,426109,2,0.7,initial,center_density,66eb3eac6b2bee49,-32.75270462036133,0.75592041015625,-32.75270462036133,-25.254304885864258,0,1,0,0,8.359954833984375,1.082000732421875,3.8255157470703125,0.75592041015625,-8.5040283203125,26.609588623046875,23.95293426513672,83.3546142578125,-22.005305102068643,-24.26864618624367,-8.622016906738281,26.54107666015625,23.93299102783203,83.33804321289062,-21.76737858880118,-24.26864618624367,-8.699287414550781,26.082000732421875,23.825515747070312,83.36322021484375,-18.98719725588666,-21.043257760972757,-8.359954833984375,26.627960205078125,23.954917907714844,83.31298828125,-21.996960834300747,-24.26864618624367,-8.372177124023438,26.84878921508789,24.273578643798828,83.30740356445312,-22.752703418091485,-25.254305590253963,pattern_best,104
832,426109,2,0.7,initial,three_frequency_guided_swap_00,73e28beda984d4fb,-2.5566022396087646,0.28873443603515625,-2.5566022396087646,0.846195638179779,0,1,0,0,11.701583862304688,3.9522857666015625,0.28873443603515625,0.5,-12.364540100097656,29.561237335205078,20.84100341796875,84.15586853027344,9.0395436369812,0.9790976324829685,-11.990104675292969,30.227920532226562,20.832244873046875,84.12761688232422,8.326795734907826,0.9790976324829685,-11.701583862304688,29.991527557373047,20.288734436035156,84.14923095703125,7.76129531158454,0.8461956527956502,-12.363632202148438,28.952285766601562,20.850570678710938,84.13436126708984,7.443397760424907,0.9790976324829685,-12.39508056640625,29.814708709716797,21.074195861816406,84.09271240234375,7.995604675551951,0.9984851623005297,active_rl_best,105
833,426109,2,0.7,initial,three_frequency_guided_swap_01,16bfdcdfd15771c9,-2.626962423324585,0.425048828125,-2.626962423324585,0.8461937308311462,0,1,0,0,11.445091247558594,4.812690734863281,0.425048828125,0.5,-12.117767333984375,30.486541748046875,20.999481201171875,84.1307144165039,8.629668830062855,0.9766449134164077,-11.726654052734375,31.22366714477539,20.980979919433594,84.10029602050781,7.643905726076202,0.9766449134164077,-11.445091247558594,30.972427368164062,20.425048828125,84.12146759033203,7.519753229066817,0.8461937125291179,-12.112777709960938,29.81269073486328,21.017822265625,84.1097640991211,7.838141303225762,0.9766449134164077,-12.148918151855469,30.73645782470703,21.059837341308594,84.06886291503906,7.373037626543586,0.9983285645146349,max_min_best,106
847,426109,2,0.7,initial,parent_normalized,acf63d54679143f9,-3.8293397426605225,0.5,-3.8293397426605225,0.8461952805519104,0,1,0,0,11.367523193359375,3.311870574951172,0.8043365478515625,0.5,-12.388351440429688,28.893901824951172,21.377769470214844,84.16607666015625,8.541113945668092,0.974545627942824,-11.637283325195312,29.527389526367188,21.367630004882812,84.14309692382812,7.039924115492734,0.974545627942824,-11.367523193359375,29.218421936035156,20.804336547851562,84.16450500488281,6.170660140458067,0.8461953028219291,-12.776573181152344,28.311870574951172,21.39202880859375,84.14399719238281,7.972494411698601,0.974545627942824,-12.792335510253906,29.17761993408203,21.41773223876953,84.10137176513672,8.517007160546793,1.0000153583841878,pareto_knee,107
885,426109,2,0.8,initial,checker_balance,a3dad4fcf004aa8c,-32.819393157958984,1.4999991655349731,-32.819393157958984,-25.597698211669922,0,1,0,0,10.359657287597656,1.996429443359375,2.2707901000976562,1.4999991655349731,-10.563591003417969,27.664440155029297,22.403106689453125,84.38211059570312,-21.7360969015826,-24.36397645895277,-10.745704650878906,27.74167251586914,22.36687469482422,84.37074279785156,-22.37782889076586,-24.36397645895277,-10.800270080566406,26.996429443359375,22.2862548828125,84.38789367675781,-22.819393727615903,-25.597698615665017,-10.359657287597656,27.59576416015625,22.425880432128906,84.3386459350586,-20.87769799734089,-24.36397645895277,-10.37420654296875,27.83074188232422,22.270790100097656,84.32313537597656,-17.870090042374827,-20.988021088509406,pattern_best,108
879,426109,2,0.8,initial,parent_normalized,5c761caa11345735,-3.204526901245117,-0.5146713256835938,-3.204526901245117,-0.12667135894298553,0,0,0,0,10.591156005859375,1.5272941589355469,-0.5146713256835938,1.4999991655349731,-10.618392944335938,26.59606170654297,19.632827758789062,84.91731262207031,8.020746645791922,1.0,-10.659881591796875,26.69940948486328,19.771759033203125,84.89613342285156,7.038996288364009,1.0,-10.780410766601562,26.571388244628906,19.485328674316406,84.89627075195312,6.795473043016186,-0.12667136525602274,-10.601058959960938,26.527294158935547,19.49169158935547,84.87991333007812,7.062931125287424,1.0,-10.591156005859375,27.232879638671875,19.63329315185547,84.85271453857422,7.316629168151137,0.9944904077805171,active_rl_best,109
875,426109,2,0.8,initial,failed_best_swap_01_1,397cc0d5f21b7cde,-7.320985794067383,-0.453887939453125,-7.320985794067383,-2.568469285964966,0,0,0,0,12.491813659667969,1.2680397033691406,-0.453887939453125,0.5,-12.669387817382812,26.66832733154297,19.765472412109375,84.84291076660156,6.510279570124129,-1.051826993880752,-12.649726867675781,27.111251831054688,19.808059692382812,84.81182861328125,5.24312359767765,-1.051826993880752,-12.491813659667969,26.653575897216797,19.546112060546875,84.82848358154297,2.6790140057609166,-2.5684691700555575,-12.669013977050781,26.26803970336914,19.725387573242188,84.81845092773438,5.931981205293652,-1.051826993880752,-12.6546630859375,26.674949645996094,19.825225830078125,84.79553985595703,6.19260363640647,-2.342887111342101,max_min_best,110
876,426109,2,0.8,initial,failed_best_swap_01_2,f1ceb7f3faed17c5,-7.938559532165527,0.25457763671875,-7.938559532165527,-3.1539111137390137,0,1,0,0,12.972564697265625,0.25457763671875,0.43381500244140625,0.5,-13.3099365234375,25.568099975585938,20.66114044189453,84.86439514160156,5.687560501395915,-1.317124029689154,-13.306816101074219,25.91692352294922,20.71503448486328,84.83505249023438,4.574164885325244,-1.317124029689154,-12.972564697265625,25.56694793701172,20.433815002441406,84.83897399902344,2.0614403100295178,-3.153911138879266,-13.324821472167969,25.25457763671875,20.612808227539062,84.8384017944336,6.032427496032485,-1.317124029689154,-13.306724548339844,25.572776794433594,20.74163055419922,84.81678009033203,5.9348480177654945,-2.8448503703710593,pareto_knee,111
1281,426110,4,0.5,initial,three_frequency_guided_swap_01,a3f5348ccc9fd16c,-15.692915916442871,-0.5915298461914062,-15.692915916442871,0.9779195785522461,0,0,0,0,6.549224853515625,2.563343048095703,1.5964889526367188,-0.5915298461914062,-7.035133361816406,28.429786682128906,21.900848388671875,79.47654724121094,-5.6929159660116255,0.9844555297000142,-6.702705383300781,28.19463348388672,21.95294189453125,79.46044158935547,-5.482341513923029,0.9844555297000142,-6.549224853515625,28.31679916381836,21.827716827392578,79.48887634277344,-5.6716908299200295,0.9779195505652292,-7.015724182128906,28.656776428222656,21.82379913330078,79.443603515625,-5.659321490370384,0.9844555297000142,-6.998443603515625,27.563343048095703,21.59648895263672,79.44731140136719,-5.417383035686601,0.9820632670627353,pattern_best,112
1295,426110,4,0.5,initial,parent_normalized,30524b65ff474060,-3.0693047046661377,-0.7114486694335938,-3.0693047046661377,0.9790822267532349,0,0,0,0,6.5601959228515625,2.3452186584472656,2.2883338928222656,-0.7114486694335938,-7.15667724609375,27.64215850830078,22.585365295410156,79.45408630371094,7.811785307878321,1.0,-6.835639953613281,27.879642486572266,22.299922943115234,79.41077423095703,8.183051628431983,1.0,-6.5601959228515625,27.970367431640625,22.42746353149414,79.32368469238281,8.284214299619592,0.9790822101073523,-7.144813537597656,27.345218658447266,22.797897338867188,79.43296813964844,7.016303447693328,1.0,-7.108612060546875,28.355575561523438,22.288333892822266,79.40618896484375,6.930695202336441,0.9800948823558431,active_rl_best,113
1289,426110,4,0.5,initial,failed_best_swap_00_2,f5edf15c0a47084d,-9.454384803771973,-0.7662124633789062,-9.454384803771973,-5.707310676574707,0,0,0,0,6.6483306884765625,0.9523239135742188,1.1420745849609375,-0.7662124633789062,-6.871940612792969,26.257034301757812,21.444839477539062,79.40243530273438,1.147871965610811,-5.295229418253907,-6.88092041015625,26.519821166992188,21.20429229736328,79.35974884033203,1.7297673062512926,-5.295229418253907,-6.6483306884765625,26.61750030517578,21.323219299316406,79.2689208984375,1.2668255743436032,-5.7073105714304795,-6.854393005371094,25.95232391357422,21.687118530273438,79.3807373046875,0.8617534739514974,-5.295229418253907,-6.840690612792969,26.652957916259766,21.142074584960938,79.3578109741211,0.5456148456114851,-5.082474493228098,max_min_best,114
1280,426110,4,0.5,initial,three_frequency_guided_swap_00,c7212e7254f94250,-11.809530258178711,-0.6189498901367188,-11.809530258178711,0.9810458421707153,0,0,0,0,6.5171661376953125,2.5808753967285156,1.9975242614746094,-0.6189498901367188,-7.115898132324219,27.715972900390625,22.354888916015625,79.44920349121094,-1.2680742054809215,1.0,-6.6730194091796875,27.580875396728516,22.410926818847656,79.43327331542969,-1.8095307077944158,1.0,-6.5171661376953125,27.96619415283203,22.242355346679688,79.463134765625,-1.8042833835032777,0.981045865072025,-7.095062255859375,27.849178314208984,22.27566146850586,79.41618347167969,-0.6929689933969817,1.0,-7.083137512207031,28.388755798339844,21.99752426147461,79.42533874511719,-0.8642267611199903,0.9830420259605622,pareto_knee,115
1323,426110,4,0.6,initial,failed_best_swap_01_1,4d606c8da93ea87c,-12.078283309936523,-0.02771759033203125,-12.078283309936523,-2.219907522201538,0,0,0,0,7.6346893310546875,1.9329833984375,2.0461654663085938,-0.02771759033203125,-7.684539794921875,28.076560974121094,22.28443145751953,80.10678100585938,-0.9069351684198602,-1.7793090525435495,-7.666114807128906,28.137168884277344,22.542705535888672,80.0907974243164,-0.570428089880891,-1.7793090525435495,-7.6346893310546875,27.484943389892578,22.686168670654297,80.00741577148438,-1.1309914426768972,-1.6914366273378505,-7.645782470703125,27.70958709716797,22.046165466308594,80.0587158203125,-1.343294688696858,-1.7793090525435495,-7.708648681640625,26.9329833984375,22.21042251586914,80.04974365234375,-2.0782832070905304,-2.2199075532211054,pattern_best,116
1327,426110,4,0.6,initial,parent_normalized,c891ca6e7493ee20,-2.828040361404419,-0.2108917236328125,-2.828040361404419,0.9784534573554993,0,0,0,0,7.463142395019531,2.0158424377441406,1.2187652587890625,-0.2108917236328125,-7.5623016357421875,27.171466827392578,21.45587158203125,79.89302825927734,7.891205777744612,1.0,-7.573524475097656,27.21819305419922,21.700721740722656,79.87652587890625,7.7753269983906,1.0,-7.601982116699219,27.603004455566406,21.875015258789062,79.8242416381836,8.108946390321993,0.9880975587273422,-7.584266662597656,27.087940216064453,21.218765258789062,79.89022064208984,7.5743600674088,1.0,-7.463142395019531,27.01584243774414,21.600677490234375,79.8761978149414,7.171959756251582,0.9784534720419343,active_rl_best,117
1312,426110,4,0.6,initial,three_frequency_guided_swap_00,b39c390ce5fa6508,-8.539163589477539,-0.20526885986328125,-8.539163589477539,0.9782045483589172,0,0,0,0,7.611412048339844,1.9787559509277344,0.6935882568359375,-0.20526885986328125,-7.733253479003906,27.269092559814453,20.919723510742188,79.89999389648438,2.3312083263413825,1.0,-7.7172393798828125,27.312942504882812,21.151893615722656,79.8852310180664,1.4608366554316135,1.0,-7.739936828613281,27.71601104736328,21.3221435546875,79.82986450195312,1.673159352203157,0.9873044603564423,-7.740020751953125,27.190513610839844,20.693588256835938,79.88864135742188,3.6477965276909923,1.0,-7.611412048339844,26.978755950927734,21.067344665527344,79.87252044677734,3.216899025551167,0.9782045556025242,max_min_best,118
1342,426110,4,0.6,alternating,three_frequency_guided_swap_06,b5454eaf881c7a43,-13.78801155090332,-1.0865936279296875,-13.78801155090332,-13.625711441040039,0,0,0,0,5.047691345214844,2.2742385864257812,1.2713546752929688,-1.0865936279296875,-5.277412414550781,27.520797729492188,21.513328552246094,79.01498413085938,-2.401872678958336,-12.511793355307049,-5.50140380859375,27.647361755371094,21.761627197265625,78.976806640625,-3.4937789899816405,-12.511793355307049,-5.658180236816406,27.343677520751953,22.099632263183594,78.94853973388672,-3.7880116163016697,-12.478905981280882,-5.047691345214844,27.291309356689453,21.27135467529297,78.9910888671875,-1.019923156219256,-12.511793355307049,-5.384063720703125,27.27423858642578,21.57984161376953,78.95654296875,-1.4438254997472544,-13.625711690721666,pareto_knee,119
1359,426110,4,0.7,initial,parent_normalized,1b4782c9b2cbdffd,-6.360973834991455,0.5,-6.360973834991455,-1.1088528633117676,0,1,0,0,7.506401062011719,1.861724853515625,1.2573928833007812,0.5,-7.628166198730469,27.406436920166016,21.363449096679688,80.61748504638672,4.590721426326867,0.5197200531382045,-7.63616943359375,27.46753692626953,21.477699279785156,80.58837890625,5.3391194778377375,0.5197200531382045,-7.506401062011719,27.62994384765625,21.707656860351562,80.5576171875,5.197834397078642,0.7271716872775045,-7.6040802001953125,27.332813262939453,21.25739288330078,80.6102294921875,4.300192294901269,0.5197200531382045,-7.5720672607421875,26.861724853515625,21.385345458984375,80.57575225830078,3.6390261553397663,-1.108852905729055,pattern_best,120
1374,426110,4,0.7,alternating,three_frequency_guided_swap_06,5f6a7fb414ccc827,-4.736623287200928,-0.54449462890625,-4.736623287200928,0.9864103198051453,0,0,0,0,4.211860656738281,3.524456024169922,1.9346923828125,-0.54449462890625,-4.3896331787109375,28.896831512451172,22.07196044921875,79.53514862060547,7.312449557374471,1.0,-4.56494140625,29.06594467163086,22.158126831054688,79.52310943603516,5.367490593442411,1.0,-4.652107238769531,29.235092163085938,22.131065368652344,79.53034973144531,5.263376783155324,0.9864102952821616,-4.211860656738281,28.606342315673828,21.975143432617188,79.49459075927734,6.192255693200691,1.0,-4.55169677734375,28.524456024169922,21.9346923828125,79.49063873291016,6.30548679663627,0.9916410843869787,active_rl_best,121
1357,426110,4,0.7,initial,failed_best_swap_01_3,e3cfdfeeb4e9fc55,-8.48335075378418,-0.8667755126953125,-8.48335075378418,-0.6137773394584656,0,0,0,0,9.135093688964844,-0.8667755126953125,0.7878799438476562,0.5,-9.19427490234375,24.366744995117188,20.900856018066406,80.64037322998047,2.1621659215184246,-0.26019385486505797,-9.135093688964844,24.38470458984375,21.011192321777344,80.59687805175781,1.5166494248118656,-0.26019385486505797,-9.140510559082031,24.42251205444336,21.395675659179688,80.5654067993164,1.5770826019568254,0.10506592432671624,-9.22589111328125,24.317276000976562,20.787879943847656,80.62409973144531,2.9196889378939046,-0.26019385486505797,-9.237213134765625,24.133224487304688,21.012245178222656,80.58261108398438,2.5388300660590826,-0.6137773690728139,max_min_best,122
1375,426110,4,0.7,alternating,three_frequency_guided_swap_07,ad3822ac01d47ef9,-10.394009590148926,-0.503326416015625,-10.394009590148926,0.9884265661239624,0,0,0,0,4.316398620605469,2.8486976623535156,2.316295623779297,-0.503326416015625,-4.4976348876953125,28.11969757080078,22.443187713623047,79.58316802978516,0.2689776713650976,1.0,-4.66583251953125,28.418991088867188,22.509613037109375,79.56082916259766,-0.3940091728713025,1.0,-4.735984802246094,29.045150756835938,22.491050720214844,79.55908966064453,-0.3360460806623138,0.9884265447230267,-4.316398620605469,27.848697662353516,22.365482330322266,79.54226684570312,1.316524665620291,1.0,-4.6466064453125,28.05118179321289,22.316295623779297,79.53180694580078,1.230673264953345,0.9916364975466271,pareto_knee,123
1391,426110,4,0.8,initial,parent_normalized,782a31b8012e8379,-4.700352668762207,0.5,-4.700352668762207,0.3379260301589966,0,1,0,0,6.6155853271484375,3.5735549926757812,1.3582916259765625,0.5,-6.6155853271484375,29.119483947753906,21.568641662597656,81.28997039794922,7.460010367787745,1.0,-6.615653991699219,29.126773834228516,21.77118682861328,81.28546142578125,6.692060658409109,1.0,-6.636375427246094,28.743911743164062,22.022926330566406,81.25743865966797,6.700118596756843,0.9861097080353501,-6.638755798339844,29.059711456298828,21.358291625976562,81.28189849853516,5.90445632628415,1.0,-6.6842041015625,28.57355499267578,21.763160705566406,81.2491683959961,5.299647133241333,0.3379260299853719,pattern_best,124
1376,426110,4,0.8,initial,three_frequency_guided_swap_00,b1861a53ebffbd82,-5.016505241394043,0.5,-5.016505241394043,0.33792659640312195,0,1,0,0,6.766487121582031,3.6528968811035156,1.5553512573242188,0.5,-6.766487121582031,29.429386138916016,21.770553588867188,81.23851776123047,5.137646323277406,1.0,-6.76739501953125,29.548995971679688,21.977943420410156,81.23088073730469,4.9834949546574405,1.0,-6.783485412597656,29.535972595214844,22.264854431152344,81.20022583007812,5.093062148599007,0.98682787660482,-6.775115966796875,29.314823150634766,21.55535125732422,81.22000885009766,5.578121242643853,1.0,-6.831321716308594,28.652896881103516,21.974502563476562,81.1892318725586,5.422835910755856,0.33792659539441416,active_rl_best,125
1377,426110,4,0.8,initial,three_frequency_guided_swap_01,151243a2c5141db4,-5.657982349395752,0.5,-5.657982349395752,0.33792629837989807,0,1,0,0,6.835418701171875,2.1164093017578125,1.759002685546875,0.5,-6.835418701171875,27.96146011352539,22.003631591796875,81.15805053710938,4.78243214798462,1.0,-6.835975646972656,28.055641174316406,22.24427032470703,81.15107727050781,4.34201744027107,1.0,-6.8520355224609375,27.888240814208984,22.45873260498047,81.11800384521484,4.419735067891681,0.9879073201103925,-6.8525390625,27.868865966796875,21.759002685546875,81.14645385742188,5.143674431545585,1.0,-6.914482116699219,27.116409301757812,22.181060791015625,81.11607360839844,4.952893052849613,0.3379263046124521,max_min_best,126
1385,426110,4,0.8,initial,failed_best_swap_00_2,f41424d68e6b8205,-8.907968521118164,0.5,-8.907968521118164,0.33792683482170105,0,1,0,0,6.7754974365234375,2.778278350830078,1.09844970703125,0.5,-6.7799835205078125,28.219585418701172,21.28398895263672,81.25736236572266,1.568447090499017,1.0,-6.7754974365234375,28.26931381225586,21.460159301757812,81.24789428710938,1.7389534654700964,1.0,-6.795295715332031,28.510543823242188,21.709854125976562,81.22032928466797,2.273544536138869,0.9862777511521162,-6.7874603271484375,28.170169830322266,21.09844970703125,81.23393249511719,1.6770301213662413,1.0,-6.8284149169921875,27.778278350830078,21.475502014160156,81.20207214355469,1.0920310965530122,0.33792683930004586,pareto_knee,127
905,426111,4,0.5,initial,failed_best_swap_00_2,480c9674bad7b30d,-9.892939567565918,0.5,-9.892939567565918,-8.518104553222656,0,1,0,0,5.6337738037109375,0.9027442932128906,0.6837005615234375,0.5,-5.6378173828125,26.61864471435547,21.004005432128906,79.37696838378906,0.6937523714978678,-8.518104326462218,-5.6337738037109375,26.378875732421875,21.26517105102539,79.37101745605469,1.3326038313475137,-8.518104326462218,-5.684974670410156,25.90274429321289,21.099998474121094,79.3971176147461,1.1977816387736893,-8.126932370725338,-5.674072265625,26.822174072265625,20.732284545898438,79.36929321289062,0.10706007884505636,-8.518104326462218,-5.6923828125,26.301193237304688,20.683700561523438,79.36717224121094,0.28821824015613057,-7.813588403202544,pattern_best,128
911,426111,4,0.5,initial,parent_normalized,d79c39d0b372dbd6,-1.9014396667480469,-0.72979736328125,-1.9014396667480469,0.8244772553443909,0,0,0,0,5.750068664550781,-0.72979736328125,0.46521759033203125,0.5,-5.75634765625,24.88836669921875,21.0047607421875,79.35281372070312,9.599198758701213,1.0,-5.750068664550781,24.676395416259766,20.92845916748047,79.34419250488281,8.584079636388743,1.0,-5.788047790527344,24.27020263671875,20.46521759033203,79.36522674560547,8.52046941021973,0.9405945629096699,-5.776878356933594,25.065460205078125,21.0467529296875,79.3299789428711,8.098560318846168,1.0,-5.7891693115234375,24.620655059814453,21.031482696533203,79.32966613769531,8.1193792933321,0.8244772277893659,active_rl_best,129
896,426111,4,0.5,initial,three_frequency_guided_swap_00,fe4b2943ae92c44b,-2.342841863632202,-0.8850860595703125,-2.342841863632202,-1.1087119579315186,0,0,0,0,5.7458953857421875,-0.8850860595703125,0.1350860595703125,0.77618408203125,-5.808013916015625,24.643795013427734,20.759109497070312,79.53524780273438,9.311911375777681,-0.749918639519688,-5.770637512207031,24.472206115722656,20.67375946044922,79.51142883300781,7.657158135877964,-0.749918639519688,-5.7993927001953125,24.114913940429688,20.135086059570312,79.5168228149414,7.662026457108906,-0.9108946423050739,-5.827461242675781,24.774272918701172,20.80577850341797,79.49406433105469,7.977550708706831,-0.749918639519688,-5.7458953857421875,24.378097534179688,20.905746459960938,79.46908569335938,7.677738504820278,-1.1087120122961345,max_min_best,130
904,426111,4,0.5,initial,failed_best_swap_00_1,8939f457a7d1b5c9,-6.204506874084473,0.18196868896484375,-6.204506874084473,0.8244766592979431,0,1,0,0,5.520179748535156,0.18196868896484375,0.7403030395507812,0.5,-5.520179748535156,25.8782958984375,21.294971466064453,79.35206604003906,4.139062038501654,0.936150559745272,-5.521392822265625,25.644371032714844,21.211048126220703,79.34854888916016,3.8694173421611024,0.936150559745272,-5.546195983886719,25.181968688964844,20.74030303955078,79.37338256835938,3.7954929639329134,0.9405947210462919,-5.567901611328125,26.078235626220703,21.343616485595703,79.35919189453125,4.8087281651022735,0.936150559745272,-5.586891174316406,25.550933837890625,21.264190673828125,79.34917449951172,4.789293230551551,0.8244766417330105,pareto_knee,131
932,426111,4,0.6,initial,three_frequency_guided_swap_04,bc135f15b426903d,-21.66465187072754,1.290698528289795,-21.66465187072754,-17.2944278717041,0,1,0,0,6.8891143798828125,1.6552314758300781,1.7557525634765625,1.290698528289795,-6.934349060058594,27.008831024169922,22.052318572998047,80.30574035644531,-11.418848847400906,-17.294427252127228,-6.8891143798828125,26.875640869140625,22.21306610107422,80.26203918457031,-10.938809168527857,-17.294427252127228,-7.059883117675781,26.655231475830078,22.294418334960938,80.28620910644531,-10.755163100661246,-16.64638193799862,-6.959663391113281,27.16974639892578,21.764724731445312,80.285888671875,-11.664651931510246,-17.294427252127228,-6.89129638671875,26.669124603271484,21.755752563476562,80.25055694580078,-10.765354041778624,-16.901654824519817,pattern_best,132
943,426111,4,0.6,initial,parent_normalized,f501c9c9d655c069,-4.931867599487305,-0.021045684814453125,-4.931867599487305,0.43903422355651855,0,0,0,0,7.266288757324219,-0.021045684814453125,0.8172073364257812,1.290698528289795,-7.312286376953125,26.059429168701172,21.096397399902344,80.44873046875,5.771630511654015,1.0,-7.266288757324219,25.835735321044922,21.36998748779297,80.41310119628906,5.0681325498400245,1.0,-7.434562683105469,24.978954315185547,21.333641052246094,80.43682098388672,5.851273171494908,0.43903421109024876,-7.3383331298828125,26.25237274169922,20.81720733642578,80.42085266113281,6.211067990655094,1.0,-7.271148681640625,26.062957763671875,20.911056518554688,80.39018249511719,6.341408065663545,0.993330395878599,active_rl_best,133
928,426111,4,0.6,initial,three_frequency_guided_swap_00,85f3e7997a9d8032,-11.451650619506836,0.0747833251953125,-11.451650619506836,0.41288477182388306,0,1,0,0,6.920845031738281,0.0747833251953125,0.6865310668945312,1.290698528289795,-6.970497131347656,26.284584045410156,20.98387908935547,80.44987487792969,-0.810702637685219,1.0,-6.920845031738281,26.02145767211914,21.27513885498047,80.41075134277344,-1.4516502940736653,1.0,-7.0828857421875,25.074783325195312,21.084396362304688,80.43240356445312,-1.265493467131703,0.41288476465470936,-7.000007629394531,26.519760131835938,20.68653106689453,80.42546081542969,0.02275484853753186,1.0,-6.922119140625,26.360260009765625,20.743431091308594,80.39468383789062,0.22013253068507588,0.9918041118572688,max_min_best,134
952,426111,4,0.6,alternating,three_frequency_guided_swap_00,2e8d679a917d82e9,-12.116904258728027,0.38773345947265625,-12.116904258728027,-0.837097704410553,0,1,0,0,5.813850402832031,0.6481857299804688,1.11590576171875,0.38773345947265625,-5.884613037109375,26.1083984375,21.711196899414062,79.11104583740234,-1.463842179142846,-0.5984545922909525,-5.947052001953125,25.892574310302734,22.04323959350586,79.09307098388672,-2.116903804014511,-0.5984545922909525,-6.045875549316406,25.64818572998047,21.75271224975586,79.08352661132812,-1.7360927319269561,-0.6877257751500885,-5.813850402832031,26.328147888183594,21.37810516357422,79.08063507080078,-0.5631143569504892,-0.5984545922909525,-5.938255310058594,26.315631866455078,21.11590576171875,79.08782958984375,-0.7030453914713801,-0.8370977338293706,pareto_knee,135
969,426111,4,0.7,initial,failed_best_swap_00_2,a433e43fbadc364f,-8.236322402954102,1.290698528289795,-8.236322402954102,0.7437444925308228,0,1,0,0,7.35589599609375,2.593402862548828,1.373077392578125,1.290698528289795,-7.417472839355469,27.650447845458984,21.803848266601562,80.91986846923828,2.420312141570543,1.0,-7.35589599609375,27.680931091308594,21.9525146484375,80.86463928222656,1.7636774856201962,1.0,-7.475730895996094,27.982067108154297,21.691390991210938,80.8663101196289,1.7728748920473212,0.7437445073213098,-7.4477996826171875,27.593402862548828,21.537033081054688,80.9134292602539,2.9471359009463054,1.0,-7.5359649658203125,27.979976654052734,21.373077392578125,80.90361022949219,2.984392184315343,0.9606277493962949,pattern_best,136
975,426111,4,0.7,initial,parent_normalized,ea07ae9eb60d8aeb,-3.7799863815307617,1.171142578125,-3.7799863815307617,0.960627555847168,0,1,0,0,7.31365966796875,1.524566650390625,1.171142578125,1.290698528289795,-7.388275146484375,26.572093963623047,21.312362670898438,80.90058135986328,7.712165804527279,1.0,-7.31365966796875,26.59503173828125,21.452255249023438,80.84647369384766,6.91185054340434,1.0,-7.414497375488281,26.79022979736328,21.195289611816406,80.84764099121094,6.311681479544821,0.9626576886223077,-7.417510986328125,26.524566650390625,21.171142578125,80.89303588867188,6.220013551698638,1.0,-7.464332580566406,26.851856231689453,21.180274963378906,80.88055419921875,7.025538801986297,0.9606275266588007,active_rl_best,137
971,426111,4,0.7,initial,failed_best_swap_01_1,5b9b9a915e3334eb,-12.557833671569824,0.35634613037109375,-12.557833671569824,-2.9228851795196533,0,1,0,0,8.546134948730469,1.3696174621582031,0.35634613037109375,0.5,-8.605522155761719,26.888259887695312,20.80047607421875,81.05545806884766,-1.6781551876414085,-2.9157169342661113,-8.546134948730469,26.649513244628906,21.123985290527344,81.00015258789062,-2.1647581665279128,-2.9157169342661113,-8.652030944824219,26.369617462158203,21.185462951660156,80.98949432373047,-2.5578340526628676,-2.885619612969826,-8.650146484375,27.144187927246094,20.481468200683594,81.05171966552734,-0.9464344182572075,-2.9157169342661113,-8.566703796386719,26.88779067993164,20.356346130371094,81.04180145263672,-0.3050910673714958,-2.9228851859319285,max_min_best,138
968,426111,4,0.7,initial,failed_best_swap_00_1,5ea2cfc8594ec61b,-13.35413646697998,1.1029815673828125,-13.35413646697998,-1.1286466121673584,0,1,0,0,7.131828308105469,2.0972137451171875,1.1029815673828125,1.290698528289795,-7.2020721435546875,27.130359649658203,21.244247436523438,80.84649658203125,-2.9911343973851174,-1.068359480559554,-7.131828308105469,27.141029357910156,21.38384246826172,80.79131317138672,-3.0137046884652814,-1.068359480559554,-7.260414123535156,27.38831329345703,21.152427673339844,80.78983306884766,-3.3541366176636878,-1.1286466156148762,-7.231597900390625,27.097213745117188,21.102981567382812,80.8401107788086,-2.8089942317103738,-1.068359480559554,-7.3131866455078125,27.460723876953125,21.121795654296875,80.82691955566406,-3.078887955437175,-0.9083182814353918,pareto_knee,139
1009,426111,4,0.8,initial,mirrored_pair,ded3fc362382180e,-33.28165817260742,1.2210304737091064,-33.28165817260742,-28.3941593170166,0,1,0,0,7.440765380859375,2.397613525390625,1.2758407592773438,1.2210304737091064,-7.489166259765625,27.571582794189453,21.296432495117188,81.35057067871094,-17.926243349950273,-23.169234507549575,-7.44781494140625,27.7940673828125,21.275840759277344,81.29350280761719,-17.78210735573043,-23.169234507549575,-7.440765380859375,27.671424865722656,21.346511840820312,81.26805114746094,-19.217992148677858,-23.587606789972718,-7.5063323974609375,27.397613525390625,21.308349609375,81.34593200683594,-17.92242261781576,-23.169234507549575,-7.486808776855469,27.908523559570312,21.41535186767578,81.32025146484375,-23.281659508217295,-28.39416022115187,pattern_best,140
1007,426111,4,0.8,initial,parent_normalized,63db7e1afbe58073,-5.379405975341797,0.5,-5.379405975341797,0.999724805355072,0,1,0,0,7.90130615234375,3.2316627502441406,0.9129486083984375,0.5,-7.910270690917969,28.59563446044922,21.041709899902344,81.33766174316406,5.656116815895318,1.0,-7.920562744140625,28.61540985107422,21.16791534423828,81.31784057617188,4.948291348486215,1.0,-8.071914672851562,28.23166275024414,21.19483184814453,81.33456420898438,4.620593965807723,0.9997247838571554,-7.90130615234375,28.55898666381836,20.912948608398438,81.29904174804688,6.466680290970687,1.0,-7.931465148925781,28.25809097290039,20.993675231933594,81.29204559326172,6.198277325702114,1.0026693230026855,active_rl_best,141
1003,426111,4,0.8,initial,failed_best_swap_01_1,2281d83cda547e7f,-9.547506332397461,0.865692138671875,-9.547506332397461,-0.9059712290763855,0,1,0,0,8.4742431640625,1.9935150146484375,0.865692138671875,1.4302045106887817,-8.564620971679688,28.07659912109375,20.97296905517578,81.42555236816406,0.9541516381325175,-0.20325026817916125,-8.491424560546875,27.850223541259766,21.075599670410156,81.38016510009766,1.6373142537638496,-0.20325026817916125,-8.566009521484375,26.993515014648438,21.00428009033203,81.36427307128906,1.716459665789463,-0.9059712484054607,-8.592704772949219,28.2950439453125,20.865692138671875,81.41017150878906,0.45249401488278285,-0.20325026817916125,-8.4742431640625,28.089950561523438,20.998191833496094,81.38697814941406,0.8168122345122625,0.21090364309247178,max_min_best,142
992,426111,4,0.8,initial,three_frequency_guided_swap_00,b435607fdadc5c24,-11.097643852233887,0.8970260620117188,-11.097643852233887,1.0,0,1,0,0,8.017288208007812,2.278156280517578,0.8970260620117188,1.290698528289795,-8.020256042480469,27.539588928222656,21.038070678710938,81.39224243164062,-0.4831859810752473,1.0,-8.022621154785156,27.53958511352539,21.17534637451172,81.3706283569336,-0.8859192940164357,1.0,-8.164268493652344,27.278156280517578,21.193771362304688,81.3814926147461,-1.0976435944771716,1.0004158030312365,-8.017288208007812,27.527008056640625,20.89702606201172,81.35338592529297,0.1943600779001114,1.0,-8.039413452148438,27.872173309326172,20.976287841796875,81.33965301513672,0.1210662261868446,1.0026874299905157,pareto_knee,143
1438,426113,4,0.5,alternating,three_frequency_guided_swap_06,d38e7a0843d567b3,-9.11065673828125,-1.6845932006835938,-5.130167484283447,-9.11065673828125,0,0,0,0,7.261260986328125,2.7225074768066406,0.17217254638671875,-1.6845932006835938,-7.6224212646484375,28.018463134765625,20.48143768310547,79.26864624023438,5.9699178809310816,-8.643881543906065,-7.261260986328125,27.72250747680664,20.488487243652344,79.23702239990234,4.869832500319285,-8.643881543906065,-7.368110656738281,28.07457733154297,20.17217254638672,79.22391510009766,4.99592591644907,-9.110657150187844,-7.516777038574219,28.146530151367188,20.51690673828125,79.21876525878906,5.492452681745727,-8.643881543906065,-7.5366973876953125,27.982952117919922,20.393112182617188,79.187744140625,5.241425471223876,-9.019679694648094,pattern_best,144
1423,426113,4,0.5,initial,parent_normalized,1cbff060021fbc0b,-2.3322432041168213,-1.9005126953125,-2.3322432041168213,0.9906619191169739,0,0,0,0,7.092071533203125,1.2537040710449219,1.5768699645996094,-1.9005126953125,-7.183219909667969,26.62067413330078,21.879085540771484,79.035400390625,9.10348406913524,1.0,-7.092071533203125,26.509239196777344,21.886573791503906,79.01935577392578,7.66775689201306,1.0,-7.094123840332031,26.253704071044922,21.57686996459961,78.9718246459961,7.8241358578649125,1.0053983382720841,-7.16650390625,26.719863891601562,21.846805572509766,78.9993667602539,8.044064811639515,1.0,-7.200294494628906,26.542789459228516,21.646896362304688,78.99227905273438,8.075158886338667,0.9906619134853001,active_rl_best,145
1418,426113,4,0.5,initial,failed_best_swap_00_3,43ad03c27368e23d,-7.814292907714844,-1.8836669921875,-7.814292907714844,0.992816150188446,0,0,0,0,7.024711608886719,0.2631340026855469,1.3146896362304688,-1.8836669921875,-7.15985107421875,25.74542999267578,21.826454162597656,79.04074096679688,2.3578436129219624,1.0,-7.024711608886719,25.594703674316406,21.80084228515625,79.03596496582031,2.1857070542129198,1.0,-7.114738464355469,25.263134002685547,21.31468963623047,79.00350952148438,2.2055555038430326,1.0057154307785428,-7.130729675292969,25.88263702392578,21.82685089111328,78.9886703491211,2.5649230826080456,1.0,-7.185554504394531,25.746337890625,21.691688537597656,79.01043701171875,2.949754636506179,0.9928161291295268,max_min_best,146
1437,426113,4,0.5,alternating,three_frequency_guided_swap_05,b6dc10bbb7ba84b7,-9.110657691955566,-1.71923828125,-4.478049278259277,-9.110657691955566,0,0,0,0,7.171318054199219,1.4878158569335938,1.0893630981445312,-1.71923828125,-7.617973327636719,26.735916137695312,21.423751831054688,79.2344970703125,6.626393745612616,-8.671414653843147,-7.171318054199219,26.617237091064453,21.437973022460938,79.24110412597656,5.521950518459025,-8.671414653843147,-7.31207275390625,26.487815856933594,21.08936309814453,79.25891876220703,6.120356549989259,-9.11065814074409,-7.652534484863281,26.836078643798828,21.457366943359375,79.18277740478516,5.854955367815665,-8.671414653843147,-7.608367919921875,26.754127502441406,21.328048706054688,79.1530990600586,5.550879852372023,-9.01968025501288,pareto_knee,147
1441,426113,4,0.6,initial,three_frequency_guided_swap_01,bd0ad174d79d2c9e,-12.797298431396484,-0.8090438842773438,-12.797298431396484,-2.671163320541382,0,0,0,0,7.365081787109375,1.3965034484863281,1.9677276611328125,-0.8090438842773438,-7.551300048828125,26.730762481689453,22.140674591064453,80.1044921875,-2.6640348342126985,-2.4402671198798416,-7.618827819824219,26.749568939208984,22.292205810546875,80.07452392578125,-2.756716002866188,-2.4402671198798416,-7.747459411621094,26.396503448486328,22.015254974365234,80.12092590332031,-2.3488999136008464,-2.203253162705039,-7.365081787109375,26.774513244628906,21.967727661132812,80.06552124023438,-2.57468642873097,-2.4402671198798416,-7.384246826171875,26.538963317871094,22.098796844482422,80.06329345703125,-2.797298028567974,-2.67116325944194,pattern_best,148
1455,426113,4,0.6,initial,parent_normalized,98570d941b5a0240,-1.4446638822555542,-0.8674163818359375,-1.4446638822555542,1.0,0,0,0,0,7.7653350830078125,2.164379119873047,2.15435791015625,-0.8674163818359375,-7.767036437988281,27.345680236816406,22.331016540527344,80.04424285888672,9.746570242885625,1.0,-7.7653350830078125,27.489856719970703,22.31354522705078,80.00492095947266,9.365563671160867,1.0,-7.8833770751953125,27.164379119873047,22.15435791015625,80.05950164794922,9.295740140002241,1.0036184184288734,-7.7669830322265625,27.261024475097656,22.33765411376953,80.01473999023438,8.555336092505938,1.0,-7.8473052978515625,27.180561065673828,22.64834976196289,80.02091979980469,8.653460175900742,1.0004242574399793,active_rl_best,149
1451,426113,4,0.6,initial,failed_best_swap_01_1,769865cb4f74b081,-10.431621551513672,-1.0125503540039062,-10.431621551513672,1.0,0,0,0,0,7.1396484375,0.23932266235351562,1.9134254455566406,-1.0125503540039062,-7.200309753417969,25.466720581054688,22.165542602539062,79.91519927978516,0.4152027001475582,1.0,-7.1396484375,25.43561553955078,22.149932861328125,79.89570617675781,-0.43162119357591794,1.0,-7.1648712158203125,25.239322662353516,21.91342544555664,79.85978698730469,-0.3468765963755566,1.0075281891713066,-7.174995422363281,25.46558380126953,22.09566879272461,79.8830795288086,1.5253117739410513,1.0,-7.141532897949219,25.770713806152344,22.097076416015625,79.91191101074219,1.6617050736296783,1.0049257088273773,max_min_best,150
1448,426113,4,0.6,initial,failed_best_swap_00_1,1a61bc17e87af78e,-10.77173900604248,-0.8264083862304688,-10.77173900604248,0.9994634389877319,0,0,0,0,7.710380554199219,0.7832260131835938,1.7339324951171875,-0.8264083862304688,-7.866096496582031,25.952781677246094,22.273460388183594,80.08761596679688,-0.5673318953883539,1.0,-7.858428955078125,26.124122619628906,22.03618621826172,80.04592895507812,-0.347189893274607,1.0,-7.9664459228515625,25.845233917236328,21.733932495117188,80.10301208496094,-0.7717386594425195,1.005837175871704,-7.710380554199219,25.837158203125,22.413837432861328,80.06031799316406,-0.5984110855885498,1.0,-7.757865905761719,25.783226013183594,22.763824462890625,80.07185363769531,-0.4694727901409091,0.9994634491543671,pareto_knee,151
1487,426113,4,0.7,initial,parent_normalized,6eb7c6108757e84e,-3.0033249855041504,-0.11434173583984375,-3.0033249855041504,0.9986440539360046,0,0,0,0,7.518608093261719,3.422069549560547,1.8487396240234375,-0.11434173583984375,-7.825233459472656,28.833789825439453,21.848739624023438,80.78157043457031,9.438385164620765,1.0,-7.759101867675781,28.767051696777344,21.883338928222656,80.75799560546875,7.403061044168945,1.0,-7.6691131591796875,28.427776336669922,21.909278869628906,80.77828979492188,6.996675052316949,1.010572071607006,-7.6387176513671875,28.855438232421875,21.86077117919922,80.77796936035156,8.022562618160633,1.0,-7.518608093261719,28.422069549560547,21.849014282226562,80.76736450195312,7.8854771325336595,0.9986440391684925,pattern_best,152
1502,426113,4,0.7,alternating,three_frequency_guided_swap_06,bef61e6f3fa0cb4c,-7.6262102127075195,-0.9000473022460938,-7.6262102127075195,-2.0080699920654297,0,0,0,0,4.9844207763671875,3.8651504516601562,3.6348114013671875,-0.9000473022460938,-5.242919921875,29.30385971069336,23.734203338623047,80.0236587524414,3.370090972512277,-2.0080700239204496,-5.125274658203125,29.63402557373047,23.82928466796875,79.97955322265625,3.011296114262195,-2.0080700239204496,-5.227790832519531,28.865150451660156,23.714649200439453,79.9722900390625,2.3737897783685384,-1.8304700837054853,-4.99761962890625,28.991191864013672,23.69333267211914,80.01219177246094,3.32458536137348,-2.0080700239204496,-4.9844207763671875,29.13479232788086,23.634811401367188,80.01649475097656,3.6487577284676704,-1.536593964935964,active_rl_best,153
1482,426113,4,0.7,initial,failed_best_swap_00_3,04eb7bc4d1667087,-8.954700469970703,-0.1230926513671875,-8.954700469970703,-4.683267593383789,0,0,0,0,7.2612457275390625,2.5874176025390625,2.3477096557617188,-0.1230926513671875,-7.549568176269531,28.011566162109375,22.34770965576172,80.7906265258789,2.02031122509406,-4.6832674298269055,-7.72625732421875,27.948383331298828,22.38372802734375,80.7492446899414,1.2791691434701555,-4.6832674298269055,-7.8065185546875,27.671733856201172,22.414596557617188,80.76576232910156,1.0452997642963016,-4.4334814574914745,-7.3703155517578125,28.033138275146484,22.36009979248047,80.78718566894531,2.9929128046473696,-4.6832674298269055,-7.2612457275390625,27.587417602539062,22.360382080078125,80.77964782714844,2.8755692627974994,-4.507456996276051,max_min_best,154
1480,426113,4,0.7,initial,failed_best_swap_00_1,4825eff19b568583,-10.174755096435547,-0.164947509765625,-10.174755096435547,-0.4748634994029999,0,0,0,0,7.460594177246094,2.6170806884765625,1.1408538818359375,-0.164947509765625,-8.052261352539062,28.02136993408203,21.15534210205078,80.73810577392578,0.2602339058451807,-0.47486350993478865,-7.6671600341796875,28.189544677734375,21.174636840820312,80.70738983154297,-0.1747555320009871,-0.47486350993478865,-7.460594177246094,27.80611801147461,21.220191955566406,80.72611999511719,0.05071812438552679,-0.4190305708911204,-7.6483917236328125,27.853710174560547,21.178367614746094,80.73563385009766,0.9562260677941179,-0.47486350993478865,-7.650459289550781,27.617080688476562,21.140853881835938,80.72979736328125,0.7573752575521158,-0.46936635033707574,pareto_knee,155
1512,426113,4,0.8,initial,failed_best_swap_00_1,e29ba1042f10aa0c,-10.68169116973877,0.47601318359375,-10.68169116973877,0.999742865562439,0,1,0,0,9.186500549316406,2.95440673828125,3.524627685546875,0.47601318359375,-9.824310302734375,28.520816802978516,23.633102416992188,81.38565826416016,-0.037826203498904414,1.0,-9.186500549316406,28.521114349365234,23.6727294921875,81.36504364013672,-0.0516160150363036,1.0,-9.274383544921875,27.95440673828125,23.524627685546875,81.35336303710938,-0.08978403294070895,1.007372914180215,-9.72406005859375,28.510848999023438,23.537513732910156,81.36166381835938,-0.2910788567927774,1.0,-9.73724365234375,28.426898956298828,23.54468536376953,81.34835052490234,-0.6816915790824161,0.9997428855336972,pattern_best,156
1519,426113,4,0.8,initial,parent_normalized,8c0ee4742723c1ff,-2.903409242630005,0.4556732177734375,-2.903409242630005,0.9986001253128052,0,1,0,0,9.216255187988281,3.5050582885742188,4.000423431396484,0.4556732177734375,-9.868751525878906,29.227249145507812,24.099830627441406,81.37215423583984,8.492172797772987,1.0,-9.216255187988281,29.147228240966797,24.241714477539062,81.34929656982422,7.096590818865601,1.0,-9.335617065429688,28.50505828857422,24.087200164794922,81.36467742919922,8.049124251173156,1.0081353547806469,-9.973472595214844,29.29505157470703,24.000423431396484,81.34005737304688,7.3591670185426725,1.0,-9.990036010742188,29.309173583984375,24.01190948486328,81.32801055908203,7.659807443954275,0.9986001401690082,active_rl_best,157
1514,426113,4,0.8,initial,failed_best_swap_00_3,7c728d8447d24565,-9.58154010772705,0.4246673583984375,-9.58154010772705,-0.12965631484985352,0,1,0,0,8.92620849609375,2.456714630126953,3.7440719604492188,0.4246673583984375,-9.558418273925781,28.212265014648438,23.85169219970703,81.37672424316406,0.6432658755591094,-0.12965632039724895,-8.92620849609375,28.14331817626953,23.960861206054688,81.35440826416016,0.41846018539531343,-0.12965632039724895,-8.960578918457031,27.456714630126953,23.74407196044922,81.29700469970703,0.6539349768247915,0.06516552318348445,-10.026641845703125,28.088714599609375,23.77947235107422,81.34857940673828,1.0109970271155655,-0.12965632039724895,-10.054229736328125,28.043495178222656,23.820030212402344,81.36976623535156,0.8186987663905705,0.27396962624891685,max_min_best,158
1516,426113,4,0.8,initial,failed_best_swap_01_2,41af321e0689431c,-9.937704086303711,0.35597991943359375,-9.937704086303711,-5.068131446838379,0,1,0,0,9.016830444335938,2.2557220458984375,1.9720840454101562,0.35597991943359375,-9.500923156738281,27.609081268310547,22.105926513671875,81.26667022705078,0.6729871829674504,-4.952625151923478,-9.016830444335938,27.760616302490234,21.972084045410156,81.22831726074219,1.5423036459781114,-4.952625151923478,-9.123619079589844,27.862606048583984,21.98279571533203,81.23058319091797,1.3896322397018068,-5.068131481897446,-9.292320251464844,27.499675750732422,22.198646545410156,81.25466918945312,0.062296276560559596,-4.952625151923478,-9.304946899414062,27.255722045898438,22.106353759765625,81.26513671875,0.3811470251775779,-4.400218570516561,pareto_knee,159
1036,426115,4,0.5,initial,failed_best_swap_01_2,f2ca3bd54e5e31b6,-20.43914031982422,0.5,-20.43914031982422,-10.358319282531738,0,1,0,0,5.2957611083984375,0.9913406372070312,1.1656494140625,0.5,-5.433158874511719,27.09436798095703,21.239120483398438,78.83082580566406,-9.62661485439835,-9.836776813082203,-5.4552764892578125,26.655242919921875,21.260650634765625,78.82276916503906,-9.606989556311463,-9.836776813082203,-5.5455474853515625,25.99134063720703,21.1656494140625,78.84469604492188,-8.657580076955186,-9.752572396628125,-5.396736145019531,27.497703552246094,21.233551025390625,78.78611755371094,-9.464652127918244,-9.836776813082203,-5.2957611083984375,27.28728485107422,21.310874938964844,78.71823120117188,-10.439140756729344,-10.358319039206606,pattern_best,160
1039,426115,4,0.5,initial,parent_normalized,8406d4aecc0770aa,-4.684168815612793,-0.9662971496582031,-4.684168815612793,0.5075810551643372,0,0,0,0,3.32196044921875,-0.9662971496582031,1.6572227478027344,0.5,-3.430999755859375,24.656509399414062,21.76465606689453,78.7043685913086,6.278174579644461,0.9297531465970863,-3.4174652099609375,24.83423614501953,21.80719757080078,78.66993713378906,5.380741154322269,0.9297531465970863,-3.32196044921875,24.033702850341797,21.657222747802734,78.67440795898438,5.315831334215124,0.5075810734681774,-3.444671630859375,24.222396850585938,21.772167205810547,78.69828033447266,7.230120643372732,0.9297531465970863,-3.4291152954101562,24.046470642089844,21.824512481689453,78.6949691772461,7.14484300576885,0.9803543224125244,active_rl_best,161
1024,426115,4,0.5,initial,three_frequency_guided_swap_00,7006a9343f6da484,-9.3082857131958,-1.7859649658203125,-9.3082857131958,-5.378079891204834,0,0,0,0,3.4010086059570312,-1.7859649658203125,1.1299667358398438,0.5,-3.5012435913085938,24.039291381835938,21.50885772705078,78.66661834716797,1.082055792257847,-5.378079688354205,-3.48577880859375,23.998245239257812,21.45751953125,78.62962341308594,0.6976688252338438,-5.378079688354205,-3.4010086059570312,23.214035034179688,21.129966735839844,78.6332015991211,0.6917139309596563,-5.204369833248862,-3.5167922973632812,24.046424865722656,21.568649291992188,78.66329956054688,1.4618489300044792,-5.378079688354205,-3.5072555541992188,23.763748168945312,21.728599548339844,78.65643310546875,1.5727358150580304,-4.947459291802794,max_min_best,162
1025,426115,4,0.5,initial,three_frequency_guided_swap_01,08a1fc3e948cb49b,-11.609328269958496,-2.821117401123047,-11.609328269958496,-5.383528709411621,0,0,0,0,3.46575927734375,-2.821117401123047,0.18631744384765625,0.5,-3.5663681030273438,22.916088104248047,20.53575897216797,78.53141784667969,-1.3719687291807254,-5.3835288305058135,-3.55328369140625,22.86296844482422,20.4898681640625,78.49331665039062,-1.0299633145477736,-5.3835288305058135,-3.46575927734375,22.178882598876953,20.186317443847656,78.4931640625,-0.9743676901951122,-5.204370093528496,-3.57958984375,22.97303009033203,20.58917236328125,78.52897644042969,-1.5479355788037907,-5.3835288305058135,-3.5654296875,22.781490325927734,20.729583740234375,78.52225494384766,-1.60932794103477,-4.940250221277054,pareto_knee,163
1069,426115,4,0.6,initial,failed_best_swap_01_3,0a35e928a3c7fbfd,-7.9726738929748535,0.5,-7.9726738929748535,-1.5081897974014282,0,1,0,0,8.174507141113281,2.4507904052734375,1.753509521484375,0.5,-8.186264038085938,27.927753448486328,21.811813354492188,80.19091796875,2.4816997956266023,-1.5081897727350295,-8.183769226074219,27.90896987915039,21.825172424316406,80.18634796142578,2.5578045063827233,-1.5081897727350295,-8.188369750976562,27.71520233154297,21.79644012451172,80.1502914428711,2.282539680803939,-1.3166225162579828,-8.193885803222656,27.91512680053711,21.820755004882812,80.18238067626953,2.4230588545771607,-1.5081897727350295,-8.174507141113281,27.450790405273438,21.753509521484375,80.14888763427734,2.027326279964106,-1.387304650286577,pattern_best,164
1071,426115,4,0.6,initial,parent_normalized,f159701bdc713902,-5.473264217376709,0.37574005126953125,-5.473264217376709,0.9840133786201477,0,1,0,0,7.458839416503906,0.37574005126953125,1.6161041259765625,0.5,-7.667327880859375,25.69434356689453,21.703903198242188,79.59076690673828,5.702208755369895,1.0,-7.458839416503906,25.55919647216797,21.67938232421875,79.58272552490234,4.5267358779920395,1.0,-7.4748382568359375,25.37574005126953,21.616104125976562,79.59976959228516,4.688664148460357,1.001523373657583,-7.8528900146484375,25.77721405029297,21.722686767578125,79.55863952636719,6.842950976304543,1.0,-7.883308410644531,25.599700927734375,21.87578582763672,79.5921630859375,7.403010742326675,0.9840133799019452,active_rl_best,165
1066,426115,4,0.6,initial,failed_best_swap_00_3,82e086e5493c5e6d,-10.738840103149414,0.30522918701171875,-10.738840103149414,0.9844842553138733,0,1,0,0,7.504875183105469,0.30522918701171875,1.6695709228515625,0.5,-7.718238830566406,25.640399932861328,21.69786834716797,79.67250061035156,-0.4444572791573865,1.0,-7.504875183105469,26.039466857910156,21.705039978027344,79.66417694091797,-0.7388400457500827,1.0,-7.529670715332031,25.593997955322266,21.669570922851562,79.67510986328125,-0.6232595333618809,1.0021061430121345,-7.93115234375,25.30522918701172,21.716323852539062,79.64071655273438,-0.16228475890744976,1.0,-7.949607849121094,25.392822265625,21.742767333984375,79.669677734375,-0.10939185649209354,0.984484284248827,max_min_best,166
1068,426115,4,0.6,initial,failed_best_swap_01_2,46406b79b7ffdf57,-11.937146186828613,0.5,-11.937146186828613,-1.5040385723114014,0,1,0,0,8.165168762207031,3.5725173950195312,1.4325942993164062,0.5,-8.211105346679688,28.957664489746094,21.4735107421875,80.09552001953125,-1.497101557945693,-1.5040386010590048,-8.176834106445312,28.77099609375,21.480018615722656,80.0540542602539,-1.0543627094333794,-1.5040386010590048,-8.275596618652344,28.702938079833984,21.447433471679688,80.09664916992188,-0.8901322902180085,-1.3166224482234092,-8.210502624511719,29.098228454589844,21.486106872558594,80.07771301269531,-1.937146329348316,-1.5040386010590048,-8.165168762207031,28.57251739501953,21.432594299316406,80.0279312133789,-1.848350614898088,-1.3873048118467857,pareto_knee,167
1101,426115,4,0.7,initial,failed_best_swap_01_3,d79fc22b23be0cef,-13.314945220947266,0.5471649169921875,-13.314945220947266,0.30353522300720215,0,1,0,0,6.561302185058594,2.742023468017578,0.5471649169921875,0.59205561876297,-6.593498229980469,27.91058349609375,20.725173950195312,80.79702758789062,-3.2114893269676403,0.3035352338266293,-6.561302185058594,28.076637268066406,20.727203369140625,80.79097747802734,-3.314944855512107,0.3035352338266293,-6.578315734863281,27.97098159790039,20.547164916992188,80.7674560546875,-3.2373225682689433,0.4753460089421573,-6.618415832519531,27.742023468017578,20.73357391357422,80.75969696044922,-2.923135941059959,0.3035352338266293,-6.680976867675781,27.85547637939453,20.6563720703125,80.72254943847656,-2.2853098212356566,0.546415762638695,pattern_best,168
1103,426115,4,0.7,initial,parent_normalized,b49997fb6d5cefd3,-4.43098783493042,0.5,-4.43098783493042,0.9824466109275818,0,1,0,0,4.352203369140625,0.8864288330078125,2.7842178344726562,0.5,-4.364654541015625,26.414745330810547,22.784217834472656,80.9476089477539,6.5836840095183735,1.0,-4.392829895019531,26.987468719482422,22.822341918945312,80.95916748046875,5.878118603218482,1.0,-4.395477294921875,27.474151611328125,23.02703094482422,80.958984375,5.569012334691909,1.001984025314602,-4.3764495849609375,25.94882583618164,22.794342041015625,80.93367767333984,7.76101338177533,1.0,-4.352203369140625,25.886428833007812,22.847915649414062,80.94452667236328,7.640196612450825,0.9824465927400791,active_rl_best,169
1088,426115,4,0.7,initial,three_frequency_guided_swap_00,ea9239759c31a086,-6.798723220825195,0.00030517578125,-6.798723220825195,0.9821186065673828,0,1,0,0,4.045433044433594,0.00030517578125,2.0199432373046875,0.5,-4.048439025878906,25.54156494140625,22.019943237304688,80.86775970458984,4.260903473198986,1.0,-4.068809509277344,26.085662841796875,22.05401611328125,80.87470245361328,3.2012769528569986,1.0,-4.068458557128906,26.50020980834961,22.23395538330078,80.87525177001953,3.804310573675303,1.0017566202770904,-4.0753326416015625,25.095870971679688,22.03185272216797,80.86570739746094,5.239707928320345,1.0,-4.045433044433594,25.00030517578125,22.07640838623047,80.87059020996094,5.475201616477286,0.9821185791858857,max_min_best,170
1089,426115,4,0.7,initial,three_frequency_guided_swap_01,eca36da264ab1d02,-6.8367486000061035,-0.5758247375488281,-6.8367486000061035,0.9829369187355042,0,0,0,0,3.948150634765625,-0.5758247375488281,1.587982177734375,0.5,-3.948150634765625,24.935081481933594,21.587982177734375,80.85293579101562,4.232519775194119,1.0,-3.964935302734375,25.458736419677734,21.62646484375,80.85676574707031,3.163251629036731,1.0,-3.9629745483398438,25.78270721435547,21.779037475585938,80.85743713378906,3.7436013002853707,1.0013754477891572,-3.9748077392578125,24.5025634765625,21.593963623046875,80.85025024414062,3.9165712230276335,1.0,-3.9518203735351562,24.424175262451172,21.634567260742188,80.85257720947266,4.19026206070864,0.982936914511441,pareto_knee,171
1149,426115,4,0.8,alternating,three_frequency_guided_swap_05,9603d4bb8c666574,-30.32393455505371,1.4999991655349731,-30.32393455505371,-24.46241569519043,0,1,0,0,5.881523132324219,4.688053131103516,2.389434814453125,1.4999991655349731,-6.119255065917969,30.261966705322266,22.726699829101562,80.16364288330078,-20.080302437272874,-24.46241586378104,-5.881523132324219,30.10741424560547,23.023277282714844,80.16178131103516,-20.32393391737571,-24.46241586378104,-5.9900360107421875,29.688053131103516,23.08179473876953,80.16277313232422,-20.077234499411688,-24.05775023877083,-6.377372741699219,30.451793670654297,22.389434814453125,80.12549591064453,-19.655278392656857,-24.46241586378104,-6.4532623291015625,30.087722778320312,22.704566955566406,80.15409851074219,-17.643952365243575,-23.049283199103627,pattern_best,172
1135,426115,4,0.8,initial,parent_normalized,7c8572b6e2893f77,-3.9441003799438477,0.5,-3.9441003799438477,0.9851146936416626,0,1,0,0,6.534645080566406,2.549652099609375,2.133270263671875,0.5,-6.679710388183594,28.313678741455078,22.504470825195312,81.43144226074219,7.199844439308565,1.0,-6.6736907958984375,28.221927642822266,22.467453002929688,81.43240356445312,6.495045576793038,1.0,-6.653114318847656,27.549652099609375,22.133270263671875,81.4444351196289,6.087984597732319,1.0004159667176535,-6.669609069824219,28.379802703857422,22.500953674316406,81.37570190429688,6.709891684361683,1.0,-6.534645080566406,28.959877014160156,22.498001098632812,81.32698059082031,6.055899705221179,0.9851146847382485,active_rl_best,173
1151,426115,4,0.8,alternating,three_frequency_guided_swap_07,30b8a8b4b223b73e,-7.042123317718506,0.5,-7.042123317718506,-2.2853121757507324,0,1,0,0,6.359474182128906,4.878448486328125,3.4720535278320312,0.5,-6.632164001464844,30.475833892822266,23.722225189208984,80.22981262207031,4.41030345321191,-2.104519044440231,-6.359474182128906,30.41427230834961,23.58211898803711,80.22952270507812,3.4241934399339296,-2.104519044440231,-6.4445648193359375,29.878448486328125,23.64754867553711,80.22929382324219,2.9578765669805995,-2.2853120770480118,-6.907844543457031,30.472042083740234,23.479965209960938,80.19017028808594,4.54107779770286,-2.104519044440231,-7.041473388671875,30.33712387084961,23.47205352783203,80.24537658691406,4.3835413642961685,-2.2225145356298626,max_min_best,174
1132,426115,4,0.8,initial,failed_best_swap_01_2,c4308d6e39413106,-7.44578742980957,0.5,-7.44578742980957,0.5056168437004089,0,1,0,0,5.282234191894531,4.655403137207031,2.369659423828125,0.5,-5.42706298828125,30.135868072509766,22.475730895996094,81.70849609375,4.473020046396264,1.0,-5.448455810546875,29.943878173828125,22.450050354003906,81.71330261230469,2.5778264263080746,1.0,-5.431907653808594,29.65540313720703,22.396461486816406,81.72842407226562,2.554212795896562,0.5056168691046068,-5.433563232421875,30.34561538696289,22.423751831054688,81.69137573242188,4.009170731908893,1.0,-5.282234191894531,31.167808532714844,22.369659423828125,81.65023040771484,3.9861562637664654,0.9924904699747832,pareto_knee,175
1163,426116,4,0.5,initial,failed_best_swap_01_1,e1ef3f2e495655b8,-7.556006908416748,-0.04113006591796875,-7.556006908416748,-0.40998008847236633,0,0,0,0,3.185821533203125,1.2569007873535156,0.796234130859375,-0.04113006591796875,-3.2389373779296875,26.296428680419922,20.841697692871094,78.93193054199219,2.9873510196663777,-0.058202421579185426,-3.2507781982421875,26.322948455810547,20.796234130859375,78.92933654785156,3.380592625901908,-0.058202421579185426,-3.2594680786132812,26.59941864013672,20.84601593017578,78.9000473022461,3.521620474509792,-0.40998009116326983,-3.2232284545898438,26.256900787353516,20.949180603027344,78.88836669921875,2.4439931232247507,-0.058202421579185426,-3.185821533203125,26.328739166259766,21.077377319335938,78.8892593383789,2.7674842975890472,-0.3776648253190764,pattern_best,176
1167,426116,4,0.5,initial,parent_normalized,13a725e7fb0758d4,-3.1704747676849365,-0.57763671875,-3.1704747676849365,1.0,0,0,0,0,3.2381439208984375,-0.27635955810546875,-0.14440155029296875,-0.57763671875,-3.2619781494140625,25.609596252441406,19.988983154296875,78.40235137939453,8.347229581462159,1.0,-3.2381439208984375,26.08008575439453,19.96961212158203,78.37040710449219,7.004139561273775,1.0,-3.353485107421875,26.246612548828125,20.10694122314453,78.4627456665039,6.829525291333019,1.0075740035638057,-3.2843170166015625,25.10486602783203,20.03687286376953,78.3903579711914,7.672752937347147,1.0,-3.2478103637695312,24.72364044189453,19.85559844970703,78.35186004638672,7.930404533832736,1.0020592440383536,active_rl_best,177
1175,426116,4,0.5,initial,hard_positive_swap_00,3dc101d77cc9beba,-6.112518310546875,-0.8345069885253906,-6.112518310546875,0.9999445080757141,0,0,0,0,3.18316650390625,-0.8345069885253906,0.5171432495117188,-0.6607437133789062,-3.2088165283203125,24.715194702148438,20.587982177734375,78.31431579589844,5.232497881995774,1.0,-3.18316650390625,25.11090087890625,20.59958267211914,78.28228759765625,5.709961068046504,1.0,-3.2875137329101562,25.823768615722656,20.868759155273438,78.3759994506836,4.939385094940195,1.009422890537449,-3.2335739135742188,24.281414031982422,20.591327667236328,78.30262756347656,3.8874817572831324,1.0,-3.2254714965820312,24.16549301147461,20.51714324951172,78.26875305175781,4.148316206065929,0.9999444946806116,max_min_best,178
1160,426116,4,0.5,initial,failed_best_swap_00_1,18280d23dca1ddb4,-10.100176811218262,-0.5045089721679688,-10.100176811218262,1.0,0,0,0,0,3.4247817993164062,0.5780181884765625,-0.31249237060546875,-0.5045089721679688,-3.4501266479492188,26.557106018066406,19.94635772705078,78.47161865234375,0.31250897341682826,1.0,-3.4247817993164062,26.75196075439453,19.91808319091797,78.43785095214844,0.7649855468943065,1.0,-3.535400390625,27.32638168334961,20.008148193359375,78.52378845214844,0.3172042208643917,1.007589556755085,-3.4737548828125,26.068870544433594,19.9305419921875,78.4614028930664,-0.10017638693894243,1.0,-3.4383163452148438,25.578018188476562,19.68750762939453,78.42498779296875,-0.07228719994435474,1.002720241624365,pareto_knee,179
1197,426116,4,0.6,initial,failed_best_swap_01_3,9ed3256aa3ff5f92,-16.943227767944336,0.5,-16.943227767944336,-6.052480220794678,0,1,0,0,6.595314025878906,0.5929069519042969,1.0582351684570312,0.5,-6.609840393066406,25.85097885131836,21.15985870361328,79.68379211425781,-6.644949758201763,-5.669301560207167,-6.595314025878906,25.797698974609375,21.14904022216797,79.67810821533203,-6.9432285541688366,-5.669301560207167,-6.731071472167969,26.027503967285156,21.05823516845703,79.715576171875,-6.258597163553165,-4.619897001198051,-6.611236572265625,25.88359832763672,21.175094604492188,79.65918731689453,-6.294483770950179,-5.669301560207167,-6.618751525878906,25.592906951904297,21.442726135253906,79.65470886230469,-6.770345938812654,-6.052480405081653,pattern_best,180
1199,426116,4,0.6,initial,parent_normalized,ef5519cf0a9912a6,-1.5715245008468628,-0.3636016845703125,-1.5715245008468628,0.5717800259590149,0,0,0,0,7.290458679199219,-0.3636016845703125,1.615936279296875,0.5,-7.4702606201171875,24.86261749267578,21.787269592285156,79.67467498779297,9.342909693958553,1.0,-7.364082336425781,24.862892150878906,21.615936279296875,79.65914154052734,8.703931482289143,1.0,-7.365455627441406,25.033679962158203,21.777420043945312,79.68051147460938,8.547946659038393,0.5717800324941038,-7.486564636230469,24.87725830078125,21.90674591064453,79.6307144165039,8.428475541908048,1.0,-7.290458679199219,24.636398315429688,21.734405517578125,79.58908081054688,8.750145404876415,0.9876639851074269,active_rl_best,181
1214,426116,4,0.6,alternating,three_frequency_guided_swap_06,2480533d0080ee97,-9.849594116210938,-1.3537368774414062,-9.849594116210938,0.1991748809814453,0,0,0,0,7.180137634277344,-1.3537368774414062,0.20517730712890625,0.5,-7.4632415771484375,23.8692626953125,20.273887634277344,79.77030944824219,0.530094338597591,0.743491422502963,-7.185600280761719,23.867748260498047,20.291580200195312,79.7718734741211,1.1903511723731233,0.743491422502963,-7.180137634277344,23.773372650146484,20.341476440429688,79.78816223144531,1.2662704346138884,0.19917487952642077,-7.637748718261719,23.88031768798828,20.26477813720703,79.72712707519531,0.2777477513981333,0.743491422502963,-7.460441589355469,23.646263122558594,20.205177307128906,79.70110321044922,0.15040630645910405,0.9873284676724828,max_min_best,182
1208,426116,4,0.6,alternating,three_frequency_guided_swap_00,a23e41f340110811,-11.355512619018555,-0.7950248718261719,-11.355512619018555,-2.000469207763672,0,0,0,0,7.286529541015625,-0.7950248718261719,-0.024200439453125,0.5,-7.567138671875,24.583614349365234,20.02581024169922,79.77041625976562,-0.46791911996106483,-1.9640516516388082,-7.286529541015625,24.581321716308594,20.036376953125,79.7756118774414,-1.0757592088825605,-1.9640516516388082,-7.295806884765625,24.726032257080078,20.087326049804688,79.79261779785156,-1.3555122037558134,-2.000469095683165,-7.6448211669921875,24.571395874023438,20.02325439453125,79.72331237792969,-0.20017872385942026,-1.9640516516388082,-7.5582275390625,24.204975128173828,19.975799560546875,79.68890380859375,0.06995161197593808,-1.8089327194969371,pareto_knee,183
1216,426116,4,0.7,initial,three_frequency_guided_swap_00,31c9e6beed8941f0,-10.973868370056152,0.5,-10.973868370056152,0.9556297063827515,0,1,0,0,6.501884460449219,0.5636520385742188,1.6755218505859375,0.5,-6.716697692871094,25.56365203857422,21.872314453125,79.72222900390625,0.010305432317216208,1.0,-6.501884460449219,25.647048950195312,21.788307189941406,79.6897201538086,-0.9738686450905303,1.0,-6.681793212890625,25.634048461914062,21.706146240234375,79.69822692871094,-0.9111480335743115,0.9556296841236573,-6.930084228515625,25.56686019897461,21.856109619140625,79.69048309326172,1.2958983638033048,1.0,-6.9854278564453125,25.604995727539062,21.675521850585938,79.66881561279297,1.245793131297404,1.0007794114082245,pattern_best,184
1231,426116,4,0.7,initial,parent_normalized,3e49c59bddad69d1,-5.443143844604492,0.047695159912109375,-5.443143844604492,0.9848914742469788,0,1,0,0,6.558876037597656,0.047695159912109375,1.66015625,0.5,-6.763511657714844,25.2935791015625,22.002120971679688,79.68931579589844,5.0889869512294394,1.0,-6.558876037597656,25.262306213378906,21.993812561035156,79.66077423095703,5.890991100823765,1.0,-6.735298156738281,25.04769515991211,21.982818603515625,79.66411590576172,6.201449588195812,0.9848914504115456,-6.967185974121094,25.26584243774414,22.01732635498047,79.65452575683594,4.650393409355853,1.0,-6.876274108886719,25.879859924316406,21.66015625,79.64600372314453,4.556856336644146,1.0003326253000941,active_rl_best,185
1228,426116,4,0.7,initial,failed_best_swap_01_2,1c76b53319ce02f3,-11.46464729309082,0.5,-11.46464729309082,-0.1826961636543274,0,1,0,0,7.9868011474609375,0.8551139831542969,2.3921279907226562,0.5,-8.337821960449219,26.044147491455078,22.471397399902344,80.6082763671875,-1.1410547581875452,0.32964223494851197,-7.991798400878906,25.902759552001953,22.392127990722656,80.60696411132812,-1.171966274275194,0.32964223494851197,-7.9868011474609375,25.979873657226562,22.468833923339844,80.62255859375,-1.4646472192948943,-0.18269615981480314,-8.694709777832031,26.157211303710938,22.561080932617188,80.56822967529297,-0.8238101307521581,0.32964223494851197,-8.402397155761719,25.855113983154297,22.392478942871094,80.55807495117188,-1.1172183146421055,0.9739673071712538,max_min_best,186
1229,426116,4,0.7,initial,failed_best_swap_01_3,cf7256eecfbccef4,-12.407036781311035,-0.07541656494140625,-12.407036781311035,-3.2306153774261475,0,0,0,0,7.86102294921875,-0.07541656494140625,1.624542236328125,0.5,-8.214485168457031,25.18777847290039,21.68598175048828,80.61068725585938,-1.5164224191450084,-2.978598410585338,-7.885101318359375,25.13733673095703,21.62500762939453,80.61332702636719,-2.1545880742480437,-2.978598410585338,-7.86102294921875,24.924583435058594,21.716537475585938,80.629638671875,-2.407037065229465,-3.230615415427959,-8.55413818359375,25.238346099853516,21.75640869140625,80.56690979003906,-0.6413425495775955,-2.978598410585338,-8.286582946777344,25.100330352783203,21.624542236328125,80.56824493408203,-0.42554228204083916,-2.431013776215373,pareto_knee,187
1263,426116,4,0.8,initial,parent_normalized,0ff51e601b70136d,-4.047366142272949,0.5,-4.047366142272949,-1.6132851839065552,0,1,0,0,2.9130325317382812,1.3016853332519531,1.9967041015625,0.5,-3.0032272338867188,26.404987335205078,22.104393005371094,81.26956939697266,6.6929255242251315,-0.6996683230621912,-2.9977951049804688,26.301685333251953,21.9967041015625,81.26549530029297,6.861872833000459,-0.6996683230621912,-2.9906845092773438,26.870807647705078,22.002304077148438,81.25996398925781,5.95263392104556,-1.235081244767823,-3.03118896484375,26.508346557617188,22.212432861328125,81.25624084472656,6.699627265223064,-0.6996683230621912,-2.9130325317382812,27.355308532714844,22.39818572998047,81.21968078613281,6.460892531848854,-1.6132851527736989,pattern_best,188
1261,426116,4,0.8,initial,failed_best_swap_01_3,46a665310342c7d7,-9.064502716064453,0.5,-9.064502716064453,-0.2908286154270172,0,1,0,0,8.147102355957031,1.3896408081054688,2.846649169921875,0.5,-8.372512817382812,26.439559936523438,22.99266815185547,81.21446228027344,1.75310763015765,0.479877909083239,-8.409477233886719,26.442543029785156,22.940078735351562,81.19430541992188,0.9354975554429572,0.479877909083239,-8.410049438476562,26.38964080810547,22.998252868652344,81.16913604736328,1.6955338354533747,0.9991408387260976,-8.147102355957031,26.414608001708984,23.063613891601562,81.21037292480469,2.811656491177965,0.479877909083239,-8.253189086914062,27.135223388671875,22.846649169921875,81.17652893066406,2.8313568282286274,-0.2908286048206712,active_rl_best,189
1277,426116,4,0.8,alternating,three_frequency_guided_swap_05,2406d6b38505930d,-9.136518478393555,-0.23392486572265625,-9.136518478393555,-4.2156171798706055,0,0,0,0,3.6777572631835938,3.409282684326172,-0.23392486572265625,0.5,-3.7858657836914062,28.503013610839844,19.958908081054688,79.80140686035156,0.9508455538249543,-4.215617197992142,-3.8489303588867188,28.409282684326172,19.766075134277344,79.80868530273438,0.86348166683309,-4.215617197992142,-3.8349380493164062,28.70751953125,19.82696533203125,79.83087158203125,1.330151800550763,-3.9910489854793383,-3.7367095947265625,28.58818817138672,20.15351104736328,79.75251770019531,1.1733922735276465,-4.215617197992142,-3.6777572631835938,28.727642059326172,20.221633911132812,79.78746032714844,1.3499624641341414,-3.633493801067761,max_min_best,190
1248,426116,4,0.8,initial,three_frequency_guided_swap_00,947b258965a4e1b0,-9.62320327758789,0.5,-9.62320327758789,-1.6261281967163086,0,1,0,0,3.1079177856445312,2.12451171875,2.01202392578125,0.5,-3.2038192749023438,27.23861312866211,22.129974365234375,81.34063720703125,1.3276723017254735,-0.7011627436254173,-3.1989669799804688,27.12451171875,22.022850036621094,81.33647155761719,0.37679710129683064,-0.7011627436254173,-3.1957015991210938,27.74847412109375,22.01202392578125,81.33304595947266,0.8759211587713382,-1.2350820050721332,-3.2284164428710938,27.35480499267578,22.23956298828125,81.32449340820312,2.6918986939024707,-0.7011627436254173,-3.1079177856445312,28.144615173339844,22.10858917236328,81.28562927246094,2.8503346310584714,-1.6261282266424928,pareto_knee,191
1548,426117,4,0.5,initial,failed_best_swap_01_2,3063194705de92d6,-11.633108139038086,-0.17535400390625,-11.633108139038086,0.3886215388774872,0,0,0,0,5.708091735839844,1.1025352478027344,1.1597480773925781,-0.17535400390625,-6.006988525390625,26.438270568847656,21.355083465576172,79.08647155761719,-1.1776893080186681,0.7747371967975951,-6.3031768798828125,26.431716918945312,21.27898406982422,79.05668640136719,-0.4163473540724997,0.7747371967975951,-6.292701721191406,26.102535247802734,21.18303680419922,79.09456634521484,-0.6642632343104968,0.38862153140134836,-5.721160888671875,26.476760864257812,21.41309356689453,79.07121276855469,-1.6331084623416174,0.7747371967975951,-5.708091735839844,26.138893127441406,21.159748077392578,79.05419921875,-1.615351572989823,0.8180368535883105,pattern_best,192
1551,426117,4,0.5,initial,parent_normalized,5dabf3bcdf22c178,-2.3582162857055664,-0.466400146484375,-2.3582162857055664,1.0,0,0,0,0,4.1031646728515625,2.7732772827148438,1.6466636657714844,-0.466400146484375,-4.1771087646484375,27.928451538085938,21.826255798339844,78.82588195800781,8.177629522354588,1.0,-4.134117126464844,27.954421997070312,21.675457000732422,78.78239440917969,7.91350397026135,1.0,-4.106658935546875,28.422626495361328,21.646663665771484,78.77117919921875,7.949111051714195,1.0139448767122823,-4.195220947265625,27.773277282714844,21.98917007446289,78.80374908447266,7.8904678782185975,1.0,-4.1031646728515625,27.879016876220703,22.05561065673828,78.76315307617188,7.641783821950511,1.001549640147197,active_rl_best,193
1566,426117,4,0.5,alternating,three_frequency_guided_swap_06,8de1a7c7e8c6f785,-7.910532474517822,-1.3111419677734375,-7.910532474517822,-3.5051279067993164,0,0,0,0,3.3250350952148438,1.9416885375976562,0.0257110595703125,-1.3111419677734375,-3.3319625854492188,27.389694213867188,20.298988342285156,77.94373321533203,3.792582064254772,-3.320244247533001,-3.3369522094726562,27.617752075195312,20.139854431152344,77.92902374267578,2.684636975203852,-3.320244247533001,-3.4256668090820312,27.255477905273438,20.025711059570312,77.93798828125,2.089467723143416,-3.269530454713262,-3.3250350952148438,26.941688537597656,20.469467163085938,77.91841125488281,3.0928736578097054,-3.320244247533001,-3.4218597412109375,27.292251586914062,20.537208557128906,77.96050262451172,3.329463403372209,-3.5051280076716083,max_min_best,194
1537,426117,4,0.5,initial,three_frequency_guided_swap_01,c90a288019b83dad,-9.740622520446777,-0.5076370239257812,-9.740622520446777,-3.0401742458343506,0,0,0,0,4.2994232177734375,0.7749748229980469,1.145721435546875,-0.5076370239257812,-4.3867950439453125,25.78460693359375,21.20977783203125,78.7938232421875,1.4827133498377405,-2.7689464901102845,-4.344444274902344,25.781639099121094,21.174591064453125,78.7468032836914,0.953037364494465,-2.7689464901102845,-4.302726745605469,26.23424530029297,21.146957397460938,78.72191619873047,0.2593770136844102,-3.0401741740062462,-4.403770446777344,25.774974822998047,21.145721435546875,78.77511596679688,2.2501079804100415,-2.7689464901102845,-4.2994232177734375,26.17727279663086,21.373973846435547,78.73052978515625,2.6564767292658793,-2.7759334890417335,pareto_knee,195
1583,426117,4,0.6,initial,parent_normalized,e111d9358ad080ba,-2.105717658996582,0.4716644287109375,-2.105717658996582,0.7944926619529724,0,1,0,0,5.697486877441406,0.5710563659667969,1.7216567993164062,0.4716644287109375,-5.8489532470703125,25.74065399169922,21.74024200439453,79.8012924194336,10.051640654475996,0.7944926732519129,-5.989494323730469,25.914024353027344,21.736968994140625,79.7883529663086,9.048179696431802,0.7944926732519129,-6.0897674560546875,26.27825927734375,21.804168701171875,79.7864990234375,9.012768263023773,0.8309354448054584,-5.697486877441406,25.571056365966797,21.760581970214844,79.76740264892578,8.651918354558042,0.7944926732519129,-5.8174591064453125,25.972679138183594,21.721656799316406,79.70121765136719,7.8942822867795615,1.0082983673714052,pattern_best,196
1579,426117,4,0.6,initial,failed_best_swap_01_1,2263dd407a164311,-4.332767009735107,-0.5,-4.332767009735107,0.8257607221603394,0,0,0,0,6.640953063964844,-0.09904861450195312,0.7856521606445312,-0.5,-6.7724761962890625,25.039791107177734,21.175765991210938,79.70143127441406,7.548271772515233,1.0,-6.745414733886719,25.187252044677734,21.215347290039062,79.68862915039062,5.6672328833226695,1.0,-6.640953063964844,25.37820816040039,21.21234893798828,79.68364715576172,6.01046140714579,1.00143609783454,-6.793464660644531,24.900951385498047,21.193603515625,79.66539001464844,6.44726589519223,1.0,-6.702461242675781,25.316085815429688,20.78565216064453,79.6440200805664,6.766657164457043,0.8257607090993169,active_rl_best,197
1568,426117,4,0.6,initial,three_frequency_guided_swap_00,9f7a2ca22ef82a46,-9.318991661071777,-0.06172943115234375,-9.318991661071777,0.7932738661766052,0,0,0,0,5.796112060546875,-0.06172943115234375,1.8915939331054688,0.421295166015625,-5.9560546875,25.39984130859375,22.010177612304688,79.7503662109375,1.1551196665322327,0.7932738412260392,-6.105140686035156,25.48514175415039,21.988906860351562,79.73880004882812,0.6810079381559582,0.7932738412260392,-6.20269775390625,25.44994354248047,22.07184600830078,79.7342529296875,0.8725236676830881,0.8026093520435076,-5.796112060546875,25.286758422851562,22.048843383789062,79.71507263183594,1.6019956009521652,0.7932738412260392,-5.9220733642578125,24.938270568847656,21.89159393310547,79.65084838867188,1.6640346189102546,1.0086955471318648,max_min_best,198
1592,426117,4,0.6,alternating,three_frequency_guided_swap_00,9b0601f87e61548a,-11.406167984008789,-1.1029052734375,-11.406167984008789,-7.318180561065674,0,0,0,0,4.0386505126953125,0.32430267333984375,1.8236846923828125,-1.1029052734375,-4.214263916015625,25.508079528808594,21.85955810546875,78.16226196289062,-0.5803726628085233,-7.318180389852863,-4.0386505126953125,25.625041961669922,21.86345672607422,78.14421844482422,0.12625797553152304,-7.318180389852863,-4.2242584228515625,25.324302673339844,22.068283081054688,78.16727447509766,-0.4885406443839171,-7.051710785073727,-4.169059753417969,25.350563049316406,21.823684692382812,78.12664794921875,-1.406167561721776,-7.318180389852863,-4.088226318359375,25.386566162109375,21.90941619873047,78.1375961303711,-0.9872337656552428,-6.831037503897363,pareto_knee,199
1615,426117,4,0.7,initial,parent_normalized,34236e0ac39513ee,-1.344933271408081,0.4107608199119568,-1.344933271408081,-0.2778624892234802,0,1,0,0,7.285148620605469,0.7717094421386719,1.5598220825195312,0.4107608199119568,-7.8077545166015625,25.941146850585938,21.84032440185547,80.55474853515625,9.718445520534747,0.05257662174706468,-7.285148620605469,26.115745544433594,21.82892608642578,80.52439880371094,8.693021033548554,0.05257662174706468,-7.453392028808594,26.327213287353516,21.90087890625,80.48607635498047,8.65506668714972,0.9967825916463404,-7.94427490234375,25.771709442138672,21.866844177246094,80.53528594970703,8.65796589451265,0.05257662174706468,-7.783500671386719,26.199981689453125,21.55982208251953,80.4713363647461,9.157639132073497,-0.27786249097974647,pattern_best,200
1600,426117,4,0.7,initial,three_frequency_guided_swap_00,58a109a18d728031,-7.84946346282959,0.4107608199119568,-7.84946346282959,-0.2778613567352295,0,1,0,0,7.336402893066406,0.6966133117675781,1.6498184204101562,0.4107608199119568,-7.856170654296875,26.015460968017578,21.930625915527344,80.48918151855469,2.9537093007993986,0.05435400664750745,-7.336402893066406,26.071025848388672,21.976516723632812,80.46102905273438,2.266747770998906,0.05435400664750745,-7.494384765625,25.696613311767578,22.01032257080078,80.41596984863281,2.15053648396008,0.9968783161288908,-8.181129455566406,25.957157135009766,21.944717407226562,80.46879577636719,3.5520800734524043,0.05435400664750745,-8.028892517089844,25.7706298828125,21.649818420410156,80.4164810180664,3.5286840086976934,-0.27786135282543967,active_rl_best,201
1624,426117,4,0.7,alternating,three_frequency_guided_swap_00,b1c14d3556c62a3a,-8.030264854431152,0.4107608199119568,-8.030264854431152,-0.6607658267021179,0,1,0,0,7.461112976074219,0.5722885131835938,1.18267822265625,0.4107608199119568,-8.001228332519531,26.015274047851562,21.21660614013672,80.55294036865234,2.6393692775963027,-0.6607658309812017,-7.461112976074219,25.972763061523438,21.217002868652344,80.52323150634766,1.9697351489020662,-0.6607658309812017,-7.62322998046875,25.572288513183594,21.360015869140625,80.48248291015625,2.0758223829054674,-0.43019995808364797,-8.231925964355469,25.99581527709961,21.229957580566406,80.52924346923828,3.3193212343131244,-0.6607658309812017,-8.120346069335938,25.781356811523438,21.18267822265625,80.46229553222656,3.4127874308952615,-0.35790179943280975,max_min_best,202
1612,426117,4,0.7,initial,failed_best_swap_01_2,06f97e23a644dadb,-13.67455005645752,-0.3253822326660156,-13.67455005645752,0.9978945255279541,0,0,0,0,8.813247680664062,-0.3253822326660156,1.1548919677734375,0.5,-9.199935913085938,24.809829711914062,21.16876983642578,80.45604705810547,-3.598207329322041,1.0,-8.813247680664062,24.95254135131836,21.195114135742188,80.43560791015625,-3.23738720071735,1.0,-9.071937561035156,25.327598571777344,21.3038330078125,80.38339233398438,-3.427712063714265,1.0116101817392358,-9.188392639160156,24.674617767333984,21.154891967773438,80.42375183105469,-3.6745497615427243,1.0,-9.283607482910156,25.123291015625,21.285675048828125,80.38809967041016,-3.5585209762324688,0.9978945350124565,pareto_knee,203
1647,426117,4,0.8,initial,parent_normalized,d994c5234a0383bb,-2.2068212032318115,1.0501195192337036,-2.2068212032318115,0.9981456398963928,0,1,0,0,8.849128723144531,2.1307029724121094,3.202178955078125,1.0501195192337036,-9.048179626464844,27.324108123779297,23.220794677734375,81.12887573242188,8.875456090896968,1.0,-8.849128723144531,27.407928466796875,23.202178955078125,81.09521484375,8.190547930753434,1.0,-8.986831665039062,27.13070297241211,23.235816955566406,81.04881286621094,8.38456596141786,1.0044329341127256,-9.050132751464844,27.239646911621094,23.248085021972656,81.09768676757812,8.150922546808633,1.0,-9.014633178710938,27.218677520751953,23.37651824951172,81.04722595214844,7.793178764025061,0.9981456546701138,pattern_best,204
1643,426117,4,0.8,initial,failed_best_swap_01_1,e92859e6da80b159,-4.901841640472412,0.8159408569335938,-4.901841640472412,0.3419637382030487,0,1,0,0,9.432838439941406,0.8159408569335938,2.170684814453125,1.0501195192337036,-9.485267639160156,25.946964263916016,22.234214782714844,80.9835205078125,5.4000212138353865,1.0,-9.5299072265625,26.080867767333984,22.19806671142578,80.95724487304688,5.358071752454804,1.0,-9.573249816894531,26.51742935180664,22.170684814453125,80.8985595703125,5.107262449595465,1.0082263188292486,-9.434280395507812,25.815940856933594,22.280914306640625,80.94425964355469,5.294610671081413,1.0,-9.432838439941406,26.084205627441406,22.34229278564453,80.90908813476562,5.098158409091033,0.3419637517054177,active_rl_best,205
1641,426117,4,0.8,initial,failed_best_swap_00_2,18458186ef00ae6c,-11.742112159729004,1.0501195192337036,-11.742112159729004,-6.927069664001465,0,1,0,0,9.055046081542969,1.2821922302246094,2.6541213989257812,1.0501195192337036,-9.380813598632812,26.360855102539062,22.675155639648438,81.15968322753906,-0.7733179056482451,-6.699333360803156,-9.055046081542969,26.435565948486328,22.65412139892578,81.12867736816406,-0.7703432578368391,-6.699333360803156,-9.340911865234375,26.314163208007812,22.7972412109375,81.08219909667969,-1.2383993325820115,-6.553352761377617,-9.3785400390625,26.28219223022461,22.70227813720703,81.12576293945312,-0.7638581076299062,-6.699333360803156,-9.354278564453125,26.31705093383789,22.82141876220703,81.08016967773438,-1.7421122539723415,-6.927069601280017,max_min_best,206
1645,426117,4,0.8,initial,failed_best_swap_01_3,7fbc7c339c3ce6ee,-13.108607292175293,-0.9717636108398438,-13.108607292175293,0.08702883124351501,0,0,0,0,9.697120666503906,-0.9717636108398438,1.6358489990234375,0.5,-9.813980102539062,24.111297607421875,21.652572631835938,80.99797058105469,-2.8853311623043427,1.0,-9.801872253417969,24.192211151123047,21.635848999023438,80.99435424804688,-2.4478632158667417,1.0,-9.857795715332031,24.555885314941406,21.648658752441406,80.93901062011719,-2.2103955627063705,1.0100600102052588,-9.744239807128906,24.028236389160156,21.67627716064453,80.95172882080078,-3.0799351440211447,1.0,-9.697120666503906,24.24798583984375,21.786880493164062,80.87907409667969,-3.1086076236104665,0.08702883337453216,pareto_knee,207
1674,426121,6,0.5,initial,failed_best_swap_00_3,03bc5b110c2a7ac2,-7.328766822814941,0.3388214111328125,-7.328766822814941,-3.8078532218933105,0,1,0,0,5.1799774169921875,0.3388214111328125,0.8690185546875,0.3817670941352844,-5.241851806640625,25.696453094482422,21.271469116210938,77.00856018066406,5.329300393446577,-3.8078533199009748,-5.1799774169921875,25.617877960205078,21.077980041503906,76.984619140625,3.0104663386408825,-3.8078533199009748,-5.2416229248046875,25.338821411132812,20.8690185546875,76.94993591308594,2.6712332270114714,-3.7197836564147124,-5.336906433105469,25.782630920410156,21.404354095458984,77.01497650146484,6.0953534202385695,-3.8078533199009748,-5.2126007080078125,25.862144470214844,21.131263732910156,77.01043701171875,6.056504480980695,-3.4376311705664975,pattern_best,208
1679,426121,6,0.5,initial,parent_normalized,e9ad38715284c45f,-7.8292927742004395,0.25211334228515625,-7.8292927742004395,-3.839623212814331,0,1,0,0,5.211936950683594,0.25211334228515625,0.976898193359375,0.3817670941352844,-5.28765869140625,25.56801986694336,21.33733367919922,77.08702087402344,4.612185882987379,-3.8396232574059965,-5.239295959472656,25.401798248291016,21.30167007446289,77.06094360351562,2.433596164217336,-3.8396232574059965,-5.302101135253906,25.252113342285156,21.10385513305664,77.03133392333984,2.1707073482606103,-3.719785663315367,-5.349906921386719,25.628860473632812,21.231040954589844,77.082763671875,6.184813813711885,-3.8396232574059965,-5.211936950683594,25.37823486328125,20.976898193359375,77.07655334472656,5.837566913294657,-3.4376344754128567,active_rl_best,209
1664,426121,6,0.5,initial,three_frequency_guided_swap_00,6cf9ebc45c10470c,-11.034111022949219,-0.5,-11.034111022949219,-9.00400447845459,0,0,0,0,5.276908874511719,0.09511566162109375,0.3617706298828125,-0.5,-5.324790954589844,25.240657806396484,20.733619689941406,77.0184097290039,0.13568331894159152,-8.915556453291373,-5.276908874511719,25.095115661621094,20.78345489501953,76.98456573486328,-0.7391286089595945,-8.915556453291373,-5.361183166503906,25.127689361572266,21.081741333007812,76.96574401855469,-1.0341108505194965,-9.004004115088978,-5.374359130859375,25.47269058227539,20.63758087158203,77.02584838867188,1.2582349695572803,-8.915556453291373,-5.292510986328125,25.572277069091797,20.361770629882812,77.03385925292969,2.2281923508790533,-8.386501436905242,max_min_best,210
1675,426121,6,0.5,initial,failed_best_swap_01_1,d340c9a96fd31f05,-15.618191719055176,-4.153953552246094,-15.618191719055176,1.0,0,0,0,0,2.75396728515625,-4.153953552246094,-3.0414886474609375,-0.5,-2.8609771728515625,21.111541748046875,17.196304321289062,77.5315933227539,-5.6181918481228355,1.0,-2.8186874389648438,21.14035415649414,17.123695373535156,77.480712890625,-5.552505830696033,1.0,-2.75396728515625,21.124675750732422,17.07085418701172,77.40220642089844,-5.257529570070152,1.0163681862336924,-2.879180908203125,21.018814086914062,17.211326599121094,77.51753997802734,-5.572413780609116,1.0,-2.75408935546875,20.846046447753906,16.958511352539062,77.47114562988281,-5.3796730220946625,1.0004043462631216,pareto_knee,211
1711,426121,6,0.6,initial,parent_normalized,b12506f94ffdbcaa,-4.0150957107543945,-0.5,-4.0150957107543945,1.0,0,0,0,0,4.4527740478515625,-0.06861495971679688,0.5544281005859375,-0.5,-4.916389465332031,25.365001678466797,20.89313507080078,78.46572875976562,7.275161200198529,1.0,-5.253448486328125,25.440948486328125,20.832176208496094,78.40254974365234,5.984904370423606,1.0,-5.203315734863281,25.32376480102539,20.810348510742188,78.31779479980469,6.09629613315705,1.0140067467572826,-4.592262268066406,25.214393615722656,20.91205596923828,78.46357727050781,8.452221634940193,1.0,-4.4527740478515625,24.931385040283203,20.554428100585938,78.44026947021484,8.323596864650437,1.0038443468628613,pattern_best,212
1696,426121,6,0.6,initial,three_frequency_guided_swap_00,4b2c2e7582bd4f02,-8.196208953857422,-0.9076957702636719,-5.066226005554199,-8.196208953857422,0,0,0,0,4.287498474121094,-0.9076957702636719,-0.00087738037109375,-0.5,-4.7581787109375,24.450180053710938,20.26380157470703,78.41338348388672,5.442321239507049,-7.963303884748633,-5.0912628173828125,24.52505874633789,20.20270538330078,78.34999084472656,6.007437286767838,-7.963303884748633,-5.047920227050781,24.3436279296875,20.16590118408203,78.26895141601562,5.657608477572121,-8.196208479382456,-4.4377593994140625,24.303634643554688,20.282676696777344,78.41143798828125,4.933774199836988,-7.963303884748633,-4.287498474121094,24.092304229736328,19.999122619628906,78.38716888427734,5.0215680928979465,-8.056761950263937,active_rl_best,213
1707,426121,6,0.6,initial,failed_best_swap_01_1,5d126f5aa88a6cdf,-9.570170402526855,-2.9857559204101562,-9.570170402526855,-5.053996562957764,0,0,0,0,6.1767730712890625,-2.9857559204101562,1.4818801879882812,0.5,-6.2139434814453125,22.172786712646484,21.56078338623047,78.29950714111328,0.6666470802719765,-4.334403489152226,-6.179313659667969,22.30370330810547,21.607139587402344,78.25293731689453,0.4298292214525018,-4.334403489152226,-6.1767730712890625,22.41680908203125,21.70224380493164,78.12460327148438,0.47420635361864355,-4.263036429623771,-6.226951599121094,22.014244079589844,21.48188018798828,78.28096008300781,0.9261262851811876,-4.334403489152226,-6.427497863769531,22.304195404052734,21.711315155029297,78.28421783447266,1.0611113440126143,-5.053996638623328,max_min_best,214
1705,426121,6,0.6,initial,failed_best_swap_00_2,3b11183b5e9520bb,-10.106100082397461,-0.5,-10.106100082397461,1.0,0,0,0,0,4.486976623535156,0.3069419860839844,0.45149993896484375,-0.5,-4.948860168457031,25.456966400146484,20.74474334716797,78.44690704345703,0.6414629922976629,1.0,-5.280364990234375,25.522544860839844,20.699447631835938,78.3863525390625,0.296282371536548,1.0,-5.242095947265625,25.769012451171875,20.68231964111328,78.30917358398438,-0.10610041841685383,1.0118403024569649,-4.629280090332031,25.306941986083984,20.747188568115234,78.44249725341797,0.8804304098157356,1.0,-4.486976623535156,25.389835357666016,20.451499938964844,78.42909240722656,0.6005063539134016,1.0049254413989188,pareto_knee,215
1738,426121,6,0.7,initial,failed_best_swap_00_3,98819d7bde0ab855,-13.861308097839355,0.2782402038574219,-13.861308097839355,-2.8813626766204834,0,1,0,0,7.118339538574219,0.2782402038574219,1.9116287231445312,0.5,-7.432708740234375,25.472095489501953,22.296798706054688,78.36261749267578,-3.5657669705833746,-2.575241303534405,-7.416587829589844,25.640384674072266,22.26007843017578,78.33104705810547,-3.8613078041899325,-2.575241303534405,-7.118339538574219,25.69296646118164,22.353355407714844,78.25316619873047,-3.581123565132114,-2.881362706735274,-7.443397521972656,25.278240203857422,22.14490509033203,78.3553237915039,-2.963636030296537,-2.575241303534405,-7.374656677246094,25.480533599853516,21.91162872314453,78.38030242919922,-2.8924437972309587,-2.2608052284081452,pattern_best,216
1741,426121,6,0.7,initial,failed_best_swap_01_3,f3a584399dd6c6ba,-5.7236647605896,-0.5,-5.7236647605896,0.6629718542098999,0,0,0,0,5.3485870361328125,0.9848213195800781,1.16278076171875,-0.5,-5.967582702636719,26.186599731445312,21.43677520751953,79.28372955322266,5.4054826440475265,0.6629718540113743,-6.384651184082031,26.288558959960938,21.394699096679688,79.23082733154297,4.529350635192505,0.6629718540113743,-6.362205505371094,26.37600326538086,21.420082092285156,79.18385314941406,4.276335001754839,1.0082455437861564,-5.552940368652344,26.013694763183594,21.16278076171875,79.25465393066406,5.5646931237085,0.6629718540113743,-5.3485870361328125,25.984821319580078,21.208282470703125,79.19955444335938,5.571478243409204,1.0004884438736539,active_rl_best,217
1743,426121,6,0.7,initial,parent_normalized,ad833b509b429c25,-7.694769382476807,-0.34774017333984375,-7.694769382476807,-2.8813610076904297,0,0,0,0,7.015525817871094,-0.34774017333984375,2.0041580200195312,0.5,-7.319831848144531,24.835693359375,22.362808227539062,78.4411849975586,2.8629257999922206,-2.5470685999384166,-7.297416687011719,24.994094848632812,22.537315368652344,78.40496826171875,3.180979816339386,-2.5470685999384166,-7.015525817871094,25.040443420410156,22.699874877929688,78.32383728027344,2.4777438075774167,-2.881360895581718,-7.313377380371094,24.652259826660156,22.216270446777344,78.41305541992188,2.5303090814133418,-2.5470685999384166,-7.2649078369140625,24.863475799560547,22.00415802001953,78.43696594238281,2.3052307202222795,-2.2608030976369164,max_min_best,218
1752,426121,6,0.7,alternating,three_frequency_guided_swap_00,56b5e8643f5a400e,-7.928229808807373,-0.5,-7.928229808807373,-7.638795852661133,0,0,0,0,5.559715270996094,-0.20182037353515625,0.0724639892578125,-0.5,-6.208106994628906,24.963577270507812,20.146865844726562,79.29082489013672,2.9284668022427747,-7.53136289676813,-6.633201599121094,25.05927276611328,20.0833740234375,79.22483825683594,2.0717704042047744,-7.53136289676813,-6.663215637207031,25.093551635742188,20.110702514648438,79.18447875976562,2.9347686177603673,-7.638795887602001,-5.800025939941406,24.798179626464844,20.16797637939453,79.28721618652344,3.9061808120165455,-7.53136289676813,-5.559715270996094,25.191505432128906,20.072463989257812,79.18272399902344,4.636832820654137,-7.579942695177589,pareto_knee,219
1775,426121,6,0.8,initial,parent_normalized,cf74e6c2aa48cbb1,-3.4041759967803955,-0.5,-3.4041759967803955,-1.1227352619171143,0,0,0,0,6.8450927734375,2.6960372924804688,3.0507049560546875,-0.5,-7.533103942871094,27.909645080566406,23.06513214111328,79.41136932373047,8.190952461453287,-1.1227353207280366,-7.575157165527344,28.07947540283203,23.050704956054688,79.3651351928711,6.595824016807741,-1.1227353207280366,-7.5341644287109375,28.036235809326172,23.229751586914062,79.29976654052734,7.19734823673405,-0.9184321409243346,-6.928733825683594,27.69603729248047,23.079025268554688,79.39173889160156,7.27485862522414,-1.1227353207280366,-6.8450927734375,27.95526123046875,23.076766967773438,79.41145324707031,7.492738127968288,-0.7896882830610643,pattern_best,220
1790,426121,6,0.8,alternating,three_frequency_guided_swap_06,d61ac7907c027e9b,-7.59281063079834,-0.5760688781738281,-7.59281063079834,-0.3427722454071045,0,0,0,0,6.724784851074219,-0.5760688781738281,0.9636383056640625,-0.5,-7.4463958740234375,24.865314483642578,21.0035400390625,79.41847229003906,3.5386597992201576,0.05903470360402707,-8.044845581054688,24.956260681152344,20.963638305664062,79.375732421875,2.4071892296217934,0.05903470360402707,-7.942352294921875,24.423931121826172,21.241859436035156,79.28683471679688,2.941452678669198,0.7073282549168205,-6.844154357910156,24.72332763671875,21.04400634765625,79.39498138427734,4.951569888666508,0.05903470360402707,-6.724784851074219,24.739742279052734,21.146392822265625,79.40858459472656,4.618721538386307,-0.3427722479558106,active_rl_best,221
1791,426121,6,0.8,alternating,three_frequency_guided_swap_07,736e06468790c482,-8.842622756958008,-1.6356391906738281,-8.842622756958008,-5.08252477645874,0,0,0,0,6.472747802734375,-1.6356391906738281,0.6965179443359375,-0.5,-7.1714630126953125,23.777870178222656,20.90229034423828,79.34161376953125,1.506505625929365,-4.620786362470511,-7.8161773681640625,23.863285064697266,20.85356903076172,79.29701232910156,2.207082766409071,-4.620786362470511,-7.7304840087890625,23.364360809326172,20.696517944335938,79.20923614501953,1.8240783475670819,-5.082524767564493,-6.5713653564453125,23.640682220458984,20.93719482421875,79.31999206542969,1.1753303620415136,-4.620786362470511,-6.472747802734375,23.68779754638672,20.85986328125,79.33475494384766,1.1573768668855684,-4.780968849852979,max_min_best,222
1785,426121,6,0.8,alternating,three_frequency_guided_swap_01,342e3f661bc356ec,-9.034777641296387,-1.3390998840332031,-9.034777641296387,-6.807033538818359,0,0,0,0,6.60308837890625,-1.3390998840332031,0.7324371337890625,-0.5,-7.315803527832031,24.137710571289062,20.979263305664062,79.23887634277344,1.263773600283624,-6.77597611207554,-7.602630615234375,24.242137908935547,20.931655883789062,79.19031524658203,1.883838739162036,-6.77597611207554,-7.527641296386719,23.660900115966797,20.732437133789062,79.10057830810547,1.7447379603265145,-6.8070335848064545,-6.69525146484375,23.98088836669922,20.998634338378906,79.22158813476562,1.0030138034478784,-6.77597611207554,-6.60308837890625,24.02367401123047,20.752037048339844,79.23606872558594,0.9652224634032744,-6.625792342026987,pareto_knee,223
2061,426124,6,0.5,initial,failed_best_swap_01_3,ab632e70b9935a95,-14.338886260986328,-0.5,-14.338886260986328,-6.399910926818848,0,0,0,0,3.9734420776367188,-0.43695831298828125,0.5330581665039062,-0.5,-3.98297119140625,24.61196517944336,20.592727661132812,76.17373657226562,-3.9119164202956123,-6.399911134047471,-3.9734420776367188,24.630680084228516,20.533058166503906,76.16532897949219,-3.425315402470355,-6.399911134047471,-4.0609130859375,24.840347290039062,20.55901336669922,76.19465637207031,-3.780867748789327,-6.358911524104297,-3.9985885620117188,24.56304168701172,20.634857177734375,76.15911865234375,-4.3388865298081205,-6.399911134047471,-4.075927734375,24.88451385498047,20.724620819091797,76.169921875,-4.20887102168283,-6.308987366518085,pattern_best,224
2063,426124,6,0.5,initial,parent_normalized,ffa3280306edc553,-5.957432746887207,-0.9736709594726562,-5.957432746887207,-0.02694135531783104,0,0,0,0,3.8403778076171875,-0.136962890625,-0.4459381103515625,-0.9736709594726562,-4.518890380859375,25.081398010253906,19.744544982910156,75.67160034179688,6.024312281215069,-0.026941355139470602,-4.4876708984375,24.932960510253906,19.81909942626953,75.63533020019531,4.042567185312,-0.026941355139470602,-4.505989074707031,24.8746337890625,19.554061889648438,75.71444702148438,4.512067424188256,0.03762567002102557,-4.035514831542969,24.939380645751953,19.685302734375,75.6520004272461,5.665947619733037,-0.026941355139470602,-3.8403778076171875,24.863037109375,19.820663452148438,75.6173095703125,5.48092471935346,0.05444070824214009,active_rl_best,225
2048,426124,6,0.5,initial,three_frequency_guided_swap_00,53d0bd9df656b29b,-7.164873123168945,-1.02716064453125,-7.164873123168945,-6.148560047149658,0,0,0,0,3.8936843872070312,0.1873931884765625,-0.592987060546875,-1.02716064453125,-4.2611541748046875,25.403961181640625,19.708847045898438,75.61679077148438,3.868044976743277,-6.0124814275941,-4.227317810058594,25.240840911865234,19.740089416503906,75.57893371582031,3.131844115625171,-6.0124814275941,-4.3836822509765625,25.187393188476562,19.407012939453125,75.65457916259766,2.8351267033127354,-6.14856013955562,-4.094459533691406,25.51319122314453,19.69440460205078,75.59927368164062,3.968751562769868,-6.0124814275941,-3.8936843872070312,25.254596710205078,19.805152893066406,75.5638198852539,3.8358390626208285,-5.767362191008218,max_min_best,226
2056,426124,6,0.5,initial,failed_best_swap_00_1,188fa8067aee2b89,-7.225043773651123,-0.9256591796875,-7.225043773651123,-6.1485595703125,0,0,0,0,4.130638122558594,-0.17117691040039062,-0.3251953125,-0.9256591796875,-4.3256378173828125,25.409683227539062,19.75225830078125,75.72610473632812,3.8304562356407783,-6.0265416463850485,-4.302055358886719,25.143455505371094,19.699012756347656,75.69585418701172,3.092899286033106,-6.0265416463850485,-4.447334289550781,24.82882308959961,19.6748046875,75.76438903808594,2.7749560551466255,-6.148559619711037,-4.31488037109375,25.372997283935547,19.755157470703125,75.70037841796875,3.9666647059514744,-6.0265416463850485,-4.130638122558594,25.2786865234375,20.184200286865234,75.66532135009766,3.8718499521650345,-5.767362278750959,pareto_knee,227
2095,426124,6,0.6,initial,parent_normalized,32c32ab6d530f513,-3.7524096965789795,-0.5,-3.7524096965789795,-0.15941904485225677,0,0,0,0,4.504920959472656,-0.2954521179199219,-0.2488861083984375,-0.5,-5.099220275878906,24.761096954345703,20.001502990722656,77.33795928955078,6.825571389542255,0.38583430292548826,-5.126884460449219,24.704547882080078,20.03722381591797,77.28746032714844,6.247590407361445,0.38583430292548826,-5.113914489746094,25.355316162109375,19.780738830566406,77.29554748535156,6.322151816421294,-0.15941904728391876,-4.5904388427734375,24.792137145996094,20.024322509765625,77.33222961425781,7.09373849167195,0.38583430292548826,-4.504920959472656,24.722591400146484,19.751113891601562,77.28836822509766,6.334693228582915,0.34376767975795275,pattern_best,228
2080,426124,6,0.6,initial,three_frequency_guided_swap_00,1f523d83cda4d108,-5.1651177406311035,-1.341583251953125,-5.1651177406311035,-2.818118095397949,0,0,0,0,4.430076599121094,-1.341583251953125,-0.10511016845703125,-0.5,-5.0042572021484375,23.720787048339844,20.0975341796875,77.30748748779297,5.894136323662566,-2.6634375091948534,-5.051094055175781,23.658416748046875,20.14928436279297,77.25820922851562,4.8348820623589335,-2.6634375091948534,-5.0429840087890625,24.273143768310547,19.89488983154297,77.26233673095703,5.061842627046361,-2.8181181631770613,-4.501197814941406,23.758468627929688,20.075546264648438,77.30060577392578,6.909777731403017,-2.6634375091948534,-4.430076599121094,23.751861572265625,19.930770874023438,77.25011444091797,6.295540045961349,-2.6739917218258036,active_rl_best,229
2081,426124,6,0.6,initial,three_frequency_guided_swap_01,31fe262c75277697,-5.604204177856445,-2.5060462951660156,-5.604204177856445,-2.8181183338165283,0,0,0,0,4.227821350097656,-2.5060462951660156,0.4412689208984375,-0.5,-4.8038787841796875,22.544647216796875,20.60004425048828,77.25365447998047,5.0408966356429294,-2.686988240109301,-5.231849670410156,22.493953704833984,20.64629364013672,77.20759582519531,4.4613427234234955,-2.686988240109301,-5.210762023925781,23.101425170898438,20.441268920898438,77.21240234375,4.479207264189555,-2.818118308310453,-4.300514221191406,22.572402954101562,20.58172607421875,77.2431869506836,4.561584913892441,-2.686988240109301,-4.227821350097656,22.610797882080078,20.446731567382812,77.18443298339844,4.395795780077615,-2.6899004120021566,max_min_best,230
2082,426124,6,0.6,initial,three_frequency_guided_swap_02,351ba1ad3fb53b57,-5.939087390899658,-1.80194091796875,-5.939087390899658,-2.8181192874908447,0,0,0,0,4.4294281005859375,-1.80194091796875,0.12009429931640625,-0.5,-5.036628723144531,23.23110580444336,20.392860412597656,77.33869934082031,5.100812720822358,-2.698724368694947,-5.536903381347656,23.19805908203125,20.39366912841797,77.29613494873047,4.06091250801763,-2.698724368694947,-5.490715026855469,23.584392547607422,20.120094299316406,77.29409790039062,4.091046800328677,-2.818119200366734,-4.516258239746094,23.239154815673828,20.43634796142578,77.32435607910156,4.957538775187901,-2.698724368694947,-4.4294281005859375,23.26750946044922,20.21434783935547,77.27151489257812,4.315807091467103,-2.724530247628607,pareto_knee,231
2121,426124,6,0.7,initial,failed_best_swap_00_2,c2b37fe7e6038c9f,-12.81154727935791,-0.5833740234375,-12.81154727935791,-4.939775466918945,0,0,0,0,4.765869140625,-0.17691421508789062,-0.5833740234375,-0.5,-4.803932189941406,25.492664337158203,19.59246063232422,78.07406616210938,-2.485158594651779,-4.939775260100831,-4.765869140625,25.415992736816406,19.626190185546875,78.05611419677734,-2.8115470900745265,-4.939775260100831,-4.875709533691406,24.82308578491211,19.4166259765625,78.0637435913086,-2.492513166439354,-4.808763472505859,-4.853973388671875,25.508636474609375,19.596168518066406,78.06726837158203,-2.6538045593497706,-4.939775260100831,-4.8179779052734375,25.099876403808594,19.514312744140625,78.05039978027344,-2.7929256015354573,-4.657339707023837,pattern_best,232
2127,426124,6,0.7,initial,parent_normalized,bd7876c41dd535d6,-4.2726969718933105,-0.8043327331542969,-4.2726969718933105,-1.2124748229980469,0,0,0,0,4.789794921875,-0.8043327331542969,-0.6563339233398438,-0.5,-4.8759765625,24.27768325805664,19.540000915527344,78.14474487304688,6.188700696942958,-0.8301222261850398,-4.789794921875,24.288806915283203,19.568519592285156,78.0696029663086,5.727303212446527,-0.8301222261850398,-4.859397888183594,24.73181915283203,19.343666076660156,78.04334259033203,6.247991511505061,-1.2124747634172124,-4.976921081542969,24.242156982421875,19.548812866210938,78.19734191894531,6.444902834947691,-0.8301222261850398,-4.8782958984375,24.195667266845703,19.485084533691406,78.12372589111328,6.699167605854804,-0.5241585323340914,active_rl_best,233
2112,426124,6,0.7,initial,three_frequency_guided_swap_00,5503ca8545cb092b,-4.737400054931641,-1.5601654052734375,-4.737400054931641,-0.1682872176170349,0,0,0,0,4.969291687011719,-1.5601654052734375,-0.9602508544921875,-0.5,-5.073295593261719,23.468040466308594,19.292495727539062,78.2832260131836,6.24724712119511,-0.029174112892228266,-4.998268127441406,23.439834594726562,19.29010009765625,78.22126007080078,5.262600132574718,-0.029174112892228266,-4.969291687011719,23.820541381835938,19.039749145507812,78.17745971679688,5.45745229210001,0.13653908137822057,-5.181854248046875,23.470706939697266,19.299057006835938,78.34156799316406,6.544321878571669,-0.029174112892228266,-5.113487243652344,23.479034423828125,19.356300354003906,78.31196594238281,6.166213199155375,-0.16828722221217163,max_min_best,234
2124,426124,6,0.7,initial,failed_best_swap_01_2,0f701ed3f53cd33d,-13.342938423156738,-1.9330253601074219,-13.342938423156738,0.016311176121234894,0,0,0,0,5.268043518066406,-1.9330253601074219,-1.228759765625,-0.5,-5.3654632568359375,23.088088989257812,19.03155517578125,78.37461853027344,-3.0490916401794177,0.025890825281816632,-5.288902282714844,23.083942413330078,19.035606384277344,78.31269073486328,-3.3429383318399717,0.025890825281816632,-5.268043518066406,23.45407485961914,18.771240234375,78.27230834960938,-3.0519737710608474,0.10349701336456363,-5.420799255371094,23.066974639892578,19.03205108642578,78.37801361083984,-2.4444414715062246,0.025890825281816632,-5.343467712402344,23.073528289794922,19.09368133544922,78.33313751220703,-2.2180295980984917,0.016311176952097384,pareto_knee,235
2159,426124,6,0.8,initial,parent_normalized,8e76f4149058dfa9,-5.587562561035156,-0.5,-5.587562561035156,0.7526540160179138,0,0,0,0,3.8682708740234375,0.0478515625,0.254180908203125,-0.5,-4.304191589355469,25.106311798095703,20.507232666015625,78.5642318725586,5.917689974522076,1.0,-4.7357940673828125,25.152992248535156,20.561500549316406,78.51615142822266,4.412437536888694,1.0,-4.921104431152344,25.332778930664062,20.254180908203125,78.50672149658203,4.500279228976303,0.7526539916306305,-3.8867568969726562,25.0478515625,20.47858428955078,78.55033874511719,6.521768471209749,1.0,-3.8682708740234375,25.127586364746094,20.604354858398438,78.52997589111328,5.678989616891927,0.7687359390501243,pattern_best,236
2144,426124,6,0.8,initial,three_frequency_guided_swap_00,6bae39b7008cc68e,-9.014819145202637,-0.9471435546875,-9.014819145202637,-4.02651834487915,0,0,0,0,3.7617950439453125,-0.9471435546875,0.28687286376953125,-0.5,-4.167457580566406,24.151939392089844,20.62445068359375,78.62127685546875,2.0937379396664317,-3.4367252846339156,-4.595405578613281,24.23126220703125,20.646522521972656,78.5822525024414,1.8858938933019687,-3.4367252846339156,-4.773200988769531,24.39586639404297,20.28687286376953,78.5660629272461,1.5098763670972468,-4.026518151750661,-3.7645797729492188,24.060428619384766,20.621917724609375,78.61016082763672,1.1844645285651993,-3.4367252846339156,-3.7617950439453125,24.0528564453125,20.77661895751953,78.58879089355469,0.9851813068832876,-3.342316333989949,active_rl_best,237
2145,426124,6,0.8,initial,three_frequency_guided_swap_01,8791ee4947aa3904,-10.490989685058594,-1.4233818054199219,-10.490989685058594,-4.026517868041992,0,0,0,0,3.64337158203125,-1.4233818054199219,0.5185165405273438,-0.5,-4.0380401611328125,23.673324584960938,20.854660034179688,78.64434814453125,0.5642305371226178,-3.4324610904896993,-4.453369140625,23.758460998535156,20.878944396972656,78.60395812988281,-0.4909894143966528,-3.4324610904896993,-4.621795654296875,23.936603546142578,20.518516540527344,78.5848159790039,-0.3085180770282899,-4.0265178337874445,-3.6460418701171875,23.576618194580078,20.851158142089844,78.63361358642578,0.7550462185636854,-3.4324610904896993,-3.64337158203125,23.612926483154297,20.991790771484375,78.61534881591797,0.6938171212407095,-3.342316510938158,max_min_best,238
2146,426124,6,0.8,initial,three_frequency_guided_swap_02,3e890a3e9194e3b3,-10.542177200317383,-1.3714179992675781,-10.542177200317383,-4.046019554138184,0,0,0,0,3.5025787353515625,-1.3714179992675781,0.1778411865234375,-0.5,-3.9093856811523438,23.66915512084961,20.545631408691406,78.59886169433594,0.2517688713620237,-3.4349658375020553,-4.311058044433594,23.706527709960938,20.54254150390625,78.54949188232422,-0.49147282588338737,-3.4349658375020553,-4.4720001220703125,24.055038452148438,20.177841186523438,78.53152465820312,-0.312870254173715,-4.046019384650101,-3.5177383422851562,23.628582000732422,20.56121826171875,78.58439636230469,-0.3074288721248512,-3.4349658375020553,-3.5025787353515625,24.16106414794922,20.69390869140625,78.55889129638672,-0.5421772276591218,-3.362181110773676,pareto_knee,239
1948,426125,6,0.5,alternating,three_frequency_guided_swap_04,03149c37d60bc13b,-9.894813537597656,-0.5,-9.894813537597656,-4.157378196716309,0,0,0,0,1.3242950439453125,0.13335418701171875,0.13933563232421875,-0.5,-1.4428558349609375,25.353015899658203,20.643386840820312,75.23139190673828,0.3345870884276659,-4.157378145285541,-1.552490234375,25.307716369628906,20.66657257080078,75.17462921142578,0.368733092818478,-4.157378145285541,-1.4724655151367188,25.22602081298828,20.13933563232422,75.12007141113281,0.15453630612959257,-3.8134590609034227,-1.3589401245117188,25.288650512695312,20.610855102539062,75.257080078125,0.1051868057591135,-4.157378145285541,-1.3242950439453125,25.13335418701172,20.527904510498047,75.25861358642578,0.5282316132709054,-3.909100135433281,pattern_best,240
1935,426125,6,0.5,initial,parent_normalized,067050bd15d7966c,-6.634281158447266,-1.5,-6.634281158447266,-1.0893137454986572,0,0,0,0,3.18121337890625,1.0395660400390625,-0.03033447265625,-1.5,-3.5093002319335938,26.410308837890625,20.44676971435547,77.0347900390625,3.388212530480898,-0.7612088519999674,-3.8651809692382812,26.458072662353516,20.423629760742188,76.98808288574219,3.365718898393371,-0.7612088519999674,-3.9440536499023438,26.039566040039062,19.96966552734375,76.90629577636719,3.5140117964877233,-0.8429420019600897,-3.1936264038085938,26.363609313964844,20.479995727539062,77.05255889892578,3.7675460067636974,-0.7612088519999674,-3.18121337890625,26.590171813964844,20.32494354248047,77.04473876953125,3.548067296839084,-1.0893138013775001,active_rl_best,241
1920,426125,6,0.5,initial,three_frequency_guided_swap_00,4b43b497b01ec2ef,-7.934516906738281,-1.5,-7.934516906738281,-3.56310772895813,0,0,0,0,3.0673065185546875,1.25347900390625,0.23668670654296875,-1.5,-3.3959197998046875,26.720294952392578,20.638404846191406,76.93032836914062,3.4962180722018936,-3.531684463527938,-3.74566650390625,26.47502899169922,20.604591369628906,76.88516998291016,2.398163094059617,-3.531684463527938,-3.8220367431640625,26.25347900390625,20.23668670654297,76.80799865722656,2.0654832226146027,-3.1395361094401437,-3.0916213989257812,26.648757934570312,20.68145751953125,76.95222473144531,3.8590738093640646,-3.531684463527938,-3.0673065185546875,26.493717193603516,20.633224487304688,76.95091247558594,3.5558843364357484,-3.563107770483885,max_min_best,242
1930,426125,6,0.5,initial,failed_best_swap_00_3,4ad89d7910cc29c6,-12.011317253112793,-1.5,-12.011317253112793,0.17225231230258942,0,0,0,0,3.2312698364257812,-0.22467803955078125,0.33429718017578125,-1.5,-3.5729827880859375,25.125274658203125,20.9810791015625,77.07402801513672,-1.7789522726842553,0.1722523123883235,-3.931854248046875,25.149436950683594,20.916961669921875,77.02276611328125,-1.3394256090275867,0.1722523123883235,-4.015228271484375,24.77532196044922,20.33429718017578,76.93925476074219,-1.2372712771298795,0.7774165145027006,-3.2425384521484375,25.11062240600586,21.034271240234375,77.084228515625,-2.0113177031387752,0.1722523123883235,-3.2312698364257812,25.30956268310547,20.653160095214844,77.07987213134766,-1.9818373159078861,0.32788386216941134,pareto_knee,243
1965,426125,6,0.6,initial,failed_best_swap_01_3,436fe96108417a85,-13.708111763000488,-0.5,-13.708111763000488,-7.880812168121338,0,0,0,0,2.9410476684570312,-0.017974853515625,2.1513290405273438,-0.5,-3.2563705444335938,25.47799301147461,22.730621337890625,77.91352081298828,-3.354123444394275,-7.880812283238722,-3.6103134155273438,25.42044448852539,22.72265625,77.884033203125,-3.3344969168942704,-7.880812283238722,-3.7176513671875,24.982025146484375,22.151329040527344,77.89309692382812,-3.474847483490895,-7.748139945881558,-2.9410476684570312,25.55359649658203,22.75579071044922,77.91079711914062,-3.2739257878498944,-7.880812283238722,-3.0494308471679688,25.07720947265625,22.407958984375,77.93537902832031,-3.7081114742133163,-7.740559185608419,pattern_best,244
1952,426125,6,0.6,initial,three_frequency_guided_swap_00,c6c521ce493182d3,-8.4821138381958,-1.5,-8.4821138381958,-2.796536684036255,0,0,0,0,2.73028564453125,1.8421287536621094,0.7422943115234375,-1.5,-3.0009918212890625,27.05457305908203,20.959129333496094,77.67062377929688,2.180085395491061,-2.6867505879499234,-3.2810592651367188,26.961685180664062,20.963096618652344,77.62448120117188,2.2583341521041236,-2.6867505879499234,-3.3428421020507812,27.717788696289062,20.742294311523438,77.53205871582031,1.888649261341675,-2.7965365788438525,-2.7506866455078125,27.141563415527344,20.9566650390625,77.68464660644531,1.6889530330745404,-2.6867505879499234,-2.73028564453125,26.84212875366211,20.992538452148438,77.66485595703125,1.5178864404764003,-2.613168035225364,active_rl_best,245
1967,426125,6,0.6,initial,parent_normalized,9b00c1ea6c24f0e4,-8.554601669311523,-1.5,-8.554601669311523,-2.7839808464050293,0,0,0,0,2.8492050170898438,2.544384002685547,0.31201934814453125,-1.5,-3.1208648681640625,27.647075653076172,20.47850799560547,77.75607299804688,2.0676831692593716,-2.5308266152287118,-3.4065704345703125,27.544384002685547,20.477188110351562,77.70785522460938,2.261720564209356,-2.5308266152287118,-3.4623031616210938,28.26760482788086,20.31201934814453,77.60787963867188,1.9400138968745873,-2.7839807722408025,-2.857269287109375,27.748878479003906,20.471397399902344,77.76405334472656,1.6002620577580984,-2.5308266152287118,-2.8492050170898438,27.551513671875,20.538955688476562,77.7473373413086,1.4453979295679664,-2.0940081679109426,max_min_best,246
1963,426125,6,0.6,initial,failed_best_swap_01_1,edc17932e9f580fc,-8.59217643737793,-1.5,-8.59217643737793,-1.4745521545410156,0,0,0,0,2.4937362670898438,0.90496826171875,1.9074020385742188,-1.5,-2.820831298828125,26.426570892333984,22.5107421875,77.78761291503906,1.8246223578901426,-1.4745521096130574,-3.1431503295898438,26.421669006347656,22.488563537597656,77.74360656738281,1.7707012993500715,-1.4745521096130574,-3.2842483520507812,26.149864196777344,21.90740203857422,77.79792022705078,1.4078232634886323,-1.4416073947753176,-2.4937362670898438,26.437576293945312,22.507164001464844,77.75751495361328,1.7444302811728063,-1.4745521096130574,-2.6015625,25.90496826171875,22.212360382080078,77.78485107421875,1.851766529185372,-1.206472416669115,pareto_knee,247
1999,426125,6,0.7,initial,parent_normalized,0acdde1086e46225,-7.621057510375977,-0.5,-7.621057510375977,-0.43349096179008484,0,0,0,0,4.020843505859375,3.048809051513672,0.267242431640625,-0.5,-4.28790283203125,28.257530212402344,20.584075927734375,78.32151794433594,3.1192860260766766,-0.16639027862280642,-4.241233825683594,28.38054656982422,20.595626831054688,78.2670669555664,3.109203304634143,-0.16639027862280642,-4.264739990234375,28.89905548095703,20.267242431640625,78.29367065429688,3.314419338954446,-0.4334909663650457,-4.020843505859375,28.048809051513672,20.579666137695312,78.29853057861328,2.3789426888763714,-0.16639027862280642,-4.037300109863281,28.174285888671875,20.573440551757812,78.30802154541016,2.4300350804170017,0.020665600512373317,pattern_best,248
1984,426125,6,0.7,initial,three_frequency_guided_swap_00,f15858db3a1451b3,-8.450899124145508,-0.5,-8.450899124145508,-0.3115597069263458,0,0,0,0,3.9893646240234375,3.497394561767578,0.01157379150390625,-0.5,-4.380035400390625,28.65509796142578,20.39154815673828,78.34635925292969,1.7341549949126618,-0.15706902901801456,-4.356636047363281,28.609031677246094,20.367591857910156,78.29180908203125,2.0841632534526973,-0.15706902901801456,-4.326629638671875,28.78598403930664,20.011573791503906,78.26397705078125,2.212053590469444,-0.31155970175100123,-3.9893646240234375,28.68239974975586,20.409164428710938,78.322998046875,1.549100413537205,-0.15706902901801456,-4.010101318359375,28.497394561767578,20.29730224609375,78.33625030517578,1.9894068044160753,0.020665688046321407,active_rl_best,249
1997,426125,6,0.7,initial,failed_best_swap_01_3,b88e42aa5776e854,-9.894289016723633,-0.5,-9.894289016723633,-0.10638321191072464,0,0,0,0,3.8469467163085938,1.3663330078125,0.495361328125,-0.5,-4.296501159667969,26.533226013183594,20.883575439453125,78.17759704589844,0.10571080966357294,0.06738199939061573,-4.507682800292969,26.625629425048828,20.85388946533203,78.11956024169922,0.40088644901882275,0.06738199939061573,-4.580230712890625,26.576942443847656,20.495361328125,78.17481994628906,0.6143660483591152,-0.05357147297664966,-3.8952560424804688,26.3663330078125,20.905517578125,78.15876770019531,0.127936789693734,0.06738199939061573,-3.8469467163085938,26.371440887451172,20.74993133544922,78.14192199707031,0.3214115349574758,-0.10638321478685953,max_min_best,250
2009,426125,6,0.7,alternating,three_frequency_guided_swap_01,dfb0dc96edc4b743,-11.664963722229004,-0.5,-11.664963722229004,-11.508614540100098,0,0,0,0,2.34930419921875,2.4894447326660156,-0.0990753173828125,-0.5,-2.473968505859375,27.73444366455078,20.1724853515625,76.73899841308594,-1.0334304151738591,-11.034634322887445,-2.42962646484375,27.579143524169922,20.181678771972656,76.68282318115234,-0.38160668391196184,-11.034634322887445,-2.34930419921875,27.638198852539062,19.900924682617188,76.63945007324219,-1.1252149864988379,-11.508614549925053,-2.5891036987304688,27.606189727783203,20.15782928466797,76.7732162475586,-1.4207024516868663,-11.034634322887445,-2.5334701538085938,27.489444732666016,20.005706787109375,76.77798461914062,-1.6649638645192046,-10.178124036390152,pareto_knee,251
2040,426125,6,0.8,alternating,three_frequency_guided_swap_00,d8ebf56e48f52fdb,-9.896980285644531,-0.5,-9.896980285644531,-0.9071803092956543,0,0,0,0,2.9922409057617188,3.473926544189453,0.18772125244140625,-0.5,-3.1384201049804688,28.88494873046875,20.410537719726562,77.88404846191406,0.2926581749860288,-0.8956057221635874,-3.062530517578125,29.299118041992188,20.41815948486328,77.83839416503906,0.35740154431411053,-0.8956057221635874,-2.9922409057617188,29.27777099609375,20.362586975097656,77.8201904296875,0.10301984390194127,-0.7937904954878903,-3.2335586547851562,28.473926544189453,20.397201538085938,77.8985824584961,0.1511767515170741,-0.8956057221635874,-3.1975326538085938,28.768409729003906,20.187721252441406,77.87743377685547,0.3713786120527045,-0.9071803032803949,pattern_best,252
2031,426125,6,0.8,initial,parent_normalized,dbfc477a636c645a,-7.680415153503418,-1.5,-7.680415153503418,-1.8322646617889404,0,0,0,0,3.1974105834960938,3.3332366943359375,1.0368194580078125,-1.5,-3.5742950439453125,28.502944946289062,21.289207458496094,79.11180877685547,3.2423022419066836,-1.8322646455659424,-3.9478759765625,28.571208953857422,21.346450805664062,79.07976531982422,2.3605910883643966,-1.8322646455659424,-4.110160827636719,28.333236694335938,21.425804138183594,79.13906860351562,2.319584715873006,-1.3560524339589293,-3.1974105834960938,28.44827651977539,21.234970092773438,79.07057189941406,4.49013384230387,-1.8322646455659424,-3.2943801879882812,28.612167358398438,21.036819458007812,79.10829162597656,3.916343669661021,-1.774115679909226,active_rl_best,253
2016,426125,6,0.8,initial,three_frequency_guided_swap_00,12c43648d0ede5b1,-8.109997749328613,-1.5,-8.109997749328613,-1.8151521682739258,0,0,0,0,3.188751220703125,3.684162139892578,1.1009979248046875,-1.5,-3.5673370361328125,29.402088165283203,21.351394653320312,79.13762664794922,2.055161574153497,-1.8151521351606377,-3.9428863525390625,29.494415283203125,21.37244415283203,79.1117935180664,2.0883517645737464,-1.8151521351606377,-4.071868896484375,29.111408233642578,21.57483673095703,79.14056396484375,1.9776947057414942,-1.365901313105109,-3.188751220703125,28.80329132080078,21.303810119628906,79.09065246582031,1.8900024903266919,-1.8151521351606377,-3.2882919311523438,28.684162139892578,21.100997924804688,79.12938690185547,1.9009969452199136,-1.5517103470370017,max_min_best,254
2027,426125,6,0.8,initial,failed_best_swap_01_1,fa9eda62fc8435a3,-11.631174087524414,-1.5,-11.631174087524414,-3.5101709365844727,0,0,0,0,3.1698532104492188,0.7917060852050781,1.372772216796875,-1.5,-3.5568771362304688,25.857582092285156,21.376358032226562,78.55824279785156,-1.0829218137704548,-3.2602228695942514,-3.9433670043945312,25.883743286132812,21.38353729248047,78.515380859375,-1.0975389255750632,-3.2602228695942514,-4.171028137207031,25.820770263671875,21.597190856933594,78.59725189208984,-1.6311741749027302,-3.2976781633322148,-3.1698532104492188,25.791706085205078,21.372970581054688,78.52538299560547,-0.8979814169230012,-3.2602228695942514,-3.2252578735351562,25.8326416015625,21.372772216796875,78.55192565917969,-0.8501957186891733,-3.510170910244817,pareto_knee,255
2191,426126,6,0.5,initial,parent_normalized,af54830bf56c713d,-7.78074836730957,-0.5,-7.78074836730957,0.9992688298225403,0,0,0,0,3.8208236694335938,0.6551361083984375,-0.038288116455078125,-0.5,-3.8935317993164062,25.991867065429688,20.32941436767578,77.30033111572266,3.026520494592364,1.0,-3.8208236694335938,26.015785217285156,20.582813262939453,77.2035903930664,4.146746407593111,1.0,-3.8534774780273438,25.655136108398438,20.471508026123047,77.18264770507812,4.322260689530772,1.006070948228884,-3.9394683837890625,25.952228546142578,20.10277557373047,77.33396911621094,2.2192516079731925,1.0,-3.9697723388671875,25.879169464111328,19.961711883544922,77.30126190185547,2.41048359300473,0.9992688014359803,pattern_best,256
2189,426126,6,0.5,initial,failed_best_swap_01_3,5ec32ebf1540598d,-8.00881576538086,-0.5,-8.00881576538086,0.9981655478477478,0,0,0,0,3.7100067138671875,-0.28864288330078125,-0.149078369140625,-0.5,-3.8460159301757812,24.8197021484375,20.06081771850586,77.31501770019531,3.25486416506388,1.0,-3.7646865844726562,24.888870239257812,20.097549438476562,77.20729064941406,1.9911841955897656,1.0,-3.7100067138671875,24.71135711669922,20.042091369628906,77.14755249023438,2.495448938152633,1.0056705732074778,-3.901580810546875,24.744911193847656,19.850921630859375,77.3593978881836,4.049386201252421,1.0,-3.9761505126953125,24.875133514404297,19.92150115966797,77.344482421875,4.317421241951406,0.9981655536228147,active_rl_best,257
2181,426126,6,0.5,initial,three_frequency_guided_swap_05,19780fd77619f9ce,-10.164410591125488,-1.5,-10.164410591125488,-6.312436103820801,0,0,0,0,4.160743713378906,1.1091079711914062,-0.347320556640625,-1.5,-4.3221435546875,26.856151580810547,19.859657287597656,77.43620300292969,0.58115022774066,-6.312436142268567,-4.2112884521484375,26.87281036376953,19.71746826171875,77.33214569091797,-0.1540439668976013,-6.312436142268567,-4.160743713378906,26.109107971191406,19.652679443359375,77.26738739013672,-0.16441092804647306,-6.3063779994914455,-4.292816162109375,26.78966522216797,19.98900604248047,77.36032104492188,0.7147923267504452,-6.312436142268567,-4.238807678222656,26.546695709228516,19.948657989501953,77.23876190185547,0.8522642225596402,-6.094992011730618,max_min_best,258
2182,426126,6,0.5,initial,three_frequency_guided_swap_06,99c3f7f96c66a55c,-10.256047248840332,-0.7175369262695312,-10.256047248840332,-6.342867851257324,0,0,0,0,4.5865020751953125,-0.218536376953125,-0.7175369262695312,-0.5,-4.6520233154296875,24.921138763427734,19.43743133544922,77.33370971679688,0.5643612790794649,-6.342867999822989,-4.6395111083984375,24.781463623046875,19.4332275390625,77.32588195800781,-0.20641115633430893,-6.342867999822989,-4.678802490234375,25.714107513427734,19.28246307373047,77.35494995117188,-0.25604718360632367,-5.959464566850109,-4.623908996582031,25.028202056884766,19.453346252441406,77.26214599609375,0.6623985945563178,-6.342867999822989,-4.5865020751953125,25.638458251953125,19.400680541992188,77.13280487060547,0.7993524044643163,-6.110803345719159,pareto_knee,259
2215,426126,6,0.6,initial,three_frequency_guided_swap_07,720f8c35b5d43aa3,-10.644028663635254,-0.5,-10.644028663635254,-6.962242126464844,0,0,0,0,3.9365310668945312,0.21932220458984375,0.16022491455078125,-0.5,-4.283317565917969,25.406112670898438,20.16381072998047,78.1618881225586,-0.09716312935840651,-6.513773825000602,-4.43267822265625,25.443870544433594,20.16022491455078,78.05587005615234,-0.6440288598941674,-6.513773825000602,-4.399383544921875,25.509479522705078,20.250579833984375,78.02435302734375,-0.31630528388435786,-6.962242160179095,-4.07562255859375,25.35576629638672,20.164100646972656,78.23289489746094,0.3027669320795202,-6.513773825000602,-3.9365310668945312,25.219322204589844,20.227455139160156,78.22036743164062,0.312780245440203,-6.557061212381704,pattern_best,260
2223,426126,6,0.6,initial,parent_normalized,33fc7fdf8b1b1460,-4.417452812194824,-1.7618942260742188,-4.417452812194824,0.2773325741291046,0,0,0,0,3.6684494018554688,-1.7618942260742188,0.5096664428710938,-0.5,-4.020133972167969,23.41042709350586,20.690628051757812,78.12020111083984,7.00874696368535,0.2773325730788976,-4.226470947265625,23.36376953125,20.69414520263672,78.00494384765625,5.582547393942931,0.2773325730788976,-4.172698974609375,23.460617065429688,20.549102783203125,77.98033142089844,5.674450339594857,0.537314313941156,-3.8165359497070312,23.40066146850586,20.687164306640625,78.17984771728516,7.362739304248404,0.2773325730788976,-3.6684494018554688,23.23810577392578,20.509666442871094,78.16063690185547,7.205579579380707,0.5216954775608968,active_rl_best,261
2208,426126,6,0.6,initial,three_frequency_guided_swap_00,485d6ce58fdafbb1,-5.647068500518799,-1.3094291687011719,-5.647068500518799,-0.05630854144692421,0,0,0,0,3.5671844482421875,-1.3094291687011719,0.5306777954101562,-0.5,-3.9242324829101562,23.862873077392578,20.6951904296875,78.11324310302734,5.714925650383456,-0.056308541311913984,-4.130485534667969,23.85041046142578,20.694717407226562,77.99588012695312,4.470830232419802,-0.056308541311913984,-4.085273742675781,23.919803619384766,20.5872802734375,77.9736557006836,4.352931394068805,0.14048458768479577,-3.7164077758789062,23.811119079589844,20.694801330566406,78.1697769165039,7.375989346679075,-0.056308541311913984,-3.5671844482421875,23.690570831298828,20.530677795410156,78.15091705322266,7.254120838136522,-0.04624911685462507,max_min_best,262
2209,426126,6,0.6,initial,three_frequency_guided_swap_01,187977a5a6c58540,-6.304721832275391,-0.9798126220703125,-6.304721832275391,-0.055394068360328674,0,0,0,0,3.5443344116210938,-0.9798126220703125,0.6969528198242188,-0.5,-3.8732223510742188,24.201950073242188,20.882736206054688,78.08403778076172,5.207803365058796,-0.05539407014176234,-4.0809326171875,24.242877960205078,20.87598419189453,77.97944641113281,4.015874954573261,-0.05539407014176234,-4.032875061035156,24.301490783691406,20.76905059814453,77.95521545410156,3.695278299591582,0.14048425735827763,-3.6824722290039062,24.154041290283203,20.887802124023438,78.1468505859375,4.57380400434015,-0.05539407014176234,-3.5443344116210938,24.020187377929688,20.69695281982422,78.13165283203125,4.748872593711121,-0.04624952444348196,pareto_knee,263
2240,426126,6,0.7,initial,three_frequency_guided_swap_00,de619e6b3b779e55,-10.439107894897461,-0.5,-10.439107894897461,-2.421888828277588,0,0,0,0,6.634315490722656,3.5685272216796875,0.8779983520507812,-0.5,-7.245758056640625,28.849231719970703,21.093727111816406,78.44856262207031,-0.14503584232054814,-2.2899119423934913,-7.285957336425781,28.878158569335938,21.33702850341797,78.4101791381836,0.4475463102391013,-2.2899119423934913,-7.1642303466796875,28.568527221679688,21.580978393554688,78.39141082763672,0.6019675440277141,-2.4218887761474797,-6.881988525390625,28.7833251953125,20.87799835205078,78.40811920166016,-0.4391080502158709,-2.2899119423934913,-6.634315490722656,28.99853515625,21.235511779785156,78.40868377685547,-0.20776782952214684,-1.985865255549669,pattern_best,264
2255,426126,6,0.7,initial,parent_normalized,836c2432015e987a,-10.462323188781738,-0.5,-10.462323188781738,-2.420483112335205,0,0,0,0,6.7669525146484375,4.574031829833984,1.4867668151855469,-0.5,-7.550628662109375,30.02838897705078,21.77490234375,78.52630615234375,-0.17533386413079918,-2.3417887440244556,-7.835243225097656,30.292713165283203,22.09600067138672,78.5169906616211,0.4087371920351175,-2.3417887440244556,-7.71600341796875,29.574031829833984,22.35959243774414,78.48898315429688,0.5845362539384812,-2.4204832020593443,-7.01824951171875,29.69754409790039,21.486766815185547,78.48432159423828,-0.46232327159429815,-2.3417887440244556,-6.7669525146484375,29.881362915039062,21.777793884277344,78.48808288574219,-0.11136793157448206,-2.1977990645573726,active_rl_best,265
2244,426126,6,0.7,initial,three_frequency_guided_swap_04,bdde95d4c35305aa,-12.001995086669922,-0.5,-11.965989112854004,-12.001995086669922,0,0,0,0,6.138267517089844,1.1664619445800781,-0.1809844970703125,-0.5,-6.619178771972656,26.587188720703125,20.01056671142578,78.27474975585938,-1.8955267946254581,-11.940214337225974,-6.508460998535156,26.559734344482422,20.22247314453125,78.15106201171875,-1.965988899741483,-11.940214337225974,-6.3058624267578125,26.166461944580078,20.362060546875,78.14537811279297,-1.4897781869448696,-11.94004982687154,-6.3650054931640625,26.569992065429688,19.819015502929688,78.32538604736328,-1.5264507014367468,-11.940214337225974,-6.138267517089844,26.606117248535156,20.122962951660156,78.32770538330078,-1.568166660993877,-12.001995431135278,max_min_best,266
2251,426126,6,0.7,initial,failed_best_swap_01_1,522ade8b2a300ef6,-12.01806926727295,-0.5,-12.01806926727295,-3.333540678024292,0,0,0,0,6.247711181640625,2.0800704956054688,0.4493865966796875,-0.5,-6.8451385498046875,27.471302032470703,20.68431854248047,78.51045989990234,-1.8367156386207717,-2.4885109379294654,-7.2744598388671875,27.725563049316406,20.945419311523438,78.39218139648438,-1.5833045806948305,-2.4885109379294654,-7.099586486816406,27.445377349853516,21.02777862548828,78.34817504882812,-1.540341553411769,-3.33006140896952,-6.429374694824219,27.144527435302734,20.449386596679688,78.55569458007812,-2.018068899219915,-2.4885109379294654,-6.247711181640625,27.08007049560547,20.65026092529297,78.51484680175781,-1.8244514256984565,-3.333540664307204,pareto_knee,267
2287,426126,6,0.8,initial,parent_normalized,477a26f13eb46836,-5.152462005615234,-0.5,-5.152462005615234,-0.10928960144519806,0,0,0,0,5.179847717285156,0.8245201110839844,-0.43991851806640625,-0.5,-5.271537780761719,26.208267211914062,19.572357177734375,78.80278778076172,5.673457571798828,0.2807643248020426,-5.2316741943359375,26.301929473876953,19.560081481933594,78.6870346069336,4.847537833101798,0.2807643248020426,-5.179847717285156,26.224258422851562,19.586898803710938,78.62702941894531,5.070126916201953,-0.10928960301592383,-5.272712707519531,26.032485961914062,19.608963012695312,78.85075378417969,5.461358203148937,0.2807643248020426,-5.3026275634765625,25.824520111083984,19.864540100097656,78.83131408691406,5.779573132224503,-0.037718233871103735,pattern_best,268
2272,426126,6,0.8,initial,three_frequency_guided_swap_00,e5edce3d42a8eafa,-6.259057521820068,-0.5,-6.259057521820068,-0.10928959399461746,0,0,0,0,5.15667724609375,0.7337799072265625,-0.0316162109375,-0.5,-5.2779541015625,26.219661712646484,19.976577758789062,78.7889404296875,4.920682478354771,0.2592320301540063,-5.2333984375,26.306522369384766,19.9683837890625,78.67362213134766,3.74094271643254,0.2592320301540063,-5.15667724609375,26.530807495117188,19.990562438964844,78.60993194580078,4.298906295187518,-0.10928959358338375,-5.282356262207031,26.138992309570312,20.01142120361328,78.83598327636719,5.379789023620273,0.2592320301540063,-5.3114013671875,25.733779907226562,20.287879943847656,78.81785583496094,5.748539661622541,-0.037717276421453505,active_rl_best,269
2280,426126,6,0.8,initial,failed_best_swap_00_1,14989f0fcdef8ef7,-7.10614538192749,-1.0049972534179688,-7.10614538192749,-0.0885314866900444,0,0,0,0,5.432136535644531,0.10167694091796875,-1.0049972534179688,-0.5,-5.5233306884765625,25.212547302246094,19.003257751464844,78.78594970703125,4.0132571661533065,0.2938029873118495,-5.481819152832031,25.180561065673828,18.99500274658203,78.66632080078125,5.02214695476375,0.2938029873118495,-5.432136535644531,25.11357879638672,19.026336669921875,78.59767150878906,5.022236591844019,-0.08853148673055244,-5.525390625,25.227920532226562,19.0338134765625,78.83716583251953,2.8938547670333072,0.2938029873118495,-5.5474090576171875,25.10167694091797,19.26813507080078,78.82942962646484,2.9373544530170315,-0.03771742304088477,max_min_best,270
2296,426126,6,0.8,alternating,three_frequency_guided_swap_00,6b90998c9072144d,-8.3150634765625,-0.631683349609375,-8.3150634765625,-4.243993282318115,0,0,0,0,3.2137298583984375,3.870891571044922,-0.631683349609375,0.05373265966773033,-3.3532180786132812,29.39293670654297,19.43077850341797,77.05756378173828,2.808665569917115,-3.783757199532655,-3.2832489013671875,29.280838012695312,19.514358520507812,77.00399780273438,1.9843801244032546,-3.783757199532655,-3.3649444580078125,28.870891571044922,19.41857147216797,76.9737319946289,1.6849363465058271,-4.243993448813285,-3.245574951171875,29.380020141601562,19.368316650390625,77.0029296875,3.4634780472839006,-3.783757199532655,-3.2137298583984375,29.71108627319336,19.464996337890625,77.00559997558594,2.594678858612131,-4.037724020643978,pareto_knee,271
1800,426128,6,0.5,initial,failed_best_swap_00_1,1571cd95167f48a8,-13.972230911254883,0.2629547119140625,-13.972230911254883,-1.0004700422286987,0,1,0,0,3.9890975952148438,0.2629547119140625,0.918853759765625,0.5,-4.197425842285156,25.435890197753906,21.20261001586914,77.21979522705078,-3.8291475382018842,-1.0004700384994436,-4.1963043212890625,25.59866714477539,21.479595184326172,77.18234252929688,-3.8385623058367386,-1.0004700384994436,-4.134696960449219,25.8636474609375,21.103431701660156,77.13585662841797,-3.9722313153194637,-0.8689998390871878,-4.184669494628906,25.262954711914062,20.918853759765625,77.19679260253906,-3.5386383290711048,-1.0004700384994436,-3.9890975952148438,25.49591827392578,21.12548065185547,77.09194946289062,-3.7703732734218356,-0.2911414522999891,pattern_best,272
1793,426128,6,0.5,initial,three_frequency_guided_swap_01,8797e4a99e6280e7,-6.571533679962158,-1.9797515869140625,-6.571533679962158,-0.970437228679657,0,0,0,0,2.9368972778320312,-1.9797515869140625,0.7947158813476562,0.18791988492012024,-3.155914306640625,23.087390899658203,20.918079376220703,76.85194396972656,4.074101919857599,-0.9704372393199066,-3.1609954833984375,23.14193344116211,21.07275390625,76.8062744140625,3.587610972079821,-0.9704372393199066,-3.1093368530273438,23.30599594116211,21.396255493164062,76.7575912475586,3.4284664897716324,-0.8906267571727575,-3.1388702392578125,23.020248413085938,20.794715881347656,76.83690643310547,4.203668761817013,-0.9704372393199066,-2.9368972778320312,23.240524291992188,21.06362533569336,76.72747039794922,3.732210724816687,-0.2705561037808657,active_rl_best,273
1794,426128,6,0.5,initial,three_frequency_guided_swap_02,28faa39e4b211343,-6.666295528411865,-1.4901657104492188,-6.666295528411865,-1.0473754405975342,0,0,0,0,2.6652145385742188,-1.4901657104492188,-0.0629730224609375,-0.13915009796619415,-2.8749847412109375,23.703109741210938,20.050537109375,76.86581420898438,3.9772486520364083,-1.0473753970874533,-2.8743972778320312,23.73583984375,20.1956787109375,76.81794738769531,3.59505598546687,-1.0473753970874533,-2.825531005859375,23.585678100585938,20.427474975585938,76.77649688720703,3.3337045305071014,-0.8906275582186396,-2.8628768920898438,23.60858917236328,19.937026977539062,76.85252380371094,4.120209493462395,-1.0473753970874533,-2.6652145385742188,23.50983428955078,20.109909057617188,76.75218200683594,3.6741052747152554,-0.27055596974424745,max_min_best,274
1807,426128,6,0.5,initial,parent_normalized,2766cd8a2693ef80,-6.702951908111572,-0.2808113098144531,-6.702951908111572,-1.1178690195083618,0,0,0,0,3.7155609130859375,-0.2808113098144531,0.9430465698242188,0.5,-3.9148330688476562,24.83820343017578,21.26404571533203,77.20669555664062,3.914484582199182,-1.0009609585370143,-3.9151840209960938,24.948455810546875,21.524417877197266,77.17019653320312,3.574064600754843,-1.0009609585370143,-3.8637847900390625,25.263233184814453,21.252033233642578,77.12586975097656,3.297048304573053,-1.1178690098787882,-3.900787353515625,24.719188690185547,20.94304656982422,77.18240356445312,4.033132145820237,-1.0009609585370143,-3.7155609130859375,25.012786865234375,21.14523696899414,77.07939910888672,3.6261072499687366,-0.2911393906089863,pareto_knee,275
1835,426128,6,0.6,initial,failed_best_swap_01_1,bc810dab7ce36ffe,-11.41202163696289,0.5,-11.41202163696289,-5.16665506362915,0,1,0,0,5.901237487792969,3.0101852416992188,0.65985107421875,0.5,-6.073921203613281,28.39244842529297,21.066505432128906,78.14860534667969,-1.2729502803371349,-4.705606688206579,-6.0743255615234375,28.346805572509766,21.471946716308594,78.13916015625,-1.4083359123413288,-4.705606688206579,-6.002281188964844,28.01018524169922,21.113113403320312,78.11156463623047,-1.4120215640917837,-5.166654894059782,-6.111091613769531,28.131587982177734,20.65985107421875,78.14612579345703,-0.8899671928514192,-4.705606688206579,-5.901237487792969,28.439010620117188,20.856124877929688,78.01811981201172,-1.0083768271216722,-5.095244302397241,pattern_best,276
1824,426128,6,0.6,initial,three_frequency_guided_swap_00,59001663183aa957,-6.417953968048096,-1.4732475280761719,-6.417953968048096,-3.579932928085327,0,0,0,0,5.830253601074219,-1.4732475280761719,0.09340667724609375,0.5,-6.073699951171875,23.673744201660156,20.156051635742188,77.21806335449219,4.0970063643938195,-3.5165592346603276,-6.057456970214844,23.803794860839844,20.093406677246094,77.18598175048828,3.8340453136878896,-3.5165592346603276,-5.830253601074219,23.962345123291016,20.300987243652344,77.1046371459961,3.5820461028524275,-3.5799328421798826,-6.0653228759765625,23.526752471923828,20.226943969726562,77.19461822509766,3.93186812334996,-3.5165592346603276,-5.980430603027344,23.89474105834961,20.273635864257812,77.26600646972656,3.8943443157066806,-3.379452799805989,active_rl_best,277
1839,426128,6,0.6,initial,parent_normalized,e8a487576a38976d,-6.424010753631592,-1.2018508911132812,-6.424010753631592,-3.447324275970459,0,0,0,0,5.978492736816406,-1.2018508911132812,0.3813934326171875,0.5,-6.012229919433594,24.20220184326172,20.42407989501953,77.29630279541016,4.091799195061073,-3.447324282778169,-6.0038909912109375,24.174240112304688,20.381393432617188,77.27104949951172,3.8281511962765964,-3.447324282778169,-6.028358459472656,24.459144592285156,20.645240783691406,77.18798828125,3.575989440242084,-3.231592836891693,-6.011970520019531,24.204452514648438,20.477142333984375,77.2750015258789,4.654098475172513,-3.447324282778169,-5.978492736816406,23.79814910888672,20.55572509765625,77.33673858642578,4.519743476686725,-3.3531995976219164,max_min_best,278
1832,426128,6,0.6,initial,failed_best_swap_00_1,0c9c162471a2ee64,-7.437592029571533,-0.828521728515625,-7.437592029571533,0.9990425109863281,0,0,0,0,5.950523376464844,-0.828521728515625,0.8796157836914062,0.5,-5.993522644042969,24.516605377197266,20.930198669433594,77.33816528320312,3.8003072355041723,1.0,-5.985038757324219,24.494731903076172,20.879615783691406,77.30347442626953,2.6082984204877118,1.0,-6.030845642089844,24.70721435546875,21.161697387695312,77.22795104980469,2.562408054307388,0.9990424826779799,-5.983711242675781,24.51299285888672,20.99254608154297,77.31631469726562,4.27636576099903,1.0,-5.950523376464844,24.171478271484375,21.042518615722656,77.37930297851562,4.130049986431457,1.0077681037529613,pareto_knee,279
1871,426128,6,0.7,initial,parent_normalized,925f5b325be36fc6,-2.4372034072875977,0.2602548599243164,-2.4372034072875977,-0.9797989130020142,0,1,0,0,5.884193420410156,0.7473793029785156,3.4462738037109375,0.2602548599243164,-5.9122467041015625,25.91907501220703,23.446273803710938,78.68551635742188,8.720144411865933,-0.8232614299887651,-5.8856658935546875,26.04791259765625,23.491619110107422,78.64655303955078,8.706093783557527,-0.8232614299887651,-5.884193420410156,25.747379302978516,23.689815521240234,78.66423797607422,8.609754764730658,-0.5210068867079265,-5.9127044677734375,25.78539276123047,23.453346252441406,78.6634521484375,7.562796577496318,-0.8232614299887651,-5.8866424560546875,26.05860137939453,23.525516510009766,78.56084442138672,7.872463545113475,-0.9797989152437125,pattern_best,280
1857,426128,6,0.7,initial,three_frequency_guided_swap_01,cf186c138f3e2f0f,-3.059966802597046,-1.07928466796875,-3.059966802597046,-0.8357251882553101,0,0,0,0,5.337455749511719,-1.07928466796875,2.414093017578125,0.5,-5.378593444824219,24.042652130126953,22.414093017578125,78.56293487548828,8.756812069658038,-0.7764448501974783,-5.337455749511719,24.131088256835938,22.41665267944336,78.51945495605469,8.89730650739117,-0.7764448501974783,-5.3510589599609375,23.92071533203125,22.52100372314453,78.53623962402344,8.620129912479097,-0.5391943977031062,-5.394523620605469,23.946022033691406,22.45709228515625,78.54551696777344,6.9400333145247135,-0.7764448501974783,-5.350883483886719,24.160560607910156,22.563369750976562,78.44479370117188,7.182511736197355,-0.8357251891824369,active_rl_best,281
1856,426128,6,0.7,initial,three_frequency_guided_swap_00,cea9d37a4b19e260,-3.350538492202759,-0.2098541259765625,-3.350538492202759,-0.8357263803482056,0,0,0,0,5.373504638671875,-0.2098541259765625,3.1772994995117188,0.2602548599243164,-5.41455078125,24.90019989013672,23.17729949951172,78.53761291503906,8.39537485138136,-0.7870207362481274,-5.373504638671875,25.000709533691406,23.18701171875,78.49482727050781,8.764899501677432,-0.7870207362481274,-5.3868560791015625,24.790145874023438,23.32933807373047,78.51416778564453,8.65487344132584,-0.5391947738658764,-5.430229187011719,24.792484283447266,23.20958709716797,78.51945495605469,6.649461603840688,-0.7870207362481274,-5.396575927734375,25.0394287109375,23.264659881591797,78.42179107666016,6.923364061372224,-0.8357263962885284,max_min_best,282
1885,426128,6,0.7,alternating,three_frequency_guided_swap_05,c05a52a20147f1ae,-4.667652606964111,-1.6996536254882812,-4.033562660217285,-4.667652606964111,0,0,0,0,5.1920318603515625,-1.6996536254882812,1.961822509765625,0.18791988492012024,-5.241790771484375,23.42554473876953,22.161705017089844,78.51817321777344,7.5810317934195135,-3.164423713362954,-5.1920318603515625,23.544700622558594,22.147491455078125,78.47512817382812,7.083175952013804,-3.164423713362954,-5.193214416503906,23.58643341064453,21.961822509765625,78.45018768310547,7.175066429996075,-4.667652793226754,-5.265785217285156,23.30034637451172,22.185523986816406,78.49996948242188,6.147169930177068,-3.164423713362954,-5.235504150390625,23.798728942871094,22.28094482421875,78.3873291015625,5.96643711786001,-4.632212388404632,pareto_knee,283
1900,426128,6,0.8,initial,failed_best_swap_01_2,00969d8367e53ab0,-15.690808296203613,1.3698272705078125,-15.690808296203613,-3.7476768493652344,0,1,0,0,6.390098571777344,3.284503936767578,1.3698272705078125,1.4650969505310059,-6.4315032958984375,28.39931869506836,21.720870971679688,79.21372985839844,-5.385995021364893,-3.747676914847599,-6.4481201171875,28.325698852539062,21.67719268798828,79.17291259765625,-4.879666048787491,-3.747676914847599,-6.442863464355469,28.284503936767578,21.625389099121094,79.19200897216797,-4.630323379091311,-3.5150409747257214,-6.390098571777344,28.484539031982422,21.662506103515625,79.19468688964844,-5.690808277408137,-3.747676914847599,-6.4012908935546875,28.979026794433594,21.369827270507812,79.11322021484375,-5.612845390669263,-3.557608945703855,pattern_best,284
1888,426128,6,0.8,initial,three_frequency_guided_swap_00,c366cb15cc5ce505,-3.1422905921936035,0.5,-3.1422905921936035,-0.9739906191825867,0,1,0,0,6.2334747314453125,4.508888244628906,3.3253631591796875,0.5,-6.2771759033203125,29.89446258544922,23.627391815185547,79.35862731933594,7.9885187103375666,-0.7907413820364013,-6.3180999755859375,29.893722534179688,23.667434692382812,79.35188293457031,6.8577093630438535,-0.7907413820364013,-6.264884948730469,29.508888244628906,23.488075256347656,79.3665771484375,6.962192181662385,-0.9739906368883524,-6.2334747314453125,29.872982025146484,23.596233367919922,79.32540130615234,7.243925519704579,-0.7907413820364013,-6.290092468261719,30.16043472290039,23.325363159179688,79.29991912841797,7.175985816141973,-0.6478635902921148,active_rl_best,285
1903,426128,6,0.8,initial,parent_normalized,03de2e8edfd88f14,-3.1442389488220215,0.5,-3.1442389488220215,-0.9739923477172852,0,1,0,0,6.4835052490234375,5.083747863769531,3.0054779052734375,0.5,-6.540367126464844,30.44640350341797,23.318115234375,79.40093231201172,8.580994080303874,-0.7628846816569457,-6.587188720703125,30.530029296875,23.372406005859375,79.39474487304688,6.855760980718257,-0.7628846816569457,-6.552421569824219,30.08374786376953,23.254776000976562,79.40796661376953,6.977494078233142,-0.9739923509231545,-6.4835052490234375,30.348960876464844,23.273544311523438,79.36732482910156,7.2373843384027525,-0.7628846816569457,-6.5585174560546875,30.79021453857422,23.005477905273438,79.35824584960938,7.53455144886563,-0.832786399949871,max_min_best,286
1889,426128,6,0.8,initial,three_frequency_guided_swap_01,884d53c34aff2442,-3.4186906814575195,0.5,-3.4186906814575195,-0.9739905595779419,0,1,0,0,6.138282775878906,3.9686317443847656,3.5889816284179688,0.5,-6.180915832519531,29.463211059570312,23.799232482910156,79.36906433105469,8.036968119663912,-0.7732719669377808,-6.2208404541015625,29.46169662475586,23.867462158203125,79.36273956298828,6.581309381783528,-0.7732719669377808,-6.177040100097656,28.968631744384766,23.833309173583984,79.38076782226562,6.687819200134724,-0.9739905615274971,-6.138282775878906,29.446422576904297,23.770980834960938,79.33538818359375,7.307739809157548,-0.7732719669377808,-6.202583312988281,29.769519805908203,23.58898162841797,79.31328582763672,7.3443436426745645,-0.8327868257457709,pareto_knee,287
