nominal_identity_psll_db,nominal_identity_weakest_target_gain_db,nominal_identity_target_spread_db,nominal_identity_nearest_iso_db,nominal_identity_local_iso_db,nominal_identity_pointing_error_deg,nominal_identity_active_rl_floor_db,nominal_identity_active_rl_gate,nominal_identity_psll_margin_db,nominal_identity_nearest_iso_margin_db,nominal_identity_local20_iso_margin_db,nominal_identity_mainlobe_margin_db,nominal_identity_active_rl_margin_db,nominal_identity_hardware_margin_db,nominal_identity_strict_pass,nominal_identity_combined_dynamic_range_db,nominal_identity_combined_peak_to_rms_db,nominal_identity_corner_power_increase_db,nominal_identity_normalized_wng_db,frequency_low_identity_psll_db,frequency_low_identity_weakest_target_gain_db,frequency_low_identity_target_spread_db,frequency_low_identity_nearest_iso_db,frequency_low_identity_local_iso_db,frequency_low_identity_pointing_error_deg,frequency_low_identity_active_rl_floor_db,frequency_low_identity_active_rl_gate,frequency_low_identity_psll_margin_db,frequency_low_identity_nearest_iso_margin_db,frequency_low_identity_local20_iso_margin_db,frequency_low_identity_mainlobe_margin_db,frequency_low_identity_active_rl_margin_db,frequency_low_identity_hardware_margin_db,frequency_low_identity_strict_pass,frequency_low_identity_combined_dynamic_range_db,frequency_low_identity_combined_peak_to_rms_db,frequency_low_identity_corner_power_increase_db,frequency_low_identity_normalized_wng_db,frequency_low_E2_source_psll_db,frequency_low_E2_source_weakest_target_gain_db,frequency_low_E2_source_target_spread_db,frequency_low_E2_source_nearest_iso_db,frequency_low_E2_source_local_iso_db,frequency_low_E2_source_pointing_error_deg,frequency_low_E2_source_active_rl_floor_db,frequency_low_E2_source_active_rl_gate,frequency_low_E2_source_psll_margin_db,frequency_low_E2_source_nearest_iso_margin_db,frequency_low_E2_source_local20_iso_margin_db,frequency_low_E2_source_mainlobe_margin_db,frequency_low_E2_source_active_rl_margin_db,frequency_low_E2_source_hardware_margin_db,frequency_low_E2_source_strict_pass,frequency_low_E2_source_combined_dynamic_range_db,frequency_low_E2_source_combined_peak_to_rms_db,frequency_low_E2_source_corner_power_increase_db,frequency_low_E2_source_normalized_wng_db,frequency_high_identity_psll_db,frequency_high_identity_weakest_target_gain_db,frequency_high_identity_target_spread_db,frequency_high_identity_nearest_iso_db,frequency_high_identity_local_iso_db,frequency_high_identity_pointing_error_deg,frequency_high_identity_active_rl_floor_db,frequency_high_identity_active_rl_gate,frequency_high_identity_psll_margin_db,frequency_high_identity_nearest_iso_margin_db,frequency_high_identity_local20_iso_margin_db,frequency_high_identity_mainlobe_margin_db,frequency_high_identity_active_rl_margin_db,frequency_high_identity_hardware_margin_db,frequency_high_identity_strict_pass,frequency_high_identity_combined_dynamic_range_db,frequency_high_identity_combined_peak_to_rms_db,frequency_high_identity_corner_power_increase_db,frequency_high_identity_normalized_wng_db,frequency_high_E2_source_psll_db,frequency_high_E2_source_weakest_target_gain_db,frequency_high_E2_source_target_spread_db,frequency_high_E2_source_nearest_iso_db,frequency_high_E2_source_local_iso_db,frequency_high_E2_source_pointing_error_deg,frequency_high_E2_source_active_rl_floor_db,frequency_high_E2_source_active_rl_gate,frequency_high_E2_source_psll_margin_db,frequency_high_E2_source_nearest_iso_margin_db,frequency_high_E2_source_local20_iso_margin_db,frequency_high_E2_source_mainlobe_margin_db,frequency_high_E2_source_active_rl_margin_db,frequency_high_E2_source_hardware_margin_db,frequency_high_E2_source_strict_pass,frequency_high_E2_source_combined_dynamic_range_db,frequency_high_E2_source_combined_peak_to_rms_db,frequency_high_E2_source_corner_power_increase_db,frequency_high_E2_source_normalized_wng_db,all_corner_strict_pass,source_pair_strict_pass,all_corner_pattern_pass,all_corner_active_rl_pass,robust_worst_margin_db,robust_pattern_margin_db,robust_active_rl_margin_db,robust_hardware_margin_db,selection_index,generated_index,sample_index,k,ratio,selection_role,target_stage_db,backtracking_alpha,optimizer_joint_equality_error_max,optimizer_joint_regional_ratio_max,optimizer_joint_equality_condition_number,optimizer_analog_E2_active_rl_floor_db,optimizer_frozen_implementation_E2_active_rl_floor_db,optimizer_selected_sweep_index,robust_psll_margin_db,design_reserve11_pass,path_index,selected_best,path_candidate_count
-5.6241607666015625,81.45504760742188,0.061431884765625,27.23236083984375,20.740211486816406,8.537736462515939e-07,-0.6620665304271414,0,5.6241607666015625,2.23236083984375,0.7402114868164062,-1.742156982421875,-10.662066459655762,-4.008576393127441,0,24.008576587766747,5.679472039525172,0.0,-1.057931590797784,-5.389686584472656,81.42546081542969,0.08470916748046875,27.123748779296875,20.764400482177734,8.537736462515939e-07,-0.7850718285980302,0,5.389686584472656,2.123748779296875,0.7644004821777344,-1.7717437744140625,-10.78507137298584,-4.008576393127441,0,24.008576587766747,5.679472039525172,0.0,-1.051764182290625,-5.2008514404296875,81.40556335449219,0.08263397216796875,26.78484344482422,20.658161163330078,8.537736462515939e-07,-0.854269526069093,0,5.2008514404296875,1.7848434448242188,0.6581611633300781,-1.7916412353515625,-10.854269981384277,-4.2413201332092285,0,24.24132022758425,5.921274998538975,-0.002979016827871354,-1.0768018221400821,-5.7377471923828125,81.42479705810547,0.04627227783203125,27.2550048828125,20.728008270263672,8.537736462515939e-07,-0.1723708318716319,0,5.7377471923828125,2.2550048828125,0.7280082702636719,-1.7724075317382812,-10.172370910644531,-4.008576393127441,0,24.008576587766747,5.679472039525172,0.0,-1.0685717209395353,-5.744789123535156,81.4437026977539,0.02942657470703125,26.79404067993164,20.75897979736328,8.537736462515939e-07,-0.04399486172550381,0,5.744789123535156,1.7940406799316406,0.7589797973632812,-1.7535018920898438,-10.043994903564453,-4.420183181762695,0,24.42018305491258,5.575832859564796,-0.012864161243990955,-1.0750852090562684,0,0,0,0,-10.854269981384277,-1.7916412353515625,-10.854269981384277,-4.420183181762695,16,523,426102,2,0.5,pattern_best,10.5,0.25,8.036492009837629e-06,1.035103800218579,12490054.87800569,-7.589470428625772,-7.454844400615826,1.0,5.2008514404296875,0,0,1,16
-8.787620544433594,81.67346954345703,0.1484375,29.06488800048828,21.702960968017578,0.9999999999999002,5.408523923840058,0,8.787620544433594,4.064888000488281,1.7029609680175781,-1.5237350463867188,-4.591475963592529,-1.0872608423233032,0,21.087260899970268,8.172039954150797,0.0,-1.1335233196792516,-8.763328552246094,81.63404846191406,0.16275787353515625,29.30679702758789,21.72762680053711,0.9999999999999002,5.814686484428426,0,8.763328552246094,4.306797027587891,1.7276268005371094,-1.5631561279296875,-4.185313701629639,-1.0872608423233032,0,21.087260899970268,8.172039954150797,0.0,-1.1350148147149128,-8.632949829101562,81.62815856933594,0.1885528564453125,29.05099868774414,21.143123626708984,8.537736462515939e-07,5.11107624683111,0,8.632949829101562,4.050998687744141,1.1431236267089844,-1.5690460205078125,-4.888923645019531,-1.4402666091918945,0,21.44026660025399,8.247727557453592,-0.005045352452561517,-1.135873127355921,-8.792823791503906,81.64653015136719,0.15042877197265625,28.793659210205078,21.683135986328125,0.9999999999999002,4.296827803336116,0,8.792823791503906,3.793659210205078,1.683135986328125,-1.5506744384765625,-5.703172206878662,-1.0872608423233032,0,21.087260899970268,8.172039954150797,0.0,-1.1403014582467117,-8.927330017089844,81.6805191040039,0.104644775390625,28.13421630859375,21.48339080810547,0.9999999999999002,4.064397448058507,0,8.927330017089844,3.13421630859375,1.4833908081054688,-1.5166854858398438,-5.93560266494751,-0.9491211771965027,0,20.949121183357992,7.881232890579496,-0.02831075958326843,-1.1414928373472923,0,0,0,0,-5.93560266494751,-1.5690460205078125,-5.93560266494751,-1.4402666091918945,17,527,426102,2,0.5,active_rl_best,10.0,0.25,2.1385307866344595e-06,1.0352901079033068,11637978.896271262,-16.189903201527287,-16.189903201527287,1.0,8.632949829101562,0,1,1,16
-6.6332550048828125,82.32875061035156,0.16172027587890625,25.006038665771484,21.633888244628906,8.537736462515939e-07,5.3950311036678205,0,6.6332550048828125,0.006038665771484375,1.6338882446289062,-0.8684539794921875,-4.604969024658203,0.026812730357050896,0,19.973187269816826,6.226151067817277,0.0,-0.4977600628085015,-6.246734619140625,82.280029296875,0.2233123779296875,25.029788970947266,21.65325927734375,8.537736462515939e-07,3.864232758393195,0,6.246734619140625,0.029788970947265625,1.65325927734375,-0.91717529296875,-6.135767459869385,0.026812730357050896,0,19.973187269816826,6.226151067817277,0.0,-0.49958130113621685,-5.974250793457031,82.27117919921875,0.19861602783203125,24.41490936279297,20.90267562866211,8.537736462515939e-07,3.317165180624319,0,5.974250793457031,-0.5850906372070312,0.9026756286621094,-0.926025390625,-6.682834625244141,-0.46843379735946655,0,20.468433784028605,6.283955606582365,-0.0025702883719133677,-0.5230452251554214,-7.00909423828125,82.3104248046875,0.1374053955078125,24.965946197509766,21.63287353515625,0.9999999999999002,6.208090258852511,0,7.00909423828125,-0.034053802490234375,1.63287353515625,-0.88677978515625,-3.791909694671631,0.026812730357050896,0,19.973187269816826,6.226151067817277,0.0,-0.5042395576520808,-7.030281066894531,82.33828735351562,0.07991790771484375,24.765907287597656,21.203819274902344,0.9999999999999002,6.348408941969964,0,7.030281066894531,-0.23409271240234375,1.2038192749023438,-0.858917236328125,-3.6515910625457764,0.10942559689283371,0,19.89057440049074,5.904468266826698,-0.004291440782264686,-0.5088449034015524,0,0,0,0,-6.682834625244141,-0.926025390625,-6.682834625244141,-0.46843379735946655,18,524,426102,2,0.5,max_min_best,warm,0.0,,,,,,,5.974250793457031,0,2,1,16
-8.912910461425781,81.59027862548828,0.15615081787109375,30.93675994873047,21.507369995117188,0.9999999999999002,5.955005853518152,0,8.912910461425781,5.936759948730469,1.5073699951171875,-1.6069259643554688,-4.044994354248047,-1.0223203897476196,0,21.022320435311507,8.268480399200222,0.0,-1.1730585855101798,-8.564437866210938,81.55158996582031,0.17223358154296875,31.23464584350586,21.523780822753906,0.9999999999999002,6.171278692498751,0,8.564437866210938,6.234645843505859,1.5237808227539062,-1.6456146240234375,-3.828721284866333,-1.0223203897476196,0,21.022320435311507,8.268480399200222,0.0,-1.1722753187666677,-8.38916015625,81.55023193359375,0.17267608642578125,31.054718017578125,21.034446716308594,0.9999999999999002,6.219581190505662,0,8.38916015625,6.054718017578125,1.0344467163085938,-1.64697265625,-3.780418872833252,-1.154654622077942,0,21.15465458096699,8.3685467425912,-0.007452721732106078,-1.1779192400818044,-8.913063049316406,81.56258392333984,0.15650177001953125,30.60118865966797,21.491832733154297,0.9999999999999002,5.475238760283968,0,8.913063049316406,5.601188659667969,1.4918327331542969,-1.6346206665039062,-4.524761199951172,-1.0223203897476196,0,21.022320435311507,8.268480399200222,0.0,-1.1819252447879893,-8.99407958984375,81.58934020996094,0.1351165771484375,30.182430267333984,21.206405639648438,0.9999999999999002,5.401275499747142,0,8.99407958984375,5.182430267333984,1.2064056396484375,-1.6078643798828125,-4.598724365234375,-0.6715001463890076,0,20.671500168802343,7.998068793833202,-0.024777389294082085,-1.179905025344556,0,0,0,0,-4.598724365234375,-1.64697265625,-4.598724365234375,-1.154654622077942,19,520,426102,2,0.5,pareto_knee,10.0,0.25,8.387702039888875e-06,1.0363189320705306,11497307.865459597,-10.232479357036953,-10.743978920695623,1.0,8.38916015625,0,3,1,16
-6.628654479980469,83.28990936279297,0.21503448486328125,27.02025604248047,22.308555603027344,0.9999999999999002,6.929695181364214,0,6.628654479980469,2.0202560424804688,2.3085556030273438,0.09270477294921875,-3.0703048706054688,1.0,0,18.691814768697785,4.9381192504853635,0.0,-0.5549863429829225,-6.1861724853515625,83.25022888183594,0.244171142578125,27.576534271240234,22.24331283569336,1.0000000000002647,6.240432884403529,0,6.1861724853515625,2.5765342712402344,2.2433128356933594,0.0530242919921875,-3.7595670223236084,1.0,0,18.691814768697785,4.9381192504853635,0.0,-0.5616869335910496,-5.998405456542969,83.26309967041016,0.1919097900390625,27.207767486572266,21.32830810546875,1.0000000000002647,4.917519612353089,0,5.998405456542969,2.2077674865722656,1.32830810546875,0.06589508056640625,-5.082480430603027,1.0069472789764404,0,18.81564098556453,5.044781737790773,-0.006947272789356117,-0.5651715274129944,-7.105308532714844,83.28396606445312,0.1873931884765625,26.469390869140625,22.29792022705078,0.9999999999999002,5.920038164971569,0,7.105308532714844,1.469390869140625,2.2979202270507812,0.086761474609375,-4.079961776733398,1.0,0,18.691814768697785,4.9381192504853635,0.0,-0.5575140362633862,-7.102592468261719,83.29185485839844,0.17462921142578125,26.362422943115234,22.051509857177734,0.9999999999999002,6.2065634176953965,0,7.102592468261719,1.3624229431152344,2.0515098571777344,0.0946502685546875,-3.7934365272521973,0.9121552109718323,0,19.087844808741508,4.793073228740383,-0.007676898815949102,-0.5535414091783477,0,0,1,0,-5.082480430603027,0.0530242919921875,-5.082480430603027,0.9121552109718323,20,559,426102,2,0.6,pattern_best,warm,0.0,,,,,,,5.998405456542969,0,4,1,16
-6.640129089355469,83.27287292480469,0.208953857421875,26.986587524414062,22.636436462402344,0.9999999999999002,6.402214009555712,0,6.640129089355469,1.9865875244140625,2.6364364624023438,0.0756683349609375,-3.5977859497070312,1.0,0,18.724305771905886,4.9570707757752865,0.0,-0.5658386795330677,-6.195281982421875,83.22598266601562,0.24454498291015625,27.445159912109375,22.566524505615234,1.0000000000002647,6.290710570951329,0,6.195281982421875,2.445159912109375,2.5665245056152344,0.028778076171875,-3.709289312362671,1.0,0,18.724305771905886,4.9570707757752865,0.0,-0.5723936276622229,-6.008354187011719,83.24054718017578,0.18994903564453125,27.031158447265625,21.595966339111328,1.0000000000002647,4.956286463001457,0,6.008354187011719,2.031158447265625,1.5959663391113281,0.04334259033203125,-5.043713569641113,1.0066920518875122,0,18.815642074849624,5.060334859427535,-0.0066920254510828975,-0.5756028163789182,-7.111763000488281,83.2663803100586,0.18264007568359375,26.50885009765625,22.61248016357422,0.9999999999999002,5.460355556412765,0,7.111763000488281,1.50885009765625,2.6124801635742188,0.06917572021484375,-4.539644241333008,1.0,0,18.724305771905886,4.9570707757752865,0.0,-0.5686133026406911,-7.105201721191406,83.27555847167969,0.16754913330078125,26.424392700195312,22.411407470703125,0.9999999999999002,5.746543208611677,0,7.105201721191406,1.4243927001953125,2.411407470703125,0.0783538818359375,-4.2534565925598145,0.9121538996696472,0,19.087846118544014,4.810940448709342,-0.009161283244797523,-0.5649093498572306,0,0,1,0,-5.043713569641113,0.028778076171875,-5.043713569641113,0.9121538996696472,21,553,426102,2,0.6,active_rl_best,warm,0.0,,,,,,,6.008354187011719,0,5,1,16
-6.4684600830078125,83.24700927734375,0.20642852783203125,27.99407958984375,22.125255584716797,0.9999999999999002,5.500089840897148,0,6.4684600830078125,2.99407958984375,2.125255584716797,0.0498046875,-4.499910354614258,-2.6983156204223633,0,22.698315728305637,4.964733525214968,0.0,-0.5682019202405533,-6.0399932861328125,83.21049499511719,0.2322845458984375,28.585819244384766,22.145618438720703,1.0000000000002647,5.815931455518051,0,6.0399932861328125,3.5858192443847656,2.145618438720703,0.0132904052734375,-4.18406867980957,-2.6983156204223633,0,22.698315728305637,4.964733525214968,0.0,-0.5745513997380948,-5.856056213378906,83.22494506835938,0.1775970458984375,28.135391235351562,21.32776641845703,1.0000000000002647,4.8381468482569785,0,5.856056213378906,3.1353912353515625,1.3277664184570312,0.027740478515625,-5.161853313446045,-2.8763861656188965,0,22.876386057851676,5.069556708868546,-0.006840840560566273,-0.5779509756566519,-6.933807373046875,83.24176025390625,0.17838287353515625,27.392234802246094,22.09917449951172,0.9999999999999002,5.209862990296905,0,6.933807373046875,2.3922348022460938,2.0991744995117188,0.0445556640625,-4.790136814117432,-2.6983156204223633,0,22.698315728305637,4.964733525214968,0.0,-0.5711063035747703,-6.924415588378906,83.24940490722656,0.166595458984375,27.307666778564453,21.903976440429688,0.9999999999999002,5.106018088241821,0,6.924415588378906,2.307666778564453,1.9039764404296875,0.0522003173828125,-4.89398193359375,-2.253220319747925,0,22.253220208190022,4.820035867061895,-0.008076728932411086,-0.5674751972855862,0,0,1,0,-5.161853313446045,0.0132904052734375,-5.161853313446045,-2.8763861656188965,22,554,426102,2,0.6,max_min_best,warm,0.0,,,,,,,5.856056213378906,0,6,1,16
-5.33270263671875,80.8462905883789,6.866455078125e-05,29.899211883544922,22.94788360595703,8.537736462515939e-07,9.663957219644665,0,5.33270263671875,4.899211883544922,2.9478836059570312,-2.3509140014648438,-0.3360427916049957,-1.5238345861434937,0,21.52383463204142,8.205542832331915,0.0,-2.2293505012132453,-5.491935729980469,80.82633972167969,4.57763671875e-05,30.004318237304688,22.951950073242188,8.537736462515939e-07,8.71094569290776,0,5.491935729980469,5.0043182373046875,2.9519500732421875,-2.3708648681640625,-1.289054274559021,-1.5238345861434937,0,21.52383463204142,8.205542832331915,0.0,-2.217329073409095,-5.628242492675781,80.83853912353516,0.00754547119140625,28.837238311767578,23.20258331298828,8.537736462515939e-07,9.022104463139511,0,5.628242492675781,3.837238311767578,3.2025833129882812,-2.3586654663085938,-0.9778955578804016,-1.3223007917404175,0,21.32230077071722,8.14552764182281,-0.019232870954560912,-2.2208751328975733,-5.1627197265625,80.8108901977539,0.0191497802734375,29.63719940185547,22.941635131835938,1.0000000000002647,8.10587941986993,0,5.1627197265625,4.637199401855469,2.9416351318359375,-2.3863143920898438,-1.8941205739974976,-1.5238345861434937,0,21.52383463204142,8.205542832331915,0.0,-2.244447626053497,-5.21502685546875,80.82414245605469,0.0294342041015625,29.755661010742188,22.81325912475586,1.0000000000002647,8.449422420391786,0,5.21502685546875,4.7556610107421875,2.8132591247558594,-2.3730621337890625,-1.5505775213241577,-1.0740506649017334,0,21.074050653781356,8.083870633921705,-0.021323727745440092,-2.2153829353789787,0,0,0,0,-2.3863143920898438,-2.3863143920898438,-1.8941205739974976,-1.5238345861434937,23,569,426102,2,0.6,pareto_knee,10.0,1.0,5.405425319288853e-06,1.031475977405829,12095212.165228615,8.10587941986993,8.10587941986993,1.0,5.1627197265625,0,7,1,16
-7.956108093261719,83.89984893798828,0.2016754150390625,28.55902099609375,21.649429321289062,8.537736462515939e-07,7.280472879808722,0,7.956108093261719,3.55902099609375,1.6494293212890625,0.7026443481445312,-2.719527006149292,0.9008350372314453,0,19.09916493769781,4.4946199591085865,0.0,-0.3541168438335842,-7.385429382324219,83.84355163574219,0.2736968994140625,29.12301254272461,21.65735626220703,1.0000000000002647,7.489482293958723,0,7.385429382324219,4.123012542724609,1.6573562622070312,0.5,-2.5105175971984863,0.9008350372314453,0,19.09916493769781,4.4946199591085865,0.0,-0.36436522653302683,-7.133491516113281,83.85658264160156,0.2504730224609375,28.504852294921875,21.113182067871094,1.0000000000002647,6.782603778851188,0,7.133491516113281,3.504852294921875,1.1131820678710938,0.5,-3.2173962593078613,0.42754098773002625,0,19.572459000369474,4.590392837021736,-0.008805034270092361,-0.3693460418954593,-8.556571960449219,83.89212799072266,0.18047332763671875,28.024658203125,21.65680694580078,0.9999999999999002,6.152061563264338,0,8.556571960449219,3.024658203125,1.6568069458007812,0.5,-3.8479385375976562,0.9008350372314453,0,19.09916493769781,4.4946199591085865,0.0,-0.3533840713868999,-8.538124084472656,83.87905883789062,0.21015167236328125,28.309967041015625,21.609573364257812,0.9999999999999002,5.878187525634554,0,8.538124084472656,3.309967041015625,1.6095733642578125,0.5,-4.121812343597412,1.0036847591400146,0,18.99631523076149,4.409721036129344,-0.0041111060016362794,-0.3529876654690562,0,0,1,0,-4.121812343597412,0.5,-4.121812343597412,0.42754098773002625,24,591,426102,2,0.7,pattern_best,warm,0.0,,,,,,,7.133491516113281,0,8,1,16
-7.9859771728515625,83.88459777832031,0.1922607421875,29.269851684570312,21.87555694580078,8.537736462515939e-07,4.0293272838935295,0,7.9859771728515625,4.2698516845703125,1.8755569458007812,0.6873931884765625,-5.970672607421875,0.9044779539108276,0,19.0955220742601,4.5265365961161805,0.0,-0.3665076703552691,-7.4202880859375,83.82977294921875,0.26294708251953125,29.901866912841797,21.870361328125,8.537736462515939e-07,3.640133013550331,0,7.4202880859375,4.901866912841797,1.870361328125,0.632568359375,-6.359867095947266,0.9044779539108276,0,19.0955220742601,4.5265365961161805,0.0,-0.37656262511094185,-7.157012939453125,83.83631896972656,0.24648284912109375,29.257518768310547,21.277114868164062,1.0000000000002647,3.8992450098303486,0,7.157012939453125,4.257518768310547,1.2771148681640625,0.5,-6.100755214691162,0.42754068970680237,0,19.572459311969535,4.616896253881187,-0.0069771428477526515,-0.38126597247327665,-8.579574584960938,83.87466430664062,0.17032623291015625,28.68484878540039,21.896095275878906,0.9999999999999002,3.9569883535488732,0,8.579574584960938,3.6848487854003906,1.8960952758789062,0.5,-6.043011665344238,0.9044779539108276,0,19.0955220742601,4.5265365961161805,0.0,-0.36592923110725595,-8.551887512207031,83.85921478271484,0.20438385009765625,29.07550811767578,21.85626220703125,0.9999999999999002,3.6959096056748315,0,8.551887512207031,4.075508117675781,1.85626220703125,0.5,-6.30409049987793,1.0032976865768433,0,18.996314908794105,4.438252189532321,-0.003297733764597865,-0.36571698261840635,0,0,1,0,-6.359867095947266,0.5,-6.359867095947266,0.42754068970680237,25,585,426102,2,0.7,active_rl_best,warm,0.0,,,,,,,7.157012939453125,0,9,1,16
-9.104812622070312,83.77037048339844,0.06287384033203125,24.90019989013672,21.061431884765625,8.537736462515939e-07,3.8034762846388364,0,9.104812622070312,-0.09980010986328125,1.061431884765625,0.5731658935546875,-6.196523666381836,-0.9282248616218567,0,20.928224837646315,4.758946064027759,0.0,-0.5789718111420351,-8.472381591796875,83.72958374023438,0.115081787109375,25.253631591796875,21.125343322753906,8.537736462515939e-07,3.6389192947874367,0,8.472381591796875,0.253631591796875,1.1253433227539062,0.532379150390625,-6.361080646514893,-0.9282248616218567,0,20.928224837646315,4.758946064027759,0.0,-0.5811799487052736,-8.238128662109375,83.71954345703125,0.132080078125,25.231674194335938,20.748573303222656,8.537736462515939e-07,4.200081875137284,0,8.238128662109375,0.2316741943359375,0.7485733032226562,0.5223388671875,-5.799918174743652,-1.0219331979751587,0,21.021933215616162,4.842971457016569,0.0017231537518291047,-0.584669579112252,-9.771949768066406,83.74710845947266,0.02727508544921875,24.554950714111328,21.006202697753906,8.537736462515939e-07,4.080056116133608,0,9.771949768066406,-0.4450492858886719,1.0062026977539062,0.5499038696289062,-5.919943809509277,-0.9282248616218567,0,20.928224837646315,4.758946064027759,0.0,-0.5856351283036836,-9.78558349609375,83.75575256347656,0.0171661376953125,24.326927185058594,21.04558563232422,8.537736462515939e-07,4.451737768707973,0,9.78558349609375,-0.6730728149414062,1.0455856323242188,0.5585479736328125,-5.548262119293213,-0.5779943466186523,0,20.5779943460849,4.7066680041544116,-0.006177024350061022,-0.5832299033193136,0,0,0,0,-6.361080646514893,-0.6730728149414062,-6.361080646514893,-1.0219331979751587,26,588,426102,2,0.7,max_min_best,10.0,0.25,7.999926997890615e-06,1.030782355218566,11175790.894341556,-13.641206623041608,-14.833715385334704,1.0,8.238128662109375,0,10,1,16
-7.844795227050781,83.8703842163086,0.21600341796875,27.847923278808594,20.80059814453125,0.9999999999999002,0.9195071308982554,0,7.844795227050781,2.8479232788085938,0.80059814453125,0.5,-9.080492973327637,-1.0893850326538086,0,21.08938502039622,4.576566825368398,0.0,-0.40702608727180517,-7.281028747558594,83.81733703613281,0.2597198486328125,28.31201934814453,20.798233032226562,1.0000000000002647,0.7784508039687138,0,7.281028747558594,3.3120193481445312,0.7982330322265625,0.5,-9.221549034118652,-1.0893850326538086,0,21.08938502039622,4.576566825368398,0.0,-0.41702865821706486,-7.035774230957031,83.82762145996094,0.24391937255859375,27.67491912841797,20.373069763183594,1.0000000000002647,0.6665407136215706,0,7.035774230957031,2.6749191284179688,0.37306976318359375,0.5,-9.33345890045166,-1.2434349060058594,0,21.243434898682207,4.681099152432163,-0.006796821577822073,-0.4224418193622886,-8.442245483398438,83.8637466430664,0.1936492919921875,27.391647338867188,20.807876586914062,0.9999999999999002,0.9764804160311815,0,8.442245483398438,2.3916473388671875,0.8078765869140625,0.5,-9.023519515991211,-1.0893850326538086,0,21.08938502039622,4.576566825368398,0.0,-0.4064202964564076,-8.422737121582031,83.85137939453125,0.21973419189453125,27.659866333007812,20.76666259765625,0.9999999999999002,1.343961400025674,0,8.422737121582031,2.6598663330078125,0.76666259765625,0.5,-8.656038284301758,-0.6676846742630005,0,20.667684685877063,4.454076059647543,-0.00399658440848675,-0.40675285268186234,0,0,1,0,-9.33345890045166,0.37306976318359375,-9.33345890045166,-1.2434349060058594,27,579,426102,2,0.7,pareto_knee,warm,0.0,,,,,,,7.035774230957031,0,11,1,16
-6.947029113769531,82.37659454345703,0.00014495849609375,31.618343353271484,21.7283935546875,8.537736462515939e-07,3.4889445765137057,0,6.947029113769531,6.618343353271484,1.7283935546875,-0.8206100463867188,-6.5110554695129395,1.0,0,17.788042061904395,5.778878724970122,0.0,-1.8423769427787897,-6.885009765625,82.35992431640625,3.814697265625e-05,32.03935241699219,21.66702651977539,8.537736462515939e-07,2.296235695529987,0,6.885009765625,7.0393524169921875,1.6670265197753906,-0.8372802734375,-7.70376443862915,1.0,0,17.788042061904395,5.778878724970122,0.0,-1.8596419743790893,-6.6844635009765625,82.35324096679688,0.01338958740234375,31.52715301513672,21.693191528320312,8.537736462515939e-07,2.2560541235262486,0,6.6844635009765625,6.527153015136719,1.6931915283203125,-0.843963623046875,-7.743946075439453,1.0092941522598267,0,17.771005403810598,5.882952846146161,-0.009294185677615157,-1.8680010039784098,-6.737464904785156,82.33890533447266,3.0517578125e-05,31.082386016845703,21.794960021972656,8.537736462515939e-07,3.0521637233019803,0,6.737464904785156,6.082386016845703,1.7949600219726562,-0.8582992553710938,-6.947836399078369,1.0,0,17.788042061904395,5.778878724970122,0.0,-1.8332992496450955,-6.783592224121094,82.3422622680664,0.00335693359375,30.621726989746094,22.01507568359375,8.537736462515939e-07,2.9944483936873367,0,6.783592224121094,5.621726989746094,2.01507568359375,-0.8549423217773438,-7.005551815032959,1.0169254541397095,0,17.897271453210575,5.60773796860493,-0.01692548229351287,-1.8220361391847295,0,0,0,0,-7.743946075439453,-0.8582992553710938,-7.743946075439453,1.0,28,629,426102,2,0.8,pattern_best,11.0,1.0,8.241116111222448e-06,1.0286763184238115,10388627.893035723,2.1251696248383816,2.2560541235262486,1.0,6.6844635009765625,0,12,1,16
-9.373146057128906,84.625,0.14141845703125,25.32282257080078,20.179161071777344,8.537736462515939e-07,7.104962220923545,0,9.373146057128906,0.32282257080078125,0.17916107177734375,1.42779541015625,-2.895037889480591,-0.703888475894928,0,20.703888490070923,4.668741377764659,0.0,-0.2481987645082195,-8.665084838867188,84.57414245605469,0.2076568603515625,25.756641387939453,20.226463317871094,8.537736462515939e-07,5.972011193431178,0,8.665084838867188,0.7566413879394531,0.22646331787109375,1.3769378662109375,-4.027988910675049,-0.703888475894928,0,20.703888490070923,4.668741377764659,0.0,-0.2578041484522691,-8.367424011230469,84.56855010986328,0.20256805419921875,25.349395751953125,19.798080444335938,1.0000000000002647,4.355069869682669,0,8.367424011230469,0.349395751953125,-0.2019195556640625,0.5,-5.644930362701416,-1.3339543342590332,0,21.333954352211023,4.443029626797511,0.0027618734666210766,-0.25977090625141,-10.128173828125,84.60978698730469,0.10964202880859375,24.944046020507812,20.134490966796875,0.9999999999999002,6.31715486526098,0,10.128173828125,-0.0559539794921875,0.134490966796875,0.5,-3.682845115661621,-0.703888475894928,0,20.703888490070923,4.668741377764659,0.0,-0.24857468329045446,-10.104698181152344,84.60747528076172,0.099395751953125,24.840377807617188,20.204063415527344,0.9999999999999002,5.315972270516407,0,10.104698181152344,-0.1596221923828125,0.20406341552734375,0.5,-4.684027671813965,0.018321050330996513,0,19.981678948815805,4.580502919110625,0.002717352101118753,-0.25496898213427216,0,0,0,0,-5.644930362701416,-0.2019195556640625,-5.644930362701416,-1.3339543342590332,29,623,426102,2,0.8,active_rl_best,warm,0.0,,,,,,,8.367424011230469,0,13,1,16
-8.885101318359375,84.58447265625,0.1406097412109375,26.7259521484375,20.02080535888672,8.537736462515939e-07,4.149211448938568,0,8.885101318359375,1.7259521484375,0.02080535888671875,1.38726806640625,-5.850788593292236,-0.44566428661346436,0,20.445664280774647,4.805638366730218,0.0,-0.22631689742582392,-8.225753784179688,84.5341796875,0.2022247314453125,27.214500427246094,20.030906677246094,8.537736462515939e-07,3.183130336616684,0,8.225753784179688,2.2145004272460938,0.03090667724609375,1.33697509765625,-6.816869735717773,-0.44566428661346436,0,20.445664280774647,4.805638366730218,0.0,-0.23815340614137506,-7.928153991699219,84.55607604980469,0.1531219482421875,27.071083068847656,19.436935424804688,1.0000000000002647,3.4461106693005044,0,7.928153991699219,2.0710830688476562,-0.5630645751953125,0.5,-6.553889274597168,0.4715254604816437,0,19.528474526344045,4.601118079199134,0.0052493363854392225,-0.24791577188024796,-9.580955505371094,84.5680160522461,0.11660003662109375,26.30522918701172,20.009864807128906,0.9999999999999002,5.169262207685814,0,9.580955505371094,1.3052291870117188,0.00986480712890625,0.5,-4.830737590789795,-0.44566428661346436,0,20.445664280774647,4.805638366730218,0.0,-0.22453376001805803,-9.567413330078125,84.56938171386719,0.1064453125,26.022266387939453,20.084800720214844,0.9999999999999002,5.146571220098762,0,9.567413330078125,1.0222663879394531,0.08480072021484375,0.5,-4.853428840637207,-0.9736320376396179,0,20.973632054343078,4.711383824471869,0.00031253771573939114,-0.2313243424422708,0,0,0,0,-6.816869735717773,-0.5630645751953125,-6.816869735717773,-0.9736320376396179,30,621,426102,2,0.8,max_min_best,warm,0.0,,,,,,,7.928153991699219,0,14,1,16
-9.207038879394531,84.60181427001953,0.139434814453125,25.80467987060547,20.25157928466797,8.537736462515939e-07,-3.2397584677814977,0,9.207038879394531,0.8046798706054688,0.25157928466796875,1.4046096801757812,-13.239758491516113,-0.7101366519927979,0,20.71013664841415,4.69897870887258,0.0,-0.2584343183709695,-8.517509460449219,84.55123138427734,0.20615386962890625,26.265583038330078,20.28148651123047,8.537736462515939e-07,-3.3698855696370744,0,8.517509460449219,1.2655830383300781,0.28148651123046875,1.3540267944335938,-13.369885444641113,-0.7101366519927979,0,20.71013664841415,4.69897870887258,0.0,-0.2678253016281762,-8.223625183105469,84.54673767089844,0.19873809814453125,25.813030242919922,19.83116912841797,1.0000000000002647,-3.5434854071342174,0,8.223625183105469,0.8130302429199219,-0.16883087158203125,0.5,-13.543485641479492,-1.3339530229568481,0,21.33395301585238,4.472992177935092,0.0034707291076673773,-0.2698391335027145,-9.940452575683594,84.58644104003906,0.1095428466796875,25.401935577392578,20.223892211914062,0.9999999999999002,-2.8918567272163282,0,9.940452575683594,0.4019355773925781,0.2238922119140625,0.5,-12.891857147216797,-0.7101366519927979,0,20.71013664841415,4.69897870887258,0.0,-0.25895408788955016,-9.915191650390625,84.58428955078125,0.0989227294921875,25.26876449584961,20.321853637695312,0.9999999999999002,-2.9002495445577328,0,9.915191650390625,0.2687644958496094,0.3218536376953125,0.5,-12.900249481201172,0.01832328364253044,0,19.981676716337205,4.607859819797683,0.0037874508724168744,-0.2653726967061742,0,0,0,0,-13.543485641479492,-0.16883087158203125,-13.543485641479492,-1.3339530229568481,31,617,426102,2,0.8,pareto_knee,warm,0.0,,,,,,,8.223625183105469,0,15,1,16
-4.759391784667969,80.9953384399414,0.05110931396484375,28.80820083618164,18.15837860107422,1.0000000000002647,8.949006027801422,0,4.759391784667969,3.8082008361816406,-1.8416213989257812,-2.6999740600585938,-1.0509939193725586,1.0,0,18.772750941455666,6.284051672457252,0.0,-1.3535413935113176,-4.979743957519531,80.97137451171875,0.0193328857421875,28.636608123779297,18.597755432128906,1.0000000000002647,8.950529775921988,0,4.979743957519531,3.636608123779297,-1.4022445678710938,-2.72393798828125,-1.0494701862335205,1.0,0,18.772750941455666,6.284051672457252,0.0,-1.3601691530996138,-4.901939392089844,80.98997497558594,0.018585205078125,28.425125122070312,18.551918029785156,1.0000000000002647,8.886312878524876,0,4.901939392089844,3.4251251220703125,-1.4480819702148438,-2.7053375244140625,-1.1136871576309204,1.0128819942474365,0,18.60454380472148,6.1450548119556725,-0.012882023153781542,-1.351794371480003,-4.539009094238281,80.96251678466797,0.08294677734375,28.898193359375,17.76689910888672,1.0000000000002647,7.2195213302763195,0,4.539009094238281,3.898193359375,-2.2331008911132812,-2.7327957153320312,-2.7804787158966064,1.0,0,18.772750941455666,6.284051672457252,0.0,-1.358223989923835,-4.5005950927734375,80.962646484375,0.08837127685546875,28.822467803955078,17.850364685058594,1.0000000000002647,7.316204874937753,0,4.5005950927734375,3.822467803955078,-2.1496353149414062,-2.732666015625,-2.683795213699341,1.0178802013397217,0,18.13636076970833,6.225082660304634,-0.01788017486387881,-1.3645557768223813,0,0,0,0,-2.7804787158966064,-2.7327957153320312,-2.7804787158966064,1.0,48,651,426105,2,0.5,pattern_best,11.0,1.0,4.746473640599359e-06,1.039765456087823,6924765.820292488,7.178340409391227,7.2195213302763195,1.0,4.5005950927734375,0,16,1,16
-8.969520568847656,82.09136199951172,0.26987457275390625,30.572383880615234,23.8524169921875,0.0,8.923596203464362,0,8.969520568847656,5.572383880615234,3.8524169921875,-1.6039505004882812,-1.0764037370681763,1.0,0,17.565483522522072,3.9474195219458155,0.0,-0.45366627826255507,-8.456947326660156,82.04335021972656,0.296661376953125,31.008251190185547,23.777481079101562,0.0,8.05772570864774,0,8.456947326660156,6.008251190185547,3.7774810791015625,-1.6519622802734375,-1.9422743320465088,1.0,0,17.565483522522072,3.9474195219458155,0.0,-0.45902237634675214,-8.490150451660156,82.02763366699219,0.32358551025390625,31.816272735595703,23.81601333618164,0.0,7.659617760697692,0,8.490150451660156,6.816272735595703,3.8160133361816406,-1.6676788330078125,-2.3403823375701904,0.9991097450256348,0,17.828304723175492,3.8997887812388754,0.0008902551113495027,-0.46208364379232525,-9.491310119628906,82.07177734375,0.26572418212890625,30.045940399169922,23.923267364501953,0.0,8.046266288378149,0,9.491310119628906,5.045940399169922,3.923267364501953,-1.62353515625,-1.9537336826324463,1.0,0,17.565483522522072,3.9474195219458155,0.0,-0.4539171654785664,-9.4619140625,82.08275604248047,0.23682403564453125,29.889583587646484,23.799179077148438,0.0,8.259477654828505,0,9.4619140625,4.889583587646484,3.7991790771484375,-1.6125564575195312,-1.7405223846435547,1.0087929964065552,0,17.937275776410072,3.822900126962824,-0.008793011672394194,-0.4615158075138351,0,0,0,0,-2.3403823375701904,-1.6676788330078125,-2.3403823375701904,0.9991097450256348,49,640,426105,2,0.5,active_rl_best,warm,0.0,,,,,,,8.456947326660156,0,17,1,16
-9.245933532714844,82.12645721435547,0.24835205078125,30.253360748291016,24.392635345458984,0.0,9.315086720143327,0,9.245933532714844,5.253360748291016,4.392635345458984,-1.5688552856445312,-0.6849132776260376,1.0,0,17.53605734922778,3.914586684971206,0.0,-0.4273943832364159,-8.715606689453125,82.0804443359375,0.2726593017578125,30.615463256835938,24.33129119873047,0.0,7.887457922865685,0,8.715606689453125,5.6154632568359375,4.331291198730469,-1.6148681640625,-2.112542152404785,1.0,0,17.53605734922778,3.914586684971206,0.0,-0.4335882913861908,-8.7557373046875,82.06608581542969,0.2967681884765625,31.021446228027344,24.30565643310547,0.0,7.604205153218745,0,8.7557373046875,6.021446228027344,4.305656433105469,-1.6292266845703125,-2.3957948684692383,1.0003236532211304,0,17.828304165689765,3.8618443687378576,-0.0003236412469008224,-0.43651505495300275,-9.771530151367188,82.10481262207031,0.246673583984375,29.93084716796875,24.130626678466797,0.0,8.624890896835131,0,9.771530151367188,4.93084716796875,4.130626678466797,-1.5904998779296875,-1.375109076499939,1.0,0,17.53605734922778,3.914586684971206,0.0,-0.42680563137422023,-9.667243957519531,82.11982727050781,0.20905303955078125,29.655269622802734,24.05971908569336,0.0,8.314094883899658,0,9.667243957519531,4.655269622802734,4.059719085693359,-1.5754852294921875,-1.6859050989151,1.0058560371398926,0,17.722343068740475,3.7808459285826803,-0.005855996740121029,-0.43449339147785615,0,0,0,0,-2.3957948684692383,-1.6292266845703125,-2.3957948684692383,1.0,50,655,426105,2,0.5,max_min_best,warm,0.0,,,,,,,8.715606689453125,0,18,1,16
-9.304039001464844,82.12339782714844,0.24675750732421875,29.03057098388672,24.47724151611328,0.0,2.813984408979475,0,9.304039001464844,4.030570983886719,4.477241516113281,-1.5719146728515625,-7.186015605926514,1.0,0,17.544511638555324,3.9280580551925275,0.0,-0.4492086784366721,-8.765304565429688,82.07675170898438,0.2715911865234375,29.446285247802734,24.397384643554688,0.0,3.9364679930909925,0,8.765304565429688,4.446285247802734,4.3973846435546875,-1.618560791015625,-6.063531875610352,1.0,0,17.544511638555324,3.9280580551925275,0.0,-0.455986044797394,-8.79766845703125,82.06092834472656,0.2996673583984375,29.839630126953125,24.357349395751953,0.0,3.7842908016725025,0,8.79766845703125,4.839630126953125,4.357349395751953,-1.6343841552734375,-6.215709209442139,1.0003777742385864,0,17.828304162489243,3.87601384644807,-0.00037782788508405315,-0.45824774212559044,-9.855720520019531,82.1023178100586,0.24481964111328125,28.66927719116211,24.552452087402344,0.0,2.043395895981533,0,9.855720520019531,3.6692771911621094,4.552452087402344,-1.5929946899414062,-7.95660400390625,1.0,0,17.544511638555324,3.9280580551925275,0.0,-0.44807579532794356,-9.8431396484375,82.1180419921875,0.20624542236328125,28.397689819335938,24.460731506347656,0.0,1.9962447812269215,0,9.8431396484375,3.3976898193359375,4.460731506347656,-1.5772705078125,-8.003755569458008,1.0084012746810913,0,17.722343804480925,3.7974582650436792,-0.008401245995536565,-0.4551209892108448,0,0,0,0,-8.003755569458008,-1.6343841552734375,-8.003755569458008,1.0,51,648,426105,2,0.5,pareto_knee,warm,0.0,,,,,,,8.765304565429688,0,19,1,16
-4.894615173339844,81.71871948242188,6.103515625e-05,29.629356384277344,20.811607360839844,0.0,8.572616531840392,0,4.894615173339844,4.629356384277344,0.8116073608398438,-1.976593017578125,-1.4273834228515625,1.0,0,18.23455071906656,5.209091422334346,0.0,-1.3795607156832794,-5.0936431884765625,81.68351745605469,4.57763671875e-05,29.810558319091797,20.665916442871094,0.0,8.001982303190223,0,5.0936431884765625,4.810558319091797,0.6659164428710938,-2.0117950439453125,-1.99801766872406,1.0,0,18.23455071906656,5.209091422334346,0.0,-1.3799781410148502,-5.07452392578125,81.67793273925781,0.01776123046875,30.429168701171875,20.76628875732422,0.0,8.032662098809721,0,5.07452392578125,5.429168701171875,0.7662887573242188,-2.0173797607421875,-1.9673378467559814,1.010851502418518,0,18.184681043106245,5.2099423982679705,-0.010851558048361031,-1.3647717627551144,-4.691070556640625,81.69908142089844,0.0234375,29.376602172851562,20.96860122680664,1.0000000000002647,7.267584783362996,0,4.691070556640625,4.3766021728515625,0.9686012268066406,-1.9962310791015625,-2.732415199279785,1.0,0,18.23455071906656,5.209091422334346,0.0,-1.3841893368733673,-4.57489013671875,81.70193481445312,0.0231475830078125,29.294300079345703,21.271507263183594,1.0000000000002647,7.114841061842618,0,4.57489013671875,4.294300079345703,1.2715072631835938,-1.993377685546875,-2.8851590156555176,1.0065971612930298,0,18.560931191820462,5.157016554916662,-0.0065971657084204025,-1.3886451641280326,0,0,0,0,-2.8851590156555176,-2.0173797607421875,-2.8851590156555176,1.0,52,697,426105,2,0.6,pattern_best,11.0,1.0,4.062215720574593e-06,1.0331781286133177,7742600.510506704,7.258831371472203,7.114841061842618,1.0,4.57489013671875,0,20,1,16
-8.524085998535156,83.08692169189453,0.13222503662109375,27.419235229492188,24.088787078857422,0.0,6.805540296843735,0,8.524085998535156,2.4192352294921875,4.088787078857422,-0.6083908081054688,-3.1944596767425537,1.0,0,17.441609498390115,3.696530071440711,0.0,-0.2962779783087683,-8.034980773925781,83.0401611328125,0.159210205078125,27.809310913085938,24.204017639160156,0.0,5.686511570396347,0,8.034980773925781,2.8093109130859375,4.204017639160156,-0.6551513671875,-4.313488483428955,1.0,0,17.441609498390115,3.696530071440711,0.0,-0.2957248458461562,-8.098472595214844,83.02505493164062,0.185882568359375,28.399578094482422,24.554473876953125,0.0,4.779048639957232,0,8.098472595214844,3.399578094482422,4.554473876953125,-0.670257568359375,-5.220951557159424,1.0000529289245605,0,17.541387447968816,3.65801819762347,-5.298327631848131e-05,-0.29438596472119,-9.023780822753906,83.0684814453125,0.1260223388671875,27.080795288085938,24.007766723632812,0.0,6.661411936772162,0,9.023780822753906,2.0807952880859375,4.0077667236328125,-0.6268310546875,-3.338587999343872,1.0,0,17.441609498390115,3.696530071440711,0.0,-0.3079387268489187,-9.08563232421875,83.06045532226562,0.1229248046875,27.34314727783203,23.98529052734375,0.0,7.040884248578232,0,9.08563232421875,2.3431472778320312,3.98529052734375,-0.634857177734375,-2.959115743637085,1.0025798082351685,0,17.603641525607777,3.697678200594989,-0.0025797780113540687,-0.3195320686715925,0,0,0,0,-5.220951557159424,-0.670257568359375,-5.220951557159424,1.0,53,672,426105,2,0.6,active_rl_best,warm,0.0,,,,,,,8.034980773925781,0,21,1,16
-8.516311645507812,83.06243896484375,0.15148162841796875,28.863506317138672,24.71385955810547,0.0,6.7730172361483145,0,8.516311645507812,3.863506317138672,4.713859558105469,-0.63287353515625,-3.226982831954956,1.0,0,17.41816834618061,3.6892672286918726,0.0,-0.2750603947844321,-8.028099060058594,83.01522827148438,0.17928314208984375,29.255714416503906,24.661415100097656,0.0,5.6457928707198635,0,8.028099060058594,4.255714416503906,4.661415100097656,-0.680084228515625,-4.3542070388793945,1.0,0,17.41816834618061,3.6892672286918726,0.0,-0.27397905517542864,-8.092552185058594,82.99591064453125,0.2156219482421875,29.646690368652344,24.80358123779297,0.0,4.716386906888257,0,8.092552185058594,4.646690368652344,4.803581237792969,-0.69940185546875,-5.283613204956055,0.9978042244911194,0,17.541387194846592,3.6551651890823633,0.0021957597613524874,-0.27280261590501353,-9.015098571777344,83.04438781738281,0.14461517333984375,28.45059585571289,24.778217315673828,0.0,7.018993159938959,0,9.015098571777344,3.4505958557128906,4.778217315673828,-0.6509246826171875,-2.9810068607330322,1.0,0,17.41816834618061,3.6892672286918726,0.0,-0.28718833429557794,-9.078605651855469,83.03435516357422,0.14455413818359375,28.823444366455078,24.825824737548828,0.0,7.4567371646678335,0,9.078605651855469,3.823444366455078,4.825824737548828,-0.6609573364257812,-2.5432627201080322,0.9999725818634033,0,17.597245616692923,3.6891774343071977,2.7444320659845593e-05,-0.2992329866648718,0,0,0,0,-5.283613204956055,-0.69940185546875,-5.283613204956055,0.9978042244911194,54,687,426105,2,0.6,max_min_best,warm,0.0,,,,,,,8.028099060058594,0,22,1,16
-6.77545166015625,82.47540283203125,0.060333251953125,29.251190185546875,20.68182373046875,0.0,2.31537248734267,0,6.77545166015625,4.251190185546875,0.68182373046875,-1.21990966796875,-7.684627532958984,1.0,0,18.411764936195453,5.419894530284389,0.0,-0.6528453764334429,-6.426155090332031,82.43389129638672,0.07270050048828125,28.977237701416016,20.600051879882812,0.0,2.7692383223558665,0,6.426155090332031,3.9772377014160156,0.6000518798828125,-1.2614212036132812,-7.230761528015137,1.0,0,18.411764936195453,5.419894530284389,0.0,-0.6473618673138881,-6.4962615966796875,82.4233627319336,0.10207366943359375,29.3043212890625,20.60315704345703,0.0,2.276431037567484,0,6.4962615966796875,4.3043212890625,0.6031570434570312,-1.2719497680664062,-7.723568916320801,1.0040799379348755,0,18.1865661320249,5.389222707198657,-0.004079977174606709,-0.6374654957075323,-6.590553283691406,82.458251953125,0.055877685546875,29.434741973876953,20.787643432617188,0.0,2.184334425546676,0,6.590553283691406,4.434741973876953,0.7876434326171875,-1.237060546875,-7.8156657218933105,1.0,0,18.411764936195453,5.419894530284389,0.0,-0.6657312881236219,-6.452690124511719,82.46146392822266,0.048675537109375,29.95943832397461,21.258766174316406,1.0000000000002647,2.255467961935845,0,6.452690124511719,4.959438323974609,1.2587661743164062,-1.2338485717773438,-7.744532108306885,1.006673812866211,0,18.302383966857324,5.319410790810084,-0.0066738509967207175,-0.6694075062711271,0,0,0,0,-7.8156657218933105,-1.2719497680664062,-7.8156657218933105,1.0,55,681,426105,2,0.6,pareto_knee,10.5,0.5,4.34200921362119e-06,1.0345853343267568,7934101.002744434,-8.311961213665905,-8.035721895710452,1.0,6.426155090332031,0,23,1,16
-7.9494171142578125,83.54454803466797,0.104736328125,27.520503997802734,22.416114807128906,0.0,3.643946740781283,0,7.9494171142578125,2.5205039978027344,2.4161148071289062,-0.15076446533203125,-6.356053352355957,1.0,0,17.12884306682644,4.294723264664346,0.0,-0.44412199790896445,-7.524040222167969,83.51085662841797,0.11333465576171875,27.68225860595703,22.535964965820312,0.0,3.50482034427014,0,7.524040222167969,2.6822586059570312,2.5359649658203125,-0.18445587158203125,-6.495179653167725,1.0,0,17.12884306682644,4.294723264664346,0.0,-0.44342044704669303,-7.5897674560546875,83.50764465332031,0.12670135498046875,27.944782257080078,22.656951904296875,0.0,3.4506607783665926,0,7.5897674560546875,2.944782257080078,2.656951904296875,-0.1876678466796875,-6.549339294433594,1.002251386642456,0,17.261479760214595,4.1402482743490205,-0.0022513822385446637,-0.4380777235101614,-8.389152526855469,83.51917266845703,0.10752105712890625,27.33136749267578,22.289566040039062,0.0,3.9762637382649957,0,8.389152526855469,2.3313674926757812,2.2895660400390625,-0.17613983154296875,-6.023736476898193,1.0,0,17.12884306682644,4.294723264664346,0.0,-0.45407138268472375,-8.242935180664062,83.51326751708984,0.1175537109375,27.291446685791016,22.313217163085938,1.0000000000002647,4.348831356703109,0,8.242935180664062,2.2914466857910156,2.3132171630859375,-0.18204498291015625,-5.6511688232421875,1.0001901388168335,0,17.47299936278263,4.38525160672158,-0.00019011633671095834,-0.4633308628047499,0,0,0,0,-6.549339294433594,-0.1876678466796875,-6.549339294433594,1.0,56,712,426105,2,0.7,pattern_best,11.0,0.25,5.0578159747255115e-06,1.0333575351633941,7231917.935516265,-7.543810776106038,-7.543810775934498,1.0,7.524040222167969,0,24,1,16
-9.357887268066406,83.80903625488281,0.187347412109375,27.872772216796875,24.15694808959961,0.0,7.223258483780613,0,9.357887268066406,2.872772216796875,4.156948089599609,0.1137237548828125,-2.7767415046691895,1.0,0,15.545829641595274,3.7908049429968567,0.0,-0.22913065912340072,-8.811553955078125,83.77197265625,0.20313262939453125,28.046890258789062,24.21450424194336,0.0,6.911138686767942,0,8.811553955078125,3.0468902587890625,4.214504241943359,0.07666015625,-3.0888612270355225,1.0,0,15.545829641595274,3.7908049429968567,0.0,-0.23086099098971086,-8.842140197753906,83.75914764404297,0.23659515380859375,28.681228637695312,24.51312255859375,0.0,6.973166728779056,0,8.842140197753906,3.6812286376953125,4.51312255859375,0.06383514404296875,-3.0268332958221436,1.000068187713623,0,15.495574974637531,3.7516847049166877,-6.823095192374735e-05,-0.23301465026440688,-9.924545288085938,83.78256225585938,0.1915435791015625,27.718544006347656,24.11664581298828,0.0,6.494998036850312,0,9.924545288085938,2.7185440063476562,4.116645812988281,0.087249755859375,-3.505002021789551,1.0,0,15.545829641595274,3.7908049429968567,0.0,-0.23886693664493172,-9.999702453613281,83.7691421508789,0.2047119140625,28.047752380371094,24.217239379882812,0.0,6.293259873157911,0,9.999702453613281,3.0477523803710938,4.2172393798828125,0.07382965087890625,-3.706740140914917,0.9993882179260254,0,15.556770750293744,3.8407923734825458,0.0006117563076598889,-0.24598230834698326,0,0,1,0,-3.706740140914917,0.06383514404296875,-3.706740140914917,0.9993882179260254,57,719,426105,2,0.7,active_rl_best,warm,0.0,,,,,,,8.811553955078125,0,25,1,16
-7.936790466308594,83.55221557617188,0.10695648193359375,28.751300811767578,22.75371551513672,0.0,3.8090223866038064,0,7.936790466308594,3.751300811767578,2.7537155151367188,-0.143096923828125,-6.190977573394775,1.0,0,17.645168121533537,4.2638845743248766,0.0,-0.42459028529337306,-7.509574890136719,83.51895141601562,0.11376953125,28.878273010253906,22.883865356445312,0.0,3.569771168680514,0,7.509574890136719,3.8782730102539062,2.8838653564453125,-0.176361083984375,-6.4302287101745605,1.0,0,17.645168121533537,4.2638845743248766,0.0,-0.42504572207070945,-7.568748474121094,83.5176010131836,0.12653350830078125,29.405990600585938,23.147918701171875,0.0,3.960281976482462,0,7.568748474121094,4.4059906005859375,3.147918701171875,-0.17771148681640625,-6.039718151092529,1.001684546470642,0,16.971759247104877,4.119902758576058,-0.0016845570036260846,-0.4213557769727711,-8.104904174804688,83.52880859375,0.10888671875,28.584976196289062,22.635337829589844,1.0000000000002647,4.247934447252472,0,8.104904174804688,3.5849761962890625,2.6353378295898438,-0.16650390625,-5.752065658569336,1.0,0,17.645168121533537,4.2638845743248766,0.0,-0.4330647543698798,-7.932685852050781,83.53793334960938,0.09832000732421875,28.7579345703125,22.67583465576172,1.0000000000002647,4.08939461458387,0,7.932685852050781,3.7579345703125,2.6758346557617188,-0.157379150390625,-5.910605430603027,1.0033994913101196,0,17.22714856003934,4.403691501351377,-0.0033995360472968065,-0.43911705982387383,0,0,0,0,-6.4302287101745605,-0.17771148681640625,-6.4302287101745605,1.0,58,704,426105,2,0.7,max_min_best,11.0,0.25,4.726344205780062e-06,1.0335803289203709,7356779.980332791,-4.197325642664373,-4.3433322326646735,1.0,7.509574890136719,0,26,1,16
-9.779052734375,83.64016723632812,0.1376800537109375,26.91588592529297,22.686771392822266,0.0,3.221221700676517,0,9.779052734375,1.9158859252929688,2.6867713928222656,-0.055145263671875,-6.778778076171875,1.0,0,18.961781819297595,4.7218406647868045,0.0,-0.24572669256900645,-9.08758544921875,83.59263610839844,0.170623779296875,26.9527587890625,22.63939666748047,0.0,4.25504247415259,0,9.08758544921875,1.9527587890625,2.6393966674804688,-0.1026763916015625,-5.744957447052002,1.0,0,18.961781819297595,4.7218406647868045,0.0,-0.24841098112111748,-9.1322021484375,83.61285400390625,0.1241455078125,26.39685821533203,22.383033752441406,0.0,3.73968103762024,0,9.1322021484375,1.3968582153320312,2.3830337524414062,-0.08245849609375,-6.260318756103516,0.09265139698982239,0,19.907348605734263,4.7506006669172125,0.001675920258110213,-0.2499438632186601,-10.4945068359375,83.62203979492188,0.12560272216796875,26.863845825195312,22.724308013916016,0.0,2.567333609846931,0,10.4945068359375,1.8638458251953125,2.7243080139160156,-0.073272705078125,-7.432666301727295,1.0,0,18.961781819297595,4.7218406647868045,0.0,-0.2558579998989985,-10.64306640625,83.60882568359375,0.12332916259765625,26.512821197509766,22.677703857421875,0.0,2.9394798428215942,0,10.64306640625,1.5128211975097656,2.677703857421875,-0.08648681640625,-7.060520172119141,1.0009361505508423,0,18.537149837564066,4.726928048570736,-0.0009361442361021019,-0.2699696747209325,0,0,0,0,-7.432666301727295,-0.1026763916015625,-7.432666301727295,0.09265139698982239,59,716,426105,2,0.7,pareto_knee,warm,0.0,,,,,,,9.08758544921875,0,27,1,16
-11.025238037109375,84.2709732055664,0.28087615966796875,29.436634063720703,25.060813903808594,0.0,6.3874364810424975,0,11.025238037109375,4.436634063720703,5.060813903808594,0.5756607055664062,-3.6125636100769043,1.0,0,17.297102524740232,4.020278691258921,0.0,-0.21971187028022313,-10.2869873046875,84.24614715576172,0.29012298583984375,29.178855895996094,25.026477813720703,0.0,5.454096895887977,0,10.2869873046875,4.178855895996094,5.026477813720703,0.5508346557617188,-4.545903205871582,1.0,0,17.297102524740232,4.020278691258921,0.0,-0.22280657209199886,-10.298614501953125,84.22824096679688,0.3096771240234375,29.479141235351562,25.025554656982422,0.0,5.074699251187511,0,10.298614501953125,4.4791412353515625,5.025554656982422,0.532928466796875,-4.925300598144531,0.9928393959999084,0,17.414078943681886,3.9917611760116194,0.007160588704511511,-0.2269260015246025,-10.865516662597656,84.26228332519531,0.2609100341796875,29.718307495117188,25.10613250732422,1.0000000000002647,6.150730265189706,0,10.865516662597656,4.7183074951171875,5.106132507324219,0.5,-3.8492696285247803,1.0,0,17.297102524740232,4.020278691258921,0.0,-0.22334469213027902,-10.743690490722656,84.25010681152344,0.284088134765625,30.233627319335938,25.42290496826172,1.0000000000002647,5.964013519860617,0,10.743690490722656,5.2336273193359375,5.422904968261719,0.5,-4.035986423492432,1.0051387548446655,0,17.2024658777395,4.1716202966456075,-0.0051387819173354925,-0.22765104092477467,0,0,1,0,-4.925300598144531,0.5,-4.925300598144531,0.9928393959999084,60,751,426105,2,0.8,pattern_best,warm,0.0,,,,,,,10.2869873046875,0,28,1,16
-6.0487518310546875,82.97164916992188,0.03128814697265625,30.899436950683594,22.16381072998047,1.0000000000002647,10.523249984713793,1,6.0487518310546875,5.899436950683594,2.1638107299804688,-0.723663330078125,0.5232499837875366,1.0,0,17.33508354295733,5.482423013024746,0.0,-1.1949246292733469,-6.318031311035156,82.95159912109375,2.288818359375e-05,31.00220489501953,22.023754119873047,0.0,10.255890521012622,1,6.318031311035156,6.002204895019531,2.023754119873047,-0.74371337890625,0.25589051842689514,1.0,0,17.33508354295733,5.482423013024746,0.0,-1.2004835371566314,-6.3126068115234375,82.9500961303711,0.00685882568359375,31.22223663330078,22.102317810058594,0.0,9.603251218552,0,6.3126068115234375,6.222236633300781,2.1023178100585938,-0.7452163696289062,-0.39674878120422363,1.0073734521865845,0,17.08862603455668,5.332615900256165,-0.007373490376227756,-1.2101391389050091,-5.782676696777344,82.93795776367188,0.0667266845703125,30.67890167236328,22.279571533203125,1.0000000000002647,9.921249248560104,0,5.782676696777344,5.678901672363281,2.279571533203125,-0.757354736328125,-0.07875075191259384,1.0,0,17.33508354295733,5.482423013024746,0.0,-1.2003507111256977,-5.7000732421875,82.94361877441406,0.0821990966796875,30.634552001953125,22.595844268798828,1.0000000000002647,9.716194345934046,0,5.7000732421875,5.634552001953125,2.595844268798828,-0.7516937255859375,-0.2838056683540344,1.0162725448608398,0,17.297807488677446,5.417465981815709,-0.016272511591800577,-1.2091465018423935,0,0,0,0,-0.757354736328125,-0.757354736328125,-0.39674878120422363,1.0,61,766,426105,2,0.8,active_rl_best,10.5,0.5,2.485908305530124e-06,1.0378274833934156,6083003.29293567,10.092455984156166,10.118842908152407,1.0,5.7000732421875,0,29,1,16
-6.225975036621094,83.02369689941406,0.0308990478515625,29.523849487304688,21.738082885742188,1.0000000000002647,10.130341942989853,1,6.225975036621094,4.5238494873046875,1.7380828857421875,-0.6716156005859375,0.13034194707870483,0.8935205340385437,0,19.10647948672555,5.5243715791003725,0.0,-1.1624083896089137,-6.505226135253906,83.00389099121094,3.0517578125e-05,29.617809295654297,21.607757568359375,0.0,9.63882868852119,0,6.505226135253906,4.617809295654297,1.607757568359375,-0.6914215087890625,-0.36117130517959595,0.8935205340385437,0,19.10647948672555,5.5243715791003725,0.0,-1.1674306516042372,-6.5165252685546875,82.99673461914062,0.0218505859375,29.953693389892578,21.8201904296875,0.0,9.549670243723204,0,6.5165252685546875,4.953693389892578,1.8201904296875,-0.698577880859375,-0.4503297507762909,0.8384615778923035,0,19.16153843007183,5.467743635354411,-0.004644907650556945,-1.1704136648171717,-5.950386047363281,82.98973846435547,0.06668853759765625,29.323532104492188,21.847671508789062,1.0000000000002647,9.537881127736986,0,5.950386047363281,4.3235321044921875,1.8476715087890625,-0.7055740356445312,-0.46211886405944824,0.8935205340385437,0,19.10647948672555,5.5243715791003725,0.0,-1.1682934706222587,-5.8722991943359375,83.00323486328125,0.057891845703125,29.367698669433594,22.11212158203125,1.0000000000002647,9.356583303262022,0,5.8722991943359375,4.367698669433594,2.11212158203125,-0.69207763671875,-0.643416702747345,0.9818383455276489,0,19.01816164876325,5.485523618914897,-0.01884098889819216,-1.1759989303469895,0,0,0,0,-0.7055740356445312,-0.7055740356445312,-0.643416702747345,0.8384615778923035,62,760,426105,2,0.8,max_min_best,10.0,1.0,4.024174356077503e-06,1.0378655742222198,6042604.518754701,9.470265321746465,9.356583303262022,1.0,5.8722991943359375,0,30,1,16
-10.1470947265625,84.30347442626953,0.16585540771484375,26.891883850097656,22.15460968017578,0.0,2.660783565642675,0,10.1470947265625,1.8918838500976562,2.1546096801757812,0.6081619262695312,-7.339216232299805,1.0,0,17.427520549562786,3.782570081972648,0.0,-0.2605830402959664,-9.723182678222656,84.27987670898438,0.1729736328125,26.707275390625,22.079872131347656,0.0,2.4170825520685297,0,9.723182678222656,1.707275390625,2.0798721313476562,0.584564208984375,-7.582917213439941,1.0,0,17.427520549562786,3.782570081972648,0.0,-0.26376523226399684,-9.718475341796875,84.26066589355469,0.1938934326171875,27.11005401611328,22.065902709960938,0.0,2.3472174955219876,0,9.718475341796875,2.1100540161132812,2.0659027099609375,0.5653533935546875,-7.652782440185547,0.9966073632240295,0,17.98521550583826,3.8234347837683638,0.0033926459945963555,-0.2675950869426698,-9.67425537109375,84.30741119384766,0.13169097900390625,27.069480895996094,22.234619140625,1.0000000000002647,3.272846318726385,0,9.67425537109375,2.0694808959960938,2.234619140625,0.5,-6.727153778076172,1.0,0,17.427520549562786,3.782570081972648,0.0,-0.26522021993463396,-9.52117919921875,84.2930908203125,0.163482666015625,27.426258087158203,22.30516815185547,1.0000000000002647,3.2379592383344953,0,9.52117919921875,2.426258087158203,2.3051681518554688,0.5,-6.762040615081787,1.0050331354141235,0,17.709196974748473,3.885451034540988,-0.0050330917245224776,-0.27210135592696744,0,0,1,0,-7.652782440185547,0.5,-7.652782440185547,0.9966073632240295,63,748,426105,2,0.8,pareto_knee,10.0,0.25,3.847648379054621e-06,1.037783846810314,6185909.871309225,-9.222471321788369,-9.377704474647802,1.0,9.52117919921875,0,31,1,16
-9.179534912109375,82.23847198486328,0.16335296630859375,27.543060302734375,21.51818084716797,0.0,7.904974837563228,0,9.179534912109375,2.543060302734375,1.5181808471679688,-0.0530853271484375,-2.095025062561035,1.0,0,16.495779282552412,5.292702678363962,0.0,-0.4960661813852435,-9.178176879882812,82.20703887939453,0.19120025634765625,27.316078186035156,21.41199493408203,0.0,8.642572030121812,0,9.178176879882812,2.3160781860351562,1.4119949340820312,-0.0845184326171875,-1.357427954673767,1.0,0,16.495779282552412,5.292702678363962,0.0,-0.5090490654152304,-9.048873901367188,82.19862365722656,0.2000885009765625,27.609214782714844,21.193572998046875,0.0,7.5911297340965325,0,9.048873901367188,2.6092147827148438,1.193572998046875,-0.09293365478515625,-2.408870220184326,0.998691737651825,0,15.803141139088115,5.059762236349199,0.0013082412784077946,-0.5208678929671573,-9.171295166015625,82.20523834228516,0.1522064208984375,27.75147247314453,21.49567413330078,0.0,6.908814019528119,0,9.171295166015625,2.7514724731445312,1.4956741333007812,-0.0863189697265625,-3.091186046600342,1.0,0,16.495779282552412,5.292702678363962,0.0,-0.49602679011590534,-9.232017517089844,82.18486022949219,0.18460845947265625,27.63556671142578,21.449668884277344,0.0,6.912874076029455,0,9.232017517089844,2.6355667114257812,1.4496688842773438,-0.10669708251953125,-3.0871260166168213,1.0034762620925903,0,16.506948607136138,5.058065580081595,-0.003476247993247427,-0.5064273243426042,0,0,0,0,-3.091186046600342,-0.10669708251953125,-3.091186046600342,0.998691737651825,80,399,426107,2,0.5,pattern_best,10.0,0.25,3.622943542520242e-06,1.0357247019768792,8938982.326281786,-2.9980162517704416,-2.7552286156176065,1.0,9.048873901367188,0,32,1,16
-9.307929992675781,82.30255889892578,0.210723876953125,28.187416076660156,20.998859405517578,0.0,8.13310875566331,0,9.307929992675781,3.1874160766601562,0.9988594055175781,0.0110015869140625,-1.8668912649154663,-3.542874813079834,0,23.542874704775315,5.465039448490748,0.0,-0.4288408384368398,-9.300750732421875,82.26669311523438,0.24658966064453125,27.96234893798828,20.878562927246094,0.0,6.493336473411993,0,9.300750732421875,2.9623489379882812,0.8785629272460938,-0.02486419677734375,-3.5066635608673096,-3.542874813079834,0,23.542874704775315,5.465039448490748,0.0,-0.4275507915927876,-9.158172607421875,82.26556396484375,0.24237823486328125,27.870487213134766,20.98290252685547,0.0,7.391808300792068,0,9.158172607421875,2.8704872131347656,0.9829025268554688,-0.02599334716796875,-2.608191728591919,-3.376981258392334,0,23.376981311146224,5.2238980586888015,0.0026730837929299315,-0.4422165456399949,-9.301254272460938,82.27102661132812,0.19696807861328125,28.416263580322266,21.110740661621094,0.0,7.9685956668551725,0,9.301254272460938,3.4162635803222656,1.1107406616210938,-0.02053070068359375,-2.0314042568206787,-3.542874813079834,0,23.542874704775315,5.465039448490748,0.0,-0.4350712894201021,-9.3702392578125,82.23475646972656,0.2645111083984375,28.658203125,20.756114959716797,0.716704183912905,7.768192267266546,0,9.3702392578125,3.658203125,0.7561149597167969,-0.05680084228515625,-2.2318077087402344,-3.174586296081543,0,23.174586211180607,5.232799670980562,-0.00029839248192183043,-0.4320505631382142,0,0,0,0,-3.542874813079834,-0.05680084228515625,-3.5066635608673096,-3.542874813079834,81,384,426107,2,0.5,active_rl_best,warm,0.0,,,,,,,9.158172607421875,0,33,1,16
-8.931304931640625,82.21852111816406,0.175628662109375,27.97240447998047,20.9759521484375,0.0,8.055218152558204,0,8.931304931640625,2.9724044799804688,0.9759521484375,-0.07303619384765625,-1.9447818994522095,1.0,0,16.58834380296493,5.368332258966358,0.0,-0.5218070028955686,-8.940055847167969,82.18629455566406,0.204498291015625,27.75531005859375,20.88465118408203,0.0,8.519486292733736,0,8.940055847167969,2.75531005859375,0.8846511840820312,-0.10526275634765625,-1.4805136919021606,1.0,0,16.58834380296493,5.368332258966358,0.0,-0.5352550685257598,-8.798072814941406,82.18006896972656,0.21722412109375,28.112380981445312,20.654701232910156,0.0,7.621811842909261,0,8.798072814941406,3.1123809814453125,0.6547012329101562,-0.11148834228515625,-2.378188133239746,1.0025423765182495,0,16.44867729881787,5.157597304271393,-0.002542430772458455,-0.5471028105369725,-8.912773132324219,82.18619537353516,0.16326904296875,28.170730590820312,20.96257781982422,0.0,7.029183857167499,0,8.912773132324219,3.1707305908203125,0.9625778198242188,-0.1053619384765625,-2.970816135406494,1.0,0,16.58834380296493,5.368332258966358,0.0,-0.5214510342034309,-9.017372131347656,82.16476440429688,0.1919097900390625,28.164287567138672,20.94184112548828,0.0,7.1549993901652,0,9.017372131347656,3.164287567138672,0.9418411254882812,-0.12679290771484375,-2.8450005054473877,1.0048454999923706,0,15.8335892401436,5.120113635670883,-0.004845463958121247,-0.5334444362241746,0,0,0,0,-2.970816135406494,-0.12679290771484375,-2.970816135406494,1.0,82,392,426107,2,0.5,max_min_best,10.0,0.25,3.6934271058811858e-06,1.035604551512611,8915526.202786788,-2.41365186492505,-2.1203280405362817,1.0,8.798072814941406,0,34,1,16
-8.683113098144531,82.12313842773438,0.18878936767578125,26.71771240234375,19.701316833496094,0.0,7.731099346249484,0,8.683113098144531,1.71771240234375,-0.29868316650390625,-0.16841888427734375,-2.2689006328582764,1.0,0,18.09084711880952,4.935028176702988,0.0,-0.5643672334079095,-8.692283630371094,82.09210205078125,0.2151641845703125,26.54894256591797,19.589210510253906,0.0,6.64768818056346,0,8.692283630371094,1.5489425659179688,-0.41078948974609375,-0.19945526123046875,-3.352311849594116,1.0,0,18.09084711880952,4.935028176702988,0.0,-0.5736416452414774,-8.59326171875,82.08128356933594,0.22900390625,26.916690826416016,19.321853637695312,0.0,6.246160897448549,0,8.59326171875,1.9166908264160156,-0.6781463623046875,-0.21027374267578125,-3.7538390159606934,0.9971281290054321,0,18.200026531957864,4.88312966324163,0.0028718977953069514,-0.5776027864267318,-8.643844604492188,82.09115600585938,0.1761016845703125,26.85114288330078,19.723007202148438,0.0,6.952670632944277,0,8.643844604492188,1.8511428833007812,-0.2769927978515625,-0.20040130615234375,-3.0473294258117676,1.0,0,18.09084711880952,4.935028176702988,0.0,-0.5670552633264834,-8.774566650390625,82.0905990600586,0.1759490966796875,26.52684783935547,19.616188049316406,0.0,7.146428439608118,0,8.774566650390625,1.5268478393554688,-0.38381195068359375,-0.200958251953125,-2.853571653366089,1.002349853515625,0,18.28582652242674,4.971096644332748,-0.0023498674849167346,-0.5678898353292642,0,0,0,0,-3.7538390159606934,-0.6781463623046875,-3.7538390159606934,0.9971281290054321,83,415,426107,2,0.5,pareto_knee,10.0,0.25,3.359703886295003e-06,1.0360104868997024,8997273.697571075,0.889663124651865,1.083888160313894,1.0,8.59326171875,0,35,1,16
-6.793426513671875,81.11300659179688,0.00897979736328125,30.93511962890625,17.9234619140625,1.0000000000002647,6.684485700409435,0,6.793426513671875,5.93511962890625,-2.0765380859375,-1.1785507202148438,-3.315514326095581,-0.5412546992301941,0,20.541254680472242,5.855835745684249,0.0,-1.6715040156115184,-6.4855804443359375,81.09748077392578,0.0154876708984375,30.724742889404297,17.828277587890625,0.716704183912905,6.452320785672568,0,6.4855804443359375,5.724742889404297,-2.171722412109375,-1.1940765380859375,-3.5476791858673096,-0.5412546992301941,0,20.541254680472242,5.855835745684249,0.0,-1.690852814570205,-6.302101135253906,81.08694458007812,0.024658203125,30.320030212402344,17.636199951171875,0.0,6.616588475128631,0,6.302101135253906,5.320030212402344,-2.363800048828125,-1.2046127319335938,-3.383411407470703,-0.48216456174850464,0,20.482164568115337,5.653710825149534,0.0011946298065525125,-1.6856221720280384,-7.124755859375,81.07557678222656,0.03992462158203125,31.01996612548828,18.00446319580078,1.0000000000002647,5.477417650139814,0,7.124755859375,6.019966125488281,-1.9955368041992188,-1.2159805297851562,-4.522582530975342,-0.5412546992301941,0,20.541254680472242,5.855835745684249,0.0,-1.6618865202816915,-7.205291748046875,81.10122680664062,0.012359619140625,30.97134780883789,17.866989135742188,1.0000000000002647,5.97454761251318,0,7.205291748046875,5.971347808837891,-2.1330108642578125,-1.1903305053710938,-4.025452613830566,-0.2993762791156769,0,20.29937628741525,5.777533338613151,-0.006954989715273779,-1.6629492373018142,0,0,0,0,-4.522582530975342,-2.363800048828125,-4.522582530975342,-0.5412546992301941,84,438,426107,2,0.6,pattern_best,11.0,1.0,5.964033417844173e-06,1.0349234435281882,10233209.933377497,5.477417652001951,5.477417650139814,1.0,6.302101135253906,0,36,1,16
-7.1812896728515625,81.29454040527344,0.01261138916015625,34.45619583129883,21.433029174804688,1.0000000000002647,10.043418767992698,1,7.1812896728515625,9.456195831298828,1.4330291748046875,-0.9970169067382812,0.0434187687933445,1.0,0,18.06066839226697,6.154641678942187,0.0,-1.6287931999979097,-6.842643737792969,81.27045440673828,0.02481842041015625,34.76622009277344,21.412235260009766,0.0,8.942873032223794,0,6.842643737792969,9.766220092773438,1.4122352600097656,-1.0211029052734375,-1.0571269989013672,1.0,0,18.06066839226697,6.154641678942187,0.0,-1.6487861259744696,-6.731658935546875,81.2717514038086,0.001708984375,36.4249382019043,21.17926788330078,0.0,8.996229298260577,0,6.731658935546875,11.424938201904297,1.1792678833007812,-1.019805908203125,-1.0037707090377808,0.9965726137161255,0,18.613279215688646,6.2851570066245035,0.003427375032638192,-1.6539766817375436,-7.541603088378906,81.26346588134766,0.03247833251953125,34.41167449951172,21.367431640625,1.0000000000002647,9.210617596095327,0,7.541603088378906,9.411674499511719,1.367431640625,-1.0280914306640625,-0.7893823981285095,1.0,0,18.06066839226697,6.154641678942187,0.0,-1.61801432381118,-7.5737457275390625,81.27398681640625,0.02324676513671875,33.20758819580078,21.403961181640625,1.0000000000002647,9.243480649286997,0,7.5737457275390625,8.207588195800781,1.403961181640625,-1.0175704956054688,-0.7565193772315979,1.008418083190918,0,18.322667821378246,6.037486140784938,-0.008418091558705543,-1.6207345814938945,0,0,0,0,-1.0571269989013672,-1.0280914306640625,-1.0571269989013672,0.9965726137161255,85,440,426107,2,0.6,active_rl_best,10.0,0.75,3.107913872229276e-06,1.0368341037001965,10093653.538211446,9.59125685972989,9.61670438764806,1.0,6.731658935546875,0,37,1,16
-10.647491455078125,82.86613464355469,0.2732086181640625,27.585800170898438,20.841232299804688,0.0,6.604329019971374,0,10.647491455078125,2.5858001708984375,0.8412322998046875,0.5745773315429688,-3.3956708908081055,1.0,0,18.58980803811027,4.351304143637384,0.0,-0.4623591511901562,-10.077995300292969,82.83628845214844,0.302276611328125,27.60797119140625,20.820533752441406,0.0,7.231870615205135,0,10.077995300292969,2.60797119140625,0.8205337524414062,0.5447311401367188,-2.768129348754883,1.0,0,18.58980803811027,4.351304143637384,0.0,-0.4707400241444812,-9.842308044433594,82.8371810913086,0.299224853515625,27.853515625,20.611984252929688,0.0,7.15096998609194,0,9.842308044433594,2.853515625,0.6119842529296875,0.545623779296875,-2.849030017852783,0.9941297769546509,0,18.407257307823365,4.251609636147091,0.005870246398811995,-0.4733746440196356,-10.638153076171875,82.83081817626953,0.26142120361328125,27.573650360107422,20.879241943359375,0.0,6.463255555060806,0,10.638153076171875,2.573650360107422,0.879241943359375,0.5392608642578125,-3.5367443561553955,1.0,0,18.58980803811027,4.351304143637384,0.0,-0.4592243938797189,-10.669685363769531,82.81401824951172,0.2794036865234375,27.68657684326172,20.77545928955078,0.0,5.943627880904736,0,10.669685363769531,2.6865768432617188,0.7754592895507812,0.5224609375,-4.056372165679932,0.9976266026496887,0,18.652849742207508,4.305200058612152,0.0023734103148784023,-0.4567680607552944,0,0,1,0,-4.056372165679932,0.5224609375,-4.056372165679932,0.9941297769546509,86,425,426107,2,0.6,max_min_best,10.0,0.25,6.387733467634067e-06,1.035623256130012,10279513.252099596,0.13249821301108272,0.1324982130790573,1.0,9.842308044433594,0,38,1,16
-10.642135620117188,82.85430908203125,0.25176239013671875,28.96410369873047,21.429290771484375,0.0,6.6931952604915175,0,10.642135620117188,3.9641036987304688,1.429290771484375,0.5627517700195312,-3.306804656982422,1.0,0,18.641620647409162,4.368552727669714,0.0,-0.4444352510908742,-10.032135009765625,82.8245620727539,0.28014373779296875,28.959041595458984,21.405838012695312,0.0,7.43910768313428,0,10.032135009765625,3.9590415954589844,1.4058380126953125,0.5330047607421875,-2.560892343521118,1.0,0,18.641620647409162,4.368552727669714,0.0,-0.4530360723521306,-9.837051391601562,82.83360290527344,0.268341064453125,29.114974975585938,21.12481689453125,0.0,7.754440360654425,0,9.837051391601562,4.1149749755859375,1.12481689453125,0.5420455932617188,-2.2455596923828125,0.9939110279083252,0,18.451697457128866,4.2630169738838966,0.006088984626412484,-0.45301213464369394,-10.632553100585938,82.81892395019531,0.24062347412109375,28.976917266845703,21.485107421875,0.0,6.130505322603695,0,10.632553100585938,3.976917266845703,1.485107421875,0.5273666381835938,-3.869494676589966,1.0,0,18.641620647409162,4.368552727669714,0.0,-0.4411183346658077,-10.651046752929688,82.80821228027344,0.24742889404296875,28.955535888671875,21.28448486328125,0.0,6.062120017610271,0,10.651046752929688,3.955535888671875,1.28448486328125,0.5166549682617188,-3.937880039215088,0.9989936351776123,0,18.677641805236814,4.320411015391691,0.0010063688179906619,-0.44109617859829187,0,0,1,0,-3.937880039215088,0.5166549682617188,-3.937880039215088,0.9939110279083252,87,431,426107,2,0.6,pareto_knee,10.0,0.25,6.340450583342296e-06,1.0352130512553435,10233309.478645952,0.19706900910630382,0.1970690090233744,1.0,9.837051391601562,0,39,1,16
-10.3011474609375,83.85211944580078,0.20232391357421875,27.726791381835938,21.952301025390625,0.0,1.7048191673093358,0,10.3011474609375,2.7267913818359375,1.952301025390625,1.5,-8.295181274414062,1.0,0,18.9043224374253,4.102257761563962,0.0,-0.20109346448889936,-9.595222473144531,83.8008041381836,0.25739288330078125,28.057891845703125,22.09503936767578,0.0,1.5705644025475698,0,9.595222473144531,3.057891845703125,2.0950393676757812,1.5,-8.429435729980469,1.0,0,18.9043224374253,4.102257761563962,0.0,-0.21171397900077799,-9.310638427734375,83.80438232421875,0.235137939453125,27.849239349365234,21.518653869628906,0.0,1.471889337347987,0,9.310638427734375,2.8492393493652344,1.5186538696289062,1.5,-8.52811050415039,1.0003663301467896,0,18.139110043898427,3.860194972375765,-0.00036631664149680776,-0.21822349253344603,-11.042816162109375,83.8375244140625,0.17104339599609375,27.444992065429688,21.80304718017578,0.0,1.7106280620537557,0,11.042816162109375,2.4449920654296875,1.8030471801757812,1.5,-8.289371490478516,1.0,0,18.9043224374253,4.102257761563962,0.0,-0.20266952652739187,-10.797615051269531,83.81355285644531,0.21450042724609375,27.563037872314453,22.33600616455078,0.0,1.7273210669353067,0,10.797615051269531,2.563037872314453,2.3360061645507812,1.5,-8.272679328918457,0.9905396103858948,0,18.674789370933496,4.163784075008914,0.009460366814886864,-0.2102333410771809,0,0,1,0,-8.52811050415039,1.5,-8.52811050415039,0.9905396103858948,88,459,426107,2,0.7,pattern_best,warm,0.0,,,,,,,9.310638427734375,0,40,1,16
-10.659469604492188,83.81974029541016,0.20619964599609375,28.53380584716797,21.76982879638672,0.0,8.120014145236125,0,10.659469604492188,3.5338058471679688,1.7698287963867188,1.5,-1.8799858093261719,1.0,0,18.763366810433983,5.292220013578288,0.0,-0.3122341174527041,-10.171310424804688,83.7642822265625,0.26229095458984375,28.650047302246094,21.68146514892578,0.0,7.642159667640093,0,10.171310424804688,3.6500473022460938,1.6814651489257812,1.4727249145507812,-2.3578402996063232,1.0,0,18.763366810433983,5.292220013578288,0.0,-0.3331822302151039,-10.011184692382812,83.77264404296875,0.228515625,28.060302734375,21.72473907470703,0.0,7.4845928505533745,0,10.011184692382812,3.060302734375,1.7247390747070312,1.4810867309570312,-2.515407085418701,1.0035808086395264,0,18.607244989679387,5.3128512298790165,-0.0035807809133139978,-0.3501083998834995,-10.683013916015625,83.80733489990234,0.174591064453125,28.46377944946289,21.780853271484375,0.0,7.3352871446645675,0,10.683013916015625,3.4637794494628906,1.780853271484375,1.5,-2.664712905883789,1.0,0,18.763366810433983,5.292220013578288,0.0,-0.30492470886880607,-10.826698303222656,83.75580596923828,0.25431060791015625,29.242389678955078,21.258338928222656,0.0,6.768363783990648,0,10.826698303222656,4.242389678955078,1.2583389282226562,1.4642486572265625,-3.2316362857818604,1.0054333209991455,0,18.6040458421091,5.344762465096147,-0.005433275929629625,-0.315853763870454,0,0,1,0,-3.2316362857818604,1.2583389282226562,-3.2316362857818604,1.0,89,463,426107,2,0.7,active_rl_best,warm,0.0,,,,,,,10.011184692382812,0,41,1,16
-5.440956115722656,81.33629608154297,0.01198577880859375,31.77419662475586,22.607009887695312,1.0000000000002647,10.442596616795212,1,5.440956115722656,6.774196624755859,2.6070098876953125,-0.95526123046875,0.4425966143608093,1.0,0,17.99631824148122,7.226583427311852,0.0,-2.026753955497175,-5.255340576171875,81.31080627441406,1.52587890625e-05,31.53118896484375,22.44778823852539,0.0,10.356772994120364,1,5.255340576171875,6.53118896484375,2.4477882385253906,-0.9807510375976562,0.3567729890346527,1.0,0,17.99631824148122,7.226583427311852,0.0,-2.0453984632787234,-5.1718902587890625,81.276611328125,0.009674072265625,32.40474319458008,22.006980895996094,0.0,9.78508718043228,0,5.1718902587890625,7.404743194580078,2.0069808959960938,-1.0149459838867188,-0.21491281688213348,1.0105282068252563,0,17.9509505377372,7.359135151314654,-0.01052821743639634,-2.0624228248149628,-5.6370697021484375,81.30631256103516,0.0489654541015625,32.17839050292969,22.741714477539062,1.0000000000002647,9.744408171991365,0,5.6370697021484375,7.1783905029296875,2.7417144775390625,-0.9852447509765625,-0.25559183955192566,1.0,0,17.99631824148122,7.226583427311852,0.0,-2.0173285119791884,-5.564666748046875,81.30982208251953,0.0385284423828125,31.046199798583984,22.79001235961914,1.0000000000002647,9.475648234296587,0,5.564666748046875,6.046199798583984,2.7900123596191406,-0.9817352294921875,-0.5243517756462097,1.0153065919876099,0,17.55269153328075,7.1178747241791465,-0.015306609272249373,-2.0317128397852127,0,0,0,0,-1.0149459838867188,-1.0149459838867188,-0.5243517756462097,1.0,90,478,426107,2,0.7,max_min_best,10.5,1.0,4.125505831718275e-06,1.0350204235914147,9687905.302410662,9.744408174944622,9.475648234296587,1.0,5.1718902587890625,0,42,1,16
-10.73162841796875,83.78856658935547,0.195343017578125,29.418628692626953,21.757766723632812,0.0,2.9002672051296057,0,10.73162841796875,4.418628692626953,1.7577667236328125,1.49700927734375,-7.099732875823975,-0.018188003450632095,0,20.018188002933833,5.324460848235059,0.0,-0.32480687237785766,-10.102447509765625,83.73287200927734,0.25164794921875,29.582134246826172,21.94110870361328,0.0,2.1389344224915505,0,10.102447509765625,4.582134246826172,1.9411087036132812,1.441314697265625,-7.86106538772583,-0.018188003450632095,0,20.018188002933833,5.324460848235059,0.0,-0.3450019626932269,-9.943428039550781,83.7409896850586,0.21820831298828125,28.967334747314453,22.007049560546875,0.0,2.4958835850497647,0,9.943428039550781,3.967334747314453,2.007049560546875,1.449432373046875,-7.504116535186768,0.22073015570640564,0,19.779269848726333,5.3455838572002055,-0.0037510285834698688,-0.361709655733738,-10.748245239257812,83.77642822265625,0.1634979248046875,29.301841735839844,21.334144592285156,0.0,3.76148613860215,0,10.748245239257812,4.301841735839844,1.3341445922851562,1.4848709106445312,-6.238513946533203,-0.018188003450632095,0,20.018188002933833,5.324460848235059,0.0,-0.3181104379633282,-10.887443542480469,83.72462463378906,0.2440338134765625,30.163829803466797,21.38372039794922,0.0,3.6835479680923298,0,10.887443542480469,5.163829803466797,1.3837203979492188,1.4330673217773438,-6.3164520263671875,-0.3193182051181793,0,20.319318197488553,5.375990842809747,-0.00501582138166597,-0.3289447323002236,0,0,1,0,-7.86106538772583,1.3341445922851562,-7.86106538772583,-0.3193182051181793,91,448,426107,2,0.7,pareto_knee,warm,0.0,,,,,,,9.943428039550781,0,43,1,16
-10.253387451171875,84.45112609863281,0.24111175537109375,28.450103759765625,23.177387237548828,0.0,1.070735686700198,0,10.253387451171875,3.450103759765625,3.177387237548828,1.5,-8.929264068603516,-4.5804619789123535,0,24.580461951288516,4.542808567645416,0.0,-0.29100217718695137,-10.222282409667969,84.41834259033203,0.27022552490234375,28.34632110595703,23.578453063964844,0.0,1.3625660355593063,0,10.222282409667969,3.3463211059570312,3.5784530639648438,1.5,-8.637434005737305,-4.5804619789123535,0,24.580461951288516,4.542808567645416,0.0,-0.30394502257435585,-10.280059814453125,84.41504669189453,0.256744384765625,28.05101776123047,23.396568298339844,0.0,1.7147183847375915,0,10.280059814453125,3.0510177612304688,3.3965682983398438,1.5,-8.28528118133545,-4.572403430938721,0,24.572403241604498,4.577356964594662,0.009570454626348826,-0.3132755228629015,-10.255645751953125,84.4190673828125,0.234527587890625,28.571083068847656,22.724815368652344,0.0,0.78592747275183,0,10.255645751953125,3.5710830688476562,2.7248153686523438,1.5,-9.214072227478027,-4.5804619789123535,0,24.580461951288516,4.542808567645416,0.0,-0.29105170477952247,-10.092323303222656,84.37953186035156,0.29750823974609375,28.843082427978516,23.46367645263672,0.0,0.7338134590148232,0,10.092323303222656,3.8430824279785156,3.4636764526367188,1.5,-9.266186714172363,-4.572262287139893,0,24.57226242210654,4.664695640162282,-0.0005586792261532163,-0.2984834515239771,0,0,1,0,-9.266186714172363,1.5,-9.266186714172363,-4.5804619789123535,92,485,426107,2,0.8,pattern_best,warm,0.0,,,,,,,10.092323303222656,0,44,1,16
-9.085128784179688,84.57160186767578,0.27933502197265625,26.493484497070312,21.52044677734375,0.0,8.079603485555474,0,9.085128784179688,1.4934844970703125,1.52044677734375,1.5,-1.9203965663909912,1.0,0,18.37667447703907,4.374035234456325,0.0,-0.1898565722723164,-9.047775268554688,84.5466537475586,0.30451202392578125,26.39224624633789,21.533348083496094,0.0,6.8252115885081235,0,9.047775268554688,1.3922462463378906,1.5333480834960938,1.5,-3.174788475036621,1.0,0,18.37667447703907,4.374035234456325,0.0,-0.20434327506826483,-9.0972900390625,84.54070281982422,0.2979278564453125,26.331172943115234,21.71912384033203,0.0,7.044208577814375,0,9.0972900390625,1.3311729431152344,1.7191238403320312,1.5,-2.955791473388672,0.8282743692398071,0,19.1717256562179,4.391992095462172,0.011038220122539228,-0.213512792167043,-9.093803405761719,84.5323257446289,0.27645111083984375,26.611122131347656,21.517784118652344,0.0,7.792180692804261,0,9.093803405761719,1.6111221313476562,1.5177841186523438,1.5,-2.2078192234039307,1.0,0,18.37667447703907,4.374035234456325,0.0,-0.18913368978938766,-8.9708251953125,84.49901580810547,0.32598114013671875,26.79315948486328,21.122283935546875,0.0,6.742132195853419,0,8.9708251953125,1.7931594848632812,1.122283935546875,1.5,-3.2578678131103516,1.0011457204818726,0,18.627301620473297,4.517368684565686,-0.0011457235413881144,-0.19717534599648243,0,0,1,0,-3.2578678131103516,1.122283935546875,-3.2578678131103516,0.8282743692398071,93,495,426107,2,0.8,active_rl_best,warm,0.0,,,,,,,8.9708251953125,0,45,1,16
-8.919898986816406,84.55686950683594,0.28528594970703125,26.83682632446289,20.877052307128906,0.0,6.474941664701042,0,8.919898986816406,1.8368263244628906,0.8770523071289062,1.5,-3.5250582695007324,1.0,0,18.39372608387562,4.4070573925982695,0.0,-0.2020382140124536,-8.885360717773438,84.53205108642578,0.3118133544921875,26.738876342773438,20.895828247070312,0.0,6.772409563378149,0,8.885360717773438,1.7388763427734375,0.8958282470703125,1.5,-3.227590322494507,1.0,0,18.39372608387562,4.4070573925982695,0.0,-0.216571678413474,-8.924766540527344,84.52523040771484,0.30596923828125,26.673904418945312,21.075050354003906,0.0,5.805171198419144,0,8.924766540527344,1.6739044189453125,1.0750503540039062,1.5,-4.194828987121582,0.828272819519043,0,19.17172715667019,4.419528248266375,0.012719758733065622,-0.22592022370429718,-8.924674987792969,84.51715087890625,0.28139495849609375,26.954662322998047,20.865386962890625,0.0,5.756397354974981,0,8.924674987792969,1.9546623229980469,0.865386962890625,1.5,-4.243602752685547,1.0,0,18.39372608387562,4.4070573925982695,0.0,-0.2012725608473566,-8.798149108886719,84.48817443847656,0.33679962158203125,27.137535095214844,20.497787475585938,0.716704183912905,6.016584519035844,0,8.798149108886719,2.1375350952148438,0.4977874755859375,0.7832958102226257,-3.983415365219116,0.9993082284927368,0,18.627301121459162,4.550935574758195,0.0006917669341955771,-0.20905174904412505,0,0,1,0,-4.243602752685547,0.4977874755859375,-4.243602752685547,0.828272819519043,94,488,426107,2,0.8,max_min_best,warm,0.0,,,,,,,8.798149108886719,0,46,1,16
-9.142448425292969,84.32061767578125,0.1552276611328125,29.440128326416016,20.48119354248047,0.0,3.7763664173687057,0,9.142448425292969,4.440128326416016,0.48119354248046875,1.5,-6.223633766174316,0.4959307014942169,0,19.504069304316708,4.823831584216375,0.0,-0.2789603636128636,-9.087501525878906,84.28038024902344,0.2013397216796875,29.209484100341797,20.761863708496094,0.0,4.153651216617055,0,9.087501525878906,4.209484100341797,0.7618637084960938,1.5,-5.846348762512207,0.4959307014942169,0,19.504069304316708,4.823831584216375,0.0,-0.30033734354619923,-8.987770080566406,84.26283264160156,0.2308807373046875,29.177467346191406,20.38446044921875,0.0,4.965743341271868,0,8.987770080566406,4.177467346191406,0.38446044921875,1.5,-5.034256458282471,0.422184020280838,0,19.577815993988743,4.844890275766453,-0.0022328265496040613,-0.31154808343584517,-9.11578369140625,84.29439544677734,0.13190460205078125,29.599834442138672,20.199966430664062,0.0,3.200874913689835,0,9.11578369140625,4.599834442138672,0.1999664306640625,1.5,-6.7991251945495605,0.4959307014942169,0,19.504069304316708,4.823831584216375,0.0,-0.27235086795428004,-9.14764404296875,84.2835922241211,0.15128326416015625,29.937427520751953,20.543731689453125,0.716704183912905,3.5380140535080247,0,9.14764404296875,4.937427520751953,0.543731689453125,0.7832958102226257,-6.461986064910889,0.18394985795021057,0,19.81605013730532,5.052365462824789,-0.0037476154926881673,-0.28073623368425094,0,0,1,0,-6.7991251945495605,0.1999664306640625,-6.7991251945495605,0.18394985795021057,95,492,426107,2,0.8,pareto_knee,warm,0.0,,,,,,,8.987770080566406,0,47,1,16
-8.525077819824219,82.75175476074219,0.1204833984375,27.650493621826172,23.195648193359375,0.48382066449427963,0.6817741887460698,0,8.525077819824219,2.650493621826172,3.195648193359375,0.2002716064453125,-9.318225860595703,1.0,0,17.20673505372619,4.203176383869939,0.0,-0.3865115394798806,-8.623634338378906,82.73114013671875,0.1546478271484375,27.819744110107422,23.20522689819336,0.48382066449427963,0.3252636028021261,0,8.623634338378906,2.819744110107422,3.2052268981933594,0.179656982421875,-9.674736022949219,1.0,0,17.20673505372619,4.203176383869939,0.0,-0.38774303858554965,-8.741424560546875,82.72865295410156,0.1446533203125,28.149417877197266,23.030441284179688,0.48382066449427963,0.09080647047102955,0,8.741424560546875,3.1494178771972656,3.0304412841796875,0.1771697998046875,-9.909193992614746,1.003233551979065,0,16.939084206572076,4.2450750461272255,-0.0032335312732934595,-0.40035793733255465,-8.400596618652344,82.71359252929688,0.1043701171875,27.469188690185547,23.211830139160156,8.537736462515939e-07,0.9266430587891998,0,8.400596618652344,2.469188690185547,3.2118301391601562,0.162109375,-9.073356628417969,1.0,0,17.20673505372619,4.203176383869939,0.0,-0.3862401300892141,-8.408363342285156,82.70355224609375,0.1190032958984375,27.771652221679688,23.11431121826172,8.537736462515939e-07,1.3545427128027632,0,8.408363342285156,2.7716522216796875,3.1143112182617188,0.152069091796875,-8.64545726776123,0.9963383674621582,0,16.81092346976654,4.327499072728774,0.0036616583902442257,-0.39090315156486155,0,0,1,0,-9.909193992614746,0.152069091796875,-9.909193992614746,0.9963383674621582,96,770,426109,2,0.5,pattern_best,warm,0.0,,,,,,,8.400596618652344,0,48,1,16
-8.185844421386719,82.72457122802734,0.14922332763671875,30.216354370117188,23.97338104248047,0.48382066449427963,9.103870813749735,0,8.185844421386719,5.2163543701171875,3.9733810424804688,0.17308807373046875,-0.8961291909217834,1.0,0,18.157003625295346,5.0081667925035225,0.0,-0.33050524206134335,-8.283958435058594,82.70537567138672,0.1795196533203125,30.50539779663086,23.988994598388672,0.48382066449427963,8.862945786696034,0,8.283958435058594,5.505397796630859,3.988994598388672,0.15389251708984375,-1.137054204940796,1.0,0,18.157003625295346,5.0081667925035225,0.0,-0.33261040048167734,-8.413360595703125,82.7060317993164,0.1670074462890625,30.917922973632812,23.83358383178711,0.48382066449427963,8.86229840279404,0,8.413360595703125,5.9179229736328125,3.8335838317871094,0.15454864501953125,-1.1377016305923462,1.0064979791641235,0,17.716433242025182,4.912194272057212,-0.006497931499108291,-0.3440006091600034,-8.074371337890625,82.68560791015625,0.136138916015625,29.917312622070312,23.983478546142578,0.48382066449427963,7.724507593707878,0,8.074371337890625,4.9173126220703125,3.983478546142578,0.134124755859375,-2.2754924297332764,1.0,0,18.157003625295346,5.0081667925035225,0.0,-0.32946588179493524,-8.101287841796875,82.67031860351562,0.15805816650390625,30.383399963378906,23.865276336669922,8.537736462515939e-07,8.556577372650182,0,8.101287841796875,5.383399963378906,3.865276336669922,0.11883544921875,-1.4434226751327515,0.9996344447135925,0,17.68191376011934,5.08251110868796,0.00036557518041541946,-0.33402978370004827,0,0,1,0,-2.2754924297332764,0.11883544921875,-2.2754924297332764,0.9996344447135925,97,783,426109,2,0.5,active_rl_best,warm,0.0,,,,,,,8.074371337890625,0,49,1,16
-8.09375,82.7117919921875,0.16646575927734375,29.48242950439453,23.00527572631836,0.48382066449427963,8.95256643568667,0,8.09375,4.482429504394531,3.0052757263183594,0.160308837890625,-1.047433614730835,-4.096439838409424,0,24.096439721306275,5.031040463539281,0.0,-0.3501676128670238,-8.187515258789062,82.69070434570312,0.199920654296875,29.928741455078125,23.00348663330078,0.48382066449427963,6.89592228104985,0,8.187515258789062,4.928741455078125,3.0034866333007812,0.13922119140625,-3.1040778160095215,-4.096439838409424,0,24.096439721306275,5.031040463539281,0.0,-0.35180780260270295,-8.318038940429688,82.69084167480469,0.1869049072265625,30.002769470214844,22.96331787109375,0.48382066449427963,6.56169140296727,0,8.318038940429688,5.002769470214844,2.96331787109375,0.1393585205078125,-3.4383087158203125,-4.252540588378906,0,24.252540670360737,4.929560406127937,-0.005290459412896352,-0.36368104741419816,-7.986671447753906,82.6748046875,0.1502227783203125,29.058197021484375,23.03534698486328,0.48382066449427963,7.8715592689741065,0,7.986671447753906,4.058197021484375,3.0353469848632812,0.123321533203125,-2.1284406185150146,-4.096439838409424,0,24.096439721306275,5.031040463539281,0.0,-0.34970097398115385,-8.017646789550781,82.65989685058594,0.1579437255859375,29.46560287475586,22.96677017211914,0.48382066449427963,8.712384154787813,0,8.017646789550781,4.465602874755859,2.9667701721191406,0.1084136962890625,-1.2876158952713013,-4.3715949058532715,0,24.371594763162413,5.105041596099838,-3.840254030396607e-05,-0.3548131008852401,0,0,1,0,-4.3715949058532715,0.1084136962890625,-3.4383087158203125,-4.3715949058532715,98,776,426109,2,0.5,max_min_best,warm,0.0,,,,,,,7.986671447753906,0,50,1,16
-7.38433837890625,82.41683959960938,0.0547637939453125,29.86566925048828,21.96075439453125,8.537736462515939e-07,0.7995539228619375,0,7.38433837890625,4.865669250488281,1.96075439453125,-0.1346435546875,-9.200446128845215,1.0,0,18.57567460378664,4.932679073617682,0.0,-0.6161786763469144,-7.492210388183594,82.40528106689453,0.06923675537109375,29.95859146118164,21.987533569335938,8.537736462515939e-07,0.9581412834591302,0,7.492210388183594,4.958591461181641,1.9875335693359375,-0.14620208740234375,-9.041858673095703,1.0,0,18.57567460378664,4.932679073617682,0.0,-0.6100497209286571,-7.589668273925781,82.40701293945312,0.0596160888671875,29.8316650390625,21.702049255371094,8.537736462515939e-07,0.5229705810180638,0,7.589668273925781,4.8316650390625,1.7020492553710938,-0.14447021484375,-9.477029800415039,1.0088891983032227,0,17.92882193315304,4.896421532109576,-0.00888923143337163,-0.6207458370506903,-7.255653381347656,82.37411499023438,0.0491943359375,29.702621459960938,21.946151733398438,8.537736462515939e-07,0.3614435563439284,0,7.255653381347656,4.7026214599609375,1.9461517333984375,-0.1773681640625,-9.638556480407715,1.0,0,18.57567460378664,4.932679073617682,0.0,-0.625260172474609,-7.2232818603515625,82.36279296875,0.0533447265625,30.04094696044922,21.835739135742188,8.537736462515939e-07,0.659033454371532,0,7.2232818603515625,5.040946960449219,1.8357391357421875,-0.188690185546875,-9.34096622467041,1.004135251045227,0,17.741728231689542,4.85566248350559,-0.004135269806605047,-0.6277370907775698,0,0,0,0,-9.638556480407715,-0.188690185546875,-9.638556480407715,1.0,99,769,426109,2,0.5,pareto_knee,10.5,0.5,7.952024164756575e-06,1.0279642726597764,11126468.377427671,-3.3279725889497094,-3.3279725943237337,1.0,7.2232818603515625,0,51,1,16
-8.521858215332031,82.37403106689453,0.02898406982421875,28.156509399414062,19.853012084960938,8.537736462515939e-07,2.6016714529439233,0,8.521858215332031,3.1565093994140625,-0.1469879150390625,-0.17745208740234375,-7.39832878112793,-3.6471097469329834,0,23.6471097688663,5.8538640072916115,0.0,-1.2576412116272868,-8.581344604492188,82.36457061767578,0.0355682373046875,28.214828491210938,19.890541076660156,8.537736462515939e-07,2.3447956396450316,0,8.581344604492188,3.2148284912109375,-0.10945892333984375,-0.18691253662109375,-7.6552042961120605,-3.6471097469329834,0,23.6471097688663,5.8538640072916115,0.0,-1.2604475763012148,-8.517662048339844,82.35548400878906,0.0305938720703125,28.34592056274414,19.783065795898438,8.537736462515939e-07,2.2780260830939216,0,8.517662048339844,3.3459205627441406,-0.2169342041015625,-0.1959991455078125,-7.721973896026611,-3.3504629135131836,0,23.350462846895994,5.812445861029785,-0.011046599679314439,-1.265904855167999,-8.537200927734375,82.33161163330078,0.02587890625,27.999858856201172,19.790771484375,8.537736462515939e-07,1.9988728802330622,0,8.537200927734375,2.999858856201172,-0.209228515625,-0.21987152099609375,-8.001127243041992,-3.6471097469329834,0,23.6471097688663,5.8538640072916115,0.0,-1.2582615641237196,-8.555046081542969,82.31385040283203,0.0411529541015625,28.305988311767578,19.351661682128906,8.537736462515939e-07,1.9102191508729318,0,8.555046081542969,3.305988311767578,-0.6483383178710938,-0.23763275146484375,-8.089780807495117,-3.402529001235962,0,23.40252906048519,5.838910721906933,-0.0008075647709732882,-1.2600963647369212,0,0,0,0,-8.089780807495117,-0.6483383178710938,-8.089780807495117,-3.6471097469329834,100,809,426109,2,0.6,pattern_best,11.0,0.5,7.78483244349859e-06,1.0225421883916517,11657202.552113822,0.45116769883398994,0.6181130679353509,1.0,8.517662048339844,0,52,1,16
-10.593185424804688,83.41212463378906,0.1586456298828125,27.408424377441406,20.92119598388672,8.537736462515939e-07,9.792739222285894,0,10.593185424804688,2.4084243774414062,0.9211959838867188,0.8606414794921875,-0.20726077258586884,0.552681028842926,0,19.44731897430084,5.42785130200643,0.0,-0.5282642820236585,-10.647918701171875,83.38591003417969,0.19669342041015625,27.689678192138672,21.019149780273438,8.537736462515939e-07,8.415353775482984,0,10.647918701171875,2.689678192138672,1.0191497802734375,0.8344268798828125,-1.584646224975586,0.552681028842926,0,19.44731897430084,5.42785130200643,0.0,-0.5254980166450048,-10.592414855957031,83.38333129882812,0.19039154052734375,27.466529846191406,20.525146484375,8.537736462515939e-07,8.029598681755019,0,10.592414855957031,2.4665298461914062,0.525146484375,0.83184814453125,-1.9704012870788574,0.3985607624053955,0,19.601439248782494,5.608904348517053,-0.008325850806626808,-0.5309441249618753,-10.60247802734375,83.37907409667969,0.13808441162109375,27.12908172607422,20.815750122070312,8.537736462515939e-07,8.50776170470463,0,10.60247802734375,2.1290817260742188,0.8157501220703125,0.8275909423828125,-1.4922382831573486,0.552681028842926,0,19.44731897430084,5.42785130200643,0.0,-0.5324692092289927,-10.624626159667969,83.3646469116211,0.16701507568359375,27.570823669433594,21.128067016601562,8.537736462515939e-07,9.098349494008733,0,10.624626159667969,2.5708236694335938,1.1280670166015625,0.8131637573242188,-0.9016504883766174,0.4416578710079193,0,19.558342133183924,5.24686885511252,-0.003517190559585052,-0.5369390455043705,0,0,1,0,-1.9704012870788574,0.525146484375,-1.9704012870788574,0.3985607624053955,101,815,426109,2,0.6,active_rl_best,warm,0.0,,,,,,,10.592414855957031,0,53,1,16
-7.1408233642578125,81.55661010742188,8.392333984375e-05,29.522117614746094,22.7802734375,8.537736462515939e-07,10.526901025976429,1,7.1408233642578125,4.522117614746094,2.7802734375,-0.994873046875,0.5269010066986084,1.0,0,16.292906327842974,6.509391820484909,0.0,-1.8596417766068924,-7.206886291503906,81.54756164550781,4.57763671875e-05,29.649635314941406,22.843215942382812,8.537736462515939e-07,10.46572507574246,1,7.206886291503906,4.649635314941406,2.8432159423828125,-1.0039215087890625,0.4657250642776489,1.0,0,16.292906327842974,6.509391820484909,0.0,-1.8559868740173926,-7.193473815917969,81.53755950927734,0.0189056396484375,29.047195434570312,22.521942138671875,8.537736462515939e-07,9.93893991902511,0,7.193473815917969,4.0471954345703125,2.521942138671875,-1.0139236450195312,-0.06106008216738701,1.0199190378189087,0,16.45312192341165,6.350202073454697,-0.019919070738069734,-1.8532053901697734,-7.14556884765625,81.51500701904297,4.57763671875e-05,29.254364013671875,22.678985595703125,8.537736462515939e-07,9.092944524977602,0,7.14556884765625,4.254364013671875,2.678985595703125,-1.0364761352539062,-0.9070554971694946,1.0,0,16.292906327842974,6.509391820484909,0.0,-1.8655564315308575,-7.162208557128906,81.5018310546875,0.03515625,29.483478546142578,22.111583709716797,8.537736462515939e-07,8.905182540445129,0,7.162208557128906,4.483478546142578,2.111583709716797,-1.049652099609375,-1.0948173999786377,1.008765697479248,0,16.600785739442223,6.307313604153647,-0.008765709722957062,-1.8623549768918746,0,0,0,0,-1.0948173999786377,-1.049652099609375,-1.0948173999786377,1.0,102,831,426109,2,0.6,max_min_best,11.0,0.25,6.425056558224534e-06,1.019437956910894,11332557.596113939,9.76112841903501,9.761128428068144,1.0,7.1408233642578125,0,54,1,16
-11.464637756347656,83.46087646484375,0.12218475341796875,25.46100616455078,20.85137176513672,8.537736462515939e-07,-0.1677018966784581,0,11.464637756347656,0.46100616455078125,0.8513717651367188,0.909393310546875,-10.167701721191406,1.0,0,17.87348735344274,5.131804683809387,0.0,-0.41630183102515117,-11.297622680664062,83.43264770507812,0.16302490234375,25.689064025878906,20.84527587890625,0.9999999999999002,-0.29751141153036664,0,11.297622680664062,0.6890640258789062,0.84527587890625,0.5,-10.297511100769043,1.0,0,17.87348735344274,5.131804683809387,0.0,-0.42711918470902954,-11.00933837890625,83.4627914428711,0.12347412109375,25.72296905517578,20.370071411132812,0.9999999999999002,-0.06605457423883022,0,11.00933837890625,0.7229690551757812,0.3700714111328125,0.5,-10.066054344177246,1.010485053062439,0,17.92695288104787,5.051361679885332,-0.010485016913359018,-0.43051575644502005,-11.403656005859375,83.44092559814453,0.08875274658203125,25.24829864501953,20.849037170410156,8.537736462515939e-07,-0.05390856988298838,0,11.403656005859375,0.24829864501953125,0.8490371704101562,0.8894424438476562,-10.053908348083496,1.0,0,17.87348735344274,5.131804683809387,0.0,-0.41292220744190433,-11.46563720703125,83.42225646972656,0.115509033203125,25.301101684570312,20.95909881591797,8.537736462515939e-07,-0.1510807741606129,0,11.46563720703125,0.3011016845703125,0.9590988159179688,0.8707733154296875,-10.151081085205078,1.0012942552566528,0,17.963547528895642,5.136229017795934,-0.0012942921719254997,-0.41194679375398285,0,0,1,0,-10.297511100769043,0.24829864501953125,-10.297511100769043,1.0,103,813,426109,2,0.6,pareto_knee,warm,0.0,,,,,,,11.00933837890625,0,55,1,16
-4.9597930908203125,81.62963104248047,0.07073974609375,30.938838958740234,22.668270111083984,1.0597998299556024,9.372565469587089,0,4.9597930908203125,5.938838958740234,2.6682701110839844,-0.9218521118164062,-0.6274345517158508,1.0,0,17.12018043058641,6.638068016753152,0.0,-2.196591813075399,-4.998321533203125,81.62370300292969,0.0706024169921875,30.931377410888672,22.656143188476562,1.0597998299556024,7.696683177679766,0,4.998321533203125,5.931377410888672,2.6561431884765625,-0.9277801513671875,-2.303316831588745,1.0,0,17.12018043058641,6.638068016753152,0.0,-2.2074794795268335,-5.001670837402344,81.62092590332031,0.1263580322265625,32.43028259277344,22.604888916015625,1.0597998299556024,7.882994690294311,0,5.001670837402344,7.4302825927734375,2.604888916015625,-0.9305572509765625,-2.1170053482055664,1.017719030380249,0,16.95884472671591,6.563934695147582,-0.017718983058765476,-2.1921898465364684,-4.9070587158203125,81.58670043945312,0.0693817138671875,30.999671936035156,22.674549102783203,1.0597998299556024,8.026484617924215,0,4.9070587158203125,5.999671936035156,2.674549102783203,-0.96478271484375,-1.9735153913497925,1.0,0,17.12018043058641,6.638068016753152,0.0,-2.1924786857340575,-4.818756103515625,81.56983947753906,0.11038970947265625,30.557762145996094,22.932876586914062,1.0597998299556024,7.804699605817164,0,4.818756103515625,5.557762145996094,2.9328765869140625,-0.9816436767578125,-2.195300340652466,1.0082937479019165,0,16.98906144978291,6.497800794830383,-0.008293702129450752,-2.205491430041846,0,0,0,0,-2.303316831588745,-0.9816436767578125,-2.303316831588745,1.0,104,852,426109,2,0.7,pattern_best,11.0,1.0,8.30248086530493e-06,1.0405244191585756,10205710.43224435,7.696683177822035,7.696683177679766,1.0,4.818756103515625,0,56,1,16
-12.364547729492188,84.15586853027344,0.140350341796875,29.561229705810547,20.84100341796875,8.537736462515939e-07,9.0395436369812,0,12.364547729492188,4.561229705810547,0.84100341796875,1.4999991655349731,-0.960456371307373,0.9790976047515869,0,19.02090236751703,4.754346603317528,0.0,-0.30849347309892416,-11.990104675292969,84.12761688232422,0.1792144775390625,30.22791290283203,20.832237243652344,0.9999999999999002,8.326795734907826,0,11.990104675292969,5.227912902832031,0.8322372436523438,0.5,-1.6732043027877808,0.9790976047515869,0,19.02090236751703,4.754346603317528,0.0,-0.31845633892684744,-11.701583862304688,84.14923095703125,0.142822265625,29.991527557373047,20.288734436035156,0.9999999999999002,7.76129531158454,0,11.701583862304688,4.991527557373047,0.28873443603515625,0.5,-2.2387046813964844,0.846195638179779,0,19.15380434720435,5.009267515906113,-0.004638780531046672,-0.32175075292281774,-12.363632202148438,84.13436126708984,0.11273956298828125,28.952285766601562,20.850570678710938,8.537736462515939e-07,7.443397760424907,0,12.363632202148438,3.9522857666015625,0.8505706787109375,1.4999991655349731,-2.5566022396087646,0.9790976047515869,0,19.02090236751703,4.754346603317528,0.0,-0.3060936484415505,-12.395088195800781,84.09272003173828,0.17310333251953125,29.81470489501953,21.074195861816406,8.537736462515939e-07,7.995604675551951,0,12.395088195800781,4.814704895019531,1.0741958618164062,1.4999991655349731,-2.0043952465057373,0.9984851479530334,0,18.886535329342838,4.81344155234354,0.0015148376994702961,-0.314022395791393,0,0,1,0,-2.5566022396087646,0.28873443603515625,-2.5566022396087646,0.846195638179779,105,832,426109,2,0.7,active_rl_best,warm,0.0,,,,,,,11.701583862304688,0,57,1,16
-12.117767333984375,84.1307144165039,0.1397247314453125,30.486534118652344,20.999481201171875,8.537736462515939e-07,8.629668830062855,0,12.117767333984375,5.486534118652344,0.999481201171875,1.4999991655349731,-1.3703311681747437,0.9766449332237244,0,19.023355086583592,4.775635755702497,0.0,-0.3222428993111179,-11.726638793945312,84.10028076171875,0.179168701171875,31.22366714477539,20.980979919433594,0.9999999999999002,7.643905726076202,0,11.726638793945312,6.223667144775391,0.9809799194335938,0.5,-2.3560943603515625,0.9766449332237244,0,19.023355086583592,4.775635755702497,0.0,-0.3316905532374974,-11.445098876953125,84.12147521972656,0.144012451171875,30.972431182861328,20.425048828125,0.9999999999999002,7.519753229066817,0,11.445098876953125,5.972431182861328,0.425048828125,0.5,-2.4802467823028564,0.8461937308311462,0,19.153806287470882,5.028986811031931,-0.00415488659338838,-0.3348370964199805,-12.112777709960938,84.1097640991211,0.11260223388671875,29.812686920166016,21.01781463623047,8.537736462515939e-07,7.838141303225762,0,12.112777709960938,4.812686920166016,1.0178146362304688,1.4999991655349731,-2.1618587970733643,0.9766449332237244,0,19.023355086583592,4.775635755702497,0.0,-0.32020158923443687,-12.14892578125,84.0688705444336,0.1721954345703125,30.7364501953125,21.059829711914062,8.537736462515939e-07,7.373037626543586,0,12.14892578125,5.7364501953125,1.0598297119140625,1.4999991655349731,-2.626962423324585,0.9983285665512085,0,18.88653424112561,4.833584720303413,0.0016714354853651046,-0.32814424394934993,0,0,1,0,-2.626962423324585,0.425048828125,-2.626962423324585,0.8461937308311462,106,833,426109,2,0.7,max_min_best,warm,0.0,,,,,,,11.445098876953125,0,58,1,16
-12.388351440429688,84.16607666015625,0.1494598388671875,28.893905639648438,21.377761840820312,8.537736462515939e-07,8.541113945668092,0,12.388351440429688,3.8939056396484375,1.3777618408203125,1.4999991655349731,-1.4588860273361206,0.9745456576347351,0,19.025454372057176,4.718423071435593,0.0,-0.2908790372492521,-11.637290954589844,84.14309692382812,0.18337249755859375,29.52739715576172,21.367637634277344,0.9999999999999002,7.039924115492734,0,11.637290954589844,4.527397155761719,1.3676376342773438,0.5,-2.960075855255127,0.9745456576347351,0,19.025454372057176,4.718423071435593,0.0,-0.3006755481561901,-11.367530822753906,84.16451263427734,0.1480865478515625,29.218421936035156,20.80432891845703,0.9999999999999002,6.170660140458067,0,11.367530822753906,4.218421936035156,0.8043289184570312,0.5,-3.8293397426605225,0.8461952805519104,0,19.15380469717807,4.969509409097857,-0.0028560574829911713,-0.30374175091976724,-12.776565551757812,84.14399719238281,0.12201690673828125,28.311870574951172,21.39202880859375,8.537736462515939e-07,7.972494411698601,0,12.776565551757812,3.311870574951172,1.39202880859375,1.4999991655349731,-2.02750563621521,0.9745456576347351,0,19.025454372057176,4.718423071435593,0.0,-0.28961176757367485,-12.792327880859375,84.10136413574219,0.1827392578125,29.177623748779297,21.417739868164062,8.537736462515939e-07,8.517007160546793,0,12.792327880859375,4.177623748779297,1.4177398681640625,1.4999991655349731,-1.4829928874969482,1.000015377998352,0,18.88653530121261,4.778634735419787,-1.535838418768518e-05,-0.2968128045411493,0,0,1,0,-3.8293397426605225,0.5,-3.8293397426605225,0.8461952805519104,107,847,426109,2,0.7,pareto_knee,warm,0.0,,,,,,,11.367530822753906,0,59,1,16
-5.550590515136719,82.61021423339844,0.013519287109375,34.373146057128906,22.612010955810547,1.0597998299556024,6.702070349554097,0,5.550590515136719,9.373146057128906,2.612010955810547,0.0587310791015625,-3.2979297637939453,1.0,0,18.28778638564937,6.427085539694062,0.0,-1.9292967746040897,-5.6111907958984375,82.60794067382812,0.0121307373046875,34.46467590332031,22.54443359375,1.0597998299556024,7.00730619072976,0,5.6111907958984375,9.464675903320312,2.54443359375,0.05645751953125,-2.9926939010620117,1.0,0,18.28778638564937,6.427085539694062,0.0,-1.9389922932723003,-5.56854248046875,82.58810424804688,0.0567474365234375,32.85309600830078,21.525497436523438,1.0597998299556024,6.88081061379126,0,5.56854248046875,7.853096008300781,1.5254974365234375,0.03662109375,-3.119189500808716,1.0104097127914429,0,18.10654732115625,6.310188197462031,-0.010409678802366065,-1.9540894360494878,-5.4764251708984375,82.566650390625,0.01326751708984375,34.09966278076172,22.554317474365234,1.0597998299556024,5.8030398990635,0,5.4764251708984375,9.099662780761719,2.5543174743652344,0.015167236328125,-4.196959972381592,1.0,0,18.28778638564937,6.427085539694062,0.0,-1.925978635050292,-5.5108184814453125,82.56592559814453,0.0539398193359375,33.75016784667969,22.153148651123047,1.0597998299556024,5.7983237605396045,0,5.5108184814453125,8.750167846679688,2.153148651123047,0.01444244384765625,-4.201676368713379,1.0107293128967285,0,18.2428814665682,6.304299289774935,-0.010729253955222284,-1.9283057490824769,0,0,1,0,-4.201676368713379,0.01444244384765625,-4.201676368713379,1.0,108,885,426109,2,0.8,pattern_best,11.0,1.0,7.784367343961146e-06,1.0338070766221734,10862811.07352814,5.7700029072455505,5.7983237605396045,1.0,5.4764251708984375,0,60,1,16
-10.618385314941406,84.91731262207031,0.12107086181640625,26.596046447753906,19.632827758789062,8.537736462515939e-07,8.020746645791922,0,10.618385314941406,1.5960464477539062,-0.3671722412109375,1.4999991655349731,-1.9792534112930298,1.0,0,18.887926527981158,5.290291507058696,0.0,-0.2999280956867734,-10.659881591796875,84.89613342285156,0.1561431884765625,26.69939422607422,19.771759033203125,8.537736462515939e-07,7.038996288364009,0,10.659881591796875,1.6993942260742188,-0.228240966796875,1.4999991655349731,-2.9610037803649902,1.0,0,18.887926527981158,5.290291507058696,0.0,-0.3131446583645839,-10.780410766601562,84.89627075195312,0.1513214111328125,26.571388244628906,19.485328674316406,8.537736462515939e-07,6.795473043016186,0,10.780410766601562,1.5713882446289062,-0.5146713256835938,1.4999991655349731,-3.204526901245117,-0.12667135894298553,0,20.126671365256023,5.427487845211573,-0.00457323413729516,-0.3169106184971774,-10.601058959960938,84.87991333007812,0.1054229736328125,26.527297973632812,19.49169158935547,8.537736462515939e-07,7.062931125287424,0,10.601058959960938,1.5272979736328125,-0.5083084106445312,1.4999991655349731,-2.9370689392089844,1.0,0,18.887926527981158,5.290291507058696,0.0,-0.3037545815010435,-10.591148376464844,84.85271453857422,0.1385955810546875,27.23288345336914,19.63329315185547,8.537736462515939e-07,7.316629168151137,0,10.591148376464844,2.2328834533691406,-0.36670684814453125,1.4999991655349731,-2.68337082862854,0.994490385055542,0,18.43401979800731,5.086273553683869,0.005509592219482893,-0.3157002404516388,0,0,0,0,-3.204526901245117,-0.5146713256835938,-3.204526901245117,-0.12667135894298553,109,879,426109,2,0.8,active_rl_best,warm,0.0,,,,,,,10.591148376464844,0,61,1,16
-12.669395446777344,84.84291076660156,0.11966705322265625,26.6683349609375,19.765472412109375,8.537736462515939e-07,6.510279570124129,0,12.669395446777344,1.6683349609375,-0.234527587890625,1.4999991655349731,-3.489720344543457,-1.0518269538879395,0,21.051826993880752,4.24867206044343,0.0,-0.23568922776256063,-12.649726867675781,84.81182861328125,0.163482666015625,27.11125946044922,19.808059692382812,8.537736462515939e-07,5.24312359767765,0,12.649726867675781,2.1112594604492188,-0.1919403076171875,1.4999991655349731,-4.756876468658447,-1.0518269538879395,0,21.051826993880752,4.24867206044343,0.0,-0.24547954131603392,-12.491806030273438,84.82847595214844,0.12741851806640625,26.653575897216797,19.546112060546875,0.9999999999999002,2.6790140057609166,0,12.491806030273438,1.6535758972167969,-0.453887939453125,0.5,-7.320985794067383,-2.568469285964966,0,22.568469170055558,4.183107244235228,-0.005599599096361746,-0.25159433963474565,-12.669021606445312,84.8184585571289,0.093963623046875,26.26803970336914,19.725379943847656,8.537736462515939e-07,5.931981205293652,0,12.669021606445312,1.2680397033691406,-0.27462005615234375,1.4999991655349731,-4.068018913269043,-1.0518269538879395,0,21.051826993880752,4.24867206044343,0.0,-0.23353426884717843,-12.6546630859375,84.79553985595703,0.12485504150390625,26.674949645996094,19.825225830078125,8.537736462515939e-07,6.19260363640647,0,12.6546630859375,1.6749496459960938,-0.174774169921875,1.4999991655349731,-3.807396411895752,-2.3428871631622314,0,22.3428871113421,4.146352782330233,0.0008733470503984341,-0.24082095615739296,0,0,0,0,-7.320985794067383,-0.453887939453125,-7.320985794067383,-2.568469285964966,110,875,426109,2,0.8,max_min_best,warm,0.0,,,,,,,12.491806030273438,0,62,1,16
-13.309944152832031,84.86439514160156,0.124298095703125,25.568096160888672,20.661117553710938,8.537736462515939e-07,5.687560501395915,0,13.309944152832031,0.5680961608886719,0.6611175537109375,1.4999991655349731,-4.312439441680908,-1.3171240091323853,0,21.317124029689154,4.489678190076761,0.0,-0.23196288612585322,-13.306816101074219,84.83505249023438,0.16577911376953125,25.91692352294922,20.71503448486328,8.537736462515939e-07,4.574164885325244,0,13.306816101074219,0.9169235229492188,0.7150344848632812,1.4999991655349731,-5.425835132598877,-1.3171240091323853,0,21.317124029689154,4.489678190076761,0.0,-0.2418824411238973,-12.972564697265625,84.83897399902344,0.144805908203125,25.56694793701172,20.433815002441406,0.9999999999999002,2.0614403100295178,0,12.972564697265625,0.5669479370117188,0.43381500244140625,0.5,-7.938559532165527,-3.1539111137390137,0,23.153911138879266,4.720607849573949,-0.002910344229286697,-0.24820581808964737,-13.324821472167969,84.8384017944336,0.10097503662109375,25.254573822021484,20.612823486328125,8.537736462515939e-07,6.032427496032485,0,13.324821472167969,0.2545738220214844,0.612823486328125,1.4999991655349731,-3.9675724506378174,-1.3171240091323853,0,21.317124029689154,4.489678190076761,0.0,-0.22965351072886886,-13.306732177734375,84.81678009033203,0.12897491455078125,25.572772979736328,20.74163055419922,8.537736462515939e-07,5.9348480177654945,0,13.306732177734375,0.5727729797363281,0.7416305541992188,1.4999991655349731,-4.065152168273926,-2.8448503017425537,0,22.84485037037106,4.600913114255073,0.0020627514292365996,-0.23698871394726567,0,0,1,0,-7.938559532165527,0.2545738220214844,-7.938559532165527,-3.1539111137390137,111,876,426109,2,0.8,pareto_knee,warm,0.0,,,,,,,12.972564697265625,0,63,1,16
-2.4684295654296875,77.65284729003906,0.1132049560546875,27.76227569580078,22.574562072753906,1.0000000000002647,8.92147759932669,0,2.4684295654296875,2.7622756958007812,2.5745620727539062,-2.3822860717773438,-1.0785224437713623,-2.9416215419769287,0,22.941621515523266,7.413474240231606,0.0,-0.995063476398132,-2.5557632446289062,77.6314697265625,0.1472015380859375,27.72637939453125,22.57874298095703,1.0000000000002647,7.584658410914132,0,2.5557632446289062,2.72637939453125,2.5787429809570312,-2.4036636352539062,-2.41534161567688,-2.9416215419769287,0,22.941621515523266,7.413474240231606,0.0,-1.010251294192505,-2.6446533203125,77.60661315917969,0.110687255859375,27.94483184814453,22.2176513671875,1.0000000000002647,8.56080160858996,0,2.6446533203125,2.9448318481445312,2.2176513671875,-2.4285202026367188,-1.43919837474823,-1.9014395475387573,0,21.90143954146263,7.357958498928685,0.01905713475205688,-1.0059917664378644,-2.3783187866210938,77.62300109863281,0.07909393310546875,27.799480438232422,22.468162536621094,1.0000000000002647,7.380665421418979,0,2.3783187866210938,2.799480438232422,2.4681625366210938,-2.4121322631835938,-2.6193346977233887,-2.9416215419769287,0,22.941621515523266,7.413474240231606,0.0,-0.984402312093029,-2.617584228515625,77.62876892089844,0.059814453125,28.280311584472656,22.339111328125,1.0000000000002647,6.8616426226909235,0,2.617584228515625,3.2803115844726562,2.339111328125,-2.4063644409179688,-3.138357400894165,-2.4244821071624756,0,22.42448199033998,7.389257421574403,0.011700642614776451,-0.9689352014089392,0,0,0,0,-3.138357400894165,-2.4285202026367188,-3.138357400894165,-2.9416215419769287,112,1281,426110,4,0.5,pattern_best,11.0,1.0,8.617299252876777e-06,1.0467915530198528,15237794.709076585,6.995870753405046,6.8616426226909235,1.0,2.3783187866210938,0,64,1,16
-7.15667724609375,79.45408630371094,0.47042083740234375,27.64215850830078,22.585369110107422,8.537736462515939e-07,7.811785307878321,0,7.15667724609375,2.6421585083007812,2.585369110107422,-0.5810470581054688,-2.1882147789001465,1.0,0,18.913768904061467,5.326598523035672,0.0,-0.28407669244825223,-6.835639953613281,79.41077423095703,0.5197830200195312,27.879638671875,22.299930572509766,8.537736462515939e-07,8.183051628431983,0,6.835639953613281,2.879638671875,2.2999305725097656,-0.624359130859375,-1.816948413848877,1.0,0,18.913768904061467,5.326598523035672,0.0,-0.2892274130241014,-6.5601959228515625,79.32368469238281,0.60443115234375,27.970367431640625,22.42746353149414,8.537736462515939e-07,8.284214299619592,0,6.5601959228515625,2.970367431640625,2.4274635314941406,-0.7114486694335938,-1.7157857418060303,0.9790822267532349,0,18.157679966035644,5.444333069717876,0.020917789892647698,-0.29346320429658024,-7.144805908203125,79.43296813964844,0.444793701171875,27.34522247314453,22.797897338867188,8.537736462515939e-07,7.016303447693328,0,7.144805908203125,2.3452224731445312,2.7978973388671875,-0.6021652221679688,-2.983696460723877,1.0,0,18.913768904061467,5.326598523035672,0.0,-0.28098174799792913,-7.108612060546875,79.40618896484375,0.4316253662109375,28.355575561523438,22.288333892822266,8.537736462515939e-07,6.930695202336441,0,7.108612060546875,3.3555755615234375,2.2883338928222656,-0.6289443969726562,-3.0693047046661377,0.9800949096679688,0,18.50341532727633,5.121170429399355,0.019905117644156905,-0.28146811241120495,0,0,0,0,-3.0693047046661377,-0.7114486694335938,-3.0693047046661377,0.9790822267532349,113,1295,426110,4,0.5,active_rl_best,warm,0.0,,,,,,,6.5601959228515625,0,65,1,16
-6.871940612792969,79.40243530273438,0.6355438232421875,26.257034301757812,21.444847106933594,0.5512488501913899,1.147871965610811,0,6.871940612792969,1.2570343017578125,1.4448471069335938,-0.6326980590820312,-8.852128028869629,-5.295229434967041,0,25.295229418253907,5.348310030974948,0.0,-0.3041742889738793,-6.88092041015625,79.35974884033203,0.6842575073242188,26.519821166992188,21.20429229736328,0.5512488501913899,1.7297673062512926,0,6.88092041015625,1.5198211669921875,1.2042922973632812,-0.675384521484375,-8.270233154296875,-5.295229434967041,0,25.295229418253907,5.348310030974948,0.0,-0.30963018211767196,-6.6483306884765625,79.2689208984375,0.780364990234375,26.61750030517578,21.323226928710938,8.537736462515939e-07,1.2668255743436032,0,6.6483306884765625,1.6175003051757812,1.3232269287109375,-0.7662124633789062,-8.733174324035645,-5.707310676574707,0,25.70731057143048,5.465151835888649,0.018922104494086003,-0.3134598158363272,-6.854393005371094,79.38072967529297,0.6103591918945312,25.95233154296875,21.687118530273438,0.5512488501913899,0.8617534739514974,0,6.854393005371094,0.95233154296875,1.6871185302734375,-0.6544036865234375,-9.138246536254883,-5.295229434967041,0,25.295229418253907,5.348310030974948,0.0,-0.3008369184381669,-6.8406829833984375,79.35780334472656,0.58837890625,26.652957916259766,21.14208984375,8.537736462515939e-07,0.5456148456114851,0,6.8406829833984375,1.6529579162597656,1.14208984375,-0.6773300170898438,-9.454384803771973,-5.082474708557129,0,25.082474493228098,5.14004923276549,0.018364737124841983,-0.3009423605248621,0,0,0,0,-9.454384803771973,-0.7662124633789062,-9.454384803771973,-5.707310676574707,114,1289,426110,4,0.5,max_min_best,warm,0.0,,,,,,,6.6483306884765625,0,66,1,16
-5.875938415527344,79.13899230957031,0.211273193359375,27.791915893554688,22.067405700683594,8.537736462515939e-07,2.649276289828841,0,5.875938415527344,2.7919158935546875,2.0674057006835938,-0.8961410522460938,-7.350723743438721,1.0,0,17.912366683871014,5.866359904640271,0.0,-0.4143765457588255,-5.601387023925781,79.12062072753906,0.22768402099609375,27.699356079101562,22.091629028320312,1.0000000000002647,2.9120595046124995,0,5.601387023925781,2.6993560791015625,2.0916290283203125,-0.9145126342773438,-7.087940692901611,1.0,0,17.912366683871014,5.866359904640271,0.0,-0.4227637355316801,-5.383201599121094,79.08311462402344,0.279754638671875,27.78089141845703,21.842994689941406,8.537736462515939e-07,2.6204956357425107,0,5.383201599121094,2.7808914184570312,1.8429946899414062,-0.9520187377929688,-7.379504203796387,0.9777311682701111,0,17.84948699442072,6.00278638256583,0.02226885032927784,-0.4324029844788012,-5.657379150390625,79.10735321044922,0.20340728759765625,27.881240844726562,22.01616668701172,8.537736462515939e-07,2.6979050287005952,0,5.657379150390625,2.8812408447265625,2.0161666870117188,-0.9277801513671875,-7.30209493637085,1.0,0,17.912366683871014,5.866359904640271,0.0,-0.40909443931381395,-6.0283660888671875,79.11050415039062,0.19998931884765625,28.130767822265625,21.812049865722656,0.5847162600651571,2.3320869105809816,0,6.0283660888671875,3.130767822265625,1.8120498657226562,-0.9246292114257812,-7.66791296005249,0.981737494468689,0,17.91257756774653,5.817548174305463,0.01826252892914805,-0.4054956655428614,0,0,0,0,-7.66791296005249,-0.9520187377929688,-7.66791296005249,0.9777311682701111,115,1280,426110,4,0.5,pareto_knee,10.5,0.25,9.240889231072023e-06,1.0495221036202187,15384211.078925157,-3.3443210754967905,-3.803134819968632,1.0,5.383201599121094,0,67,1,16
-7.684539794921875,80.10678100585938,0.2198638916015625,28.076560974121094,22.284439086914062,8.537736462515939e-07,-0.9069351684198602,0,7.684539794921875,3.0765609741210938,2.2844390869140625,0.07164764404296875,-10.90693473815918,-1.7793090343475342,0,21.77930905254355,5.3429445801210464,0.0,-0.38519208170695174,-7.666114807128906,80.0907974243164,0.2233123779296875,28.137184143066406,22.542709350585938,8.537736462515939e-07,-0.570428089880891,0,7.666114807128906,3.1371841430664062,2.5427093505859375,0.0556640625,-10.570427894592285,-1.7793090343475342,0,21.77930905254355,5.3429445801210464,0.0,-0.39014321618004255,-7.634712219238281,80.00743103027344,0.328094482421875,27.484943389892578,22.686168670654297,8.537736462515939e-07,-1.1309914426768972,0,7.634712219238281,2.484943389892578,2.686168670654297,-0.02770233154296875,-11.130990982055664,-1.6914366483688354,0,21.69143662733785,5.381573268254379,0.017324587805563892,-0.396635680118452,-7.645782470703125,80.0587158203125,0.24166107177734375,27.70958709716797,22.046165466308594,8.537736462515939e-07,-1.343294688696858,0,7.645782470703125,2.7095870971679688,2.0461654663085938,0.02358245849609375,-11.343295097351074,-1.7793090343475342,0,21.77930905254355,5.3429445801210464,0.0,-0.3823916054370817,-7.708648681640625,80.04974365234375,0.2798614501953125,26.932971954345703,22.210418701171875,8.537736462515939e-07,-2.0782832070905304,0,7.708648681640625,1.9329719543457031,2.210418701171875,0.01461029052734375,-12.078283309936523,-2.219907522201538,0,22.219907553221105,5.544439499341241,0.009057881689314942,-0.38762172641034426,0,0,0,0,-12.078283309936523,-0.02770233154296875,-12.078283309936523,-2.219907522201538,116,1323,426110,4,0.6,pattern_best,warm,0.0,,,,,,,7.634712219238281,0,68,1,16
-7.5623016357421875,79.89302825927734,0.5835189819335938,27.171470642089844,21.45587158203125,1.0000000000002647,7.891205777744612,0,7.5623016357421875,2.1714706420898438,1.45587158203125,-0.1421051025390625,-2.1087942123413086,1.0,0,18.337664611162957,5.7046406925443,0.0,-0.40316546731848213,-7.573524475097656,79.87652587890625,0.6150360107421875,27.218189239501953,21.700721740722656,8.537736462515939e-07,7.7753269983906,0,7.573524475097656,2.218189239501953,1.7007217407226562,-0.15860748291015625,-2.22467303276062,1.0,0,18.337664611162957,5.7046406925443,0.0,-0.4073623283079907,-7.6019744873046875,79.8242416381836,0.6685028076171875,27.603004455566406,21.875015258789062,8.537736462515939e-07,8.108946390321993,0,7.6019744873046875,2.6030044555664062,1.8750152587890625,-0.2108917236328125,-1.891053557395935,0.9880975484848022,0,18.28034546835855,5.635879777710691,0.011902441272657788,-0.420347951417434,-7.5842742919921875,79.89022827148438,0.5306472778320312,27.087936401367188,21.218772888183594,1.0000000000002647,7.5743600674088,0,7.5842742919921875,2.0879364013671875,1.2187728881835938,-0.14490509033203125,-2.4256398677825928,1.0,0,18.337664611162957,5.7046406925443,0.0,-0.4017532052469413,-7.463142395019531,79.8761978149414,0.5342559814453125,27.01584243774414,21.600677490234375,1.0000000000002647,7.171959756251582,0,7.463142395019531,2.0158424377441406,1.600677490234375,-0.158935546875,-2.828040361404419,0.9784534573554993,0,18.04449061687553,5.599816084672283,0.02154652795806567,-0.4066435755963115,0,0,0,0,-2.828040361404419,-0.2108917236328125,-2.828040361404419,0.9784534573554993,117,1327,426110,4,0.6,active_rl_best,warm,0.0,,,,,,,7.463142395019531,0,69,1,16
-7.733253479003906,79.89999389648438,0.6440658569335938,27.269088745117188,20.919723510742188,8.537736462515939e-07,2.3312083263413825,0,7.733253479003906,2.2690887451171875,0.9197235107421875,-0.13513946533203125,-7.668791770935059,1.0,0,18.341887738776844,5.701035969774403,0.0,-0.4184780637154106,-7.7172393798828125,79.8852310180664,0.6728897094726562,27.312942504882812,21.151893615722656,8.537736462515939e-07,1.4608366554316135,0,7.7172393798828125,2.3129425048828125,1.1518936157226562,-0.14990234375,-8.539163589477539,1.0,0,18.341887738776844,5.701035969774403,0.0,-0.42303386599227355,-7.739936828613281,79.82986450195312,0.7313232421875,27.71601104736328,21.32215118408203,8.537736462515939e-07,1.673159352203157,0,7.739936828613281,2.7160110473632812,1.3221511840820312,-0.20526885986328125,-8.3268404006958,0.9873044490814209,0,18.280344252541454,5.634968536567224,0.012695539643557751,-0.43528168343983353,-7.740028381347656,79.8886489868164,0.6005935668945312,27.190513610839844,20.693588256835938,1.0000000000002647,3.6477965276909923,0,7.740028381347656,2.1905136108398438,0.6935882568359375,-0.146484375,-6.352203369140625,1.0,0,18.341887738776844,5.701035969774403,0.0,-0.4165755318171783,-7.611412048339844,79.87252044677734,0.6066818237304688,26.978755950927734,21.067352294921875,1.0000000000002647,3.216899025551167,0,7.611412048339844,1.9787559509277344,1.067352294921875,-0.1626129150390625,-6.7831010818481445,0.9782045483589172,0,18.04449066455552,5.600488894407717,0.021795444397475848,-0.42048788464883347,0,0,0,0,-8.539163589477539,-0.20526885986328125,-8.539163589477539,0.9782045483589172,118,1312,426110,4,0.6,max_min_best,warm,0.0,,,,,,,7.611412048339844,0,70,1,16
-2.9547882080078125,77.86833953857422,0.073974609375,30.328548431396484,22.61023712158203,1.0000000000002647,9.089067549248306,0,2.9547882080078125,5.328548431396484,2.6102371215820312,-2.1667938232421875,-0.9109324216842651,0.9259005188941956,0,19.074099488634555,5.9941325942682635,0.0,-1.1513047753368881,-3.11907958984375,77.86096954345703,0.07521820068359375,30.039520263671875,22.615398406982422,1.0000000000002647,8.408908091794048,0,3.11907958984375,5.039520263671875,2.615398406982422,-2.174163818359375,-1.5910918712615967,0.9259005188941956,0,19.074099488634555,5.9941325942682635,0.0,-1.1634108455532675,-3.324127197265625,77.8836669921875,0.06268310546875,30.2249755859375,22.461414337158203,1.0000000000002647,8.770764323587152,0,3.324127197265625,5.2249755859375,2.461414337158203,-2.1514663696289062,-1.2292356491088867,0.9861392378807068,0,18.670955931698632,6.007148532388936,0.013860765017558452,-1.1730608733722443,-2.799530029296875,77.83139038085938,0.07616424560546875,30.067974090576172,22.58469009399414,1.0000000000002647,8.551146626964707,0,2.799530029296875,5.067974090576172,2.5846900939941406,-2.2037429809570312,-1.4488533735275269,0.9259005188941956,0,19.074099488634555,5.9941325942682635,0.0,-1.142916772320187,-3.1044769287109375,77.79676818847656,0.119781494140625,28.789474487304688,22.430633544921875,1.0000000000002647,8.482611817193918,0,3.1044769287109375,3.7894744873046875,2.430633544921875,-2.2383651733398438,-1.5173882246017456,0.5616538524627686,0,19.438346131243513,6.060338383045604,0.01677745706627392,-1.1372220641066424,0,0,0,0,-2.2383651733398438,-2.2383651733398438,-1.5910918712615967,0.5616538524627686,119,1342,426110,4,0.6,pareto_knee,10.5,0.5,6.2352958264382245e-06,1.0387019973731317,13248708.31889011,10.02736502626567,9.743268308806718,1.0,2.799530029296875,0,71,1,16
-7.628173828125,80.61749267578125,0.261871337890625,27.406436920166016,21.36345672607422,1.0000000000002647,4.590721426326867,0,7.628173828125,2.4064369201660156,1.3634567260742188,0.5,-5.409278392791748,0.5197200775146484,0,19.480279946861796,5.761391108553031,0.0,-0.2232004593532774,-7.636161804199219,80.58837890625,0.2798004150390625,27.46753692626953,21.477699279785156,8.537736462515939e-07,5.3391194778377375,0,7.636161804199219,2.4675369262695312,1.4776992797851562,0.5532455444335938,-4.6608805656433105,0.5197200775146484,0,19.480279946861796,5.761391108553031,0.0,-0.22925166762747107,-7.50640869140625,80.55762481689453,0.314178466796875,27.62994384765625,21.707664489746094,8.537736462515939e-07,5.197834397078642,0,7.50640869140625,2.62994384765625,1.7076644897460938,0.522491455078125,-4.802165508270264,0.7271716594696045,0,19.272828312722496,5.768866330387089,0.014754120189796473,-0.23521299519086375,-7.6040802001953125,80.6102294921875,0.2415313720703125,27.332828521728516,21.257400512695312,1.0000000000002647,4.300192294901269,0,7.6040802001953125,2.3328285217285156,1.2574005126953125,0.5,-5.699807643890381,0.5197200775146484,0,19.480279946861796,5.761391108553031,0.0,-0.21994743602371225,-7.5720672607421875,80.57575225830078,0.29065704345703125,26.861732482910156,21.385353088378906,1.0000000000002647,3.6390261553397663,0,7.5720672607421875,1.8617324829101562,1.3853530883789062,0.5,-6.360973834991455,-1.1088528633117676,0,21.108852905729055,5.7180565685335525,0.012547950774973978,-0.22950367615976763,0,0,1,0,-6.360973834991455,0.5,-6.360973834991455,-1.1088528633117676,120,1359,426110,4,0.7,pattern_best,warm,0.0,,,,,,,7.50640869140625,0,72,1,16
-3.1596145629882812,78.84234619140625,0.0579376220703125,29.225818634033203,22.84493637084961,1.0000000000002647,10.190925254545043,1,3.1596145629882812,4.225818634033203,2.8449363708496094,-1.1927871704101562,0.1909252554178238,1.0,0,17.5970652063993,6.991398339959007,0.0,-0.9131094434740905,-3.283111572265625,78.83486938476562,0.04497528076171875,29.482913970947266,22.94436264038086,1.0000000000002647,9.21593222148694,0,3.283111572265625,4.482913970947266,2.9443626403808594,-1.2002639770507812,-0.7840677499771118,1.0,0,17.5970652063993,6.991398339959007,0.0,-0.9261723333496109,-3.3881378173828125,78.84724426269531,0.03704071044921875,30.194896697998047,22.933597564697266,1.0000000000002647,9.431040261765496,0,3.3881378173828125,5.194896697998047,2.9335975646972656,-1.1878890991210938,-0.5689597129821777,0.9904966354370117,0,17.730918507787177,7.012067532052166,0.009503364154110433,-0.9277445752409756,-3.0533065795898438,78.81877136230469,0.05968475341796875,28.997398376464844,22.73737335205078,1.0000000000002647,8.992501955279236,0,3.0533065795898438,3.9973983764648438,2.7373733520507812,-1.2163619995117188,-1.007498025894165,1.0,0,17.5970652063993,6.991398339959007,0.0,-0.9050637118659792,-3.3009796142578125,78.794189453125,0.06287384033203125,29.478118896484375,22.909744262695312,1.0000000000002647,8.814412446884678,0,3.3009796142578125,4.478118896484375,2.9097442626953125,-1.2409439086914062,-1.1855875253677368,0.9930192232131958,0,17.922977003541533,7.014288860290789,0.006980769544877229,-0.9064178637076804,0,0,0,0,-1.2409439086914062,-1.2409439086914062,-1.1855875253677368,0.9904966354370117,121,1374,426110,4,0.7,active_rl_best,10.5,0.25,5.528389291724359e-06,1.0375078761434926,11522732.244656364,10.321251788705188,10.19737645517444,1.0,3.0533065795898438,0,73,1,16
-9.085441589355469,80.615966796875,0.3690643310546875,25.548797607421875,21.092025756835938,1.0000000000002647,4.131953194846493,0,9.085441589355469,0.548797607421875,1.0920257568359375,0.5,-5.868046760559082,-1.7414251565933228,0,21.741425159855893,6.065012200338789,0.0,-0.2932108296138845,-9.038192749023438,80.57539367675781,0.41290283203125,25.571857452392578,21.19062042236328,1.0000000000002647,4.025741810808646,0,9.038192749023438,0.5718574523925781,1.1906204223632812,0.5,-5.9742584228515625,-1.7414251565933228,0,21.741425159855893,6.065012200338789,0.0,-0.2947006196503906,-9.092369079589844,80.5678482055664,0.41771697998046875,25.656429290771484,21.60009002685547,8.537736462515939e-07,4.125126441197225,0,9.092369079589844,0.6564292907714844,1.6000900268554688,0.53271484375,-5.874873638153076,-2.8956210613250732,0,22.895621003326355,6.0088308652906335,0.013257683441706832,-0.29522507897078404,-9.103660583496094,80.59899139404297,0.34377288818359375,25.490341186523438,20.98961639404297,1.0000000000002647,4.762812843067888,0,9.103660583496094,0.4903411865234375,0.9896163940429688,0.5,-5.237187385559082,-1.7414251565933228,0,21.741425159855893,6.065012200338789,0.0,-0.2949679832766058,-9.034492492675781,80.5351333618164,0.436767578125,24.791915893554688,21.093284606933594,1.0000000000002647,4.914799835423797,0,9.034492492675781,-0.2080841064453125,1.0932846069335938,0.5,-5.085200309753418,-1.3564859628677368,0,21.356486018981183,6.130202857918986,0.01215378255044923,-0.3015941889296158,0,0,0,0,-5.9742584228515625,-0.2080841064453125,-5.9742584228515625,-2.8956210613250732,122,1357,426110,4,0.7,max_min_best,10.0,0.25,9.054790240859164e-06,1.043470554816781,10332173.51606201,-11.234639547581992,-11.234639547581992,1.0,9.034492492675781,0,74,1,16
-3.3240737915039062,78.88007354736328,0.05681610107421875,29.15149688720703,22.832923889160156,1.0000000000002647,10.038176520467177,1,3.3240737915039062,4.151496887207031,2.8329238891601562,-1.155059814453125,0.0381765216588974,1.0,0,18.002340653567245,7.020536907302606,0.0,-0.9347078361825832,-3.452239990234375,78.87324523925781,0.04300689697265625,29.48657989501953,22.92181396484375,1.0000000000002647,9.43636556230455,0,3.452239990234375,4.486579895019531,2.92181396484375,-1.1618881225585938,-0.56363445520401,1.0,0,18.002340653567245,7.020536907302606,0.0,-0.9469896652734188,-3.5225601196289062,78.90423583984375,0.04388427734375,30.003128051757812,22.820327758789062,1.0000000000002647,9.595801423993699,0,3.5225601196289062,5.0031280517578125,2.8203277587890625,-1.1308975219726562,-0.4041985869407654,0.9876266121864319,0,17.899340382167818,6.993877137821569,0.012373368314434743,-0.9454247672245765,-3.2012939453125,78.8441390991211,0.071044921875,28.85604476928711,22.735305786132812,1.0000000000002647,9.058604210418798,0,3.2012939453125,3.8560447692871094,2.7353057861328125,-1.1909942626953125,-0.9413958191871643,1.0,0,18.002340653567245,7.020536907302606,0.0,-0.937846246619515,-3.5083465576171875,78.84977722167969,0.03729248046875,29.203136444091797,22.75762939453125,1.0000000000002647,9.189310080877199,0,3.5083465576171875,4.203136444091797,2.75762939453125,-1.1853561401367188,-0.8106899261474609,0.9916861653327942,0,18.023719844656004,7.027255938136225,0.008313852376353483,-0.94261228102807,0,0,0,0,-1.1909942626953125,-1.1909942626953125,-0.9413958191871643,0.9876266121864319,123,1375,426110,4,0.7,pareto_knee,10.5,0.25,6.133138270620123e-06,1.0373152949390168,11383599.95850319,10.06739404667406,10.067394105266239,1.0,3.2012939453125,0,75,1,16
-6.6156005859375,81.28997802734375,0.37139129638671875,29.119483947753906,21.568641662597656,8.537736462515939e-07,7.460010367787745,0,6.6156005859375,4.119483947753906,1.5686416625976562,1.2548446655273438,-2.539989709854126,1.0,0,18.82715963760225,6.006704539298655,0.0,-0.17230126801790513,-6.61566162109375,81.28546905517578,0.3718719482421875,29.126773834228516,21.771194458007812,8.537736462515939e-07,6.692060658409109,0,6.61566162109375,4.126773834228516,1.7711944580078125,1.250335693359375,-3.307939291000366,1.0,0,18.82715963760225,6.006704539298655,0.0,-0.17312366429386555,-6.636375427246094,81.25743865966797,0.39496612548828125,28.743911743164062,22.022926330566406,8.537736462515939e-07,6.700118596756843,0,6.636375427246094,3.7439117431640625,2.0229263305664062,1.2223052978515625,-3.2998814582824707,0.986109733581543,0,18.52099386745001,5.817676255560088,0.013890291964649824,-0.17713314889740098,-6.638755798339844,81.28189849853516,0.34685516357421875,29.059715270996094,21.3582763671875,1.0000000000002647,5.90445632628415,0,6.638755798339844,4.059715270996094,1.3582763671875,0.5,-4.09554386138916,1.0,0,18.82715963760225,6.006704539298655,0.0,-0.17456439628681597,-6.6842041015625,81.2491683959961,0.40299224853515625,28.57354736328125,21.763153076171875,1.0000000000002647,5.299647133241333,0,6.6842041015625,3.57354736328125,1.763153076171875,0.5,-4.700352668762207,0.3379260301589966,0,19.662073970014628,6.080625574229308,0.015763269968407774,-0.17566669027764478,0,0,1,0,-4.700352668762207,0.5,-4.700352668762207,0.3379260301589966,124,1391,426110,4,0.8,pattern_best,warm,0.0,,,,,,,6.6156005859375,0,76,1,16
-6.7664947509765625,81.238525390625,0.3922119140625,29.42938995361328,21.770553588867188,8.537736462515939e-07,5.137646323277406,0,6.7664947509765625,4.429389953613281,1.7705535888671875,1.2033920288085938,-4.862353801727295,1.0,0,18.842083708619235,6.022541108425342,0.0,-0.1863400157203327,-6.7674102783203125,81.23088836669922,0.39533233642578125,29.548995971679688,21.977935791015625,8.537736462515939e-07,4.9834949546574405,0,6.7674102783203125,4.5489959716796875,1.977935791015625,1.1957550048828125,-5.016505241394043,1.0,0,18.842083708619235,6.022541108425342,0.0,-0.1869949665907678,-6.783500671386719,81.20024108886719,0.424102783203125,29.535972595214844,22.264854431152344,8.537736462515939e-07,5.093062148599007,0,6.783500671386719,4.535972595214844,2.2648544311523438,1.1651077270507812,-4.906938076019287,0.9868278503417969,0,18.520994090388566,5.836042092209972,0.013172123395179985,-0.18908653466839706,-6.775123596191406,81.22000885009766,0.3786468505859375,29.314838409423828,21.55535125732422,1.0000000000002647,5.578121242643853,0,6.775123596191406,4.314838409423828,1.5553512573242188,0.5,-4.421878814697266,1.0,0,18.842083708619235,6.022541108425342,0.0,-0.1886139778186408,-6.831321716308594,81.1892318725586,0.43206024169921875,28.652896881103516,21.9744873046875,1.0000000000002647,5.422835910755856,0,6.831321716308594,3.6528968811035156,1.9744873046875,0.5,-4.577164173126221,0.33792659640312195,0,19.662073404605586,6.0993372004517985,0.015634666437771158,-0.18988586584166817,0,0,1,0,-5.016505241394043,0.5,-5.016505241394043,0.33792659640312195,125,1376,426110,4,0.8,active_rl_best,warm,0.0,,,,,,,6.7664947509765625,0,77,1,16
-6.835418701171875,81.15805053710938,0.6033554077148438,27.961471557617188,22.003631591796875,8.537736462515939e-07,4.78243214798462,0,6.835418701171875,2.9614715576171875,2.003631591796875,1.1229171752929688,-5.2175679206848145,1.0,0,18.80125455164576,6.043186273768944,0.0,-0.1981518446437388,-6.835968017578125,81.15107727050781,0.605865478515625,28.055633544921875,22.24427032470703,8.537736462515939e-07,4.34201744027107,0,6.835968017578125,3.055633544921875,2.2442703247070312,1.1159439086914062,-5.657982349395752,1.0,0,18.80125455164576,6.043186273768944,0.0,-0.19886082347728926,-6.852043151855469,81.11801147460938,0.632781982421875,27.888233184814453,22.45873260498047,8.537736462515939e-07,4.419735067891681,0,6.852043151855469,2.888233184814453,2.4587326049804688,1.0828781127929688,-5.580265045166016,0.9879072904586792,0,18.520993520678985,5.850128995674281,0.012092679889607516,-0.20146741247864391,-6.8525238037109375,81.14643859863281,0.582916259765625,27.86886215209961,21.759002685546875,1.0000000000002647,5.143674431545585,0,6.8525238037109375,2.8688621520996094,1.759002685546875,0.5,-4.856325626373291,1.0,0,18.80125455164576,6.043186273768944,0.0,-0.20028927778975372,-6.914482116699219,81.11607360839844,0.6361541748046875,27.116424560546875,22.181060791015625,1.0000000000002647,4.952893052849613,0,6.914482116699219,2.116424560546875,2.181060791015625,0.5,-5.047106742858887,0.33792629837989807,0,19.662073695387548,6.109561949158314,0.014520831823999453,-0.2014717251254664,0,0,1,0,-5.657982349395752,0.5,-5.657982349395752,0.33792629837989807,126,1377,426110,4,0.8,max_min_best,warm,0.0,,,,,,,6.835418701171875,0,78,1,16
-6.5935516357421875,81.19044494628906,0.2635498046875,28.708576202392578,21.906936645507812,8.537736462515939e-07,2.5336868765566627,0,6.5935516357421875,3.708576202392578,1.9069366455078125,1.1553115844726562,-7.466312885284424,-1.4500391483306885,0,21.450039154732366,6.107033879994575,0.0,-0.2236641109331666,-6.5857086181640625,81.18354034423828,0.2680206298828125,28.777400970458984,22.073089599609375,8.537736462515939e-07,2.198949216262799,0,6.5857086181640625,3.7774009704589844,2.073089599609375,1.148406982421875,-7.801050662994385,-1.4500391483306885,0,21.450039154732366,6.107033879994575,0.0,-0.22411856356691215,-6.5825958251953125,81.18901062011719,0.24890899658203125,29.046199798583984,21.896018981933594,8.537736462515939e-07,1.0964932154090723,0,6.5825958251953125,4.046199798583984,1.8960189819335938,1.1538772583007812,-8.903507232666016,-1.6134860515594482,0,21.61348603361327,5.91222688484771,0.013523220997045773,-0.2333422709912797,-6.6235809326171875,81.18376159667969,0.2346343994140625,28.64934539794922,21.72808074951172,1.0000000000002647,3.194936225758745,0,6.6235809326171875,3.6493453979492188,1.7280807495117188,0.5,-6.805063724517822,-1.4500391483306885,0,21.450039154732366,6.107033879994575,0.0,-0.22684238521903974,-6.640785217285156,81.1416244506836,0.30098724365234375,28.34701919555664,21.9678955078125,1.0000000000002647,2.4300711685005463,0,6.640785217285156,3.3470191955566406,1.9678955078125,0.5,-7.5699286460876465,-1.9437062740325928,0,21.943706229397698,6.126250357608351,0.016027455260510946,-0.22867311641558208,0,0,1,0,-8.903507232666016,0.5,-8.903507232666016,-1.9437062740325928,127,1385,426110,4,0.8,pareto_knee,10.5,0.25,9.19020101990652e-06,1.0396538834550892,9302301.62440645,-10.778535406731962,-10.393206026585744,1.0,6.5825958251953125,0,79,1,16
-7.6224212646484375,79.26864624023438,0.38205718994140625,28.018463134765625,20.481422424316406,1.1183467808046388,5.9699178809310816,0,7.6224212646484375,3.018463134765625,0.48142242431640625,-1.6036911010742188,-4.0300822257995605,-8.643881797790527,0,28.643881543906065,5.644932532445948,0.0,-0.36136822089531917,-7.261253356933594,79.23701477050781,0.39579010009765625,27.72250747680664,20.488479614257812,1.1183467808046388,4.869832500319285,0,7.261253356933594,2.7225074768066406,0.4884796142578125,-1.6353225708007812,-5.130167484283447,-8.643881797790527,0,28.643881543906065,5.644932532445948,0.0,-0.3626515254027538,-7.368110656738281,79.22391510009766,0.42125701904296875,28.07457733154297,20.172164916992188,1.1183467808046388,4.99592591644907,0,7.368110656738281,3.0745773315429688,0.1721649169921875,-1.6484222412109375,-5.0040740966796875,-9.11065673828125,0,29.110657150187844,5.681249978559424,-0.005586975024946193,-0.3674906581345846,-7.5167694091796875,79.21875762939453,0.4126739501953125,28.146530151367188,20.51690673828125,1.1183467808046388,5.492452681745727,0,7.5167694091796875,3.1465301513671875,0.51690673828125,-1.6535797119140625,-4.507547378540039,-8.643881797790527,0,28.643881543906065,5.644932532445948,0.0,-0.3628004002028961,-7.5366973876953125,79.187744140625,0.433502197265625,27.982952117919922,20.393112182617188,1.1183467808046388,5.241425471223876,0,7.5366973876953125,2.982952117919922,0.3931121826171875,-1.6845932006835938,-4.758574485778809,-9.01968002319336,0,29.019679694648094,5.67496469496808,0.007487538917458052,-0.3705208305041917,0,0,0,0,-9.11065673828125,-1.6845932006835938,-5.130167484283447,-9.11065673828125,144,1438,426113,4,0.5,pattern_best,warm,0.0,,,,,,,7.261253356933594,0,80,1,16
-7.1832275390625,79.03540802001953,0.2954254150390625,26.620670318603516,21.879085540771484,1.1183467808046388,9.10348406913524,0,7.1832275390625,1.6206703186035156,1.8790855407714844,-1.8369293212890625,-0.8965159058570862,1.0,0,18.096357850409824,5.940833608995466,0.0,-0.5118435525014552,-7.092071533203125,79.01935577392578,0.293609619140625,26.509235382080078,21.886566162109375,1.1183467808046388,7.66775689201306,0,7.092071533203125,1.5092353820800781,1.886566162109375,-1.8529815673828125,-2.3322432041168213,1.0,0,18.096357850409824,5.940833608995466,0.0,-0.5131807929912761,-7.094123840332031,78.9718246459961,0.36190032958984375,26.253707885742188,21.57686996459961,0.6840096206497581,7.8241358578649125,0,7.094123840332031,1.2537078857421875,1.5768699645996094,-1.9005126953125,-2.1758642196655273,1.0053983926773071,0,18.090700990382945,5.972885574026732,-0.005398338272084094,-0.5216911979107731,-7.166511535644531,78.99937438964844,0.312774658203125,26.719871520996094,21.846805572509766,1.1183467808046388,8.044064811639515,0,7.166511535644531,1.7198715209960938,1.8468055725097656,-1.8729629516601562,-1.9559352397918701,1.0,0,18.096357850409824,5.940833608995466,0.0,-0.5133110492489914,-7.200294494628906,78.99227905273438,0.3080902099609375,26.542789459228516,21.646896362304688,1.1183467808046388,8.075158886338667,0,7.200294494628906,1.5427894592285156,1.6468963623046875,-1.8800582885742188,-1.9248411655426025,0.9906619191169739,0,17.880702187775935,5.886329361993708,0.009338086514699964,-0.5194468368384777,0,0,0,0,-2.3322432041168213,-1.9005126953125,-2.3322432041168213,0.9906619191169739,145,1423,426113,4,0.5,active_rl_best,warm,0.0,,,,,,,7.092071533203125,0,81,1,16
-7.159858703613281,79.04074096679688,0.3410491943359375,25.745426177978516,21.826454162597656,1.1183467808046388,2.3578436129219624,0,7.159858703613281,0.7454261779785156,1.8264541625976562,-1.8315963745117188,-7.642156600952148,1.0,0,18.081571981170676,5.944567493797958,0.0,-0.5353249200672239,-7.024711608886719,79.03596496582031,0.32628631591796875,25.594703674316406,21.80084991455078,0.6840096206497581,2.1857070542129198,0,7.024711608886719,0.5947036743164062,1.8008499145507812,-1.8363723754882812,-7.814292907714844,1.0,0,18.081571981170676,5.944567493797958,0.0,-0.5364994054288708,-7.114738464355469,79.00350952148438,0.367431640625,25.263134002685547,21.31468963623047,0.6840096206497581,2.2055555038430326,0,7.114738464355469,0.2631340026855469,1.3146896362304688,-1.8688278198242188,-7.794444561004639,1.0057154893875122,0,18.090701497910352,5.979342412651947,-0.0057154307785427395,-0.5454957563588196,-7.1307373046875,78.98867797851562,0.37591552734375,25.882644653320312,21.826858520507812,1.1183467808046388,2.5649230826080456,0,7.1307373046875,0.8826446533203125,1.8268585205078125,-1.8836593627929688,-7.435076713562012,1.0,0,18.081571981170676,5.944567493797958,0.0,-0.536983849665803,-7.185554504394531,79.01043701171875,0.3475341796875,25.746337890625,21.691688537597656,1.1183467808046388,2.949754636506179,0,7.185554504394531,0.746337890625,1.6916885375976562,-1.8619003295898438,-7.05024528503418,0.992816150188446,0,17.880703178630007,5.900758441342671,0.007183870870473265,-0.543257753674835,0,0,0,0,-7.814292907714844,-1.8836593627929688,-7.814292907714844,0.992816150188446,146,1418,426113,4,0.5,max_min_best,warm,0.0,,,,,,,7.024711608886719,0,82,1,16
-7.617973327636719,79.2344970703125,0.4105682373046875,26.735912322998047,21.423751831054688,0.6840096206497581,6.626393745612616,0,7.617973327636719,1.7359123229980469,1.4237518310546875,-1.6378402709960938,-3.3736062049865723,-8.671414375305176,0,28.671414653843147,5.622499582678843,0.0,-0.3405432457791572,-7.171318054199219,79.24110412597656,0.3848114013671875,26.617237091064453,21.437973022460938,0.6840096206497581,5.521950518459025,0,7.171318054199219,1.6172370910644531,1.4379730224609375,-1.6312332153320312,-4.478049278259277,-8.671414375305176,0,28.671414653843147,5.622499582678843,0.0,-0.3412490356523683,-7.312065124511719,79.25891876220703,0.38164520263671875,26.48781967163086,21.08936309814453,0.6840096206497581,6.120356549989259,0,7.312065124511719,1.4878196716308594,1.0893630981445312,-1.6134185791015625,-3.879643440246582,-9.110657691955566,0,29.11065814074409,5.6507149692369065,-0.0052820088154880915,-0.34732563669945293,-7.6525421142578125,79.18278503417969,0.4443359375,26.836078643798828,21.457366943359375,0.9999999999995357,5.854955367815665,0,7.6525421142578125,1.8360786437988281,1.457366943359375,-1.6895523071289062,-4.145044803619385,-8.671414375305176,0,28.671414653843147,5.622499582678843,0.0,-0.3426736683298116,-7.608375549316406,79.15310668945312,0.46167755126953125,26.754112243652344,21.328033447265625,0.9999999999999002,5.550879852372023,0,7.608375549316406,1.7541122436523438,1.328033447265625,-1.7192306518554688,-4.449120044708252,-9.01968002319336,0,29.01968025501288,5.64319705533266,0.008337213326315433,-0.3508466551451591,0,0,0,0,-9.110657691955566,-1.7192306518554688,-4.478049278259277,-9.110657691955566,147,1437,426113,4,0.5,pareto_knee,warm,0.0,,,,,,,7.171318054199219,0,83,1,16
-7.29644775390625,79.9731674194336,0.37220001220703125,27.271461486816406,21.32904815673828,0.0,-0.4958510334130487,0,7.29644775390625,2.2714614868164062,1.3290481567382812,-0.899169921875,-10.495850563049316,-2.4951529502868652,0,22.495152857058414,5.61896956446842,0.0,-0.4574801877711068,-7.450965881347656,79.95098114013672,0.3928070068359375,27.31055450439453,21.3294677734375,0.0,-1.6091754967412497,0,7.450965881347656,2.3105545043945312,1.3294677734375,-0.921356201171875,-11.609175682067871,-2.4951529502868652,0,22.495152857058414,5.61896956446842,0.0,-0.4589363713484996,-7.550453186035156,79.97508239746094,0.35381317138671875,27.071571350097656,21.51091766357422,0.0,-1.8368883148822015,0,7.550453186035156,2.0715713500976562,1.5109176635742188,-0.8972549438476562,-11.836888313293457,-2.658750295639038,0,22.65875033310592,5.780508077370855,-0.006496782463108114,-0.4614363316605452,-7.12481689453125,79.93876647949219,0.36923980712890625,27.301227569580078,21.30335235595703,0.9999999999999002,0.7681955899152247,0,7.12481689453125,2.301227569580078,1.3033523559570312,-0.9335708618164062,-9.231804847717285,-2.4951529502868652,0,22.495152857058414,5.61896956446842,0.0,-0.4592780976396904,-7.099342346191406,79.94567108154297,0.34726715087890625,27.573101043701172,21.249732971191406,0.9999999999999002,0.3413548082427414,0,7.099342346191406,2.573101043701172,1.2497329711914062,-0.926666259765625,-9.658645629882812,-2.8048014640808105,0,22.80480140469424,5.704821155466538,-0.0015024240068450025,-0.4493594650822835,0,0,0,0,-11.836888313293457,-0.9335708618164062,-11.836888313293457,-2.8048014640808105,148,1441,426113,4,0.6,pattern_best,10.0,0.25,8.119614141848927e-06,1.0760935502334361,11670049.43410478,-5.773255900863311,-5.6502354288490935,1.0,7.099342346191406,0,84,1,16
-7.7670440673828125,80.04424285888672,0.602996826171875,27.345680236816406,22.331008911132812,0.0,9.746570242885625,0,7.7670440673828125,2.3456802368164062,2.3310089111328125,-0.828094482421875,-0.2534297704696655,1.0,0,17.385045397031547,5.8785526321010595,0.0,-0.3911001677315519,-7.7653350830078125,80.00492095947266,0.644805908203125,27.48986053466797,22.31353759765625,0.0,9.365563671160867,0,7.7653350830078125,2.4898605346679688,2.31353759765625,-0.8674163818359375,-0.634436309337616,1.0,0,17.385045397031547,5.8785526321010595,0.0,-0.3928586940575465,-7.883369445800781,80.05949401855469,0.5800857543945312,27.164379119873047,22.15435791015625,0.0,9.295740140002241,0,7.883369445800781,2.164379119873047,2.15435791015625,-0.8128433227539062,-0.7042598724365234,1.0036183595657349,0,17.946739050808084,5.984964002107196,-0.003618418428873473,-0.39507797872579015,-7.766990661621094,80.01473999023438,0.5940475463867188,27.261028289794922,22.33765411376953,0.9999999999995357,8.555336092505938,0,7.766990661621094,2.261028289794922,2.3376541137695312,-0.8575973510742188,-1.4446638822555542,1.0,0,17.385045397031547,5.8785526321010595,0.0,-0.39198816402168946,-7.847297668457031,80.02091217041016,0.5515670776367188,27.180561065673828,22.64834976196289,0.9999999999995357,8.653460175900742,0,7.847297668457031,2.180561065673828,2.6483497619628906,-0.8514251708984375,-1.346539855003357,1.0004242658615112,0,16.844956829186856,5.899144458360139,-0.0004242574399793812,-0.3836313054179303,0,0,0,0,-1.4446638822555542,-0.8674163818359375,-1.4446638822555542,1.0,149,1455,426113,4,0.6,active_rl_best,warm,0.0,,,,,,,7.7653350830078125,0,85,1,16
-7.2003173828125,79.91520690917969,0.4242401123046875,25.466739654541016,22.165557861328125,0.9999999999999002,0.4152027001475582,0,7.2003173828125,0.4667396545410156,2.165557861328125,-0.9571304321289062,-9.584796905517578,1.0,0,18.72545937196932,4.9961132384432085,0.0,-0.4861023225589536,-7.1396484375,79.89570617675781,0.45024871826171875,25.43561553955078,22.149917602539062,0.0,-0.43162119357591794,0,7.1396484375,0.43561553955078125,2.1499176025390625,-0.9766311645507812,-10.431621551513672,1.0,0,18.72545937196932,4.9961132384432085,0.0,-0.4888722502378006,-7.1648712158203125,79.85978698730469,0.49493408203125,25.239322662353516,21.91342544555664,0.0,-0.3468765963755566,0,7.1648712158203125,0.23932266235351562,1.9134254455566406,-1.0125503540039062,-10.34687614440918,1.0075281858444214,0,18.809738073190985,5.021486417549793,-0.007528189171306701,-0.4890731812437113,-7.1750030517578125,79.88308715820312,0.4135894775390625,25.46558380126953,22.09566879272461,0.9999999999999002,1.5253117739410513,0,7.1750030517578125,0.46558380126953125,2.0956687927246094,-0.9892501831054688,-8.474688529968262,1.0,0,18.72545937196932,4.9961132384432085,0.0,-0.49613203743422407,-7.141532897949219,79.91191101074219,0.39760589599609375,25.770713806152344,22.097076416015625,0.9999999999999002,1.6617050736296783,0,7.141532897949219,0.7707138061523438,2.097076416015625,-0.9604263305664062,-8.338294982910156,1.0049257278442383,0,18.981228170881927,5.096432140679692,-0.004925708827377222,-0.5012348892835937,0,0,0,0,-10.431621551513672,-1.0125503540039062,-10.431621551513672,1.0,150,1451,426113,4,0.6,max_min_best,warm,0.0,,,,,,,7.1396484375,0,86,1,16
-7.124824523925781,79.72264862060547,0.3120269775390625,27.348045349121094,21.523719787597656,0.0,3.909014561029229,0,7.124824523925781,2.3480453491210938,1.5237197875976562,-1.149688720703125,-6.090985298156738,0.23954913020133972,0,19.760450862381408,6.305468027443832,0.0,-0.5309500191784904,-7.2704925537109375,79.69842529296875,0.33544158935546875,27.564682006835938,21.501670837402344,0.0,4.272607323980091,0,7.2704925537109375,2.5646820068359375,1.5016708374023438,-1.1739120483398438,-5.727392673492432,0.23954913020133972,0,19.760450862381408,6.305468027443832,0.0,-0.5328230559016104,-7.398956298828125,79.74457550048828,0.23690032958984375,27.36578369140625,21.506736755371094,0.0,2.777985019159475,0,7.398956298828125,2.36578369140625,1.5067367553710938,-1.1277618408203125,-7.222014904022217,-0.2509728670120239,0,20.250972880140544,6.3076377933371095,-0.005862978487444588,-0.5369708230112318,-6.958091735839844,79.68685150146484,0.3073883056640625,27.201324462890625,21.525306701660156,0.9999999999995357,2.9852204743643176,0,6.958091735839844,2.201324462890625,1.5253067016601562,-1.18548583984375,-7.014779567718506,0.23954913020133972,0,19.760450862381408,6.305468027443832,0.0,-0.5328134592204959,-7.0381622314453125,79.69202423095703,0.2912139892578125,27.29479217529297,21.62457275390625,0.9999999999995357,2.6448523536041164,0,7.0381622314453125,2.2947921752929688,1.62457275390625,-1.1803131103515625,-7.355147838592529,-0.5350602269172668,0,20.535060211297026,6.426529820355191,7.629080227465143e-05,-0.5215677844957176,0,0,0,0,-7.355147838592529,-1.18548583984375,-7.355147838592529,-0.5350602269172668,151,1448,426113,4,0.6,pareto_knee,10.5,0.25,8.69939790960138e-06,1.059890714232346,11880841.358924469,-5.923310276819159,-5.9853280202946655,1.0,6.958091735839844,0,87,1,16
-7.825233459472656,80.78157043457031,0.4779205322265625,28.833786010742188,21.848739624023438,0.0,9.438385164620765,0,7.825233459472656,3.8337860107421875,1.8487396240234375,-0.09076690673828125,-0.5616148114204407,1.0,0,18.638809872697113,5.965611281632059,0.0,-0.15966213585145103,-7.759101867675781,80.75799560546875,0.4967498779296875,28.76705551147461,21.883338928222656,0.0,7.403061044168945,0,7.759101867675781,3.7670555114746094,1.8833389282226562,-0.11434173583984375,-2.5969388484954834,1.0,0,18.638809872697113,5.965611281632059,0.0,-0.16173488157838134,-7.6691131591796875,80.77828979492188,0.46439361572265625,28.427776336669922,21.909271240234375,0.0,6.996675052316949,0,7.6691131591796875,3.427776336669922,1.909271240234375,-0.09404754638671875,-3.0033249855041504,1.010572075843811,0,18.176504869370795,5.759137453424321,-0.010572071607005965,-0.16612779197357147,-7.638725280761719,80.7779769897461,0.45041656494140625,28.85543441772461,21.86077880859375,0.9999999999999002,8.022562618160633,0,7.638725280761719,3.8554344177246094,1.86077880859375,-0.0943603515625,-1.9774373769760132,1.0,0,18.638809872697113,5.965611281632059,0.0,-0.16400905175499497,-7.518608093261719,80.76736450195312,0.469268798828125,28.422077178955078,21.849014282226562,1.1183467808046388,7.8854771325336595,0,7.518608093261719,3.422077178955078,1.8490142822265625,-0.10497283935546875,-2.114522933959961,0.9986440539360046,0,18.2518378957839,5.684213171211714,0.0013559608315074376,-0.1666675712786768,0,0,0,0,-3.0033249855041504,-0.11434173583984375,-3.0033249855041504,0.9986440539360046,152,1487,426113,4,0.7,pattern_best,warm,0.0,,,,,,,7.518608093261719,0,88,1,16
-3.2997665405273438,78.98992919921875,0.1589202880859375,29.711429595947266,22.387470245361328,2.3917954193327344,10.032896099021356,1,3.2997665405273438,4.711429595947266,2.387470245361328,-1.8824081420898438,0.032896097749471664,1.0,0,18.390295730144256,6.292677224685149,0.0,-0.8921000397279448,-3.492156982421875,78.9820327758789,0.124603271484375,30.17626190185547,22.360328674316406,2.3917954193327344,9.064182588303545,0,3.492156982421875,5.176261901855469,2.3603286743164062,-1.8903045654296875,-0.9358174204826355,1.0,0,18.390295730144256,6.292677224685149,0.0,-0.8874024445965623,-3.425994873046875,78.96829223632812,0.17057037353515625,29.208961486816406,22.381202697753906,2.3917954193327344,9.06527294624796,0,3.425994873046875,4.208961486816406,2.3812026977539062,-1.9040451049804688,-0.9347270727157593,1.0136603116989136,0,18.426643200032768,6.290613827048722,-0.013660266521633022,-0.8960963926788447,-3.1121978759765625,78.95268249511719,0.18877410888671875,29.290725708007812,22.39923095703125,2.3917954193327344,8.51497772228155,0,3.1121978759765625,4.2907257080078125,2.39923095703125,-1.9196548461914062,-1.4850223064422607,1.0,0,18.390295730144256,6.292677224685149,0.0,-0.9025300106185764,-3.132568359375,78.96340942382812,0.177032470703125,29.92013931274414,22.48517608642578,2.3917954193327344,8.366815912537632,0,3.132568359375,4.920139312744141,2.4851760864257812,-1.9089279174804688,-1.6331840753555298,1.003036379814148,0,18.523637239073285,6.434659838044322,-0.003036362962132598,-0.8949161183954112,0,0,0,0,-1.9196548461914062,-1.9196548461914062,-1.6331840753555298,1.0,153,1502,426113,4,0.7,active_rl_best,10.5,0.75,7.426005240912266e-06,1.0591610171495742,11508053.48176399,8.42502325364203,8.456074052295957,1.0,3.1121978759765625,0,89,1,16
-6.9348602294921875,80.704345703125,0.2569427490234375,28.646724700927734,23.0301513671875,0.9999999999999002,2.8343368054849103,0,6.9348602294921875,3.6467247009277344,3.0301513671875,-0.16799163818359375,-7.165663242340088,-0.44858428835868835,0,20.448584293743984,6.298331440528511,0.0,-0.21021064967880626,-6.985923767089844,80.65071105957031,0.30516815185546875,28.557918548583984,23.072525024414062,0.9999999999999002,3.273168514390326,0,6.985923767089844,3.5579185485839844,3.0725250244140625,-0.22162628173828125,-6.726831436157227,-0.44858428835868835,0,20.448584293743984,6.298331440528511,0.0,-0.21258928306590566,-7.1246337890625,80.66560363769531,0.29608154296875,27.9136962890625,22.90489959716797,0.9999999999999002,2.986175574470728,0,7.1246337890625,2.9136962890625,2.9048995971679688,-0.20673370361328125,-7.013824462890625,-0.20680616796016693,0,20.20680617219686,6.1117582405922155,-0.010369426083626542,-0.2146654105985614,-6.58905029296875,80.69703674316406,0.2313079833984375,28.686351776123047,23.022037506103516,0.9999999999999002,2.7489117307825732,0,6.58905029296875,3.686351776123047,3.0220375061035156,-0.17530059814453125,-7.2510881423950195,-0.44858428835868835,0,20.448584293743984,6.298331440528511,0.0,-0.21341386491122094,-6.6402587890625,80.69983673095703,0.25768280029296875,28.079360961914062,22.813308715820312,0.9999999999999002,2.293105179344128,0,6.6402587890625,3.0793609619140625,2.8133087158203125,-0.1725006103515625,-7.706894874572754,-0.3003751039505005,0,20.30037509149527,5.9922359133726015,0.0017739401254750458,-0.21521877339150622,0,0,0,0,-7.706894874572754,-0.22162628173828125,-7.706894874572754,-0.44858428835868835,154,1482,426113,4,0.7,max_min_best,10.0,0.25,7.81884277461795e-06,1.0561958465924648,11444722.334077708,-9.337834779859646,-9.197062551609198,1.0,6.58905029296875,0,90,1,16
-8.052261352539062,80.73810577392578,0.40335845947265625,28.021373748779297,21.15534210205078,1.1183467808046388,0.2602339058451807,0,8.052261352539062,3.021373748779297,1.1553421020507812,-0.1342315673828125,-9.739766120910645,-0.4748634994029999,0,20.47486350993479,6.041379690735756,0.0,-0.17276048038261413,-7.667167663574219,80.7073974609375,0.4290924072265625,28.189552307128906,21.174644470214844,0.9999999999999002,-0.1747555320009871,0,7.667167663574219,3.1895523071289062,1.1746444702148438,-0.16493988037109375,-10.174755096435547,-0.4748634994029999,0,20.47486350993479,6.041379690735756,0.0,-0.17485504253457929,-7.460594177246094,80.72611999511719,0.38986968994140625,27.806121826171875,21.220191955566406,0.0,0.05071812438552679,0,7.460594177246094,2.806121826171875,1.2201919555664062,-0.14621734619140625,-9.949281692504883,-0.4190305769443512,0,20.41903057089112,5.854228018288692,-0.009229207303374983,-0.17908174249921693,-7.648384094238281,80.73562622070312,0.37456512451171875,27.853710174560547,21.178382873535156,1.1183467808046388,0.9562260677941179,0,7.648384094238281,2.853710174560547,1.1783828735351562,-0.13671112060546875,-9.043773651123047,-0.4748634994029999,0,20.47486350993479,6.041379690735756,0.0,-0.1774125172104736,-7.650459289550781,80.72979736328125,0.39105224609375,27.617080688476562,21.140846252441406,1.1183467808046388,0.7573752575521158,0,7.650459289550781,2.6170806884765625,1.1408462524414062,-0.14253997802734375,-9.242624282836914,-0.4693663418292999,0,20.469366350337076,5.779393455959271,0.0005457963958514755,-0.18044330998703562,0,0,0,0,-10.174755096435547,-0.16493988037109375,-10.174755096435547,-0.4748634994029999,155,1480,426113,4,0.7,pareto_knee,warm,0.0,,,,,,,7.460594177246094,0,91,1,16
-9.824310302734375,81.38565826416016,0.42444610595703125,28.520816802978516,23.63311004638672,0.0,-0.037826203498904414,0,9.824310302734375,3.5208168029785156,3.6331100463867188,0.5133209228515625,-10.037826538085938,1.0,0,18.65513466605155,6.148711182629669,0.0,-0.13453653934027154,-9.186508178710938,81.36505126953125,0.4403533935546875,28.52112579345703,23.67273712158203,0.0,-0.0516160150363036,0,9.186508178710938,3.5211257934570312,3.6727371215820312,0.49271392822265625,-10.051615715026855,1.0,0,18.65513466605155,6.148711182629669,0.0,-0.13978399436781308,-9.274383544921875,81.35336303710938,0.43190765380859375,27.95440673828125,23.524635314941406,0.0,-0.08978403294070895,0,9.274383544921875,2.95440673828125,3.5246353149414062,0.48102569580078125,-10.089783668518066,1.0073728561401367,0,18.368481593850234,5.966373684857725,-0.007372914180215127,-0.1422060996075936,-9.724075317382812,81.36167907714844,0.4175872802734375,28.510848999023438,23.537513732910156,0.9999999999999002,-0.2910788567927774,0,9.724075317382812,3.5108489990234375,3.5375137329101562,0.48934173583984375,-10.291078567504883,1.0,0,18.65513466605155,6.148711182629669,0.0,-0.14218992924389567,-9.737251281738281,81.34835815429688,0.42449188232421875,28.426898956298828,23.54468536376953,0.9999999999999002,-0.6816915790824161,0,9.737251281738281,3.426898956298828,3.5446853637695312,0.47602081298828125,-10.68169116973877,0.999742865562439,0,18.53461312431214,5.813719929669513,0.00025711446630288315,-0.14761488217654406,0,0,1,0,-10.68169116973877,0.47602081298828125,-10.68169116973877,0.999742865562439,156,1512,426113,4,0.8,pattern_best,warm,0.0,,,,,,,9.186508178710938,0,92,1,16
-9.868751525878906,81.37215423583984,0.40848541259765625,29.227249145507812,24.099834442138672,0.0,8.492172797772987,0,9.868751525878906,4.2272491455078125,4.099834442138672,0.49981689453125,-1.5078271627426147,1.0,0,18.65788348872884,6.141780177046958,0.0,-0.12567446848300873,-9.216255187988281,81.34929656982422,0.4285888671875,29.147228240966797,24.24170684814453,0.0,7.096590818865601,0,9.216255187988281,4.147228240966797,4.241706848144531,0.476959228515625,-2.903409242630005,1.0,0,18.65788348872884,6.141780177046958,0.0,-0.13028775633341666,-9.335617065429688,81.36467742919922,0.39429473876953125,28.505062103271484,24.087200164794922,0.0,8.049124251173156,0,9.335617065429688,3.5050621032714844,4.087200164794922,0.492340087890625,-1.9508757591247559,1.0081353187561035,0,18.36848200501253,5.962202910142072,-0.008135354780646784,-0.13279301031919716,-9.973472595214844,81.34005737304688,0.40767669677734375,29.2950439453125,24.000423431396484,0.9999999999999002,7.3591670185426725,0,9.973472595214844,4.2950439453125,4.000423431396484,0.46772003173828125,-2.6408329010009766,1.0,0,18.65788348872884,6.141780177046958,0.0,-0.13403783598850005,-9.990036010742188,81.32801055908203,0.412109375,29.309165954589844,24.01190948486328,0.9999999999999002,7.659807443954275,0,9.990036010742188,4.309165954589844,4.011909484863281,0.4556732177734375,-2.3401925563812256,0.9986001253128052,0,18.534611813216767,5.807932977481083,0.0013998598309917923,-0.13942539420783095,0,0,1,0,-2.903409242630005,0.4556732177734375,-2.903409242630005,0.9986001253128052,157,1519,426113,4,0.8,active_rl_best,warm,0.0,,,,,,,9.216255187988281,0,93,1,16
-9.55841064453125,81.37671661376953,0.39749908447265625,28.212265014648438,23.85169219970703,0.0,0.6432658755591094,0,9.55841064453125,3.2122650146484375,3.8516921997070312,0.5043792724609375,-9.356734275817871,-0.12965631484985352,0,20.12965632039725,6.167377218110738,0.0,-0.13621864711442366,-8.92620849609375,81.35440826416016,0.41736602783203125,28.14331817626953,23.960861206054688,0.0,0.41846018539531343,0,8.92620849609375,3.1433181762695312,3.9608612060546875,0.4820709228515625,-9.58154010772705,-0.12965631484985352,0,20.12965632039725,6.167377218110738,0.0,-0.14032762417663402,-8.9605712890625,81.29700469970703,0.45767974853515625,27.456714630126953,23.74407196044922,0.0,0.6539349768247915,0,8.9605712890625,2.456714630126953,3.7440719604492188,0.4246673583984375,-9.346064567565918,0.06516551971435547,0,19.934834476816516,5.9949118199643685,-0.00975968568866242,-0.1429058028705902,-10.026641845703125,81.34857940673828,0.392486572265625,28.08871841430664,23.77947998046875,0.0,1.0109970271155655,0,10.026641845703125,3.0887184143066406,3.77947998046875,0.4762420654296875,-8.98900318145752,-0.12965631484985352,0,20.12965632039725,6.167377218110738,0.0,-0.14509845890991488,-10.054229736328125,81.36976623535156,0.36302947998046875,28.043495178222656,23.82001495361328,0.0,0.8186987663905705,0,10.054229736328125,3.0434951782226562,3.8200149536132812,0.49742889404296875,-9.18130111694336,0.2739696204662323,0,19.726030373751083,5.838255211297987,0.0007775569851140339,-0.15056667969265253,0,0,1,0,-9.58154010772705,0.4246673583984375,-9.58154010772705,-0.12965631484985352,158,1514,426113,4,0.8,max_min_best,warm,0.0,,,,,,,8.92620849609375,0,94,1,16
-9.500923156738281,81.26667022705078,0.39527130126953125,27.609085083007812,22.105926513671875,0.0,0.6729871829674504,0,9.500923156738281,2.6090850830078125,2.105926513671875,0.3943328857421875,-9.32701301574707,-4.952625274658203,0,24.952625151923478,5.450396353199206,0.0,-0.35410814026265347,-9.016830444335938,81.22831726074219,0.4188232421875,27.760631561279297,21.97210693359375,0.0,1.5423036459781114,0,9.016830444335938,2.760631561279297,1.97210693359375,0.35597991943359375,-8.457695960998535,-4.952625274658203,0,24.952625151923478,5.450396353199206,0.0,-0.357773935323228,-9.123619079589844,81.23058319091797,0.38503265380859375,27.862598419189453,21.9827880859375,0.0,1.3896322397018068,0,9.123619079589844,2.862598419189453,1.9827880859375,0.358245849609375,-8.610367774963379,-5.068131446838379,0,25.068131481897446,5.571994544490609,-0.01576107795047618,-0.36066560929464114,-9.292335510253906,81.25468444824219,0.38658905029296875,27.499691009521484,22.198654174804688,0.0,0.062296276560559596,0,9.292335510253906,2.4996910095214844,2.1986541748046875,0.38234710693359375,-9.937704086303711,-4.952625274658203,0,24.952625151923478,5.450396353199206,0.0,-0.3532043322555408,-9.304946899414062,81.26513671875,0.3836517333984375,27.255725860595703,22.106346130371094,0.0,0.3811470251775779,0,9.304946899414062,2.255725860595703,2.1063461303710938,0.39279937744140625,-9.618852615356445,-4.400218486785889,0,24.40021857051656,5.516217101995061,-0.00011828797215437207,-0.35448093589215335,0,0,1,0,-9.937704086303711,0.35597991943359375,-9.937704086303711,-5.068131446838379,159,1516,426113,4,0.8,pareto_knee,warm,0.0,,,,,,,9.016830444335938,0,95,1,16
-3.2389373779296875,78.93193054199219,0.243499755859375,26.296432495117188,20.841697692871094,0.9999999999999002,2.9873510196663777,0,3.2389373779296875,1.2964324951171875,0.8416976928710938,0.00243377685546875,-7.012649059295654,-0.05820242315530777,0,20.058202421579185,6.392558619438324,0.0,-0.3395795363353326,-3.2507781982421875,78.92933654785156,0.2518157958984375,26.322959899902344,20.796234130859375,0.9999999999999002,3.380592625901908,0,3.2507781982421875,1.3229598999023438,0.796234130859375,-0.00016021728515625,-6.6194071769714355,-0.05820242315530777,0,20.058202421579185,6.392558619438324,0.0,-0.34186223052107956,-3.2594680786132812,78.9000473022461,0.2676544189453125,26.59942626953125,20.84601593017578,0.9999999999999002,3.521620474509792,0,3.2594680786132812,1.59942626953125,0.8460159301757812,-0.029449462890625,-6.478379726409912,-0.40998008847236633,0,20.40998009116327,6.360843966119075,-0.004680585503165374,-0.3464341889772613,-3.2232284545898438,78.88836669921875,0.24219512939453125,26.256900787353516,20.949180603027344,0.9999999999999002,2.4439931232247507,0,3.2232284545898438,1.2569007873535156,0.9491806030273438,-0.04113006591796875,-7.556006908416748,-0.05820242315530777,0,20.058202421579185,6.392558619438324,0.0,-0.3517812920536948,-3.185821533203125,78.8892593383789,0.19908905029296875,26.32874298095703,21.077377319335938,1.0000000000006293,2.7674842975890472,0,3.185821533203125,1.3287429809570312,1.0773773193359375,-0.0402374267578125,-7.232515811920166,-0.37766483426094055,0,20.377664825319076,6.416276101981227,0.015988549993046493,-0.36700985069062253,0,0,0,0,-7.556006908416748,-0.04113006591796875,-7.556006908416748,-0.40998008847236633,176,1163,426116,4,0.5,pattern_best,warm,0.0,,,,,,,3.185821533203125,0,96,1,16
-3.2619781494140625,78.40235137939453,0.5352096557617188,25.609600067138672,19.988983154296875,1.0000000000006293,8.347229581462159,0,3.2619781494140625,0.6096000671386719,-0.011016845703125,-0.5271453857421875,-1.6527704000473022,1.0,0,18.217511867787973,5.876993937520178,0.0,-0.8828821851204736,-3.2381439208984375,78.37040710449219,0.5326004028320312,26.08008575439453,19.96961212158203,1.0000000000006293,7.004139561273775,0,3.2381439208984375,1.0800857543945312,-0.03038787841796875,-0.5590896606445312,-2.9958603382110596,1.0,0,18.217511867787973,5.876993937520178,0.0,-0.8741463011775834,-3.353485107421875,78.4627456665039,0.4340362548828125,26.24660873413086,20.10694122314453,1.0000000000006293,6.829525291333019,0,3.353485107421875,1.2466087341308594,0.10694122314453125,-0.4667510986328125,-3.1704747676849365,1.0075739622116089,0,17.844295104274977,6.044616897199891,-0.00757400356380557,-0.8660804039324983,-3.2843170166015625,78.39035034179688,0.5134735107421875,25.10486602783203,20.036865234375,1.0000000000006293,7.672752937347147,0,3.2843170166015625,0.10486602783203125,0.036865234375,-0.5391464233398438,-2.327247142791748,1.0,0,18.217511867787973,5.876993937520178,0.0,-0.9040004008636313,-3.2478103637695312,78.35186004638672,0.51531982421875,24.72364044189453,19.85559844970703,1.0000000000006293,7.930404533832736,0,3.2478103637695312,-0.27635955810546875,-0.14440155029296875,-0.57763671875,-2.0695955753326416,1.0020592212677002,0,18.20049437639691,6.042175961044107,-0.002059244038353467,-0.9025321186544998,0,0,0,0,-3.1704747676849365,-0.57763671875,-3.1704747676849365,1.0,177,1167,426116,4,0.5,active_rl_best,warm,0.0,,,,,,,3.2381439208984375,0,97,1,16
-3.4030380249023438,78.3531494140625,0.5567398071289062,25.573902130126953,21.18478775024414,1.0000000000006293,5.765712758871392,0,3.4030380249023438,0.5739021301269531,1.1847877502441406,-0.5763473510742188,-4.234287261962891,-0.8661187291145325,0,20.866118749572582,6.407574225892956,0.0,-0.9481210945733407,-3.3807220458984375,78.31828308105469,0.5917510986328125,25.99323272705078,21.16128921508789,1.0000000000006293,5.023189510263105,0,3.3807220458984375,0.9932327270507812,1.1612892150878906,-0.6112136840820312,-4.976810455322266,-0.8661187291145325,0,20.866118749572582,6.407574225892956,0.0,-0.9393292924639931,-3.4345932006835938,78.34329986572266,0.5767745971679688,26.361026763916016,21.359786987304688,1.0000000000006293,4.857832244974795,0,3.4345932006835938,1.3610267639160156,1.3597869873046875,-0.5861968994140625,-5.142167568206787,0.703968346118927,0,19.29603166228471,6.386309324462644,-0.008343139968677745,-0.948313862899878,-3.4232406616210938,78.34239959716797,0.5222702026367188,25.106143951416016,21.149208068847656,1.0000000000006293,5.600750365849278,0,3.4232406616210938,0.10614395141601562,1.1492080688476562,-0.58709716796875,-4.39924955368042,-0.8661187291145325,0,20.866118749572582,6.407574225892956,0.0,-0.9684218779755326,-3.436737060546875,78.31328582763672,0.5618515014648438,25.053699493408203,21.11468505859375,1.0000000000006293,5.9593794525291,0,3.436737060546875,0.053699493408203125,1.11468505859375,-0.6162109375,-4.04062032699585,0.38752904534339905,0,19.61247094083964,6.34145940335853,-0.0007640008343015991,-0.9655902134793888,0,0,0,0,-5.142167568206787,-0.6162109375,-5.142167568206787,-0.8661187291145325,178,1175,426116,4,0.5,max_min_best,10.0,0.25,6.318301606064263e-06,1.050320510027335,12151090.18013297,-8.471159338576124,-8.861124374250677,1.0,3.3807220458984375,0,98,1,16
-3.5300216674804688,78.45387268066406,0.34244537353515625,27.266647338867188,20.802139282226562,1.0000000000006293,4.317628506190881,0,3.5300216674804688,2.2666473388671875,0.8021392822265625,-0.47562408447265625,-5.682371616363525,-0.3608153462409973,0,20.36081535096463,6.304754566927465,0.0,-0.9558476885476431,-3.508453369140625,78.41683197021484,0.3447113037109375,27.34111785888672,20.780452728271484,1.0000000000006293,5.178731233642134,0,3.508453369140625,2.3411178588867188,0.7804527282714844,-0.512664794921875,-4.821268558502197,-0.3608153462409973,0,20.36081535096463,6.304754566927465,0.0,-0.9465725428826306,-3.5980072021484375,78.47350311279297,0.27459716796875,27.989582061767578,21.025665283203125,1.0000000000006293,4.909770256833684,0,3.5980072021484375,2.989582061767578,1.025665283203125,-0.45599365234375,-5.090229511260986,0.647314727306366,0,19.352685282572132,6.329733081076609,-0.00654593720950495,-0.9571435858473253,-3.548126220703125,78.44428253173828,0.3218536376953125,26.72509765625,20.78744125366211,1.0000000000006293,3.5170240164448434,0,3.548126220703125,1.72509765625,0.7874412536621094,-0.4852142333984375,-6.482975959777832,-0.3608153462409973,0,20.36081535096463,6.304754566927465,0.0,-0.9768058543569896,-3.4996490478515625,78.42092895507812,0.33211517333984375,26.533924102783203,20.814239501953125,1.0000000000006293,3.497926761812496,0,3.4996490478515625,1.5339241027832031,0.814239501953125,-0.5085678100585938,-6.502073287963867,0.549966037273407,0,19.45003396193184,6.240560867266522,-0.001519010514659246,-0.9815513511322825,0,0,0,0,-6.502073287963867,-0.512664794921875,-6.502073287963867,-0.3608153462409973,179,1160,426116,4,0.5,pareto_knee,10.0,0.25,7.64710798131507e-06,1.0495517781971635,12152329.876873069,-5.307324185767497,-5.785144033622825,1.0,3.4996490478515625,0,99,1,16
-6.459503173828125,79.58921813964844,0.29308319091796875,26.500011444091797,20.712318420410156,1.2074182697257333e-06,-3.166862314711688,0,6.459503173828125,1.5000114440917969,0.7123184204101562,0.6597213745117188,-13.166862487792969,-6.437885284423828,0,26.43788545868842,5.799188727062303,0.0,-0.3890868491476301,-6.4429168701171875,79.58013916015625,0.289642333984375,26.4412841796875,20.7039794921875,1.2074182697257333e-06,-3.9165184558348916,0,6.4429168701171875,1.4412841796875,0.7039794921875,0.6506423950195312,-13.916518211364746,-6.437885284423828,0,26.43788545868842,5.799188727062303,0.0,-0.39395072128596553,-6.544960021972656,79.58990478515625,0.25899505615234375,26.514678955078125,20.506851196289062,1.2074182697257333e-06,-3.8230488020907982,0,6.544960021972656,1.514678955078125,0.5068511962890625,0.6604080200195312,-13.82304859161377,-6.6843743324279785,0,26.68437417647837,5.719796195019243,0.000626842417538011,-0.3980215347727629,-6.429924011230469,79.54993438720703,0.30361175537109375,26.562583923339844,20.719436645507812,1.2074182697257333e-06,-2.1189448530476405,0,6.429924011230469,1.5625839233398438,0.7194366455078125,0.6204376220703125,-12.118945121765137,-6.437885284423828,0,26.43788545868842,5.799188727062303,0.0,-0.38728050058243363,-6.464241027832031,79.54507446289062,0.30417633056640625,26.459854125976562,20.9993896484375,1.2074182697257333e-06,-1.121009604092509,0,6.464241027832031,1.4598541259765625,0.9993896484375,0.6155776977539062,-11.121009826660156,-6.533862590789795,0,26.533862606360742,5.833802339831367,0.01660967985332633,-0.38538661420178344,0,0,1,0,-13.916518211364746,0.5068511962890625,-13.916518211364746,-6.6843743324279785,180,1197,426116,4,0.6,pattern_best,10.0,0.25,6.966481093463503e-06,1.027995313885075,13266546.215460978,-4.183869915690248,-4.289738024130894,1.0,6.429924011230469,0,100,1,16
-7.4702606201171875,79.67467498779297,0.19012451171875,24.86260986328125,21.787269592285156,1.2074182697257333e-06,9.342909693958553,0,7.4702606201171875,-0.13739013671875,1.7872695922851562,0.74517822265625,-0.6570903062820435,1.0,0,18.609464228811277,6.156357570884027,0.0,-0.28896798849454985,-7.36407470703125,79.65913391113281,0.201080322265625,24.862892150878906,21.615943908691406,1.2074182697257333e-06,8.703931482289143,0,7.36407470703125,-0.13710784912109375,1.6159439086914062,0.7296371459960938,-1.296068549156189,1.0,0,18.609464228811277,6.156357570884027,0.0,-0.2936368626816735,-7.365455627441406,79.68051147460938,0.12774658203125,25.033679962158203,21.777420043945312,1.2074182697257333e-06,8.547946659038393,0,7.365455627441406,0.033679962158203125,1.7774200439453125,0.7510147094726562,-1.4520533084869385,0.5717800259590149,0,19.428219967505896,6.168391951915321,0.0014659580023624293,-0.29847652120134505,-7.486564636230469,79.6307144165039,0.20308685302734375,24.87725830078125,21.90674591064453,1.0000000000006293,8.428475541908048,0,7.486564636230469,-0.12274169921875,1.9067459106445312,0.5,-1.5715245008468628,1.0,0,18.609464228811277,6.156357570884027,0.0,-0.28616775638417014,-7.290458679199219,79.58907318115234,0.23799896240234375,24.636390686035156,21.734405517578125,1.0000000000006293,8.750145404876415,0,7.290458679199219,-0.36360931396484375,1.734405517578125,0.5,-1.249854564666748,0.987663984298706,0,18.644014294653203,6.108117778289996,0.012336014892573029,-0.2910377696906765,0,0,0,0,-1.5715245008468628,-0.36360931396484375,-1.5715245008468628,0.5717800259590149,181,1199,426116,4,0.6,active_rl_best,warm,0.0,,,,,,,7.290458679199219,0,101,1,16
-7.4632415771484375,79.77030944824219,0.3251953125,23.8692626953125,20.273887634277344,0.6180056077586904,0.530094338597591,0,7.4632415771484375,-1.1307373046875,0.27388763427734375,0.8408126831054688,-9.469905853271484,0.7434914112091064,0,19.256508577497037,5.970046609828691,0.0,-0.1907639235295185,-7.185585021972656,79.77186584472656,0.3212127685546875,23.867748260498047,20.29157257080078,1.2074182697257333e-06,1.1903511723731233,0,7.185585021972656,-1.1322517395019531,0.29157257080078125,0.8423690795898438,-8.809648513793945,0.7434914112091064,0,19.256508577497037,5.970046609828691,0.0,-0.19440695334254018,-7.1801300048828125,79.78816223144531,0.24444580078125,23.773357391357422,20.341476440429688,1.2074182697257333e-06,1.2662704346138884,0,7.1801300048828125,-1.2266426086425781,0.3414764404296875,0.8586654663085938,-8.733729362487793,0.1991748809814453,0,19.80082512047358,5.970818618824763,0.0031162507086538675,-0.19863425266294188,-7.637748718261719,79.72712707519531,0.33481597900390625,23.88031005859375,20.26477813720703,1.0000000000006293,0.2777477513981333,0,7.637748718261719,-1.11968994140625,0.26477813720703125,0.5,-9.722251892089844,0.7434914112091064,0,19.256508577497037,5.970046609828691,0.0,-0.18913544803494067,-7.460441589355469,79.70109558105469,0.3824615478515625,23.646263122558594,20.205184936523438,1.0000000000006293,0.15040630645910405,0,7.460441589355469,-1.3537368774414062,0.2051849365234375,0.5,-9.849594116210938,0.9873284697532654,0,18.941178725279094,5.857332958108483,0.012671532327517113,-0.19561726700751586,0,0,0,0,-9.849594116210938,-1.3537368774414062,-9.849594116210938,0.1991748809814453,182,1214,426116,4,0.6,max_min_best,warm,0.0,,,,,,,7.1801300048828125,0,102,1,16
-7.394020080566406,79.68433380126953,0.24310302734375,25.58283233642578,20.922439575195312,1.2074182697257333e-06,1.8077277389466215,0,7.394020080566406,0.5828323364257812,0.9224395751953125,0.7548370361328125,-8.192272186279297,1.0,0,18.58947117743827,6.5673763051936405,0.0,-0.2449494250109964,-7.385345458984375,79.68572998046875,0.23735809326171875,25.555938720703125,20.953712463378906,1.2074182697257333e-06,2.0346687182492667,0,7.385345458984375,0.555938720703125,0.9537124633789062,0.7562332153320312,-7.965331077575684,1.0,0,18.58947117743827,6.5673763051936405,0.0,-0.24825694635018392,-7.4645233154296875,79.70099639892578,0.18566131591796875,25.45119857788086,20.815391540527344,1.2074182697257333e-06,1.9407752856484874,0,7.4645233154296875,0.4511985778808594,0.8153915405273438,0.7714996337890625,-8.059225082397461,0.9995362162590027,0,18.700206196230425,6.587235345382863,0.00046377943280927105,-0.2504206789743869,-7.3947601318359375,79.63761138916016,0.2532958984375,25.579673767089844,20.89373016357422,1.0000000000006293,2.000441196659985,0,7.3947601318359375,0.5796737670898438,0.8937301635742188,0.5,-7.999558925628662,1.0,0,18.58947117743827,6.5673763051936405,0.0,-0.25262579983316313,-7.293548583984375,79.65157318115234,0.1984100341796875,25.348011016845703,21.024192810058594,1.0000000000006293,1.9615615974400191,0,7.293548583984375,0.3480110168457031,1.0241928100585938,0.5,-8.03843879699707,0.9903720617294312,0,18.72906344741033,6.5240155053768065,0.009627967181494028,-0.2597292927932661,0,0,1,0,-8.192272186279297,0.3480110168457031,-8.192272186279297,0.9903720617294312,183,1208,426116,4,0.6,pareto_knee,10.0,0.25,7.739224774300142e-06,1.0340125981480606,13631169.334126629,-8.512808120725978,-8.708800984257522,1.0,7.293548583984375,0,103,1,16
-6.09112548828125,79.58353424072266,0.5132675170898438,25.997783660888672,22.154762268066406,1.2074182697257333e-06,4.491595126526131,0,6.09112548828125,0.9977836608886719,2.1547622680664062,0.6540374755859375,-5.508404731750488,-1.4383403062820435,0,21.438340299784958,7.180135753756125,0.0,-0.9606259861178206,-5.9143829345703125,79.55696105957031,0.5343246459960938,26.088088989257812,21.74016571044922,1.2074182697257333e-06,3.2042677679772846,0,5.9143829345703125,1.0880889892578125,1.7401657104492188,0.6274642944335938,-6.795732021331787,-1.4383403062820435,0,21.438340299784958,7.180135753756125,0.0,-0.9633430782872661,-6.000968933105469,79.56755065917969,0.5124893188476562,26.00223159790039,21.753326416015625,1.2074182697257333e-06,2.989701982098886,0,6.000968933105469,1.0022315979003906,1.753326416015625,0.6380538940429688,-7.010298252105713,-1.4887884855270386,0,21.488788529768392,7.137026172532179,0.009402649086915816,-0.9630601302480826,-5.919708251953125,79.57025909423828,0.49725341796875,25.998977661132812,22.598949432373047,1.0000000000006293,3.8061310906317876,0,5.919708251953125,0.9989776611328125,2.598949432373047,0.5,-6.193869113922119,-1.4383403062820435,0,21.438340299784958,7.180135753756125,0.0,-0.9610250171427086,-5.786430358886719,79.5688705444336,0.46221160888671875,26.532268524169922,22.27056121826172,1.0000000000006293,4.0732088537673015,0,5.786430358886719,1.5322685241699219,2.2705612182617188,0.5,-5.926791191101074,-1.4155018329620361,0,21.415501821744748,7.1189808624103055,0.004533267352169548,-0.9668488044887915,0,0,1,0,-7.010298252105713,0.5,-7.010298252105713,-1.4887884855270386,184,1216,426116,4,0.7,pattern_best,10.0,0.25,7.915080580422295e-06,1.0459804079892046,12168031.469605876,-3.6804797967833554,-3.367484433994133,1.0,5.786430358886719,0,104,1,16
-6.763511657714844,79.68931579589844,0.68182373046875,25.2935791015625,22.00212860107422,1.2074182697257333e-06,5.0889869512294394,0,6.763511657714844,0.2935791015625,2.0021286010742188,0.7598190307617188,-4.911013126373291,1.0,0,18.38914634419084,6.417971029159232,0.0,-0.8526436843102482,-6.558868408203125,79.66077423095703,0.7053756713867188,25.262306213378906,21.993812561035156,1.2074182697257333e-06,5.890991100823765,0,6.558868408203125,0.26230621337890625,1.9938125610351562,0.7312774658203125,-4.1090087890625,1.0,0,18.38914634419084,6.417971029159232,0.0,-0.854649192733708,-6.7353057861328125,79.66412353515625,0.699371337890625,25.04769515991211,21.982818603515625,1.2074182697257333e-06,6.201449588195812,0,6.7353057861328125,0.047695159912109375,1.982818603515625,0.7346267700195312,-3.7985503673553467,0.9848914742469788,0,19.015108549588454,6.56836706304615,0.007993645789151202,-0.8553096140038421,-6.967185974121094,79.65452575683594,0.6871109008789062,25.26584243774414,22.01732635498047,1.0000000000006293,4.650393409355853,0,6.967185974121094,0.2658424377441406,2.0173263549804688,0.5,-5.349606513977051,1.0,0,18.38914634419084,6.417971029159232,0.0,-0.8538585502584023,-6.87628173828125,79.64601135253906,0.656524658203125,25.879859924316406,21.66016387939453,1.0000000000006293,4.556856336644146,0,6.87628173828125,0.8798599243164062,1.6601638793945312,0.5,-5.443143844604492,1.0003325939178467,0,18.383187748484666,6.6002377793479035,-0.0003326253000940613,-0.8619450893671067,0,0,1,0,-5.443143844604492,0.047695159912109375,-5.443143844604492,0.9848914742469788,185,1231,426116,4,0.7,active_rl_best,warm,0.0,,,,,,,6.558868408203125,0,105,1,16
-8.990966796875,80.49879455566406,0.2253570556640625,26.63016128540039,22.654502868652344,1.0000000000006293,1.303030780790417,0,8.990966796875,1.6301612854003906,2.6545028686523438,0.5,-8.696969032287598,-1.3534709215164185,0,21.35347095641455,6.107325836681659,0.0,-0.2375379661533408,-8.61138916015625,80.4979248046875,0.2235565185546875,26.482074737548828,22.72498321533203,0.5847162600651571,0.99091727356287,0,8.61138916015625,1.4820747375488281,2.7249832153320312,0.915283739566803,-9.009082794189453,-1.3534709215164185,0,21.35347095641455,6.107325836681659,0.0,-0.24189017284994363,-8.668350219726562,80.50363159179688,0.212066650390625,26.772930145263672,22.486862182617188,0.5847162600651571,0.8593623495804027,0,8.668350219726562,1.7729301452636719,2.4868621826171875,0.915283739566803,-9.140637397766113,-1.3016185760498047,0,21.30161854114995,6.111042996032135,-0.002718348106789589,-0.2462652971995664,-9.276618957519531,80.45494842529297,0.2321929931640625,26.733112335205078,22.577972412109375,1.0000000000006293,1.4064692801851266,0,9.276618957519531,1.7331123352050781,2.577972412109375,0.5,-8.593530654907227,-1.3534709215164185,0,21.35347095641455,6.107325836681659,0.0,-0.24491649806857044,-9.112228393554688,80.46966552734375,0.19878387451171875,26.712108612060547,22.90808868408203,1.0000000000006293,1.5685369732608918,0,9.112228393554688,1.7121086120605469,2.9080886840820312,0.5,-8.431463241577148,-1.3147962093353271,0,21.314796189176512,6.054885054771657,0.014014752678546986,-0.2505269279811436,0,0,1,0,-9.140637397766113,0.5,-9.140637397766113,-1.3534709215164185,186,1228,426116,4,0.7,max_min_best,10.0,0.25,2.852034901953868e-06,1.0491615590881351,11837234.581648482,-12.02892998344264,-11.566467013724274,1.0,8.61138916015625,0,106,1,16
-9.028915405273438,80.49446868896484,0.18259429931640625,26.087146759033203,21.697189331054688,1.0000000000006293,1.7400034692600967,0,9.028915405273438,1.0871467590332031,1.6971893310546875,0.5,-8.25999641418457,-1.2464267015457153,0,21.246426755434584,6.0688323285938575,0.0,-0.24005606460860635,-8.692535400390625,80.49739837646484,0.17751312255859375,26.0450439453125,21.741546630859375,1.0000000000006293,2.15526347166712,0,8.692535400390625,1.0450439453125,1.741546630859375,0.5,-7.844736576080322,-1.2464267015457153,0,21.246426755434584,6.0688323285938575,0.0,-0.24542539532181556,-8.662033081054688,80.51456451416016,0.14562225341796875,25.847511291503906,21.51886749267578,1.0000000000006293,1.7159757218787277,0,8.662033081054688,0.8475112915039062,1.5188674926757812,0.5,-8.284024238586426,-1.6931954622268677,0,21.69319541087182,6.121081929980483,-0.003279055642728238,-0.25219825235061255,-9.002235412597656,80.44696807861328,0.19256591796875,26.096702575683594,21.628341674804688,1.0000000000006293,1.7396957141410234,0,9.002235412597656,1.0967025756835938,1.6283416748046875,0.5,-8.26030445098877,-1.2464267015457153,0,21.246426755434584,6.0688323285938575,0.0,-0.24643660237163578,-9.040328979492188,80.47107696533203,0.144195556640625,25.90302276611328,21.65838623046875,1.0000000000006293,2.4179652342900892,0,9.040328979492188,0.9030227661132812,1.65838623046875,0.5,-7.582034587860107,-1.3738073110580444,0,21.37380735008849,5.993537219708446,0.009522576795875745,-0.25404734655146194,0,0,1,0,-8.284024238586426,0.5,-8.284024238586426,-1.6931954622268677,187,1229,426116,4,0.7,pareto_knee,10.0,0.25,4.132591764316068e-06,1.0533108511261509,12039108.815005114,-13.288341225990337,-12.830353459781145,1.0,8.662033081054688,0,107,1,16
-3.0032272338867188,81.26956939697266,0.35980987548828125,26.404991149902344,22.104393005371094,0.5847162600651571,6.6929255242251315,0,3.0032272338867188,1.4049911499023438,2.1043930053710938,0.915283739566803,-3.307074546813965,-0.6996683478355408,0,20.69966832306219,5.507198556523364,0.0,-0.12777531003997716,-2.9977874755859375,81.26548767089844,0.35961151123046875,26.301681518554688,21.9967041015625,0.5847162600651571,6.861872833000459,0,2.9977874755859375,1.3016815185546875,1.9967041015625,0.915283739566803,-3.138127088546753,-0.6996683478355408,0,20.69966832306219,5.507198556523364,0.0,-0.1329316773452202,-2.9906845092773438,81.25996398925781,0.336822509765625,26.870807647705078,22.0023193359375,0.5847162600651571,5.95263392104556,0,2.9906845092773438,1.8708076477050781,2.0023193359375,0.915283739566803,-4.047366142272949,-1.2350811958312988,0,21.235081244767823,5.339508277009326,-0.005399438950025214,-0.138703922272442,-3.0311737060546875,81.2562255859375,0.34082794189453125,26.508338928222656,22.212425231933594,1.0000000000006293,6.699627265223064,0,3.0311737060546875,1.5083389282226562,2.2124252319335938,0.5,-3.300372838973999,-0.6996683478355408,0,20.69966832306219,5.507198556523364,0.0,-0.1361933487274572,-2.9130325317382812,81.21968078613281,0.36772918701171875,27.355297088623047,22.398193359375,1.0000000000006293,6.460892531848854,0,2.9130325317382812,2.355297088623047,2.398193359375,0.5,-3.53910756111145,-1.6132851839065552,0,21.6132851527737,5.417266192762707,0.00683269762279258,-0.14593392320084364,0,0,1,0,-4.047366142272949,0.5,-4.047366142272949,-1.6132851839065552,188,1263,426116,4,0.8,pattern_best,warm,0.0,,,,,,,2.9130325317382812,0,108,1,16
-7.9687347412109375,81.12065124511719,0.2122802734375,26.848243713378906,23.320968627929688,1.0000000000006293,1.541429772575923,0,7.9687347412109375,1.8482437133789062,3.3209686279296875,0.5,-8.45857048034668,-1.6632593870162964,0,21.663259430607134,6.614623308428103,0.0,-0.17731101523118342,-7.914581298828125,81.08514404296875,0.24015045166015625,26.84302520751953,23.322463989257812,0.5847162600651571,1.0131465248845781,0,7.914581298828125,1.8430252075195312,3.3224639892578125,0.915283739566803,-8.98685359954834,-1.6632593870162964,0,21.663259430607134,6.614623308428103,0.0,-0.181662439842373,-7.933258056640625,81.0825424194336,0.19797515869140625,27.115493774414062,23.407142639160156,0.5847162600651571,1.2753749048979053,0,7.933258056640625,2.1154937744140625,3.4071426391601562,0.915283739566803,-8.724624633789062,-1.2516753673553467,0,21.251675417378717,6.592093958836831,-1.161284577915024e-05,-0.18306793650002565,-7.6187591552734375,81.10417175292969,0.19954681396484375,26.828739166259766,23.37665557861328,1.0000000000006293,2.6788283911309563,0,7.6187591552734375,1.8287391662597656,3.3766555786132812,0.5,-7.321171760559082,-1.6632593870162964,0,21.663259430607134,6.614623308428103,0.0,-0.17556889795312125,-7.457496643066406,81.09809875488281,0.175323486328125,27.475677490234375,23.56548309326172,1.0000000000006293,2.564733447932905,0,7.457496643066406,2.475677490234375,3.5654830932617188,0.5,-7.435266494750977,-1.8442693948745728,0,21.84426944065633,6.550642884698989,0.006552729976298563,-0.18340898621556212,0,0,1,0,-8.98685359954834,0.5,-8.98685359954834,-1.8442693948745728,189,1261,426116,4,0.8,active_rl_best,10.0,0.25,9.169620587005399e-06,1.0439796606320146,10994973.939210087,-8.81489128362761,-8.770308870446167,1.0,7.457496643066406,0,109,1,16
-2.7874984741210938,78.59516906738281,0.13433074951171875,28.35238265991211,21.044891357421875,1.0000000000006293,10.943641071535833,1,2.7874984741210938,3.3523826599121094,1.044891357421875,-0.33432769775390625,0.9436410665512085,1.0,0,17.55018311568388,6.263001569217751,0.0,-1.3258136812007386,-2.8529434204101562,78.60328674316406,0.11028289794921875,28.549335479736328,20.818222045898438,1.0000000000006293,10.50296381048126,1,2.8529434204101562,3.549335479736328,0.8182220458984375,-0.32621002197265625,0.5029637813568115,1.0,0,17.55018311568388,6.263001569217751,0.0,-1.3284144863882617,-2.7733840942382812,78.58990478515625,0.1651153564453125,29.09271240234375,20.86480712890625,1.0000000000006293,10.376790624935008,1,2.7733840942382812,4.09271240234375,0.86480712890625,-0.33959197998046875,0.3767906129360199,1.013485074043274,0,17.800189508425547,6.056339042901135,-0.013485050329187842,-1.3325109646928535,-2.731109619140625,78.5438003540039,0.15772247314453125,28.163551330566406,21.273635864257812,1.0000000000006293,10.116175920826178,1,2.731109619140625,3.1635513305664062,1.2736358642578125,-0.3856964111328125,0.11617591977119446,1.0,0,17.55018311568388,6.263001569217751,0.0,-1.327819660827664,-2.6331634521484375,78.53713989257812,0.190521240234375,28.422142028808594,21.196456909179688,2.0000000000001297,10.126122033754932,1,2.6331634521484375,3.4221420288085938,1.1964569091796875,-0.5,0.12612202763557434,0.997532308101654,0,17.556613780879594,6.237452792775834,0.0024677140453161104,-1.3146284291702035,0,0,0,1,-0.5,-0.5,0.11617591977119446,0.997532308101654,190,1277,426116,4,0.8,max_min_best,11.0,1.0,1.0994972190438942e-05,1.052840702052819,10277788.95612577,10.116175921774769,10.116175920826178,1.0,2.6331634521484375,0,110,1,16
-3.3952484130859375,81.24748229980469,0.24359893798828125,27.528888702392578,21.86492156982422,0.5847162600651571,2.230238021497342,0,3.3952484130859375,2.528888702392578,1.8649215698242188,0.915283739566803,-7.76976203918457,0.3165697753429413,0,19.683430229329176,6.10647264167336,0.0,-0.18309589240560553,-3.3884658813476562,81.24479675292969,0.2427978515625,27.412490844726562,21.750694274902344,0.5847162600651571,1.6880212238046806,0,3.3884658813476562,2.4124908447265625,1.7506942749023438,0.915283739566803,-8.311978340148926,0.3165697753429413,0,19.683430229329176,6.10647264167336,0.0,-0.18716820423055533,-3.4626617431640625,81.2504653930664,0.20526885986328125,28.061248779296875,21.72650146484375,0.5847162600651571,2.0244051301438715,0,3.4626617431640625,3.061248779296875,1.72650146484375,0.915283739566803,-7.975594997406006,1.006756067276001,0,18.76421541817088,5.8615505216598915,-0.006756048853514987,-0.19219212033315564,-3.4312057495117188,81.2392349243164,0.21643829345703125,27.637210845947266,21.980918884277344,1.0000000000006293,2.974352100263773,0,3.4312057495117188,2.6372108459472656,1.9809188842773438,0.5,-7.02564811706543,0.3165697753429413,0,19.683430229329176,6.10647264167336,0.0,-0.18406041988874278,-3.3414535522460938,81.24128723144531,0.20078277587890625,28.769874572753906,22.05602264404297,1.0000000000006293,2.9833282090359776,0,3.3414535522460938,3.7698745727539062,2.0560226440429688,0.5,-7.016671657562256,0.025582309812307358,0,19.974417689701788,6.076042754012327,0.007257476025154777,-0.19278877068668493,0,0,1,0,-8.311978340148926,0.5,-8.311978340148926,0.025582309812307358,191,1248,426116,4,0.8,pareto_knee,10.0,0.25,9.233512682578455e-06,1.0398829084870755,10219134.774672039,-13.097833507241134,-15.42931243594458,1.0,3.3414535522460938,0,111,1,16
-6.006988525390625,79.08647155761719,0.29021453857421875,26.438270568847656,21.355083465576172,1.1034819859206506,-1.1776893080186681,0,6.006988525390625,1.4382705688476562,1.3550834655761719,-0.1430816650390625,-11.177689552307129,0.7747371792793274,0,19.225262803202405,5.89143006074408,0.0,-0.4626220490631848,-6.3031768798828125,79.05668640136719,0.32418060302734375,26.431724548339844,21.278987884521484,1.1034819859206506,-0.4163473540724997,0,6.3031768798828125,1.4317245483398438,1.2789878845214844,-0.1728668212890625,-10.41634750366211,0.7747371792793274,0,19.225262803202405,5.89143006074408,0.0,-0.46792666478610834,-6.292701721191406,79.09457397460938,0.2968597412109375,26.102535247802734,21.183029174804688,1.1034819859206506,-0.6642632343104968,0,6.292701721191406,1.1025352478027344,1.1830291748046875,-0.134979248046875,-10.664262771606445,0.3886215388774872,0,19.61137846859865,5.822344342470971,-0.0009528427010186697,-0.47068216223303316,-5.721160888671875,79.07121276855469,0.2855987548828125,26.476760864257812,21.41309356689453,1.0000000000002647,-1.6331084623416174,0,5.721160888671875,1.4767608642578125,1.4130935668945312,-0.1583404541015625,-11.633108139038086,0.7747371792793274,0,19.225262803202405,5.89143006074408,0.0,-0.46854658725312404,-5.708091735839844,79.05419921875,0.32581329345703125,26.138893127441406,21.159748077392578,1.0000000000002647,-1.615351572989823,0,5.708091735839844,1.1388931274414062,1.1597480773925781,-0.17535400390625,-11.615351676940918,0.8180368542671204,0,19.18196314641169,6.035718950195871,-0.0025679494795482804,-0.46660579665579077,0,0,0,0,-11.633108139038086,-0.17535400390625,-11.633108139038086,0.3886215388774872,192,1548,426117,4,0.5,pattern_best,warm,0.0,,,,,,,5.708091735839844,0,112,1,16
-4.177101135253906,78.82587432861328,0.5969772338867188,27.928451538085938,21.826255798339844,0.6511067549847858,8.177629522354588,0,4.177101135253906,2.9284515380859375,1.8262557983398438,-0.40367889404296875,-1.8223705291748047,1.0,0,16.6855568432589,5.6935153596259855,0.0,-0.5873267592780551,-4.134117126464844,78.78239440917969,0.6442718505859375,27.954425811767578,21.675457000732422,0.6511067549847858,7.91350397026135,0,4.134117126464844,2.954425811767578,1.6754570007324219,-0.4471588134765625,-2.086496114730835,1.0,0,16.6855568432589,5.6935153596259855,0.0,-0.5901926677436401,-4.106658935546875,78.77117919921875,0.66497802734375,28.422630310058594,21.646663665771484,0.6511067549847858,7.949111051714195,0,4.106658935546875,3.4226303100585938,1.6466636657714844,-0.4583740234375,-2.050889015197754,1.0139448642730713,0,16.25231497920494,5.668216215306967,-0.013944876712282395,-0.592451019416871,-4.195220947265625,78.80374908447266,0.5810317993164062,27.77328872680664,21.989177703857422,1.0000000000002647,7.8904678782185975,0,4.195220947265625,2.7732887268066406,1.9891777038574219,-0.42580413818359375,-2.109532117843628,1.0,0,16.6855568432589,5.6935153596259855,0.0,-0.5881267214261481,-4.103172302246094,78.76315307617188,0.6601943969726562,27.87902069091797,22.05561065673828,1.0000000000002647,7.641783821950511,0,4.103172302246094,2.8790206909179688,2.0556106567382812,-0.466400146484375,-2.3582162857055664,1.0015496015548706,0,16.810716043324007,5.720632199715884,-0.0015496401471969622,-0.5906486650414802,0,0,0,0,-2.3582162857055664,-0.466400146484375,-2.3582162857055664,1.0,193,1551,426117,4,0.5,active_rl_best,warm,0.0,,,,,,,4.103172302246094,0,113,1,16
-3.2917556762695312,77.26241302490234,0.04633331298828125,29.540786743164062,20.319515228271484,1.0000000000002647,10.133656568436164,1,3.2917556762695312,4.5407867431640625,0.3195152282714844,-1.9671401977539062,0.1336565613746643,1.0,0,17.769187223799875,5.712323104077011,0.0,-1.364616753457943,-3.2989883422851562,77.24471282958984,0.05928802490234375,29.979843139648438,20.294906616210938,1.0000000000002647,9.009305971366468,0,3.2989883422851562,4.9798431396484375,0.2949066162109375,-1.9848403930664062,-0.9906940460205078,1.0,0,17.769187223799875,5.712323104077011,0.0,-1.3643415984506628,-3.4101715087890625,77.26018524169922,0.03719329833984375,29.098777770996094,20.091148376464844,1.0000000000002647,9.330554179120151,0,3.4101715087890625,4.098777770996094,0.09114837646484375,-1.9693679809570312,-0.669445812702179,1.0239953994750977,0,18.046219461698662,5.6079604204072355,-0.023995340389483373,-1.3715347174358308,-3.2495803833007812,77.20718383789062,0.09067535400390625,29.123863220214844,20.372943878173828,1.0000000000002647,8.176829526135416,0,3.2495803833007812,4.123863220214844,0.3729438781738281,-2.022369384765625,-1.8231704235076904,1.0,0,17.769187223799875,5.712323104077011,0.0,-1.3704366722384527,-3.30364990234375,77.21807861328125,0.1225433349609375,29.12087631225586,20.187530517578125,1.0000000000002647,7.892926119115167,0,3.30364990234375,4.120876312255859,0.187530517578125,-2.011474609375,-2.1070737838745117,1.0090526342391968,0,17.843174799931056,5.802867860242311,-0.009052693411608638,-1.373255207043953,0,0,0,0,-2.1070737838745117,-2.022369384765625,-2.1070737838745117,1.0,194,1566,426117,4,0.5,max_min_best,10.5,0.5,8.102369314852708e-06,1.0446953492038311,10662521.949917603,8.194231528568817,8.337414471361933,1.0,3.2495803833007812,0,114,1,16
-4.9770965576171875,78.7831802368164,0.6283950805664062,26.904525756835938,21.070777893066406,1.0000000000002647,4.089168287061362,0,4.9770965576171875,1.9045257568359375,1.0707778930664062,-0.44637298583984375,-5.910831928253174,1.0,0,17.83352474937744,5.555683117025339,0.0,-0.6649647171701721,-4.937294006347656,78.74967956542969,0.6689071655273438,26.92723846435547,20.89812469482422,0.6511067549847858,2.6797721328055903,0,4.937294006347656,1.9272384643554688,0.8981246948242188,-0.4798736572265625,-7.320228099822998,1.0,0,17.83352474937744,5.555683117025339,0.0,-0.6681490744869228,-4.852607727050781,78.7168197631836,0.7126846313476562,27.354389190673828,20.643463134765625,0.44988042337059964,2.380546888200978,0,4.852607727050781,2.354389190673828,0.643463134765625,-0.5127334594726562,-7.619452953338623,1.0151149034500122,0,18.234759425230777,5.487681127131914,-0.015114927679534443,-0.6724732831932225,-4.994071960449219,78.756103515625,0.6120834350585938,26.862712860107422,21.256935119628906,1.0000000000002647,4.199711454313372,0,4.994071960449219,1.8627128601074219,1.2569351196289062,-0.47344970703125,-5.800288677215576,1.0,0,17.83352474937744,5.555683117025339,0.0,-0.6655149063438304,-4.856956481933594,78.72071838378906,0.6939239501953125,27.145122528076172,21.283592224121094,1.0000000000002647,4.887071338070876,0,4.856956481933594,2.145122528076172,1.2835922241210938,-0.5088348388671875,-5.112928867340088,1.0010110139846802,0,17.872945208431123,5.6280485899023205,-0.0010110670570271135,-0.6718648840814236,0,0,0,0,-7.619452953338623,-0.5127334594726562,-7.619452953338623,1.0,195,1537,426117,4,0.5,pareto_knee,10.0,0.25,8.262201958295864e-06,1.0387269445925074,10857543.440563768,-2.592589934138372,-2.6066279223857842,1.0,4.852607727050781,0,115,1,16
-5.8489532470703125,79.8012924194336,0.4166412353515625,25.740646362304688,21.740249633789062,1.0000000000002647,10.051640654475996,1,5.8489532470703125,0.7406463623046875,1.7402496337890625,0.5,0.05164065584540367,0.7944926619529724,1,19.205507326748087,5.491015077198175,0.0,-0.23356200647336411,-5.989501953125,79.7883529663086,0.41443634033203125,25.914031982421875,21.736976623535156,1.0000000000002647,9.048179696431802,0,5.989501953125,0.914031982421875,1.7369766235351562,0.5,-0.9518203139305115,0.7944926619529724,0,19.205507326748087,5.491015077198175,0.0,-0.2352153036767127,-6.089759826660156,79.78649139404297,0.44338226318359375,26.27825927734375,21.804168701171875,1.0000000000002647,9.012768263023773,0,6.089759826660156,1.27825927734375,1.804168701171875,0.5,-0.9872317314147949,0.8309354186058044,0,19.16906455519454,5.311294619611033,-0.0005718838617199781,-0.2397062854270571,-5.697486877441406,79.76740264892578,0.43007659912109375,25.57105255126953,21.760581970214844,1.0000000000002647,8.651918354558042,0,5.697486877441406,0.5710525512695312,1.7605819702148438,0.5,-1.3480815887451172,0.7944926619529724,0,19.205507326748087,5.491015077198175,0.0,-0.2395537929344197,-5.8174591064453125,79.70121765136719,0.5519638061523438,25.972686767578125,21.721656799316406,1.0000000000002647,7.8942822867795615,0,5.8174591064453125,0.972686767578125,1.7216567993164062,0.4716644287109375,-2.105717658996582,1.008298397064209,0,18.596431361960647,5.265055362942607,-0.008298367371405237,-0.2454553753642852,0,0,1,0,-2.105717658996582,0.4716644287109375,-2.105717658996582,0.7944926619529724,196,1583,426117,4,0.6,pattern_best,warm,0.0,,,,,,,5.697486877441406,0,116,1,16
-6.772468566894531,79.70143127441406,0.30300140380859375,25.03978729248047,21.175765991210938,1.0000000000002647,7.548271772515233,0,6.772468566894531,0.03978729248046875,1.1757659912109375,0.4718780517578125,-2.451728343963623,1.0,0,18.446806630795468,5.611575471564068,0.0,-0.3939183177318304,-6.7454071044921875,79.68862915039062,0.2938385009765625,25.187252044677734,21.215354919433594,1.0000000000002647,5.6672328833226695,0,6.7454071044921875,0.18725204467773438,1.2153549194335938,0.459075927734375,-4.332767009735107,1.0,0,18.446806630795468,5.611575471564068,0.0,-0.39217283461308605,-6.640953063964844,79.68364715576172,0.2689666748046875,25.37820816040039,21.21234893798828,1.0000000000002647,6.01046140714579,0,6.640953063964844,0.3782081604003906,1.2123489379882812,0.45409393310546875,-3.9895386695861816,1.0014361143112183,0,18.64286694072938,5.593136730037865,-0.0014360978345400676,-0.39157464175853635,-6.7934722900390625,79.66539001464844,0.3009490966796875,24.900955200195312,21.193603515625,1.9999999999999472,6.44726589519223,0,6.7934722900390625,-0.0990447998046875,1.193603515625,-0.5,-3.552734136581421,1.0,0,18.446806630795468,5.611575471564068,0.0,-0.4071869112017782,-6.702461242675781,79.6440200805664,0.30635833740234375,25.316078186035156,20.78565216064453,1.9999999999999472,6.766657164457043,0,6.702461242675781,0.31607818603515625,0.7856521606445312,-0.5,-3.2333428859710693,0.8257607221603394,0,19.174239290900683,5.757834271696007,-0.006731783306344002,-0.4043518504461612,0,0,0,0,-4.332767009735107,-0.5,-4.332767009735107,0.8257607221603394,197,1579,426117,4,0.6,active_rl_best,warm,0.0,,,,,,,6.640953063964844,0,117,1,16
-5.6868743896484375,79.6690902709961,0.37105560302734375,26.15135955810547,22.332733154296875,1.0000000000002647,3.3834451646835184,0,5.6868743896484375,1.1513595581054688,2.332733154296875,0.43953704833984375,-6.6165547370910645,-1.509652853012085,0,21.509652805979243,6.2173955159750935,0.0,-0.28901688009807425,-5.8161468505859375,79.65886688232422,0.3675689697265625,26.26995849609375,22.305374145507812,1.0000000000002647,2.701560537903476,0,5.8161468505859375,1.26995849609375,2.3053741455078125,0.42931365966796875,-7.2984395027160645,-1.509652853012085,0,21.509652805979243,6.2173955159750935,0.0,-0.29001167326328436,-5.960174560546875,79.65110778808594,0.4224090576171875,26.290565490722656,22.272640228271484,1.0000000000002647,3.33519412066916,0,5.960174560546875,1.2905654907226562,2.2726402282714844,0.4215545654296875,-6.664805889129639,-0.6684852242469788,0,20.668485197952716,6.112754054741062,-0.0027807588915848584,-0.29866735528059385,-5.545433044433594,79.63082122802734,0.3829803466796875,25.998844146728516,22.38147735595703,1.0000000000002647,4.258568267739037,0,5.545433044433594,0.9988441467285156,2.3814773559570312,0.40126800537109375,-5.741431713104248,-1.509652853012085,0,21.509652805979243,6.2173955159750935,0.0,-0.2933564578623633,-5.61663818359375,79.61599731445312,0.4495697021484375,25.85254669189453,22.13116455078125,1.0000000000002647,4.8115834167988805,0,5.61663818359375,0.8525466918945312,2.13116455078125,0.386444091796875,-5.188416481018066,-0.8639251589775085,0,20.863925154040693,6.031694921405286,-0.00846356552027672,-0.2940836671085224,0,0,1,0,-7.2984395027160645,0.386444091796875,-7.2984395027160645,-1.509652853012085,198,1568,426117,4,0.6,max_min_best,10.0,0.25,8.430043879363673e-06,1.0488215392196276,12577057.158625681,-10.766842736290375,-10.766842729167527,1.0,5.545433044433594,0,118,1,16
-3.7349700927734375,77.54832458496094,0.06341552734375,28.958667755126953,20.222869873046875,1.639150100086332,9.992927008695895,0,3.7349700927734375,3.958667755126953,0.222869873046875,-1.6812286376953125,-0.0070729912258684635,0.5397006273269653,0,19.46029936380517,8.970412195896621,0.0,-1.1914343528120634,-3.6140899658203125,77.54270935058594,0.0525360107421875,28.96710968017578,20.128257751464844,1.639150100086332,9.640952616736895,0,3.6140899658203125,3.9671096801757812,0.12825775146484375,-1.6868438720703125,-0.35904738306999207,0.5397006273269653,0,19.46029936380517,8.970412195896621,0.0,-1.1903278466836738,-3.751068115234375,77.54304504394531,0.0696563720703125,28.536224365234375,20.28089141845703,1.0892391712397262,9.41357668601739,0,3.751068115234375,3.536224365234375,0.28089141845703125,-1.6865081787109375,-0.5864233374595642,0.6282060146331787,0,19.371794011159214,8.903571963287565,-0.013221059086098786,-1.2003930264259663,-3.578125,77.50047302246094,0.07881927490234375,28.676380157470703,20.312759399414062,1.089527974305836,8.829463452217217,0,3.578125,3.676380157470703,0.3127593994140625,-1.7290802001953125,-1.1705365180969238,0.5397006273269653,0,19.46029936380517,8.970412195896621,0.0,-1.1985373920564744,-3.4478988647460938,77.52135467529297,0.077667236328125,28.252586364746094,20.33588409423828,1.089527974305836,8.618938258840117,0,3.4478988647460938,3.2525863647460938,0.33588409423828125,-1.7081985473632812,-1.3810617923736572,0.5235083103179932,0,19.47649166543923,8.950620133871158,-0.02299209664408655,-1.2147455201642399,0,0,0,0,-1.7290802001953125,-1.7290802001953125,-1.3810617923736572,0.5235083103179932,199,1592,426117,4,0.6,pareto_knee,10.0,1.0,6.464359472035531e-06,1.0397912430941971,12457224.335537687,8.81148970911397,8.618938258840117,1.0,3.4478988647460938,0,119,1,16
-7.8077545166015625,80.55474853515625,0.3115081787109375,25.941139221191406,21.840316772460938,1.0892391712397262,9.718445520534747,0,7.8077545166015625,0.9411392211914062,1.8403167724609375,0.4107608199119568,-0.2815544903278351,0.05257662013173103,0,19.947423378252935,5.360466218603732,0.0,-0.11913109254315213,-7.28515625,80.52439880371094,0.33193206787109375,26.115741729736328,21.82892608642578,1.0892391712397262,8.693021033548554,0,7.28515625,1.1157417297363281,1.8289260864257812,0.4107608199119568,-1.3069789409637451,0.05257662013173103,0,19.947423378252935,5.360466218603732,0.0,-0.12137976973443432,-7.4533843994140625,80.48607635498047,0.3724517822265625,26.32720947265625,21.90087890625,1.0892391712397262,8.65506668714972,0,7.4533843994140625,1.32720947265625,1.90087890625,0.4107608199119568,-1.344933271408081,0.9967826008796692,0,18.897012656570222,5.181244594394868,0.0032174083536595528,-0.13309249659425532,-7.944267272949219,80.5352783203125,0.3060760498046875,25.771705627441406,21.866844177246094,1.0892391712397262,8.65796589451265,0,7.944267272949219,0.7717056274414062,1.8668441772460938,0.4107608199119568,-1.342034101486206,0.05257662013173103,0,19.947423378252935,5.360466218603732,0.0,-0.12533957591096706,-7.78350830078125,80.47134399414062,0.411865234375,26.199981689453125,21.55982208251953,1.0892391712397262,9.157639132073497,0,7.78350830078125,1.199981689453125,1.5598220825195312,0.4107608199119568,-0.8423608541488647,-0.2778624892234802,0,20.277862490979746,5.210547307480993,-0.006511214053316086,-0.13274962988382177,0,0,1,0,-1.344933271408081,0.4107608199119568,-1.344933271408081,-0.2778624892234802,200,1615,426117,4,0.7,pattern_best,warm,0.0,,,,,,,7.28515625,0,120,1,16
-6.887725830078125,80.38104248046875,0.302490234375,26.722640991210938,22.467498779296875,0.0,5.4733154993501305,0,6.887725830078125,1.7226409912109375,2.467498779296875,1.1514892578125,-4.526684284210205,-3.581864833831787,0,23.581864765389355,6.398721922972779,0.0,-0.1714508034643483,-6.472442626953125,80.35760498046875,0.31534576416015625,26.785057067871094,22.529808044433594,0.0,5.204636715264318,0,6.472442626953125,1.7850570678710938,2.5298080444335938,1.1280517578125,-4.795363426208496,-3.581864833831787,0,23.581864765389355,6.398721922972779,0.0,-0.17311653262902887,-6.7102508544921875,80.31422424316406,0.3802337646484375,26.424591064453125,22.514053344726562,1.0892391712397262,4.924296452728689,0,6.7102508544921875,1.424591064453125,2.5140533447265625,0.4107608199119568,-5.0757036209106445,-3.318258762359619,0,23.31825882015829,6.327105754490811,0.0023599453907527804,-0.18193672377433012,-6.8228759765625,80.3622055053711,0.29442596435546875,26.647998809814453,22.46935272216797,1.0000000000002647,4.984426463805609,0,6.8228759765625,1.6479988098144531,2.4693527221679688,0.5,-5.015573501586914,-3.581864833831787,0,23.581864765389355,6.398721922972779,0.0,-0.17898817635123934,-6.738945007324219,80.3144760131836,0.41062164306640625,26.573226928710938,22.148643493652344,1.0892391712397262,5.310310047051373,0,6.738945007324219,1.5732269287109375,2.1486434936523438,0.4107608199119568,-4.689690113067627,-2.8305187225341797,0,22.830518650657538,6.248627439959619,-0.009175192622426189,-0.17862307606564237,0,0,1,0,-5.0757036209106445,0.4107608199119568,-5.0757036209106445,-3.581864833831787,201,1600,426117,4,0.7,active_rl_best,10.0,0.25,8.705426140071932e-06,1.043337808694552,11931928.689119162,-3.599709625909892,-3.4909762250488683,1.0,6.472442626953125,0,121,1,16
-7.029144287109375,80.4502944946289,0.403961181640625,26.83800506591797,22.186302185058594,1.0892391712397262,3.0732455347973935,0,7.029144287109375,1.8380050659179688,2.1863021850585938,0.4107608199119568,-6.926754474639893,-5.798909664154053,0,25.798909876863192,6.469680150216207,0.0,-0.13446494561025554,-6.602012634277344,80.42606353759766,0.4178314208984375,26.86492919921875,22.155860900878906,1.0892391712397262,3.1992954672479446,0,6.602012634277344,1.86492919921875,2.1558609008789062,0.4107608199119568,-6.800704479217529,-5.798909664154053,0,25.798909876863192,6.469680150216207,0.0,-0.13681830413598622,-6.7785491943359375,80.40571594238281,0.45995330810546875,26.462383270263672,22.247779846191406,1.0892391712397262,2.7540712022070983,0,6.7785491943359375,1.4623832702636719,2.2477798461914062,0.4107608199119568,-7.245928764343262,-3.685567855834961,0,23.68556794179655,6.349463876914929,0.002571777045399004,-0.14242206486433973,-6.8755950927734375,80.44986724853516,0.37762451171875,26.80095672607422,22.21393585205078,1.0892391712397262,3.2353225428518955,0,6.8755950927734375,1.8009567260742188,2.2139358520507812,0.4107608199119568,-6.76467752456665,-5.798909664154053,0,25.798909876863192,6.469680150216207,0.0,-0.14191138584232948,-6.720985412597656,80.41304779052734,0.46015167236328125,26.976520538330078,21.823020935058594,1.0892391712397262,3.1831060041063535,0,6.720985412597656,1.9765205383300781,1.8230209350585938,0.4107608199119568,-6.816894054412842,-7.051269054412842,0,27.051268915755205,6.3750708024630995,-0.005029519311083226,-0.14316095390026579,0,0,1,0,-7.245928764343262,0.4107608199119568,-7.245928764343262,-7.051269054412842,202,1624,426117,4,0.7,max_min_best,10.0,0.25,6.94007627807501e-06,1.044504958207138,12001618.203245137,-11.097454423663326,-11.492432395649981,1.0,6.602012634277344,0,122,1,16
-8.398536682128906,80.34196472167969,0.2574005126953125,25.68014907836914,21.97412109375,0.0,0.3934647749887635,0,8.398536682128906,0.6801490783691406,1.97412109375,1.1124114990234375,-9.606534957885742,-3.6109843254089355,0,23.61098428799609,7.234892114563171,0.0,-0.31161093178134774,-7.894004821777344,80.32508087158203,0.26453399658203125,25.815837860107422,22.007461547851562,0.0,0.7535305554487008,0,7.894004821777344,0.8158378601074219,2.0074615478515625,1.0955276489257812,-9.246469497680664,-3.6109843254089355,0,23.61098428799609,7.234892114563171,0.0,-0.31550260237383765,-8.128326416015625,80.32313537597656,0.2880859375,26.33575439453125,22.117820739746094,0.0,0.4796885134628114,0,8.128326416015625,1.33575439453125,2.1178207397460938,1.0935821533203125,-9.52031135559082,-3.300135374069214,0,23.300135485881736,7.088671106147065,-0.012437629073164718,-0.31738501210801273,-8.374641418457031,80.3310546875,0.2406768798828125,25.54953384399414,21.952667236328125,1.0000000000002647,0.3486537963641503,0,8.374641418457031,0.5495338439941406,1.952667236328125,0.5,-9.651346206665039,-3.6109843254089355,0,23.61098428799609,7.234892114563171,0.0,-0.310792590631565,-8.501190185546875,80.31524658203125,0.27713775634765625,26.143409729003906,22.133506774902344,1.0000000000002647,0.2554958171030759,0,8.501190185546875,1.1434097290039062,2.1335067749023438,0.5,-9.74450397491455,-3.4031600952148438,0,23.403159981549987,7.0898725967760035,0.0007621140359150923,-0.31171569322876336,0,0,1,0,-9.74450397491455,0.5,-9.74450397491455,-3.6109843254089355,203,1612,426117,4,0.7,pareto_knee,10.0,0.25,8.248137230597247e-06,1.0424908852487407,11251326.006748587,-7.138006875522418,-7.003173146664356,1.0,7.894004821777344,0,123,1,16
-9.048179626464844,81.12887573242188,0.385589599609375,27.324108123779297,23.220787048339844,0.0,8.875456090896968,0,9.048179626464844,2.324108123779297,3.2207870483398438,1.5,-1.1245439052581787,1.0,0,18.319882778177604,5.466284660804765,0.0,-0.1832382441587831,-8.84912109375,81.09521484375,0.41693115234375,27.407920837402344,23.202171325683594,0.0,8.190547930753434,0,8.84912109375,2.4079208374023438,3.2021713256835938,1.5,-1.8094520568847656,1.0,0,18.319882778177604,5.466284660804765,0.0,-0.18616500212667358,-8.986824035644531,81.0488052368164,0.49961090087890625,27.13070297241211,23.235809326171875,0.0,8.38456596141786,0,8.986824035644531,2.1307029724121094,3.235809326171875,1.5,-1.6154340505599976,1.0044329166412354,0,18.52159587307011,5.392259779875019,-0.004432934112725582,-0.19047202663672097,-9.050132751464844,81.09768676757812,0.38568115234375,27.239646911621094,23.248085021972656,0.44988042337059964,8.150922546808633,0,9.050132751464844,2.2396469116210938,3.2480850219726562,1.0501195192337036,-1.8490774631500244,1.0,0,18.319882778177604,5.466284660804765,0.0,-0.18272771283262687,-9.014633178710938,81.04722595214844,0.46907806396484375,27.218677520751953,23.37651824951172,0.0,7.793178764025061,0,9.014633178710938,2.218677520751953,3.3765182495117188,1.5,-2.2068212032318115,0.9981456398963928,0,18.533885103733315,5.336837227948704,0.0018543453298861259,-0.18723805701073234,0,0,1,0,-2.2068212032318115,1.0501195192337036,-2.2068212032318115,0.9981456398963928,204,1647,426117,4,0.8,pattern_best,warm,0.0,,,,,,,8.84912109375,0,124,1,16
-9.485267639160156,80.9835205078125,0.4537811279296875,25.94696044921875,22.234214782714844,0.44988042337059964,5.4000212138353865,0,9.485267639160156,0.94696044921875,2.2342147827148438,1.0501195192337036,-4.599978923797607,1.0,0,18.92540911723602,6.125619530883376,0.0,-0.19194733199673616,-9.529899597167969,80.95724487304688,0.476837158203125,26.080867767333984,22.19806671142578,0.44988042337059964,5.358071752454804,0,9.529899597167969,1.0808677673339844,2.1980667114257812,1.0501195192337036,-4.641928195953369,1.0,0,18.92540911723602,6.125619530883376,0.0,-0.19599856343573935,-9.573249816894531,80.8985595703125,0.5600433349609375,26.517433166503906,22.170677185058594,0.0,5.107262449595465,0,9.573249816894531,1.5174331665039062,2.1706771850585938,1.5,-4.89273738861084,1.0082262754440308,0,18.653359594051967,6.028705787834999,-0.008226318829248576,-0.20139229712097345,-9.434288024902344,80.94425964355469,0.462554931640625,25.815940856933594,22.280914306640625,0.44988042337059964,5.294610671081413,0,9.434288024902344,0.8159408569335938,2.280914306640625,1.0501195192337036,-4.705389499664307,1.0,0,18.92540911723602,6.125619530883376,0.0,-0.19444229277323194,-9.432838439941406,80.90908813476562,0.5268325805664062,26.084205627441406,22.34229278564453,0.0,5.098158409091033,0,9.432838439941406,1.0842056274414062,2.3422927856445312,1.5,-4.901841640472412,0.3419637382030487,0,19.658036248294582,6.046474111893495,-0.006754066896375002,-0.20433405656151715,0,0,1,0,-4.901841640472412,0.8159408569335938,-4.901841640472412,0.3419637382030487,205,1643,426117,4,0.8,active_rl_best,warm,0.0,,,,,,,9.432838439941406,0,125,1,16
-8.715370178222656,81.04057312011719,0.267974853515625,27.016864776611328,23.20257568359375,0.44988042337059964,1.5891372459649065,0,8.715370178222656,2.016864776611328,3.20257568359375,1.0501195192337036,-8.410862922668457,-7.5769805908203125,0,27.576980498427336,6.38278129074867,0.0,-0.2306610524038295,-8.161056518554688,81.01522827148438,0.28737640380859375,27.14049530029297,23.24120330810547,0.44988042337059964,1.591857211904234,0,8.161056518554688,2.1404953002929688,3.2412033081054688,1.0501195192337036,-8.408143043518066,-7.5769805908203125,0,27.576980498427336,6.38278129074867,0.0,-0.23353513438886866,-8.427978515625,81.01139068603516,0.27630615234375,26.645652770996094,23.011093139648438,0.0,1.5455428925153905,0,8.427978515625,1.6456527709960938,3.0110931396484375,1.5,-8.45445728302002,-7.784631252288818,0,27.78463139045082,6.333163946591035,-0.007448859547608483,-0.24072653535379684,-8.584022521972656,81.00593566894531,0.27198028564453125,26.91156005859375,23.169586181640625,0.44988042337059964,1.7633161469615375,0,8.584022521972656,1.91156005859375,3.169586181640625,1.0501195192337036,-8.23668384552002,-7.5769805908203125,0,27.576980498427336,6.38278129074867,0.0,-0.23235332400475064,-8.794967651367188,80.97538757324219,0.3411407470703125,26.538421630859375,23.00804901123047,0.0,-0.9090064269928337,0,8.794967651367188,1.538421630859375,3.0080490112304688,1.5,-10.909006118774414,-8.449874877929688,0,28.449874812843188,6.357320154592755,-0.0012663135369250403,-0.23445923759215379,0,0,1,0,-10.909006118774414,1.0501195192337036,-10.909006118774414,-8.449874877929688,206,1641,426117,4,0.8,max_min_best,10.0,0.25,8.3621074803831e-06,1.039532447420209,10512946.027576998,-7.0063937668862195,-7.011355951372508,1.0,8.161056518554688,0,126,1,16
-9.262763977050781,80.86102294921875,0.3130950927734375,25.065933227539062,22.449684143066406,0.44988042337059964,-1.1657352172189175,0,9.262763977050781,0.0659332275390625,2.4496841430664062,1.0501195192337036,-11.165735244750977,-4.788209438323975,0,24.788209264374625,7.1416420101230305,0.0,-0.26426234186828607,-9.308746337890625,80.85577392578125,0.31415557861328125,25.14258575439453,22.449905395507812,0.44988042337059964,-1.1713108104181726,0,9.308746337890625,0.14258575439453125,2.4499053955078125,1.0501195192337036,-11.171310424804688,-4.788209438323975,0,24.788209264374625,7.1416420101230305,0.0,-0.26860043472882555,-9.335128784179688,80.82080841064453,0.38088226318359375,25.572425842285156,22.502159118652344,0.44988042337059964,-1.7072958201439654,0,9.335128784179688,0.5724258422851562,2.5021591186523438,1.0501195192337036,-11.707295417785645,-4.404166221618652,0,24.404166368012138,7.027246688524491,-0.006808181330845939,-0.2745781503613865,-9.207000732421875,80.8155517578125,0.3239288330078125,24.975292205810547,22.450332641601562,1.0000000000002647,-1.0162077130138891,0,9.207000732421875,-0.024707794189453125,2.4503326416015625,0.5,-11.016207695007324,-4.788209438323975,0,24.788209264374625,7.1416420101230305,0.0,-0.2632994382963325,-9.179550170898438,80.78262329101562,0.353912353515625,25.368804931640625,22.62592315673828,1.0000000000002647,-0.5585389258727783,0,9.179550170898438,0.368804931640625,2.6259231567382812,0.5,-10.558539390563965,-4.520016670227051,0,24.520016587849916,7.070074423889718,-0.011679998404944174,-0.26500256669578287,0,0,0,0,-11.707295417785645,-0.024707794189453125,-11.707295417785645,-4.788209438323975,207,1645,426117,4,0.8,pareto_knee,10.0,0.25,8.03518073482108e-06,1.0356089977014564,10463081.783854779,-9.13835711152713,-9.351879980991333,1.0,9.179550170898438,0,127,1,16
