generated_index,sample_index,k,ratio,round,local_index,mask_family,mask_hash,parent_origin,parent_source_index,quick_active_rl_floor_db,quick_high_active_rl_floor_db,active_port_score_mean,selected_for_full_refine
0,426106,2,0.5,initial,0,three_frequency_guided_swap_00,bf9edcf34b7d41f0,adversarial_multi_corner_refinement,6644,2.414550189480527,5.272692678416546,0.013848771394698504,0
1,426106,2,0.5,initial,1,three_frequency_guided_swap_01,198a16e0ec1b166a,adversarial_multi_corner_refinement,6644,2.7504058286812856,5.548400679795593,0.016872773301596724,0
2,426106,2,0.5,initial,2,three_frequency_guided_swap_02,e6b3a3668c6a2c59,adversarial_multi_corner_refinement,6644,-0.1492715341792078,1.1133431971057772,0.019304656051256586,0
3,426106,2,0.5,initial,3,three_frequency_guided_swap_03,6015483ca53d63b4,adversarial_multi_corner_refinement,6644,-2.703029291068151,-2.4208674637096013,0.02169846231111005,0
4,426106,2,0.5,initial,4,three_frequency_guided_swap_04,ae24cdd179bff490,adversarial_multi_corner_refinement,6644,-1.6281856913609989,-0.8422244067012836,0.026102204266164893,0
5,426106,2,0.5,initial,5,three_frequency_guided_swap_05,77df629cb6f0ef4f,adversarial_multi_corner_refinement,6644,-10.073058834245533,-8.585589186602919,0.030258710983067632,0
6,426106,2,0.5,initial,6,three_frequency_guided_swap_06,59591b48148b2a2c,adversarial_multi_corner_refinement,6644,-10.04391467714079,-9.62966408731319,0.03381886770874382,0
7,426106,2,0.5,initial,7,three_frequency_guided_swap_07,d6639a17a05e39d0,adversarial_multi_corner_refinement,6644,-12.184503010529689,-11.639118124167869,0.03711135060769988,0
8,426106,2,0.5,initial,8,failed_best_swap_00_1,c17c009c0c5750dc,adversarial_multi_corner_refinement,6644,5.284635437936622,5.68480262577606,0.012013757118277815,0
9,426106,2,0.5,initial,9,failed_best_swap_00_2,ba146530aecd16a5,adversarial_multi_corner_refinement,6644,3.671329434208079,3.827828364297895,0.008181152444244397,0
10,426106,2,0.5,initial,10,failed_best_swap_00_3,64ecc8fbeb335ba7,adversarial_multi_corner_refinement,6644,-5.812715767117417,-5.133094784750036,0.0077227346261660775,0
11,426106,2,0.5,initial,11,failed_best_swap_01_1,f328cbec41583a12,ratio_continuation_01,6642,-4.40392300275558,-4.3922940429349335,0.05976640912745166,0
12,426106,2,0.5,initial,12,failed_best_swap_01_2,b358d0401b33b34c,ratio_continuation_01,6642,-7.0903287631241305,-6.4659590123303525,0.05975311725855705,0
13,426106,2,0.5,initial,13,failed_best_swap_01_3,12415ccc0beadb81,ratio_continuation_01,6642,-4.288945783381483,-3.0862672855930757,0.060406916188580885,0
14,426106,2,0.5,initial,14,power_top,8656fa3d05058b76,ratio_continuation_01,6642,-33.76778030193098,-33.76778030193098,0.09693183364492095,0
15,426106,2,0.5,initial,15,parent_normalized,e8e44726e4566270,adversarial_multi_corner_refinement,6644,8.2524175113283,8.2524175113283,0.010679748907054644,1
16,426106,2,0.5,initial,16,ring_quadrant,31d66886e495c1d2,ratio_continuation_01,6642,-38.9257244074074,-33.3782442082755,0.08974580615634371,0
17,426106,2,0.5,initial,17,mirrored_pair,1e3e1fab0581df8e,ratio_continuation_01,6642,-34.599085107237954,-33.94762488405389,0.0863976581093891,0
18,426106,2,0.5,initial,18,min_spacing_150,504516938382d1b0,ratio_continuation_01,6642,-32.220489528314395,-26.52677152300576,0.08452222218747735,0
19,426106,2,0.5,initial,19,edge_density,b153fac669021340,ratio_continuation_01,6642,-34.740513041703245,-28.349168244287476,0.08853518529207222,0
20,426106,2,0.5,initial,20,center_density,f66eda09ee5c642b,ratio_continuation_01,6642,-24.978808996335104,-23.491619675117946,0.08697896962601026,0
21,426106,2,0.5,initial,21,checker_balance,ebfefbd08c6a8174,ratio_continuation_01,6642,-34.9228166240121,-31.06124669740927,0.011409122649151119,0
22,426106,2,0.5,initial,22,hard_positive_swap_00,0e8f0a8f7dfd40a6,adversarial_multi_corner_refinement,6644,0.949074113998732,1.4631071939806393,0.010313186085465657,0
23,426106,2,0.5,initial,23,hard_positive_neighbor_01,c20d616a7f87f2d5,ratio_continuation_01,6642,-35.66734527036574,-25.139794643713927,0.056812959003410705,0
24,426106,2,0.5,alternating,0,three_frequency_guided_swap_00,ac7c6ee99b6b24df,best_initial_refined,24,4.195650649307472,7.456305345429764,-0.0019520092718455083,0
25,426106,2,0.5,alternating,1,three_frequency_guided_swap_01,5d3abf109ff469cc,best_initial_refined,24,4.514406097861748,5.398437267580939,0.001171371219364007,1
26,426106,2,0.5,alternating,2,three_frequency_guided_swap_02,e4b6547b02f18d97,best_initial_refined,24,-4.787086013185543,-3.841770839751285,0.0036705367987404872,0
27,426106,2,0.5,alternating,3,three_frequency_guided_swap_03,b97584ca18069019,best_initial_refined,24,-5.341290372067489,-4.522013713501221,0.006138063422231761,0
28,426106,2,0.5,alternating,4,three_frequency_guided_swap_04,4ade2119e0a7a13c,best_initial_refined,24,-16.497392191045815,-14.924623274058948,0.010699317317331918,0
29,426106,2,0.5,alternating,5,three_frequency_guided_swap_05,3ae900a6230fe4fd,best_initial_refined,24,-15.421278977689862,-13.73732595909084,0.015079556976880858,0
30,426106,2,0.5,alternating,6,three_frequency_guided_swap_06,84f6e86e71514181,best_initial_refined,24,-16.521362197220725,-12.519312236214642,0.01887906844044695,0
31,426106,2,0.5,alternating,7,three_frequency_guided_swap_07,16942c8232077055,best_initial_refined,24,-16.21224548478895,-11.660705476003324,0.022424533925792495,0
32,426106,2,0.6,initial,0,three_frequency_guided_swap_00,5c04de6c0c9a4171,adversarial_multi_corner_refinement,6618,3.2726772059192806,3.904827476024652,0.009713710752691028,0
33,426106,2,0.6,initial,1,three_frequency_guided_swap_01,bf4165f9c10e214b,adversarial_multi_corner_refinement,6618,3.4516424379809045,3.4516424379809045,0.011513355805040563,0
34,426106,2,0.6,initial,2,three_frequency_guided_swap_02,37e7bf538cd2bc9b,adversarial_multi_corner_refinement,6618,0.7086948022700333,0.7692906656618221,0.013118674388812777,0
35,426106,2,0.6,initial,3,three_frequency_guided_swap_03,9533bdbe3eeab52a,adversarial_multi_corner_refinement,6618,-0.05301523329902416,-0.05301523329902416,0.014647003402134155,0
36,426106,2,0.6,initial,4,three_frequency_guided_swap_04,16c624f87eefaa8a,adversarial_multi_corner_refinement,6618,-1.1482302159195465,-0.9753521611517566,0.01710856401497849,0
37,426106,2,0.6,initial,5,three_frequency_guided_swap_05,f52104862502a6e7,adversarial_multi_corner_refinement,6618,-14.612701754545647,-14.020723907640749,0.019274077969933908,0
38,426106,2,0.6,initial,6,three_frequency_guided_swap_06,94715d9644a4f1b8,adversarial_multi_corner_refinement,6618,-23.212655637930162,-23.212655637930162,0.021181329895247104,0
39,426106,2,0.6,initial,7,three_frequency_guided_swap_07,20ba19ed6df8280f,adversarial_multi_corner_refinement,6618,-15.130036353095004,-14.7345612506934,0.023018295379259087,0
40,426106,2,0.6,initial,8,failed_best_swap_00_1,086d51b651d7931b,adversarial_multi_corner_refinement,6618,-3.791282023357838,-3.4500476143284664,0.00781639060276795,0
41,426106,2,0.6,initial,9,failed_best_swap_00_2,042ca7d06158394b,adversarial_multi_corner_refinement,6618,0.9729248008408665,1.7582806349788602,0.0077073870902959665,0
42,426106,2,0.6,initial,10,failed_best_swap_00_3,6ab8775d94f207c8,adversarial_multi_corner_refinement,6618,-3.3347868551751625,-2.8257101597397396,0.008306882297131689,0
43,426106,2,0.6,initial,11,failed_best_swap_01_1,8747bc5734f680e3,ratio_continuation_03,6614,-2.382535138511559,-1.7248947434431097,0.024983832409639122,0
44,426106,2,0.6,initial,12,failed_best_swap_01_2,3dcf053ee9c36707,ratio_continuation_03,6614,6.391400056057851,6.391400056057851,0.02421873374570748,1
45,426106,2,0.6,initial,13,failed_best_swap_01_3,23b7692e54753d11,ratio_continuation_03,6614,-24.437382826667292,-24.437382826667292,0.023949959341343703,0
46,426106,2,0.6,initial,14,power_top,63cc92641e6572c1,ratio_continuation_03,6614,-32.868006243800394,-32.868006243800394,0.0543309685581493,0
47,426106,2,0.6,initial,15,parent_normalized,d8421abd12ef25b0,adversarial_multi_corner_refinement,6618,5.402747992994884,7.6285890500002465,0.007805107414658515,0
48,426106,2,0.6,initial,16,ring_quadrant,84252dfd9efc0498,ratio_continuation_03,6614,-33.040788503120346,-33.040788503120346,0.04973626493817488,0
49,426106,2,0.6,initial,17,mirrored_pair,d897ac2ea72b249a,ratio_continuation_03,6614,-31.843874020283,-31.843874020283,0.04554527741855622,0
50,426106,2,0.6,initial,18,min_spacing_150,bdd17f6f7aaa07c5,ratio_continuation_03,6614,-35.0557363781959,-34.78870140923814,0.04310724201873877,0
51,426106,2,0.6,initial,19,edge_density,d3fa1466601421fd,ratio_continuation_03,6614,-35.08607081255925,-34.76183805946279,0.044099995451755344,0
52,426106,2,0.6,initial,20,center_density,b9bbe3f3a76ee331,ratio_continuation_03,6614,-36.71717771772439,-31.878601877650468,0.04518397853121521,0
53,426106,2,0.6,initial,21,checker_balance,22270f364d741136,ratio_continuation_03,6614,-28.1499708258724,-27.54386751286001,0.02102022286995218,0
54,426106,2,0.6,initial,22,hard_positive_neighbor_00,a53abe5526fd7a23,adversarial_multi_corner_refinement,6618,-27.675881893186066,-23.685923881074746,0.023454348802620956,0
55,426106,2,0.6,initial,23,hard_positive_swap_00,77d4d87214c16f08,adversarial_multi_corner_refinement,6618,-27.254461535894464,-23.3133652964675,0.023469136909547002,0
56,426106,2,0.6,alternating,0,three_frequency_guided_swap_00,00f970333e6a388a,best_initial_refined,34,1.668432042804657,1.668432042804657,-0.014524859332628844,1
57,426106,2,0.6,alternating,1,three_frequency_guided_swap_01,9cca28eb42f2eb39,best_initial_refined,34,-0.6645711994936542,-0.5213403381975215,-0.011634107366642787,0
58,426106,2,0.6,alternating,2,three_frequency_guided_swap_02,603c754e2dc73334,best_initial_refined,34,-6.222409681310641,-5.556590417448381,-0.009689656183699224,0
59,426106,2,0.6,alternating,3,three_frequency_guided_swap_03,a594b2f420b4405f,best_initial_refined,34,-6.198834708057543,-5.555199506486115,-0.007755921319520322,0
60,426106,2,0.6,alternating,4,three_frequency_guided_swap_04,4456ec8496857771,best_initial_refined,34,-8.211263840274661,-6.615128593116651,-0.004231224727004341,0
61,426106,2,0.6,alternating,5,three_frequency_guided_swap_05,094a5b374461b844,best_initial_refined,34,-9.866226478897492,-8.45797116831242,-0.0012028237979904192,0
62,426106,2,0.6,alternating,6,three_frequency_guided_swap_06,f2a2d8bb16bc3f46,best_initial_refined,34,-10.033091843916132,-8.567572822509614,0.001682349521660858,0
63,426106,2,0.6,alternating,7,three_frequency_guided_swap_07,e66331288f99d10d,best_initial_refined,34,-19.72850656282305,-19.72850656282305,0.004494442272291821,0
64,426106,2,0.7,initial,0,three_frequency_guided_swap_00,74629f5586b01950,adversarial_multi_corner_refinement,6578,5.7528090595519075,5.7528090595519075,-0.0181971020001494,0
65,426106,2,0.7,initial,1,three_frequency_guided_swap_01,72c16d3bec5e689c,adversarial_multi_corner_refinement,6578,3.633930571283577,3.633930571283577,-0.016526904696676795,0
66,426106,2,0.7,initial,2,three_frequency_guided_swap_02,9c7350e8d5ec18ec,adversarial_multi_corner_refinement,6578,3.9879763375444313,3.9879763375444313,-0.014930459388861167,0
67,426106,2,0.7,initial,3,three_frequency_guided_swap_03,14e4a889926d41ed,adversarial_multi_corner_refinement,6578,-0.9773779818849321,0.06628391884682085,-0.013469734687735789,0
68,426106,2,0.7,initial,4,three_frequency_guided_swap_04,d994a60a901e834b,adversarial_multi_corner_refinement,6578,-1.1552704285055069,-0.23066555227491797,-0.010624334109641365,0
69,426106,2,0.7,initial,5,three_frequency_guided_swap_05,e4f5427b8b1c2e11,adversarial_multi_corner_refinement,6578,-0.2030691384000919,0.9315770473614639,-0.007921452500512792,0
70,426106,2,0.7,initial,6,three_frequency_guided_swap_06,5cc2edcafa1aea31,adversarial_multi_corner_refinement,6578,-0.21414163248861423,0.9633613641358102,-0.005349914170570064,0
71,426106,2,0.7,initial,7,three_frequency_guided_swap_07,a2fad585889fb2a9,adversarial_multi_corner_refinement,6578,-30.821124081349854,-19.733380064826832,-0.0029419994018778884,0
72,426106,2,0.7,initial,8,failed_best_swap_00_1,e20f4f4e41ba5d54,adversarial_multi_corner_refinement,6578,2.4592308184005693,4.198476406965689,-0.020083907559832487,0
73,426106,2,0.7,initial,9,failed_best_swap_00_2,7c015a00a82b27ce,adversarial_multi_corner_refinement,6578,1.9969889735828392,5.3147220053489335,-0.02120333592600128,0
74,426106,2,0.7,initial,10,failed_best_swap_00_3,2ae9916b27dac37d,adversarial_multi_corner_refinement,6578,-5.314166189119556,-4.918050436715939,-0.018361633776579362,0
75,426106,2,0.7,initial,11,failed_best_swap_01_1,b05a29efe4972d64,ring_quadrant,6562,-6.90276887024119,-6.867021312772794,0.008265143860052006,0
76,426106,2,0.7,initial,12,failed_best_swap_01_2,c33578fc61812cfb,ring_quadrant,6562,-2.9983103068229644,-2.9983103068229644,0.009949226072672727,0
77,426106,2,0.7,initial,13,failed_best_swap_01_3,28d3b4f9a59561f7,ring_quadrant,6562,-13.620020795611477,-13.308791405008968,0.006856292519435476,0
78,426106,2,0.7,initial,14,power_top,c5c66fce4f37ef91,ring_quadrant,6562,-17.461664698736435,-16.110174973769503,0.028555633392127446,0
79,426106,2,0.7,initial,15,parent_normalized,01417de65958c596,adversarial_multi_corner_refinement,6578,8.380255951520915,8.67887848701877,-0.020586364693997102,1
80,426106,2,0.7,initial,16,ring_quadrant,0e3a404dc23fce16,ring_quadrant,6562,-16.801667676933196,-15.341839045230616,0.02539399538140615,0
81,426106,2,0.7,initial,17,mirrored_pair,cd06fbc60dc74b86,ring_quadrant,6562,-24.156903470571933,-24.102744544817654,0.024313173647400238,0
82,426106,2,0.7,initial,18,min_spacing_150,26d1809cad8c0b5c,ring_quadrant,6562,-34.0929201163431,-26.14995491294405,0.021974770341454605,0
83,426106,2,0.7,initial,19,edge_density,0f3a62e3386caa34,ring_quadrant,6562,-33.822113960858296,-25.84891190242078,0.023334970226507323,0
84,426106,2,0.7,initial,20,center_density,cecf3c807e322062,ring_quadrant,6562,-13.810302298565684,-13.810302298565684,0.021087823054193763,0
85,426106,2,0.7,initial,21,checker_balance,aed6c625959ac496,ring_quadrant,6562,-22.183910053678705,-20.458934772411407,0.0061232820209677075,0
86,426106,2,0.7,initial,22,hard_positive_neighbor_00,5890201a995778ba,adversarial_multi_corner_refinement,6578,-12.762747858831531,-10.141390588817302,-0.02619954171383487,0
87,426106,2,0.7,initial,23,hard_positive_swap_00,bbf887c491b69e65,adversarial_multi_corner_refinement,6578,-12.826260674608838,-10.616497080731476,-0.028609078188812778,0
88,426106,2,0.7,alternating,0,three_frequency_guided_swap_00,35bca9f801a24a57,best_initial_refined,44,1.6903250533214709,1.6903250533214709,-0.03020422776833262,0
89,426106,2,0.7,alternating,1,three_frequency_guided_swap_01,8c1316b36a659798,best_initial_refined,44,1.6683960573841188,1.6683960573841188,-0.028538048099936944,0
90,426106,2,0.7,alternating,2,three_frequency_guided_swap_02,db7f4a1c32f869ef,best_initial_refined,44,1.6990864941366177,1.6990864941366177,-0.02699199260204119,1
91,426106,2,0.7,alternating,3,three_frequency_guided_swap_03,ef049a445a635724,best_initial_refined,44,-2.6007698660122855,-2.4041471810584953,-0.024003818853361582,0
92,426106,2,0.7,alternating,4,three_frequency_guided_swap_04,cdfc9c5490067e1e,best_initial_refined,44,-29.95362762953533,-15.825064981976862,-0.015946368019582494,0
93,426106,2,0.7,alternating,5,three_frequency_guided_swap_05,a7b8e5b8ee1cc45c,best_initial_refined,44,1.687044787622698,1.687044787622698,-0.03265196223353569,0
94,426106,2,0.7,alternating,6,three_frequency_guided_swap_06,2b83d5e6ffac85d4,best_initial_refined,44,1.6651488789569437,1.6651488789569437,-0.030985782565140008,0
95,426106,2,0.7,alternating,7,three_frequency_guided_swap_07,1c862daf6c025bf5,best_initial_refined,44,1.6958664460595432,1.6958664460595432,-0.029439727067244268,0
96,426106,2,0.8,initial,0,three_frequency_guided_swap_00,6b4db8af8a6300f9,adversarial_multi_corner_refinement,6529,-0.5752606463013141,-0.5667502295505151,-0.04599900421496846,0
97,426106,2,0.8,initial,1,three_frequency_guided_swap_01,fd102bb318515868,adversarial_multi_corner_refinement,6529,-0.5401649111252402,-0.5325216103500828,-0.04284744716447838,0
98,426106,2,0.8,initial,2,three_frequency_guided_swap_02,a221f351b353d9d1,adversarial_multi_corner_refinement,6529,-0.5338654503166206,-0.5269797423437595,-0.03973238885154141,0
99,426106,2,0.8,initial,3,three_frequency_guided_swap_03,c2a5fad35f1732d7,adversarial_multi_corner_refinement,6529,-0.5900174451257644,-0.5854863777752322,-0.03683669223031206,0
100,426106,2,0.8,initial,4,three_frequency_guided_swap_04,02273fa999536964,adversarial_multi_corner_refinement,6529,-0.9144145891830822,-0.8660821926316893,-0.031488143799857995,0
101,426106,2,0.8,initial,5,three_frequency_guided_swap_05,1f3ece0aacb659b6,adversarial_multi_corner_refinement,6529,-10.950880181332728,-10.310621299687268,-0.026557060810231226,0
102,426106,2,0.8,initial,6,three_frequency_guided_swap_06,dfba8d6a6318115b,adversarial_multi_corner_refinement,6529,-9.961903702033574,-9.668961321690972,-0.023626177613726054,0
103,426106,2,0.8,initial,7,three_frequency_guided_swap_07,5511cdecb766b117,adversarial_multi_corner_refinement,6529,-11.566455042446837,-10.862185339048429,-0.02098059438796525,0
104,426106,2,0.8,initial,8,failed_best_swap_00_1,9ac1a6286a832cb5,adversarial_multi_corner_refinement,6529,-2.9579033973772835,-2.9579033973772835,-0.048419543486929305,0
105,426106,2,0.8,initial,9,failed_best_swap_00_2,ac7a8207b2b46226,adversarial_multi_corner_refinement,6529,-8.425389248409063,-7.1434884188236225,-0.04781401230801214,0
106,426106,2,0.8,initial,10,failed_best_swap_00_3,e8edaa4b79c741cb,adversarial_multi_corner_refinement,6529,-5.702253314132889,-4.9534892635098355,-0.049633413383285314,0
107,426106,2,0.8,initial,11,failed_best_swap_01_1,9108970d67aed5eb,center_density,6534,-1.7768714481649068,-1.7768714481649068,0.0034394701734647205,0
108,426106,2,0.8,initial,12,failed_best_swap_01_2,869dc98e6474f620,center_density,6534,-3.747441989113582,-3.6009007054428803,0.00505287368408703,0
109,426106,2,0.8,initial,13,failed_best_swap_01_3,d33ecbc2f40d0bee,center_density,6534,-34.62194577960454,-14.503222261365211,0.0036167467184126047,0
110,426106,2,0.8,initial,14,power_top,33ef4b0b700bd864,center_density,6534,-27.93660982239652,-19.924343537123676,0.010747171095744995,0
111,426106,2,0.8,initial,15,parent_normalized,95201fd9cb257857,adversarial_multi_corner_refinement,6529,5.655448077634672,6.4105822615103065,-0.04956383263842027,1
112,426106,2,0.8,initial,16,ring_quadrant,65793fc3b3b2a946,center_density,6534,-36.53255148059059,-17.782043625560096,0.010035264315255142,0
113,426106,2,0.8,initial,17,mirrored_pair,ba48391dc92bf7d0,center_density,6534,-31.73197219766128,-30.01972737895037,0.0069395161349513615,0
114,426106,2,0.8,initial,18,min_spacing_150,b90f6e35174ed2fb,center_density,6534,-41.174823577324624,-29.47390162599159,-0.0006538774864826744,0
115,426106,2,0.8,initial,19,edge_density,8cec191bf6a605a6,center_density,6534,-44.66200891978894,-29.182039533538475,0.002155081114676898,0
116,426106,2,0.8,initial,20,center_density,373882e1e1fed464,center_density,6534,-29.394622746802636,-21.658773949349445,0.008461352914844731,0
117,426106,2,0.8,initial,21,checker_balance,48a112f027c1959e,center_density,6534,-42.64026258677218,-27.24325735314104,-0.0008830005603862296,0
118,426106,2,0.8,initial,22,hard_positive_neighbor_00,92cd0e1df36d65bd,adversarial_multi_corner_refinement,6529,-21.32535332075976,-17.729556220029835,-0.024218947887844035,0
119,426106,2,0.8,initial,23,hard_positive_swap_00,92e8a93b668a7682,adversarial_multi_corner_refinement,6529,-21.24450279537797,-17.34156963755277,-0.0241796176087674,0
120,426106,2,0.8,alternating,0,three_frequency_guided_swap_00,8a50fdeeb65e88cc,best_initial_refined,54,1.4546282092052043,1.8848044330959235,-0.055659331512799386,0
121,426106,2,0.8,alternating,1,three_frequency_guided_swap_01,83cd81fe697c85a2,best_initial_refined,54,0.2762822988122028,0.7165148789382326,-0.052467809758038476,0
122,426106,2,0.8,alternating,2,three_frequency_guided_swap_02,3e832b1711cfe0ca,best_initial_refined,54,-0.7993130152323447,-0.08665891537939564,-0.049514575654804834,0
123,426106,2,0.8,alternating,3,three_frequency_guided_swap_03,79e32b7a86da8e5f,best_initial_refined,54,-8.732292781085762,-7.936587604456044,-0.03906187033709128,0
124,426106,2,0.8,alternating,4,three_frequency_guided_swap_04,2cecf587b25439b5,best_initial_refined,54,-12.402192730899465,-11.621019079602599,-0.035958424048010834,0
125,426106,2,0.8,alternating,5,three_frequency_guided_swap_05,bbb5890510b5ecae,best_initial_refined,54,-12.387607578322514,-11.631401432077453,-0.03310282451773685,0
126,426106,2,0.8,alternating,6,three_frequency_guided_swap_06,9e646d87f6be0196,best_initial_refined,54,4.998961082034141,5.479516959880783,-0.0592881791057492,1
127,426106,2,0.8,alternating,7,three_frequency_guided_swap_07,a004730127145fe1,best_initial_refined,54,4.911453490248177,5.338112745645925,-0.05609665735098829,0
128,426104,2,0.5,initial,0,three_frequency_guided_swap_00,e9e070d4e8ecf928,adversarial_multi_corner_refinement,6388,4.489325102869706,4.740244090197162,0.0068173001938048455,0
129,426104,2,0.5,initial,1,three_frequency_guided_swap_01,2bdcd8694f3a29ed,adversarial_multi_corner_refinement,6388,4.66643128964251,4.9178450790571056,0.01058862512741825,0
130,426104,2,0.5,initial,2,three_frequency_guided_swap_02,e494002f1edac960,adversarial_multi_corner_refinement,6388,4.59761063090623,4.8472785536483105,0.014182258127045102,0
131,426104,2,0.5,initial,3,three_frequency_guided_swap_03,3d6084dc78652200,adversarial_multi_corner_refinement,6388,-33.55198753743552,-30.3838256601,0.017546464571858527,0
132,426104,2,0.5,initial,4,three_frequency_guided_swap_04,ccb78671382db180,adversarial_multi_corner_refinement,6388,-33.44232474935688,-30.311661714530153,0.023655510901674073,0
133,426104,2,0.5,initial,5,three_frequency_guided_swap_05,a07e688ca37173f8,adversarial_multi_corner_refinement,6388,-33.35207070399612,-30.43322760983653,0.02833682568519339,0
134,426104,2,0.5,initial,6,three_frequency_guided_swap_06,90fee770d4cbfb11,adversarial_multi_corner_refinement,6388,-31.569938549660655,-28.713611655920047,0.032180457094367856,0
135,426104,2,0.5,initial,7,three_frequency_guided_swap_07,95253475ea0f4d7a,adversarial_multi_corner_refinement,6388,-30.133566168033813,-27.24262796340451,0.035918700014925885,0
136,426104,2,0.5,initial,8,failed_best_swap_00_1,ff39171868a0dde5,adversarial_multi_corner_refinement,6388,-2.3844300902320166,-2.3844300902320166,-0.0013868379306460688,0
137,426104,2,0.5,initial,9,failed_best_swap_00_2,c7858166ed3e9ae6,adversarial_multi_corner_refinement,6388,-2.9836720640882177,-2.9836720640882177,8.004693492936414e-05,0
138,426104,2,0.5,initial,10,failed_best_swap_00_3,b6058d23fc6aa947,adversarial_multi_corner_refinement,6388,-20.125976325888296,-19.353573094167547,0.0034418185957042166,0
139,426104,2,0.5,initial,11,failed_best_swap_01_1,76b535758910cddc,local_swap_01,6393,-1.121267685682286,0.5533360014119815,0.050918072112481394,0
140,426104,2,0.5,initial,12,failed_best_swap_01_2,92362a2997437583,local_swap_01,6393,5.225233095970392,5.225233095970392,0.050028442380156385,0
141,426104,2,0.5,initial,13,failed_best_swap_01_3,b73517c0035006c0,local_swap_01,6393,-4.135121866541909,-3.885512260642659,0.04751172249734219,0
142,426104,2,0.5,initial,14,power_top,38dc9e50fc2c8bbc,local_swap_01,6393,-28.405434818863103,-28.405434818863103,0.08712117990474891,0
143,426104,2,0.5,initial,15,parent_normalized,3a3d58d62995bf7c,adversarial_multi_corner_refinement,6388,7.042259580077246,7.042259580077246,0.0012862087101314693,1
144,426104,2,0.5,initial,16,ring_quadrant,44a3a3a3e7cd78dd,local_swap_01,6393,-30.417313183616482,-30.417313183616482,0.0838216611251118,0
145,426104,2,0.5,initial,17,mirrored_pair,af776269252d4309,local_swap_01,6393,-39.128501957912505,-35.292246844596484,0.07618729531492957,0
146,426104,2,0.5,initial,18,spread_030,7350a7e6c9cf335b,local_swap_01,6393,-29.491092186183128,-28.462286307713697,0.08711429750509228,0
147,426104,2,0.5,initial,19,min_spacing_150,0b353302e7120504,local_swap_01,6393,-37.73967243228267,-34.79187422144435,0.06732550883970446,0
148,426104,2,0.5,initial,20,edge_density,9c518241b52d5c5d,local_swap_01,6393,-40.41284020003175,-37.82135890345681,0.07079373116109353,0
149,426104,2,0.5,initial,21,center_density,4dbddc13cca76635,local_swap_01,6393,-37.63477790133528,-33.10625054143271,0.07259635955195129,0
150,426104,2,0.5,initial,22,checker_balance,ebfefbd08c6a8174,local_swap_01,6393,-41.33299437106245,-36.657170467773625,0.0310967831226868,0
151,426104,2,0.5,initial,23,hard_positive_neighbor_00,e8e44726e4566270,local_swap_01,6393,-26.078478734007465,-24.61784177801633,0.04387319773160928,0
152,426104,2,0.5,alternating,0,three_frequency_guided_swap_00,5421833814209f43,best_initial_refined,64,3.5303835047281824,5.0741824606698005,-0.0033090342894210737,1
153,426104,2,0.5,alternating,1,three_frequency_guided_swap_01,cc56ea388f62c053,best_initial_refined,64,3.5284416570404753,5.044607597441736,0.0003950178431671213,0
154,426104,2,0.5,alternating,2,three_frequency_guided_swap_02,218fa052747f31dc,best_initial_refined,64,-19.609648121346908,-18.052704779582598,0.0038392014378271673,0
155,426104,2,0.5,alternating,3,three_frequency_guided_swap_03,0f554115516571d0,best_initial_refined,64,-20.2337256865515,-18.842454323246706,0.010223035323507818,0
156,426104,2,0.5,alternating,4,three_frequency_guided_swap_04,161961253f95e639,best_initial_refined,64,-31.396973125696945,-31.396973125696945,0.015137720377476026,0
157,426104,2,0.5,alternating,5,three_frequency_guided_swap_05,a89bc1d90a8eca77,best_initial_refined,64,-31.59043490983557,-31.59043490983557,0.01926967517504308,0
158,426104,2,0.5,alternating,6,three_frequency_guided_swap_06,e50be3530eb13f64,best_initial_refined,64,-31.156015723920323,-31.156015723920323,0.0232501594850185,0
159,426104,2,0.5,alternating,7,three_frequency_guided_swap_07,e53028c191acfecc,best_initial_refined,64,3.2800546565316004,4.776064809934494,-0.008941321363028554,0
160,426104,2,0.6,initial,0,three_frequency_guided_swap_00,2ba3eb1b2b21bfcf,ratio_continuation_01,6354,3.0023895689428217,3.0023895689428217,-0.005737582123470476,0
161,426104,2,0.6,initial,1,three_frequency_guided_swap_01,73041acf0803a385,ratio_continuation_01,6354,3.045397419210442,3.045397419210442,-0.0026718311699938913,0
162,426104,2,0.6,initial,2,three_frequency_guided_swap_02,219b3d38a5045fb0,ratio_continuation_01,6354,-33.66597847534965,-28.859158639151868,0.00017662735746673053,0
163,426104,2,0.6,initial,3,three_frequency_guided_swap_03,2dc9ef0cda8e1368,ratio_continuation_01,6354,-33.458737342951956,-28.87877666048668,0.002926331305893141,0
164,426104,2,0.6,initial,4,three_frequency_guided_swap_04,81d0fa488d0ff459,ratio_continuation_01,6354,-31.827779298609965,-29.276099549990168,0.007956037050863477,0
165,426104,2,0.6,initial,5,three_frequency_guided_swap_05,682cb28355024ff2,ratio_continuation_01,6354,-31.14733242574917,-29.292322247255104,0.01242687273972314,0
166,426104,2,0.6,initial,6,three_frequency_guided_swap_06,5beac09812df9289,ratio_continuation_01,6354,-30.54430343443594,-28.28511805416975,0.01580896221277222,0
167,426104,2,0.6,initial,7,three_frequency_guided_swap_07,75b7373d82a79557,ratio_continuation_01,6354,-30.509659288503688,-28.112432758348014,0.019061976127448733,0
168,426104,2,0.6,initial,8,failed_best_swap_00_1,e9dc893695c7707a,ratio_continuation_01,6354,-5.024896058229279,-5.024896058229279,-0.008194444465944447,0
169,426104,2,0.6,initial,9,failed_best_swap_00_2,63dac926d42825c0,ratio_continuation_01,6354,-14.122552540207119,-13.041950706306906,-0.009065196117191341,0
170,426104,2,0.6,initial,10,failed_best_swap_00_3,9218afaa21b65e02,ratio_continuation_01,6354,-11.322447404102952,-10.54213353564965,-0.00832850834104003,0
171,426104,2,0.6,initial,11,failed_best_swap_01_1,aefd3ddfe3052764,hard_positive_swap_01,6347,-4.885652409162995,-4.332582021425302,0.032693304814908196,0
172,426104,2,0.6,initial,12,failed_best_swap_01_2,26c7316c73ff018a,hard_positive_swap_01,6347,1.0901771090342454,1.0901771090342454,0.03185525332328155,0
173,426104,2,0.6,initial,13,failed_best_swap_01_3,14444c701cc1871f,hard_positive_swap_01,6347,-5.825479346577281,-2.9190373862268633,0.031781791631688344,0
174,426104,2,0.6,initial,14,power_top,197780543f17bd8f,hard_positive_swap_01,6347,-42.95128981930268,-35.1986269080066,0.062192591994211524,0
175,426104,2,0.6,initial,15,parent_normalized,681a90e36c635290,ratio_continuation_01,6354,5.4602338962999495,5.500408927555633,-0.009015010658750953,1
176,426104,2,0.6,initial,16,ring_quadrant,feec5c30c148c0b8,hard_positive_swap_01,6347,-52.352639510070006,-25.009250160394217,0.060454555985239695,0
177,426104,2,0.6,initial,17,mirrored_pair,e3016c19e0f4cd8a,hard_positive_swap_01,6347,-59.94816578866359,-33.233864597328456,0.052210590484917344,0
178,426104,2,0.6,initial,18,spread_090,b91901a4cab7e45a,hard_positive_swap_01,6347,-42.91677747991416,-35.1857041947878,0.06218555913342257,0
179,426104,2,0.6,initial,19,min_spacing_150,e3d968af154845d6,hard_positive_swap_01,6347,-27.840368820172902,-24.010373957977144,0.051287664764984614,0
180,426104,2,0.6,initial,20,edge_density,db2e16459d9d0351,hard_positive_swap_01,6347,-32.09210557893135,-32.09210557893135,0.05341496926779351,0
181,426104,2,0.6,initial,21,center_density,d68fd27d49d55a9c,hard_positive_swap_01,6347,-42.024157611377404,-27.973916080355934,0.05415906458363644,0
182,426104,2,0.6,initial,22,checker_balance,6e82a8bb3662d36c,hard_positive_swap_01,6347,-41.156681466769726,-26.13484455388334,0.03150567184128721,0
183,426104,2,0.6,initial,23,hard_positive_neighbor_00,a53abe5526fd7a23,hard_positive_swap_01,6347,-26.57435444955679,-25.574600548543522,0.02576444453177221,0
184,426104,2,0.6,alternating,0,three_frequency_guided_swap_00,87eaae09a9355c37,best_initial_refined,74,2.563905416674599,6.720787229414435,-0.02369372264198865,0
185,426104,2,0.6,alternating,1,three_frequency_guided_swap_01,897c7240edfe8e23,best_initial_refined,74,2.6781891608668094,5.636885362564913,-0.02049697747592631,1
186,426104,2,0.6,alternating,2,three_frequency_guided_swap_02,932f0b1377b273a8,best_initial_refined,74,-29.192723946284502,-28.175934745410956,-0.017581954751186905,0
187,426104,2,0.6,alternating,3,three_frequency_guided_swap_03,c5cfe1563b6ada37,best_initial_refined,74,-28.427753679734256,-27.80899394653451,-0.014774473342506197,0
188,426104,2,0.6,alternating,4,three_frequency_guided_swap_04,de93b85437a22bac,best_initial_refined,74,-28.193378785391168,-27.300353329334136,-0.00957788628006891,0
189,426104,2,0.6,alternating,5,three_frequency_guided_swap_05,d21b146848b4469e,best_initial_refined,74,-33.362553142918195,-33.362553142918195,-0.0048787705685163,0
190,426104,2,0.6,alternating,6,three_frequency_guided_swap_06,2ce4c21a26f85a04,best_initial_refined,74,-33.96246894125709,-33.31032177531106,-0.0012639035330627678,0
191,426104,2,0.6,alternating,7,three_frequency_guided_swap_07,0b5aded75b89d72e,best_initial_refined,74,-33.89609493072649,-33.570895060106146,0.002295781619489035,0
192,426104,2,0.7,initial,0,three_frequency_guided_swap_00,da8df21272916be3,adversarial_multi_corner_refinement,6305,1.04423603671602,5.023514830465273,-0.04231201576422537,0
193,426104,2,0.7,initial,1,three_frequency_guided_swap_01,55bbfa47dc07de3e,adversarial_multi_corner_refinement,6305,0.986480121493236,3.7891295119429875,-0.039003707075972005,0
194,426104,2,0.7,initial,2,three_frequency_guided_swap_02,9d4f739f0349cce2,adversarial_multi_corner_refinement,6305,-6.189518642351551,-4.6297043240167675,-0.035853115374188116,0
195,426104,2,0.7,initial,3,three_frequency_guided_swap_03,d57f567736c214e5,adversarial_multi_corner_refinement,6305,-30.727921124434015,-30.727921124434015,-0.03284069504005181,0
196,426104,2,0.7,initial,4,three_frequency_guided_swap_04,31f91803fe3a9cf7,adversarial_multi_corner_refinement,6305,-30.14024150720291,-30.14024150720291,-0.02718149354988602,0
197,426104,2,0.7,initial,5,three_frequency_guided_swap_05,2403a4ffcd773528,adversarial_multi_corner_refinement,6305,-30.823495051240467,-30.823495051240467,-0.022059560046065272,0
198,426104,2,0.7,initial,6,three_frequency_guided_swap_06,79f39c2d36f94ceb,adversarial_multi_corner_refinement,6305,-30.77513617350928,-30.77513617350928,-0.017664892520098112,0
199,426104,2,0.7,initial,7,three_frequency_guided_swap_07,4de7d3771a6911e0,adversarial_multi_corner_refinement,6305,-30.847695908944466,-30.847695908944466,-0.01375302370869919,0
200,426104,2,0.7,initial,8,failed_best_swap_00_1,9afc7168ca60770d,adversarial_multi_corner_refinement,6305,-1.5260591033598305,-1.4279516253114257,-0.045058235370722566,0
201,426104,2,0.7,initial,9,failed_best_swap_00_2,a11c2abd9fbc842d,adversarial_multi_corner_refinement,6305,-4.172204643393991,-4.172204643393991,-0.044126630332901394,0
202,426104,2,0.7,initial,10,failed_best_swap_00_3,70c2a7d669d5d5e6,adversarial_multi_corner_refinement,6305,-2.8832822196013193,-1.6963201113587623,-0.045520084277729266,0
203,426104,2,0.7,initial,11,failed_best_swap_01_1,5d13cf72591c0182,hard_positive_swap_02,6317,-2.441852137650408,-2.441852137650408,-0.0006564096192119476,0
204,426104,2,0.7,initial,12,failed_best_swap_01_2,f1d64698b83bc974,hard_positive_swap_02,6317,-14.551259794096902,-12.823830682114796,-0.0029549666076765808,0
205,426104,2,0.7,initial,13,failed_best_swap_01_3,448d81f48b75bb47,hard_positive_swap_02,6317,-13.62869657044228,-13.62869657044228,0.0001595134200822815,0
206,426104,2,0.7,initial,14,power_top,58a49533f3ccb55c,hard_positive_swap_02,6317,-32.03387001195959,-32.03387001195959,0.04696195608522741,0
207,426104,2,0.7,initial,15,parent_normalized,4cefacb42bc11a25,adversarial_multi_corner_refinement,6305,6.062222208521312,6.616007350368731,-0.04613154368497583,1
208,426104,2,0.7,initial,16,ring_quadrant,b40f810943afac5a,hard_positive_swap_02,6317,-38.5459861812236,-36.59186674863897,0.045824592132814604,0
209,426104,2,0.7,initial,17,mirrored_pair,baf38bb1861709c8,hard_positive_swap_02,6317,-35.640508291874724,-33.76898202314683,0.03883577620125752,0
210,426104,2,0.7,initial,18,min_spacing_150,bcbdf8579641e461,hard_positive_swap_02,6317,-38.96104854531548,-28.711093079104828,0.03430945225169543,0
211,426104,2,0.7,initial,19,edge_density,305d5834af269768,hard_positive_swap_02,6317,-39.06954850885738,-28.89618208588795,0.0382465124279776,0
212,426104,2,0.7,initial,20,center_density,893e5f1d2eff796e,hard_positive_swap_02,6317,-31.403183627696748,-29.53097839091285,0.04239262235571298,0
213,426104,2,0.7,initial,21,checker_balance,711affcc02484b54,hard_positive_swap_02,6317,-36.72343161949978,-35.06627419420671,0.021381383300577806,0
214,426104,2,0.7,initial,22,hard_positive_neighbor_00,5890201a995778ba,hard_positive_swap_02,6317,-31.17146806519999,-29.84234996383237,0.004178203091316784,0
215,426104,2,0.7,initial,23,hard_positive_swap_00,a3f04b05fbbc1882,hard_positive_swap_02,6317,-30.893356487322947,-29.485026747451585,0.005367364360297455,0
216,426104,2,0.7,alternating,0,three_frequency_guided_swap_00,66a2b2482d9cb322,best_initial_refined,84,-32.21093938924972,-31.54556784667902,-0.04067711746592632,0
217,426104,2,0.7,alternating,1,three_frequency_guided_swap_01,c10d7cf015245fa8,best_initial_refined,84,-32.1293366838881,-32.07104793705987,-0.03614994611504712,0
218,426104,2,0.7,alternating,2,three_frequency_guided_swap_02,734c49f5f27af4ef,best_initial_refined,84,-31.641457181911058,-31.641457181911058,-0.03208377052725825,0
219,426104,2,0.7,alternating,3,three_frequency_guided_swap_03,9e17b3b76211d948,best_initial_refined,84,1.9237635216749884,4.7159971129559555,-0.062148738835536184,1
220,426104,2,0.7,alternating,4,three_frequency_guided_swap_04,25b791340b7912df,best_initial_refined,84,-6.213205890403341,-4.797639276893756,-0.058871007002891766,0
221,426104,2,0.7,alternating,5,three_frequency_guided_swap_05,97d554fd0f2e3cee,best_initial_refined,84,-32.29924186674182,-32.29924186674182,-0.05567026911216582,0
222,426104,2,0.7,alternating,6,three_frequency_guided_swap_06,8201f120e5bf0137,best_initial_refined,84,-32.04050744728906,-31.52033392537687,-0.05268552518437406,0
223,426104,2,0.7,alternating,7,three_frequency_guided_swap_07,75935410da8c20e4,best_initial_refined,84,-31.803622483317863,-31.526335888268004,-0.04709030138800074,0
224,426104,2,0.8,initial,0,three_frequency_guided_swap_00,8b16ed5206578bdc,adversarial_multi_corner_refinement,6297,-4.719361975819928,-3.017797333273578,-0.024490359457228703,0
225,426104,2,0.8,initial,1,three_frequency_guided_swap_01,5c0089c9b49e6bc7,adversarial_multi_corner_refinement,6297,-3.4220371114011994,-1.797771322425969,-0.021651413697982885,0
226,426104,2,0.8,initial,2,three_frequency_guided_swap_02,3b32d8cb540946b2,adversarial_multi_corner_refinement,6297,-25.334972858650957,-22.159496972637108,-0.01896186845832139,0
227,426104,2,0.8,initial,3,three_frequency_guided_swap_03,293fa33683957f2f,adversarial_multi_corner_refinement,6297,-24.80848929127838,-21.90683570735038,-0.016381741057767272,0
228,426104,2,0.8,initial,4,three_frequency_guided_swap_04,ec8ee399e17448a5,adversarial_multi_corner_refinement,6297,-23.255754088128484,-22.62871668981878,-0.011835320058055418,0
229,426104,2,0.8,initial,5,three_frequency_guided_swap_05,9caa7d0ed1abe6c2,adversarial_multi_corner_refinement,6297,-22.92818815726477,-22.56015218013497,-0.008464558744260862,0
230,426104,2,0.8,initial,6,three_frequency_guided_swap_06,ff78269fc6f07793,adversarial_multi_corner_refinement,6297,-22.923794371039424,-22.69413407154755,-0.005306939819802114,0
231,426104,2,0.8,initial,7,three_frequency_guided_swap_07,5b1bd78f4cbe3516,adversarial_multi_corner_refinement,6297,-22.767717091468285,-22.451952358771422,-0.0023394366384024163,0
232,426104,2,0.8,initial,8,failed_best_swap_00_1,d0d49bcc6e103493,adversarial_multi_corner_refinement,6297,-1.7751596429485348,1.0079356462916116,-0.02660921637409168,0
233,426104,2,0.8,initial,9,failed_best_swap_00_2,2a32ace5bd4b2314,adversarial_multi_corner_refinement,6297,2.8101500446054923,3.3921913159323753,-0.02710511742148743,0
234,426104,2,0.8,initial,10,failed_best_swap_00_3,f5567e01cb04cbd2,adversarial_multi_corner_refinement,6297,-3.3758209114976134,-1.1405395534733374,-0.02582353772628727,0
235,426104,2,0.8,initial,11,failed_best_swap_01_1,de488361b9eda330,local_swap_01,6288,0.2194920474196374,0.8465006388910395,0.022844138257159377,0
236,426104,2,0.8,initial,12,failed_best_swap_01_2,f9264fda53ea5ff1,local_swap_01,6288,-22.87002105040147,-21.557689464693564,0.02280697301623332,0
237,426104,2,0.8,initial,13,failed_best_swap_01_3,ae2dc7412a6b8bb5,local_swap_01,6288,-4.690685584092751,-4.0217801734356176,0.020444047932679208,0
238,426104,2,0.8,initial,14,power_top,f07d7a866c9edbdd,local_swap_01,6288,-20.028540433188763,-19.250131104755916,0.027340377257232665,0
239,426104,2,0.8,initial,15,parent_normalized,c4d061c2d105b23a,adversarial_multi_corner_refinement,6297,6.119523767825613,6.119523767825613,-0.02771671827203485,1
240,426104,2,0.8,initial,16,ring_quadrant,8c63a4912bc1af29,local_swap_01,6288,-18.982560400318626,-18.625286007195708,0.026524756610968765,0
241,426104,2,0.8,initial,17,mirrored_pair,a1a25c64a68a121d,local_swap_01,6288,-21.424627612008813,-20.709268723094016,0.020342570098899535,0
242,426104,2,0.8,initial,18,min_spacing_150,179623840b12a358,local_swap_01,6288,-22.309565903850313,-21.670506816719207,0.015511431801342115,0
243,426104,2,0.8,initial,19,edge_density,dd0b8b76d0f95268,local_swap_01,6288,-22.351631880375564,-21.82925922273725,0.01873344334107231,0
244,426104,2,0.8,initial,20,center_density,54853147cf6cee66,local_swap_01,6288,-19.371300186173972,-18.527985349862377,0.023853932406875777,0
245,426104,2,0.8,initial,21,checker_balance,bdb41dbd629894c7,local_swap_01,6288,-24.744934678800874,-23.87072399668928,0.01325847772425504,0
246,426104,2,0.8,initial,22,hard_positive_neighbor_00,92cd0e1df36d65bd,adversarial_multi_corner_refinement,6297,-11.482883394287454,-11.244727752116308,-0.022680363248686615,0
247,426104,2,0.8,initial,23,hard_positive_swap_00,1a215e624f5168ef,adversarial_multi_corner_refinement,6297,-10.354848423616144,-10.112769007481052,-0.02059051366092412,0
248,426104,2,0.8,alternating,0,three_frequency_guided_swap_00,3c56c5d683283e04,best_initial_refined,94,-26.446819523427965,-26.446819523427965,-0.04140324718364082,0
249,426104,2,0.8,alternating,1,three_frequency_guided_swap_01,3ed4ed0aa961ef8e,best_initial_refined,94,-23.365315048185003,-23.365315048185003,-0.03777104517749509,0
250,426104,2,0.8,alternating,2,three_frequency_guided_swap_02,6ad99c7f56b14cd2,best_initial_refined,94,-24.29328657371339,-24.29328657371339,-0.03425621691382551,0
251,426104,2,0.8,alternating,3,three_frequency_guided_swap_03,3f95afa9f54e7e14,best_initial_refined,94,-24.418885908325137,-24.418885908325137,-0.030966186768224324,0
252,426104,2,0.8,alternating,4,three_frequency_guided_swap_04,9a57396c2ce23173,best_initial_refined,94,5.874791234155739,6.308156092612903,-0.05494644477777811,1
253,426104,2,0.8,alternating,5,three_frequency_guided_swap_05,ffccc5127cb79389,best_initial_refined,94,-27.58803889485631,-27.58803889485631,-0.05216891439267588,0
254,426104,2,0.8,alternating,6,three_frequency_guided_swap_06,892da90fea34ae96,best_initial_refined,94,-26.272020942820696,-26.272020942820696,-0.04956872398119864,0
255,426104,2,0.8,alternating,7,three_frequency_guided_swap_07,ed57cb65460db881,best_initial_refined,94,-26.542238285130104,-26.542238285130104,-0.047109955942830684,0
256,426100,2,0.5,initial,0,three_frequency_guided_swap_00,c4c4f6035f5db0f0,adversarial_multi_corner_refinement,5874,0.9504066298105891,3.123939176292389,0.03931046701421036,0
257,426100,2,0.5,initial,1,three_frequency_guided_swap_01,0b6ef0572c9dcc3e,adversarial_multi_corner_refinement,5874,-0.72454043742082,2.267328507248916,0.04393496899461001,0
258,426100,2,0.5,initial,2,three_frequency_guided_swap_02,d001460b1a13dee0,adversarial_multi_corner_refinement,5874,-1.8534995108101109,-1.8268027189970821,0.04843110402596608,0
259,426100,2,0.5,initial,3,three_frequency_guided_swap_03,fc8974f1ed53e192,adversarial_multi_corner_refinement,5874,-1.8455091710147649,-1.8181685974249497,0.05259807670386563,0
260,426100,2,0.5,initial,4,three_frequency_guided_swap_04,8c0a22a91aad2917,adversarial_multi_corner_refinement,5874,-1.703965041700084,-1.703965041700084,0.06051519319417613,0
261,426100,2,0.5,initial,5,three_frequency_guided_swap_05,a758aece597b396e,adversarial_multi_corner_refinement,5874,-2.065102211784608,-2.065102211784608,0.06739911913606425,0
262,426100,2,0.5,initial,6,three_frequency_guided_swap_06,67aec7d0bb983121,adversarial_multi_corner_refinement,5874,-2.072628688079787,-2.072628688079787,0.07396148887092704,0
263,426100,2,0.5,initial,7,three_frequency_guided_swap_07,c1d9690347b37fe4,adversarial_multi_corner_refinement,5874,-2.1510820658131617,-2.1510820658131617,0.08008026536748285,0
264,426100,2,0.5,initial,8,failed_best_swap_00_1,ebb499a1815cecf6,adversarial_multi_corner_refinement,5874,-2.7621838667504384,-1.7309575291468027,0.03656729003615505,0
265,426100,2,0.5,initial,9,failed_best_swap_00_2,faa1ce30e15c6bc6,adversarial_multi_corner_refinement,5874,-1.897637078856257,-1.050638140881777,0.036975329252949676,0
266,426100,2,0.5,initial,10,failed_best_swap_00_3,d0f156c765771b85,adversarial_multi_corner_refinement,5874,-0.6017314024832907,-0.34160739761776215,0.03828712075808256,0
267,426100,2,0.5,initial,11,failed_best_swap_01_1,1b03d5dcc8748ad3,hard_positive_neighbor_01,5866,-4.4787590333412775,-3.6060910749432202,0.03763260183745367,0
268,426100,2,0.5,initial,12,failed_best_swap_01_2,dc53ee6cec0bf5d1,hard_positive_neighbor_01,5866,-5.161859246966339,-4.21995526551164,0.037461018506377355,0
269,426100,2,0.5,initial,13,failed_best_swap_01_3,f6409b5d79b3c385,hard_positive_neighbor_01,5866,4.267136817554557,4.267136817554557,0.03668771371883175,0
270,426100,2,0.5,initial,14,power_top,c6bed49cc8c0073a,adversarial_multi_corner_refinement,5874,-20.537191179863072,-19.062247833665463,0.1505586723788786,0
271,426100,2,0.5,initial,15,parent_normalized,1f6fb00506bdd7b4,adversarial_multi_corner_refinement,5874,6.429259391973887,6.429366373895407,0.03434679665221679,1
272,426100,2,0.5,initial,16,ring_quadrant,60395d49ad9d798a,adversarial_multi_corner_refinement,5874,-23.19149134953182,-22.30686484282726,0.1371193435479022,0
273,426100,2,0.5,initial,17,mirrored_pair,311f50ee0698f845,adversarial_multi_corner_refinement,5874,-21.234788495356124,-19.847252634661572,0.14275922734915925,0
274,426100,2,0.5,initial,18,min_spacing_150,b0b3f5a7071bade6,hard_positive_neighbor_01,5866,-21.125135989781146,-21.125135989781146,0.14069307657422558,0
275,426100,2,0.5,initial,19,edge_density,5c916ed64e5e82f0,hard_positive_neighbor_01,5866,-19.631046866061798,-18.59465656622136,0.1421118531851599,0
276,426100,2,0.5,initial,20,center_density,e8ab0fb54b259826,adversarial_multi_corner_refinement,5874,-20.287622654547683,-18.86587384167456,0.14484710143105084,0
277,426100,2,0.5,initial,21,checker_balance,ebfefbd08c6a8174,adversarial_multi_corner_refinement,5874,-38.610249192274146,-28.798473127538333,0.05834670867810553,0
278,426100,2,0.5,initial,22,hard_positive_neighbor_00,e8e44726e4566270,adversarial_multi_corner_refinement,5874,-29.45812111905086,-19.486065793891562,0.030344377564234956,0
279,426100,2,0.5,initial,23,hard_positive_swap_00,6abaafef2590d24e,adversarial_multi_corner_refinement,5874,-29.836382822225804,-19.827137006871503,0.029308424283102298,0
280,426100,2,0.5,alternating,0,three_frequency_guided_swap_00,2dc46a8536335949,best_initial_refined,104,-1.6705749406731392,0.43230817184125747,0.02092203128803048,0
281,426100,2,0.5,alternating,1,three_frequency_guided_swap_01,0ccbae442dd2fa74,best_initial_refined,104,-1.3904384357102,0.7942474009579208,0.02569107869086742,1
282,426100,2,0.5,alternating,2,three_frequency_guided_swap_02,dc2451495ea80b54,best_initial_refined,104,-6.0291958863425315,-5.619326015686074,0.03039576213501111,0
283,426100,2,0.5,alternating,3,three_frequency_guided_swap_03,eff3e3f531dd01a0,best_initial_refined,104,-6.009088619602224,-5.606640013387972,0.03474837434801848,0
284,426100,2,0.5,alternating,4,three_frequency_guided_swap_04,2670881886cf9e43,best_initial_refined,104,-5.868034103802946,-5.525667605093341,0.042838010655692586,0
285,426100,2,0.5,alternating,5,three_frequency_guided_swap_05,4f53f553a8286186,best_initial_refined,104,-5.863568597535224,-5.531236752050212,0.04993537938228019,0
286,426100,2,0.5,alternating,6,three_frequency_guided_swap_06,5018ae9212ab5574,best_initial_refined,104,-5.99031758165712,-5.7205881108297865,0.05662295006135204,0
287,426100,2,0.5,alternating,7,three_frequency_guided_swap_07,fe77c4154343684f,best_initial_refined,104,-6.046226817632467,-5.648061458589455,0.06284238096204466,0
288,426100,2,0.6,initial,0,three_frequency_guided_swap_00,b6786754dafee524,adversarial_multi_corner_refinement,5846,0.7495098439369846,4.988304433525984,0.0017521952659132292,0
289,426100,2,0.6,initial,1,three_frequency_guided_swap_01,76e80031f89b86b4,adversarial_multi_corner_refinement,5846,0.9462749483062171,4.61693829747198,0.005778125454443551,0
290,426100,2,0.6,initial,2,three_frequency_guided_swap_02,166d6a29ece98068,adversarial_multi_corner_refinement,5846,-2.2971125839161703,-2.1828553145188314,0.009629096836972429,0
291,426100,2,0.6,initial,3,three_frequency_guided_swap_03,ea71bded7c8283a8,adversarial_multi_corner_refinement,5846,-2.468021273545374,-2.3378823749019073,0.013408718080057176,0
292,426100,2,0.6,initial,4,three_frequency_guided_swap_04,7a6cb895a07576a9,adversarial_multi_corner_refinement,5846,-2.504342564614565,-2.3739958189514296,0.020410666147316674,0
293,426100,2,0.6,initial,5,three_frequency_guided_swap_05,1a483791d0ae8834,adversarial_multi_corner_refinement,5846,-2.823709172077869,-2.7823206555950204,0.026405061514119196,0
294,426100,2,0.6,initial,6,three_frequency_guided_swap_06,7a69d343d2d587c6,adversarial_multi_corner_refinement,5846,-11.535253673830251,-11.337050725761227,0.03215438131052116,0
295,426100,2,0.6,initial,7,three_frequency_guided_swap_07,23881edc894d5b72,adversarial_multi_corner_refinement,5846,-11.179193525498386,-10.944559481325083,0.037515934824736204,0
296,426100,2,0.6,initial,8,failed_best_swap_00_1,ece39bee7415ba34,adversarial_multi_corner_refinement,5846,-0.5025964601588511,-0.5025964601588511,-0.0006055983981798629,0
297,426100,2,0.6,initial,9,failed_best_swap_00_2,a2ffbc643725b8f6,adversarial_multi_corner_refinement,5846,-8.692969588704063,-7.153795885136121,-0.0016190470741855637,0
298,426100,2,0.6,initial,10,failed_best_swap_00_3,e88379c021f01957,adversarial_multi_corner_refinement,5846,3.0706638423638646,3.0706638423638646,-0.0014263869541100596,0
299,426100,2,0.6,initial,11,failed_best_swap_01_1,197651442a25407b,continuation_swap_03,5847,0.9720528633916282,1.4323443369055608,0.0019753235626125904,0
300,426100,2,0.6,initial,12,failed_best_swap_01_2,dfb6152e27c2075c,continuation_swap_03,5847,-4.530408651317296,-4.530408651317296,0.002116969656580569,0
301,426100,2,0.6,initial,13,failed_best_swap_01_3,7c12f175fdb4d3ec,continuation_swap_03,5847,-0.8000321027906937,1.8030183759233216,0.0030921034421421715,0
302,426100,2,0.6,initial,14,power_top,01a5261d4c021c16,continuation_swap_03,5847,-22.96459089857518,-22.50021137770746,0.1152191163752045,0
303,426100,2,0.6,initial,15,parent_normalized,1821e8b37d1948fe,adversarial_multi_corner_refinement,5846,6.67256815449064,7.458061410956432,-0.002581306755892562,1
304,426100,2,0.6,initial,16,ring_quadrant,7c2b75cbd772f25c,continuation_swap_03,5847,-24.72142637257431,-21.979833125690767,0.10279580946570696,0
305,426100,2,0.6,initial,17,mirrored_pair,d39e7536c732c796,continuation_swap_03,5847,-25.07990455035856,-24.060314828773382,0.11050023861350038,0
306,426100,2,0.6,initial,18,min_spacing_150,acb7679c63e36c7d,continuation_swap_03,5847,-22.264221767905088,-21.167861163337115,0.1095789330037567,0
307,426100,2,0.6,initial,19,edge_density,95a24f3c0255f7e1,continuation_swap_03,5847,-22.55038754462914,-22.045146092643712,0.11003990353733153,0
308,426100,2,0.6,initial,20,center_density,43d5ca6991f095f0,continuation_swap_03,5847,-17.661750959518542,-16.673700271506746,0.10710565104230794,0
309,426100,2,0.6,initial,21,checker_balance,f65dbe3187fbfea1,adversarial_multi_corner_refinement,5846,-33.07618520507629,-32.96813384559168,0.06795245193100846,0
310,426100,2,0.6,initial,22,hard_positive_neighbor_00,a53abe5526fd7a23,adversarial_multi_corner_refinement,5846,-13.82699648542963,-13.82699648542963,0.02436345761601499,0
311,426100,2,0.6,initial,23,hard_positive_swap_00,d5394473d914a578,adversarial_multi_corner_refinement,5846,-16.91995203476297,-16.91995203476297,0.023768390715708982,0
312,426100,2,0.6,alternating,0,three_frequency_guided_swap_00,a3f2908f87f1e0dd,best_initial_refined,114,-0.18056059406179245,2.7636997278467232,-0.010435458985870102,0
313,426100,2,0.6,alternating,1,three_frequency_guided_swap_01,557f5ce5cd6df00a,best_initial_refined,114,-6.468518009513085,-6.468518009513085,0.001357059727347685,0
314,426100,2,0.6,alternating,2,three_frequency_guided_swap_02,421557354aa22e63,best_initial_refined,114,-6.485960240849424,-5.91169992407377,0.008470767421504353,0
315,426100,2,0.6,alternating,3,three_frequency_guided_swap_03,b6753dcb4d2d7a2a,best_initial_refined,114,-6.521172664741579,-6.521172664741579,0.014612802391828009,0
316,426100,2,0.6,alternating,4,three_frequency_guided_swap_04,b2a24631bd5e70e4,best_initial_refined,114,-6.738090121164194,-6.738090121164194,0.020431688082369864,0
317,426100,2,0.6,alternating,5,three_frequency_guided_swap_05,924c9938f2c89566,best_initial_refined,114,-6.733484548965344,-6.733484548965344,0.025931787818916842,0
318,426100,2,0.6,alternating,6,three_frequency_guided_swap_06,d4470f0d6e92d34a,best_initial_refined,114,-0.037353230297403256,2.431347986175268,-0.010729914191388953,1
319,426100,2,0.6,alternating,7,three_frequency_guided_swap_07,ae514f4a17b1ac93,best_initial_refined,114,-6.458942998169723,-5.929275635550532,-0.0067703753914578205,0
320,426100,2,0.7,initial,0,three_frequency_guided_swap_00,71488e3395eb3eb0,adversarial_multi_corner_refinement,5804,3.0328456334242313,3.334989449207613,-0.01798805125171653,0
321,426100,2,0.7,initial,1,three_frequency_guided_swap_01,85e39fa491094529,adversarial_multi_corner_refinement,5804,-0.9234661994194964,-0.3088170498107408,-0.014047872563927104,0
322,426100,2,0.7,initial,2,three_frequency_guided_swap_02,527c2bd364da10a8,adversarial_multi_corner_refinement,5804,-0.4791137223621934,-0.09370307972632347,-0.010173245479224989,0
323,426100,2,0.7,initial,3,three_frequency_guided_swap_03,26275cd05f26920e,adversarial_multi_corner_refinement,5804,-1.1938108739509419,-0.858444589812994,-0.006706344151024318,0
324,426100,2,0.7,initial,4,three_frequency_guided_swap_04,543fba6c1f69bbf3,adversarial_multi_corner_refinement,5804,-1.0895762126060462,-0.7350051419108043,-5.433302823975456e-05,0
325,426100,2,0.7,initial,5,three_frequency_guided_swap_05,e8b77dd830651752,adversarial_multi_corner_refinement,5804,-1.802361155905775,-1.3868545672415766,0.005734915485127989,0
326,426100,2,0.7,initial,6,three_frequency_guided_swap_06,6675d31ea25d94c5,adversarial_multi_corner_refinement,5804,-1.3891931196386829,-0.8905704396632942,0.01110910861024636,0
327,426100,2,0.7,initial,7,three_frequency_guided_swap_07,3742e731a8cf1ec1,adversarial_multi_corner_refinement,5804,-1.70756271453435,-0.8296545700400013,0.016334221114490732,0
328,426100,2,0.7,initial,8,failed_best_swap_00_1,d42f4e770edb9557,adversarial_multi_corner_refinement,5804,-2.7237065550190964,-1.887148547019433,-0.021492143124289913,0
329,426100,2,0.7,initial,9,failed_best_swap_00_2,80027bc0c06e959c,adversarial_multi_corner_refinement,5804,-7.388365723341415,-5.375724654355202,-0.021238040477609292,0
330,426100,2,0.7,initial,10,failed_best_swap_00_3,16a1a451060e1dc8,adversarial_multi_corner_refinement,5804,0.860512313897513,0.860512313897513,-0.02002767379043924,0
331,426100,2,0.7,initial,11,failed_best_swap_01_1,12d0e2882918ea91,ratio_continuation_00,5808,0.07011949608926812,0.07011949608926812,0.016029236638932316,0
332,426100,2,0.7,initial,12,failed_best_swap_01_2,c896a3c93b03b0f2,ratio_continuation_00,5808,-2.9173030136863187,-2.9173030136863187,0.016565808137323324,0
333,426100,2,0.7,initial,13,failed_best_swap_01_3,4ddcc637bafc8340,ratio_continuation_00,5808,-3.9995252257319436,-3.7931687851137004,0.01793435151498966,0
334,426100,2,0.7,initial,14,power_top,04ea237a733c333a,ratio_continuation_00,5808,-24.686811764934543,-21.12128747742851,0.10315447373511383,0
335,426100,2,0.7,initial,15,parent_normalized,647f9ae0d728b87e,adversarial_multi_corner_refinement,5804,4.525850969088871,6.897636677364418,-0.022337311909112038,1
336,426100,2,0.7,initial,16,ring_quadrant,5f6abc588d7d72a1,ratio_continuation_00,5808,-25.881066409688202,-23.032775755674745,0.09893385897399723,0
337,426100,2,0.7,initial,17,mirrored_pair,5590537387182e87,ratio_continuation_00,5808,-23.386862074474383,-18.185603200296377,0.0960925331787561,0
338,426100,2,0.7,initial,18,min_spacing_150,e450b37d6cf725f3,ratio_continuation_00,5808,-16.451235347984966,-13.850980938609581,0.09189551381366393,0
339,426100,2,0.7,initial,19,edge_density,52f827246a61670b,ratio_continuation_00,5808,-16.802866322200284,-15.163073779874223,0.0947561149527135,0
340,426100,2,0.7,initial,20,center_density,bdd58b8755e78a45,ratio_continuation_00,5808,-20.83018641908425,-17.727445443405085,0.09829025823321332,0
341,426100,2,0.7,initial,21,checker_balance,19742139fb8ea4ae,ratio_continuation_00,5808,-25.843544927396604,-23.321935009025616,0.07197065957177606,0
342,426100,2,0.7,initial,22,hard_positive_neighbor_00,5890201a995778ba,ratio_continuation_00,5808,-9.597718391349845,-8.082572450795107,0.02108505181956616,0
343,426100,2,0.7,initial,23,hard_positive_swap_00,4049a8bd0399d2fe,ratio_continuation_00,5808,-9.708811109711363,-8.211502291983969,0.020479357998182346,0
344,426100,2,0.7,alternating,0,three_frequency_guided_swap_00,df4b08c30a4d3d9c,best_initial_refined,124,-0.31280657595963884,0.017946640146324314,-0.03923276826994193,0
345,426100,2,0.7,alternating,1,three_frequency_guided_swap_01,a74d2b2a72634e69,best_initial_refined,124,-2.400724691537889,-2.400724691537889,-0.031775554684386476,0
346,426100,2,0.7,alternating,2,three_frequency_guided_swap_02,4705d556b11f2427,best_initial_refined,124,-3.553442837338789,-2.533939011983215,-0.013202333563459298,0
347,426100,2,0.7,alternating,3,three_frequency_guided_swap_03,f2551fc2cf6529d1,best_initial_refined,124,-4.873497813128955,-3.2643863052357385,-0.007741974397808622,0
348,426100,2,0.7,alternating,4,three_frequency_guided_swap_04,031d771971eff708,best_initial_refined,124,-0.04336560881013856,0.3630413774406731,-0.043687337848960374,1
349,426100,2,0.7,alternating,5,three_frequency_guided_swap_05,1e484cb99782d97e,best_initial_refined,124,-2.4584504263364604,-2.4584504263364604,-0.039841809897404885,0
350,426100,2,0.7,alternating,6,three_frequency_guided_swap_06,ed59b994c4b1f9e8,best_initial_refined,124,-2.502415859961118,-2.502415859961118,-0.03623012426340492,0
351,426100,2,0.7,alternating,7,three_frequency_guided_swap_07,ca90e09858bfa4dd,best_initial_refined,124,-2.8356195292818094,-2.4676779598498317,-0.03276458991707614,0
352,426100,2,0.8,initial,0,three_frequency_guided_swap_00,230483367828d4f1,adversarial_multi_corner_refinement,5773,5.0855248407537355,5.261862985875812,-0.01623522248795932,0
353,426100,2,0.8,initial,1,three_frequency_guided_swap_01,5da6bf7a784827b2,adversarial_multi_corner_refinement,5773,3.134564569676024,3.188161770500408,-0.012779002913414174,0
354,426100,2,0.8,initial,2,three_frequency_guided_swap_02,a898766eb1f0a602,adversarial_multi_corner_refinement,5773,0.854138376624357,1.0002896019005598,-0.009516391174129439,0
355,426100,2,0.8,initial,3,three_frequency_guided_swap_03,45159b6f8dc82cca,adversarial_multi_corner_refinement,5773,0.2080491710290986,0.34293467415939893,-0.006449838270155922,0
356,426100,2,0.8,initial,4,three_frequency_guided_swap_04,db8634559a6b40e7,adversarial_multi_corner_refinement,5773,0.08378220588199572,0.221505861847366,-0.0007749151312207569,0
357,426100,2,0.8,initial,5,three_frequency_guided_swap_05,2c7263824e0d396e,adversarial_multi_corner_refinement,5773,0.12567048512758558,0.18505622946472897,0.0041580902238580195,0
358,426100,2,0.8,initial,6,three_frequency_guided_swap_06,ee6965dcec67ddba,adversarial_multi_corner_refinement,5773,-0.053052555283258196,0.192543803026886,0.008826432356947748,0
359,426100,2,0.8,initial,7,three_frequency_guided_swap_07,f37da1e27ce503c1,adversarial_multi_corner_refinement,5773,-1.6151127927901152,-0.7837515559743746,0.013366341573958882,0
360,426100,2,0.8,initial,8,failed_best_swap_00_1,02a480c2c2b5aafa,adversarial_multi_corner_refinement,5773,5.359011989749375,5.359011989749375,-0.018688674748604736,0
361,426100,2,0.8,initial,9,failed_best_swap_00_2,da2001f2b3be5005,adversarial_multi_corner_refinement,5773,1.0271856901145466,1.9510739156229595,-0.019623061712273748,0
362,426100,2,0.8,initial,10,failed_best_swap_00_3,16971ae53f749f72,adversarial_multi_corner_refinement,5773,4.718699386898876,4.97798052632895,-0.018460090623434847,0
363,426100,2,0.8,initial,11,failed_best_swap_01_1,3af03c020ef17a07,local_swap_10,5785,3.797354868959329,3.797354868959329,0.030085471504369486,0
364,426100,2,0.8,initial,12,failed_best_swap_01_2,bb1e4e9444f057b9,local_swap_10,5785,-1.8255086753491807,-1.6825344828766964,0.028973396741697206,0
365,426100,2,0.8,initial,13,failed_best_swap_01_3,54c1f34485fb8120,local_swap_10,5785,-2.650984189130053,-2.4667593557984593,0.029926319520848687,0
366,426100,2,0.8,initial,14,power_top,69c61e4e4b0317ce,local_swap_10,5785,-17.554857025423882,-13.218999185614031,0.0676041794575191,0
367,426100,2,0.8,initial,15,parent_normalized,ed5588221488f784,adversarial_multi_corner_refinement,5773,6.874180269303464,7.228430444848505,-0.020080706934962847,1
368,426100,2,0.8,initial,16,ring_quadrant,47a3eaea841bd73a,local_swap_10,5785,-17.16385027881286,-13.063059939508008,0.06322878281587087,0
369,426100,2,0.8,initial,17,mirrored_pair,c8115b30907db182,local_swap_10,5785,-16.166337745867246,-14.752945417233017,0.06348069303239524,0
370,426100,2,0.8,initial,18,min_spacing_150,3cf91fd549e53ebc,local_swap_10,5785,-17.12906511737794,-13.805774678682255,0.05948115649267422,0
371,426100,2,0.8,initial,19,edge_density,c441e6af47f92f03,local_swap_10,5785,-19.42973029209862,-16.03560210016011,0.0604779334812228,0
372,426100,2,0.8,initial,20,center_density,3d1a0a4fd51ec00e,local_swap_10,5785,-12.707739959295932,-12.477406865251057,0.06397189902864552,0
373,426100,2,0.8,initial,21,checker_balance,8f9b62ac0f2c24e7,local_swap_10,5785,-19.66746799962042,-16.44396689298127,0.054098383816829375,0
374,426100,2,0.8,initial,22,hard_positive_neighbor_00,92cd0e1df36d65bd,local_swap_10,5785,-19.495664456483947,-17.79748719004165,0.020227367391897493,0
375,426100,2,0.8,initial,23,hard_positive_swap_00,49f4a6d31411ef5d,local_swap_10,5785,-19.485068446068336,-17.748877143334056,0.01863374087482452,0
376,426100,2,0.8,alternating,0,three_frequency_guided_swap_00,bf8f4f18852a4ad2,best_initial_refined,134,-2.280407832045962,-2.1915440549349436,-0.03648279699705611,0
377,426100,2,0.8,alternating,1,three_frequency_guided_swap_01,1de24c8e0fbd6442,best_initial_refined,134,-2.1027382992425263,-2.006536703199842,-0.02742502406001378,0
378,426100,2,0.8,alternating,2,three_frequency_guided_swap_02,80e583cf00ded0c7,best_initial_refined,134,-2.242467139720893,-2.2005725755897605,-0.017222532960557275,0
379,426100,2,0.8,alternating,3,three_frequency_guided_swap_03,79d0d62b32c0ae3e,best_initial_refined,134,-3.092894741161647,-3.006341137769362,-0.012509286755381559,0
380,426100,2,0.8,alternating,4,three_frequency_guided_swap_04,7166cba38e1a6e3d,best_initial_refined,134,3.272982417104866,4.527053270910875,-0.043733810634745254,1
381,426100,2,0.8,alternating,5,three_frequency_guided_swap_05,10ffe91465b95cc7,best_initial_refined,134,-2.080534641973247,-1.970335135541106,-0.04038337466448452,0
382,426100,2,0.8,alternating,6,three_frequency_guided_swap_06,a37159324345c3a8,best_initial_refined,134,-2.115260577504142,-2.0064765597697978,-0.037237527018155,0
383,426100,2,0.8,alternating,7,three_frequency_guided_swap_07,daf88301643969ca,best_initial_refined,134,-1.920007326696065,-1.8125289150168404,-0.03422695865136025,0
384,426107,2,0.5,initial,0,three_frequency_guided_swap_00,d29a9125d51e89bd,adversarial_multi_corner_refinement,6761,6.493336473411993,7.768192267266546,0.07225285213552546,1
385,426107,2,0.5,initial,1,three_frequency_guided_swap_01,f7cb70aa2a1fd7f2,adversarial_multi_corner_refinement,6761,-5.970904508894332,-5.970904508894332,0.07568800287325793,0
386,426107,2,0.5,initial,2,three_frequency_guided_swap_02,5126c8247e04fcee,adversarial_multi_corner_refinement,6761,-6.440338132841674,-6.440338132841674,0.07886007085216111,0
387,426107,2,0.5,initial,3,three_frequency_guided_swap_03,23c82f1decba0c96,adversarial_multi_corner_refinement,6761,-7.549091203600633,-6.565558163724395,0.08191983754599938,0
388,426107,2,0.5,initial,4,three_frequency_guided_swap_04,3dfce0e1b4a440b9,adversarial_multi_corner_refinement,6761,-9.271785423404507,-7.992370658003134,0.08738802720444903,0
389,426107,2,0.5,initial,5,three_frequency_guided_swap_05,f7848023b7a532fa,adversarial_multi_corner_refinement,6761,-9.181785851105449,-8.504074612654506,0.09239292014089326,0
390,426107,2,0.5,initial,6,three_frequency_guided_swap_06,496499278ebbf408,adversarial_multi_corner_refinement,6761,-10.177219835118894,-8.838126270531188,0.09678342203677895,0
391,426107,2,0.5,initial,7,three_frequency_guided_swap_07,03be38bf971832a6,adversarial_multi_corner_refinement,6761,-9.912603119245151,-8.690738836892592,0.10087787643165744,0
392,426107,2,0.5,initial,8,failed_best_swap_00_1,0de4826dc89dd0e8,adversarial_multi_corner_refinement,6761,6.304766033345375,7.855573959798951,0.06724821405324966,0
393,426107,2,0.5,initial,9,failed_best_swap_00_2,f36572f0883df9a7,adversarial_multi_corner_refinement,6761,-2.3260720130304104,0.631617682538445,0.06661992162477569,0
394,426107,2,0.5,initial,10,failed_best_swap_00_3,b45fe5f2c25d4e0d,adversarial_multi_corner_refinement,6761,-11.110563779807896,-9.32911029486203,0.06915315437425261,0
395,426107,2,0.5,initial,11,failed_best_swap_01_1,5faded21a21e878f,hard_positive_neighbor_00,6760,4.83574503269807,7.506020339581408,0.0736847516881434,0
396,426107,2,0.5,initial,12,failed_best_swap_01_2,50dfb94fd19b86a8,hard_positive_neighbor_00,6760,-2.2884737154514663,-1.6220162863798397,0.06861562278667546,0
397,426107,2,0.5,initial,13,failed_best_swap_01_3,6ac79349e8e827bf,hard_positive_neighbor_00,6760,-6.21918064809626,-5.888990724721236,0.07095199846510235,0
398,426107,2,0.5,initial,14,power_top,7962fddef1e87c49,hard_positive_neighbor_00,6760,-16.726012978122636,-16.726012978122636,0.17625314776095705,0
399,426107,2,0.5,initial,15,parent_normalized,559bbc8f78b2b1ee,adversarial_multi_corner_refinement,6761,6.473437753096853,8.374770189917546,0.06767826803027548,0
400,426107,2,0.5,initial,16,ring_quadrant,f0335cbe634dc8c9,hard_positive_neighbor_00,6760,-17.34745299946396,-17.34745299946396,0.17358039635050143,0
401,426107,2,0.5,initial,17,mirrored_pair,3896bb5935cdf408,hard_positive_neighbor_00,6760,-19.255720237689296,-19.255720237689296,0.15856381872939196,0
402,426107,2,0.5,initial,18,min_spacing_150,2fce1bacfe5fdeff,hard_positive_neighbor_00,6760,-19.22878721523054,-16.57779749537712,0.157588080970176,0
403,426107,2,0.5,initial,19,edge_density,41eaa393df2dd1d2,hard_positive_neighbor_00,6760,-15.427885420779488,-12.78647661319934,0.16266446161140385,0
404,426107,2,0.5,initial,20,center_density,1886ac567f32fe20,hard_positive_neighbor_00,6760,-15.843390619404804,-15.843390619404804,0.16714866007380513,0
405,426107,2,0.5,initial,21,checker_balance,ebfefbd08c6a8174,adversarial_multi_corner_refinement,6761,-25.53607553026575,-20.867385727231532,0.09661004558196998,0
406,426107,2,0.5,initial,22,hard_positive_neighbor_00,e8e44726e4566270,adversarial_multi_corner_refinement,6761,-19.550330609888405,-18.24733641556858,0.13686064626408279,0
407,426107,2,0.5,initial,23,hard_positive_swap_00,40fdee75e834f630,adversarial_multi_corner_refinement,6761,-20.13456783228788,-18.225998299282885,0.13482785442789727,0
408,426107,2,0.5,alternating,0,three_frequency_guided_swap_00,0f61701250d53cf7,best_initial_refined,141,-7.290042783597275,-7.290042783597275,0.08948407169558201,0
409,426107,2,0.5,alternating,1,three_frequency_guided_swap_01,7eb365929d65515c,best_initial_refined,141,-7.400252194746511,-7.400252194746511,0.09256737039832337,0
410,426107,2,0.5,alternating,2,three_frequency_guided_swap_02,89263eb80aeef2a3,best_initial_refined,141,-12.511649145662094,-11.319139540883402,0.09815288705888775,0
411,426107,2,0.5,alternating,3,three_frequency_guided_swap_03,e19d98c23eecb0aa,best_initial_refined,141,-12.284969563377164,-11.410429566785577,0.10335370523886321,0
412,426107,2,0.5,alternating,4,three_frequency_guided_swap_04,ab24eeae2a4f3289,best_initial_refined,141,-11.68449907446882,-10.72907221319458,0.10777697115915427,0
413,426107,2,0.5,alternating,5,three_frequency_guided_swap_05,fafa6eef9766da93,best_initial_refined,141,-10.907554801831079,-9.78658808920383,0.11177487936918318,0
414,426107,2,0.5,alternating,6,three_frequency_guided_swap_06,ad98cded28dee6d7,best_initial_refined,141,-10.37453176031229,-9.226041173821905,0.11561747874408858,0
415,426107,2,0.5,alternating,7,three_frequency_guided_swap_07,1aa52c7ddb541ca1,best_initial_refined,141,5.0980952975051865,5.261714977846051,0.08929174454512581,1
416,426107,2,0.6,initial,0,three_frequency_guided_swap_00,989f1e2adcf192ed,adversarial_multi_corner_refinement,6734,4.4446495010623694,5.644335035678077,0.06141015832040969,0
417,426107,2,0.6,initial,1,three_frequency_guided_swap_01,9b996b597f7b6118,adversarial_multi_corner_refinement,6734,-3.742998242385581,-3.554386451958742,0.06417773781250047,0
418,426107,2,0.6,initial,2,three_frequency_guided_swap_02,a117c52ab88a8ad1,adversarial_multi_corner_refinement,6734,-4.01872999616267,-3.8687096627467694,0.06675939296087631,0
419,426107,2,0.6,initial,3,three_frequency_guided_swap_03,9e23ade3fb0d8410,adversarial_multi_corner_refinement,6734,-3.688198309100676,-3.5859990667768127,0.0692590879746921,0
420,426107,2,0.6,initial,4,three_frequency_guided_swap_04,90fb6f9d8ae3f0b0,adversarial_multi_corner_refinement,6734,-3.7090665643197736,-3.681956393323949,0.07388001788185346,0
421,426107,2,0.6,initial,5,three_frequency_guided_swap_05,2c9eb02c5c6520cc,adversarial_multi_corner_refinement,6734,-9.932757715887927,-9.007730704411935,0.07821391580026717,0
422,426107,2,0.6,initial,6,three_frequency_guided_swap_06,c194553bc9768822,adversarial_multi_corner_refinement,6734,-9.308068423567555,-8.428015943820418,0.08211716037831285,0
423,426107,2,0.6,initial,7,three_frequency_guided_swap_07,9c31c5a27deaf22c,adversarial_multi_corner_refinement,6734,-9.692899817200264,-8.836958872940095,0.0857752711761597,0
424,426107,2,0.6,initial,8,failed_best_swap_00_1,dc7d050b874ff7a6,adversarial_multi_corner_refinement,6734,-3.169021195146744,-2.610784818521685,0.05934821159102061,0
425,426107,2,0.6,initial,9,failed_best_swap_00_2,b87264af42ff432e,adversarial_multi_corner_refinement,6734,5.814110843545382,5.814110843545382,0.05888735751009819,1
426,426107,2,0.6,initial,10,failed_best_swap_00_3,9159bd0984d31e73,adversarial_multi_corner_refinement,6734,-3.2385290427422273,-2.6909308761282396,0.059114640984034725,0
427,426107,2,0.6,initial,11,failed_best_swap_01_1,e8a379cc97cd5a10,checker_balance,6727,-10.117556368020823,-10.117556368020823,0.09624689072802652,0
428,426107,2,0.6,initial,12,failed_best_swap_01_2,639596d56c5593d3,checker_balance,6727,-4.835242963773337,-4.166654916919367,0.0946245744957791,0
429,426107,2,0.6,initial,13,failed_best_swap_01_3,421d057060b76659,checker_balance,6727,-5.764141232643846,-5.328376219118072,0.0957947570758758,0
430,426107,2,0.6,initial,14,power_top,57e2aee92a44b8de,checker_balance,6727,-17.221354549019527,-17.221354549019527,0.15095363416021865,0
431,426107,2,0.6,initial,15,parent_normalized,a53abe5526fd7a23,adversarial_multi_corner_refinement,6734,5.598610072605828,5.598610072605828,0.05803941148525349,0
432,426107,2,0.6,initial,16,ring_quadrant,2105e9902049b512,checker_balance,6727,-16.4980587316076,-16.4980587316076,0.14833300206274866,0
433,426107,2,0.6,initial,17,mirrored_pair,15cf83685c7c484a,checker_balance,6727,-13.379112645671373,-13.198272122559864,0.13860758051809519,0
434,426107,2,0.6,initial,18,min_spacing_150,42b2aae76ddb42c5,checker_balance,6727,-10.979541943545513,-8.581700364394912,0.1393172559167775,0
435,426107,2,0.6,initial,19,edge_density,452f4f12e160951d,checker_balance,6727,-13.408443416393002,-10.946507243650949,0.14224285557503885,0
436,426107,2,0.6,initial,20,center_density,b576b98ecaf6bdc6,checker_balance,6727,-12.058272619879434,-12.058272619879434,0.14261654068298663,0
437,426107,2,0.6,initial,21,checker_balance,fad094c84acbede6,checker_balance,6727,-15.801497023280135,-14.100339895820222,0.10215547325026134,0
438,426107,2,0.6,initial,22,hard_positive_swap_00,dfe9eeed2d8eb573,adversarial_multi_corner_refinement,6734,-2.5605611286608365,-1.622471135078627,0.059084231303371114,0
439,426107,2,0.6,initial,23,hard_positive_neighbor_01,146e75a4601f46b5,adversarial_multi_corner_refinement,6734,-10.44210150997712,-10.44210150997712,0.06837035474322416,0
440,426107,2,0.6,alternating,0,three_frequency_guided_swap_00,98cc5169c2bef8e2,best_initial_refined,154,6.586605074141673,7.613965705976387,0.045985055557852914,1
441,426107,2,0.6,alternating,1,three_frequency_guided_swap_01,0902e4c4a9d84c77,best_initial_refined,154,-6.960410488537676,-6.960410488537676,0.048954880876725934,0
442,426107,2,0.6,alternating,2,three_frequency_guided_swap_02,1a0730ce2a378ae1,best_initial_refined,154,-7.078482553017155,-7.078482553017155,0.05178521690925423,0
443,426107,2,0.6,alternating,3,three_frequency_guided_swap_03,9cf9c7822627dc85,best_initial_refined,154,-7.038796810901613,-7.038796810901613,0.05442320693272953,0
444,426107,2,0.6,alternating,4,three_frequency_guided_swap_04,eac0f3a1b0e5b05d,best_initial_refined,154,-7.111424474713725,-7.111424474713725,0.059243244697735654,0
445,426107,2,0.6,alternating,5,three_frequency_guided_swap_05,96a58f5163d11284,best_initial_refined,154,-6.893998588649646,-6.893998588649646,0.06384999352061657,0
446,426107,2,0.6,alternating,6,three_frequency_guided_swap_06,3d699e9e81435d52,best_initial_refined,154,-6.892274396616649,-6.892274396616649,0.06809101035353839,0
447,426107,2,0.6,alternating,7,three_frequency_guided_swap_07,91e496d1a11d9570,best_initial_refined,154,-6.9686458195922505,-6.9686458195922505,0.072057077847244,0
448,426107,2,0.7,initial,0,three_frequency_guided_swap_00,6a3e261e549ed9c0,adversarial_multi_corner_refinement,6714,2.1389344224915505,3.6835479680923298,0.07961691448404644,0
449,426107,2,0.7,initial,1,three_frequency_guided_swap_01,c0cfe46a73cbccb6,adversarial_multi_corner_refinement,6714,1.9417827613194538,3.5177259274251327,0.08100926652320667,0
450,426107,2,0.7,initial,2,three_frequency_guided_swap_02,98b7e1a94bb91957,adversarial_multi_corner_refinement,6714,-0.49789316602921674,-0.26598153925329254,0.08233612782955535,0
451,426107,2,0.7,initial,3,three_frequency_guided_swap_03,5469cc11ea7b19e5,adversarial_multi_corner_refinement,6714,-0.5500342015293812,-0.2841203765980565,0.08356744786463048,0
452,426107,2,0.7,initial,4,three_frequency_guided_swap_04,8afae0c9d466958b,adversarial_multi_corner_refinement,6714,-1.6123257063065362,-1.6123257063065362,0.08534957540162182,0
453,426107,2,0.7,initial,5,three_frequency_guided_swap_05,0e654449cf4f7bc6,adversarial_multi_corner_refinement,6714,-1.7009282565706956,-1.7009282565706956,0.08695527388689084,0
454,426107,2,0.7,initial,6,three_frequency_guided_swap_06,51077adb39574daa,adversarial_multi_corner_refinement,6714,-6.819859061845538,-6.166968319841594,0.08847466562700013,0
455,426107,2,0.7,initial,7,three_frequency_guided_swap_07,aa8045a70d6bb419,adversarial_multi_corner_refinement,6714,-7.324784925899708,-6.631492457963412,0.0899716887003308,0
456,426107,2,0.7,initial,8,failed_best_swap_00_1,01a256fcb1c3a7f9,adversarial_multi_corner_refinement,6714,-4.535666613630437,-3.89321773853883,0.0780773102213254,0
457,426107,2,0.7,initial,9,failed_best_swap_00_2,538ab7092a62419c,adversarial_multi_corner_refinement,6714,-8.193195464024749,-7.9808343711608245,0.07839419818540105,0
458,426107,2,0.7,initial,10,failed_best_swap_00_3,921be2b8aacbcc39,adversarial_multi_corner_refinement,6714,-2.8650778126381633,-1.7552913350276256,0.07833628917369077,0
459,426107,2,0.7,initial,11,failed_best_swap_01_1,2ed5f3e06078efe7,hard_positive_swap_03,6703,1.471889337347987,1.7273210669353067,0.07995574056012429,0
460,426107,2,0.7,initial,12,failed_best_swap_01_2,ec8989fbe9b81944,hard_positive_swap_03,6703,1.9537513863668188,2.287234496442812,0.08149960192740875,0
461,426107,2,0.7,initial,13,failed_best_swap_01_3,cd4ecedd1c9f4853,hard_positive_swap_03,6703,-1.8749822827583476,-1.857303013009328,0.07988501349708126,0
462,426107,2,0.7,initial,14,power_top,e4570d74ee93c474,hard_positive_swap_03,6703,-11.864976790126306,-11.12522812905597,0.10933156210668045,0
463,426107,2,0.7,initial,15,parent_normalized,d5fd8c988c9e5e9b,adversarial_multi_corner_refinement,6714,6.768363783990648,6.768363783990648,0.07761250884378207,1
464,426107,2,0.7,initial,16,ring_quadrant,0da0837ddecb0885,hard_positive_swap_03,6703,-15.970224640399879,-15.054352087961757,0.10757049756036592,0
465,426107,2,0.7,initial,17,mirrored_pair,18adafb43bcad36a,hard_positive_swap_03,6703,-18.074023790539304,-17.50791426020941,0.10357227569164004,0
466,426107,2,0.7,initial,18,min_spacing_150,d057549d843cfffa,hard_positive_swap_03,6703,-12.914210525316019,-12.914210525316019,0.09529680330146703,0
467,426107,2,0.7,initial,19,edge_density,52ecb9b44f3ecc95,hard_positive_swap_03,6703,-13.697509001958624,-13.697509001958624,0.09674549390251636,0
468,426107,2,0.7,initial,20,center_density,203a00438bd8ba73,hard_positive_swap_03,6703,-17.353309526404765,-16.90996969277957,0.10438283741221197,0
469,426107,2,0.7,initial,21,checker_balance,40fe30cc062df5d9,hard_positive_swap_03,6703,-21.474890280772854,-20.987330027867447,0.08976574009472436,0
470,426107,2,0.7,initial,22,hard_positive_neighbor_00,5890201a995778ba,hard_positive_swap_03,6703,-17.90796496148263,-15.870084788616028,0.07926791424267444,0
471,426107,2,0.7,initial,23,hard_positive_swap_00,55d13e7d98124700,hard_positive_swap_03,6703,-16.67658338314801,-14.943355643480892,0.07988616908095345,0
472,426107,2,0.7,alternating,0,three_frequency_guided_swap_00,1a120af93ad8203e,best_initial_refined,164,0.07058712959141915,2.220326059196334,0.059341190483893434,0
473,426107,2,0.7,alternating,1,three_frequency_guided_swap_01,01cc0eef6eb0f5e2,best_initial_refined,164,-2.7548314654720283,-2.7548314654720283,0.060825478466122664,0
474,426107,2,0.7,alternating,2,three_frequency_guided_swap_02,db0a5758dca73637,best_initial_refined,164,-2.6467422644762846,-2.6467422644762846,0.06208725342832652,0
475,426107,2,0.7,alternating,3,three_frequency_guided_swap_03,11c2826db39d6204,best_initial_refined,164,-9.553793143713666,-9.553793143713666,0.06606990445635737,0
476,426107,2,0.7,alternating,4,three_frequency_guided_swap_04,204439aaa045ce08,best_initial_refined,164,-9.75556387123507,-9.75556387123507,0.06785297908614733,0
477,426107,2,0.7,alternating,5,three_frequency_guided_swap_05,5707f03b3342848c,best_initial_refined,164,-9.394762805135674,-9.394762805135674,0.06955478808791073,0
478,426107,2,0.7,alternating,6,three_frequency_guided_swap_06,ae5f283a1f1602c8,best_initial_refined,164,2.6719515434812315,4.046561067115709,0.05734313356397813,1
479,426107,2,0.7,alternating,7,three_frequency_guided_swap_07,a167b12b902f623b,best_initial_refined,164,-2.6905975875020034,-2.6905975875020034,0.05882742154620737,0
480,426107,2,0.8,initial,0,three_frequency_guided_swap_00,bd01057676b4875a,adversarial_multi_corner_refinement,6657,1.0601716372836347,2.6742882035922633,0.037545264324459135,0
481,426107,2,0.8,initial,1,three_frequency_guided_swap_01,a5f953b3d5865737,adversarial_multi_corner_refinement,6657,0.5354608244109138,0.5354608244109138,0.04053071379136847,0
482,426107,2,0.8,initial,2,three_frequency_guided_swap_02,b735a5268b96f5e2,adversarial_multi_corner_refinement,6657,0.6154209481793409,0.6154209481793409,0.04317605683093786,0
483,426107,2,0.8,initial,3,three_frequency_guided_swap_03,4e30549d3ad51219,adversarial_multi_corner_refinement,6657,0.7003080899286535,0.7003080899286535,0.04574765971250337,0
484,426107,2,0.8,initial,4,three_frequency_guided_swap_04,571de50a4d4e7857,adversarial_multi_corner_refinement,6657,0.6274283745564502,0.6274283745564502,0.05042243986583107,0
485,426107,2,0.8,initial,5,three_frequency_guided_swap_05,184c58690d60f3a2,adversarial_multi_corner_refinement,6657,0.7338134590148232,0.7338134590148232,0.05414555051382102,0
486,426107,2,0.8,initial,6,three_frequency_guided_swap_06,06fade8af724ac14,adversarial_multi_corner_refinement,6657,-1.8193803648164666,-1.8193803648164666,0.057539030966744356,0
487,426107,2,0.8,initial,7,three_frequency_guided_swap_07,69a2f52422ea2969,adversarial_multi_corner_refinement,6657,-3.3777796299954472,-3.1337683432384464,0.0606987793275936,0
488,426107,2,0.8,initial,8,failed_best_swap_00_1,a72a249cf60690c1,adversarial_multi_corner_refinement,6657,5.756397354974981,6.016584519035844,0.03373167087939376,0
489,426107,2,0.8,initial,9,failed_best_swap_00_2,d8ef4526c2b21866,adversarial_multi_corner_refinement,6657,-1.9250771507759374,-1.9250771507759374,0.03479025389957832,0
490,426107,2,0.8,initial,10,failed_best_swap_00_3,4adcf725f7adcf95,adversarial_multi_corner_refinement,6657,-1.7584316044869652,-1.5748036389498632,0.03471124765975385,0
491,426107,2,0.8,initial,11,failed_best_swap_01_1,948aee3f31279b93,hard_positive_swap_02,6669,-15.249911939757723,-15.249911939757723,0.06469807595621316,0
492,426107,2,0.8,initial,12,failed_best_swap_01_2,49c98544e762ee03,hard_positive_swap_02,6669,3.200874913689835,3.5380140535080247,0.06668417338212712,0
493,426107,2,0.8,initial,13,failed_best_swap_01_3,d5de3617cca3e23e,hard_positive_swap_02,6669,-2.810603874085186,-1.103891088859084,0.06767803534945427,0
494,426107,2,0.8,initial,14,power_top,7dede8fc5cadff5c,hard_positive_swap_02,6669,-22.850314295372215,-21.10280510988548,0.09423333784407503,0
495,426107,2,0.8,initial,15,parent_normalized,f196abcd479a13bc,adversarial_multi_corner_refinement,6657,6.742132195853419,6.742132195853419,0.03374227081941585,1
496,426107,2,0.8,initial,16,ring_quadrant,e0d8ee414a1a6eef,hard_positive_swap_02,6669,-22.831563757812305,-20.99364315401146,0.09275159132465195,0
497,426107,2,0.8,initial,17,mirrored_pair,4102ba4be08b7c2f,hard_positive_swap_02,6669,-23.864528451832324,-22.09855148267404,0.09077208243766431,0
498,426107,2,0.8,initial,18,min_spacing_150,92582429386abb0b,hard_positive_swap_02,6669,-14.80612748770237,-14.80612748770237,0.07886298277209129,0
499,426107,2,0.8,initial,19,edge_density,7c7bbc08bb1677a6,hard_positive_swap_02,6669,-19.00111065239836,-17.836620691634263,0.0822164442346084,0
500,426107,2,0.8,initial,20,center_density,3f98215c2292a2a6,hard_positive_swap_02,6669,-21.91966607000722,-19.56544414141183,0.09164537255615395,0
501,426107,2,0.8,initial,21,checker_balance,49c8e2afac06507b,hard_positive_swap_02,6669,-21.374297594674076,-19.018778562322183,0.08008333442897576,0
502,426107,2,0.8,initial,22,hard_positive_neighbor_00,92cd0e1df36d65bd,adversarial_multi_corner_refinement,6657,-13.384089854734306,-13.22117791368073,0.054482014350056236,0
503,426107,2,0.8,initial,23,hard_positive_swap_00,89ae99461581bad8,adversarial_multi_corner_refinement,6657,-13.540394490938432,-13.283714544379276,0.05374795979319863,0
504,426107,2,0.8,alternating,0,three_frequency_guided_swap_00,7eb26d9c98e0b3df,best_initial_refined,174,-1.6650252951562508,-0.1650342043259467,0.027288835328527414,0
505,426107,2,0.8,alternating,1,three_frequency_guided_swap_01,d1a721c8567bcd13,best_initial_refined,174,-1.6967290766441918,0.015586123293283113,0.029945270254574094,0
506,426107,2,0.8,alternating,2,three_frequency_guided_swap_02,59c9f0c98a3f10d9,best_initial_refined,174,-1.8484935328850942,0.04104540700901041,0.03849069848073836,0
507,426107,2,0.8,alternating,3,three_frequency_guided_swap_03,74e409d225efc3a0,best_initial_refined,174,-8.999520321429411,-8.580065682012552,0.04200942095220212,0
508,426107,2,0.8,alternating,4,three_frequency_guided_swap_04,d425b7391080bad3,best_initial_refined,174,-8.949357245389072,-8.622189662167917,0.045255441281485946,0
509,426107,2,0.8,alternating,5,three_frequency_guided_swap_05,83ce572633452fc4,best_initial_refined,174,2.9892427884564587,3.176183106960302,0.020693378220114335,1
510,426107,2,0.8,alternating,6,three_frequency_guided_swap_06,547f87703600d2c0,best_initial_refined,174,-2.0461875279345287,-0.36984532272129467,0.02339948691349565,0
511,426107,2,0.8,alternating,7,three_frequency_guided_swap_07,d95b0b7d37d5f3d7,best_initial_refined,174,-2.134455697577152,-0.4098399726681306,0.026055921839542327,0
512,426102,2,0.5,initial,0,three_frequency_guided_swap_00,2fca6bcb78a30d86,adversarial_multi_corner_refinement,6114,-4.79766125841974,-4.076144852739748,0.148705547014945,0
513,426102,2,0.5,initial,1,three_frequency_guided_swap_01,ea90e74c134b38d0,adversarial_multi_corner_refinement,6114,-6.222443516499357,-4.680526419910532,0.15033302982731678,0
514,426102,2,0.5,initial,2,three_frequency_guided_swap_02,ef46c2fba4e54df7,adversarial_multi_corner_refinement,6114,-6.001719638290734,-4.773158857220491,0.15171586026748018,0
515,426102,2,0.5,initial,3,three_frequency_guided_swap_03,9f50496d864167d2,adversarial_multi_corner_refinement,6114,-6.059753289997801,-4.78383590005517,0.15301941710932582,0
516,426102,2,0.5,initial,4,three_frequency_guided_swap_04,146d38c042f07d17,adversarial_multi_corner_refinement,6114,-6.241163390568206,-5.089590050511107,0.1555331294831922,0
517,426102,2,0.5,initial,5,three_frequency_guided_swap_05,5fbc233ca98b7a5f,adversarial_multi_corner_refinement,6114,-6.098210778961902,-4.926734624081305,0.15784727555302425,0
518,426102,2,0.5,initial,6,three_frequency_guided_swap_06,d5b207d0933c3610,adversarial_multi_corner_refinement,6114,-6.091227696293248,-4.899949511196348,0.15995806286834852,0
519,426102,2,0.5,initial,7,three_frequency_guided_swap_07,f0431be1dac19d43,adversarial_multi_corner_refinement,6114,-6.403220423509985,-5.133042165442719,0.16192525915831374,0
520,426102,2,0.5,initial,8,failed_best_swap_00_1,721f04cde9551db1,adversarial_multi_corner_refinement,6114,-3.4343495536171176,-3.4343495536171176,0.14701065722687406,0
521,426102,2,0.5,initial,9,failed_best_swap_00_2,09b0e66b261340ad,adversarial_multi_corner_refinement,6114,-20.995168062509514,-20.995168062509514,0.14556311649977283,0
522,426102,2,0.5,initial,10,failed_best_swap_00_3,d300e4b8e1b7fd96,adversarial_multi_corner_refinement,6114,-6.241999400227898,-6.025963612834114,0.14431390456446827,0
523,426102,2,0.5,initial,11,failed_best_swap_01_1,ffcf7c8bb6569b1d,center_density,6118,-3.917811754215955,-3.7967366954671022,0.15746763800641383,0
524,426102,2,0.5,initial,12,failed_best_swap_01_2,cc9ae3ace2a94603,center_density,6118,3.317165180624319,6.348408941969964,0.15614020617772473,0
525,426102,2,0.5,initial,13,failed_best_swap_01_3,69556068bff39ad3,center_density,6118,-13.484165254328433,-12.768919338024201,0.15597776421376613,0
526,426102,2,0.5,initial,14,power_top,be251dbd02bbbbd4,center_density,6118,-19.08984875581684,-17.605113893651247,0.1866866985626025,0
527,426102,2,0.5,initial,15,parent_normalized,14ba5b7362bf3f49,adversarial_multi_corner_refinement,6114,4.024097888638806,4.172600491545552,0.1466167787408918,1
528,426102,2,0.5,initial,16,ring_quadrant,70c19984168f4b73,center_density,6118,-16.999523890852355,-16.999523890852355,0.18500930963417148,0
529,426102,2,0.5,initial,17,mirrored_pair,74e26a9c3e63ccc4,center_density,6118,-18.951523349170344,-18.72282367072473,0.17827021249923952,0
530,426102,2,0.5,initial,18,min_spacing_150,ed45f6f4528fe1aa,adversarial_multi_corner_refinement,6114,-12.790876930742556,-12.56267731918198,0.17067693475177648,0
531,426102,2,0.5,initial,19,edge_density,ac7737a91bf3256c,adversarial_multi_corner_refinement,6114,-12.786514230146679,-12.630816654560826,0.17190091301192495,0
532,426102,2,0.5,initial,20,center_density,a1e08ce2481aa66a,center_density,6118,-18.12816320756173,-18.12816320756173,0.180498630951958,0
533,426102,2,0.5,initial,21,checker_balance,ebfefbd08c6a8174,adversarial_multi_corner_refinement,6114,-16.86950356829884,-15.829943952724314,0.1292553615352408,0
534,426102,2,0.5,initial,22,hard_positive_neighbor_00,e8e44726e4566270,center_density,6118,-18.821678006422516,-16.592528474469205,0.15730086233716167,0
535,426102,2,0.5,initial,23,hard_positive_swap_00,7795e55e3eb8a915,center_density,6118,-18.89826766032391,-16.216254866340204,0.15742170620552728,0
536,426102,2,0.5,alternating,0,three_frequency_guided_swap_00,ad3bbd74e0d5de5c,best_initial_refined,183,-6.4522368641132575,-5.127610843352734,0.1553457543262508,0
537,426102,2,0.5,alternating,1,three_frequency_guided_swap_01,f29f6a3f06441b47,best_initial_refined,183,-8.019571344944783,-7.43042325074132,0.156916339946993,0
538,426102,2,0.5,alternating,2,three_frequency_guided_swap_02,e09a241b3cde269e,best_initial_refined,183,-8.088004656386532,-7.520578736194214,0.1583125396470559,0
539,426102,2,0.5,alternating,3,three_frequency_guided_swap_03,a72f18f212174a0e,best_initial_refined,183,-8.02813485760607,-7.438525069120932,0.15963461402716736,0
540,426102,2,0.5,alternating,4,three_frequency_guided_swap_04,69c0619076505dcf,best_initial_refined,183,-7.634919755765587,-7.100725368699523,0.1621777284632811,0
541,426102,2,0.5,alternating,5,three_frequency_guided_swap_05,580f4d733cf2d12e,best_initial_refined,183,-7.398421525728035,-6.847150074861651,0.16440857318253407,0
542,426102,2,0.5,alternating,6,three_frequency_guided_swap_06,887a4d1ae74118bd,best_initial_refined,183,-7.4073333286059935,-6.80352641534447,0.16658539618022294,0
543,426102,2,0.5,alternating,7,three_frequency_guided_swap_07,b3897c2b8f938737,best_initial_refined,183,-6.440289491763727,-5.824136625066424,0.16866856265382474,1
544,426102,2,0.6,initial,0,three_frequency_guided_swap_00,a6173936db69b41f,adversarial_multi_corner_refinement,6101,-1.2284653210366938,-0.4885581955984817,0.1170502538566203,0
545,426102,2,0.6,initial,1,three_frequency_guided_swap_01,007aee6b70dfe76c,adversarial_multi_corner_refinement,6101,-1.2835640226311062,-0.45826952563851725,0.11956956091361882,0
546,426102,2,0.6,initial,2,three_frequency_guided_swap_02,0c4d1c840ee80142,adversarial_multi_corner_refinement,6101,-1.298402176822895,-0.4621421560179578,0.12121216095098661,0
547,426102,2,0.6,initial,3,three_frequency_guided_swap_03,e4a8b02cad8f867a,adversarial_multi_corner_refinement,6101,-1.293374443555729,-0.5012141712219188,0.12282338035578702,0
548,426102,2,0.6,initial,4,three_frequency_guided_swap_04,a8a2b55060807c80,adversarial_multi_corner_refinement,6101,-3.401847356969456,-2.4815841022329166,0.12592186494739033,0
549,426102,2,0.6,initial,5,three_frequency_guided_swap_05,94c1d2c946252206,adversarial_multi_corner_refinement,6101,-3.8063898808864405,-3.240073173786986,0.1287843491866935,0
550,426102,2,0.6,initial,6,three_frequency_guided_swap_06,e54b8faf050376cc,ratio_continuation_01,6098,-15.424616966495186,-15.044839199703507,0.13144021754774302,0
551,426102,2,0.6,initial,7,three_frequency_guided_swap_07,3118063d24b02519,ratio_continuation_01,6098,-15.334373234209638,-14.942831530936555,0.13390392787987904,0
552,426102,2,0.6,initial,8,failed_best_swap_00_1,311839e103ff26c8,adversarial_multi_corner_refinement,6101,4.330405466558671,6.127454066059231,0.11612224236255156,0
553,426102,2,0.6,initial,9,failed_best_swap_00_2,e9d63827699472ff,adversarial_multi_corner_refinement,6101,4.956286463001457,5.746543208611677,0.11468892016126087,1
554,426102,2,0.6,initial,10,failed_best_swap_00_3,c69844390fff2a9f,adversarial_multi_corner_refinement,6101,4.8381468482569785,5.106018088241821,0.11451691484535816,0
555,426102,2,0.6,initial,11,failed_best_swap_01_1,97dbb606fada1471,ratio_continuation_01,6098,-4.423064406967758,-4.423064406967758,0.1320762326979047,0
556,426102,2,0.6,initial,12,failed_best_swap_01_2,fa82e693effc6859,ratio_continuation_01,6098,-1.5134868004740363,-0.2124664969911313,0.13021153438191127,0
557,426102,2,0.6,initial,13,failed_best_swap_01_3,a87e9488f91d1248,ratio_continuation_01,6098,-4.34368753533853,-4.34368753533853,0.13131863633666233,0
558,426102,2,0.6,initial,14,power_top,af4a6083cfbe149e,ratio_continuation_01,6098,-18.988232978740882,-18.988232978740882,0.1627812615387137,0
559,426102,2,0.6,initial,15,parent_normalized,f2f6a97e5a0d97bb,adversarial_multi_corner_refinement,6101,4.917519612353089,6.2065634176953965,0.11442924469217308,0
560,426102,2,0.6,initial,16,ring_quadrant,abc47474769aca7f,ratio_continuation_01,6098,-23.752867813778124,-23.752867813778124,0.1597122521369463,0
561,426102,2,0.6,initial,17,mirrored_pair,43fcd59177dfa1b6,ratio_continuation_01,6098,-17.934486214520426,-17.934486214520426,0.15485790224458798,0
562,426102,2,0.6,initial,18,min_spacing_150,477804870f439717,ratio_continuation_01,6098,-15.729693857858178,-15.729693857858178,0.15155967951098223,0
563,426102,2,0.6,initial,19,edge_density,0d69d0a498806a1d,ratio_continuation_01,6098,-16.007421044972258,-15.770821728719062,0.15321418484223925,0
564,426102,2,0.6,initial,20,center_density,4cc12006eeeefada,ratio_continuation_01,6098,-19.74783121560508,-18.117785043558523,0.15456548784958454,0
565,426102,2,0.6,initial,21,checker_balance,385b8013dd638224,adversarial_multi_corner_refinement,6101,-20.029988252070602,-20.029988252070602,0.1291134335071863,0
566,426102,2,0.6,initial,22,hard_positive_neighbor_00,a53abe5526fd7a23,ratio_continuation_01,6098,-6.05470152392951,-5.674045745455444,0.13274429613594008,0
567,426102,2,0.6,initial,23,hard_positive_swap_00,5aaae0ce75f30b09,ratio_continuation_01,6098,-14.784739232036975,-9.194021732732043,0.13229098897887892,0
568,426102,2,0.6,alternating,0,three_frequency_guided_swap_00,195786fbd0773998,best_initial_refined,194,4.578921353298504,5.495534716227831,0.0987665659447191,0
569,426102,2,0.6,alternating,1,three_frequency_guided_swap_01,f74bd5caa2cb7fa8,best_initial_refined,194,4.8034845944456785,5.538163987634912,0.10136774100600521,1
570,426102,2,0.6,alternating,2,three_frequency_guided_swap_02,216b8e8cb19fb597,best_initial_refined,194,3.205409102085423,3.308480078669682,0.1031781602286822,0
571,426102,2,0.6,alternating,3,three_frequency_guided_swap_03,a004bf314d70962c,best_initial_refined,194,-0.4044063040538299,-0.3097455492990855,0.1049054068257597,0
572,426102,2,0.6,alternating,4,three_frequency_guided_swap_04,23863f902d57fc35,best_initial_refined,194,-1.7009698721316269,-1.7009698721316269,0.1082746861673942,0
573,426102,2,0.6,alternating,5,three_frequency_guided_swap_05,5a68a50902cdec0b,best_initial_refined,194,-3.1805705342482242,-3.085201889630869,0.11144918513804258,0
574,426102,2,0.6,alternating,6,three_frequency_guided_swap_06,421f8bb4d87a7986,best_initial_refined,194,-5.824560757238238,-5.26394056958578,0.11435514242000677,0
575,426102,2,0.6,alternating,7,three_frequency_guided_swap_07,109afe29ea0467ce,best_initial_refined,194,-6.096726685934263,-5.62434126782465,0.11709729412271476,0
576,426102,2,0.7,initial,0,three_frequency_guided_swap_00,684f4650d8a42a8e,adversarial_multi_corner_refinement,6060,0.4395339018817245,1.444415107150391,0.10431005760283117,0
577,426102,2,0.7,initial,1,three_frequency_guided_swap_01,016e346a6204ab5e,adversarial_multi_corner_refinement,6060,0.5436068163759668,1.451462202778797,0.1069218236572995,0
578,426102,2,0.7,initial,2,three_frequency_guided_swap_02,bf16ea9df09252c0,adversarial_multi_corner_refinement,6060,0.6615533860762473,1.3792595473661584,0.10875724722385734,0
579,426102,2,0.7,initial,3,three_frequency_guided_swap_03,ae7f5c9a619b111d,adversarial_multi_corner_refinement,6060,0.6665407136215706,1.343961400025674,0.11026346763277019,0
580,426102,2,0.7,initial,4,three_frequency_guided_swap_04,f39f7ee15191ffb7,adversarial_multi_corner_refinement,6060,-2.0224579653835586,-1.8336652546949896,0.11313179958580141,0
581,426102,2,0.7,initial,5,three_frequency_guided_swap_05,df574998a9274d16,adversarial_multi_corner_refinement,6060,-3.99334037495989,-3.99334037495989,0.11581855444026637,0
582,426102,2,0.7,initial,6,three_frequency_guided_swap_06,0b7d31fd8d6d4958,adversarial_multi_corner_refinement,6060,-3.926023664678553,-3.926023664678553,0.11827157903225882,0
583,426102,2,0.7,initial,7,three_frequency_guided_swap_07,dbc435bbe321ef71,adversarial_multi_corner_refinement,6060,-4.433790155195558,-4.433790155195558,0.12056228818240634,0
584,426102,2,0.7,initial,8,failed_best_swap_00_1,738d9139496604fc,adversarial_multi_corner_refinement,6060,-2.3976295875450497,-2.3860544130456858,0.10131773912384616,0
585,426102,2,0.7,initial,9,failed_best_swap_00_2,560862541fe57747,adversarial_multi_corner_refinement,6060,3.640133013550331,3.6959096056748315,0.10196211303860635,0
586,426102,2,0.7,initial,10,failed_best_swap_00_3,63a0d0c93815d68b,adversarial_multi_corner_refinement,6060,-2.309893713688848,-2.2875779602903186,0.10122577961278227,0
587,426102,2,0.7,initial,11,failed_best_swap_01_1,59d28f1d22daa217,local_swap_04,6073,-4.987777461440607,-4.752646545250567,0.12159234704524106,0
588,426102,2,0.7,initial,12,failed_best_swap_01_2,434432475906f6a0,local_swap_04,6073,1.5056101880798136,4.05071904494887,0.1207928567651907,0
589,426102,2,0.7,initial,13,failed_best_swap_01_3,c4a3b574afbcea63,local_swap_04,6073,-2.113261077625255,-2.113261077625255,0.12029236605555077,0
590,426102,2,0.7,initial,14,power_top,cc88e2a5ff33d574,local_swap_04,6073,-22.286734990175006,-22.286734990175006,0.1440569402005571,0
591,426102,2,0.7,initial,15,parent_normalized,0b6e353c7c45f104,adversarial_multi_corner_refinement,6060,5.878187525634554,5.878187525634554,0.10146447965352247,1
592,426102,2,0.7,initial,16,ring_quadrant,f0c289518dc5118c,local_swap_04,6073,-24.341900701133596,-24.341900701133596,0.14169836134045968,0
593,426102,2,0.7,initial,17,mirrored_pair,c1dd68a6706355b4,local_swap_04,6073,-22.793494598418253,-22.793494598418253,0.1375750592414018,0
594,426102,2,0.7,initial,18,min_spacing_150,54ce321f3ac66791,local_swap_04,6073,-16.892717860082264,-14.485242832852162,0.13470016762137973,0
595,426102,2,0.7,initial,19,edge_density,68517092240f7fb2,local_swap_04,6073,-17.032288808269463,-16.594674432475486,0.13707486238243605,0
596,426102,2,0.7,initial,20,center_density,173a75e190460911,local_swap_04,6073,-23.1439292480148,-23.1439292480148,0.139415282520156,0
597,426102,2,0.7,initial,21,checker_balance,cfe4c54fc649116c,local_swap_04,6073,-25.629207890682068,-25.629207890682068,0.12514067441228607,0
598,426102,2,0.7,initial,22,hard_positive_neighbor_00,5890201a995778ba,adversarial_multi_corner_refinement,6060,-19.52006339759834,-18.262108992663666,0.09845069689663012,0
599,426102,2,0.7,initial,23,hard_positive_swap_00,296a4cea4712260f,adversarial_multi_corner_refinement,6060,-19.523890592979885,-18.266871381746473,0.09757169895740468,0
600,426102,2,0.7,alternating,0,three_frequency_guided_swap_00,3dd85854a8567a88,best_initial_refined,203,0.12590269874408253,0.12590269874408253,0.12318626789040125,0
601,426102,2,0.7,alternating,1,three_frequency_guided_swap_01,07474ab45a8c3adb,best_initial_refined,203,-5.012364347989241,-4.94003910043266,0.12607026883767097,0
602,426102,2,0.7,alternating,2,three_frequency_guided_swap_02,6f06910b3dc42893,best_initial_refined,203,-5.278666169093013,-5.278666169093013,0.12870911048096617,0
603,426102,2,0.7,alternating,3,three_frequency_guided_swap_03,fbf87be9b103ecf2,best_initial_refined,203,-6.163853505561875,-6.15616481448188,0.1310786577266474,0
604,426102,2,0.7,alternating,4,three_frequency_guided_swap_04,9ff926c0809d6821,best_initial_refined,203,-5.42023610129589,-5.390887195967176,0.1332806453622943,0
605,426102,2,0.7,alternating,5,three_frequency_guided_swap_05,787caa5bb12d053f,best_initial_refined,203,0.4512764128413138,0.4512764128413138,0.11696977118087497,1
606,426102,2,0.7,alternating,6,three_frequency_guided_swap_06,b7143170901af046,best_initial_refined,203,0.3568415998573637,0.3568415998573637,0.11875234644795295,0
607,426102,2,0.7,alternating,7,three_frequency_guided_swap_07,d9d1420bbd1e5035,best_initial_refined,203,0.3507146340584269,0.3507146340584269,0.12040896937241012,0
608,426102,2,0.8,initial,0,three_frequency_guided_swap_00,af04be91e7f7bbe7,mirrored_pair,6019,-2.081611676729237,-1.9976117847371289,0.10465466189944948,0
609,426102,2,0.8,initial,1,three_frequency_guided_swap_01,578f48d9dc4acb29,mirrored_pair,6019,-2.5919403370320833,-2.5270537556463823,0.105886819979181,0
610,426102,2,0.8,initial,2,three_frequency_guided_swap_02,76fc9c708fcc6351,mirrored_pair,6019,-4.279364334327042,-3.928393253321114,0.10703726965043328,0
611,426102,2,0.8,initial,3,three_frequency_guided_swap_03,cd2de246fb2c5b26,mirrored_pair,6019,-6.925086549873632,-6.514038169630364,0.10813946074573953,0
612,426102,2,0.8,initial,4,three_frequency_guided_swap_04,ab3c7ae3e1bedb9d,mirrored_pair,6019,-6.384525656428581,-5.879580403564189,0.1098217535557801,0
613,426102,2,0.8,initial,5,three_frequency_guided_swap_05,099fd7c881c54a97,center_density,6022,-3.7417959758726287,-3.7417959758726287,0.11132492441265598,0
614,426102,2,0.8,initial,6,three_frequency_guided_swap_06,56df264e7ccb1433,center_density,6022,-4.504267305666961,-3.8406849150340667,0.11261945100540426,0
615,426102,2,0.8,initial,7,three_frequency_guided_swap_07,5be1159ef571ec3c,center_density,6022,-4.600519246060526,-4.076294326320317,0.11382664318621008,0
616,426102,2,0.8,initial,8,failed_best_swap_00_1,c953d793d26ae4af,mirrored_pair,6019,-0.498490675958576,0.17318651858806297,0.10321971131657497,0
617,426102,2,0.8,initial,9,failed_best_swap_00_2,8f1d26a6ac24cebb,mirrored_pair,6019,-3.5434854071342174,-2.9002495445577328,0.10334937214292926,0
618,426102,2,0.8,initial,10,failed_best_swap_00_3,7f3324a90b43e28b,mirrored_pair,6019,-4.529951680552892,-2.5629667744177502,0.10190964000392985,0
619,426102,2,0.8,initial,11,failed_best_swap_01_1,d70a6c709bbe86ee,center_density,6022,-0.3018715884815853,-0.08105951464412064,0.10941182162047819,0
620,426102,2,0.8,initial,12,failed_best_swap_01_2,0fed375da6788099,center_density,6022,-1.489427633458499,-0.8828511998026777,0.10964045283999242,0
621,426102,2,0.8,initial,13,failed_best_swap_01_3,ea43a0fe04b529f4,center_density,6022,3.183130336616684,5.146571220098762,0.10914331266394683,0
622,426102,2,0.8,initial,14,power_top,25d72205b057ff84,center_density,6022,-16.269281266775423,-14.732030051953636,0.12135391345390525,0
623,426102,2,0.8,initial,15,parent_normalized,2607726f511761bf,mirrored_pair,6019,4.355069869682669,5.315972270516407,0.10330223269119145,1
624,426102,2,0.8,initial,16,ring_quadrant,7e52b03de6db075d,center_density,6022,-16.90592114717812,-16.770863244273258,0.1196534809682453,0
625,426102,2,0.8,initial,17,mirrored_pair,60d289edf1397163,center_density,6022,-18.53609321434587,-18.24259358613278,0.11706755876219473,0
626,426102,2,0.8,initial,18,min_spacing_150,17b3c574f4d56c88,center_density,6022,-17.603516018730165,-17.603516018730165,0.11448832892310778,0
627,426102,2,0.8,initial,19,edge_density,18f472632c72fd49,center_density,6022,-17.57605225767321,-17.57605225767321,0.11487260150278208,0
628,426102,2,0.8,initial,20,center_density,8081a9a5334cecc3,center_density,6022,-17.617977826990728,-17.59588343425237,0.11825044169873825,0
629,426102,2,0.8,initial,21,checker_balance,eb5b1b45fd087d3f,center_density,6022,-9.127714696269438,-7.272203007299854,0.11062849274407892,0
630,426102,2,0.8,initial,22,hard_positive_neighbor_00,92cd0e1df36d65bd,mirrored_pair,6019,-16.04137119706185,-16.04137119706185,0.09466791925626862,0
631,426102,2,0.8,initial,23,hard_positive_swap_00,5bf1a395ae0bac3e,mirrored_pair,6019,-17.297250400674177,-17.297250400674177,0.09548292071081212,0
632,426102,2,0.8,alternating,0,three_frequency_guided_swap_00,da17af6f7f06327a,best_initial_refined,214,-5.816115787441608,-5.816115787441608,0.09101120262884856,0
633,426102,2,0.8,alternating,1,three_frequency_guided_swap_01,19277b98cd6b360a,best_initial_refined,214,-7.547794994120787,-7.384632428961683,0.09410294984379185,0
634,426102,2,0.8,alternating,2,three_frequency_guided_swap_02,ef29a71150109880,best_initial_refined,214,-6.814719866629656,-6.814719866629656,0.095807627498083,0
635,426102,2,0.8,alternating,3,three_frequency_guided_swap_03,375ea28851990fca,best_initial_refined,214,-8.436297906486946,-7.594877199962716,0.09731931783665132,0
636,426102,2,0.8,alternating,4,three_frequency_guided_swap_04,8f689af472ffdf97,best_initial_refined,214,-8.310998153378955,-7.543807530832234,0.09871135856017076,0
637,426102,2,0.8,alternating,5,three_frequency_guided_swap_05,6450d8dd038b1f8e,best_initial_refined,214,2.2664087095409013,3.0484902670027125,0.08825751442008711,1
638,426102,2,0.8,alternating,6,three_frequency_guided_swap_06,d6ef982d37f1518b,best_initial_refined,214,-5.156369150889756,-5.156369150889756,0.08949387346283266,0
639,426102,2,0.8,alternating,7,three_frequency_guided_swap_07,20c1a9acf6aa76e4,best_initial_refined,214,-4.989841841563647,-4.989841841563647,0.09059523894382447,0
640,426105,2,0.5,initial,0,three_frequency_guided_swap_00,34860bf056b500d6,adversarial_multi_corner_refinement,6512,7.659617760697692,8.259477654828505,0.0093533370860082,1
641,426105,2,0.5,initial,1,three_frequency_guided_swap_01,6004f1cc2003b41d,adversarial_multi_corner_refinement,6512,1.4828551842536795,1.564980047388842,0.013088532920964938,0
642,426105,2,0.5,initial,2,three_frequency_guided_swap_02,82313bbe4ec122e8,adversarial_multi_corner_refinement,6512,-7.9508728922260286,-6.818654426644124,0.01616052287500167,0
643,426105,2,0.5,initial,3,three_frequency_guided_swap_03,98d575c77b782813,adversarial_multi_corner_refinement,6512,-7.958867673535392,-6.804744773592601,0.019031556346453444,0
644,426105,2,0.5,initial,4,three_frequency_guided_swap_04,99d75909047e5008,adversarial_multi_corner_refinement,6512,-21.162939777641196,-21.162939777641196,0.02407025945609318,0
645,426105,2,0.5,initial,5,three_frequency_guided_swap_05,944714c24852b3e7,adversarial_multi_corner_refinement,6512,-20.992518466310123,-20.992518466310123,0.028904111643319318,0
646,426105,2,0.5,initial,6,three_frequency_guided_swap_06,d15ad7542fe42d3e,adversarial_multi_corner_refinement,6512,-21.091331199588303,-21.091331199588303,0.03294152683658501,0
647,426105,2,0.5,initial,7,three_frequency_guided_swap_07,5f42a360f22f3893,adversarial_multi_corner_refinement,6512,-21.07224181872802,-21.07224181872802,0.03662961899476325,0
648,426105,2,0.5,initial,8,failed_best_swap_00_1,9d85fa2dba0fd319,adversarial_multi_corner_refinement,6512,1.9962447812269215,1.9962447812269215,0.004196807542161512,0
649,426105,2,0.5,initial,9,failed_best_swap_00_2,6825d2d4d64ad04b,adversarial_multi_corner_refinement,6512,0.3327593933287021,0.3327593933287021,0.002278287701025744,0
650,426105,2,0.5,initial,10,failed_best_swap_00_3,d4bef75a4e4de70f,adversarial_multi_corner_refinement,6512,-8.600488336193486,-5.145210292625504,0.008375660019538139,0
651,426105,2,0.5,initial,11,failed_best_swap_01_1,29e6ca2186459914,continuation_swap_02,6517,-3.6227275610511485,-3.6227275610511485,0.027483614969602548,0
652,426105,2,0.5,initial,12,failed_best_swap_01_2,c2af2192e8d5ea98,continuation_swap_02,6517,-14.435191491742806,-13.631098342520257,0.026526038404794568,0
653,426105,2,0.5,initial,13,failed_best_swap_01_3,68a17f2c7a81331b,continuation_swap_02,6517,-4.83492573345286,-3.8129101110925485,0.02730724782352062,0
654,426105,2,0.5,initial,14,power_top,e0fe65132a7368a1,continuation_swap_02,6517,-22.366390519946798,-19.214330115655716,0.0894279967180148,0
655,426105,2,0.5,initial,15,parent_normalized,ce16e8dddeca0e89,adversarial_multi_corner_refinement,6512,7.604205153218745,8.314094883899658,0.003967317164291047,0
656,426105,2,0.5,initial,16,ring_quadrant,b7ed5ba8b974c280,continuation_swap_02,6517,-37.15250373702145,-36.62534267471573,0.0852114435557719,0
657,426105,2,0.5,initial,17,mirrored_pair,689dfd1eabc02651,continuation_swap_02,6517,-22.72479557264014,-17.809300444180302,0.07811669393834353,0
658,426105,2,0.5,initial,18,min_spacing_150,5894969f38f974ad,continuation_swap_02,6517,-20.226044036106245,-17.892643799791298,0.07225534495488505,0
659,426105,2,0.5,initial,19,edge_density,c92b20ff4f89d258,continuation_swap_02,6517,-20.156670241030696,-16.907133507072484,0.07510743850916159,0
660,426105,2,0.5,initial,20,center_density,8b71caa83d8ce79c,continuation_swap_02,6517,-33.98303575067345,-33.98303575067345,0.07529035628818709,0
661,426105,2,0.5,initial,21,checker_balance,ebfefbd08c6a8174,continuation_swap_02,6517,-26.079400524681347,-23.84226084196613,0.028350381767241847,0
662,426105,2,0.5,initial,22,hard_positive_neighbor_00,e8e44726e4566270,continuation_swap_02,6517,-29.24958432315657,-27.410471701091097,0.0436088593879337,0
663,426105,2,0.5,initial,23,hard_positive_swap_00,6236f95bc3ad12df,continuation_swap_02,6517,-28.530665157322165,-26.57836546128418,0.04106927416341523,0
664,426105,2,0.5,alternating,0,three_frequency_guided_swap_00,668e3412cc4895fb,best_initial_refined,222,-0.7470047481940274,0.3413050268152098,0.03468793631966184,1
665,426105,2,0.5,alternating,1,three_frequency_guided_swap_01,9b7648efa5e4459a,best_initial_refined,222,-9.37523903911137,-7.649239364584643,0.037608082396487,0
666,426105,2,0.5,alternating,2,three_frequency_guided_swap_02,23e0239ab0772b98,best_initial_refined,222,-9.214587211411834,-7.517760182998615,0.040249977627902986,0
667,426105,2,0.5,alternating,3,three_frequency_guided_swap_03,01f5a3315dd56966,best_initial_refined,222,-21.833960989076058,-20.713833527912307,0.04255912673277242,0
668,426105,2,0.5,alternating,4,three_frequency_guided_swap_04,9c014699425674fb,best_initial_refined,222,-21.91069570273342,-20.742471785228563,0.046940556637928385,0
669,426105,2,0.5,alternating,5,three_frequency_guided_swap_05,17815e5cffaa57cf,best_initial_refined,222,-21.94784988729841,-20.78596304711047,0.051081636034653724,0
670,426105,2,0.5,alternating,6,three_frequency_guided_swap_06,45938ad1b7b6876d,best_initial_refined,222,-21.950876166370136,-20.69699859731228,0.054564213904108434,0
671,426105,2,0.5,alternating,7,three_frequency_guided_swap_07,8580ac327be218f5,best_initial_refined,222,-21.98710640031454,-20.909615592944313,0.05763917770412725,0
672,426105,2,0.6,initial,0,three_frequency_guided_swap_00,0ec56d9e614b3032,adversarial_multi_corner_refinement,6486,4.779048639957232,7.040884248578232,-0.0036059434043561847,1
673,426105,2,0.6,initial,1,three_frequency_guided_swap_01,c7b6d38d7285a478,adversarial_multi_corner_refinement,6486,0.15868217693761366,0.15868217693761366,-0.0003667887836650624,0
674,426105,2,0.6,initial,2,three_frequency_guided_swap_02,3128366faa7c961e,adversarial_multi_corner_refinement,6486,-6.121856684622571,-5.72973995428532,0.002309477715143492,0
675,426105,2,0.6,initial,3,three_frequency_guided_swap_03,de6d923a2745345c,adversarial_multi_corner_refinement,6486,-6.121255982029126,-5.729620022530664,0.004755775715580139,0
676,426105,2,0.6,initial,4,three_frequency_guided_swap_04,75d5bc19950b865a,adversarial_multi_corner_refinement,6486,-18.1791419909626,-16.68130326857624,0.009011089010222377,0
677,426105,2,0.6,initial,5,three_frequency_guided_swap_05,fbe7b68c9c2c08f7,adversarial_multi_corner_refinement,6486,-18.260714425141593,-16.741234336805494,0.012972029296113302,0
678,426105,2,0.6,initial,6,three_frequency_guided_swap_06,5984f0bb515d4b06,adversarial_multi_corner_refinement,6486,-18.249291478654403,-16.746806788257196,0.016327389115008254,0
679,426105,2,0.6,initial,7,three_frequency_guided_swap_07,2011ff1f387b7595,adversarial_multi_corner_refinement,6486,-18.746533551799324,-16.629896862013844,0.019376524983603045,0
680,426105,2,0.6,initial,8,failed_best_swap_00_1,30b6969cdad3ceb8,adversarial_multi_corner_refinement,6486,-8.004699592473205,-7.470245012439002,-0.008601024940578482,0
681,426105,2,0.6,initial,9,failed_best_swap_00_2,d99bccd4a2561598,adversarial_multi_corner_refinement,6486,0.24425247156315083,1.5751175747647777,-0.0069661078570374384,0
682,426105,2,0.6,initial,10,failed_best_swap_00_3,58f365f2ebb9e78f,adversarial_multi_corner_refinement,6486,-8.522887972954786,-6.191854620745398,-0.006925802674668588,0
683,426105,2,0.6,initial,11,failed_best_swap_01_1,cd8f2e543a370825,checker_balance,6471,-15.276807597465016,-14.720976373626948,0.017444698596525556,0
684,426105,2,0.6,initial,12,failed_best_swap_01_2,280b97063fbb40f2,checker_balance,6471,-2.3933312434937166,-1.4097446714779749,0.017744300645174335,0
685,426105,2,0.6,initial,13,failed_best_swap_01_3,a89cd8a674520750,checker_balance,6471,-11.150866959896868,-11.150866959896868,0.017913462931673247,0
686,426105,2,0.6,initial,14,power_top,3da5999e5f1d89f3,checker_balance,6471,-25.64489047210043,-23.722303682404657,0.062067155062605295,0
687,426105,2,0.6,initial,15,parent_normalized,8e373a2d63cf10e4,adversarial_multi_corner_refinement,6486,4.716386906888257,7.4567371646678335,-0.008219316292743912,0
688,426105,2,0.6,initial,16,ring_quadrant,fcbda081ab690c94,checker_balance,6471,-26.153175167764733,-20.806745611674287,0.05892817689046645,0
689,426105,2,0.6,initial,17,mirrored_pair,879c68895c61121c,checker_balance,6471,-18.521044284969427,-17.725418533399672,0.0527665619349086,0
690,426105,2,0.6,initial,18,min_spacing_150,45a0beb45c323ecb,checker_balance,6471,-16.77994699764514,-15.8347595226075,0.04709624490668204,0
691,426105,2,0.6,initial,19,edge_density,72cd543a48502429,checker_balance,6471,-21.615967595225722,-19.961402538126364,0.05076751998993985,0
692,426105,2,0.6,initial,20,center_density,d55570a50cd02a96,checker_balance,6471,-21.658970796491815,-16.689316105495195,0.05109504134507664,0
693,426105,2,0.6,initial,21,checker_balance,bbfc6e47e434ecef,checker_balance,6471,-23.79254817989802,-19.239627174867778,0.028663035313611,0
694,426105,2,0.6,initial,22,hard_positive_neighbor_00,a53abe5526fd7a23,checker_balance,6471,-21.535438826690974,-16.52329055270945,0.024278000469947266,0
695,426105,2,0.6,initial,23,hard_positive_swap_00,326374502990a846,checker_balance,6471,-21.37407054568996,-16.37172818942551,0.02390241079364923,0
696,426105,2,0.6,alternating,0,three_frequency_guided_swap_00,b9e643c82b1658ae,best_initial_refined,231,0.0011813402046535145,2.2764611800646146,0.017651378115425078,1
697,426105,2,0.6,alternating,1,three_frequency_guided_swap_01,6e66463741eb1b2f,best_initial_refined,231,-6.704566529811346,-5.808953477849323,0.020222575165896213,0
698,426105,2,0.6,alternating,2,three_frequency_guided_swap_02,fea73d527aa954e4,best_initial_refined,231,-6.708172989889886,-5.790537159000549,0.022519473501558022,0
699,426105,2,0.6,alternating,3,three_frequency_guided_swap_03,e235dcb388eefb26,best_initial_refined,231,-17.79858097562506,-16.89199119346257,0.0245898451738509,0
700,426105,2,0.6,alternating,4,three_frequency_guided_swap_04,bba325d68eac5896,best_initial_refined,231,-17.947249998282487,-17.012444469539634,0.028443624177042347,0
701,426105,2,0.6,alternating,5,three_frequency_guided_swap_05,7b5763e2116a22a0,best_initial_refined,231,-18.52117955876816,-16.946500573840456,0.031918769811830845,0
702,426105,2,0.6,alternating,6,three_frequency_guided_swap_06,86161bcfb5591d4d,best_initial_refined,231,-18.75338634571371,-16.852098199905733,0.034943054198392,0
703,426105,2,0.6,alternating,7,three_frequency_guided_swap_07,7e7005dadd42d3f3,best_initial_refined,231,-18.78087537682181,-17.924772041138482,0.03772496789268027,0
704,426105,2,0.7,initial,0,three_frequency_guided_swap_00,ec5170f8d349e0c0,adversarial_multi_corner_refinement,6451,2.878229190994021,2.878229190994021,-0.020818431879710064,0
705,426105,2,0.7,initial,1,three_frequency_guided_swap_01,ad1cdaf4049f7b05,adversarial_multi_corner_refinement,6451,0.41889423003511317,2.6250962197572796,-0.01779207777508906,0
706,426105,2,0.7,initial,2,three_frequency_guided_swap_02,f32667f1186751af,adversarial_multi_corner_refinement,6451,-4.691300457496874,-3.465275816072593,-0.01524805064059502,0
707,426105,2,0.7,initial,3,three_frequency_guided_swap_03,7c98166e6a2f6599,adversarial_multi_corner_refinement,6451,-4.7961782195256575,-3.5345397984739684,-0.01293448053841323,0
708,426105,2,0.7,initial,4,three_frequency_guided_swap_04,d4179743b7a0f5ab,adversarial_multi_corner_refinement,6451,-17.25304298537704,-15.749263663380278,-0.008619337375652913,0
709,426105,2,0.7,initial,5,three_frequency_guided_swap_05,a60ebc32dbc4f11e,adversarial_multi_corner_refinement,6451,-18.325165836360423,-16.51100569489366,-0.004671990083152524,0
710,426105,2,0.7,initial,6,three_frequency_guided_swap_06,fd71627f45d68dee,adversarial_multi_corner_refinement,6451,-18.28463533738482,-16.46295032822958,-0.0012265421371925186,0
711,426105,2,0.7,initial,7,three_frequency_guided_swap_07,a29b75c88664f3a1,adversarial_multi_corner_refinement,6451,-18.22584294306264,-16.81087338714579,0.0018800465228411768,0
712,426105,2,0.7,initial,8,failed_best_swap_00_1,97447d2584127c72,adversarial_multi_corner_refinement,6451,0.26944065863122435,1.1527332924285623,-0.026311063410780596,0
713,426105,2,0.7,initial,9,failed_best_swap_00_2,9b10a538cef48141,adversarial_multi_corner_refinement,6451,-1.141122414711911,-1.141122414711911,-0.023093784302081147,0
714,426105,2,0.7,initial,10,failed_best_swap_00_3,79a17cb88980f999,adversarial_multi_corner_refinement,6451,-2.8837189906627008,-2.1865327348988384,-0.024561353904632505,0
715,426105,2,0.7,initial,11,failed_best_swap_01_1,e6206e2175a5f57d,hard_positive_swap_01,6443,-3.731740308786841,-3.437642725021191,0.023621568429196424,0
716,426105,2,0.7,initial,12,failed_best_swap_01_2,069b7feebbcf80fe,hard_positive_swap_01,6443,2.567333609846931,2.9394798428215942,0.02396945767895248,0
717,426105,2,0.7,initial,13,failed_best_swap_01_3,084f49af7df09d0a,hard_positive_swap_01,6443,-6.403821872561841,-5.664884574324837,0.022096985539695968,0
718,426105,2,0.7,initial,14,power_top,3da2e390429cd3b7,hard_positive_swap_01,6443,-25.258159798791368,-23.085778083016958,0.03788687619100315,0
719,426105,2,0.7,initial,15,parent_normalized,d128f00d88494f74,adversarial_multi_corner_refinement,6451,6.293259873157911,6.293259873157911,-0.02508490040809701,1
720,426105,2,0.7,initial,16,ring_quadrant,d2f5bed7a7c4cf48,hard_positive_swap_01,6443,-26.274440023804782,-23.34936578107133,0.03750771784930216,0
721,426105,2,0.7,initial,17,mirrored_pair,df2823f1478631cb,hard_positive_swap_01,6443,-25.362764980682147,-24.99795322790741,0.032051357027433044,0
722,426105,2,0.7,initial,18,min_spacing_150,fb04fd04095bf7ef,hard_positive_swap_01,6443,-22.14893286984527,-20.492587536206877,0.028009840048228832,0
723,426105,2,0.7,initial,19,edge_density,193536ac06e3fa64,hard_positive_swap_01,6443,-22.157233774573108,-20.986086208609166,0.029471934990986284,0
724,426105,2,0.7,initial,20,center_density,396ba7b9ccecdca7,hard_positive_swap_01,6443,-22.691181862154934,-20.466391012749156,0.03390525023425239,0
725,426105,2,0.7,initial,21,checker_balance,3d93a2265e7231fa,hard_positive_swap_01,6443,-21.50972418385018,-18.060557403571277,0.020004434253417854,0
726,426105,2,0.7,initial,22,hard_positive_neighbor_00,5890201a995778ba,hard_positive_swap_01,6443,-28.46820773913686,-25.36809403531986,0.0024057107924811455,0
727,426105,2,0.7,initial,23,hard_positive_swap_00,d6269848394dfcd1,hard_positive_swap_01,6443,-28.448882249424013,-25.340098741666502,0.002225014638190039,0
728,426105,2,0.7,alternating,0,three_frequency_guided_swap_00,fc4d97d1f832e485,best_initial_refined,244,-4.007190046059982,-3.762840188055656,-0.03588025287487781,1
729,426105,2,0.7,alternating,1,three_frequency_guided_swap_01,5190f6505f26cc3b,best_initial_refined,244,-4.315766022486873,-3.763071659878004,-0.03329902134371033,0
730,426105,2,0.7,alternating,2,three_frequency_guided_swap_02,b1684a39254227d4,best_initial_refined,244,-4.323526831023945,-3.149781128239547,-0.030939422948873054,0
731,426105,2,0.7,alternating,3,three_frequency_guided_swap_03,ffb5af66564e9aca,best_initial_refined,244,-16.080442924776293,-14.474019417957981,-0.02649890253529763,0
732,426105,2,0.7,alternating,4,three_frequency_guided_swap_04,047cbca9a86a13e6,best_initial_refined,244,-16.120853601767248,-14.518656676663985,-0.02244258646163978,0
733,426105,2,0.7,alternating,5,three_frequency_guided_swap_05,420c42099ba6cceb,best_initial_refined,244,-19.815503331105035,-19.815503331105035,-0.018647708991639034,0
734,426105,2,0.7,alternating,6,three_frequency_guided_swap_06,d2ddedba3a45affa,best_initial_refined,244,-20.883282379472433,-20.883282379472433,-0.01531506779527989,0
735,426105,2,0.7,alternating,7,three_frequency_guided_swap_07,cbec19eaa3e567d6,best_initial_refined,244,-4.113169015571235,-3.877184840879531,-0.040231529507828476,0
736,426105,2,0.8,initial,0,three_frequency_guided_swap_00,fc76fe791c7e0abb,adversarial_multi_corner_refinement,6409,-1.8859387098294191,-0.0963314888495081,-0.03288319035632679,0
737,426105,2,0.8,initial,1,three_frequency_guided_swap_01,d5af354752f25b33,adversarial_multi_corner_refinement,6409,-1.8949285341798585,-0.11153471403193752,-0.030272991545910413,0
738,426105,2,0.8,initial,2,three_frequency_guided_swap_02,f9b87c56a01b8495,adversarial_multi_corner_refinement,6409,-8.375756979758481,-7.237592005803063,-0.02768364153594252,0
739,426105,2,0.8,initial,3,three_frequency_guided_swap_03,5ef17dd212fa29e1,adversarial_multi_corner_refinement,6409,-8.12946171328072,-7.113275507031769,-0.02532874549597899,0
740,426105,2,0.8,initial,4,three_frequency_guided_swap_04,ae96407a0d17ef56,adversarial_multi_corner_refinement,6409,-12.883767396844592,-12.883767396844592,-0.020909990544245215,0
741,426105,2,0.8,initial,5,three_frequency_guided_swap_05,38709be355d819a4,adversarial_multi_corner_refinement,6409,-11.965439844786953,-11.965439844786953,-0.017153695415621648,0
742,426105,2,0.8,initial,6,three_frequency_guided_swap_06,592f3b2bec5da0e0,adversarial_multi_corner_refinement,6409,-13.71215677922876,-13.71215677922876,-0.01389296040379818,0
743,426105,2,0.8,initial,7,three_frequency_guided_swap_07,12a6e1548994fd71,adversarial_multi_corner_refinement,6409,-14.420179912153504,-14.420179912153504,-0.01090990118732307,0
744,426105,2,0.8,initial,8,failed_best_swap_00_1,b4b377556b37da04,adversarial_multi_corner_refinement,6409,-0.23876211399729622,0.016723170588297292,-0.035762115321206864,0
745,426105,2,0.8,initial,9,failed_best_swap_00_2,b6b4ee9c49ad9288,adversarial_multi_corner_refinement,6409,-2.5670237470566133,-2.563112251388409,-0.03464034677586366,0
746,426105,2,0.8,initial,10,failed_best_swap_00_3,ca77027031cad073,adversarial_multi_corner_refinement,6409,-0.9396989140105971,-0.6804007226338088,-0.03220982708189232,0
747,426105,2,0.8,initial,11,failed_best_swap_01_1,f9afe8e2c3643ea7,hard_positive_neighbor_00,6408,-5.6628306650566085,-4.9861434491301875,-0.03604305363924488,0
748,426105,2,0.8,initial,12,failed_best_swap_01_2,9e3472cc66d1031e,hard_positive_neighbor_00,6408,0.5638678854082375,0.8262570646262795,-0.03464761069777639,0
749,426105,2,0.8,initial,13,failed_best_swap_01_3,8742a5854a50f767,hard_positive_neighbor_00,6408,-4.948972797327917,-3.9062614629614534,-0.034090265247956254,0
750,426105,2,0.8,initial,14,power_top,b40eed8b7e1bf659,adversarial_multi_corner_refinement,6409,-30.92641857370053,-30.92641857370053,0.019183621432670987,0
751,426105,2,0.8,initial,15,parent_normalized,92cd0e1df36d65bd,adversarial_multi_corner_refinement,6409,5.074699251187511,5.964013519860617,-0.036246999789676035,1
752,426105,2,0.8,initial,16,ring_quadrant,70897b1c89bc346e,adversarial_multi_corner_refinement,6409,-36.53426783359899,-36.53426783359899,0.017801684254680615,0
753,426105,2,0.8,initial,17,mirrored_pair,4bff8b8264853227,hard_positive_neighbor_00,6408,-33.820422410748535,-33.820422410748535,0.013622160609394413,0
754,426105,2,0.8,initial,18,min_spacing_150,398ae47930196c7f,adversarial_multi_corner_refinement,6409,-28.795095686057937,-28.795095686057937,0.006571823851400223,0
755,426105,2,0.8,initial,19,edge_density,030283e138129aaa,adversarial_multi_corner_refinement,6409,-29.34930611982392,-29.34930611982392,0.00812090476231295,0
756,426105,2,0.8,initial,20,center_density,54f37c8bc63c0bae,adversarial_multi_corner_refinement,6409,-22.73883033483044,-22.270938702046827,0.015765431105131768,0
757,426105,2,0.8,initial,21,checker_balance,8f45626b007ecff3,adversarial_multi_corner_refinement,6409,-22.410167557757074,-22.349785953982572,0.005103975638938891,0
758,426105,2,0.8,initial,22,hard_positive_swap_00,68ceabb6bf67d6af,adversarial_multi_corner_refinement,6409,-0.41319457601493886,-0.41319457601493886,-0.03508455571701453,0
759,426105,2,0.8,initial,23,hard_positive_neighbor_01,5c5177f338d5c9d6,adversarial_multi_corner_refinement,6409,-33.830479133331764,-33.830479133331764,-0.008863624709128244,0
760,426105,2,0.8,alternating,0,three_frequency_guided_swap_00,47406f3927b0fb56,best_initial_refined,254,3.7013263401952083,6.295166158791324,-0.04845256584320163,0
761,426105,2,0.8,alternating,1,three_frequency_guided_swap_01,a074ce85babcca9b,best_initial_refined,254,-9.658937889988188,-8.3047828640738,-0.04586499747190739,0
762,426105,2,0.8,alternating,2,three_frequency_guided_swap_02,8b020acb5f45cf03,best_initial_refined,254,-9.528731705966711,-7.972277874772939,-0.043429441218012454,0
763,426105,2,0.8,alternating,3,three_frequency_guided_swap_03,ae492ee018c9f826,best_initial_refined,254,-10.58962759383979,-7.4223330082855545,-0.03892435894546201,0
764,426105,2,0.8,alternating,4,three_frequency_guided_swap_04,24816b2fe70db2b8,best_initial_refined,254,-12.32197156529609,-8.39650564374655,-0.03140044939284551,0
765,426105,2,0.8,alternating,5,three_frequency_guided_swap_05,3302c1237fc91570,best_initial_refined,254,-12.135578490857686,-8.724939486901881,-0.028226666223835347,0
766,426105,2,0.8,alternating,6,three_frequency_guided_swap_06,fb0b81a4c1418468,best_initial_refined,254,4.043584049703072,6.211122093053576,-0.05191291502035795,1
767,426105,2,0.8,alternating,7,three_frequency_guided_swap_07,095a92f4d0c2cef3,best_initial_refined,254,-9.656153837689793,-8.266824436714492,-0.04932534664906372,0
768,426109,2,0.5,initial,0,three_frequency_guided_swap_00,060fc4424de63a56,adversarial_multi_corner_refinement,7014,0.13661706541147126,1.1403915679493506,0.09025472668149082,0
769,426109,2,0.5,initial,1,three_frequency_guided_swap_01,4842c7069a8bf265,adversarial_multi_corner_refinement,7014,0.23963314319950862,1.5223968280093847,0.09195700088164832,0
770,426109,2,0.5,initial,2,three_frequency_guided_swap_02,d00c9dc39b4cb752,adversarial_multi_corner_refinement,7014,0.09080647047102955,1.3545427128027632,0.09358273250241671,0
771,426109,2,0.5,initial,3,three_frequency_guided_swap_03,7696eb0e317edfa7,adversarial_multi_corner_refinement,7014,0.06421118771210468,1.3537768700311887,0.09510225135756571,0
772,426109,2,0.5,initial,4,three_frequency_guided_swap_04,41b5daebe2d1c396,adversarial_multi_corner_refinement,7014,-0.21336607353892062,0.653749685994,0.09801130699527874,0
773,426109,2,0.5,initial,5,three_frequency_guided_swap_05,3431f9f969680a3d,adversarial_multi_corner_refinement,7014,-0.7864671606758084,-0.42606023910918506,0.10069399911241811,0
774,426109,2,0.5,initial,6,three_frequency_guided_swap_06,86f84c8635084dd6,adversarial_multi_corner_refinement,7014,-15.946060943596079,-15.369132703327008,0.10332933401787173,0
775,426109,2,0.5,initial,7,three_frequency_guided_swap_07,e1a6413c271ca759,adversarial_multi_corner_refinement,7014,-14.964470681770539,-14.346886457352554,0.10578926988841499,0
776,426109,2,0.5,initial,8,failed_best_swap_00_1,407403b832f7bb71,adversarial_multi_corner_refinement,7014,6.56169140296727,8.712384154787813,0.08535316845219348,0
777,426109,2,0.5,initial,9,failed_best_swap_00_2,917528424f757590,adversarial_multi_corner_refinement,7014,-11.182393289428507,-11.182393289428507,0.08700711022633933,0
778,426109,2,0.5,initial,10,failed_best_swap_00_3,3734c91f75c1b92a,adversarial_multi_corner_refinement,7014,-3.544559684316011,-3.0728961299302555,0.08602346009185728,0
779,426109,2,0.5,initial,11,failed_best_swap_01_1,1cfeda5266aeb624,continuation_swap_03,7031,1.3175724814269654,3.0975829665024426,0.10596678696618714,0
780,426109,2,0.5,initial,12,failed_best_swap_01_2,b22ce16cba1a77b0,continuation_swap_03,7031,-0.9957747052202373,-0.9957747052202373,0.10005835535949664,0
781,426109,2,0.5,initial,13,failed_best_swap_01_3,29842aab6f4e09d9,continuation_swap_03,7031,-1.7374226628700074,-1.4066113098804167,0.10329054247112748,0
782,426109,2,0.5,initial,14,power_top,a2656435ed7c2206,continuation_swap_03,7031,-16.660033618799247,-15.406671469009957,0.14468434799785787,0
783,426109,2,0.5,initial,15,parent_normalized,c5f67eb0fa4ceecf,adversarial_multi_corner_refinement,7014,7.724507593707878,8.556577372650182,0.08824568882814826,1
784,426109,2,0.5,initial,16,ring_quadrant,0aebd1ba24505496,continuation_swap_03,7031,-25.96463131796685,-22.65420580378239,0.13306728652203959,0
785,426109,2,0.5,initial,17,mirrored_pair,0090b9b8677390de,continuation_swap_03,7031,-13.207301256152029,-12.6905656744482,0.13666910792714604,0
786,426109,2,0.5,initial,18,min_spacing_150,ab0f77c5594c585f,continuation_swap_03,7031,-18.448230890137825,-17.991519570981193,0.13630442400905973,0
787,426109,2,0.5,initial,19,edge_density,f1d184bfa8fd1aee,continuation_swap_03,7031,-19.20674425175755,-18.84664626421522,0.13845558687437765,0
788,426109,2,0.5,initial,20,center_density,cdb40507544c3d4f,continuation_swap_03,7031,-25.348721407227185,-24.7242578181632,0.13370310535362492,0
789,426109,2,0.5,initial,21,checker_balance,ebfefbd08c6a8174,adversarial_multi_corner_refinement,7014,-22.52103643652528,-22.52103643652528,0.07295601675712697,0
790,426109,2,0.5,initial,22,hard_positive_neighbor_00,e8e44726e4566270,continuation_swap_03,7031,-16.265028710198585,-15.362810783372808,0.10667635464117872,0
791,426109,2,0.5,initial,23,hard_positive_swap_00,4b318f435eacd2e0,continuation_swap_03,7031,-16.30983493573012,-15.352630544643834,0.10632519068860995,0
792,426109,2,0.5,alternating,0,three_frequency_guided_swap_00,963f84573a11f316,best_initial_refined,262,-0.961711817528972,0.5247012648978867,0.1114152594312712,0
793,426109,2,0.5,alternating,1,three_frequency_guided_swap_01,331e0cc68916e269,best_initial_refined,262,-0.927896074464058,0.5831581711568687,0.11422411686835421,0
794,426109,2,0.5,alternating,2,three_frequency_guided_swap_02,ff1c0dbf88c56efe,best_initial_refined,262,-0.4700463653482056,1.004274898373322,0.11685613121827781,0
795,426109,2,0.5,alternating,3,three_frequency_guided_swap_03,0f750746fc98b6c1,best_initial_refined,262,-16.062307837174856,-15.129259775498056,0.11938467162885111,0
796,426109,2,0.5,alternating,4,three_frequency_guided_swap_04,ccd9dfc206146c7b,best_initial_refined,262,-16.43944132326781,-15.529597546420522,0.12180444056113512,0
797,426109,2,0.5,alternating,5,three_frequency_guided_swap_05,425dd564ab5d8659,best_initial_refined,262,-16.960294436511017,-15.955502957528134,0.12401226229420051,0
798,426109,2,0.5,alternating,6,three_frequency_guided_swap_06,f99df8761f5b148a,best_initial_refined,262,3.836137787618239,4.2124846182291185,0.10948476657560025,1
799,426109,2,0.5,alternating,7,three_frequency_guided_swap_07,396d8af82cc7a031,best_initial_refined,262,1.5558001280257308,3.148969106014368,0.1109431382440444,0
800,426109,2,0.6,initial,0,three_frequency_guided_swap_00,69d42d4676cf80a9,adversarial_multi_corner_refinement,6978,-2.4402872872171852,-1.9620074216298842,0.0813020190749408,0
801,426109,2,0.6,initial,1,three_frequency_guided_swap_01,3d18a1627dcd1316,adversarial_multi_corner_refinement,6978,-2.513122588106148,-2.021243760173625,0.08230524300793032,0
802,426109,2,0.6,initial,2,three_frequency_guided_swap_02,63da35aa5ee9a04b,adversarial_multi_corner_refinement,6978,-29.042160409864447,-16.765177993406,0.08321267080567242,0
803,426109,2,0.6,initial,3,three_frequency_guided_swap_03,9a3e1703ae9b8ff0,adversarial_multi_corner_refinement,6978,-29.08825196693748,-16.823161033610454,0.0841044870487233,0
804,426109,2,0.6,initial,4,three_frequency_guided_swap_04,dda66cb234e5b51c,adversarial_multi_corner_refinement,6978,-29.084166097608467,-16.720958718248312,0.08584894014486653,0
805,426109,2,0.6,initial,5,three_frequency_guided_swap_05,39d7dbf6d473dd87,adversarial_multi_corner_refinement,6978,-29.052849354052015,-16.622287742198516,0.08753048830787873,0
806,426109,2,0.6,initial,6,three_frequency_guided_swap_06,063980112a7f1473,adversarial_multi_corner_refinement,6978,-26.11813977394434,-13.244471305156715,0.08916011559306321,0
807,426109,2,0.6,initial,7,three_frequency_guided_swap_07,a8f65beedbeb8a5c,adversarial_multi_corner_refinement,6978,-26.95666823791767,-18.673705657989142,0.09074490046795616,0
808,426109,2,0.6,initial,8,failed_best_swap_00_1,9a6cc15064c6b04a,adversarial_multi_corner_refinement,6978,-4.034897942773866,-3.6856173118027478,0.07985786582078641,0
809,426109,2,0.6,initial,9,failed_best_swap_00_2,8549bac8b6ed6654,adversarial_multi_corner_refinement,6978,-7.3056459261073226,-7.3056459261073226,0.08020813446475274,0
810,426109,2,0.6,initial,10,failed_best_swap_00_3,169af939ccb4fa27,adversarial_multi_corner_refinement,6978,-5.259472580512215,-5.167706672182495,0.07745083616826648,0
811,426109,2,0.6,initial,11,failed_best_swap_01_1,7fb77f70c5338212,ratio_continuation_02,6997,-7.968356782598237,-7.968356782598237,0.08761488384801028,0
812,426109,2,0.6,initial,12,failed_best_swap_01_2,00dbe0c89eb95cea,ratio_continuation_02,6997,-3.4118155493246274,-3.4118155493246274,0.08785127541719916,0
813,426109,2,0.6,initial,13,failed_best_swap_01_3,b8021dfebe978442,ratio_continuation_02,6997,-0.29751141153036664,-0.1510807741606129,0.08772131756227597,0
814,426109,2,0.6,initial,14,power_top,59c9c3ae96ea4cab,ratio_continuation_02,6997,-26.78889140080008,-26.536194657506616,0.11483367931423734,0
815,426109,2,0.6,initial,15,parent_normalized,a0c6a5e342754459,adversarial_multi_corner_refinement,6978,8.029598681755019,9.098349494008733,0.08022465978338579,1
816,426109,2,0.6,initial,16,ring_quadrant,787234d5b1890bed,ratio_continuation_02,6997,-28.60695343041085,-27.359941922685973,0.11274719096265247,0
817,426109,2,0.6,initial,17,mirrored_pair,92bd0a5f0c4ec78a,ratio_continuation_02,6997,-25.310421242875464,-25.310421242875464,0.10716758214436076,0
818,426109,2,0.6,initial,18,min_spacing_150,9456b8f22bcbaf01,ratio_continuation_02,6997,-18.633327861226793,-16.963534677659563,0.10002763942593328,0
819,426109,2,0.6,initial,19,edge_density,6faabce79409bd81,ratio_continuation_02,6997,-19.169426926856524,-16.82574952062843,0.10226536417732496,0
820,426109,2,0.6,initial,20,center_density,e3f4688aa1a49e9a,ratio_continuation_02,6997,-29.693313189608965,-29.693313189608965,0.10696345297325892,0
821,426109,2,0.6,initial,21,checker_balance,703212fd2605d9a2,ratio_continuation_02,6997,-28.7409615844428,-27.746708384976884,0.09009060994954514,0
822,426109,2,0.6,initial,22,hard_positive_neighbor_00,a53abe5526fd7a23,adversarial_multi_corner_refinement,6978,-9.595429142009506,-9.389404361912485,0.08679925074801122,0
823,426109,2,0.6,initial,23,hard_positive_swap_00,d38068577931e4f1,adversarial_multi_corner_refinement,6978,-8.982899711747471,-8.81977610709866,0.0870378097857219,0
824,426109,2,0.6,alternating,0,three_frequency_guided_swap_00,fbb4b81aeb743058,best_initial_refined,273,-4.339652006207824,-4.0100953340114005,0.09043765055297474,0
825,426109,2,0.6,alternating,1,three_frequency_guided_swap_01,4c91ccfb45adf9e3,best_initial_refined,273,-4.350856954026639,-3.8768823607703693,0.09232311050354355,0
826,426109,2,0.6,alternating,2,three_frequency_guided_swap_02,f07fc1632c4ea9c1,best_initial_refined,273,-17.359989234812524,-8.795116980050773,0.09318043466635335,0
827,426109,2,0.6,alternating,3,three_frequency_guided_swap_03,6d1649c6ec778f3f,best_initial_refined,273,-18.29632173580243,-14.078222703683744,0.09487905360365917,0
828,426109,2,0.6,alternating,4,three_frequency_guided_swap_04,9d5a082758a72667,best_initial_refined,273,-14.563246969991845,-11.785368827309117,0.0965484180667505,0
829,426109,2,0.6,alternating,5,three_frequency_guided_swap_05,fcc37335942dbcae,best_initial_refined,273,-15.942037669244925,-11.34696259413262,0.09813897604710319,0
830,426109,2,0.6,alternating,6,three_frequency_guided_swap_06,d9096762d04c4b13,best_initial_refined,273,-19.87747729127155,-19.87747729127155,0.09965654955345164,0
831,426109,2,0.6,alternating,7,three_frequency_guided_swap_07,b5ee4156bfcd8684,best_initial_refined,273,-0.033601903417812176,0.3319608176753472,0.09031804695497718,1
832,426109,2,0.7,initial,0,three_frequency_guided_swap_00,73e28beda984d4fb,adversarial_multi_corner_refinement,6963,7.443397760424907,7.995604675551951,0.04470419517765933,1
833,426109,2,0.7,initial,1,three_frequency_guided_swap_01,16bfdcdfd15771c9,adversarial_multi_corner_refinement,6963,7.373037626543586,7.373037626543586,0.04810200537229683,0
834,426109,2,0.7,initial,2,three_frequency_guided_swap_02,38a1d77ed17a8990,adversarial_multi_corner_refinement,6963,0.5390071758077715,1.0160287855821544,0.04981331598000086,0
835,426109,2,0.7,initial,3,three_frequency_guided_swap_03,a8d7e19fc0b7c8f4,adversarial_multi_corner_refinement,6963,1.747032629724628,2.43271776244852,0.05148906790888173,0
836,426109,2,0.7,initial,4,three_frequency_guided_swap_04,5eefa8721293cb4e,adversarial_multi_corner_refinement,6963,2.095872865712681,2.485076512845211,0.05451775401950394,0
837,426109,2,0.7,initial,5,three_frequency_guided_swap_05,bcc44a33fc1af6cd,adversarial_multi_corner_refinement,6963,-1.5736599122453314,-1.0643117679705787,0.05718850428661029,0
838,426109,2,0.7,initial,6,three_frequency_guided_swap_06,56b53b3c319693b6,adversarial_multi_corner_refinement,6963,-3.6354342717918624,-3.509747792093666,0.05967245509870373,0
839,426109,2,0.7,initial,7,three_frequency_guided_swap_07,14bc1f91e8410a4b,adversarial_multi_corner_refinement,6963,-3.802651452572764,-3.676085388912637,0.0618148758058348,0
840,426109,2,0.7,initial,8,failed_best_swap_00_1,a3619121a80def94,adversarial_multi_corner_refinement,6963,-0.4700126428003479,-0.42681247971226627,0.040034420306166156,0
841,426109,2,0.7,initial,9,failed_best_swap_00_2,e0a7b3e71936aca0,adversarial_multi_corner_refinement,6963,-19.85686525003893,-16.750580183971945,0.04042266007881774,0
842,426109,2,0.7,initial,10,failed_best_swap_00_3,67cb21384e85317c,adversarial_multi_corner_refinement,6963,-8.09577839210423,-8.076294023017216,0.04150042191348156,0
843,426109,2,0.7,initial,11,failed_best_swap_01_1,a8b4e946bdef67a0,hard_positive_neighbor_03,6958,5.224837658463431,5.654652693251695,0.051405552542565285,0
844,426109,2,0.7,initial,12,failed_best_swap_01_2,3d56339aa1a869e3,hard_positive_neighbor_03,6958,-2.659139190854588,-2.2087365033856585,0.05184339901316146,0
845,426109,2,0.7,initial,13,failed_best_swap_01_3,6806e6a4d9c53919,hard_positive_neighbor_03,6958,4.582230543180005,4.724969318758473,0.05178794227259242,0
846,426109,2,0.7,initial,14,power_top,53467c1b30eb37d8,hard_positive_neighbor_03,6958,-26.84158385185013,-23.59401244594934,0.09107641156694984,0
847,426109,2,0.7,initial,15,parent_normalized,acf63d54679143f9,adversarial_multi_corner_refinement,6963,6.170660140458067,8.517007160546793,0.040080705149352934,0
848,426109,2,0.7,initial,16,ring_quadrant,b4358297911f1305,hard_positive_neighbor_03,6958,-28.294208783782388,-22.15489367532108,0.08932525170826978,0
849,426109,2,0.7,initial,17,mirrored_pair,398a415fc0ffb2f1,hard_positive_neighbor_03,6958,-30.118132988534626,-26.561797754581733,0.0844115633744471,0
850,426109,2,0.7,initial,18,min_spacing_150,c339f246a317dec9,hard_positive_neighbor_03,6958,-25.50085116900132,-20.455101162834566,0.0814457203886102,0
851,426109,2,0.7,initial,19,edge_density,5f8b25550efb22b3,hard_positive_neighbor_03,6958,-25.80539330899935,-20.71380280440321,0.08353177973453157,0
852,426109,2,0.7,initial,20,center_density,66eb3eac6b2bee49,hard_positive_neighbor_03,6958,-22.752703418091485,-22.752703418091485,0.08216603472825865,0
853,426109,2,0.7,initial,21,checker_balance,26a4bcc07a2421e4,hard_positive_neighbor_03,6958,-22.74989060171851,-16.960284963387945,0.06786149195084919,0
854,426109,2,0.7,initial,22,hard_positive_neighbor_00,5890201a995778ba,adversarial_multi_corner_refinement,6963,-24.053333144865377,-20.58051348161291,0.03894880310309534,0
855,426109,2,0.7,initial,23,hard_positive_swap_00,22c497cfcfcd419c,adversarial_multi_corner_refinement,6963,-23.007666738387925,-19.50863196649366,0.039369338619618686,0
856,426109,2,0.7,alternating,0,three_frequency_guided_swap_00,a6a61fd6d72bf687,best_initial_refined,284,-1.7391180920844953,0.8629824184573869,0.0426548807124178,1
857,426109,2,0.7,alternating,1,three_frequency_guided_swap_01,357ebf8865924c80,best_initial_refined,284,-3.246417895248135,-3.061982411154843,0.04433062494154543,0
858,426109,2,0.7,alternating,2,three_frequency_guided_swap_02,ecd9e63a4a760759,best_initial_refined,284,-3.6920626782639623,-3.4494003047591084,0.04597041125147681,0
859,426109,2,0.7,alternating,3,three_frequency_guided_swap_03,f7f9a3e0c26453e8,best_initial_refined,284,-4.022324778280218,-3.776345338391774,0.04905887728008166,0
860,426109,2,0.7,alternating,4,three_frequency_guided_swap_04,aa4818dbd78879e1,best_initial_refined,284,-9.01744935260704,-8.686697039579865,0.05180913608151194,0
861,426109,2,0.7,alternating,5,three_frequency_guided_swap_05,fc60141f6e65f249,best_initial_refined,284,-9.492835123147911,-9.348544645677542,0.054201689066547876,0
862,426109,2,0.7,alternating,6,three_frequency_guided_swap_06,2395ee0007c2eb78,best_initial_refined,284,-9.745903585118791,-9.725571985874906,0.05644569283787876,0
863,426109,2,0.7,alternating,7,three_frequency_guided_swap_07,001597701d0042b5,best_initial_refined,284,-1.8567011406214338,0.7106697881666395,0.03932048291162386,0
864,426109,2,0.8,initial,0,three_frequency_guided_swap_00,0f3c8d7763f355de,adversarial_multi_corner_refinement,6914,-1.2716749160842014,0.13847046915274203,0.042499190912648546,0
865,426109,2,0.8,initial,1,three_frequency_guided_swap_01,f9ae66f0cdc60800,adversarial_multi_corner_refinement,6914,-1.2287849237677513,0.11191167957496499,0.04348639550927949,0
866,426109,2,0.8,initial,2,three_frequency_guided_swap_02,a02c2362658cbf3f,adversarial_multi_corner_refinement,6914,-7.613460514376909,-7.613460514376909,0.04435342273131987,0
867,426109,2,0.8,initial,3,three_frequency_guided_swap_03,044c7505dcd3f5ab,adversarial_multi_corner_refinement,6914,-7.759308062972799,-7.759308062972799,0.04520612454873743,0
868,426109,2,0.8,initial,4,three_frequency_guided_swap_04,4874cfd262f4a1f5,adversarial_multi_corner_refinement,6914,-10.30178537165516,-10.30178537165516,0.04679380948196108,0
869,426109,2,0.8,initial,5,three_frequency_guided_swap_05,9652d85e4adcdf74,adversarial_multi_corner_refinement,6914,-10.332555853991988,-10.332555853991988,0.048271969556063776,0
870,426109,2,0.8,initial,6,three_frequency_guided_swap_06,506aeebad9c7d422,adversarial_multi_corner_refinement,6914,-19.062541363229744,-19.062541363229744,0.049668105761946996,0
871,426109,2,0.8,initial,7,three_frequency_guided_swap_07,dbdefbb0ce0c59a9,adversarial_multi_corner_refinement,6914,-19.555866610590293,-19.555866610590293,0.05097429752599993,0
872,426109,2,0.8,initial,8,failed_best_swap_00_1,4e4642b3c8d3c01c,adversarial_multi_corner_refinement,6914,0.3081340907065418,0.827359869258079,0.04061007059029041,0
873,426109,2,0.8,initial,9,failed_best_swap_00_2,ae4ddc7a63713150,adversarial_multi_corner_refinement,6914,-7.042206636517464,-7.042206636517464,0.041651617244465214,0
874,426109,2,0.8,initial,10,failed_best_swap_00_3,68f27c9bd203ad96,adversarial_multi_corner_refinement,6914,-19.65669053917165,-19.65669053917165,0.041029086261871274,0
875,426109,2,0.8,initial,11,failed_best_swap_01_1,397cc0d5f21b7cde,hard_positive_swap_02,6925,2.6790140057609166,6.19260363640647,0.04873463654822473,0
876,426109,2,0.8,initial,12,failed_best_swap_01_2,f1ceb7f3faed17c5,hard_positive_swap_02,6925,2.0614403100295178,5.9348480177654945,0.04714284425678989,0
877,426109,2,0.8,initial,13,failed_best_swap_01_3,cc2e74b8ce0dcc99,hard_positive_swap_02,6925,-2.2344457490820573,-2.1981127204836444,0.047942472919014746,0
878,426109,2,0.8,initial,14,power_top,37fbc4c031b6e5cb,hard_positive_swap_02,6925,-17.433145369053417,-13.453243981725931,0.061854974367738236,0
879,426109,2,0.8,initial,15,parent_normalized,5c761caa11345735,adversarial_multi_corner_refinement,6914,6.795473043016186,7.316629168151137,0.041212461978025826,1
880,426109,2,0.8,initial,16,ring_quadrant,37540b9d55550578,hard_positive_swap_02,6925,-16.832603294940725,-12.982454815471996,0.06116850099528231,0
881,426109,2,0.8,initial,17,mirrored_pair,0b21137c300bc6ce,hard_positive_swap_02,6925,-17.073999854764427,-14.129454152534514,0.05892576151031201,0
882,426109,2,0.8,initial,18,min_spacing_150,ac60a5aa6b8c0b18,hard_positive_swap_02,6925,-18.49583849620148,-15.203884057574694,0.05241529995239959,0
883,426109,2,0.8,initial,19,edge_density,419922450819e3fa,hard_positive_swap_02,6925,-19.17830402973983,-15.600315593693583,0.054195865133137504,0
884,426109,2,0.8,initial,20,center_density,4fcf554a7eb513bb,hard_positive_swap_02,6925,-22.6033838594105,-19.171876539938133,0.05866976906656097,0
885,426109,2,0.8,initial,21,checker_balance,a3dad4fcf004aa8c,hard_positive_swap_02,6925,-22.819393727615903,-17.870090042374827,0.05248537225330802,0
886,426109,2,0.8,initial,22,hard_positive_neighbor_00,92cd0e1df36d65bd,adversarial_multi_corner_refinement,6914,-28.095283313283318,-23.06137459048407,0.03546503174004897,0
887,426109,2,0.8,initial,23,hard_positive_swap_00,d30d21d13d49cbf2,adversarial_multi_corner_refinement,6914,-27.54337588367475,-22.478589065498863,0.03566781876452843,0
888,426109,2,0.8,alternating,0,three_frequency_guided_swap_00,5a441efc40c01608,best_initial_refined,294,-27.806959217966142,-16.658897930022675,0.03722809236417702,0
889,426109,2,0.8,alternating,1,three_frequency_guided_swap_01,c95b881f4dfd187d,best_initial_refined,294,-27.33894124561752,-13.734291583229215,0.03896003945673199,0
890,426109,2,0.8,alternating,2,three_frequency_guided_swap_02,55db5b04f97f4cab,best_initial_refined,294,-27.541107040420655,-14.74693812267596,0.04060796280907208,0
891,426109,2,0.8,alternating,3,three_frequency_guided_swap_03,dcce8f15a9ac3c0f,best_initial_refined,294,-26.200093928429062,-20.173317837246802,0.04209908456173188,0
892,426109,2,0.8,alternating,4,three_frequency_guided_swap_04,e50a4c5aa44c44b4,best_initial_refined,294,-24.982706570245846,-20.413828281176364,0.043509170536412116,0
893,426109,2,0.8,alternating,5,three_frequency_guided_swap_05,718885d22fb2578f,best_initial_refined,294,-24.211918483189685,-14.449310566063394,0.033989614061430334,0
894,426109,2,0.8,alternating,6,three_frequency_guided_swap_06,46e99fe714491ef9,best_initial_refined,294,-22.23530468336211,-11.046797175136554,0.03494976276402428,1
895,426109,2,0.8,alternating,7,three_frequency_guided_swap_07,02c37c8c6b9b638a,best_initial_refined,294,-26.512014847034205,-12.574426518393103,0.03587418997490097,0
896,426111,4,0.5,initial,0,three_frequency_guided_swap_00,fe4b2943ae92c44b,power_top,7264,7.657158135877964,7.677738504820278,0.01706717942461028,0
897,426111,4,0.5,initial,1,three_frequency_guided_swap_01,9009cb4fcd41d188,power_top,7264,-23.73456417143068,-23.47689237949378,0.018478035245723036,0
898,426111,4,0.5,initial,2,three_frequency_guided_swap_02,47e3e1cabb74a843,power_top,7264,-23.787272527825213,-23.681495187315114,0.019770834782599236,0
899,426111,4,0.5,initial,3,three_frequency_guided_swap_03,19c71191c261e9fa,power_top,7264,-23.816295985550408,-23.683209000396577,0.021023987374153705,0
900,426111,4,0.5,initial,4,three_frequency_guided_swap_04,4cd687f3c9f1d2ce,power_top,7264,-23.791092414651082,-23.666109953495035,0.023331700637223986,0
901,426111,4,0.5,initial,5,three_frequency_guided_swap_05,a2e22176ad6c2107,power_top,7264,-23.756441138632884,-23.63150200333665,0.025487028236895675,0
902,426111,4,0.5,initial,6,three_frequency_guided_swap_06,ccf41692aa217a56,power_top,7264,-26.77194936404043,-26.707431383557907,0.027511399372557286,0
903,426111,4,0.5,initial,7,three_frequency_guided_swap_07,3bb20492676d62d0,power_top,7264,-27.102283348986205,-26.916521352940475,0.02950706712394533,0
904,426111,4,0.5,initial,8,failed_best_swap_00_1,8939f457a7d1b5c9,adversarial_multi_corner_refinement,7288,3.7954929639329134,4.789293230551551,0.01604082325453399,0
905,426111,4,0.5,initial,9,failed_best_swap_00_2,480c9674bad7b30d,adversarial_multi_corner_refinement,7288,0.10706007884505636,0.28821824015613057,0.015516017687640875,0
906,426111,4,0.5,initial,10,failed_best_swap_00_3,4e2bc68450fb8f44,adversarial_multi_corner_refinement,7288,1.8145925295098888,2.5132847137154757,0.01564914150577592,0
907,426111,4,0.5,initial,11,failed_best_swap_01_1,28fdc00e35cf103a,power_top,7264,-3.2988487746381017,-2.991269098348405,0.017711781963688195,0
908,426111,4,0.5,initial,12,failed_best_swap_01_2,1e19322694dc6daf,power_top,7264,-6.336391803910669,-5.137502708254782,0.017729905819811778,0
909,426111,4,0.5,initial,13,failed_best_swap_01_3,6073d8aebf99b96b,power_top,7264,-13.917879154342675,-13.079120744328685,0.018023680803269243,0
910,426111,4,0.5,initial,14,power_top,b8316c5fdc8058b8,power_top,7264,-22.600965281215778,-20.860491730594198,0.06417144331529456,0
911,426111,4,0.5,initial,15,parent_normalized,d79c39d0b372dbd6,adversarial_multi_corner_refinement,7288,8.098560318846168,8.1193792933321,0.015394579407176924,1
912,426111,4,0.5,initial,16,ring_quadrant,85aee851fdb1f323,power_top,7264,-23.434922125164817,-21.68322328783473,0.06022308672646559,0
913,426111,4,0.5,initial,17,mirrored_pair,a4a3ed57e79469ff,adversarial_multi_corner_refinement,7288,-21.895331024232178,-21.895331024232178,0.053147542803937325,0
914,426111,4,0.5,initial,18,spread_030,baa327daa59ea441,power_top,7264,-22.584076852938338,-20.84423731003543,0.06416685934291436,0
915,426111,4,0.5,initial,19,spread_090,a9a96a60d1d17fba,power_top,7264,-23.651671568679813,-21.883940180737497,0.06413790487856502,0
916,426111,4,0.5,initial,20,min_spacing_150,cbd75956a618442b,power_top,7264,-22.637240096334544,-21.002889477304386,0.051647655495924955,0
917,426111,4,0.5,initial,21,edge_density,5f35778bd8dd92d6,power_top,7264,-22.52630854717044,-20.959418752626128,0.05424346275695654,0
918,426111,4,0.5,initial,22,center_density,1781adcffbe8c6df,power_top,7264,-25.23082439648091,-25.23082439648091,0.05548365428817244,0
919,426111,4,0.5,initial,23,checker_balance,ebfefbd08c6a8174,adversarial_multi_corner_refinement,7288,-21.798059677750807,-21.798059677750807,0.0007632250925440661,0
920,426111,4,0.5,alternating,0,three_frequency_guided_swap_00,7c9530e9ea07674f,best_initial_refined,303,-22.285337008745305,-19.472931902969282,0.028709750717262783,0
921,426111,4,0.5,alternating,1,three_frequency_guided_swap_01,5a90a1a4b6a3b2fe,best_initial_refined,303,-22.43721094278703,-19.621526668514875,0.030839677226282,0
922,426111,4,0.5,alternating,2,three_frequency_guided_swap_02,0a2832ac52cd0166,best_initial_refined,303,-22.18529850738403,-17.710601026431366,0.03280545038948465,0
923,426111,4,0.5,alternating,3,three_frequency_guided_swap_03,52db09aa55834da6,best_initial_refined,303,-22.346198277049723,-17.945178311486075,0.03469435847249766,0
924,426111,4,0.5,alternating,4,three_frequency_guided_swap_04,2f029cc32c6839ad,best_initial_refined,303,-22.56918403933909,-19.499110256602155,0.02233758338337553,0
925,426111,4,0.5,alternating,5,three_frequency_guided_swap_05,f03f85dd274e682f,best_initial_refined,303,-21.942343148313853,-19.078579941225584,0.02358793725292923,1
926,426111,4,0.5,alternating,6,three_frequency_guided_swap_06,d5ce0b57c8ddea6b,best_initial_refined,303,-21.953752499612623,-19.131190257807063,0.024805511897320928,0
927,426111,4,0.5,alternating,7,three_frequency_guided_swap_07,d77dc2906547797c,best_initial_refined,303,-21.946111531192546,-19.101359613620655,0.025998286775914283,0
928,426111,4,0.6,initial,0,three_frequency_guided_swap_00,85f3e7997a9d8032,adversarial_multi_corner_refinement,7254,-1.4516502940736653,0.22013253068507588,-0.015016818547644101,0
929,426111,4,0.6,initial,1,three_frequency_guided_swap_01,f7279dc7fd6fa3de,adversarial_multi_corner_refinement,7254,-3.240257904122681,-2.836026789388249,-0.013762373435225309,0
930,426111,4,0.6,initial,2,three_frequency_guided_swap_02,3c6520efea6df01d,adversarial_multi_corner_refinement,7254,-10.773911513767242,-9.912529477951361,-0.01257329413185222,0
931,426111,4,0.6,initial,3,three_frequency_guided_swap_03,3621ed37a968b045,adversarial_multi_corner_refinement,7254,-10.669783337464436,-9.885236631111963,-0.011411734761648744,0
932,426111,4,0.6,initial,4,three_frequency_guided_swap_04,bc135f15b426903d,adversarial_multi_corner_refinement,7254,-11.664651931510246,-10.765354041778624,-0.009235304749895605,0
933,426111,4,0.6,initial,5,three_frequency_guided_swap_05,75bb48221c1ff6ec,adversarial_multi_corner_refinement,7254,-11.83114057382198,-11.83114057382198,-0.007279646961133806,0
934,426111,4,0.6,initial,6,three_frequency_guided_swap_06,841bc51da2833914,power_top,7232,-10.771803519075434,-10.771803519075434,-0.005392021146271676,0
935,426111,4,0.6,initial,7,three_frequency_guided_swap_07,63ea5316c753e8a3,power_top,7232,-7.238029311293692,-6.994274331318692,-0.003578198213906782,0
936,426111,4,0.6,initial,8,failed_best_swap_00_1,471714e424583757,adversarial_multi_corner_refinement,7254,-2.7945304338270995,-0.6006427615038489,-0.01580628994857324,0
937,426111,4,0.6,initial,9,failed_best_swap_00_2,9f75483f8dca9af9,adversarial_multi_corner_refinement,7254,-11.331001644802276,-10.077833747394877,-0.01601048911567801,0
938,426111,4,0.6,initial,10,failed_best_swap_00_3,caa2a8963f4b8550,adversarial_multi_corner_refinement,7254,-7.1881847443999005,-6.7998503384728926,-0.018148907855395007,0
939,426111,4,0.6,initial,11,failed_best_swap_01_1,90985e5e222ccf42,power_top,7232,-8.496202101892697,-8.496202101892697,-0.013020197035228016,0
940,426111,4,0.6,initial,12,failed_best_swap_01_2,095b452e2125293f,power_top,7232,-3.00887720617946,-2.8565717829099806,-0.014546632718946961,0
941,426111,4,0.6,initial,13,failed_best_swap_01_3,4403820dcf25a265,power_top,7232,-2.765067299002453,-1.8331375166490285,-0.014191740285297733,0
942,426111,4,0.6,initial,14,power_top,a543c1e153316199,power_top,7232,-21.484080359006743,-21.484080359006743,0.031830142840690606,0
943,426111,4,0.6,initial,15,parent_normalized,f501c9c9d655c069,adversarial_multi_corner_refinement,7254,5.0681325498400245,6.341408065663545,-0.016293487127414085,1
944,426111,4,0.6,initial,16,ring_quadrant,0262776922e3bfb8,power_top,7232,-18.072012255892247,-18.072012255892247,0.028201569074800505,0
945,426111,4,0.6,initial,17,mirrored_pair,1d02a1d6426e8513,power_top,7232,-26.05958841761656,-26.05958841761656,0.023943072973202004,0
946,426111,4,0.6,initial,18,spread_090,b2cb1808a60b875c,power_top,7232,-21.305795967285476,-21.305795967285476,0.031818605307495786,0
947,426111,4,0.6,initial,19,min_spacing_150,ab77f70109c641be,power_top,7232,-19.682095776314895,-16.75331860172139,0.019237480823055295,0
948,426111,4,0.6,initial,20,edge_density,e84ac7f01e8be326,power_top,7232,-19.72965957892392,-18.92248157910277,0.021496225077282854,0
949,426111,4,0.6,initial,21,center_density,3527613bd39b42da,power_top,7232,-26.40537010317512,-26.40537010317512,0.024902968952994448,0
950,426111,4,0.6,initial,22,checker_balance,baed4c8533c386a5,adversarial_multi_corner_refinement,7254,-30.1066927648993,-30.1066927648993,0.00141331258082928,0
951,426111,4,0.6,initial,23,hard_positive_neighbor_00,98570d941b5a0240,power_top,7232,-24.614835779403236,-24.614835779403236,-0.002283842735014732,0
952,426111,4,0.6,alternating,0,three_frequency_guided_swap_00,2e8d679a917d82e9,best_initial_refined,314,-2.116903804014511,-0.7030453914713801,-0.03024884953840124,1
953,426111,4,0.6,alternating,1,three_frequency_guided_swap_01,aefb95ff7c5b5796,best_initial_refined,314,-11.999682587677384,-11.58519133368606,-0.02636641346218777,0
954,426111,4,0.6,alternating,2,three_frequency_guided_swap_02,9f71f398fab241eb,best_initial_refined,314,-12.013866318058781,-11.609094577319905,-0.024083840910347723,0
955,426111,4,0.6,alternating,3,three_frequency_guided_swap_03,def354da5950bbd7,best_initial_refined,314,-12.081113925306305,-11.862301769413525,-0.02199011425799125,0
956,426111,4,0.6,alternating,4,three_frequency_guided_swap_04,91100ef44ed655ac,best_initial_refined,314,-11.967623242225152,-11.726791580627458,-0.019982442248562913,0
957,426111,4,0.6,alternating,5,three_frequency_guided_swap_05,f607d789ac10de51,best_initial_refined,314,-11.831907545154127,-11.671354698816476,-0.01804669227748865,0
958,426111,4,0.6,alternating,6,three_frequency_guided_swap_06,2cb8f0852b927ec0,best_initial_refined,314,-11.963556176108181,-11.51806483682094,-0.030344000764414732,0
959,426111,4,0.6,alternating,7,three_frequency_guided_swap_07,a387cb809b3ce198,best_initial_refined,314,-11.969122872355708,-11.506926807271132,-0.02903741768426411,0
960,426111,4,0.7,initial,0,three_frequency_guided_swap_00,16f1aa3c1f5262c8,adversarial_multi_corner_refinement,7231,-6.792782928264929,-5.178562532076104,-0.02929007411631252,0
961,426111,4,0.7,initial,1,three_frequency_guided_swap_01,fb1ba296bd00d6d3,adversarial_multi_corner_refinement,7231,-6.87575662654515,-5.2015578932132644,-0.027672107832005393,0
962,426111,4,0.7,initial,2,three_frequency_guided_swap_02,2789698f85cf156a,adversarial_multi_corner_refinement,7231,-8.273973437067855,-6.917230954317867,-0.02627045485253198,0
963,426111,4,0.7,initial,3,three_frequency_guided_swap_03,2c95c6eb05ef7476,adversarial_multi_corner_refinement,7231,-8.300005483836134,-6.8955007749438915,-0.024916980204268864,0
964,426111,4,0.7,initial,4,three_frequency_guided_swap_04,e7d1136283be68f1,adversarial_multi_corner_refinement,7231,-25.345535005001018,-23.107956212874136,-0.02238121307450713,0
965,426111,4,0.7,initial,5,three_frequency_guided_swap_05,cb349131daff9db5,adversarial_multi_corner_refinement,7231,-25.71239388292803,-23.580200455252395,-0.020028219418793097,0
966,426111,4,0.7,initial,6,three_frequency_guided_swap_06,af9cf9862a4a3e77,adversarial_multi_corner_refinement,7231,-25.673125800682335,-23.523139567558502,-0.0178404282386956,0
967,426111,4,0.7,initial,7,three_frequency_guided_swap_07,eb19b4cf1d2c2e1b,adversarial_multi_corner_refinement,7231,-24.044826739600033,-21.85768374110978,-0.01570072763240148,0
968,426111,4,0.7,initial,8,failed_best_swap_00_1,5ea2cfc8594ec61b,adversarial_multi_corner_refinement,7231,-3.3541366176636878,-3.078887955437175,-0.03016880892964467,0
969,426111,4,0.7,initial,9,failed_best_swap_00_2,a433e43fbadc364f,adversarial_multi_corner_refinement,7231,1.7636774856201962,2.984392184315343,-0.030998556084191,0
970,426111,4,0.7,initial,10,failed_best_swap_00_3,84c6faadc8e59907,adversarial_multi_corner_refinement,7231,-3.7196837776174236,-2.081942738414327,-0.031043848230850664,0
971,426111,4,0.7,initial,11,failed_best_swap_01_1,5b9b9a915e3334eb,hard_positive_neighbor_03,7214,-2.5578340526628676,-0.3050910673714958,-0.015953110926941405,0
972,426111,4,0.7,initial,12,failed_best_swap_01_2,703b05360d623697,hard_positive_neighbor_03,7214,-4.5070498428203365,-4.5070498428203365,-0.014924452502503044,0
973,426111,4,0.7,initial,13,failed_best_swap_01_3,a7086dd56bab3a09,hard_positive_neighbor_03,7214,-13.172491541749135,-9.108507735590415,-0.013666556670867126,0
974,426111,4,0.7,initial,14,power_top,8168f0b850c32d19,hard_positive_neighbor_03,7214,-18.83381171001106,-17.17131254563675,0.017983260863150514,0
975,426111,4,0.7,initial,15,parent_normalized,ea07ae9eb60d8aeb,adversarial_multi_corner_refinement,7231,6.220013551698638,7.025538801986297,-0.031004553883681042,1
976,426111,4,0.7,initial,16,ring_quadrant,e44c2dde4e3e93a5,hard_positive_neighbor_03,7214,-21.162752413742215,-20.173080695988528,0.015329564573007992,0
977,426111,4,0.7,initial,17,mirrored_pair,c8272971b4634058,hard_positive_neighbor_03,7214,-18.355452959822966,-17.882002108528,0.01199988734791832,0
978,426111,4,0.7,initial,18,min_spacing_150,7a1b43a0aa171d0f,hard_positive_neighbor_03,7214,-16.877666956829593,-15.28008434826782,0.00813772570914863,0
979,426111,4,0.7,initial,19,edge_density,acfa6a1df00084a5,hard_positive_neighbor_03,7214,-15.887611991305192,-15.20781613388441,0.009726889544951161,0
980,426111,4,0.7,initial,20,center_density,c80fbca9b672da63,hard_positive_neighbor_03,7214,-16.249245982108405,-14.271616071125946,0.011465184235706095,0
981,426111,4,0.7,initial,21,checker_balance,0b071c39b357928e,hard_positive_neighbor_03,7214,-26.717139389643894,-25.91961292525918,-0.0018444821532778931,0
982,426111,4,0.7,initial,22,hard_positive_neighbor_00,1b4782c9b2cbdffd,hard_positive_neighbor_03,7214,-13.504344148919312,-13.12641443558562,-0.013534233424000484,0
983,426111,4,0.7,initial,23,hard_positive_swap_00,701f522d9f2d24e9,hard_positive_neighbor_03,7214,-13.512225071893404,-13.176859932885868,-0.012777071037389828,0
984,426111,4,0.7,alternating,0,three_frequency_guided_swap_00,5bd604260840ae0d,best_initial_refined,324,-7.024885666062362,-6.168202178337571,-0.04992163510508547,0
985,426111,4,0.7,alternating,1,three_frequency_guided_swap_01,77b2a819e328b8bc,best_initial_refined,324,-8.205885987963358,-6.1628345538318055,-0.04836365262812368,0
986,426111,4,0.7,alternating,2,three_frequency_guided_swap_02,461890aebadc82eb,best_initial_refined,324,-8.234741363989489,-6.225258406966038,-0.04688244277009715,0
987,426111,4,0.7,alternating,3,three_frequency_guided_swap_03,713766b384046d13,best_initial_refined,324,-22.2985206323865,-21.348614634516238,-0.04408969574727861,0
988,426111,4,0.7,alternating,4,three_frequency_guided_swap_04,5f53f25574517e0d,best_initial_refined,324,-22.776668329083005,-21.89682317941213,-0.041472922643285705,0
989,426111,4,0.7,alternating,5,three_frequency_guided_swap_05,e76c9a98ba4e0804,best_initial_refined,324,-22.703756941133193,-21.895881273449618,-0.03899780003871781,0
990,426111,4,0.7,alternating,6,three_frequency_guided_swap_06,42b2111fb1d8af8d,best_initial_refined,324,-23.0149581477451,-22.123951563598474,-0.03659575246170472,0
991,426111,4,0.7,alternating,7,three_frequency_guided_swap_07,63c2f07f588bfeff,best_initial_refined,324,-6.532411938993016,-6.1672392903192,-0.05198847679303505,1
992,426111,4,0.8,initial,0,three_frequency_guided_swap_00,b435607fdadc5c24,adversarial_multi_corner_refinement,7198,-1.0976435944771716,0.1210662261868446,-0.0657416783448872,0
993,426111,4,0.8,initial,1,three_frequency_guided_swap_01,9941c6eae3e317ec,adversarial_multi_corner_refinement,7198,-11.298848413745244,-11.252610906597305,-0.06280456823977049,0
994,426111,4,0.8,initial,2,three_frequency_guided_swap_02,f85baea17432e4da,adversarial_multi_corner_refinement,7198,-11.52913937133373,-11.4021083541797,-0.060080221668348546,0
995,426111,4,0.8,initial,3,three_frequency_guided_swap_03,eef33b75f2ee87db,adversarial_multi_corner_refinement,7198,-12.283369796647005,-11.940089772109745,-0.05741213415646453,0
996,426111,4,0.8,initial,4,three_frequency_guided_swap_04,c585989e34bb1d8d,adversarial_multi_corner_refinement,7198,-12.216391216004496,-11.9735464514236,-0.0530543540953734,0
997,426111,4,0.8,initial,5,three_frequency_guided_swap_05,82e50b16cc7be72b,adversarial_multi_corner_refinement,7198,-12.807230841148602,-12.623078793598319,-0.050117362865695604,0
998,426111,4,0.8,initial,6,three_frequency_guided_swap_06,b7df475e424c35fc,adversarial_multi_corner_refinement,7198,-12.134122167286389,-11.861243884770388,-0.047319003357136534,0
999,426111,4,0.8,initial,7,three_frequency_guided_swap_07,eb19eccefa10e0a9,adversarial_multi_corner_refinement,7198,-12.429835849892472,-12.110229594642266,-0.044665451281735935,0
1000,426111,4,0.8,initial,8,failed_best_swap_00_1,9d3d6160bddb7708,adversarial_multi_corner_refinement,7198,-2.5612221965768804,-1.7672597007340825,-0.06750388012869082,0
1001,426111,4,0.8,initial,9,failed_best_swap_00_2,c70a03fe471e9659,adversarial_multi_corner_refinement,7198,-3.3146101525586227,-2.9583703865800155,-0.06900323857308036,0
1002,426111,4,0.8,initial,10,failed_best_swap_00_3,e8dd1d8d5e07c734,adversarial_multi_corner_refinement,7198,-1.7886937132131608,-0.7104656654324065,-0.07050769850028014,0
1003,426111,4,0.8,initial,11,failed_best_swap_01_1,2281d83cda547e7f,local_swap_03,7186,0.45249401488278285,0.8168122345122625,-0.025278091878784763,0
1004,426111,4,0.8,initial,12,failed_best_swap_01_2,8b851aa48274afeb,local_swap_03,7186,-2.2138785391969913,-0.18795093656097314,-0.025517376080833477,0
1005,426111,4,0.8,initial,13,failed_best_swap_01_3,49e9eea6550b1b2a,local_swap_03,7186,-2.7641626645051067,-2.7641626645051067,-0.029899937132915753,0
1006,426111,4,0.8,initial,14,power_top,d79295db38f2e5bd,local_swap_03,7186,-19.808014578951816,-19.808014578951816,-0.014654256352770165,0
1007,426111,4,0.8,initial,15,parent_normalized,63db7e1afbe58073,adversarial_multi_corner_refinement,7198,4.620593965807723,6.198277325702114,-0.06878961772149915,1
1008,426111,4,0.8,initial,16,ring_quadrant,edbad981a0f8204a,local_swap_03,7186,-24.518084976894045,-24.518084976894045,-0.016966464167135337,0
1009,426111,4,0.8,initial,17,mirrored_pair,ded3fc362382180e,local_swap_03,7186,-23.281659508217295,-23.281659508217295,-0.01942519996441394,0
1010,426111,4,0.8,initial,18,min_spacing_150,fb4cfeacc055d4d6,local_swap_03,7186,-19.571841299653943,-19.571841299653943,-0.023211814308628544,0
1011,426111,4,0.8,initial,19,edge_density,3e42278d79d4c479,local_swap_03,7186,-28.889414222751594,-28.889414222751594,-0.02014669596232843,0
1012,426111,4,0.8,initial,20,center_density,fc0018d00780d84d,local_swap_03,7186,-14.778982569750003,-14.778982569750003,-0.018780465282366973,0
1013,426111,4,0.8,initial,21,checker_balance,dee4cf713cc9cfd7,local_swap_03,7186,-22.966156199739906,-22.966156199739906,-0.025768240912804958,0
1014,426111,4,0.8,initial,22,hard_positive_neighbor_00,8c0ee4742723c1ff,local_swap_03,7186,-19.053383482586124,-19.053383482586124,-0.030963815126514232,0
1015,426111,4,0.8,initial,23,hard_positive_swap_00,5a4ac950d679a3fc,local_swap_03,7186,-21.549877640318023,-21.549877640318023,-0.030646209227608325,0
1016,426111,4,0.8,alternating,0,three_frequency_guided_swap_00,e98bcb6b80cbf484,best_initial_refined,334,-11.769211146096154,-11.769211146096154,-0.05986574501253055,1
1017,426111,4,0.8,alternating,1,three_frequency_guided_swap_01,d48891c49ac35d48,best_initial_refined,334,-12.259842374658438,-12.259842374658438,-0.05540462033088258,0
1018,426111,4,0.8,alternating,2,three_frequency_guided_swap_02,af75c0e376626272,best_initial_refined,334,-13.01859174463441,-13.01859174463441,-0.052313495614426844,0
1019,426111,4,0.8,alternating,3,three_frequency_guided_swap_03,3dea6c3b1d49e4a3,best_initial_refined,334,-13.95362094735811,-13.738894292342728,-0.04937940070804601,0
1020,426111,4,0.8,alternating,4,three_frequency_guided_swap_04,3685943432531be5,best_initial_refined,334,-13.621758270565099,-13.445133042481892,-0.046649678003434183,0
1021,426111,4,0.8,alternating,5,three_frequency_guided_swap_05,05fe67e242c4c5a2,best_initial_refined,334,-12.157759398473702,-11.42295794045879,-0.06847275337233842,0
1022,426111,4,0.8,alternating,6,three_frequency_guided_swap_06,8f847f33b28b4128,best_initial_refined,334,-12.249033816516503,-11.521179233155836,-0.0656530286417438,0
1023,426111,4,0.8,alternating,7,three_frequency_guided_swap_07,d11adc9c31d14b4b,best_initial_refined,334,-12.253844864017921,-11.595889307993076,-0.06299370078457064,0
1024,426115,4,0.5,initial,0,three_frequency_guided_swap_00,7006a9343f6da484,adversarial_multi_corner_refinement,7793,0.6917139309596563,1.5727358150580304,0.026690900726724115,0
1025,426115,4,0.5,initial,1,three_frequency_guided_swap_01,08a1fc3e948cb49b,adversarial_multi_corner_refinement,7793,-1.60932794103477,-1.60932794103477,0.028211294694776557,0
1026,426115,4,0.5,initial,2,three_frequency_guided_swap_02,0da1b488ccf7aeb5,adversarial_multi_corner_refinement,7793,-7.409291959186357,-7.315137231874031,0.02956367591854943,0
1027,426115,4,0.5,initial,3,three_frequency_guided_swap_03,85341350e64ba95e,adversarial_multi_corner_refinement,7793,-7.182908373704594,-7.182908373704594,0.030762239861430816,0
1028,426115,4,0.5,initial,4,three_frequency_guided_swap_04,62eb37a14b392d68,adversarial_multi_corner_refinement,7793,-8.308647921198624,-8.0959874284781,0.03309184364603688,0
1029,426115,4,0.5,initial,5,three_frequency_guided_swap_05,f380901942bc0fd1,adversarial_multi_corner_refinement,7793,-5.215012911999414,-4.585882629878884,0.0353185397437705,0
1030,426115,4,0.5,initial,6,three_frequency_guided_swap_06,a812cf5de686ba68,adversarial_multi_corner_refinement,7793,-12.301076534913998,-12.160385749150377,0.037488282901194284,0
1031,426115,4,0.5,initial,7,three_frequency_guided_swap_07,f86fcd7055c832f3,adversarial_multi_corner_refinement,7793,-12.2937189406553,-12.183585368840381,0.039556337092815294,0
1032,426115,4,0.5,initial,8,failed_best_swap_00_1,239137197a132c02,adversarial_multi_corner_refinement,7793,-2.6459950311316804,-2.5150967692372057,0.02474662622335381,0
1033,426115,4,0.5,initial,9,failed_best_swap_00_2,7f22b0f053a004b9,adversarial_multi_corner_refinement,7793,-2.342326059884758,-2.0781074300926843,0.025450944654420365,0
1034,426115,4,0.5,initial,10,failed_best_swap_00_3,ea55a4b51901bddc,adversarial_multi_corner_refinement,7793,-7.007365622810676,-6.437615813820386,0.023182909583061823,0
1035,426115,4,0.5,initial,11,failed_best_swap_01_1,b4fa8411e71151cc,hard_positive_swap_01,7787,-5.783916720424941,-5.783916720424941,0.009490878352730306,0
1036,426115,4,0.5,initial,12,failed_best_swap_01_2,f2ca3bd54e5e31b6,hard_positive_swap_01,7787,-10.439140756729344,-10.439140756729344,0.013449703506679168,0
1037,426115,4,0.5,initial,13,failed_best_swap_01_3,e6dc5a01632093f0,hard_positive_swap_01,7787,-4.686044621996672,-4.594760829207393,0.013098572697243351,0
1038,426115,4,0.5,initial,14,power_top,bff9fb9912a43cad,hard_positive_swap_01,7787,-24.333202000447645,-21.286001305246288,0.08707984523759767,0
1039,426115,4,0.5,initial,15,parent_normalized,8406d4aecc0770aa,adversarial_multi_corner_refinement,7793,5.315831334215124,7.14484300576885,0.023850058293365294,1
1040,426115,4,0.5,initial,16,ring_quadrant,3602fad84f73df86,hard_positive_swap_01,7787,-12.772052500613958,-12.772052500613958,0.08474569027407705,0
1041,426115,4,0.5,initial,17,mirrored_pair,ceec15c24e0edd2b,hard_positive_swap_01,7787,-15.498377693124048,-14.909840784171227,0.07582845221113374,0
1042,426115,4,0.5,initial,18,spread_090,ce6ad1f4d5384ff9,hard_positive_swap_01,7787,-23.802610823831376,-20.84308225599795,0.08706507399865467,0
1043,426115,4,0.5,initial,19,min_spacing_150,ba40481817b72708,hard_positive_swap_01,7787,-24.20682259664951,-21.46538620244271,0.07174917937057633,0
1044,426115,4,0.5,initial,20,edge_density,4b27b80d93316a6a,hard_positive_swap_01,7787,-24.103821173788926,-21.404481172229396,0.07452229681222619,0
1045,426115,4,0.5,initial,21,center_density,f4e4fde6a76f6f75,hard_positive_swap_01,7787,-15.365115539001604,-15.365115539001604,0.07757091661909823,0
1046,426115,4,0.5,initial,22,checker_balance,ebfefbd08c6a8174,hard_positive_swap_01,7787,-16.18835203312871,-16.140612964615862,0.018393083219069982,0
1047,426115,4,0.5,initial,23,hard_positive_neighbor_00,13a725e7fb0758d4,adversarial_multi_corner_refinement,7793,-8.18320577708542,-7.67967338739127,0.047817430736231264,0
1048,426115,4,0.5,alternating,0,three_frequency_guided_swap_00,0268e7dcde35e84c,best_initial_refined,343,-3.167023399051428,-3.167023399051428,0.045564589342168664,0
1049,426115,4,0.5,alternating,1,three_frequency_guided_swap_01,bddd1991db8709d8,best_initial_refined,343,-3.1753985253220343,-3.1753985253220343,0.04683394814194404,0
1050,426115,4,0.5,alternating,2,three_frequency_guided_swap_02,6fff14a5074bf1e8,best_initial_refined,343,-5.54903697392681,-5.54903697392681,0.047921944439152764,0
1051,426115,4,0.5,alternating,3,three_frequency_guided_swap_03,a02cdc77cc35e801,best_initial_refined,343,-5.440910102246416,-5.207126068010554,0.04994890864145499,0
1052,426115,4,0.5,alternating,4,three_frequency_guided_swap_04,08bde0a09a482448,best_initial_refined,343,-3.677038488022626,-3.677038488022626,0.05190637598122928,0
1053,426115,4,0.5,alternating,5,three_frequency_guided_swap_05,d6b9df5ed8d0a26f,best_initial_refined,343,-13.040911586482729,-13.040911586482729,0.05376037496273327,0
1054,426115,4,0.5,alternating,6,three_frequency_guided_swap_06,ef13f3faf174fc4c,best_initial_refined,343,-13.093458358146622,-13.093458358146622,0.055525197195432134,0
1055,426115,4,0.5,alternating,7,three_frequency_guided_swap_07,8d1e7482af6665a9,best_initial_refined,343,-3.0682434685418873,-3.0682434685418873,0.042775508390060425,1
1056,426115,4,0.6,initial,0,three_frequency_guided_swap_00,bf186056d419700b,adversarial_multi_corner_refinement,7763,-15.894360247979689,-15.894360247979689,-0.019055506996206138,0
1057,426115,4,0.6,initial,1,three_frequency_guided_swap_01,be150f68a9eefb07,adversarial_multi_corner_refinement,7763,-16.091454864865234,-16.091454864865234,-0.015231089474033432,0
1058,426115,4,0.6,initial,2,three_frequency_guided_swap_02,1a9727b70ad8cbc6,adversarial_multi_corner_refinement,7763,-15.868085073974774,-15.868085073974774,-0.01170160539472562,0
1059,426115,4,0.6,initial,3,three_frequency_guided_swap_03,b82ac38179e50482,adversarial_multi_corner_refinement,7763,-15.903407853392883,-15.903407853392883,-0.008333432995800272,0
1060,426115,4,0.6,initial,4,three_frequency_guided_swap_04,9a17c38fd94a0284,adversarial_multi_corner_refinement,7763,-15.230288050096462,-15.230288050096462,-0.0029678099797364075,0
1061,426115,4,0.6,initial,5,three_frequency_guided_swap_05,5f399c3c0e3447d4,adversarial_multi_corner_refinement,7763,-15.133708722224803,-15.133708722224803,0.0006186875746973699,0
1062,426115,4,0.6,initial,6,three_frequency_guided_swap_06,69f67a379f53b74e,adversarial_multi_corner_refinement,7763,-15.095592570227083,-15.095592570227083,0.003760114694519827,0
1063,426115,4,0.6,initial,7,three_frequency_guided_swap_07,c735a3c2d5ce8513,adversarial_multi_corner_refinement,7763,-15.038109495597276,-15.038109495597276,0.006691078453761484,0
1064,426115,4,0.6,initial,8,failed_best_swap_00_1,4690ecc731fe8d8a,adversarial_multi_corner_refinement,7763,-8.039311208941367,-7.8766063060421585,-0.023055665646859715,0
1065,426115,4,0.6,initial,9,failed_best_swap_00_2,f0ca3c2cfe763294,adversarial_multi_corner_refinement,7763,-13.605412633844914,-13.337875370797178,-0.021916717494451173,0
1066,426115,4,0.6,initial,10,failed_best_swap_00_3,82e086e5493c5e6d,adversarial_multi_corner_refinement,7763,-0.7388400457500827,-0.10939185649209354,-0.02252866824820618,0
1067,426115,4,0.6,initial,11,failed_best_swap_01_1,a50713ac89bd56f9,ratio_continuation_02,7764,-3.88208398964444,-2.822764524418955,0.009703891410526432,0
1068,426115,4,0.6,initial,12,failed_best_swap_01_2,46406b79b7ffdf57,ratio_continuation_02,7764,-1.937146329348316,-1.848350614898088,0.013177208521964148,0
1069,426115,4,0.6,initial,13,failed_best_swap_01_3,0a35e928a3c7fbfd,ratio_continuation_02,7764,2.027326279964106,2.027326279964106,0.01331642226632679,0
1070,426115,4,0.6,initial,14,power_top,39809e13643c899b,ratio_continuation_02,7764,-12.212532506888632,-11.260278164580036,0.06911812183990297,0
1071,426115,4,0.6,initial,15,parent_normalized,f159701bdc713902,adversarial_multi_corner_refinement,7763,4.5267358779920395,7.403010742326675,-0.023501016916212772,1
1072,426115,4,0.6,initial,16,ring_quadrant,6a44cc3d0c39c72f,ratio_continuation_02,7764,-12.837871036982548,-12.837871036982548,0.06567004422468173,0
1073,426115,4,0.6,initial,17,mirrored_pair,69701ff373904a2b,ratio_continuation_02,7764,-13.320560076983439,-13.320560076983439,0.05862035530796349,0
1074,426115,4,0.6,initial,18,min_spacing_150,c525c19d1654516d,ratio_continuation_02,7764,-14.02002689928887,-13.905953733506722,0.057346367848056856,0
1075,426115,4,0.6,initial,19,edge_density,30574896b8a4fb6d,ratio_continuation_02,7764,-16.27318212197985,-15.36824168203328,0.05948609066219982,0
1076,426115,4,0.6,initial,20,center_density,1988f1ff33e652dc,ratio_continuation_02,7764,-9.885930234820764,-9.582983909484442,0.06109735055518598,0
1077,426115,4,0.6,initial,21,checker_balance,bc268e5570787b6c,adversarial_multi_corner_refinement,7763,-14.283893160171303,-14.283893160171303,0.02480241496545632,0
1078,426115,4,0.6,initial,22,hard_positive_neighbor_00,98570d941b5a0240,ratio_continuation_02,7764,-11.614128170497448,-11.589878639450662,0.03928840842196114,0
1079,426115,4,0.6,initial,23,hard_positive_swap_00,4c530026fcbc2d4b,ratio_continuation_02,7764,-11.706501229529174,-11.658591165886861,0.038921162584544845,0
1080,426115,4,0.6,alternating,0,three_frequency_guided_swap_00,4871dc9368f02498,best_initial_refined,354,-17.116695252431075,-15.12375880688619,-0.031355135391482505,0
1081,426115,4,0.6,alternating,1,three_frequency_guided_swap_01,8cc5465682af3d2a,best_initial_refined,354,-17.210800964977793,-15.236956414223087,-0.027770297194474693,0
1082,426115,4,0.6,alternating,2,three_frequency_guided_swap_02,9b8f74ec021e269e,best_initial_refined,354,-17.185727908025367,-15.373626479319158,-0.018583240940861747,0
1083,426115,4,0.6,alternating,3,three_frequency_guided_swap_03,8fdea4a1580815db,best_initial_refined,354,-17.156908282791274,-15.349846742796602,-0.014858974810361381,0
1084,426115,4,0.6,alternating,4,three_frequency_guided_swap_04,e36a45bf48d434f2,best_initial_refined,354,-17.161433812924066,-15.393598723897187,-0.011504489235312406,0
1085,426115,4,0.6,alternating,5,three_frequency_guided_swap_05,8bc8609bc6af9912,best_initial_refined,354,-16.716799067085503,-15.019860598653507,-0.008400137154012704,0
1086,426115,4,0.6,alternating,6,three_frequency_guided_swap_06,294c465e5ebf06fd,best_initial_refined,354,-13.454351647606323,-13.175178698533534,-0.035942529483351325,1
1087,426115,4,0.6,alternating,7,three_frequency_guided_swap_07,7bf854d4517fb33c,best_initial_refined,354,-13.625933706944897,-13.625933706944897,-0.03235769128634351,0
1088,426115,4,0.7,initial,0,three_frequency_guided_swap_00,ea9239759c31a086,adversarial_multi_corner_refinement,7729,3.2012769528569986,5.475201616477286,-0.016487652433220878,0
1089,426115,4,0.7,initial,1,three_frequency_guided_swap_01,eca36da264ab1d02,adversarial_multi_corner_refinement,7729,3.163251629036731,4.19026206070864,-0.015050921049396909,0
1090,426115,4,0.7,initial,2,three_frequency_guided_swap_02,831729fed586aec7,adversarial_multi_corner_refinement,7729,-2.0887913571779366,-2.0887913571779366,-0.013735154582674358,0
1091,426115,4,0.7,initial,3,three_frequency_guided_swap_03,2554c07599c68e34,adversarial_multi_corner_refinement,7729,-2.08001464534378,-2.08001464534378,-0.012512448121781379,0
1092,426115,4,0.7,initial,4,three_frequency_guided_swap_04,f32eb48e01436664,adversarial_multi_corner_refinement,7729,-3.4108261728412668,-3.3997125507056003,-0.010357052234866245,0
1093,426115,4,0.7,initial,5,three_frequency_guided_swap_05,64572d419b2b2e9c,adversarial_multi_corner_refinement,7729,-6.88861955732401,-6.88861955732401,-0.008338652356963962,0
1094,426115,4,0.7,initial,6,three_frequency_guided_swap_06,bad01209ede2d7b1,adversarial_multi_corner_refinement,7729,-6.708247099296383,-6.48691229589164,-0.0064180198261726915,0
1095,426115,4,0.7,initial,7,three_frequency_guided_swap_07,5a58e502d63e075e,adversarial_multi_corner_refinement,7729,-6.047145582787618,-6.0341292382371945,-0.0045571454879920715,0
1096,426115,4,0.7,initial,8,failed_best_swap_00_1,55a247771231fbc2,adversarial_multi_corner_refinement,7729,-11.457325258177002,-11.457325258177002,-0.019048930848584,0
1097,426115,4,0.7,initial,9,failed_best_swap_00_2,1a0326bc0b690bcc,adversarial_multi_corner_refinement,7729,-6.391944055722936,-6.197267756736167,-0.022601921353980106,0
1098,426115,4,0.7,initial,10,failed_best_swap_00_3,eed5d01ec40124b2,adversarial_multi_corner_refinement,7729,-3.146690383811585,-3.0302788176506104,-0.01926604104160666,0
1099,426115,4,0.7,initial,11,failed_best_swap_01_1,6c6656dfc5a4dc47,parent_normalized,7713,-2.3865369973081254,-2.3865369973081254,-0.007209928318475361,0
1100,426115,4,0.7,initial,12,failed_best_swap_01_2,9fdc209f52a16eb0,parent_normalized,7713,-1.357956956294559,-0.5691858706444498,-0.007546689911936606,0
1101,426115,4,0.7,initial,13,failed_best_swap_01_3,d79fc22b23be0cef,parent_normalized,7713,-3.314944855512107,-2.2853098212356566,-0.007597456240379318,0
1102,426115,4,0.7,initial,14,power_top,1889ade46ff1c301,parent_normalized,7713,-23.53405089362038,-21.041987846710914,0.02763278916905508,0
1103,426115,4,0.7,initial,15,parent_normalized,b49997fb6d5cefd3,adversarial_multi_corner_refinement,7729,5.569012334691909,7.640196612450825,-0.019755346653818128,1
1104,426115,4,0.7,initial,16,ring_quadrant,a7970eab40e58a68,parent_normalized,7713,-24.055888577071727,-21.89441632240614,0.023932427870905285,0
1105,426115,4,0.7,initial,17,mirrored_pair,b39613c4c0e3fdb1,parent_normalized,7713,-14.676767146436857,-12.307250996569685,0.02210925300304444,0
1106,426115,4,0.7,initial,18,min_spacing_150,a3531ba5f2f05ad6,parent_normalized,7713,-21.73862258176273,-18.988548365256385,0.012807004095879286,0
1107,426115,4,0.7,initial,19,edge_density,36dfa86c51f8b754,parent_normalized,7713,-21.75540613908477,-18.902770475044544,0.015298663069386537,0
1108,426115,4,0.7,initial,20,center_density,b3468747ef9b84fb,parent_normalized,7713,-9.879396417958846,-8.908486700452036,0.024152967802098812,0
1109,426115,4,0.7,initial,21,checker_balance,8bb19933de8daf68,parent_normalized,7713,-23.233697493870377,-21.339095416526806,0.011174766230223052,0
1110,426115,4,0.7,initial,22,hard_positive_neighbor_00,1b4782c9b2cbdffd,adversarial_multi_corner_refinement,7729,-8.993547255983339,-8.993547255983339,0.0003257480717309911,0
1111,426115,4,0.7,initial,23,hard_positive_swap_00,b2cc3a051ed7e92d,adversarial_multi_corner_refinement,7729,-8.07700522435371,-7.1696691696106924,0.00013386900051300397,0
1112,426115,4,0.7,alternating,0,three_frequency_guided_swap_00,fbc52d2468a2b122,best_initial_refined,364,2.0812769222960883,2.0812769222960883,-0.022382113718060308,0
1113,426115,4,0.7,alternating,1,three_frequency_guided_swap_01,fa2acd7acc6c403d,best_initial_refined,364,-3.8996606618375322,-3.8996606618375322,-0.021013947671261836,0
1114,426115,4,0.7,alternating,2,three_frequency_guided_swap_02,acefe80bca346c71,best_initial_refined,364,-3.9404475541661617,-3.9404475541661617,-0.017468814777890848,0
1115,426115,4,0.7,alternating,3,three_frequency_guided_swap_03,7f041705b668390b,best_initial_refined,364,-4.744570246124924,-4.744570246124924,-0.015338297762007493,0
1116,426115,4,0.7,alternating,4,three_frequency_guided_swap_04,9b3b83eb1843adae,best_initial_refined,364,-4.6687370257137735,-4.6687370257137735,-0.013346737082266035,0
1117,426115,4,0.7,alternating,5,three_frequency_guided_swap_05,4a391bcfe6def9df,best_initial_refined,364,-6.043848288243807,-4.867820201046732,-0.011413574963170706,0
1118,426115,4,0.7,alternating,6,three_frequency_guided_swap_06,48b37d7368d8ca26,best_initial_refined,364,2.1580649231273923,2.1580649231273923,-0.025740353452151993,1
1119,426115,4,0.7,alternating,7,three_frequency_guided_swap_07,d10a8a10b3005746,best_initial_refined,364,-3.8837059105196587,-3.8837059105196587,-0.02437218740535352,0
1120,426115,4,0.8,initial,0,three_frequency_guided_swap_00,eeaea11dc7b61f2b,adversarial_multi_corner_refinement,7705,-16.306174225601012,-15.12100847512064,-0.04425376768168371,0
1121,426115,4,0.8,initial,1,three_frequency_guided_swap_01,f0fa37210cbbb36e,adversarial_multi_corner_refinement,7705,-16.486467869899265,-15.412674227975742,-0.04122944815583491,0
1122,426115,4,0.8,initial,2,three_frequency_guided_swap_02,0288f87a95fdfeda,adversarial_multi_corner_refinement,7705,-16.500047143650363,-15.429002338736277,-0.03857965795480623,0
1123,426115,4,0.8,initial,3,three_frequency_guided_swap_03,ee9c4be4e1d42886,adversarial_multi_corner_refinement,7705,-16.517861718505568,-15.385024648187542,-0.03619494093001218,0
1124,426115,4,0.8,initial,4,three_frequency_guided_swap_04,f3b0177170d48c79,adversarial_multi_corner_refinement,7705,-16.34253504664324,-15.305976974133062,-0.03265238326740654,0
1125,426115,4,0.8,initial,5,three_frequency_guided_swap_05,856536280a003779,adversarial_multi_corner_refinement,7705,-20.276801615388734,-19.470297667643234,-0.03003027523735949,0
1126,426115,4,0.8,initial,6,three_frequency_guided_swap_06,baf98652d7090049,adversarial_multi_corner_refinement,7705,-20.633235216700886,-19.72810815442326,-0.0275415782319685,0
1127,426115,4,0.8,initial,7,three_frequency_guided_swap_07,dfe5f26de49a5c84,adversarial_multi_corner_refinement,7705,-20.45190914660808,-19.57651364121658,-0.025182249599778175,0
1128,426115,4,0.8,initial,8,failed_best_swap_00_1,04137491ee707c3d,adversarial_multi_corner_refinement,7705,-0.5479456782498069,-0.5479456782498069,-0.04772167018677333,0
1129,426115,4,0.8,initial,9,failed_best_swap_00_2,57ee5740e9ae36a5,adversarial_multi_corner_refinement,7705,-1.3766472635337668,-0.6932501562599196,-0.04744656524031466,0
1130,426115,4,0.8,initial,10,failed_best_swap_00_3,b0383e4844934df8,adversarial_multi_corner_refinement,7705,-3.582164837878486,-3.582164837878486,-0.04723553822951375,0
1131,426115,4,0.8,initial,11,failed_best_swap_01_1,a6e7f8728766a3c3,local_swap_14,7709,-0.2955990118745634,-0.2955990118745634,-0.030334567254958138,0
1132,426115,4,0.8,initial,12,failed_best_swap_01_2,c4308d6e39413106,local_swap_14,7709,2.554212795896562,3.9861562637664654,-0.02762605873834376,0
1133,426115,4,0.8,initial,13,failed_best_swap_01_3,30dbc576396cee32,local_swap_14,7709,-4.626920646121403,-4.449604828153347,-0.029620715804211408,0
1134,426115,4,0.8,initial,14,power_top,2bc13ff6a10fa6f6,local_swap_14,7709,-13.44949076429712,-13.44949076429712,0.0027114113124838595,0
1135,426115,4,0.8,initial,15,parent_normalized,7c8572b6e2893f77,adversarial_multi_corner_refinement,7705,6.055899705221179,6.055899705221179,-0.04818554612666686,1
1136,426115,4,0.8,initial,16,ring_quadrant,b787526c7e3629cb,local_swap_14,7709,-12.729796220531071,-12.729796220531071,0.0011572866816305953,0
1137,426115,4,0.8,initial,17,mirrored_pair,0a293750c8f1500d,local_swap_14,7709,-11.776059096786797,-11.776059096786797,-0.002325486671825334,0
1138,426115,4,0.8,initial,18,min_spacing_150,8fe929f87742994e,local_swap_14,7709,-14.379801469525583,-12.702181869807152,-0.006876043795559141,0
1139,426115,4,0.8,initial,19,edge_density,ed687b216af3fb3e,local_swap_14,7709,-14.680870230903135,-12.72104903131119,-0.00558153005839479,0
1140,426115,4,0.8,initial,20,center_density,e33cc8e56befecfe,local_swap_14,7709,-15.485914074452516,-13.036313674272083,-0.001013899835480033,0
1141,426115,4,0.8,initial,21,checker_balance,57b5d1b3b78a571b,local_swap_14,7709,-20.966489934325516,-18.942225582861973,-0.008927714578936324,0
1142,426115,4,0.8,initial,22,hard_positive_neighbor_00,8c0ee4742723c1ff,local_swap_14,7709,-11.20448498239922,-11.20448498239922,-0.0058314262824937105,0
1143,426115,4,0.8,initial,23,hard_positive_swap_00,23f29232f8a27a0c,local_swap_14,7709,-10.942823843854455,-10.942823843854455,-0.0067322625554405895,0
1144,426115,4,0.8,alternating,0,three_frequency_guided_swap_00,ea4a60a5a4ec42aa,best_initial_refined,374,-16.86426442658848,-12.394785570039549,-0.05325352805559299,0
1145,426115,4,0.8,alternating,1,three_frequency_guided_swap_01,54ca2b29be33f0e8,best_initial_refined,374,-20.480831507902142,-17.98534421539908,-0.05015331911524289,0
1146,426115,4,0.8,alternating,2,three_frequency_guided_swap_02,ff9f248ab754a7b1,best_initial_refined,374,-20.4839104315377,-17.996711511243095,-0.04742308844165621,0
1147,426115,4,0.8,alternating,3,three_frequency_guided_swap_03,2119bd1d3936192f,best_initial_refined,374,-20.55023542289011,-17.946814180906454,-0.04496802434956633,0
1148,426115,4,0.8,alternating,4,three_frequency_guided_swap_04,2f48f8b88d0ac52f,best_initial_refined,374,-20.41745606025357,-17.86566955449284,-0.041312000339196506,0
1149,426115,4,0.8,alternating,5,three_frequency_guided_swap_05,9603d4bb8c666574,best_initial_refined,374,-20.32393391737571,-17.643952365243575,-0.03597302706133564,0
1150,426115,4,0.8,alternating,6,three_frequency_guided_swap_06,422983816adeb56f,best_initial_refined,374,-21.001611260918466,-18.22404254273514,-0.033484198154016494,0
1151,426115,4,0.8,alternating,7,three_frequency_guided_swap_07,30b8a8b4b223b73e,best_initial_refined,374,2.9578765669805995,4.3835413642961685,-0.054158948836136846,1
1152,426116,4,0.5,initial,0,three_frequency_guided_swap_00,ae6c1ad7fb97f98d,adversarial_multi_corner_refinement,7907,-3.9728381450166377,-3.2728612209711234,0.054013699009807986,0
1153,426116,4,0.5,initial,1,three_frequency_guided_swap_01,c5a5334e88dd6d0b,adversarial_multi_corner_refinement,7907,-4.963708266009533,-4.946165399557209,0.05600101916760855,0
1154,426116,4,0.5,initial,2,three_frequency_guided_swap_02,537fff9c37c7a356,adversarial_multi_corner_refinement,7907,-12.271887242358517,-12.271887242358517,0.057750579667150644,0
1155,426116,4,0.5,initial,3,three_frequency_guided_swap_03,ff2f9035a9191383,adversarial_multi_corner_refinement,7907,-12.26834789887385,-12.26834789887385,0.059465629013395215,0
1156,426116,4,0.5,initial,4,three_frequency_guided_swap_04,bacf0b2291729bb5,adversarial_multi_corner_refinement,7907,-11.125594735573777,-11.125594735573777,0.0626951359633128,0
1157,426116,4,0.5,initial,5,three_frequency_guided_swap_05,141985e42584e689,adversarial_multi_corner_refinement,7907,-11.074044305904238,-11.074044305904238,0.0657297950261814,0
1158,426116,4,0.5,initial,6,three_frequency_guided_swap_06,b31ac8312d8227c2,adversarial_multi_corner_refinement,7907,-11.115550847969665,-11.115550847969665,0.06864854496753453,0
1159,426116,4,0.5,initial,7,three_frequency_guided_swap_07,49af52aeaef2ecd0,adversarial_multi_corner_refinement,7907,-9.693281416880401,-9.693281416880401,0.0714014310088299,0
1160,426116,4,0.5,initial,8,failed_best_swap_00_1,18280d23dca1ddb4,adversarial_multi_corner_refinement,7907,-0.10017638693894243,-0.07228719994435474,0.049931992623090435,0
1161,426116,4,0.5,initial,9,failed_best_swap_00_2,292d93c44f23d759,adversarial_multi_corner_refinement,7907,-5.097056539766903,-4.945935761965842,0.05117298749717226,0
1162,426116,4,0.5,initial,10,failed_best_swap_00_3,e360598f8fef29f2,adversarial_multi_corner_refinement,7907,0.5047396276176007,1.313785511162608,0.05080980049964953,0
1163,426116,4,0.5,initial,11,failed_best_swap_01_1,e1ef3f2e495655b8,ratio_continuation_03,7926,2.4439931232247507,2.7674842975890472,0.09366417928410094,0
1164,426116,4,0.5,initial,12,failed_best_swap_01_2,fef0a6d86d708560,ratio_continuation_03,7926,-5.981632729455104,-5.981632729455104,0.09197300818978349,0
1165,426116,4,0.5,initial,13,failed_best_swap_01_3,702b87621fd5bcbd,ratio_continuation_03,7926,-0.9364598051782504,-0.42740836800072257,0.09190470290271187,0
1166,426116,4,0.5,initial,14,power_top,666f23d572420266,ratio_continuation_03,7926,-14.801059371558036,-13.901546581885526,0.1251505101826433,0
1167,426116,4,0.5,initial,15,parent_normalized,13a725e7fb0758d4,adversarial_multi_corner_refinement,7907,6.829525291333019,7.930404533832736,0.05161121984975856,1
1168,426116,4,0.5,initial,16,ring_quadrant,1ccb2747fcf383ca,ratio_continuation_03,7926,-15.853875059304714,-15.139984784916738,0.121057503821853,0
1169,426116,4,0.5,initial,17,mirrored_pair,ba824142e84aad3c,ratio_continuation_03,7926,-9.518710602971428,-8.739942103253108,0.11852912909509014,0
1170,426116,4,0.5,initial,18,spread_090,fa04c222a2551b56,ratio_continuation_03,7926,-14.753841973876643,-13.852064720410528,0.1251426525919699,0
1171,426116,4,0.5,initial,19,min_spacing_150,f44a0d2cbb010579,ratio_continuation_03,7926,-12.732805694155143,-11.744174685233348,0.11053032348221563,0
1172,426116,4,0.5,initial,20,edge_density,6f69ab0025c577a0,ratio_continuation_03,7926,-11.529052471272571,-10.788150575789873,0.11197479138197032,0
1173,426116,4,0.5,initial,21,center_density,278c98a307d2836f,ratio_continuation_03,7926,-13.734606816870143,-12.996387830275074,0.11444914865785326,0
1174,426116,4,0.5,initial,22,checker_balance,ebfefbd08c6a8174,adversarial_multi_corner_refinement,7907,-15.641377409567106,-13.966734233467339,0.05019939673472447,0
1175,426116,4,0.5,initial,23,hard_positive_swap_00,3dc101d77cc9beba,adversarial_multi_corner_refinement,7907,3.8874817572831324,4.148316206065929,0.05225774791520492,0
1176,426116,4,0.5,alternating,0,three_frequency_guided_swap_00,126e7c3d4c51febf,best_initial_refined,383,-6.4225956238010395,-5.793732380683535,0.07452688207228511,0
1177,426116,4,0.5,alternating,1,three_frequency_guided_swap_01,fde14e564ffdd730,best_initial_refined,383,-14.810267137926374,-14.810267137926374,0.07612663199372215,0
1178,426116,4,0.5,alternating,2,three_frequency_guided_swap_02,3fd03f07a330a0af,best_initial_refined,383,-13.462908520188783,-13.462908520188783,0.07912300717706794,0
1179,426116,4,0.5,alternating,3,three_frequency_guided_swap_03,33652420babd72f8,best_initial_refined,383,-14.050384173726322,-14.050384173726322,0.08186696574663357,0
1180,426116,4,0.5,alternating,4,three_frequency_guided_swap_04,7f676063bffd6a6b,best_initial_refined,383,-14.049258316256656,-14.049258316256656,0.0844460115942404,0
1181,426116,4,0.5,alternating,5,three_frequency_guided_swap_05,48d7aa66399f7ea4,best_initial_refined,383,-13.378245113243901,-13.378245113243901,0.08692042265586804,0
1182,426116,4,0.5,alternating,6,three_frequency_guided_swap_06,ddda1f1f114c3d67,best_initial_refined,383,-6.484264541242056,-5.914703911775279,0.07021507226351328,0
1183,426116,4,0.5,alternating,7,three_frequency_guided_swap_07,535a7ea8d470bb73,best_initial_refined,383,-6.333724391606062,-5.728180529472505,0.07195729712049867,1
1184,426116,4,0.6,initial,0,three_frequency_guided_swap_00,2818a96642895f38,adversarial_multi_corner_refinement,7890,-1.8470042280675592,0.011400700470451549,0.037227616172760575,0
1185,426116,4,0.6,initial,1,three_frequency_guided_swap_01,9e1a8074ab4a6bba,adversarial_multi_corner_refinement,7890,-1.6536926514287256,0.2066313825231435,0.03868075946995477,0
1186,426116,4,0.6,initial,2,three_frequency_guided_swap_02,dbcdb0f21b18caea,adversarial_multi_corner_refinement,7890,-7.338433839187207,-7.338433839187207,0.0396848647319118,0
1187,426116,4,0.6,initial,3,three_frequency_guided_swap_03,093c2fb7c9a53612,adversarial_multi_corner_refinement,7890,-7.3650350982295185,-7.3650350982295185,0.04067375221444424,0
1188,426116,4,0.6,initial,4,three_frequency_guided_swap_04,3f9e462e1187a17b,adversarial_multi_corner_refinement,7890,-7.35378917216314,-7.35378917216314,0.042535541427297235,0
1189,426116,4,0.6,initial,5,three_frequency_guided_swap_05,419c76563e7a454c,adversarial_multi_corner_refinement,7890,-7.332278080537824,-7.332278080537824,0.04429461108287064,0
1190,426116,4,0.6,initial,6,three_frequency_guided_swap_06,b9231efa4b7b0719,adversarial_multi_corner_refinement,7890,-7.242410816167468,-7.242410816167468,0.04600153445850785,0
1191,426116,4,0.6,initial,7,three_frequency_guided_swap_07,eecae6ef61379390,adversarial_multi_corner_refinement,7890,-7.271868044857257,-7.271868044857257,0.047662233757354185,0
1192,426116,4,0.6,initial,8,failed_best_swap_00_1,d5327db2cb3ed5fa,adversarial_multi_corner_refinement,7890,-1.8471082895134043,-1.7565158321358219,0.03404796204769138,0
1193,426116,4,0.6,initial,9,failed_best_swap_00_2,19c346a8eb25cfb8,adversarial_multi_corner_refinement,7890,-3.5722082867027307,-3.2849316222700224,0.03381746790840039,0
1194,426116,4,0.6,initial,10,failed_best_swap_00_3,ceaca48e0de3b1df,adversarial_multi_corner_refinement,7890,-4.765930496024993,-4.765930496024993,0.03448013678505232,0
1195,426116,4,0.6,initial,11,failed_best_swap_01_1,d9e6a561c0abb63b,local_swap_03,7897,-10.4008115225201,-10.4008115225201,0.03779053269347232,0
1196,426116,4,0.6,initial,12,failed_best_swap_01_2,0e189e4576211057,local_swap_03,7897,-3.2682426987783635,-3.2682426987783635,0.04018041441749778,0
1197,426116,4,0.6,initial,13,failed_best_swap_01_3,9ed3256aa3ff5f92,local_swap_03,7897,-6.9432285541688366,-6.770345938812654,0.03830617753187383,0
1198,426116,4,0.6,initial,14,power_top,782e4a5a989e3078,local_swap_03,7897,-15.38120367371932,-14.288627217818599,0.08061293102467038,0
1199,426116,4,0.6,initial,15,parent_normalized,ef5519cf0a9912a6,adversarial_multi_corner_refinement,7890,8.428475541908048,8.750145404876415,0.033425418682092374,1
1200,426116,4,0.6,initial,16,ring_quadrant,19f23a0bbe69ad3a,local_swap_03,7897,-9.459212956505732,-9.412034381474205,0.07775059750390402,0
1201,426116,4,0.6,initial,17,mirrored_pair,219c771bf4ea3c90,local_swap_03,7897,-15.220413431410215,-15.220413431410215,0.07311544667262454,0
1202,426116,4,0.6,initial,18,min_spacing_150,8c1fd1ddb150a683,local_swap_03,7897,-11.246171401498074,-10.410702067237521,0.06923035151228096,0
1203,426116,4,0.6,initial,19,edge_density,84f4705769516d71,local_swap_03,7897,-15.807144371415557,-14.573475510870317,0.07093392597287478,0
1204,426116,4,0.6,initial,20,center_density,e0204114fcf8530d,local_swap_03,7897,-10.816405876890517,-9.875333406717493,0.06992533752806808,0
1205,426116,4,0.6,initial,21,checker_balance,f96299c92ea3dfb5,local_swap_03,7897,-9.583598575125645,-9.544059997460334,0.05369704777741424,0
1206,426116,4,0.6,initial,22,hard_positive_neighbor_00,98570d941b5a0240,local_swap_03,7897,-11.95432064907715,-10.679095794350475,0.049624682930679086,0
1207,426116,4,0.6,initial,23,hard_positive_swap_00,c29e0505665d7d28,local_swap_03,7897,-11.993298037256668,-10.67067458371035,0.048306024327807555,0
1208,426116,4,0.6,alternating,0,three_frequency_guided_swap_00,a23e41f340110811,best_initial_refined,390,-1.3555122037558134,0.06995161197593808,0.03741389620501482,0
1209,426116,4,0.6,alternating,1,three_frequency_guided_swap_01,b8bea39cb14af127,best_initial_refined,390,-7.574541680350041,-7.574541680350041,0.039579429859918434,0
1210,426116,4,0.6,alternating,2,three_frequency_guided_swap_02,37c74127f7e7ea4d,best_initial_refined,390,-7.5996481167933485,-7.5996481167933485,0.04155272982194744,0
1211,426116,4,0.6,alternating,3,three_frequency_guided_swap_03,4b4b3f8fff08aa1f,best_initial_refined,390,-7.567376571388731,-7.567376571388731,0.043365882395491454,0
1212,426116,4,0.6,alternating,4,three_frequency_guided_swap_04,a7e943ffee238be7,best_initial_refined,390,-7.506552604773873,-7.506552604773873,0.04511970428633474,0
1213,426116,4,0.6,alternating,5,three_frequency_guided_swap_05,1e54a8d9d6eb1b9f,best_initial_refined,390,-7.4925808012984065,-7.4925808012984065,0.04684679527600338,0
1214,426116,4,0.6,alternating,6,three_frequency_guided_swap_06,2480533d0080ee97,best_initial_refined,390,0.15040630645910405,0.15040630645910405,0.033637380397934805,1
1215,426116,4,0.6,alternating,7,three_frequency_guided_swap_07,504f3e91beda3972,best_initial_refined,390,-6.836271627176337,-6.836271627176337,0.03472687025973872,0
1216,426116,4,0.7,initial,0,three_frequency_guided_swap_00,31c9e6beed8941f0,adversarial_multi_corner_refinement,7847,-0.9738686450905303,1.245793131297404,-0.006920531279324926,0
1217,426116,4,0.7,initial,1,three_frequency_guided_swap_01,11d3bcdf5d09471a,adversarial_multi_corner_refinement,7847,-12.17582253762181,-11.637767926035972,-0.004770706371969993,0
1218,426116,4,0.7,initial,2,three_frequency_guided_swap_02,970df682fae01d23,adversarial_multi_corner_refinement,7847,-12.11021317452394,-11.602422892572626,-0.002874115377779576,0
1219,426116,4,0.7,initial,3,three_frequency_guided_swap_03,109d5123bc58d187,adversarial_multi_corner_refinement,7847,-12.095825272988556,-11.595996481126736,-0.0011826570435924683,0
1220,426116,4,0.7,initial,4,three_frequency_guided_swap_04,192a89a7a7c4dcbc,adversarial_multi_corner_refinement,7847,-11.861079057837287,-11.4603253717753,0.002038344043581368,0
1221,426116,4,0.7,initial,5,three_frequency_guided_swap_05,f20ca12f102d5e13,adversarial_multi_corner_refinement,7847,-11.862290765972432,-11.456991635165625,0.004930299085490587,0
1222,426116,4,0.7,initial,6,three_frequency_guided_swap_06,bf0e38d69e2d7994,adversarial_multi_corner_refinement,7847,-11.897171794422963,-11.450158356789064,0.00760225180967368,0
1223,426116,4,0.7,initial,7,three_frequency_guided_swap_07,2e856240ee07224e,adversarial_multi_corner_refinement,7847,-11.086186081639951,-10.728533298046104,0.010182889444650369,0
1224,426116,4,0.7,initial,8,failed_best_swap_00_1,63f4610c21b7836e,adversarial_multi_corner_refinement,7847,-2.8003775223411775,-2.5641441578363877,-0.008888783143571905,0
1225,426116,4,0.7,initial,9,failed_best_swap_00_2,4e4bfc9f48676fed,adversarial_multi_corner_refinement,7847,-5.404731408569379,-4.868682176099336,-0.009420382864876526,0
1226,426116,4,0.7,initial,10,failed_best_swap_00_3,551db9d0084885a9,adversarial_multi_corner_refinement,7847,-4.153306741318276,-4.100195755025221,-0.010059767104398766,0
1227,426116,4,0.7,initial,11,failed_best_swap_01_1,ecefa784912f10a9,local_swap_09,7870,-3.8551532540206885,-2.838548377095989,0.032680987000455006,0
1228,426116,4,0.7,initial,12,failed_best_swap_01_2,1c76b53319ce02f3,local_swap_09,7870,-1.4646472192948943,-1.1172183146421055,0.03259840853588297,0
1229,426116,4,0.7,initial,13,failed_best_swap_01_3,cf7256eecfbccef4,local_swap_09,7870,-2.407037065229465,-0.42554228204083916,0.03148880465892348,0
1230,426116,4,0.7,initial,14,power_top,62914fec14243994,local_swap_09,7870,-12.183711981462572,-11.650155392536675,0.05456412416789742,0
1231,426116,4,0.7,initial,15,parent_normalized,3e49c59bddad69d1,adversarial_multi_corner_refinement,7847,4.556856336644146,4.556856336644146,-0.00956098734524651,1
1232,426116,4,0.7,initial,16,ring_quadrant,3a7a91317a5dd5b7,local_swap_09,7870,-15.873369805981937,-15.873369805981937,0.052406062405587435,0
1233,426116,4,0.7,initial,17,mirrored_pair,210708351cd7cac3,local_swap_09,7870,-14.770770666976937,-14.265252120398406,0.05035612730950375,0
1234,426116,4,0.7,initial,18,spread_090,60dfd627a80e4366,local_swap_09,7870,-12.116170330262806,-11.481016252015081,0.05455280646362835,0
1235,426116,4,0.7,initial,19,min_spacing_150,3ca5e8d75b6f6d26,local_swap_09,7870,-10.839604936850566,-10.164260160662684,0.043352926766938596,0
1236,426116,4,0.7,initial,20,edge_density,8d734d9120a41d04,local_swap_09,7870,-10.765119210652152,-9.30100185081552,0.04382274264601497,0
1237,426116,4,0.7,initial,21,center_density,08aa09d35cf34b55,local_swap_09,7870,-16.386431226090888,-15.86543210688307,0.04892776402466596,0
1238,426116,4,0.7,initial,22,checker_balance,137c649e76381ffe,adversarial_multi_corner_refinement,7847,-11.831341146624638,-11.448603097694312,0.012627318371657084,0
1239,426116,4,0.7,initial,23,hard_positive_neighbor_00,1b4782c9b2cbdffd,local_swap_09,7870,-15.140291013740907,-13.644419746184367,0.02826052269347953,0
1240,426116,4,0.7,alternating,0,three_frequency_guided_swap_00,011dc2a891e1d066,best_initial_refined,404,-8.158784992189432,-4.691175762761983,-0.013146925504803519,1
1241,426116,4,0.7,alternating,1,three_frequency_guided_swap_01,98926342361db07b,best_initial_refined,404,-9.831650710077026,-8.991580727785207,-0.011349909163656968,0
1242,426116,4,0.7,alternating,2,three_frequency_guided_swap_02,770845de0da018b6,best_initial_refined,404,-9.740047427889028,-8.917750585275794,-0.007978898175828267,0
1243,426116,4,0.7,alternating,3,three_frequency_guided_swap_03,80308a6dbce15cfd,best_initial_refined,404,-9.736800948640337,-8.627737557813717,-0.004928008707040035,0
1244,426116,4,0.7,alternating,4,three_frequency_guided_swap_04,272bb8cf81ceac5b,best_initial_refined,404,-9.754718812740546,-8.68481070477434,-0.00201699838147581,0
1245,426116,4,0.7,alternating,5,three_frequency_guided_swap_05,b28f65cbbb234cb4,best_initial_refined,404,-9.556166180108196,-8.551103191555836,0.0007856079885360864,0
1246,426116,4,0.7,alternating,6,three_frequency_guided_swap_06,1f295e39bef215a2,best_initial_refined,404,-8.17267905440107,-4.840805815472123,-0.017877306354357702,0
1247,426116,4,0.7,alternating,7,three_frequency_guided_swap_07,1c4dc651cb60f0a1,best_initial_refined,404,-8.286148224646876,-4.866630990833418,-0.01590415154748433,0
1248,426116,4,0.8,initial,0,three_frequency_guided_swap_00,947b258965a4e1b0,min_spacing_150,7812,0.37679710129683064,2.8503346310584714,-0.004012593035982038,0
1249,426116,4,0.8,initial,1,three_frequency_guided_swap_01,ee73960cddfecee2,min_spacing_150,7812,-0.5909035831477445,0.09497875164987733,-0.002673665555650083,0
1250,426116,4,0.8,initial,2,three_frequency_guided_swap_02,7fcfa46bc3eec838,min_spacing_150,7812,-1.419397314681658,-0.6269628518830572,-0.0014290763557770114,0
1251,426116,4,0.8,initial,3,three_frequency_guided_swap_03,8fa0e7b28cc0473a,min_spacing_150,7812,-0.8359177552280723,-0.052609927133573806,-0.00022545928724400266,0
1252,426116,4,0.8,initial,4,three_frequency_guided_swap_04,62129aedd1f8e589,min_spacing_150,7812,-13.066193487947713,-12.505417756892358,0.0021264736864927097,0
1253,426116,4,0.8,initial,5,three_frequency_guided_swap_05,3c2f6ac4aee9ec4f,min_spacing_150,7812,-12.922715338731512,-12.283957135419874,0.004302824053910138,0
1254,426116,4,0.8,initial,6,three_frequency_guided_swap_06,23f6409ec588d7aa,min_spacing_150,7812,-12.44319206479302,-12.412560122808669,0.006328742768120772,0
1255,426116,4,0.8,initial,7,three_frequency_guided_swap_07,e177f97ef5c6b4b0,min_spacing_150,7812,-12.383850711956935,-12.339088985654067,0.008232609848572462,0
1256,426116,4,0.8,initial,8,failed_best_swap_00_1,9989d0e4b73715c3,min_spacing_150,7812,-1.7523343440764716,-1.7523343440764716,-0.0046646893790196955,0
1257,426116,4,0.8,initial,9,failed_best_swap_00_2,5bfd9ca5ae7718d0,min_spacing_150,7812,-2.113347674902962,-2.113347674902962,-0.005083886928604342,0
1258,426116,4,0.8,initial,10,failed_best_swap_00_3,ecc228f659946ab9,min_spacing_150,7812,-5.662928853433943,-5.318277771186858,-0.004516202820846643,0
1259,426116,4,0.8,initial,11,failed_best_swap_01_1,721d614560f4a13f,local_swap_12,7835,-1.2241208864820532,-1.2241208864820532,0.018631106879853008,0
1260,426116,4,0.8,initial,12,failed_best_swap_01_2,7fc9fba4b969d75a,local_swap_12,7835,-4.531646572756782,-4.322711822747325,0.017314626755390652,0
1261,426116,4,0.8,initial,13,failed_best_swap_01_3,46a665310342c7d7,local_swap_12,7835,0.9354975554429572,2.8313568282286274,0.018598811231796075,0
1262,426116,4,0.8,initial,14,power_top,2c7fa13c4defcff9,local_swap_12,7835,-12.339652189279215,-10.964194083858963,0.03063502363758274,0
1263,426116,4,0.8,initial,15,parent_normalized,0ff51e601b70136d,min_spacing_150,7812,5.95263392104556,6.460892531848854,-0.005451313711237814,1
1264,426116,4,0.8,initial,16,ring_quadrant,40a4c03f0d232b13,local_swap_12,7835,-10.86477365737972,-9.797096180066587,0.02776631124336284,0
1265,426116,4,0.8,initial,17,mirrored_pair,e9b9038dde84c3d8,local_swap_12,7835,-15.11333500324745,-14.36698269481524,0.027084072663751898,0
1266,426116,4,0.8,initial,18,min_spacing_150,b42ade6c7fc4188b,min_spacing_150,7812,-11.731648976315878,-11.234400955674953,0.01615180635169802,0
1267,426116,4,0.8,initial,19,edge_density,5c15ef40dd523615,local_swap_12,7835,-12.408085656131046,-11.85024256414945,0.020324972411174345,0
1268,426116,4,0.8,initial,20,center_density,49855abb9a399376,local_swap_12,7835,-7.076837817763666,-5.660422886259506,0.028687271485287408,0
1269,426116,4,0.8,initial,21,checker_balance,6ae7f35626e7fc10,local_swap_12,7835,-11.884987445687361,-9.917641752651738,0.022483275375579828,0
1270,426116,4,0.8,initial,22,hard_positive_neighbor_00,8c0ee4742723c1ff,local_swap_12,7835,-4.02534010510741,-3.7664291821049374,0.02379390134956525,0
1271,426116,4,0.8,initial,23,hard_positive_swap_00,a3208b5d657272f0,local_swap_12,7835,-4.021459524039276,-3.7870695081846755,0.0230885730074827,0
1272,426116,4,0.8,alternating,0,three_frequency_guided_swap_00,084deba6ea25de89,best_initial_refined,414,-1.5337262633743984,-0.24093528465787287,-0.0045531052392252715,0
1273,426116,4,0.8,alternating,1,three_frequency_guided_swap_01,b6364a437b396b58,best_initial_refined,414,-11.506189955346889,-10.378561826648218,-0.002018905787795632,0
1274,426116,4,0.8,alternating,2,three_frequency_guided_swap_02,5a29da49b85527f6,best_initial_refined,414,-12.349664708132522,-11.060055460505772,0.0003306338205656763,0
1275,426116,4,0.8,alternating,3,three_frequency_guided_swap_03,0253550704675c77,best_initial_refined,414,-12.221176559058112,-11.053461286583214,0.0024795974679296647,0
1276,426116,4,0.8,alternating,4,three_frequency_guided_swap_04,7a5b185887d79e4c,best_initial_refined,414,-11.916066537505225,-10.722519925427694,0.004553175667488113,0
1277,426116,4,0.8,alternating,5,three_frequency_guided_swap_05,2406d6b38505930d,best_initial_refined,414,0.86348166683309,1.3499624641341414,-0.00887365553854153,1
1278,426116,4,0.8,alternating,6,three_frequency_guided_swap_06,aa458820ca376258,best_initial_refined,414,-0.032383044890152764,-0.032383044890152764,-0.007470065848876088,0
1279,426116,4,0.8,alternating,7,three_frequency_guided_swap_07,5656c5d8d0f5c295,best_initial_refined,414,-1.539715984674022,-0.2331550061913962,-0.006123189560933457,0
1280,426110,4,0.5,initial,0,three_frequency_guided_swap_00,c7212e7254f94250,adversarial_multi_corner_refinement,7142,-1.8095307077944158,-0.8642267611199903,-0.00019798013864104824,0
1281,426110,4,0.5,initial,1,three_frequency_guided_swap_01,a3f5348ccc9fd16c,adversarial_multi_corner_refinement,7142,-5.6929159660116255,-5.417383035686601,0.0016288967909796163,0
1282,426110,4,0.5,initial,2,three_frequency_guided_swap_02,cf44f3eb53ad8ec2,adversarial_multi_corner_refinement,7142,-6.8024426826701925,-6.466292713343982,0.003372227836184849,0
1283,426110,4,0.5,initial,3,three_frequency_guided_swap_03,2dd40bb2485110e1,adversarial_multi_corner_refinement,7142,-6.562633829422142,-6.115680484394784,0.005064933439006808,0
1284,426110,4,0.5,initial,4,three_frequency_guided_swap_04,c69a3feee0631bb6,adversarial_multi_corner_refinement,7142,-6.9546428674316365,-6.4645693124272,0.00829426714354535,0
1285,426110,4,0.5,initial,5,three_frequency_guided_swap_05,ea72d92a9156dfcd,adversarial_multi_corner_refinement,7142,-7.388610326583146,-6.851412628117486,0.01125126078217396,0
1286,426110,4,0.5,initial,6,three_frequency_guided_swap_06,501760fe2a069f0a,adversarial_multi_corner_refinement,7142,-7.482699558419972,-7.016062501481594,0.014101053017995026,0
1287,426110,4,0.5,initial,7,three_frequency_guided_swap_07,4e218ef36723f1dd,adversarial_multi_corner_refinement,7142,-12.64795219022458,-12.64795219022458,0.016861147960247198,0
1288,426110,4,0.5,initial,8,failed_best_swap_00_1,1a0d176d14aa2647,adversarial_multi_corner_refinement,7142,0.21074040403311942,0.9379839266993427,-0.005347830549484275,0
1289,426110,4,0.5,initial,9,failed_best_swap_00_2,f5edf15c0a47084d,adversarial_multi_corner_refinement,7142,0.5456148456114851,0.5456148456114851,-0.004573883346869563,0
1290,426110,4,0.5,initial,10,failed_best_swap_00_3,d130c5621e4dc1ab,adversarial_multi_corner_refinement,7142,-13.280249965806583,-12.93292848500353,-0.00035581313506199454,0
1291,426110,4,0.5,initial,11,failed_best_swap_01_1,4d6d4a5ab614f735,hard_positive_swap_02,7149,-2.017791902270539,-0.14064299091014193,0.02194063046151932,0
1292,426110,4,0.5,initial,12,failed_best_swap_01_2,5969ed65d23e042c,hard_positive_swap_02,7149,-3.058731957882613,-3.058731957882613,0.019692527913450296,0
1293,426110,4,0.5,initial,13,failed_best_swap_01_3,bb6fb409b59fb337,hard_positive_swap_02,7149,-2.1861158921597816,0.03022917859083101,0.021512670312701904,0
1294,426110,4,0.5,initial,14,power_top,e8cb882d1406f920,hard_positive_swap_02,7149,-15.593613849163441,-15.593613849163441,0.06759005859290634,0
1295,426110,4,0.5,initial,15,parent_normalized,30524b65ff474060,adversarial_multi_corner_refinement,7142,6.930695202336441,6.930695202336441,-0.0022482288033797834,1
1296,426110,4,0.5,initial,16,ring_quadrant,0fc952cc477bf9a2,hard_positive_swap_02,7149,-12.471483176146755,-12.471483176146755,0.05201637706807177,0
1297,426110,4,0.5,initial,17,mirrored_pair,fefda0eae908fb43,hard_positive_swap_02,7149,-15.18735057348777,-15.18735057348777,0.059303521608486204,0
1298,426110,4,0.5,initial,18,min_spacing_150,bff49b990cccf293,hard_positive_swap_02,7149,-11.767247843838826,-11.767247843838826,0.06076311975405125,0
1299,426110,4,0.5,initial,19,edge_density,7517480ea751947c,hard_positive_swap_02,7149,-11.805871331529627,-11.805871331529627,0.06237888500019305,0
1300,426110,4,0.5,initial,20,center_density,614f9d06ef3393f1,hard_positive_swap_02,7149,-14.639159619656466,-14.639159619656466,0.05054824043816229,0
1301,426110,4,0.5,initial,21,checker_balance,ebfefbd08c6a8174,hard_positive_swap_02,7149,-28.535196629432086,-28.31303694985554,-0.005087000830678144,0
1302,426110,4,0.5,initial,22,hard_positive_neighbor_00,13a725e7fb0758d4,adversarial_multi_corner_refinement,7142,-17.143523725461655,-15.70413200468864,0.022326717746404774,0
1303,426110,4,0.5,initial,23,hard_positive_swap_00,2673708dacd1f7b7,adversarial_multi_corner_refinement,7142,-17.121646338200854,-15.80054353974657,0.02127412388571629,0
1304,426110,4,0.5,alternating,0,three_frequency_guided_swap_00,5b076f2c23e7c255,best_initial_refined,423,-0.10875540217102528,0.7666988144583033,0.020091391482157613,1
1305,426110,4,0.5,alternating,1,three_frequency_guided_swap_01,281db6b4192c8a0d,best_initial_refined,423,-6.818500384403562,-6.511119990223573,0.02183722372220946,0
1306,426110,4,0.5,alternating,2,three_frequency_guided_swap_02,75a5b7ec4d67fdd7,best_initial_refined,423,-7.973744751864307,-7.7703592347037675,0.023556017199063292,0
1307,426110,4,0.5,alternating,3,three_frequency_guided_swap_03,427cdc914b86e212,best_initial_refined,423,-7.954306047655027,-7.746022234257594,0.02522294923598599,0
1308,426110,4,0.5,alternating,4,three_frequency_guided_swap_04,e86f80a013f0914f,best_initial_refined,423,-8.04769732535636,-7.460118686673152,0.028335269633760637,0
1309,426110,4,0.5,alternating,5,three_frequency_guided_swap_05,24659149980f5d83,best_initial_refined,423,-17.083440927018895,-16.3106063557995,0.031127943895278,0
1310,426110,4,0.5,alternating,6,three_frequency_guided_swap_06,52e0ffc22318b0a3,best_initial_refined,423,-17.02779554734564,-16.257770222132322,0.03374027853744042,0
1311,426110,4,0.5,alternating,7,three_frequency_guided_swap_07,99e55f742cd18530,best_initial_refined,423,-16.409211038854995,-15.636516699975815,0.03626309069802057,0
1312,426110,4,0.6,initial,0,three_frequency_guided_swap_00,b39c390ce5fa6508,adversarial_multi_corner_refinement,7106,1.4608366554316135,3.216899025551167,-0.005925149443488115,0
1313,426110,4,0.6,initial,1,three_frequency_guided_swap_01,80e41c7dc87b91af,adversarial_multi_corner_refinement,7106,-7.352430175640862,-6.8876394045253475,-0.004710339775329434,0
1314,426110,4,0.6,initial,2,three_frequency_guided_swap_02,d39be4cfc6dcad3d,adversarial_multi_corner_refinement,7106,-7.269722949761807,-6.775529279798863,-0.003668924290146112,0
1315,426110,4,0.6,initial,3,three_frequency_guided_swap_03,feba12e21484d13f,adversarial_multi_corner_refinement,7106,-7.221497281873864,-6.759417779264857,-0.00267002811678177,0
1316,426110,4,0.6,initial,4,three_frequency_guided_swap_04,79117bb1b6119506,adversarial_multi_corner_refinement,7106,-7.220414606908458,-6.710721307443215,-0.0008026878214759338,0
1317,426110,4,0.6,initial,5,three_frequency_guided_swap_05,1654f2d255d0368f,adversarial_multi_corner_refinement,7106,-7.689417409393072,-7.689417409393072,0.0009624617068564323,0
1318,426110,4,0.6,initial,6,three_frequency_guided_swap_06,5bf341f73c42babc,adversarial_multi_corner_refinement,7106,-8.42095362988151,-8.42095362988151,0.00265292185131751,0
1319,426110,4,0.6,initial,7,three_frequency_guided_swap_07,9cec61a0d84a4322,adversarial_multi_corner_refinement,7106,-8.328688252989444,-8.328688252989444,0.004274283767007245,0
1320,426110,4,0.6,initial,8,failed_best_swap_00_1,0f65cf51bcbd9863,adversarial_multi_corner_refinement,7106,-9.401477907496322,-8.383872717499191,-0.008711796638913924,0
1321,426110,4,0.6,initial,9,failed_best_swap_00_2,4014583f0d8d49f0,adversarial_multi_corner_refinement,7106,-10.932887886714404,-7.09444402360747,-0.008900399513053143,0
1322,426110,4,0.6,initial,10,failed_best_swap_00_3,aaebdce9646b393a,adversarial_multi_corner_refinement,7106,-6.277069549736588,-5.80632217091778,-0.005797673843191539,0
1323,426110,4,0.6,initial,11,failed_best_swap_01_1,4d606c8da93ea87c,ratio_continuation_03,7125,-2.0782832070905304,-2.0782832070905304,-0.001650694955549119,0
1324,426110,4,0.6,initial,12,failed_best_swap_01_2,43e86c5736c5febd,ratio_continuation_03,7125,-17.71969149294009,-17.71969149294009,-0.00296774093891068,0
1325,426110,4,0.6,initial,13,failed_best_swap_01_3,3f62ce763ffd0770,ratio_continuation_03,7125,-12.350425441071916,-12.232506821075775,-0.003309740695312417,0
1326,426110,4,0.6,initial,14,power_top,23236422f337b6db,ratio_continuation_03,7125,-32.144201591031006,-28.122582981984635,0.03271199401139923,0
1327,426110,4,0.6,initial,15,parent_normalized,c891ca6e7493ee20,adversarial_multi_corner_refinement,7106,7.171959756251582,7.171959756251582,-0.007493087597421166,1
1328,426110,4,0.6,initial,16,ring_quadrant,815bd37a4fcfb42d,ratio_continuation_03,7125,-20.530479668639572,-20.530479668639572,0.028704631919895824,0
1329,426110,4,0.6,initial,17,mirrored_pair,8d10f19093944ee8,ratio_continuation_03,7125,-27.848454752982647,-20.519764930256727,0.026248568749309826,0
1330,426110,4,0.6,initial,18,min_spacing_150,93d8401bb0679a6b,ratio_continuation_03,7125,-19.63430916332246,-19.63430916332246,0.02061964443132709,0
1331,426110,4,0.6,initial,19,edge_density,cf11131ddc244451,ratio_continuation_03,7125,-19.03020416650812,-19.03020416650812,0.022173068457319187,0
1332,426110,4,0.6,initial,20,center_density,e88965273894b571,ratio_continuation_03,7125,-24.781209783365576,-23.76666592338442,0.023426061074110854,0
1333,426110,4,0.6,initial,21,checker_balance,92b38b1abc18b583,ratio_continuation_03,7125,-27.981231685808194,-25.747526058223734,0.005212503312152875,0
1334,426110,4,0.6,initial,22,hard_positive_neighbor_00,98570d941b5a0240,adversarial_multi_corner_refinement,7106,-27.301261727605556,-27.301261727605556,0.003078005184226978,0
1335,426110,4,0.6,initial,23,hard_positive_swap_00,05be8e9a01a50f4d,adversarial_multi_corner_refinement,7106,-27.99485241494045,-27.99485241494045,0.0028161437435690285,0
1336,426110,4,0.6,alternating,0,three_frequency_guided_swap_00,ecbf9949a515454d,best_initial_refined,433,-6.113482657184228,-6.113482657184228,0.006790342914452195,0
1337,426110,4,0.6,alternating,1,three_frequency_guided_swap_01,759bb8531ecba12c,best_initial_refined,433,-6.17882393359955,-6.17882393359955,0.00856835876472776,0
1338,426110,4,0.6,alternating,2,three_frequency_guided_swap_02,ab9f55b25f0111ad,best_initial_refined,433,-10.030948140287531,-8.668227948129108,0.010234283234322948,0
1339,426110,4,0.6,alternating,3,three_frequency_guided_swap_03,6d09ed1d246a599e,best_initial_refined,433,-10.095063997300844,-8.591782894772983,0.011814195090820045,0
1340,426110,4,0.6,alternating,4,three_frequency_guided_swap_04,7f3432a64a63bee2,best_initial_refined,433,-9.997692125107495,-9.791899760177438,0.013361207942646109,0
1341,426110,4,0.6,alternating,5,three_frequency_guided_swap_05,b1daf02a1170052a,best_initial_refined,433,-4.028253867473597,-0.8236914069955967,0.003626595601298468,0
1342,426110,4,0.6,alternating,6,three_frequency_guided_swap_06,b5454eaf881c7a43,best_initial_refined,433,-3.7880116163016697,-1.4438254997472544,0.00460952681347582,1
1343,426110,4,0.6,alternating,7,three_frequency_guided_swap_07,39666214cb3fcd87,best_initial_refined,433,-6.110499640326764,-6.065419383168827,0.005559069252894126,0
1344,426110,4,0.7,initial,0,three_frequency_guided_swap_00,de8480babea9cfe7,adversarial_multi_corner_refinement,7089,0.0457593004224554,1.5388759477057579,-0.03919899457325566,0
1345,426110,4,0.7,initial,1,three_frequency_guided_swap_01,e5f20462fa802c8a,adversarial_multi_corner_refinement,7089,0.1251156923983096,1.6496135580114422,-0.03692871557365984,0
1346,426110,4,0.7,initial,2,three_frequency_guided_swap_02,a0e8bea271d2d1bd,adversarial_multi_corner_refinement,7089,0.13407166824008976,1.7112709643625665,-0.03566348561872323,0
1347,426110,4,0.7,initial,3,three_frequency_guided_swap_03,3a56b5aaccd8d827,adversarial_multi_corner_refinement,7089,0.13443553357124158,1.678916636432446,-0.034402111063181556,0
1348,426110,4,0.7,initial,4,three_frequency_guided_swap_04,5aaa23aea7d32b95,adversarial_multi_corner_refinement,7089,-1.6714619981983434,-0.6711825905895119,-0.03211877265112816,0
1349,426110,4,0.7,initial,5,three_frequency_guided_swap_05,1792f61898369b74,adversarial_multi_corner_refinement,7089,-7.479181973966637,-7.2327064756087935,-0.029979116856637775,0
1350,426110,4,0.7,initial,6,three_frequency_guided_swap_06,16759a6b50722e24,adversarial_multi_corner_refinement,7089,-6.382157016047348,-5.220431062704077,-0.0279578868385664,0
1351,426110,4,0.7,initial,7,three_frequency_guided_swap_07,f70f27d9553aa20d,adversarial_multi_corner_refinement,7089,-6.361069001828752,-5.117504606826582,-0.02610317326390434,0
1352,426110,4,0.7,initial,8,failed_best_swap_00_1,87d8ee4e50d2ca50,adversarial_multi_corner_refinement,7089,-1.9940678119671054,-1.82248752988207,-0.04202536239289216,0
1353,426110,4,0.7,initial,9,failed_best_swap_00_2,dee89f613a98a867,adversarial_multi_corner_refinement,7089,-3.126444931612107,-2.417132473851407,-0.043910304870238434,0
1354,426110,4,0.7,initial,10,failed_best_swap_00_3,dd770031a0283fbb,adversarial_multi_corner_refinement,7089,-3.6820358173961902,-2.9551076789246977,-0.04200476275854734,0
1355,426110,4,0.7,initial,11,failed_best_swap_01_1,a31a42cf7627ed78,hard_positive_neighbor_01,7082,0.39744628895541534,0.39744628895541534,-0.045332105504452304,0
1356,426110,4,0.7,initial,12,failed_best_swap_01_2,5d175404c2228f02,hard_positive_neighbor_01,7082,-3.6670020445011007,-2.968650725518205,-0.04521859696993376,0
1357,426110,4,0.7,initial,13,failed_best_swap_01_3,e3cfdfeeb4e9fc55,hard_positive_neighbor_01,7082,1.5166494248118656,2.5388300660590826,-0.042806559816958564,0
1358,426110,4,0.7,initial,14,power_top,1eea52cadf50660a,hard_positive_neighbor_01,7082,-14.282145287953975,-13.483339308660764,0.0011105910668535032,0
1359,426110,4,0.7,initial,15,parent_normalized,1b4782c9b2cbdffd,adversarial_multi_corner_refinement,7089,3.6390261553397663,3.6390261553397663,-0.04198831372753329,1
1360,426110,4,0.7,initial,16,ring_quadrant,f0521c9e6c0457a2,hard_positive_neighbor_01,7082,-10.567955661844744,-10.549906986795676,-0.001289089200700649,0
1361,426110,4,0.7,initial,17,mirrored_pair,5e6cf5195b59350e,hard_positive_neighbor_01,7082,-26.73715524169213,-26.73715524169213,-0.004962275188067686,0
1362,426110,4,0.7,initial,18,min_spacing_150,f51663b65c078451,hard_positive_neighbor_01,7082,-10.17688273873164,-9.695930842258022,-0.007928830696150444,0
1363,426110,4,0.7,initial,19,edge_density,ffc5aeac2a26095b,hard_positive_neighbor_01,7082,-9.481874804527815,-9.07075304138975,-0.0068957605942690505,0
1364,426110,4,0.7,initial,20,center_density,c23c212e10ca7dfb,hard_positive_neighbor_01,7082,-31.71622566268067,-31.71622566268067,-0.00835425290585809,0
1365,426110,4,0.7,initial,21,checker_balance,f1d2db221b487195,adversarial_multi_corner_refinement,7089,-24.983349145446383,-15.693233698674188,-0.018332920041552826,0
1366,426110,4,0.7,initial,22,hard_positive_swap_00,193aa2ef93e31ff5,adversarial_multi_corner_refinement,7089,-5.011619364315254,-4.279513415294059,-0.042978752138311455,0
1367,426110,4,0.7,initial,23,hard_positive_neighbor_01,71abd91d3aec9535,adversarial_multi_corner_refinement,7089,-18.6555754849924,-18.6555754849924,-0.027176956941339477,0
1368,426110,4,0.7,alternating,0,three_frequency_guided_swap_00,c650aa82819507b6,best_initial_refined,444,-0.38609344357984354,1.2398548239176217,-0.04385318806423116,0
1369,426110,4,0.7,alternating,1,three_frequency_guided_swap_01,4be7dd1790029f0b,best_initial_refined,444,-0.403435415455159,1.14158944335764,-0.04262740677190464,0
1370,426110,4,0.7,alternating,2,three_frequency_guided_swap_02,59d7beb2cd483758,best_initial_refined,444,-1.7348002561481504,-1.0886945812268607,-0.04025163802668773,0
1371,426110,4,0.7,alternating,3,three_frequency_guided_swap_03,1ab38ab1f8f3d3ec,best_initial_refined,444,-13.834402563515376,-12.10472817213847,-0.03800697054444539,0
1372,426110,4,0.7,alternating,4,three_frequency_guided_swap_04,202c5b3821a7b2f6,best_initial_refined,444,-12.434889554249382,-10.792583428037915,-0.03584161528014496,0
1373,426110,4,0.7,alternating,5,three_frequency_guided_swap_05,2215f5e3bb522bb7,best_initial_refined,444,-9.504609232438272,-8.317397539673031,-0.03380951940925932,0
1374,426110,4,0.7,alternating,6,three_frequency_guided_swap_06,5f6a7fb414ccc827,best_initial_refined,444,5.263376783155324,6.30548679663627,-0.04799755827235552,1
1375,426110,4,0.7,alternating,7,three_frequency_guided_swap_07,ad3822ac01d47ef9,best_initial_refined,444,-0.3940091728713025,1.230673264953345,-0.04672151619849051,0
1376,426110,4,0.8,initial,0,three_frequency_guided_swap_00,b1861a53ebffbd82,adversarial_multi_corner_refinement,7051,4.9834949546574405,5.422835910755856,-0.0784348410914388,0
1377,426110,4,0.8,initial,1,three_frequency_guided_swap_01,151243a2c5141db4,adversarial_multi_corner_refinement,7051,4.34201744027107,4.952893052849613,-0.07520892163946893,0
1378,426110,4,0.8,initial,2,three_frequency_guided_swap_02,c3352bddd8488924,adversarial_multi_corner_refinement,7051,-0.7831324312149048,-0.7831324312149048,-0.0720430724317594,0
1379,426110,4,0.8,initial,3,three_frequency_guided_swap_03,503989963592400a,adversarial_multi_corner_refinement,7051,-0.8874891048478586,-0.8874891048478586,-0.06914182228005712,0
1380,426110,4,0.8,initial,4,three_frequency_guided_swap_04,530fc87a2ad99961,adversarial_multi_corner_refinement,7051,-0.6610609073393241,-0.6610609073393241,-0.0638922866877826,0
1381,426110,4,0.8,initial,5,three_frequency_guided_swap_05,9d0d33ed48ff69b2,adversarial_multi_corner_refinement,7051,-0.5834296494953011,-0.5834296494953011,-0.0589155575788726,0
1382,426110,4,0.8,initial,6,three_frequency_guided_swap_06,c04dc25cb82db8d0,adversarial_multi_corner_refinement,7051,-4.797238333147299,-4.5392726806533386,-0.05469887393516889,0
1383,426110,4,0.8,initial,7,three_frequency_guided_swap_07,854f6e3a83cd9d2c,adversarial_multi_corner_refinement,7051,-4.153510755162363,-3.998090421617442,-0.05119752023493251,0
1384,426110,4,0.8,initial,8,failed_best_swap_00_1,ddd5c06137099ba5,adversarial_multi_corner_refinement,7051,-3.196302107463718,-3.196302107463718,-0.08142455613969671,0
1385,426110,4,0.8,initial,9,failed_best_swap_00_2,f41424d68e6b8205,adversarial_multi_corner_refinement,7051,1.0920310965530122,1.0920310965530122,-0.08232967572463316,0
1386,426110,4,0.8,initial,10,failed_best_swap_00_3,4d4582e5f25c4e5c,adversarial_multi_corner_refinement,7051,-5.328461438958429,-5.328461438958429,-0.0830682824541254,0
1387,426110,4,0.8,initial,11,failed_best_swap_01_1,875771c13b3b9e0c,local_swap_13,7068,-1.860036905390023,-1.6019649207444697,-0.02777816005286139,0
1388,426110,4,0.8,initial,12,failed_best_swap_01_2,3edd21a8843bdaf3,local_swap_13,7068,-2.1568158693034194,-2.1568158693034194,-0.02754837335781172,0
1389,426110,4,0.8,initial,13,failed_best_swap_01_3,08890686934d277d,local_swap_13,7068,-2.132283894103039,-2.08765541344193,-0.027674505932689445,0
1390,426110,4,0.8,initial,14,power_top,f8736239a7351707,local_swap_13,7068,-10.594447286466735,-9.841951399816647,-0.016471891255046597,0
1391,426110,4,0.8,initial,15,parent_normalized,782a31b8012e8379,adversarial_multi_corner_refinement,7051,5.299647133241333,5.299647133241333,-0.08290480466394545,1
1392,426110,4,0.8,initial,16,ring_quadrant,1426e926c48e3a33,local_swap_13,7068,-8.99556354940003,-8.446745431429884,-0.017341336349596993,0
1393,426110,4,0.8,initial,17,mirrored_pair,c46543a82b703656,local_swap_13,7068,-12.715848543779774,-12.049661380176225,-0.022120699110234954,0
1394,426110,4,0.8,initial,18,min_spacing_150,6b5848a6eba79f96,local_swap_13,7068,-6.85857844466852,-6.1227776031690055,-0.030052771069445084,0
1395,426110,4,0.8,initial,19,edge_density,2dbaee23fe3cb3bb,local_swap_13,7068,-6.379025943121351,-5.366657406022874,-0.02656693702078545,0
1396,426110,4,0.8,initial,20,center_density,676aa2fc4cff2b0b,local_swap_13,7068,-9.001820904058702,-6.4210539996033456,-0.01946776375610611,0
1397,426110,4,0.8,initial,21,checker_balance,218c1cfc32378a97,local_swap_13,7068,-10.449381121742489,-8.484431518065898,-0.02965258860347031,0
1398,426110,4,0.8,initial,22,hard_positive_neighbor_00,8c0ee4742723c1ff,local_swap_13,7068,-11.292256399678674,-9.778830701101814,-0.032387439867208885,0
1399,426110,4,0.8,initial,23,hard_positive_swap_00,6d3e6727c105786c,local_swap_13,7068,-10.967442451157574,-9.37992937472639,-0.034632948159536256,0
1400,426110,4,0.8,alternating,0,three_frequency_guided_swap_00,f8ed2fae2335f1de,best_initial_refined,454,-5.535270337367216,-3.7595364156166573,-0.07312056268986256,0
1401,426110,4,0.8,alternating,1,three_frequency_guided_swap_01,db462bf506db3e09,best_initial_refined,454,-2.697210452019045,-2.1329857795918192,-0.06367749318896655,1
1402,426110,4,0.8,alternating,2,three_frequency_guided_swap_02,315f31bb16803c1d,best_initial_refined,454,-5.247750006946084,-3.467115278736121,-0.08916009631751833,0
1403,426110,4,0.8,alternating,3,three_frequency_guided_swap_03,e8770ad546d57cdb,best_initial_refined,454,-5.205061198618907,-3.452883878077137,-0.08592320074123644,0
1404,426110,4,0.8,alternating,4,three_frequency_guided_swap_04,0b30b097491d936f,best_initial_refined,454,-5.196396696294428,-3.458549387641836,-0.08300004288868804,0
1405,426110,4,0.8,alternating,5,three_frequency_guided_swap_05,af390a363b7aac3f,best_initial_refined,454,-5.26625669186505,-3.512637487311976,-0.08031065391997046,0
1406,426110,4,0.8,alternating,6,three_frequency_guided_swap_06,7cae251215a12d85,best_initial_refined,454,-3.8781729371950813,-1.9731398769577289,-0.0751399749244502,0
1407,426110,4,0.8,alternating,7,three_frequency_guided_swap_07,7f1d524a9b1efe01,best_initial_refined,454,-2.776909228973477,-2.2109762914780497,-0.0701199208373108,0
1408,426113,4,0.5,initial,0,three_frequency_guided_swap_00,d75c10e8a0a38c9b,adversarial_multi_corner_refinement,7540,-2.5062752198322213,-2.5062752198322213,0.06341977075831962,0
1409,426113,4,0.5,initial,1,three_frequency_guided_swap_01,43b1ccaee2b0b77b,adversarial_multi_corner_refinement,7540,-2.454803330097585,-2.454803330097585,0.06782386662991828,0
1410,426113,4,0.5,initial,2,three_frequency_guided_swap_02,ac9e79c7a9ac9d74,adversarial_multi_corner_refinement,7540,-2.2773277612003366,-2.2773277612003366,0.0719921320889135,0
1411,426113,4,0.5,initial,3,three_frequency_guided_swap_03,fc3bd443a0235811,adversarial_multi_corner_refinement,7540,-1.7820094499620098,-1.7820094499620098,0.07573555236170247,0
1412,426113,4,0.5,initial,4,three_frequency_guided_swap_04,2366a2cab1968418,adversarial_multi_corner_refinement,7540,-13.660374916692772,-10.405556269129645,0.0825353818486393,0
1413,426113,4,0.5,initial,5,three_frequency_guided_swap_05,3fd567483bd9e429,adversarial_multi_corner_refinement,7540,-14.27673656698892,-11.231371630799568,0.08890796790187493,0
1414,426113,4,0.5,initial,6,three_frequency_guided_swap_06,0829d1f0d24db739,adversarial_multi_corner_refinement,7540,-14.553809159345903,-11.798523557963277,0.09371383009779326,0
1415,426113,4,0.5,initial,7,three_frequency_guided_swap_07,7adb4b0efcfd45e5,adversarial_multi_corner_refinement,7540,-15.206907777261495,-14.302760992813369,0.09686323428782478,0
1416,426113,4,0.5,initial,8,failed_best_swap_00_1,2324300de369aa53,adversarial_multi_corner_refinement,7540,-3.606585545379991,-3.606585545379991,0.05963202208005155,0
1417,426113,4,0.5,initial,9,failed_best_swap_00_2,eb1cf8862e130730,adversarial_multi_corner_refinement,7540,-1.9106305534781711,-1.9106305534781711,0.05747834868744559,0
1418,426113,4,0.5,initial,10,failed_best_swap_00_3,43ad03c27368e23d,adversarial_multi_corner_refinement,7540,2.1857070542129198,2.949754636506179,0.057587402195492354,0
1419,426113,4,0.5,initial,11,failed_best_swap_01_1,560f4a4bc2fac4b0,hard_positive_neighbor_03,7535,-16.965072614174968,-16.965072614174968,0.11212542404564584,0
1420,426113,4,0.5,initial,12,failed_best_swap_01_2,b34ebd4ccb0140f0,hard_positive_neighbor_03,7535,-3.5341070140971382,-3.383990367551603,0.1150191200618709,0
1421,426113,4,0.5,initial,13,failed_best_swap_01_3,5b3d22beaef0dd34,hard_positive_neighbor_03,7535,-17.139987790117704,-17.139987790117704,0.11116503346144518,0
1422,426113,4,0.5,initial,14,power_top,8c0bb007897f0696,hard_positive_neighbor_03,7535,-12.839784780983212,-12.350348175507557,0.15487974631461826,0
1423,426113,4,0.5,initial,15,parent_normalized,1cbff060021fbc0b,adversarial_multi_corner_refinement,7540,7.66775689201306,8.075158886338667,0.05863919242644629,1
1424,426113,4,0.5,initial,16,ring_quadrant,ee8fb8a6c094b1fc,hard_positive_neighbor_03,7535,-13.906446400059867,-12.40988431889895,0.1507622166857833,0
1425,426113,4,0.5,initial,17,mirrored_pair,d1736637ed8d677b,hard_positive_neighbor_03,7535,-16.604031898551206,-16.13741306477437,0.1469218027517316,0
1426,426113,4,0.5,initial,18,spread_030,3b2986dc13da44d7,hard_positive_neighbor_03,7535,-12.82071803593751,-12.325059937412242,0.1548697071749055,0
1427,426113,4,0.5,initial,19,min_spacing_150,0dd4c21d7c270cdc,hard_positive_neighbor_03,7535,-17.945194690102184,-17.89211092761786,0.14176679478579313,0
1428,426113,4,0.5,initial,20,edge_density,ae56f27d47ead5db,hard_positive_neighbor_03,7535,-18.494983441995718,-18.494983441995718,0.14326754028153332,0
1429,426113,4,0.5,initial,21,center_density,d85b0b4fad2f8df5,hard_positive_neighbor_03,7535,-11.970174489565581,-10.72732777867239,0.1467960971149953,0
1430,426113,4,0.5,initial,22,checker_balance,ebfefbd08c6a8174,adversarial_multi_corner_refinement,7540,-10.014673075424962,-9.69712115659237,0.07713073167566259,0
1431,426113,4,0.5,initial,23,hard_positive_neighbor_00,13a725e7fb0758d4,hard_positive_neighbor_03,7535,-14.185035817262888,-13.817776093863095,0.11849316269264182,0
1432,426113,4,0.5,alternating,0,three_frequency_guided_swap_00,5505e30fe6337d8b,best_initial_refined,460,-2.4813087625498214,-1.8334877159179455,0.08802956217481946,0
1433,426113,4,0.5,alternating,1,three_frequency_guided_swap_01,ea2e3a55c84db54e,best_initial_refined,460,-16.510311047764674,-15.598497253151493,0.09457252584407178,0
1434,426113,4,0.5,alternating,2,three_frequency_guided_swap_02,cb0e0318485e670e,best_initial_refined,460,-17.63490242902886,-16.91597356557331,0.10073133314184643,0
1435,426113,4,0.5,alternating,3,three_frequency_guided_swap_03,3995aa79650640b8,best_initial_refined,460,-18.332054789402296,-17.81924078504756,0.10541642722477267,0
1436,426113,4,0.5,alternating,4,three_frequency_guided_swap_04,d4704d3e7d44777b,best_initial_refined,460,-17.846737400315565,-17.2218617233699,0.10844841739465158,0
1437,426113,4,0.5,alternating,5,three_frequency_guided_swap_05,b6dc10bbb7ba84b7,best_initial_refined,460,5.521950518459025,5.550879852372023,0.07540527011287193,1
1438,426113,4,0.5,alternating,6,three_frequency_guided_swap_06,d38e7a0843d567b3,best_initial_refined,460,4.869832500319285,5.241425471223876,0.0795935165593547,0
1439,426113,4,0.5,alternating,7,three_frequency_guided_swap_07,b1bd20c53d2fbd5b,best_initial_refined,460,-2.483112684759096,-0.7763123194283118,0.08329815478260988,0
1440,426113,4,0.6,initial,0,three_frequency_guided_swap_00,d15269225d4b2e40,adversarial_multi_corner_refinement,7502,-2.7815117517143237,-2.7815117517143237,0.06125028240561503,0
1441,426113,4,0.6,initial,1,three_frequency_guided_swap_01,bd0ad174d79d2c9e,adversarial_multi_corner_refinement,7502,-2.797298028567974,-2.797298028567974,0.06336318102933627,0
1442,426113,4,0.6,initial,2,three_frequency_guided_swap_02,3cdc64ad448b2d70,adversarial_multi_corner_refinement,7502,-2.53358605316816,-2.53358605316816,0.06510006118148588,0
1443,426113,4,0.6,initial,3,three_frequency_guided_swap_03,b1fcb34ab87d59ed,adversarial_multi_corner_refinement,7502,-3.6501615961213654,-2.2096165158604846,0.06679795071310116,0
1444,426113,4,0.6,initial,4,three_frequency_guided_swap_04,e7a6ac6799982d62,adversarial_multi_corner_refinement,7502,-7.8900544358690485,-7.8900544358690485,0.06995199658740192,0
1445,426113,4,0.6,initial,5,three_frequency_guided_swap_05,4e02bea4cf026e6b,adversarial_multi_corner_refinement,7502,-7.903876930468342,-7.903876930468342,0.0728887862620037,0
1446,426113,4,0.6,initial,6,three_frequency_guided_swap_06,8aa446119a96a59c,adversarial_multi_corner_refinement,7502,-7.727500442508793,-7.727500442508793,0.0755558548132265,0
1447,426113,4,0.6,initial,7,three_frequency_guided_swap_07,2ac6bd691d3d645e,adversarial_multi_corner_refinement,7502,-7.7261927420917695,-7.721962890600875,0.07809193775657898,0
1448,426113,4,0.6,initial,8,failed_best_swap_00_1,1a61bc17e87af78e,adversarial_multi_corner_refinement,7502,-0.7717386594425195,-0.4694727901409091,0.057245181666476366,0
1449,426113,4,0.6,initial,9,failed_best_swap_00_2,30a635697574f405,adversarial_multi_corner_refinement,7502,-5.687751779911738,-4.342228016635643,0.05898447196844411,0
1450,426113,4,0.6,initial,10,failed_best_swap_00_3,7ffafde06f00c00e,adversarial_multi_corner_refinement,7502,-3.902685461905542,-2.8897111807537184,0.05905163135297784,0
1451,426113,4,0.6,initial,11,failed_best_swap_01_1,769865cb4f74b081,local_swap_04,7514,-0.43162119357591794,1.6617050736296783,0.09169961526012048,0
1452,426113,4,0.6,initial,12,failed_best_swap_01_2,3ffba21b441375bc,local_swap_04,7514,-8.465891063049439,-7.320220797869642,0.09215710349402927,0
1453,426113,4,0.6,initial,13,failed_best_swap_01_3,fe85c4c4e9a3642f,local_swap_04,7514,-5.291008222722072,-3.979686593479111,0.09228158271594114,0
1454,426113,4,0.6,initial,14,power_top,b0c6198a3546fb04,local_swap_04,7514,-16.7268396774862,-16.488154209204403,0.12078641368106037,0
1455,426113,4,0.6,initial,15,parent_normalized,98570d941b5a0240,adversarial_multi_corner_refinement,7502,8.555336092505938,8.653460175900742,0.058421091307313086,1
1456,426113,4,0.6,initial,16,ring_quadrant,7ec9b1f57e3a7770,local_swap_04,7514,-16.91460710194654,-16.91460710194654,0.11924164086545236,0
1457,426113,4,0.6,initial,17,mirrored_pair,66c048474436f527,local_swap_04,7514,-14.90381148784953,-14.517022320036428,0.11380365352649538,0
1458,426113,4,0.6,initial,18,spread_090,7882b4fee3be641e,local_swap_04,7514,-16.726337790229117,-16.450244650667514,0.12077839520958542,0
1459,426113,4,0.6,initial,19,min_spacing_150,6d7f61d45f8cde47,local_swap_04,7514,-11.643522896045386,-10.88667811233022,0.10981723506684153,0
1460,426113,4,0.6,initial,20,edge_density,c51a4074c88c35fd,local_swap_04,7514,-11.258154494362893,-10.564311846784411,0.11332188354687417,0
1461,426113,4,0.6,initial,21,center_density,c48942e7fcd8edc1,local_swap_04,7514,-13.192857998172922,-12.61561968516633,0.11431618461150175,0
1462,426113,4,0.6,initial,22,checker_balance,6a7ccf9b272763f0,local_swap_04,7514,-12.23837269447791,-12.23837269447791,0.08548076282395685,0
1463,426113,4,0.6,initial,23,hard_positive_swap_00,a6c8e365a4a8b0cc,adversarial_multi_corner_refinement,7502,-7.41742776372792,-6.874112113382088,0.05920645728346742,0
1464,426113,4,0.6,alternating,0,three_frequency_guided_swap_00,4565adc38814903e,best_initial_refined,470,-7.999733935793603,-7.809498444176778,0.06994894663648486,0
1465,426113,4,0.6,alternating,1,three_frequency_guided_swap_01,57e461978d5bda38,best_initial_refined,470,-8.064644368633369,-7.855091595539409,0.07294627148132209,0
1466,426113,4,0.6,alternating,2,three_frequency_guided_swap_02,6ef85f9979577882,best_initial_refined,470,-8.031794124560822,-7.823625026044817,0.0755943288028946,0
1467,426113,4,0.6,alternating,3,three_frequency_guided_swap_03,dbe33e3e8b65b1b9,best_initial_refined,470,-2.328063677831041,-1.4907712631931438,0.06052257489500678,0
1468,426113,4,0.6,alternating,4,three_frequency_guided_swap_04,abf581962aa88d69,best_initial_refined,470,-2.2960836078879283,-1.467480686707626,0.062264228905732834,1
1469,426113,4,0.6,alternating,5,three_frequency_guided_swap_05,d1385a272ecf2d18,best_initial_refined,470,-4.671871040229381,-2.7126645898076838,0.06396491667895651,0
1470,426113,4,0.6,alternating,6,three_frequency_guided_swap_06,8b9392cf523b7eee,best_initial_refined,470,-4.6393786850379035,-2.7370714248406767,0.06557318558453211,0
1471,426113,4,0.6,alternating,7,three_frequency_guided_swap_07,54e3e10fb2e05438,best_initial_refined,470,-7.725458016468333,-7.5492779378425725,0.06864540701234492,0
1472,426113,4,0.7,initial,0,three_frequency_guided_swap_00,6d5e5c0978f98f44,adversarial_multi_corner_refinement,7486,-5.706077586282836,-4.078204243540369,0.045192352331844245,0
1473,426113,4,0.7,initial,1,three_frequency_guided_swap_01,75214ab0ebd8a711,adversarial_multi_corner_refinement,7486,-5.6715306390981794,-4.090697599883285,0.0465272929358252,0
1474,426113,4,0.7,initial,2,three_frequency_guided_swap_02,4b0f4df52bc8be3d,adversarial_multi_corner_refinement,7486,-6.221274438985862,-4.603012937803939,0.04778885363342164,0
1475,426113,4,0.7,initial,3,three_frequency_guided_swap_03,ef28ca2c7bcc54ba,adversarial_multi_corner_refinement,7486,-6.042344975745316,-6.03143577382216,0.04900453952714488,0
1476,426113,4,0.7,initial,4,three_frequency_guided_swap_04,8582ae438dcf0aa3,adversarial_multi_corner_refinement,7486,-6.0938269837318515,-6.004277201141445,0.05127426172748157,0
1477,426113,4,0.7,initial,5,three_frequency_guided_swap_05,781b686439bc45b2,adversarial_multi_corner_refinement,7486,-5.997087464135337,-5.997087464135337,0.05337613989739565,0
1478,426113,4,0.7,initial,6,three_frequency_guided_swap_06,2fff4b036eeca120,adversarial_multi_corner_refinement,7486,-6.748911169629839,-6.748911169629839,0.055432619487888544,0
1479,426113,4,0.7,initial,7,three_frequency_guided_swap_07,5e5948db4632ff06,adversarial_multi_corner_refinement,7486,-7.111021622681937,-7.111021622681937,0.05736756289824505,0
1480,426113,4,0.7,initial,8,failed_best_swap_00_1,4825eff19b568583,adversarial_multi_corner_refinement,7486,-0.1747555320009871,0.7573752575521158,0.04259299767788903,0
1481,426113,4,0.7,initial,9,failed_best_swap_00_2,a6a74d976b49c270,adversarial_multi_corner_refinement,7486,-1.7452166861104175,-1.3866637732004787,0.040615156435959976,0
1482,426113,4,0.7,initial,10,failed_best_swap_00_3,04eb7bc4d1667087,adversarial_multi_corner_refinement,7486,1.0452997642963016,2.8755692627974994,0.042180269146251136,0
1483,426113,4,0.7,initial,11,failed_best_swap_01_1,0824d06c9acde9fe,continuation_swap_00,7473,-1.569709193890492,-1.4386232071835563,0.05681964783209101,0
1484,426113,4,0.7,initial,12,failed_best_swap_01_2,fb0d4d213518c21d,continuation_swap_00,7473,-3.802542734274539,-2.54359510994854,0.05573434070514071,0
1485,426113,4,0.7,initial,13,failed_best_swap_01_3,8167afb120bac810,continuation_swap_00,7473,-5.453459724539945,-3.822917943500025,0.057593620732495104,0
1486,426113,4,0.7,initial,14,power_top,3686eb3940d48b36,continuation_swap_00,7473,-10.65246060170259,-9.270270241196613,0.0856762021990084,0
1487,426113,4,0.7,initial,15,parent_normalized,6eb7c6108757e84e,adversarial_multi_corner_refinement,7486,6.996675052316949,7.8854771325336595,0.041833600586229557,1
1488,426113,4,0.7,initial,16,ring_quadrant,3d840a36a596c655,continuation_swap_00,7473,-16.619695593369865,-16.06825715419711,0.08098532268529023,0
1489,426113,4,0.7,initial,17,mirrored_pair,b1af00b72a96002a,continuation_swap_00,7473,-11.275867175484773,-10.214496512892161,0.07999092307666092,0
1490,426113,4,0.7,initial,18,min_spacing_150,097c3e27c729cada,continuation_swap_00,7473,-9.6341247234438,-8.461021023006225,0.08011711904298004,0
1491,426113,4,0.7,initial,19,edge_density,b148b398c5d90bb4,continuation_swap_00,7473,-9.133066943680777,-8.370132565429593,0.0811942338799282,0
1492,426113,4,0.7,initial,20,center_density,535ca33e9d44823f,continuation_swap_00,7473,-13.443783638981017,-12.761129422315808,0.0770671001428164,0
1493,426113,4,0.7,initial,21,checker_balance,df736a6f55d6719a,continuation_swap_00,7473,-12.72207195954933,-12.091263530558491,0.0686346548439845,0
1494,426113,4,0.7,initial,22,hard_positive_neighbor_00,1b4782c9b2cbdffd,adversarial_multi_corner_refinement,7486,-13.286072334036794,-12.142460999674887,0.0581425420700223,0
1495,426113,4,0.7,initial,23,hard_positive_swap_00,a9a518d3fff90d86,adversarial_multi_corner_refinement,7486,-11.765499666915943,-10.606153084278958,0.05854242566164811,0
1496,426113,4,0.7,alternating,0,three_frequency_guided_swap_00,d1a804fbbff1ddfa,best_initial_refined,483,-3.3425015932381696,-1.679484852231321,0.06811091693478967,0
1497,426113,4,0.7,alternating,1,three_frequency_guided_swap_01,77001dd78afc130e,best_initial_refined,483,-3.359776844964263,-1.7265671375201952,0.06927636578207907,0
1498,426113,4,0.7,alternating,2,three_frequency_guided_swap_02,9c41048669b3a83e,best_initial_refined,483,-10.17356175652772,-10.17356175652772,0.07143743126907992,0
1499,426113,4,0.7,alternating,3,three_frequency_guided_swap_03,938a8c9c3b66b762,best_initial_refined,483,-9.795591263959192,-9.795591263959192,0.07340091803471267,0
1500,426113,4,0.7,alternating,4,three_frequency_guided_swap_04,5fa9b05df58d40f7,best_initial_refined,483,-9.731459770640416,-9.676648263185466,0.07530417466718405,0
1501,426113,4,0.7,alternating,5,three_frequency_guided_swap_05,ff3abd0321950420,best_initial_refined,483,-9.372546882123245,-9.372546882123245,0.07713473812395001,0
1502,426113,4,0.7,alternating,6,three_frequency_guided_swap_06,bef61e6f3fa0cb4c,best_initial_refined,483,2.3737897783685384,3.6487577284676704,0.06360514805109234,1
1503,426113,4,0.7,alternating,7,three_frequency_guided_swap_07,3ac205790e3e65b4,best_initial_refined,483,-2.4645304201650657,-1.1626039908152717,0.06483095147474471,0
1504,426113,4,0.8,initial,0,three_frequency_guided_swap_00,36d2241570797caf,adversarial_multi_corner_refinement,7424,-1.4096911729408779,-1.3608810256600243,0.040216119272148645,0
1505,426113,4,0.8,initial,1,three_frequency_guided_swap_01,bc06c8e08d875707,adversarial_multi_corner_refinement,7424,-4.019606213354636,-4.019606213354636,0.04107559242303951,0
1506,426113,4,0.8,initial,2,three_frequency_guided_swap_02,4aa4a2a90cd23728,adversarial_multi_corner_refinement,7424,-2.843900198441356,-2.843900198441356,0.04188905125769838,0
1507,426113,4,0.8,initial,3,three_frequency_guided_swap_03,44d7c991b2848ab8,adversarial_multi_corner_refinement,7424,-3.2282682692931255,-3.2282682692931255,0.0426735689936458,0
1508,426113,4,0.8,initial,4,three_frequency_guided_swap_04,ff9882cbecfb323a,adversarial_multi_corner_refinement,7424,-2.898806387053186,-2.898806387053186,0.04418090591952234,0
1509,426113,4,0.8,initial,5,three_frequency_guided_swap_05,b88067e1490abc98,adversarial_multi_corner_refinement,7424,-3.046621201069807,-2.7629004575690423,0.04557214480124767,0
1510,426113,4,0.8,initial,6,three_frequency_guided_swap_06,6ef6b6c9a9d06477,adversarial_multi_corner_refinement,7424,-7.321219030939287,-7.321219030939287,0.046897472040035276,0
1511,426113,4,0.8,initial,7,three_frequency_guided_swap_07,88c7b63a073b26d5,adversarial_multi_corner_refinement,7424,-7.114119184709745,-7.114119184709745,0.048100091837159666,0
1512,426113,4,0.8,initial,8,failed_best_swap_00_1,e29ba1042f10aa0c,adversarial_multi_corner_refinement,7424,-0.6816915790824161,-0.6816915790824161,0.03976783633064983,0
1513,426113,4,0.8,initial,9,failed_best_swap_00_2,b4a8c43720eaf5ff,adversarial_multi_corner_refinement,7424,-5.4873534600356635,-5.4873534600356635,0.03936444868944751,0
1514,426113,4,0.8,initial,10,failed_best_swap_00_3,7c728d8447d24565,adversarial_multi_corner_refinement,7424,0.41846018539531343,0.8186987663905705,0.0394384016462159,0
1515,426113,4,0.8,initial,11,failed_best_swap_01_1,5b1ae1702720c72b,local_swap_16,7455,-2.8132487324275113,-1.571312895953273,0.04329248873548617,0
1516,426113,4,0.8,initial,12,failed_best_swap_01_2,41af321e0689431c,local_swap_16,7455,0.062296276560559596,0.3811470251775779,0.04336966850385424,0
1517,426113,4,0.8,initial,13,failed_best_swap_01_3,a7ded6fc4a9c664f,local_swap_16,7455,-10.218274645172588,-9.544803076164122,0.0427866591185398,0
1518,426113,4,0.8,initial,14,power_top,331d7979ef02805d,local_swap_16,7455,-7.452175695161003,-6.957930437878904,0.05886617839104188,0
1519,426113,4,0.8,initial,15,parent_normalized,8c0ee4742723c1ff,adversarial_multi_corner_refinement,7424,7.096590818865601,7.659807443954275,0.03917051598897921,1
1520,426113,4,0.8,initial,16,ring_quadrant,708f0ef61352f4d9,local_swap_16,7455,-7.8320019564397905,-7.8320019564397905,0.057342292793013526,0
1521,426113,4,0.8,initial,17,mirrored_pair,9d157c99d042ee41,local_swap_16,7455,-10.135556834146936,-9.347956633271142,0.05469220215712644,0
1522,426113,4,0.8,initial,18,min_spacing_150,7255aa658fcecb80,local_swap_16,7455,-6.114886520835822,-5.988532260589555,0.05334932557185242,0
1523,426113,4,0.8,initial,19,edge_density,63a89870308634ff,local_swap_16,7455,-8.116345152922467,-7.4248102220630265,0.05361665300238987,0
1524,426113,4,0.8,initial,20,center_density,7bf213ab1437ee02,local_swap_16,7455,-7.175792633876618,-6.990791083888526,0.054746048147894195,0
1525,426113,4,0.8,initial,21,checker_balance,0c40242318f73059,local_swap_16,7455,-10.680315561525894,-9.281821020417592,0.05107741347540024,0
1526,426113,4,0.8,initial,22,hard_positive_swap_00,18ce657e481cc964,adversarial_multi_corner_refinement,7424,-8.006384293596433,-6.611163024991944,0.03972134560626102,0
1527,426113,4,0.8,initial,23,hard_positive_neighbor_01,829cfd852fb81473,adversarial_multi_corner_refinement,7424,-6.325778471449402,-5.871278582514689,0.04703908599000208,0
1528,426113,4,0.8,alternating,0,three_frequency_guided_swap_00,ce613d20a85d2af7,best_initial_refined,494,-3.6170929372303524,-3.5413216160404746,0.040160923427652054,1
1529,426113,4,0.8,alternating,1,three_frequency_guided_swap_01,246bf71971673151,best_initial_refined,494,-6.019307230985195,-4.9847518563614095,0.041046390947013504,0
1530,426113,4,0.8,alternating,2,three_frequency_guided_swap_02,848d574641a89f2e,best_initial_refined,494,-6.249948247116368,-5.73486692118978,0.04190392942892705,0
1531,426113,4,0.8,alternating,3,three_frequency_guided_swap_03,1f3704bf9788a422,best_initial_refined,494,-6.506566772420732,-5.9689139607116495,0.04353629294695712,0
1532,426113,4,0.8,alternating,4,three_frequency_guided_swap_04,f1b81471caca9d60,best_initial_refined,494,-6.83310621052899,-6.530658792478974,0.045035169545185896,0
1533,426113,4,0.8,alternating,5,three_frequency_guided_swap_05,ff70a353934e1631,best_initial_refined,494,-10.352299246765229,-9.537424652175016,0.0464577407002565,0
1534,426113,4,0.8,alternating,6,three_frequency_guided_swap_06,5600d2966b8e1e07,best_initial_refined,494,-10.327569127919272,-9.507857916994736,0.04778439262376331,0
1535,426113,4,0.8,alternating,7,three_frequency_guided_swap_07,cd04dca5996e96e5,best_initial_refined,494,-3.698203533559808,-3.6489188214264585,0.03910267863864008,0
1536,426117,4,0.5,initial,0,three_frequency_guided_swap_00,862044b181d3f327,adversarial_multi_corner_refinement,8041,0.2505147319471199,2.683097655574842,-0.009190924407120703,0
1537,426117,4,0.5,initial,1,three_frequency_guided_swap_01,c90a288019b83dad,adversarial_multi_corner_refinement,8041,0.2593770136844102,2.6564767292658793,-0.0041244684015291026,0
1538,426117,4,0.5,initial,2,three_frequency_guided_swap_02,c7a8a02cc5dd029a,adversarial_multi_corner_refinement,8041,-0.03816368627056971,0.7763922626255099,0.000764095629484143,0
1539,426117,4,0.5,initial,3,three_frequency_guided_swap_03,8928c1d0f604b814,adversarial_multi_corner_refinement,8041,-3.416976930608993,-1.516150971350331,0.005603896440723654,0
1540,426117,4,0.5,initial,4,three_frequency_guided_swap_04,04f5a79f0214c43d,adversarial_multi_corner_refinement,8041,-3.3743181383893255,-2.307236912060511,0.014954623682201244,0
1541,426117,4,0.5,initial,5,three_frequency_guided_swap_05,df3895905a97a606,adversarial_multi_corner_refinement,8041,-6.3913109349881205,-2.4282301583356474,0.023534426990130468,0
1542,426117,4,0.5,initial,6,three_frequency_guided_swap_06,be6787216ca7c4be,adversarial_multi_corner_refinement,8041,-6.49052869510066,-3.444255183063136,0.031231595880134473,0
1543,426117,4,0.5,initial,7,three_frequency_guided_swap_07,057a4f3119c01607,adversarial_multi_corner_refinement,8041,-9.086577545352595,-6.241545956223616,0.038171083980922574,0
1544,426117,4,0.5,initial,8,failed_best_swap_00_1,980d2b7a6225253e,adversarial_multi_corner_refinement,8041,-15.191743508391243,-14.536430814223056,-0.013952338749282436,0
1545,426117,4,0.5,initial,9,failed_best_swap_00_2,4f698662b1cc4a9d,adversarial_multi_corner_refinement,8041,-6.023778407536159,-5.943186864353287,-0.014371964548424439,0
1546,426117,4,0.5,initial,10,failed_best_swap_00_3,1743c1bbe7c21945,adversarial_multi_corner_refinement,8041,-2.3368654616609312,-2.3368654616609312,-0.01449748172570473,0
1547,426117,4,0.5,initial,11,failed_best_swap_01_1,b06d8055f879b36d,ratio_continuation_03,8055,-3.31845783363012,-3.212662477016676,0.08019955591661522,0
1548,426117,4,0.5,initial,12,failed_best_swap_01_2,3063194705de92d6,ratio_continuation_03,8055,-1.6331084623416174,-1.615351572989823,0.07653854950584585,0
1549,426117,4,0.5,initial,13,failed_best_swap_01_3,6eba5378b4cb1361,ratio_continuation_03,8055,-5.170855545455203,-4.614202499420409,0.07917118429493358,0
1550,426117,4,0.5,initial,14,power_top,15b0f7cb54ec61cc,ratio_continuation_03,8055,-35.6233293534517,-35.6233293534517,0.1401576518472307,0
1551,426117,4,0.5,initial,15,parent_normalized,5dabf3bcdf22c178,adversarial_multi_corner_refinement,8041,7.641783821950511,7.641783821950511,-0.015556585289849382,1
1552,426117,4,0.5,initial,16,ring_quadrant,43cd22a62b0dd159,ratio_continuation_03,8055,-23.732800320016864,-23.732800320016864,0.13743661033352722,0
1553,426117,4,0.5,initial,17,mirrored_pair,19a58dc960baef95,ratio_continuation_03,8055,-18.44941928517923,-17.971787381703,0.1246592871476091,0
1554,426117,4,0.5,initial,18,min_spacing_150,f35f0105057315e7,ratio_continuation_03,8055,-23.976114778513566,-23.976114778513566,0.12055294319275316,0
1555,426117,4,0.5,initial,19,edge_density,dd118519968a0284,ratio_continuation_03,8055,-24.657944241735073,-24.657944241735073,0.1222122333368411,0
1556,426117,4,0.5,initial,20,center_density,777ce0f79589dc11,ratio_continuation_03,8055,-18.749917944200497,-16.741933708974067,0.13198733488492742,0
1557,426117,4,0.5,initial,21,checker_balance,ebfefbd08c6a8174,ratio_continuation_03,8055,-13.730298256780213,-13.730298256780213,0.049786461490492054,0
1558,426117,4,0.5,initial,22,hard_positive_neighbor_00,13a725e7fb0758d4,ratio_continuation_03,8055,-18.544302342064523,-17.904070578910677,0.10391650827016802,0
1559,426117,4,0.5,initial,23,hard_positive_swap_00,685ebafbadfcdf7e,ratio_continuation_03,8055,-17.899204980101814,-17.899204980101814,0.10387654589579416,0
1560,426117,4,0.5,alternating,0,three_frequency_guided_swap_00,d6112e64ffd05dc8,best_initial_refined,503,-1.4482876343608608,0.10999514135616484,0.013207192458275672,0
1561,426117,4,0.5,alternating,1,three_frequency_guided_swap_01,946b772df8f08225,best_initial_refined,503,-2.294064131072213,-1.5948153533448548,0.018061169048280666,0
1562,426117,4,0.5,alternating,2,three_frequency_guided_swap_02,52e6668efea83c43,best_initial_refined,503,-4.4519597310594055,-3.831977669638767,0.022843309317578712,0
1563,426117,4,0.5,alternating,3,three_frequency_guided_swap_03,c3c0ed563adddab0,best_initial_refined,503,-4.369416371383948,-3.650563156787703,0.031845296087641035,0
1564,426117,4,0.5,alternating,4,three_frequency_guided_swap_04,794da399baa1e93a,best_initial_refined,503,-21.243588002556795,-20.732710924301244,0.04017511628246604,0
1565,426117,4,0.5,alternating,5,three_frequency_guided_swap_05,35b4dbc2064e4ce8,best_initial_refined,503,-21.122850651659203,-20.27962090082578,0.04762000614062166,0
1566,426117,4,0.5,alternating,6,three_frequency_guided_swap_06,8de1a7c7e8c6f785,best_initial_refined,503,2.089467723143416,3.329463403372209,0.00701636425766871,1
1567,426117,4,0.5,alternating,7,three_frequency_guided_swap_07,7da7f3521b365407,best_initial_refined,503,-2.2975401829590343,-1.5895826592545237,0.011870340847673706,0
1568,426117,4,0.6,initial,0,three_frequency_guided_swap_00,9f7a2ca22ef82a46,adversarial_multi_corner_refinement,8006,0.6810079381559582,1.6640346189102546,0.03383858075394033,0
1569,426117,4,0.6,initial,1,three_frequency_guided_swap_01,0d033fd0b34a2f27,adversarial_multi_corner_refinement,8006,-3.3863366033290654,-2.4955082822591566,0.03535066532106074,0
1570,426117,4,0.6,initial,2,three_frequency_guided_swap_02,1f23722a76352543,adversarial_multi_corner_refinement,8006,-3.386683440660172,-2.507585650301449,0.03674832097894218,0
1571,426117,4,0.6,initial,3,three_frequency_guided_swap_03,aca9a9835018f36a,adversarial_multi_corner_refinement,8006,-2.6084384026632934,-1.7264809786145823,0.038105053481477365,0
1572,426117,4,0.6,initial,4,three_frequency_guided_swap_04,386601649424c14f,adversarial_multi_corner_refinement,8006,-3.352456679351867,-3.186121304851191,0.040579909410745026,0
1573,426117,4,0.6,initial,5,three_frequency_guided_swap_05,3d8e481d80f10bee,adversarial_multi_corner_refinement,8006,-3.4980920314795205,-3.4980920314795205,0.04293400675850216,0
1574,426117,4,0.6,initial,6,three_frequency_guided_swap_06,d4af6709569921ba,adversarial_multi_corner_refinement,8006,-5.456689776746327,-4.942637742095945,0.04519495786717718,0
1575,426117,4,0.6,initial,7,three_frequency_guided_swap_07,aef8ec54a5d53478,adversarial_multi_corner_refinement,8006,-14.309199361417564,-14.309199361417564,0.047351944308059085,0
1576,426117,4,0.6,initial,8,failed_best_swap_00_1,6cd37074eff9953e,adversarial_multi_corner_refinement,8006,-9.993933485168485,-9.993933485168485,0.03289845204457827,0
1577,426117,4,0.6,initial,9,failed_best_swap_00_2,50927bd5a9dbd525,adversarial_multi_corner_refinement,8006,-6.0424812259344804,-6.0424812259344804,0.0333983879652381,0
1578,426117,4,0.6,initial,10,failed_best_swap_00_3,bd74cb8ed4b80aec,adversarial_multi_corner_refinement,8006,-2.423099504823221,-2.3166091204344283,0.033130406596688554,0
1579,426117,4,0.6,initial,11,failed_best_swap_01_1,2263dd407a164311,mirrored_pair,8003,5.6672328833226695,6.766657164457043,0.053091284335170144,0
1580,426117,4,0.6,initial,12,failed_best_swap_01_2,1d31146ef09eca43,mirrored_pair,8003,-3.3992477766565115,-3.196468741751472,0.05356648416632885,0
1581,426117,4,0.6,initial,13,failed_best_swap_01_3,3b757005a32499cf,mirrored_pair,8003,-4.841278013175263,-4.841278013175263,0.05321703762115247,0
1582,426117,4,0.6,initial,14,power_top,c6cbf31c86115441,mirrored_pair,8003,-22.296901391852465,-22.296901391852465,0.09040157136362416,0
1583,426117,4,0.6,initial,15,parent_normalized,e111d9358ad080ba,adversarial_multi_corner_refinement,8006,7.8942822867795615,7.8942822867795615,0.03226841953035164,1
1584,426117,4,0.6,initial,16,ring_quadrant,0b7f15d7103e8b51,mirrored_pair,8003,-22.07939749331636,-22.07939749331636,0.07899598113024892,0
1585,426117,4,0.6,initial,17,mirrored_pair,9776f2e0b4f0ae26,mirrored_pair,8003,-8.39667845722598,-8.39667845722598,0.08345372908421299,0
1586,426117,4,0.6,initial,18,min_spacing_150,96c295ad35fbaa15,mirrored_pair,8003,-13.609025934929171,-13.486277206461796,0.08575414088138368,0
1587,426117,4,0.6,initial,19,edge_density,3f28f1828af0dac3,mirrored_pair,8003,-13.520736395536064,-13.520736395536064,0.08716045264765937,0
1588,426117,4,0.6,initial,20,center_density,30c61a723f733fcd,mirrored_pair,8003,-10.723996473972072,-10.066464653272648,0.07816769983552892,0
1589,426117,4,0.6,initial,21,checker_balance,fdcc371f287e4f55,mirrored_pair,8003,-14.211571218453862,-14.211571218453862,0.056895032024177464,0
1590,426117,4,0.6,initial,22,hard_positive_neighbor_00,98570d941b5a0240,adversarial_multi_corner_refinement,8006,-14.084844271505512,-14.014903238686667,0.05486997866634961,0
1591,426117,4,0.6,initial,23,hard_positive_swap_00,3d91aa7052e5fadd,adversarial_multi_corner_refinement,8006,-13.80158286397323,-13.80158286397323,0.05387903348768367,0
1592,426117,4,0.6,alternating,0,three_frequency_guided_swap_00,9b0601f87e61548a,best_initial_refined,514,-1.406167561721776,-0.9872337656552428,0.03267147888306189,1
1593,426117,4,0.6,alternating,1,three_frequency_guided_swap_01,eb6725ade5e021fe,best_initial_refined,514,-14.963359916030496,-13.630091771894309,0.03421010219931028,0
1594,426117,4,0.6,alternating,2,three_frequency_guided_swap_02,97e076f89e388289,best_initial_refined,514,-14.32292526041292,-12.98099528722628,0.03711051236388781,0
1595,426117,4,0.6,alternating,3,three_frequency_guided_swap_03,b5db939a03b7fbf0,best_initial_refined,514,-14.395666631661948,-13.217783594558743,0.03980865508746496,0
1596,426117,4,0.6,alternating,4,three_frequency_guided_swap_04,921e61253e52be3a,best_initial_refined,514,-14.42724913561885,-13.101243669999382,0.042359857825103146,0
1597,426117,4,0.6,alternating,5,three_frequency_guided_swap_05,849ba8a3b9082a07,best_initial_refined,514,-14.416782487450996,-13.016795230290615,0.04471892586005173,0
1598,426117,4,0.6,alternating,6,three_frequency_guided_swap_06,2574f4d5e67cf456,best_initial_refined,514,-15.871293946306615,-13.590098239334152,0.046995446766008836,0
1599,426117,4,0.6,alternating,7,three_frequency_guided_swap_07,125291ca760081d0,best_initial_refined,514,-14.699834665101816,-13.415025126646775,0.03256038389195199,0
1600,426117,4,0.7,initial,0,three_frequency_guided_swap_00,58a109a18d728031,adversarial_multi_corner_refinement,7974,2.15053648396008,3.5286840086976934,0.0240749368974004,0
1601,426117,4,0.7,initial,1,three_frequency_guided_swap_01,17158e74aa0ab39f,adversarial_multi_corner_refinement,7974,-0.9340691777604376,0.34505326651183393,0.025363068952660016,0
1602,426117,4,0.7,initial,2,three_frequency_guided_swap_02,adb4aa321a59ee8f,adversarial_multi_corner_refinement,7974,-1.2287583959258646,0.04505859160222063,0.026546777096726707,0
1603,426117,4,0.7,initial,3,three_frequency_guided_swap_03,4cdb0d544c76c373,adversarial_multi_corner_refinement,7974,-3.5463535317449852,-2.960371729873648,0.027681121180354436,0
1604,426117,4,0.7,initial,4,three_frequency_guided_swap_04,3e03ced7773b8cf0,adversarial_multi_corner_refinement,7974,-5.605400204397127,-5.164657866699821,0.029761518068229794,0
1605,426117,4,0.7,initial,5,three_frequency_guided_swap_05,9481bb61b9b7e41c,adversarial_multi_corner_refinement,7974,-9.417015324347577,-8.25437608890205,0.03167590491524305,0
1606,426117,4,0.7,initial,6,three_frequency_guided_swap_06,77e650eaa0634914,adversarial_multi_corner_refinement,7974,-20.252962413908794,-20.252962413908794,0.0334511767563125,0
1607,426117,4,0.7,initial,7,three_frequency_guided_swap_07,fb62a3fa1cd6063a,adversarial_multi_corner_refinement,7974,-20.231242892910558,-20.231242892910558,0.035190024238282346,0
1608,426117,4,0.7,initial,8,failed_best_swap_00_1,d03b4ca0941b262e,adversarial_multi_corner_refinement,7974,0.8059923681023127,1.213206445987944,0.022717041078179952,0
1609,426117,4,0.7,initial,9,failed_best_swap_00_2,fb851d97736668d0,adversarial_multi_corner_refinement,7974,-0.4943738758641717,0.4992235975197933,0.022302359215026643,0
1610,426117,4,0.7,initial,10,failed_best_swap_00_3,4bd4509bdce0e1d0,adversarial_multi_corner_refinement,7974,-5.533097963862202,-4.841401332689186,0.024448485597662738,0
1611,426117,4,0.7,initial,11,failed_best_swap_01_1,ca41006cf8714954,continuation_swap_00,7985,-3.175677826543292,-2.568099501830404,0.03802241233273332,0
1612,426117,4,0.7,initial,12,failed_best_swap_01_2,06f97e23a644dadb,continuation_swap_00,7985,-3.6745497615427243,-3.5585209762324688,0.03810161959791887,0
1613,426117,4,0.7,initial,13,failed_best_swap_01_3,ac3cd2350440c435,continuation_swap_00,7985,-3.929611415882314,-3.915940778482352,0.0353329552568842,0
1614,426117,4,0.7,initial,14,power_top,ea7c5048e5fff26b,continuation_swap_00,7985,-12.236011006824342,-11.705855181735883,0.06371576749824492,0
1615,426117,4,0.7,initial,15,parent_normalized,34236e0ac39513ee,adversarial_multi_corner_refinement,7974,8.65506668714972,9.157639132073497,0.022738459476503596,1
1616,426117,4,0.7,initial,16,ring_quadrant,6b7394c2dd173aec,continuation_swap_00,7985,-21.06391012686071,-21.06391012686071,0.05797561354429249,0
1617,426117,4,0.7,initial,17,mirrored_pair,c90bb855168c0246,continuation_swap_00,7985,-11.133348288225687,-9.782009774366081,0.0595746676285633,0
1618,426117,4,0.7,initial,18,min_spacing_150,3354f042852fa764,continuation_swap_00,7985,-15.766416957222447,-14.891130710376228,0.060076006080686216,0
1619,426117,4,0.7,initial,19,edge_density,a2c4e1801123a0c4,continuation_swap_00,7985,-15.768441039933329,-14.936949401877001,0.06027201803943589,0
1620,426117,4,0.7,initial,20,center_density,39059094235a6b36,continuation_swap_00,7985,-20.88037274258665,-20.88037274258665,0.05501797250598951,0
1621,426117,4,0.7,initial,21,checker_balance,d24daa57eebf52ac,continuation_swap_00,7985,-19.240463943323153,-19.240463943323153,0.04546658736183096,0
1622,426117,4,0.7,initial,22,hard_positive_neighbor_00,1b4782c9b2cbdffd,adversarial_multi_corner_refinement,7974,-7.5823739339089915,-7.5823739339089915,0.035303152179168046,0
1623,426117,4,0.7,initial,23,hard_positive_swap_00,c9a12298c4f26195,adversarial_multi_corner_refinement,7974,-11.671598156179181,-9.501746292679671,0.03349575530339712,0
1624,426117,4,0.7,alternating,0,three_frequency_guided_swap_00,b1c14d3556c62a3a,best_initial_refined,520,1.9697351489020662,3.4127874308952615,0.0313173553393483,1
1625,426117,4,0.7,alternating,1,three_frequency_guided_swap_01,cbcbebff183f654a,best_initial_refined,520,-2.2994194267559442,-0.6226632192148249,0.0336540269173258,0
1626,426117,4,0.7,alternating,2,three_frequency_guided_swap_02,3dba71bce34ec11e,best_initial_refined,520,-5.9222411700787365,-5.468133767211817,0.03668061083340964,0
1627,426117,4,0.7,alternating,3,three_frequency_guided_swap_03,fd5b6afd6ead3cc7,best_initial_refined,520,-9.866252397404876,-8.866874055315577,0.03855631763718533,0
1628,426117,4,0.7,alternating,4,three_frequency_guided_swap_04,a69ab1c1c5db51a9,best_initial_refined,520,-19.01652327912448,-19.01652327912448,0.04030774469846437,0
1629,426117,4,0.7,alternating,5,three_frequency_guided_swap_05,c344778ec4c94858,best_initial_refined,520,-18.264320692649004,-18.264320692649004,0.042007393036484146,0
1630,426117,4,0.7,alternating,6,three_frequency_guided_swap_06,763c148ae238f92b,best_initial_refined,520,-2.317001690091281,-0.6036957616102077,0.0312123447670136,0
1631,426117,4,0.7,alternating,7,three_frequency_guided_swap_07,a09de71051ba873a,best_initial_refined,520,-2.1875213376347737,-0.5740915307986678,0.03232799334089895,0
1632,426117,4,0.8,initial,0,three_frequency_guided_swap_00,efd835f7c783f7f8,adversarial_multi_corner_refinement,7954,-6.293241827934144,-6.293241827934144,0.005960112740002842,0
1633,426117,4,0.8,initial,1,three_frequency_guided_swap_01,4b3da8fbb2738c98,adversarial_multi_corner_refinement,7954,-6.324147786491151,-6.324147786491151,0.007167765120181691,0
1634,426117,4,0.8,initial,2,three_frequency_guided_swap_02,fe02454f76772dca,adversarial_multi_corner_refinement,7954,-6.33443189035291,-6.33443189035291,0.008287437267891022,0
1635,426117,4,0.8,initial,3,three_frequency_guided_swap_03,9c468194c937ab07,adversarial_multi_corner_refinement,7954,-6.338743727800428,-6.338743727800428,0.009312961449766007,0
1636,426117,4,0.8,initial,4,three_frequency_guided_swap_04,0599045562b6e09b,adversarial_multi_corner_refinement,7954,-12.97469229137291,-12.97469229137291,0.011257520525746065,0
1637,426117,4,0.8,initial,5,three_frequency_guided_swap_05,70b470712db4a015,adversarial_multi_corner_refinement,7954,-13.589548133239598,-13.589548133239598,0.01299398188364997,0
1638,426117,4,0.8,initial,6,three_frequency_guided_swap_06,2c584b54131f3cb2,adversarial_multi_corner_refinement,7954,-13.616763264790844,-13.616763264790844,0.014602929088357312,0
1639,426117,4,0.8,initial,7,three_frequency_guided_swap_07,dab1b370cfcf6bcd,adversarial_multi_corner_refinement,7954,-13.139903800237597,-13.139903800237597,0.016115637698992182,0
1640,426117,4,0.8,initial,8,failed_best_swap_00_1,144c015498fe0ee5,adversarial_multi_corner_refinement,7954,-3.2843812710451163,-3.2843812710451163,0.005331864495780343,0
1641,426117,4,0.8,initial,9,failed_best_swap_00_2,18458186ef00ae6c,adversarial_multi_corner_refinement,7954,-1.7421122539723415,-1.7421122539723415,0.005353306750774743,0
1642,426117,4,0.8,initial,10,failed_best_swap_00_3,420c0ad181994ab9,adversarial_multi_corner_refinement,7954,-4.3976814536971105,-3.8668466589429595,0.005549681810070688,0
1643,426117,4,0.8,initial,11,failed_best_swap_01_1,e92859e6da80b159,local_swap_14,7965,5.098158409091033,5.098158409091033,0.011797905362226467,0
1644,426117,4,0.8,initial,12,failed_best_swap_01_2,997f21ac3cccebca,local_swap_14,7965,-5.000079409794408,-4.182243613175806,0.012000403289499192,0
1645,426117,4,0.8,initial,13,failed_best_swap_01_3,7fbc7c339c3ce6ee,local_swap_14,7965,-3.1086076236104665,-3.1086076236104665,0.012563266805283949,0
1646,426117,4,0.8,initial,14,power_top,135c9df182499896,local_swap_14,7965,-12.009927795515424,-12.009927795515424,0.032229169132772906,0
1647,426117,4,0.8,initial,15,parent_normalized,d994c5234a0383bb,adversarial_multi_corner_refinement,7954,7.793178764025061,7.793178764025061,0.0047161211482256715,1
1648,426117,4,0.8,initial,16,ring_quadrant,8dd056b2a408e9e5,local_swap_14,7965,-10.808191045279097,-9.468708968174743,0.03017876849897206,0
1649,426117,4,0.8,initial,17,mirrored_pair,c2fa062d53d0f8ab,local_swap_14,7965,-9.70889105820076,-9.70889105820076,0.02829873253665861,0
1650,426117,4,0.8,initial,18,min_spacing_150,5b3b6947ba6e0174,local_swap_14,7965,-18.492487732848943,-17.297829272902547,0.023910674404693695,0
1651,426117,4,0.8,initial,19,edge_density,2edd137ac8a02475,local_swap_14,7965,-18.355187686425268,-17.227345694663224,0.024787329056115272,0
1652,426117,4,0.8,initial,20,center_density,2a2ce2427e302897,local_swap_14,7965,-12.742014240075239,-12.742014240075239,0.028551440094692463,0
1653,426117,4,0.8,initial,21,checker_balance,d85f2774bd568bf9,local_swap_14,7965,-12.023503814909011,-11.389967364666267,0.02255217595557182,0
1654,426117,4,0.8,initial,22,hard_positive_neighbor_00,8c0ee4742723c1ff,adversarial_multi_corner_refinement,7954,-11.928451282118239,-11.928451282118239,0.017631410634855856,0
1655,426117,4,0.8,initial,23,hard_positive_swap_00,c927938323ce649a,adversarial_multi_corner_refinement,7954,-12.05919864810024,-12.05919864810024,0.017516829298932817,0
1656,426117,4,0.8,alternating,0,three_frequency_guided_swap_00,35007711d76ade73,best_initial_refined,534,-7.787314047965063,-6.531148804051443,0.0052061434338528225,0
1657,426117,4,0.8,alternating,1,three_frequency_guided_swap_01,563042d258e4b8b1,best_initial_refined,534,-7.788033422737234,-6.512701358137925,0.006414391719761862,0
1658,426117,4,0.8,alternating,2,three_frequency_guided_swap_02,a8bddabaf7817342,best_initial_refined,534,-7.692942810557697,-6.419479534912408,0.007578598296520983,1
1659,426117,4,0.8,alternating,3,three_frequency_guided_swap_03,991b2965fe24488a,best_initial_refined,534,-7.70104658229555,-6.480687746150093,0.008672160804636855,0
1660,426117,4,0.8,alternating,4,three_frequency_guided_swap_04,f2db2a445e414e55,best_initial_refined,534,-17.785521589614977,-14.039209945159769,0.010736278858762105,0
1661,426117,4,0.8,alternating,5,three_frequency_guided_swap_05,81f94d32847865de,best_initial_refined,534,-17.683599388224888,-14.025883628782944,0.01259659289325552,0
1662,426117,4,0.8,alternating,6,three_frequency_guided_swap_06,22843c8f4005c1ed,best_initial_refined,534,-16.831171425604396,-13.014830621506553,0.014352991671693854,0
1663,426117,4,0.8,alternating,7,three_frequency_guided_swap_07,631899bf9caeddfb,best_initial_refined,534,-16.720253887081842,-13.003165360865616,0.016015031395894237,0
1664,426121,6,0.5,initial,0,three_frequency_guided_swap_00,6cf9ebc45c10470c,adversarial_multi_corner_refinement,8564,-1.0341108505194965,2.2281923508790533,0.004218311207145781,0
1665,426121,6,0.5,initial,1,three_frequency_guided_swap_01,cf3146ea706eac66,adversarial_multi_corner_refinement,8564,-10.599164426340085,-9.137768907893056,0.009832108335986313,0
1666,426121,6,0.5,initial,2,three_frequency_guided_swap_02,4eb062221bbd0a6f,adversarial_multi_corner_refinement,8564,-10.592335084067344,-9.14093920078026,0.014937188767279829,0
1667,426121,6,0.5,initial,3,three_frequency_guided_swap_03,d5bd874995d0f677,adversarial_multi_corner_refinement,8564,-10.653210560188546,-9.191593834527303,0.019793767840150998,0
1668,426121,6,0.5,initial,4,three_frequency_guided_swap_04,a03c92f5b296146d,adversarial_multi_corner_refinement,8564,-10.670607079655777,-9.208568987975042,0.02837170850553793,0
1669,426121,6,0.5,initial,5,three_frequency_guided_swap_05,6f94c72d3c52da32,adversarial_multi_corner_refinement,8564,-10.20511952569061,-8.780672870558506,0.03598454989942304,0
1670,426121,6,0.5,initial,6,three_frequency_guided_swap_06,f1f36fb883300581,adversarial_multi_corner_refinement,8564,-10.428939407391777,-8.999755437835121,0.04295024315100353,0
1671,426121,6,0.5,initial,7,three_frequency_guided_swap_07,8e319880e43155e1,adversarial_multi_corner_refinement,8564,-9.796888097768973,-8.41561392984284,0.049438712612458635,0
1672,426121,6,0.5,initial,8,failed_best_swap_00_1,68eeac4ac98f19df,adversarial_multi_corner_refinement,8564,-2.3175040469504884,-1.375855787635516,-0.0013512566567804277,0
1673,426121,6,0.5,initial,9,failed_best_swap_00_2,0e82cd12183b6d97,adversarial_multi_corner_refinement,8564,-5.116488226711677,-5.0458911482874,-0.0011879887264789188,0
1674,426121,6,0.5,initial,10,failed_best_swap_00_3,03bc5b110c2a7ac2,adversarial_multi_corner_refinement,8564,2.6712332270114714,6.056504480980695,0.002214076921678628,1
1675,426121,6,0.5,initial,11,failed_best_swap_01_1,d340c9a96fd31f05,local_swap_05,8572,-5.6181918481228355,-5.3796730220946625,0.05271163020982511,0
1676,426121,6,0.5,initial,12,failed_best_swap_01_2,9c2326aa8e8def93,local_swap_05,8572,-3.431774689692914,-2.9241074537389395,0.05299320787081675,0
1677,426121,6,0.5,initial,13,failed_best_swap_01_3,542ea4dd1cc95bda,local_swap_05,8572,-9.34871999058909,-9.34871999058909,0.0518886677576436,0
1678,426121,6,0.5,initial,14,power_top,bf1e8522946ed075,local_swap_05,8572,-14.834102371052214,-13.334427202857098,0.15281920527214865,0
1679,426121,6,0.5,initial,15,parent_normalized,e9ad38715284c45f,adversarial_multi_corner_refinement,8564,2.1707073482606103,5.837566913294657,-0.0022661319145287724,0
1680,426121,6,0.5,initial,16,ring_quadrant,8345de2d7da9b95a,local_swap_05,8572,-14.480668721280583,-13.938243986090125,0.14245617857067777,0
1681,426121,6,0.5,initial,17,mirrored_pair,d087d182335b1d3d,local_swap_05,8572,-14.679622562528582,-13.471054206214335,0.13325504359706403,0
1682,426121,6,0.5,initial,18,spread_090,5ad083f2b8f441f3,local_swap_05,8572,-14.81087592326224,-13.341524285674105,0.15278351253518152,0
1683,426121,6,0.5,initial,19,min_spacing_150,7e55193f3001a41c,local_swap_05,8572,-18.576605938702645,-18.576605938702645,0.13833222137327728,0
1684,426121,6,0.5,initial,20,edge_density,b51e0985bf940aa3,local_swap_05,8572,-19.623051630843335,-19.623051630843335,0.14054747113463684,0
1685,426121,6,0.5,initial,21,center_density,b7ab0ff37d11c73b,local_swap_05,8572,-15.672942879885747,-13.792949482323946,0.14160516756876884,0
1686,426121,6,0.5,initial,22,checker_balance,ebfefbd08c6a8174,adversarial_multi_corner_refinement,8564,-10.139784830210585,-10.139784830210585,0.05601710106263397,0
1687,426121,6,0.5,initial,23,hard_positive_swap_00,0af14b1cf49f4386,adversarial_multi_corner_refinement,8564,-2.946270115659938,-2.7319132083492415,-0.000941217434559675,0
1688,426121,6,0.5,alternating,0,three_frequency_guided_swap_00,86ca34a187701e68,best_initial_refined,543,0.7438856618013561,2.163111933211394,0.041612535562670694,1
1689,426121,6,0.5,alternating,1,three_frequency_guided_swap_01,51d199a32a510f90,best_initial_refined,543,-11.019684748318427,-11.019684748318427,0.04691246217284081,0
1690,426121,6,0.5,alternating,2,three_frequency_guided_swap_02,357962d3138a67c1,best_initial_refined,543,-11.130650645069169,-11.130650645069169,0.051863754896717434,0
1691,426121,6,0.5,alternating,3,three_frequency_guided_swap_03,d686ecb3750df0f3,best_initial_refined,543,-11.13519177366644,-11.13519177366644,0.05638078780272347,0
1692,426121,6,0.5,alternating,4,three_frequency_guided_swap_04,5c07408ef9c0ccf1,best_initial_refined,543,-11.315644705971927,-11.315644705971927,0.06422725263063787,0
1693,426121,6,0.5,alternating,5,three_frequency_guided_swap_05,d905a4e5a3a0220e,best_initial_refined,543,-11.029285436168298,-11.029285436168298,0.07117289234217938,0
1694,426121,6,0.5,alternating,6,three_frequency_guided_swap_06,9e3f78e8a868524f,best_initial_refined,543,-11.319180612399329,-11.071916952415874,0.07763734427859384,0
1695,426121,6,0.5,alternating,7,three_frequency_guided_swap_07,06acf13b0d5f6465,best_initial_refined,543,-10.333228843073277,-10.088866546595604,0.08339816341154752,0
1696,426121,6,0.6,initial,0,three_frequency_guided_swap_00,4b2c2e7582bd4f02,adversarial_multi_corner_refinement,8528,4.933774199836988,5.0215680928979465,0.006622656865527445,0
1697,426121,6,0.6,initial,1,three_frequency_guided_swap_01,c5c378aa6dd675a8,adversarial_multi_corner_refinement,8528,-6.766677430514161,-4.590058146484752,0.010945094876068921,0
1698,426121,6,0.6,initial,2,three_frequency_guided_swap_02,0e8635105e8598af,adversarial_multi_corner_refinement,8528,-6.760949923228679,-4.660988679570085,0.014962426288553753,0
1699,426121,6,0.6,initial,3,three_frequency_guided_swap_03,63e67fd8085039b3,adversarial_multi_corner_refinement,8528,-7.011992899335788,-5.214721978915903,0.01879240372184498,0
1700,426121,6,0.6,initial,4,three_frequency_guided_swap_04,1b240cb1de6c87a7,adversarial_multi_corner_refinement,8528,-8.325373859914471,-6.735762807062463,0.02586025195831085,0
1701,426121,6,0.6,initial,5,three_frequency_guided_swap_05,a4df2841b7526104,adversarial_multi_corner_refinement,8528,-7.720361331740142,-5.844576565878715,0.03209231219018105,0
1702,426121,6,0.6,initial,6,three_frequency_guided_swap_06,d874fdbf5c89bcfc,adversarial_multi_corner_refinement,8528,-6.4146876981698755,-4.662037880074036,0.03700802011249285,0
1703,426121,6,0.6,initial,7,three_frequency_guided_swap_07,5fa0bb9939cb229e,adversarial_multi_corner_refinement,8528,-5.3797446106485305,-3.564998970621126,0.04091017143837536,0
1704,426121,6,0.6,initial,8,failed_best_swap_00_1,9248c0bc531d0f47,adversarial_multi_corner_refinement,8528,-2.4420866042592877,-1.7296379571972722,0.0025949159056883023,0
1705,426121,6,0.6,initial,9,failed_best_swap_00_2,3b11183b5e9520bb,adversarial_multi_corner_refinement,8528,-0.10610041841685383,0.6005063539134016,0.0025502600141212527,0
1706,426121,6,0.6,initial,10,failed_best_swap_00_3,3b3b3edb8a486302,adversarial_multi_corner_refinement,8528,-9.650078378182714,-9.515744319843066,0.0041158349642947765,0
1707,426121,6,0.6,initial,11,failed_best_swap_01_1,5d126f5aa88a6cdf,parent_normalized,8513,0.4298292214525018,1.0611113440126143,0.037608640272563325,0
1708,426121,6,0.6,initial,12,failed_best_swap_01_2,53980f2cd9071908,parent_normalized,8513,-7.171519240343232,-6.329803887263764,0.03717868557453573,0
1709,426121,6,0.6,initial,13,failed_best_swap_01_3,1d91f04abd8ec7e3,parent_normalized,8513,-2.588013528503276,-1.3958610588984435,0.03688633385876224,0
1710,426121,6,0.6,initial,14,power_top,4ad0d56e11b5cf11,parent_normalized,8513,-19.713075550635903,-19.713075550635903,0.10796599256377161,0
1711,426121,6,0.6,initial,15,parent_normalized,b12506f94ffdbcaa,adversarial_multi_corner_refinement,8528,5.984904370423606,8.323596864650437,0.0011832417081863503,1
1712,426121,6,0.6,initial,16,ring_quadrant,bd51f8362ff9d3f4,parent_normalized,8513,-19.99350398181631,-19.99350398181631,0.09970543824056402,0
1713,426121,6,0.6,initial,17,mirrored_pair,2e44127e37f3c5ed,parent_normalized,8513,-20.598637465393903,-20.227585426174496,0.0971347574224066,0
1714,426121,6,0.6,initial,18,min_spacing_150,b157fa71d08efdd1,parent_normalized,8513,-18.072232356224355,-17.722384583683418,0.09771228198496748,0
1715,426121,6,0.6,initial,19,edge_density,888f26a92435a737,parent_normalized,8513,-17.877070304530317,-17.759803600334443,0.10154505606461789,0
1716,426121,6,0.6,initial,20,center_density,c4a28c5b0be4d01b,parent_normalized,8513,-20.228638306414823,-20.228638306414823,0.093514022528618,0
1717,426121,6,0.6,initial,21,checker_balance,f08ec616c39a64f8,parent_normalized,8513,-19.04662424944399,-18.63110654941289,0.06792279012413661,0
1718,426121,6,0.6,initial,22,hard_positive_neighbor_00,8ab3d6260033043b,parent_normalized,8513,-9.794921991248405,-9.546805352609578,0.03906874496394534,0
1719,426121,6,0.6,initial,23,hard_positive_swap_00,3e43aaa8004ae623,parent_normalized,8513,-9.844502433716464,-9.559095482951886,0.04009533805082079,0
1720,426121,6,0.6,alternating,0,three_frequency_guided_swap_00,2c399b5d67302269,best_initial_refined,553,-14.643324979501827,-14.643324979501827,0.05447216139773913,0
1721,426121,6,0.6,alternating,1,three_frequency_guided_swap_01,9891977aa70ec709,best_initial_refined,553,-14.659628703383278,-14.659628703383278,0.0579863367901342,0
1722,426121,6,0.6,alternating,2,three_frequency_guided_swap_02,46ea94dc8a02b3ef,best_initial_refined,553,-15.156321255264377,-14.948415173585165,0.0701976415502629,0
1723,426121,6,0.6,alternating,3,three_frequency_guided_swap_03,b7fbfc922ca17d6c,best_initial_refined,553,-15.160792795233522,-15.160792795233522,0.07453998492049228,0
1724,426121,6,0.6,alternating,4,three_frequency_guided_swap_04,d8ec863c537fd69b,best_initial_refined,553,-15.08586254479156,-15.08586254479156,0.07810676798110773,0
1725,426121,6,0.6,alternating,5,three_frequency_guided_swap_05,aeb5f22a792a076f,best_initial_refined,553,-14.025211777488584,-14.025211777488584,0.04529611005783582,1
1726,426121,6,0.6,alternating,6,three_frequency_guided_swap_06,88b90202e0166987,best_initial_refined,553,-14.492069325477052,-14.471838381189814,0.04919002554319339,0
1727,426121,6,0.6,alternating,7,three_frequency_guided_swap_07,616546751ea17cf4,best_initial_refined,553,-14.506185169442807,-14.501666822811535,0.05270420093558846,0
1728,426121,6,0.7,initial,0,three_frequency_guided_swap_00,d0637c71c45b071b,adversarial_multi_corner_refinement,8490,-0.5403156262412597,1.810781355362368,-0.0012911519124256426,0
1729,426121,6,0.7,initial,1,three_frequency_guided_swap_01,add682a630d6e9db,adversarial_multi_corner_refinement,8490,-0.6204859910352402,1.5451710058745471,0.0018333847776930018,0
1730,426121,6,0.7,initial,2,three_frequency_guided_swap_02,62b93b6b7efa741b,adversarial_multi_corner_refinement,8490,-1.626803130811152,-1.2824233741282207,0.004725414852523314,0
1731,426121,6,0.7,initial,3,three_frequency_guided_swap_03,e657a1005a4ebe8a,adversarial_multi_corner_refinement,8490,-2.587350977519188,-2.3936962578489203,0.007579781520783303,0
1732,426121,6,0.7,initial,4,three_frequency_guided_swap_04,6cf1ae1760ea64c9,adversarial_multi_corner_refinement,8490,-2.2772444235643894,-2.183360801295013,0.012205241733197767,0
1733,426121,6,0.7,initial,5,three_frequency_guided_swap_05,973e9459697eb775,adversarial_multi_corner_refinement,8490,-3.0242209096050106,-2.0848077141697603,0.01606131645649465,0
1734,426121,6,0.7,initial,6,three_frequency_guided_swap_06,d6b270c96d394f6c,adversarial_multi_corner_refinement,8490,-13.157485062306634,-13.157485062306634,0.019717502125152244,0
1735,426121,6,0.7,initial,7,three_frequency_guided_swap_07,6c2978a989a82eb9,adversarial_multi_corner_refinement,8490,-13.368643302426813,-13.368643302426813,0.023140588375427772,0
1736,426121,6,0.7,initial,8,failed_best_swap_00_1,adca8524fccdbdd5,adversarial_multi_corner_refinement,8490,0.9731456867416917,1.3435656082978331,-0.0035974762180192104,0
1737,426121,6,0.7,initial,9,failed_best_swap_00_2,c027183ae69d0ab6,adversarial_multi_corner_refinement,8490,-11.78276850338551,-11.485231836366063,-0.004116387512673262,0
1738,426121,6,0.7,initial,10,failed_best_swap_00_3,98819d7bde0ab855,adversarial_multi_corner_refinement,8490,-3.8613078041899325,-2.8924437972309587,-0.004424455221789769,0
1739,426121,6,0.7,initial,11,failed_best_swap_01_1,33ddea650fb9e159,continuation_swap_03,8503,-0.9452699434683915,0.34607089661513774,0.026113374722135388,0
1740,426121,6,0.7,initial,12,failed_best_swap_01_2,197c480694f4f524,continuation_swap_03,8503,-7.0118289582465145,-6.808993917984497,0.02677093408028943,0
1741,426121,6,0.7,initial,13,failed_best_swap_01_3,f3a584399dd6c6ba,continuation_swap_03,8503,4.276335001754839,5.571478243409204,0.026759463079208578,1
1742,426121,6,0.7,initial,14,power_top,4de37daa7a18994a,continuation_swap_03,8503,-22.78278673381324,-22.78278673381324,0.08271744736001761,0
1743,426121,6,0.7,initial,15,parent_normalized,ad833b509b429c25,adversarial_multi_corner_refinement,8490,2.3052307202222795,2.3052307202222795,-0.004526273397693165,0
1744,426121,6,0.7,initial,16,ring_quadrant,35b2c13b4ac5fd9a,continuation_swap_03,8503,-19.57641995800102,-19.549224885660525,0.07985042408190454,0
1745,426121,6,0.7,initial,17,mirrored_pair,c9989648604c6489,continuation_swap_03,8503,-21.22012543964155,-21.22012543964155,0.07073592413019583,0
1746,426121,6,0.7,initial,18,min_spacing_150,4c07914e21b40f69,continuation_swap_03,8503,-18.515010981871182,-18.515010981871182,0.07102670888584488,0
1747,426121,6,0.7,initial,19,edge_density,e6870bfc0656e631,continuation_swap_03,8503,-19.775250080616964,-19.775250080616964,0.075519709605342,0
1748,426121,6,0.7,initial,20,center_density,3970cc79640e271e,continuation_swap_03,8503,-20.50885009086044,-20.50885009086044,0.07703731107977348,0
1749,426121,6,0.7,initial,21,checker_balance,b3f38118598ec257,continuation_swap_03,8503,-19.754491262078005,-19.575574855645947,0.058928642674949926,0
1750,426121,6,0.7,initial,22,hard_positive_swap_00,e991a2d4b7c27300,adversarial_multi_corner_refinement,8490,-4.237686077639682,-4.237686077639682,-0.00468114671446866,0
1751,426121,6,0.7,initial,23,hard_positive_neighbor_01,304ad6511569cb5d,continuation_swap_03,8503,-21.643745397210104,-21.643745397210104,0.06260520887526397,0
1752,426121,6,0.7,alternating,0,three_frequency_guided_swap_00,56b5e8643f5a400e,best_initial_refined,560,2.0717704042047744,4.636832820654137,0.045397294973701846,1
1753,426121,6,0.7,alternating,1,three_frequency_guided_swap_01,9912c284ccc7d91a,best_initial_refined,560,-7.466263380199227,-6.5176639481228635,0.04923222885371381,0
1754,426121,6,0.7,alternating,2,three_frequency_guided_swap_02,9c426e323f5af61e,best_initial_refined,560,-7.868408752510437,-5.8800138599026255,0.052511299918258404,0
1755,426121,6,0.7,alternating,3,three_frequency_guided_swap_03,b67080eef14af42c,best_initial_refined,560,-7.485577281303435,-5.516701832171945,0.0556238832402111,0
1756,426121,6,0.7,alternating,4,three_frequency_guided_swap_04,346a2522b2f6b887,best_initial_refined,560,-7.350218377240699,-5.534847751425628,0.06125816269300225,0
1757,426121,6,0.7,alternating,5,three_frequency_guided_swap_05,efbd681eed9156a5,best_initial_refined,560,-7.144038582137632,-5.205194072489797,0.06625342541611666,0
1758,426121,6,0.7,alternating,6,three_frequency_guided_swap_06,9a81407901b37798,best_initial_refined,560,-8.78405452112435,-6.873868409360874,0.07045925311432254,0
1759,426121,6,0.7,alternating,7,three_frequency_guided_swap_07,98ac2afb104e6ded,best_initial_refined,560,-8.218242365305663,-6.233995556870999,0.07348224695848914,0
1760,426121,6,0.8,initial,0,three_frequency_guided_swap_00,7799c46b23540a54,adversarial_multi_corner_refinement,8469,-4.117907625261236,-2.86281566912848,-0.0020962916863685073,0
1761,426121,6,0.8,initial,1,three_frequency_guided_swap_01,2ea7c3873655a5fe,adversarial_multi_corner_refinement,8469,-4.072294529164802,-2.7859121157080544,0.0011527853487662788,0
1762,426121,6,0.8,initial,2,three_frequency_guided_swap_02,81464461288022b6,adversarial_multi_corner_refinement,8469,-4.089472390533335,-2.807277737498665,0.004030454659719242,0
1763,426121,6,0.8,initial,3,three_frequency_guided_swap_03,b516e66ffeb20c74,adversarial_multi_corner_refinement,8469,0.6413985850587047,0.8153124131676466,0.006791123318607236,0
1764,426121,6,0.8,initial,4,three_frequency_guided_swap_04,edf96d17359c1112,adversarial_multi_corner_refinement,8469,-1.971766712642943,-0.2759028056253997,0.01116003220388067,0
1765,426121,6,0.8,initial,5,three_frequency_guided_swap_05,6bbb962865ab12df,adversarial_multi_corner_refinement,8469,-19.385496148446467,-17.507646314577997,0.014477824697554351,0
1766,426121,6,0.8,initial,6,three_frequency_guided_swap_06,e0a2f44b67fc8cc4,adversarial_multi_corner_refinement,8469,-20.044475691518315,-18.385815404139414,0.01742703674939275,0
1767,426121,6,0.8,initial,7,three_frequency_guided_swap_07,57140f15aae06595,adversarial_multi_corner_refinement,8469,-19.97025508528495,-18.38748032660765,0.020016016525584896,0
1768,426121,6,0.8,initial,8,failed_best_swap_00_1,9c13f3ce130cd408,adversarial_multi_corner_refinement,8469,-0.7510260917638201,-0.5803439558181367,-0.00614574171698072,0
1769,426121,6,0.8,initial,9,failed_best_swap_00_2,8e92ae075fee696d,adversarial_multi_corner_refinement,8469,-3.8899432130859566,-2.6120002926866275,-0.003087002119949556,0
1770,426121,6,0.8,initial,10,failed_best_swap_00_3,12b77a680afc27b5,adversarial_multi_corner_refinement,8469,-9.52859483800375,-9.433779478236517,-0.00472605462116727,0
1771,426121,6,0.8,initial,11,failed_best_swap_01_1,44a384b81caf19dc,hard_positive_neighbor_02,8460,-3.612171673574621,-3.4221317754637584,0.012734609640771924,0
1772,426121,6,0.8,initial,12,failed_best_swap_01_2,78b7e7dbd6783a62,hard_positive_neighbor_02,8460,-8.96442997894417,-8.96442997894417,0.013728278080420538,0
1773,426121,6,0.8,initial,13,failed_best_swap_01_3,b59c71956a2f46dd,hard_positive_neighbor_02,8460,-0.13256580459448458,0.6878074767570517,0.01401071765094883,0
1774,426121,6,0.8,initial,14,power_top,5d28dc1198fb2b82,hard_positive_neighbor_02,8460,-17.944291750876843,-17.392100599088277,0.0475152992173169,0
1775,426121,6,0.8,initial,15,parent_normalized,cf74e6c2aa48cbb1,adversarial_multi_corner_refinement,8469,6.595824016807741,7.492738127968288,-0.006237445585916673,1
1776,426121,6,0.8,initial,16,ring_quadrant,5839b0afdc9831d9,hard_positive_neighbor_02,8460,-17.828809231100927,-17.828809231100927,0.04431923267718515,0
1777,426121,6,0.8,initial,17,mirrored_pair,22c511ec46e0043f,hard_positive_neighbor_02,8460,-17.867888473553116,-17.867888473553116,0.03806205359765806,0
1778,426121,6,0.8,initial,18,min_spacing_150,044d4cc6189216e5,hard_positive_neighbor_02,8460,-13.735627451563854,-12.897583198631072,0.03831569491472284,0
1779,426121,6,0.8,initial,19,edge_density,5f818ec189032400,hard_positive_neighbor_02,8460,-14.7302551470212,-13.843510513786935,0.04031729161850957,0
1780,426121,6,0.8,initial,20,center_density,5ab48876ee952490,hard_positive_neighbor_02,8460,-17.82910760187017,-17.82910760187017,0.04322259007601513,0
1781,426121,6,0.8,initial,21,checker_balance,89f0b7d18874b91c,adversarial_multi_corner_refinement,8469,-20.575192960277686,-20.301857616729635,0.029381193291122303,0
1782,426121,6,0.8,initial,22,hard_positive_neighbor_00,d76a78a0fa00df80,hard_positive_neighbor_02,8460,-18.34086104224162,-18.34086104224162,0.03704305995915091,0
1783,426121,6,0.8,initial,23,hard_positive_swap_00,3a2cf347b6ddfe32,hard_positive_neighbor_02,8460,-16.88092750782275,-16.712548551599436,0.03680805106268469,0
1784,426121,6,0.8,alternating,0,three_frequency_guided_swap_00,3bde44c5b4f58752,best_initial_refined,570,-4.556740603349933,-2.8318414474939124,0.021996306562366105,0
1785,426121,6,0.8,alternating,1,three_frequency_guided_swap_01,342e3f661bc356ec,best_initial_refined,570,0.9652224634032744,0.9652224634032744,0.027965464261195117,0
1786,426121,6,0.8,alternating,2,three_frequency_guided_swap_02,34c1a1a07dc8c67d,best_initial_refined,570,0.7834056877416519,0.7834056877416519,0.030697915710969352,0
1787,426121,6,0.8,alternating,3,three_frequency_guided_swap_03,152a49058aced1b5,best_initial_refined,570,-19.061938692103674,-17.964253940440614,0.03797641038963177,0
1788,426121,6,0.8,alternating,4,three_frequency_guided_swap_04,89dc0cc4adf9ad3f,best_initial_refined,570,-18.754051244892587,-17.608990300938604,0.04067782645605549,0
1789,426121,6,0.8,alternating,5,three_frequency_guided_swap_05,d656627f3355a2b1,best_initial_refined,570,-20.082875732018636,-19.210325739737026,0.04301272453988756,0
1790,426121,6,0.8,alternating,6,three_frequency_guided_swap_06,d61ac7907c027e9b,best_initial_refined,570,2.4071892296217934,4.618721538386307,0.021167050450921834,1
1791,426121,6,0.8,alternating,7,three_frequency_guided_swap_07,736e06468790c482,best_initial_refined,570,1.1573768668855684,1.1573768668855684,0.023964989755195946,0
1792,426128,6,0.5,initial,0,three_frequency_guided_swap_00,a3ace84f545fad90,adversarial_multi_corner_refinement,9463,3.3063812282889655,3.7025752881315155,-0.023982317561568926,0
1793,426128,6,0.5,initial,1,three_frequency_guided_swap_01,8797e4a99e6280e7,adversarial_multi_corner_refinement,9463,3.4284664897716324,3.732210724816687,-0.01858019719835406,1
1794,426128,6,0.5,initial,2,three_frequency_guided_swap_02,28faa39e4b211343,adversarial_multi_corner_refinement,9463,3.3337045305071014,3.6741052747152554,-0.013923909755013014,0
1795,426128,6,0.5,initial,3,three_frequency_guided_swap_03,366f0aac23377dba,adversarial_multi_corner_refinement,9463,3.3347089845626163,3.6972757030599706,-0.009309910341123656,0
1796,426128,6,0.5,initial,4,three_frequency_guided_swap_04,c6a51a9f64721570,adversarial_multi_corner_refinement,9463,-7.641937892497141,-7.227140352703047,-0.0009960983276738463,0
1797,426128,6,0.5,initial,5,three_frequency_guided_swap_05,bc49fb8d6ab47755,adversarial_multi_corner_refinement,9463,-7.7311107675578885,-7.243403894276446,0.006622243150190509,0
1798,426128,6,0.5,initial,6,three_frequency_guided_swap_06,5c141305c3d04016,adversarial_multi_corner_refinement,9463,-8.025870467886055,-7.810927175243202,0.013915823466404272,0
1799,426128,6,0.5,initial,7,three_frequency_guided_swap_07,162e4c4cb66f9dbc,adversarial_multi_corner_refinement,9463,-8.477595238173851,-8.375800661913726,0.020800000707947505,0
1800,426128,6,0.5,initial,8,failed_best_swap_00_1,1571cd95167f48a8,adversarial_multi_corner_refinement,9463,-3.9722313153194637,-3.7703732734218356,-0.02964734893985872,0
1801,426128,6,0.5,initial,9,failed_best_swap_00_2,6bb51ec37d59f87b,adversarial_multi_corner_refinement,9463,-2.7803355590706795,-2.7803355590706795,-0.03063666041106625,0
1802,426128,6,0.5,initial,10,failed_best_swap_00_3,2284c02e0c63c5c7,adversarial_multi_corner_refinement,9463,-5.6846229636551335,-3.9762626259142757,-0.02829292337587997,0
1803,426128,6,0.5,initial,11,failed_best_swap_01_1,679e816693ebbdfb,ratio_continuation_00,9456,-0.6571018091617344,0.1942113075662663,0.0026623789497082183,0
1804,426128,6,0.5,initial,12,failed_best_swap_01_2,6a83cbcd11f42d3b,ratio_continuation_00,9456,-4.644943689791917,-4.644943689791917,0.002825633101967433,0
1805,426128,6,0.5,initial,13,failed_best_swap_01_3,359d3a180b3d9af3,ratio_continuation_00,9456,-5.474281802295096,-3.856733374139071,0.005458712095527643,0
1806,426128,6,0.5,initial,14,power_top,0d542e7917c24223,ratio_continuation_00,9456,-15.673014115746685,-14.30330235507148,0.1251944873293914,0
1807,426128,6,0.5,initial,15,parent_normalized,2766cd8a2693ef80,adversarial_multi_corner_refinement,9463,3.297048304573053,3.6261072499687366,-0.030268292254536852,0
1808,426128,6,0.5,initial,16,ring_quadrant,7ac8aafb6b5e4cf8,ratio_continuation_00,9456,-15.635540655627928,-15.385689557432016,0.1120264884911462,0
1809,426128,6,0.5,initial,17,mirrored_pair,149ffef0f391395a,ratio_continuation_00,9456,-13.527911714159028,-12.959533523694898,0.11451637661031937,0
1810,426128,6,0.5,initial,18,spread_030,10f1cb7ba8700f10,ratio_continuation_00,9456,-14.934320222683686,-14.719566880511293,0.12518945173284385,0
1811,426128,6,0.5,initial,19,min_spacing_150,c550d5c440372b7b,ratio_continuation_00,9456,-13.66692103562004,-13.66692103562004,0.11176350722399278,0
1812,426128,6,0.5,initial,20,edge_density,8f1208989f1265d6,ratio_continuation_00,9456,-13.63420109647044,-13.63420109647044,0.11332770080298282,0
1813,426128,6,0.5,initial,21,center_density,7b8f7c673d7f6133,ratio_continuation_00,9456,-14.354829928293993,-14.189273348900553,0.109283268364893,0
1814,426128,6,0.5,initial,22,checker_balance,ebfefbd08c6a8174,adversarial_multi_corner_refinement,9463,-13.714828187270093,-12.738163394097446,0.03183734614314612,0
1815,426128,6,0.5,initial,23,hard_positive_neighbor_00,e9ad38715284c45f,adversarial_multi_corner_refinement,9463,-15.074934416004558,-15.074934416004558,0.014387524180826491,0
1816,426128,6,0.5,alternating,0,three_frequency_guided_swap_00,636171a458b4f40c,best_initial_refined,584,-3.93173443644468,-3.286400164151967,-3.973767102265994e-05,1
1817,426128,6,0.5,alternating,1,three_frequency_guided_swap_01,8255d2d48794c466,best_initial_refined,584,-4.264135710063297,-3.484602076171975,0.004400622785473527,0
1818,426128,6,0.5,alternating,2,three_frequency_guided_swap_02,0b7a25b7b7486c59,best_initial_refined,584,-9.489398345314711,-8.54259123390296,0.008534329921545023,0
1819,426128,6,0.5,alternating,3,three_frequency_guided_swap_03,60a89162464fa2ae,best_initial_refined,584,-9.603522598866242,-8.068906426465016,0.012457616536144762,0
1820,426128,6,0.5,alternating,4,three_frequency_guided_swap_04,76a0da530b24bdcc,best_initial_refined,584,-9.7535694446411,-8.34729035117136,0.019870849827375588,0
1821,426128,6,0.5,alternating,5,three_frequency_guided_swap_05,f012d59c3eeabf41,best_initial_refined,584,-9.962274491374611,-8.877027270769773,0.026903108342891825,0
1822,426128,6,0.5,alternating,6,three_frequency_guided_swap_06,23619c21ca66007d,best_initial_refined,584,-9.915323898203463,-8.308708691568969,0.03346127526719897,0
1823,426128,6,0.5,alternating,7,three_frequency_guided_swap_07,feff7f94e404da41,best_initial_refined,584,-9.809893200015411,-8.175642687739778,0.03954868871881446,0
1824,426128,6,0.6,initial,0,three_frequency_guided_swap_00,59001663183aa957,adversarial_multi_corner_refinement,9427,3.5820461028524275,3.8943443157066806,-0.02428396534833061,1
1825,426128,6,0.6,initial,1,three_frequency_guided_swap_01,abf0c3bcdf21493b,adversarial_multi_corner_refinement,9427,3.1868203942594286,3.959965865942851,-0.019744453951598635,0
1826,426128,6,0.6,initial,2,three_frequency_guided_swap_02,0e1b62d1f7711704,adversarial_multi_corner_refinement,9427,3.043628041143806,3.7532879645576003,-0.01586083228921997,0
1827,426128,6,0.6,initial,3,three_frequency_guided_swap_03,e51c52b122a08c35,adversarial_multi_corner_refinement,9427,-8.48927076241255,-6.73219154828558,-0.012280352348016416,0
1828,426128,6,0.6,initial,4,three_frequency_guided_swap_04,3186e3319e15fff1,adversarial_multi_corner_refinement,9427,-13.788216569539353,-13.426284600509245,-0.00592321501802202,0
1829,426128,6,0.6,initial,5,three_frequency_guided_swap_05,733cced91794fb25,adversarial_multi_corner_refinement,9427,-14.005836065890582,-13.66999301460839,-0.00024958400226605715,0
1830,426128,6,0.6,initial,6,three_frequency_guided_swap_06,3d9ffa9e43df4810,adversarial_multi_corner_refinement,9427,-14.187188797428183,-13.885256679123692,0.004911809989258346,0
1831,426128,6,0.6,initial,7,three_frequency_guided_swap_07,7353fabce8f5f30a,adversarial_multi_corner_refinement,9427,-14.075594923080263,-13.719106954036492,0.00978042200716619,0
1832,426128,6,0.6,initial,8,failed_best_swap_00_1,0c9c162471a2ee64,adversarial_multi_corner_refinement,9427,2.562408054307388,4.130049986431457,-0.025470808547732145,0
1833,426128,6,0.6,initial,9,failed_best_swap_00_2,48c112926d7daba1,adversarial_multi_corner_refinement,9427,-8.28285464792767,-7.208620640280947,-0.029159313676784586,0
1834,426128,6,0.6,initial,10,failed_best_swap_00_3,b4ce3a724a52dc05,adversarial_multi_corner_refinement,9427,-5.737823495103573,-5.605632534717515,-0.0283528392349326,0
1835,426128,6,0.6,initial,11,failed_best_swap_01_1,bc810dab7ce36ffe,ring_quadrant,9410,-1.4120215640917837,-1.0083768271216722,0.02172857205824843,0
1836,426128,6,0.6,initial,12,failed_best_swap_01_2,a062fd0834cd9f05,ring_quadrant,9410,-2.6134373026755005,-2.239871926058234,0.0218025561649918,0
1837,426128,6,0.6,initial,13,failed_best_swap_01_3,fa64bd5cf0f72298,ring_quadrant,9410,-2.7590099300083977,-1.9756816697731294,0.02057179089569869,0
1838,426128,6,0.6,initial,14,power_top,81b332e007a094dc,ring_quadrant,9410,-14.704831288856418,-14.704831288856418,0.09001627112268643,0
1839,426128,6,0.6,initial,15,parent_normalized,e8a487576a38976d,adversarial_multi_corner_refinement,9427,3.575989440242084,4.519743476686725,-0.029443077053096192,0
1840,426128,6,0.6,initial,16,ring_quadrant,6a733280398fca15,ring_quadrant,9410,-13.43957878095039,-13.032718817305554,0.08093939438622834,0
1841,426128,6,0.6,initial,17,mirrored_pair,c766f89738c050e2,ring_quadrant,9410,-17.26263948139708,-17.060523462616242,0.08008091855714293,0
1842,426128,6,0.6,initial,18,min_spacing_150,58ace0e64b4788ac,ring_quadrant,9410,-14.583154844796947,-14.583154844796947,0.07885693314158293,0
1843,426128,6,0.6,initial,19,edge_density,152476d762c17f3d,ring_quadrant,9410,-12.51500945379808,-11.930352734692221,0.08357966709160725,0
1844,426128,6,0.6,initial,20,center_density,12be81681bf7e085,ring_quadrant,9410,-12.96468009033455,-12.96468009033455,0.07921984867070891,0
1845,426128,6,0.6,initial,21,checker_balance,574f5c8388a1eaae,ring_quadrant,9410,-13.987114793196607,-13.780217906550192,0.044347358734249206,0
1846,426128,6,0.6,initial,22,hard_positive_neighbor_00,8ab3d6260033043b,adversarial_multi_corner_refinement,9427,-5.6270660342807135,-5.602982447001845,-0.007993465034875087,0
1847,426128,6,0.6,initial,23,hard_positive_swap_00,73276dfcbbe1cb51,adversarial_multi_corner_refinement,9427,-5.602517181101458,-5.4934907078649715,-0.0074098628268228885,0
1848,426128,6,0.6,alternating,0,three_frequency_guided_swap_00,a734b886e6bf9b1f,best_initial_refined,594,0.9385280481683679,3.800190279444328,-0.022849666664117963,0
1849,426128,6,0.6,alternating,1,three_frequency_guided_swap_01,382c7f01d11f22d3,best_initial_refined,594,-5.324211884695654,-3.4709791002566863,-0.019252903213685803,0
1850,426128,6,0.6,alternating,2,three_frequency_guided_swap_02,0ab62a3f5a640667,best_initial_refined,594,-5.5327091156000225,-3.639636956879116,-0.0160195595082619,0
1851,426128,6,0.6,alternating,3,three_frequency_guided_swap_03,7ac2496e31ffb423,best_initial_refined,594,-6.439733301895215,-4.511506095232356,-0.010011578674594453,0
1852,426128,6,0.6,alternating,4,three_frequency_guided_swap_04,251b0627d2c7382c,best_initial_refined,594,-6.357475944121351,-4.82973659394774,-0.004498336475434857,0
1853,426128,6,0.6,alternating,5,three_frequency_guided_swap_05,09e78e760922aef0,best_initial_refined,594,-6.073975099446892,-4.277060490714943,0.0005459148709158807,0
1854,426128,6,0.6,alternating,6,three_frequency_guided_swap_06,d859b586d470f642,best_initial_refined,594,-6.011196031536868,-4.010752982358981,0.005137752123741684,0
1855,426128,6,0.6,alternating,7,three_frequency_guided_swap_07,e5c00389dce537c1,best_initial_refined,594,1.0554984329346397,3.729508539860769,-0.027404157954344557,1
1856,426128,6,0.7,initial,0,three_frequency_guided_swap_00,cea9d37a4b19e260,adversarial_multi_corner_refinement,9382,6.649461603840688,6.923364061372224,-0.03407343219799539,0
1857,426128,6,0.7,initial,1,three_frequency_guided_swap_01,cf186c138f3e2f0f,adversarial_multi_corner_refinement,9382,6.9400333145247135,7.182511736197355,-0.030129581412992854,0
1858,426128,6,0.7,initial,2,three_frequency_guided_swap_02,9c06e784aec22067,adversarial_multi_corner_refinement,9382,1.790536926902109,1.790536926902109,-0.026535178769260013,0
1859,426128,6,0.7,initial,3,three_frequency_guided_swap_03,ca20d5d64c84f4cc,adversarial_multi_corner_refinement,9382,1.7400791258844204,1.7400791258844204,-0.023123135541811415,0
1860,426128,6,0.7,initial,4,three_frequency_guided_swap_04,0ae86d11d02ac710,adversarial_multi_corner_refinement,9382,1.7556321274066944,1.7556321274066944,-0.016863948128620264,0
1861,426128,6,0.7,initial,5,three_frequency_guided_swap_05,7ee0b0c78d5606e8,adversarial_multi_corner_refinement,9382,1.5839038587598608,1.5839038587598608,-0.01134379459893222,0
1862,426128,6,0.7,initial,6,three_frequency_guided_swap_06,d338eb817e6b118e,adversarial_multi_corner_refinement,9382,-0.24832737076334213,0.25114488299222576,-0.006405121301733255,0
1863,426128,6,0.7,initial,7,three_frequency_guided_swap_07,80f798c16ef47136,adversarial_multi_corner_refinement,9382,-0.6533139840864881,-0.17423727721791404,-0.0018877738448993629,0
1864,426128,6,0.7,initial,8,failed_best_swap_00_1,3ee89e7b6cbf3d71,adversarial_multi_corner_refinement,9382,-1.0879648896455907,-0.6121549241820062,-0.03834933754768763,0
1865,426128,6,0.7,initial,9,failed_best_swap_00_2,a5b642b052c3ca99,adversarial_multi_corner_refinement,9382,0.06700873431070747,0.6965909677896415,-0.03825809166881765,0
1866,426128,6,0.7,initial,10,failed_best_swap_00_3,b18969446529d57c,adversarial_multi_corner_refinement,9382,5.19289289806249,6.099191075295444,-0.036772658370607024,0
1867,426128,6,0.7,initial,11,failed_best_swap_01_1,adaf80954e7775f3,hard_positive_swap_03,9391,-7.826646000976872,-7.127432444449116,0.01592612686675727,0
1868,426128,6,0.7,initial,12,failed_best_swap_01_2,fdea8c1d8039a705,hard_positive_swap_03,9391,-10.703455939992235,-10.63587144381838,0.016625829814395966,0
1869,426128,6,0.7,initial,13,failed_best_swap_01_3,e71ae38373420dd0,hard_positive_swap_03,9391,-9.42445600813179,-8.650366113975124,0.017531393372678207,0
1870,426128,6,0.7,initial,14,power_top,f51e18f8b6ab921b,hard_positive_swap_03,9391,-11.537380416266148,-10.760345688473752,0.05587937238417069,0
1871,426128,6,0.7,initial,15,parent_normalized,925f5b325be36fc6,adversarial_multi_corner_refinement,9382,7.562796577496318,7.872463545113475,-0.038533522852005946,1
1872,426128,6,0.7,initial,16,ring_quadrant,0f8928703c2c4ed9,hard_positive_swap_03,9391,-14.539493110902457,-14.369399326745175,0.04878049115609655,0
1873,426128,6,0.7,initial,17,mirrored_pair,b7978ed5edc552b2,hard_positive_swap_03,9391,-16.34943529819591,-16.334476879151964,0.05074819878353197,0
1874,426128,6,0.7,initial,18,min_spacing_150,b83b8cea62abbbd6,hard_positive_swap_03,9391,-15.81204824947184,-13.584487064703366,0.04963405459571346,0
1875,426128,6,0.7,initial,19,edge_density,56d5f47333b26db1,hard_positive_swap_03,9391,-16.552254845707747,-13.525071750342256,0.04987730986594285,0
1876,426128,6,0.7,initial,20,center_density,fa416fdad99e92a3,hard_positive_swap_03,9391,-9.798652311289192,-9.2845688004088,0.047762548841341554,0
1877,426128,6,0.7,initial,21,checker_balance,4b5c57390a18b514,hard_positive_swap_03,9391,-11.775194382917055,-11.775194382917055,0.03012329800032306,0
1878,426128,6,0.7,initial,22,hard_positive_neighbor_00,ad833b509b429c25,hard_positive_swap_03,9391,-10.112842148090799,-7.255573743386869,0.017267123744970143,0
1879,426128,6,0.7,initial,23,hard_positive_swap_00,5de81f4bd0091fc4,hard_positive_swap_03,9391,-10.223874719973798,-7.425528369003792,0.017917439728468217,0
1880,426128,6,0.7,alternating,0,three_frequency_guided_swap_00,dd123db16667a4ce,best_initial_refined,600,5.965642912428233,5.965642912428233,-0.017683893467924858,0
1881,426128,6,0.7,alternating,1,three_frequency_guided_swap_01,a28adf38b7c4543a,best_initial_refined,600,0.5842185328818159,2.0770335132057354,-0.0005575762403039326,0
1882,426128,6,0.7,alternating,2,three_frequency_guided_swap_02,4ad01e122e07b837,best_initial_refined,600,1.5291141319200934,1.5925157975071227,0.0048641545093388375,0
1883,426128,6,0.7,alternating,3,three_frequency_guided_swap_03,3fac8e321f6cf4d6,best_initial_refined,600,-0.570024635551131,-0.5021704787253147,0.00963149079189967,0
1884,426128,6,0.7,alternating,4,three_frequency_guided_swap_04,4de9252aba7c5a4a,best_initial_refined,600,-0.9553549592364919,-0.9379148653476616,0.013969073745470729,0
1885,426128,6,0.7,alternating,5,three_frequency_guided_swap_05,c05a52a20147f1ae,best_initial_refined,600,5.96643711786001,5.96643711786001,-0.017855204079457128,1
1886,426128,6,0.7,alternating,6,three_frequency_guided_swap_06,3cec45e53421f926,best_initial_refined,600,2.1735621693955847,2.1735621693955847,-0.014318650493196184,0
1887,426128,6,0.7,alternating,7,three_frequency_guided_swap_07,cca2f761598739d7,best_initial_refined,600,2.162799554297933,2.162799554297933,-0.010934595422864082,0
1888,426128,6,0.8,initial,0,three_frequency_guided_swap_00,c366cb15cc5ce505,adversarial_multi_corner_refinement,9347,6.8577093630438535,7.175985816141973,-0.03247377437204263,1
1889,426128,6,0.8,initial,1,three_frequency_guided_swap_01,884d53c34aff2442,adversarial_multi_corner_refinement,9347,6.581309381783528,7.3443436426745645,-0.02897394734757824,0
1890,426128,6,0.8,initial,2,three_frequency_guided_swap_02,43726d5273e003f0,adversarial_multi_corner_refinement,9347,5.649886190967342,6.630110652882266,-0.02587693480169492,0
1891,426128,6,0.8,initial,3,three_frequency_guided_swap_03,c320f2ad87ee30de,adversarial_multi_corner_refinement,9347,4.1706422932237235,4.243806800272173,-0.023273682253055122,0
1892,426128,6,0.8,initial,4,three_frequency_guided_swap_04,9620efbf99b3e8aa,adversarial_multi_corner_refinement,9347,3.966782379809841,4.18255909514506,-0.018479339299823653,0
1893,426128,6,0.8,initial,5,three_frequency_guided_swap_05,2aa93dd9c1950393,adversarial_multi_corner_refinement,9347,1.1310916651288203,1.1310916651288203,-0.014397703474268834,0
1894,426128,6,0.8,initial,6,three_frequency_guided_swap_06,8ad394dc412080e5,adversarial_multi_corner_refinement,9347,0.9326168967930272,0.9326168967930272,-0.01052201033980177,0
1895,426128,6,0.8,initial,7,three_frequency_guided_swap_07,5f81f03cd17ae8af,adversarial_multi_corner_refinement,9347,0.9237069414758177,0.9237069414758177,-0.007422720145474547,0
1896,426128,6,0.8,initial,8,failed_best_swap_00_1,0d7ceb944c3aa422,adversarial_multi_corner_refinement,9347,-2.32917692529642,-1.7858138669284562,-0.03525518629650115,0
1897,426128,6,0.8,initial,9,failed_best_swap_00_2,56bcd3a052515464,adversarial_multi_corner_refinement,9347,-3.547775468624072,-2.3748129628164962,-0.03495770852256641,0
1898,426128,6,0.8,initial,10,failed_best_swap_00_3,4a16d5200eed4eeb,adversarial_multi_corner_refinement,9347,-1.764818960444975,-1.5235809784924497,-0.035092908446018485,0
1899,426128,6,0.8,initial,11,failed_best_swap_01_1,3546b750f34931d1,local_swap_02,9361,-7.014417008888296,-6.556709362353326,-0.0039478774484618985,0
1900,426128,6,0.8,initial,12,failed_best_swap_01_2,00969d8367e53ab0,local_swap_02,9361,-5.690808277408137,-5.612845390669263,-0.004528102561555453,0
1901,426128,6,0.8,initial,13,failed_best_swap_01_3,978ca0430556c211,local_swap_02,9361,-1.496231072601347,-1.496231072601347,-0.005100977847331835,0
1902,426128,6,0.8,initial,14,power_top,a0e8dcf6a5f81847,local_swap_02,9361,-30.77770697606425,-30.77770697606425,0.02456457130837774,0
1903,426128,6,0.8,initial,15,parent_normalized,03de2e8edfd88f14,adversarial_multi_corner_refinement,9347,6.855760980718257,7.53455144886563,-0.03634862595811369,0
1904,426128,6,0.8,initial,16,ring_quadrant,b409939960fe7569,local_swap_02,9361,-32.13358615189382,-32.13358615189382,0.020855844375470636,0
1905,426128,6,0.8,initial,17,mirrored_pair,6981d7522db68ba1,local_swap_02,9361,-35.92235886454943,-35.92235886454943,0.019740477021408128,0
1906,426128,6,0.8,initial,18,min_spacing_150,7454f68be5bb662d,local_swap_02,9361,-20.834200169048653,-19.50210294105869,0.016936140745908386,0
1907,426128,6,0.8,initial,19,edge_density,774f7d9d9e35a7ba,local_swap_02,9361,-24.174729198945577,-22.936010811977148,0.0183113616954728,0
1908,426128,6,0.8,initial,20,center_density,7d98a00b2c967aaa,local_swap_02,9361,-27.427166690548784,-27.427166690548784,0.021755029661587672,0
1909,426128,6,0.8,initial,21,checker_balance,9104770878ff1977,adversarial_multi_corner_refinement,9347,-12.31719404551054,-12.105749157851475,0.011187622006000522,0
1910,426128,6,0.8,initial,22,hard_positive_neighbor_00,d76a78a0fa00df80,adversarial_multi_corner_refinement,9347,-10.931137810382195,-10.299660688993313,0.006951137721798271,0
1911,426128,6,0.8,initial,23,hard_positive_swap_00,dc91d2191b10f8ec,adversarial_multi_corner_refinement,9347,-11.227635319741939,-10.14021752968535,0.006974514215463371,0
1912,426128,6,0.8,alternating,0,three_frequency_guided_swap_00,02b235e59e7ffcfc,best_initial_refined,614,0.6008307844118781,1.113281392902369,-0.014777548953171725,0
1913,426128,6,0.8,alternating,1,three_frequency_guided_swap_01,d51e7b29cec5cb2f,best_initial_refined,614,-4.060655844251209,-3.8428639712046526,-0.01046990155741577,0
1914,426128,6,0.8,alternating,2,three_frequency_guided_swap_02,953b1b9d5a31a83f,best_initial_refined,614,-3.5561594005907087,-3.3568291511908432,-0.006602456028536786,0
1915,426128,6,0.8,alternating,3,three_frequency_guided_swap_03,2f04145e83042ae5,best_initial_refined,614,-3.601839178840427,-3.365999555282193,-0.0031083939857779667,0
1916,426128,6,0.8,alternating,4,three_frequency_guided_swap_04,dcef4736fcefb389,best_initial_refined,614,-3.7468535778219665,-3.5757489444578257,-6.776749552885333e-05,0
1917,426128,6,0.8,alternating,5,three_frequency_guided_swap_05,2fdec3ca4e075458,best_initial_refined,614,3.1798924782050673,3.1798924782050673,-0.023303386183973537,1
1918,426128,6,0.8,alternating,6,three_frequency_guided_swap_06,f04965ecf4dd4d77,best_initial_refined,614,0.6795605311827353,1.190503400155469,-0.020723799147118558,0
1919,426128,6,0.8,alternating,7,three_frequency_guided_swap_07,239451c7f1d14c9d,best_initial_refined,614,0.5570165396823347,1.0813581008860225,-0.01820735227971646,0
1920,426125,6,0.5,initial,0,three_frequency_guided_swap_00,4b43b497b01ec2ef,hard_positive_neighbor_00,9064,2.0654832226146027,3.5558843364357484,0.024760297734354397,0
1921,426125,6,0.5,initial,1,three_frequency_guided_swap_01,d8d7ef985bab2998,hard_positive_neighbor_00,9064,1.6349604335992645,1.6772204133620485,0.030608884347191848,0
1922,426125,6,0.5,initial,2,three_frequency_guided_swap_02,df9e63ab6d3f6434,hard_positive_neighbor_00,9064,-3.793446298321183,-2.7528176771006807,0.03616751424060609,0
1923,426125,6,0.5,initial,3,three_frequency_guided_swap_03,1503f2ec44df2542,hard_positive_neighbor_00,9064,-7.029517958974391,-4.612149254700947,0.041538558709518204,0
1924,426125,6,0.5,initial,4,three_frequency_guided_swap_04,a30906f81a70b4f0,hard_positive_neighbor_00,9064,-4.397373330065701,-2.7883281591463946,0.05141375423654884,0
1925,426125,6,0.5,initial,5,three_frequency_guided_swap_05,31db3ad15080600b,hard_positive_neighbor_00,9064,-4.962371743563409,-3.5955923199627478,0.06073196881665657,0
1926,426125,6,0.5,initial,6,three_frequency_guided_swap_06,7516740c7426b6eb,hard_positive_neighbor_00,9064,-4.806505910242123,-3.517771907759377,0.06965089888987183,0
1927,426125,6,0.5,initial,7,three_frequency_guided_swap_07,de95c9a5595d3e5c,hard_positive_neighbor_00,9064,-4.666582712330648,-3.489271902293128,0.07788732275477567,0
1928,426125,6,0.5,initial,8,failed_best_swap_00_1,3f71aa149002c82b,hard_positive_neighbor_00,9064,-1.0861398247225025,-0.5731516207684616,0.01940775781590672,0
1929,426125,6,0.5,initial,9,failed_best_swap_00_2,042ab349c7c26330,hard_positive_neighbor_00,9064,-2.9803835513759807,-2.4952903179423283,0.01952864228978693,0
1930,426125,6,0.5,initial,10,failed_best_swap_00_3,4ad89d7910cc29c6,hard_positive_neighbor_00,9064,-2.0113177031387752,-1.9818373159078861,0.021036673788468196,0
1931,426125,6,0.5,initial,11,failed_best_swap_01_1,d2c66609eb31d82d,continuation_swap_03,9079,-3.6036994051657913,-3.6036994051657913,0.04149659175081491,0
1932,426125,6,0.5,initial,12,failed_best_swap_01_2,ce6a70655bff50c5,continuation_swap_03,9079,-4.347080671680434,-4.336201659991149,0.04447022257043054,0
1933,426125,6,0.5,initial,13,failed_best_swap_01_3,34edb80eb17e9dc3,continuation_swap_03,9079,-5.896680276489082,-5.505106239031187,0.0470781469605875,0
1934,426125,6,0.5,initial,14,power_top,ddc185ecbcf84e24,continuation_swap_03,9079,-41.96879014084385,-27.40208468947329,0.18957347132648308,0
1935,426125,6,0.5,initial,15,parent_normalized,067050bd15d7966c,hard_positive_neighbor_00,9064,3.365718898393371,3.548067296839084,0.018431740558737607,1
1936,426125,6,0.5,initial,16,ring_quadrant,22225583fe6d1978,continuation_swap_03,9079,-38.323945867396844,-27.43031568931704,0.18538338885954359,0
1937,426125,6,0.5,initial,17,mirrored_pair,9482b6d33490dc16,continuation_swap_03,9079,-35.634368762789194,-24.177689449663674,0.17061598693539493,0
1938,426125,6,0.5,initial,18,min_spacing_150,ba0135dcb21ceec8,hard_positive_neighbor_00,9064,-27.60837517319736,-20.098778074878307,0.1662188529671378,0
1939,426125,6,0.5,initial,19,edge_density,fe6407012f90f062,continuation_swap_03,9079,-31.234285289485765,-25.240825467733067,0.17319858813577216,0
1940,426125,6,0.5,initial,20,center_density,2df98fde9a78fc41,continuation_swap_03,9079,-29.826157117380298,-26.260182065025127,0.17983884808148404,0
1941,426125,6,0.5,initial,21,checker_balance,ebfefbd08c6a8174,continuation_swap_03,9079,-23.10451118168118,-21.065971726686055,0.09883976624919324,0
1942,426125,6,0.5,initial,22,hard_positive_neighbor_00,e9ad38715284c45f,continuation_swap_03,9079,-22.24394940764992,-15.714546151810643,0.09341617168003688,0
1943,426125,6,0.5,initial,23,hard_positive_swap_00,db9f1dc727bfe4c9,continuation_swap_03,9079,-18.166459262438366,-15.000826657807455,0.09524700525012572,0
1944,426125,6,0.5,alternating,0,three_frequency_guided_swap_00,47e944c8b2833526,best_initial_refined,624,-3.3302920546133885,-2.6548701422526273,0.018951666200052966,0
1945,426125,6,0.5,alternating,1,three_frequency_guided_swap_01,92542e1a3ef46912,best_initial_refined,624,-16.92507982627174,-16.279163563555322,0.04542764427175021,0
1946,426125,6,0.5,alternating,2,three_frequency_guided_swap_02,95557b39decacb72,best_initial_refined,624,-18.806064320759315,-18.806064320759315,0.05452132289197912,0
1947,426125,6,0.5,alternating,3,three_frequency_guided_swap_03,c39c19fd00f4322a,best_initial_refined,624,-18.288433575161363,-18.288433575161363,0.071179190248976,0
1948,426125,6,0.5,alternating,4,three_frequency_guided_swap_04,03149c37d60bc13b,best_initial_refined,624,0.1051868057591135,0.5282316132709054,0.018631832373815525,1
1949,426125,6,0.5,alternating,5,three_frequency_guided_swap_05,317ed7744d8ece47,best_initial_refined,624,0.09094316561588586,0.5460327468616335,0.024081839042917663,0
1950,426125,6,0.5,alternating,6,three_frequency_guided_swap_06,16b1df71befc58b1,best_initial_refined,624,-1.3658825814680045,-0.7338512342348207,0.029469983729360192,0
1951,426125,6,0.5,alternating,7,three_frequency_guided_swap_07,56cfc432d5eb3581,best_initial_refined,624,-16.77679658153677,-13.761713827080815,0.03442927453102729,0
1952,426125,6,0.6,initial,0,three_frequency_guided_swap_00,c6c521ce493182d3,parent_normalized,9025,1.5178864404764003,1.5178864404764003,0.029433083314658045,1
1953,426125,6,0.6,initial,1,three_frequency_guided_swap_01,f1004ecab75b67ad,parent_normalized,9025,-1.5878091646204984,-0.4519411364413043,0.03412689454490716,0
1954,426125,6,0.6,initial,2,three_frequency_guided_swap_02,6571b3a463b45d22,parent_normalized,9025,-17.115080061030362,-14.493584705531969,0.03842717788307411,0
1955,426125,6,0.6,initial,3,three_frequency_guided_swap_03,9d4f2ecf28141915,parent_normalized,9025,-17.140434335676172,-14.511324843535396,0.04244840812251923,0
1956,426125,6,0.6,initial,4,three_frequency_guided_swap_04,70e13cf2b50cda8d,parent_normalized,9025,-17.16715466347127,-14.573191833466863,0.05035451446781869,0
1957,426125,6,0.6,initial,5,three_frequency_guided_swap_05,16a3c510d08f0577,parent_normalized,9025,-16.88112674187498,-14.324631358033603,0.05810425069681203,0
1958,426125,6,0.6,initial,6,three_frequency_guided_swap_06,3afb6eafbd700495,parent_normalized,9025,-18.090795100013718,-14.786369852304695,0.0649350564033333,0
1959,426125,6,0.6,initial,7,three_frequency_guided_swap_07,baa5ecc7c86590b9,parent_normalized,9025,-17.32015452095974,-14.78210378340343,0.07058139986122332,0
1960,426125,6,0.6,initial,8,failed_best_swap_00_1,c8557a1023ddc0f7,parent_normalized,9025,-6.3650470708988705,-5.511743530839347,0.02338065556395263,0
1961,426125,6,0.6,initial,9,failed_best_swap_00_2,6ab6fc4ce91fd03d,parent_normalized,9025,-13.396503391693727,-13.396503391693727,0.025007505511080576,0
1962,426125,6,0.6,initial,10,failed_best_swap_00_3,643fd17b7ec575d8,parent_normalized,9025,-6.836503066998244,-6.836503066998244,0.02738305241266758,0
1963,426125,6,0.6,initial,11,failed_best_swap_01_1,edc17932e9f580fc,ratio_continuation_03,9046,1.4078232634886323,1.851766529185372,0.07923341490088916,0
1964,426125,6,0.6,initial,12,failed_best_swap_01_2,98732e692cea041f,ratio_continuation_03,9046,-1.7985328280867616,-1.4525622299769219,0.07897863318499981,0
1965,426125,6,0.6,initial,13,failed_best_swap_01_3,436fe96108417a85,ratio_continuation_03,9046,-3.7081114742133163,-3.7081114742133163,0.08000678505763142,0
1966,426125,6,0.6,initial,14,power_top,2489f86bd4436405,ratio_continuation_03,9046,-26.7515435814,-24.099258444916725,0.15421917611297675,0
1967,426125,6,0.6,initial,15,parent_normalized,9b00c1ea6c24f0e4,parent_normalized,9025,1.4453979295679664,1.4453979295679664,0.02422439015830959,0
1968,426125,6,0.6,initial,16,ring_quadrant,509255d56bbdc978,ratio_continuation_03,9046,-27.490151734678058,-24.584427013283822,0.15126059374288087,0
1969,426125,6,0.6,initial,17,mirrored_pair,84de4bb1e1b296d2,ratio_continuation_03,9046,-24.547250775220153,-23.189234351351637,0.14096422430816316,0
1970,426125,6,0.6,initial,18,spread_030,cea25fc678065934,ratio_continuation_03,9046,-26.739333406851586,-24.03390932645229,0.15421800023249285,0
1971,426125,6,0.6,initial,19,min_spacing_150,975feb15cc0a7afe,ratio_continuation_03,9046,-31.654501934934377,-27.264681941151615,0.1392129940786558,0
1972,426125,6,0.6,initial,20,edge_density,685937edd1171c16,ratio_continuation_03,9046,-32.68618113349669,-28.18998919815018,0.1449238045366225,0
1973,426125,6,0.6,initial,21,center_density,05866277ebff942a,ratio_continuation_03,9046,-26.916600314401613,-24.142164320481694,0.1492493608916757,0
1974,426125,6,0.6,initial,22,checker_balance,c184059d9e486a29,ratio_continuation_03,9046,-16.09646038440417,-14.128447365746426,0.11512536740197106,0
1975,426125,6,0.6,initial,23,hard_positive_neighbor_00,8ab3d6260033043b,ratio_continuation_03,9046,-25.005855632683364,-20.490939956817726,0.08831959766114561,0
1976,426125,6,0.6,alternating,0,three_frequency_guided_swap_00,2fdc90037312a064,best_initial_refined,633,-20.3900500058899,-19.97596024985836,0.061916829482051336,0
1977,426125,6,0.6,alternating,1,three_frequency_guided_swap_01,a931f2500df2592b,best_initial_refined,633,-20.504655618265527,-20.005718952797288,0.06588472553892982,0
1978,426125,6,0.6,alternating,2,three_frequency_guided_swap_02,dd6976a052a5265e,best_initial_refined,633,-21.603830290191375,-21.603830290191375,0.0696415344643487,0
1979,426125,6,0.6,alternating,3,three_frequency_guided_swap_03,cce7f40ea6760580,best_initial_refined,633,-21.26827705578269,-21.26827705578269,0.07691490258124005,0
1980,426125,6,0.6,alternating,4,three_frequency_guided_swap_04,dca931340d4216fb,best_initial_refined,633,-21.511583061605496,-21.511583061605496,0.08370536108815989,0
1981,426125,6,0.6,alternating,5,three_frequency_guided_swap_05,6016a2f0a50cb11d,best_initial_refined,633,-21.43039571499251,-21.43039571499251,0.08942737881754494,0
1982,426125,6,0.6,alternating,6,three_frequency_guided_swap_06,5e40b3a7ec741df6,best_initial_refined,633,-21.29851869601087,-21.29851869601087,0.0945857382808279,0
1983,426125,6,0.6,alternating,7,three_frequency_guided_swap_07,6ecf79c14e6728c1,best_initial_refined,633,-20.255160958550245,-19.957876556071756,0.05736343055365096,1
1984,426125,6,0.7,initial,0,three_frequency_guided_swap_00,f15858db3a1451b3,E2_active_rl_guided_mask_rescue,688,1.549100413537205,1.9894068044160753,0.03019466332362977,0
1985,426125,6,0.7,initial,1,three_frequency_guided_swap_01,f756e60ddc91f234,E2_active_rl_guided_mask_rescue,688,-3.347229463271132,-2.460454674839942,0.03422225792501355,0
1986,426125,6,0.7,initial,2,three_frequency_guided_swap_02,eb87ba7c735411a9,E2_active_rl_guided_mask_rescue,688,-3.2815300629208517,-2.402292264128603,0.038127586483419726,0
1987,426125,6,0.7,initial,3,three_frequency_guided_swap_03,adfe8a6f867d1891,E2_active_rl_guided_mask_rescue,688,-3.223079770736338,-2.3442251183659994,0.041621143015222725,0
1988,426125,6,0.7,initial,4,three_frequency_guided_swap_04,7714ec43569a8040,E2_active_rl_guided_mask_rescue,688,-4.349067190430709,-3.638480410114291,0.04732655444293434,0
1989,426125,6,0.7,initial,5,three_frequency_guided_swap_05,a04f8c06cb3da739,E2_active_rl_guided_mask_rescue,689,-3.5117062216510764,-2.7298490401955404,0.05190673492150195,0
1990,426125,6,0.7,initial,6,three_frequency_guided_swap_06,2b0327744d5e3c28,E2_active_rl_guided_mask_rescue,689,-6.152017313398832,-6.152017313398832,0.05569635208527216,0
1991,426125,6,0.7,initial,7,three_frequency_guided_swap_07,52948bfc6d59169c,E2_active_rl_guided_mask_rescue,689,-22.972249759393378,-21.631600671072626,0.059262826977367886,0
1992,426125,6,0.7,initial,8,failed_best_swap_00_1,0767eb065bbdcc68,E2_active_rl_guided_mask_rescue,688,-1.7139151071217391,-0.6538396923442603,0.026633704473408706,0
1993,426125,6,0.7,initial,9,failed_best_swap_00_2,e5b037841bb9b7d5,E2_active_rl_guided_mask_rescue,688,-4.61717599154001,-3.6026133645639473,0.026054111101225214,0
1994,426125,6,0.7,initial,10,failed_best_swap_00_3,f7d3902eb3b46970,E2_active_rl_guided_mask_rescue,688,-8.361262364677097,-8.361262364677097,0.028352471983182942,0
1995,426125,6,0.7,initial,11,failed_best_swap_01_1,fd9377b569d19ce3,E2_active_rl_guided_mask_rescue,689,-18.17014065687513,-16.92404464066564,0.030063379378822207,0
1996,426125,6,0.7,initial,12,failed_best_swap_01_2,175d9ee255cfaebd,E2_active_rl_guided_mask_rescue,689,-22.77993048826449,-21.25712841306999,0.027186924924291516,0
1997,426125,6,0.7,initial,13,failed_best_swap_01_3,b88e42aa5776e854,E2_active_rl_guided_mask_rescue,689,0.10571080966357294,0.3214115349574758,0.030041155005843596,0
1998,426125,6,0.7,initial,14,power_top,6b4263cc2e794a56,E2_active_rl_guided_mask_rescue,689,-29.907327275760174,-29.738617516829486,0.11157746496614285,0
1999,426125,6,0.7,initial,15,parent_normalized,0acdde1086e46225,E2_active_rl_guided_mask_rescue,688,2.3789426888763714,2.4300350804170017,0.025883400395477464,1
2000,426125,6,0.7,initial,16,ring_quadrant,5c2ce848d67f7d6f,E2_active_rl_guided_mask_rescue,689,-35.45879842279361,-35.45879842279361,0.10986863221532063,0
2001,426125,6,0.7,initial,17,mirrored_pair,278b6b153d9cdb94,E2_active_rl_guided_mask_rescue,689,-40.06263755133237,-40.06263755133237,0.1002214081467907,0
2002,426125,6,0.7,initial,18,min_spacing_150,d0da11108647196e,E2_active_rl_guided_mask_rescue,688,-23.682090499416958,-21.065675809837686,0.09668765166998618,0
2003,426125,6,0.7,initial,19,edge_density,cc81f7ddd202b18a,E2_active_rl_guided_mask_rescue,688,-22.74405854320246,-20.244549162410227,0.09951955422331708,0
2004,426125,6,0.7,initial,20,center_density,a64aca577f6a2bea,E2_active_rl_guided_mask_rescue,689,-31.80831621256837,-31.80831621256837,0.10748199695477166,0
2005,426125,6,0.7,initial,21,checker_balance,7252b98383ddf167,E2_active_rl_guided_mask_rescue,689,-31.464571494902774,-31.373966557963584,0.08611014938658107,0
2006,426125,6,0.7,initial,22,hard_positive_neighbor_00,ad833b509b429c25,E2_active_rl_guided_mask_rescue,688,-32.373714633796425,-32.373714633796425,0.06067703506750079,0
2007,426125,6,0.7,initial,23,hard_positive_swap_00,26eec557f59f83fa,E2_active_rl_guided_mask_rescue,688,-31.053596839654006,-31.053596839654006,0.056822713701622035,0
2008,426125,6,0.7,alternating,0,three_frequency_guided_swap_00,1058ec21e66d3a90,best_initial_refined,644,-2.1506882715486983,-2.1506882715486983,0.023493219794675526,0
2009,426125,6,0.7,alternating,1,three_frequency_guided_swap_01,dfb0dc96edc4b743,best_initial_refined,644,-1.6649638645192046,-1.6649638645192046,0.027620343979465507,1
2010,426125,6,0.7,alternating,2,three_frequency_guided_swap_02,5d71d900fabb13f8,best_initial_refined,644,-9.28837569322107,-8.015170690911992,0.042129229247727266,0
2011,426125,6,0.7,alternating,3,three_frequency_guided_swap_03,09b12ae25cedaf08,best_initial_refined,644,-9.007684815487279,-7.812385032980619,0.04638909760472643,0
2012,426125,6,0.7,alternating,4,three_frequency_guided_swap_04,d5936b3b99945b50,best_initial_refined,644,-30.71764836555014,-23.823673480768022,0.05040472616174405,0
2013,426125,6,0.7,alternating,5,three_frequency_guided_swap_05,6b0474d512ccdd49,best_initial_refined,644,-2.2098686138135846,-2.2098686138135846,0.01895629972292047,0
2014,426125,6,0.7,alternating,6,three_frequency_guided_swap_06,5b5a56c9cb78a46a,best_initial_refined,644,-1.7733107063816855,-1.7733107063816855,0.02308342390771045,0
2015,426125,6,0.7,alternating,7,three_frequency_guided_swap_07,7323ad78862313de,best_initial_refined,644,-1.7504908557814172,-1.7504908557814172,0.026647197608486675,0
2016,426125,6,0.8,initial,0,three_frequency_guided_swap_00,12c43648d0ede5b1,ring_quadrant,8962,1.8900024903266919,1.9009969452199136,0.03821327213591715,0
2017,426125,6,0.8,initial,1,three_frequency_guided_swap_01,1a968e3ee3690e9f,ring_quadrant,8962,-12.657511163634393,-11.017988565630185,0.04165488849916766,0
2018,426125,6,0.8,initial,2,three_frequency_guided_swap_02,d0ce0e661dbd79d5,ring_quadrant,8962,-13.712685693687064,-13.712685693687064,0.044223902959499926,0
2019,426125,6,0.8,initial,3,three_frequency_guided_swap_03,450bc79fe6a31554,ring_quadrant,8962,-13.877598068785002,-13.877598068785002,0.04620110026460937,0
2020,426125,6,0.8,initial,4,three_frequency_guided_swap_04,6e385ec1d1075d9d,ring_quadrant,8962,-13.971374327653976,-13.971374327653976,0.04990433259199076,0
2021,426125,6,0.8,initial,5,three_frequency_guided_swap_05,7436fc5307c40bf0,ring_quadrant,8962,-24.46233661722808,-20.13138611744516,0.053253988824435196,0
2022,426125,6,0.8,initial,6,three_frequency_guided_swap_06,779dc8b3de7a6265,ring_quadrant,8962,-23.75022424508763,-20.21717446422679,0.056163582477893714,0
2023,426125,6,0.8,initial,7,three_frequency_guided_swap_07,f2a3f17f3de920a3,ring_quadrant,8962,-22.96340687791818,-19.547724505718243,0.05879454015883381,0
2024,426125,6,0.8,initial,8,failed_best_swap_00_1,4a2d8632e2f1e4ff,ring_quadrant,8962,-7.600449510841468,-4.574987865808108,0.03529705605543147,0
2025,426125,6,0.8,initial,9,failed_best_swap_00_2,2621ab3cd7e812f9,ring_quadrant,8962,-2.518559665017995,-1.3857500251257517,0.03386679613232601,0
2026,426125,6,0.8,initial,10,failed_best_swap_00_3,82055857fe07f7e0,ring_quadrant,8962,-2.012852205163412,-1.636980065950415,0.03428089109802231,0
2027,426125,6,0.8,initial,11,failed_best_swap_01_1,fa9eda62fc8435a3,hard_positive_neighbor_01,8970,-1.6311741749027302,-0.8501957186891733,0.04597648658132012,0
2028,426125,6,0.8,initial,12,failed_best_swap_01_2,8a90178264681493,hard_positive_neighbor_01,8970,-3.954313032055129,-3.5030516547116566,0.04577393800913663,0
2029,426125,6,0.8,initial,13,failed_best_swap_01_3,db6bf54df1d7df8c,hard_positive_neighbor_01,8970,-23.933500889277035,-19.240938009595897,0.04763767976757674,0
2030,426125,6,0.8,initial,14,power_top,1180c38bb4322276,hard_positive_neighbor_01,8970,-31.851083054254765,-24.500599393315518,0.08321268464173749,0
2031,426125,6,0.8,initial,15,parent_normalized,dbfc477a636c645a,ring_quadrant,8962,2.319584715873006,3.916343669661021,0.03434400740091099,1
2032,426125,6,0.8,initial,16,ring_quadrant,c58b0c327105b3d9,ring_quadrant,8962,-28.80760917022114,-23.47295864641286,0.0803455757679093,0
2033,426125,6,0.8,initial,17,mirrored_pair,8138f1475ba65ecc,hard_positive_neighbor_01,8970,-24.67679739969367,-22.237345394639437,0.07563188171404006,0
2034,426125,6,0.8,initial,18,min_spacing_150,e478206f5e22b097,hard_positive_neighbor_01,8970,-36.141831588098285,-25.390912828943545,0.07095739725280464,0
2035,426125,6,0.8,initial,19,edge_density,c4d6ac4d1fff19b2,hard_positive_neighbor_01,8970,-37.18247756933721,-26.466125680800985,0.07291011472151755,0
2036,426125,6,0.8,initial,20,center_density,8210b8b66b0fc06a,hard_positive_neighbor_01,8970,-23.602888131180517,-18.832980645977486,0.08086641779026946,0
2037,426125,6,0.8,initial,21,checker_balance,967a145e465220c2,hard_positive_neighbor_01,8970,-25.604694061372648,-22.537159128939987,0.07049789891750029,0
2038,426125,6,0.8,initial,22,hard_positive_neighbor_00,d76a78a0fa00df80,hard_positive_neighbor_01,8970,-30.95083664297096,-21.72836663502061,0.06899825820000743,0
2039,426125,6,0.8,initial,23,hard_positive_swap_00,70ff7971a2249a47,hard_positive_neighbor_01,8970,-26.811095700186517,-22.72110158118949,0.06715785894176987,0
2040,426125,6,0.8,alternating,0,three_frequency_guided_swap_00,d8ebf56e48f52fdb,best_initial_refined,653,0.10301984390194127,0.3713786120527045,0.04381035624727266,1
2041,426125,6,0.8,alternating,1,three_frequency_guided_swap_01,04a39a7a8303f57b,best_initial_refined,653,-13.423692205691447,-11.752839370596037,0.05187994024152477,0
2042,426125,6,0.8,alternating,2,three_frequency_guided_swap_02,7e95364e40e86f85,best_initial_refined,653,-24.977411313065776,-21.219755433947128,0.06171590094718709,0
2043,426125,6,0.8,alternating,3,three_frequency_guided_swap_03,f883febfde701fdb,best_initial_refined,653,-26.33803289113038,-22.549109646543567,0.06425173453600508,0
2044,426125,6,0.8,alternating,4,three_frequency_guided_swap_04,970833de63e2188e,best_initial_refined,653,-13.369411349900647,-11.45083456540484,0.04342300968641669,0
2045,426125,6,0.8,alternating,5,three_frequency_guided_swap_05,2c337e358180b47e,best_initial_refined,653,-13.34779447119457,-11.547259426421395,0.04600400066317611,0
2046,426125,6,0.8,alternating,6,three_frequency_guided_swap_06,fa862cfdbd3903fc,best_initial_refined,653,-13.350553621880017,-11.488648496309096,0.04803336858512488,0
2047,426125,6,0.8,alternating,7,three_frequency_guided_swap_07,c77be78822c759f5,best_initial_refined,653,-13.297001616773494,-11.457473853513033,0.049965127050618445,0
2048,426124,6,0.5,initial,0,three_frequency_guided_swap_00,53d0bd9df656b29b,adversarial_multi_corner_refinement,8938,2.8351267033127354,3.8358390626208285,0.014758327169174303,0
2049,426124,6,0.5,initial,1,three_frequency_guided_swap_01,442c70d7a50de36a,adversarial_multi_corner_refinement,8938,0.9217331342203278,0.9217331342203278,0.02077164848740152,0
2050,426124,6,0.5,initial,2,three_frequency_guided_swap_02,c6a62ed37f3c1c82,adversarial_multi_corner_refinement,8938,0.8268533952952571,0.8268533952952571,0.026099547868908703,0
2051,426124,6,0.5,initial,3,three_frequency_guided_swap_03,6b8bd36955ce1c21,adversarial_multi_corner_refinement,8938,-0.936427766453515,0.8100546164549505,0.031004448958433815,0
2052,426124,6,0.5,initial,4,three_frequency_guided_swap_04,70c5053d2d490ab2,adversarial_multi_corner_refinement,8938,-1.409340399219958,-0.32121747162128533,0.03991338509073825,0
2053,426124,6,0.5,initial,5,three_frequency_guided_swap_05,3984b948e2627bae,E2_active_rl_guided_mask_rescue,643,-30.801317448537503,-30.801317448537503,0.04857292834752083,0
2054,426124,6,0.5,initial,6,three_frequency_guided_swap_06,a5e7eeb4c94184ae,E2_active_rl_guided_mask_rescue,643,-30.547090517207458,-30.547090517207458,0.0565947551388903,0
2055,426124,6,0.5,initial,7,three_frequency_guided_swap_07,37fd111df1c11930,E2_active_rl_guided_mask_rescue,643,-30.122415167983196,-30.122415167983196,0.06436523101012342,0
2056,426124,6,0.5,initial,8,failed_best_swap_00_1,188fa8067aee2b89,adversarial_multi_corner_refinement,8938,2.7749560551466255,3.8718499521650345,0.012853841708426229,0
2057,426124,6,0.5,initial,9,failed_best_swap_00_2,f8fee8933f504ad0,adversarial_multi_corner_refinement,8938,-3.8689578557627207,-3.155023677345211,0.009465917435526359,0
2058,426124,6,0.5,initial,10,failed_best_swap_00_3,ccdd4b2ad8155889,adversarial_multi_corner_refinement,8938,-6.9242426043365874,-4.781585032551062,0.00994513106095899,0
2059,426124,6,0.5,initial,11,failed_best_swap_01_1,66ff554282b0b128,E2_active_rl_guided_mask_rescue,643,-10.99972756390484,-10.99972756390484,0.0252455008130898,0
2060,426124,6,0.5,initial,12,failed_best_swap_01_2,58e216dd662dc480,E2_active_rl_guided_mask_rescue,643,-19.938884346082755,-18.01688838924454,0.021426389494873254,0
2061,426124,6,0.5,initial,13,failed_best_swap_01_3,ab632e70b9935a95,E2_active_rl_guided_mask_rescue,643,-4.3388865298081205,-4.20887102168283,0.027698526481167166,0
2062,426124,6,0.5,initial,14,power_top,3b5f725f57919514,E2_active_rl_guided_mask_rescue,643,-18.69456589674244,-18.49989444645591,0.1789766570759762,0
2063,426124,6,0.5,initial,15,parent_normalized,ffa3280306edc553,adversarial_multi_corner_refinement,8938,4.042567185312,5.48092471935346,0.008350324780107016,1
2064,426124,6,0.5,initial,16,ring_quadrant,16fe98c5e46a1bb8,E2_active_rl_guided_mask_rescue,643,-16.465849240826692,-13.335854573914041,0.17345937510343884,0
2065,426124,6,0.5,initial,17,mirrored_pair,ce3c5c9884419752,E2_active_rl_guided_mask_rescue,643,-15.283060152191508,-15.109469925695942,0.16141392976029761,0
2066,426124,6,0.5,initial,18,min_spacing_150,c59b1d051eb998c6,E2_active_rl_guided_mask_rescue,643,-21.93544512701888,-17.950884316258918,0.1572528148469451,0
2067,426124,6,0.5,initial,19,edge_density,102c50786a9fc05a,E2_active_rl_guided_mask_rescue,643,-20.72275888997858,-18.09096170723688,0.160152522408737,0
2068,426124,6,0.5,initial,20,center_density,6a9a5980fbed307b,E2_active_rl_guided_mask_rescue,643,-25.62289345684006,-19.989885359621383,0.17003290615877995,0
2069,426124,6,0.5,initial,21,checker_balance,ebfefbd08c6a8174,adversarial_multi_corner_refinement,8938,-14.404405800403142,-14.379125875778843,0.09339406192991156,0
2070,426124,6,0.5,initial,22,hard_positive_neighbor_00,e9ad38715284c45f,E2_active_rl_guided_mask_rescue,643,-21.701175733822048,-20.305988854584903,0.08333937976990588,0
2071,426124,6,0.5,initial,23,hard_positive_swap_00,f05cacc70f5ea0bf,E2_active_rl_guided_mask_rescue,643,-23.807095497276283,-21.15292468347933,0.08099927109651746,0
2072,426124,6,0.5,alternating,0,three_frequency_guided_swap_00,68f8df70832615a6,best_initial_refined,663,-4.586191489193366,-4.202532990632008,0.07206744926536719,0
2073,426124,6,0.5,alternating,1,three_frequency_guided_swap_01,5e8063216ead437c,best_initial_refined,663,-5.114654386374581,-4.766972431791674,0.08770420842712759,0
2074,426124,6,0.5,alternating,2,three_frequency_guided_swap_02,6a210208639520c4,best_initial_refined,663,-4.7923013211898295,-4.526368203620247,0.09495865913646699,0
2075,426124,6,0.5,alternating,3,three_frequency_guided_swap_03,3e1c5dd7ecc987d4,best_initial_refined,663,1.4748580701337386,1.5278389006412092,0.04703118269901577,1
2076,426124,6,0.5,alternating,4,three_frequency_guided_swap_04,bbde8be02da679c5,best_initial_refined,663,0.4898799987600841,0.5921257272182658,0.05218617002901578,0
2077,426124,6,0.5,alternating,5,three_frequency_guided_swap_05,dcdf210f7e070835,best_initial_refined,663,-1.7042085014103356,0.5794398517990863,0.056844578004727704,0
2078,426124,6,0.5,alternating,6,three_frequency_guided_swap_06,bdcc85c3f9fa799d,best_initial_refined,663,-4.4229046702143755,-4.0919318789829076,0.06121800546561634,0
2079,426124,6,0.5,alternating,7,three_frequency_guided_swap_07,6ae207de42de46e3,best_initial_refined,663,-4.509794453064627,-4.129501122986141,0.06946728180414602,0
2080,426124,6,0.6,initial,0,three_frequency_guided_swap_00,1f523d83cda4d108,adversarial_multi_corner_refinement,8908,4.8348820623589335,6.295540045961349,0.0288032477927377,0
2081,426124,6,0.6,initial,1,three_frequency_guided_swap_01,31fe262c75277697,adversarial_multi_corner_refinement,8908,4.395795780077615,4.395795780077615,0.03372063403478159,0
2082,426124,6,0.6,initial,2,three_frequency_guided_swap_02,351ba1ad3fb53b57,adversarial_multi_corner_refinement,8908,4.06091250801763,4.315807091467103,0.038162257619720884,0
2083,426124,6,0.6,initial,3,three_frequency_guided_swap_03,225dab5573b1d098,adversarial_multi_corner_refinement,8908,-3.485870379261188,-3.485870379261188,0.042446498242948445,0
2084,426124,6,0.6,initial,4,three_frequency_guided_swap_04,935c4d8a46c7c886,adversarial_multi_corner_refinement,8908,-3.4926967795191337,-3.4926967795191337,0.04953993608582359,0
2085,426124,6,0.6,initial,5,three_frequency_guided_swap_05,e007e13800263390,adversarial_multi_corner_refinement,8908,-1.9470831056669577,-1.9470831056669577,0.05615271793439254,0
2086,426124,6,0.6,initial,6,three_frequency_guided_swap_06,2f0007c4e6876702,E2_active_rl_guided_mask_rescue,649,-4.369717778730527,-4.369717778730527,0.06194776645811724,0
2087,426124,6,0.6,initial,7,three_frequency_guided_swap_07,f12de6845e850269,E2_active_rl_guided_mask_rescue,649,-3.9289159466397665,-3.5205750758077325,0.06724420875703624,0
2088,426124,6,0.6,initial,8,failed_best_swap_00_1,06a91a8a74fab840,adversarial_multi_corner_refinement,8908,-3.787967661761242,-2.217504409231623,0.02504253814936242,0
2089,426124,6,0.6,initial,9,failed_best_swap_00_2,c00ef389f74ad86c,adversarial_multi_corner_refinement,8908,-1.6010281522629253,-1.6010281522629253,0.024439439269238864,0
2090,426124,6,0.6,initial,10,failed_best_swap_00_3,5a93ef31a8942dcb,adversarial_multi_corner_refinement,8908,-7.227207110210566,-5.722265683006164,0.027252759931989237,0
2091,426124,6,0.6,initial,11,failed_best_swap_01_1,4633ba6ca8e7e93c,E2_active_rl_guided_mask_rescue,649,-1.8923117902935924,-1.1784224058015138,0.03178725972518234,0
2092,426124,6,0.6,initial,12,failed_best_swap_01_2,bfc3275e9bde18c0,E2_active_rl_guided_mask_rescue,649,-3.1211952735051103,-1.200798437454289,0.0341001196648517,0
2093,426124,6,0.6,initial,13,failed_best_swap_01_3,e8a61b57d6612ed3,E2_active_rl_guided_mask_rescue,649,-1.4594874128744646,-1.3177823255164303,0.034554207998309425,0
2094,426124,6,0.6,initial,14,power_top,5a1905207ae8c238,E2_active_rl_guided_mask_rescue,649,-22.35146985411141,-18.553475431945735,0.15066911249240325,0
2095,426124,6,0.6,initial,15,parent_normalized,32c32ab6d530f513,adversarial_multi_corner_refinement,8908,6.247590407361445,6.334693228582915,0.023606336357497253,1
2096,426124,6,0.6,initial,16,ring_quadrant,152d02dbd5ff2447,E2_active_rl_guided_mask_rescue,649,-25.34439223548044,-20.612158782404983,0.14747071705249234,0
2097,426124,6,0.6,initial,17,mirrored_pair,455bb6952e7410aa,E2_active_rl_guided_mask_rescue,649,-18.900705204322705,-18.900705204322705,0.13512119799751424,0
2098,426124,6,0.6,initial,18,min_spacing_150,390d9de925698d06,E2_active_rl_guided_mask_rescue,649,-26.721024879002396,-22.825056035557086,0.1390636716580078,0
2099,426124,6,0.6,initial,19,edge_density,976bd11bda0ab6da,E2_active_rl_guided_mask_rescue,649,-28.26514921529955,-22.814224815034972,0.14377392879637454,0
2100,426124,6,0.6,initial,20,center_density,5812e83c2c2b22f3,E2_active_rl_guided_mask_rescue,649,-31.21070009546674,-29.7073485343566,0.1414770774155486,0
2101,426124,6,0.6,initial,21,checker_balance,d3e57ca3e07a03f3,E2_active_rl_guided_mask_rescue,649,-30.211115323730144,-30.211115323730144,0.10420573913829306,0
2102,426124,6,0.6,initial,22,hard_positive_neighbor_00,8ab3d6260033043b,adversarial_multi_corner_refinement,8908,-19.905695798439382,-19.86615352426756,0.08452475418654312,0
2103,426124,6,0.6,initial,23,hard_positive_swap_00,4853b02fb925cb68,adversarial_multi_corner_refinement,8908,-20.11801212603174,-20.044731698865025,0.08375277688860046,0
2104,426124,6,0.6,alternating,0,three_frequency_guided_swap_00,57bc8b9e5ff0af2a,best_initial_refined,673,-5.480038140240396,-4.613499162842077,0.05788588655310603,0
2105,426124,6,0.6,alternating,1,three_frequency_guided_swap_01,14874f6933d59d63,best_initial_refined,673,-4.834060589367425,-3.3154898014298384,0.08082234000515835,0
2106,426124,6,0.6,alternating,2,three_frequency_guided_swap_02,415ff7572e99e672,best_initial_refined,673,-5.259153429395258,-5.175387856075009,0.08590493523817243,0
2107,426124,6,0.6,alternating,3,three_frequency_guided_swap_03,8fe1947ae02b3ab2,best_initial_refined,673,-5.340116949205381,-4.451942953960334,0.048449039723797896,0
2108,426124,6,0.6,alternating,4,three_frequency_guided_swap_04,d37489107b3071ea,best_initial_refined,673,-4.04722988124375,-3.269014563920986,0.05274918034165066,0
2109,426124,6,0.6,alternating,5,three_frequency_guided_swap_05,8abd5239156d77f5,best_initial_refined,673,-3.516173197612485,-2.6980330203141567,0.05692315181989213,0
2110,426124,6,0.6,alternating,6,three_frequency_guided_swap_06,18da35c579f76055,best_initial_refined,673,-3.481624340235646,-2.6971411146152753,0.06041328437578794,0
2111,426124,6,0.6,alternating,7,three_frequency_guided_swap_07,34e86a8d2b82c283,best_initial_refined,673,-3.392323375219865,-2.534421038863486,0.06701251912519339,1
2112,426124,6,0.7,initial,0,three_frequency_guided_swap_00,5503ca8545cb092b,E2_active_rl_guided_mask_rescue,656,5.262600132574718,6.166213199155375,0.0271842069984266,0
2113,426124,6,0.7,initial,1,three_frequency_guided_swap_01,757f1aceb006e3ae,E2_active_rl_guided_mask_rescue,656,3.4099806403873325,3.4099806403873325,0.03166411901499559,0
2114,426124,6,0.7,initial,2,three_frequency_guided_swap_02,90ef7ec9116530a1,E2_active_rl_guided_mask_rescue,656,1.328805876974598,1.3473290834272182,0.03546454968618718,0
2115,426124,6,0.7,initial,3,three_frequency_guided_swap_03,19f7a601916a7aeb,E2_active_rl_guided_mask_rescue,656,-2.779294552245943,-2.2331114357368786,0.03861812827923655,0
2116,426124,6,0.7,initial,4,three_frequency_guided_swap_04,ac525edfce431ce8,E2_active_rl_guided_mask_rescue,656,-2.354777648105985,-2.059603667480672,0.04427270124149445,0
2117,426124,6,0.7,initial,5,three_frequency_guided_swap_05,12db9479dfb97314,E2_active_rl_guided_mask_rescue,656,-3.1743249866506535,-2.9998380583915503,0.04913538645683738,0
2118,426124,6,0.7,initial,6,three_frequency_guided_swap_06,4f4a2d9ee87eb7ed,E2_active_rl_guided_mask_rescue,656,-3.274672956410305,-3.0779649863070047,0.052879081426264136,0
2119,426124,6,0.7,initial,7,three_frequency_guided_swap_07,b9a3e4bbb6359304,E2_active_rl_guided_mask_rescue,656,-2.465430806958053,-2.312150011102983,0.056344223652267864,0
2120,426124,6,0.7,initial,8,failed_best_swap_00_1,69b183d326ea3292,adversarial_multi_corner_refinement,8876,1.0649380378145155,1.0649380378145155,0.023423754961505987,0
2121,426124,6,0.7,initial,9,failed_best_swap_00_2,c2b37fe7e6038c9f,adversarial_multi_corner_refinement,8876,-2.8115470900745265,-2.7929256015354573,0.023848472361768507,0
2122,426124,6,0.7,initial,10,failed_best_swap_00_3,83bedbd9b187edf5,adversarial_multi_corner_refinement,8876,-5.041590760778359,-3.8741897126420977,0.024589246206663945,0
2123,426124,6,0.7,initial,11,failed_best_swap_01_1,c584e6c1c68ea3d7,E2_active_rl_guided_mask_rescue,656,-4.759782368165887,-3.9483340810501364,0.027425984601894837,0
2124,426124,6,0.7,initial,12,failed_best_swap_01_2,0f701ed3f53cd33d,E2_active_rl_guided_mask_rescue,656,-3.3429383318399717,-2.2180295980984917,0.02849274223698635,0
2125,426124,6,0.7,initial,13,failed_best_swap_01_3,fa7bf7749fa78623,E2_active_rl_guided_mask_rescue,656,-11.736984087778657,-11.736984087778657,0.029423031169388728,0
2126,426124,6,0.7,initial,14,power_top,c3acb5a8e4448602,E2_active_rl_guided_mask_rescue,656,-39.77177333074684,-25.519254841555007,0.11113562452579381,0
2127,426124,6,0.7,initial,15,parent_normalized,bd7876c41dd535d6,adversarial_multi_corner_refinement,8876,5.727303212446527,6.699167605854804,0.022629478193087117,1
2128,426124,6,0.7,initial,16,ring_quadrant,da056efdae49292c,E2_active_rl_guided_mask_rescue,656,-28.333454626558407,-24.5291031976674,0.1083678307223274,0
2129,426124,6,0.7,initial,17,mirrored_pair,2cf4664a1c8eb0fa,E2_active_rl_guided_mask_rescue,656,-38.491173057838516,-38.4034928188232,0.09923214332258842,0
2130,426124,6,0.7,initial,18,min_spacing_150,40d861c3af78f8ab,E2_active_rl_guided_mask_rescue,656,-25.37624341089769,-20.89500820183872,0.09640689702273691,0
2131,426124,6,0.7,initial,19,edge_density,0e210c44b7d6c215,E2_active_rl_guided_mask_rescue,656,-28.566218059209547,-24.230859911207876,0.10109456829705162,0
2132,426124,6,0.7,initial,20,center_density,b1498efe888263fc,E2_active_rl_guided_mask_rescue,656,-33.634986344696316,-33.634986344696316,0.10549087298896383,0
2133,426124,6,0.7,initial,21,checker_balance,11c10f6c56af8736,adversarial_multi_corner_refinement,8876,-20.897247918482357,-17.997479958696506,0.08246990656103456,0
2134,426124,6,0.7,initial,22,hard_positive_neighbor_00,ad833b509b429c25,E2_active_rl_guided_mask_rescue,656,-21.122657970246813,-21.122657970246813,0.06311171775816656,0
2135,426124,6,0.7,initial,23,hard_positive_swap_00,92cbbc6854e170db,E2_active_rl_guided_mask_rescue,656,-16.62591471543956,-16.390007650490542,0.06380976414217175,0
2136,426124,6,0.7,alternating,0,three_frequency_guided_swap_00,b7292e766b9344a8,best_initial_refined,680,0.7011082342954578,2.0961798159003115,0.05902171000348145,0
2137,426124,6,0.7,alternating,1,three_frequency_guided_swap_01,f526d58dcd6c21c7,best_initial_refined,680,0.6518058143726861,0.6935629781674673,0.06693769599699437,0
2138,426124,6,0.7,alternating,2,three_frequency_guided_swap_02,49df4e59191c88e9,best_initial_refined,680,-4.053827972022435,-4.003402469014077,0.07522823564772534,0
2139,426124,6,0.7,alternating,3,three_frequency_guided_swap_03,dd593e6964d7a1af,best_initial_refined,680,-4.289578006362022,-4.289578006362022,0.07989745652889213,0
2140,426124,6,0.7,alternating,4,three_frequency_guided_swap_04,ce9f2fc8b9491d57,best_initial_refined,680,-4.380362645527546,-4.380362645527546,0.08342412964423157,0
2141,426124,6,0.7,alternating,5,three_frequency_guided_swap_05,64bd6ad1253e4046,best_initial_refined,680,0.7542056020883969,2.1609384585580664,0.05880850424811539,1
2142,426124,6,0.7,alternating,6,three_frequency_guided_swap_06,52a68e7b1d44bc74,best_initial_refined,680,0.6855841521160154,0.6855841521160154,0.06250764692257617,0
2143,426124,6,0.7,alternating,7,three_frequency_guided_swap_07,a4215ec1596fb352,best_initial_refined,680,-4.052800018427335,-4.031149727262264,0.06547074179828577,0
2144,426124,6,0.8,initial,0,three_frequency_guided_swap_00,6bae39b7008cc68e,adversarial_multi_corner_refinement,8853,0.9851813068832876,0.9851813068832876,0.029154806514262596,0
2145,426124,6,0.8,initial,1,three_frequency_guided_swap_01,8791ee4947aa3904,adversarial_multi_corner_refinement,8853,-0.4909894143966528,0.6938171212407095,0.03172560019711869,0
2146,426124,6,0.8,initial,2,three_frequency_guided_swap_02,3e890a3e9194e3b3,adversarial_multi_corner_refinement,8853,-0.5421772276591218,-0.5421772276591218,0.03405145725761157,0
2147,426124,6,0.8,initial,3,three_frequency_guided_swap_03,d4bc154101b965cf,adversarial_multi_corner_refinement,8853,-0.7941195454672894,-0.7941195454672894,0.03622119983886924,0
2148,426124,6,0.8,initial,4,three_frequency_guided_swap_04,2cce852289744a4d,adversarial_multi_corner_refinement,8853,-2.2141759281803965,-2.2141759281803965,0.03980125396821149,0
2149,426124,6,0.8,initial,5,three_frequency_guided_swap_05,c7c6841726b3c784,adversarial_multi_corner_refinement,8853,-2.5125396659177035,-2.5125396659177035,0.04300288725095731,0
2150,426124,6,0.8,initial,6,three_frequency_guided_swap_06,ecd089dca2926436,adversarial_multi_corner_refinement,8853,-3.1174919199448423,-3.1174919199448423,0.04603857209469143,0
2151,426124,6,0.8,initial,7,three_frequency_guided_swap_07,4967e97a3bd12e65,adversarial_multi_corner_refinement,8853,-41.79170416670441,-31.706407054518856,0.048943683371368986,0
2152,426124,6,0.8,initial,8,failed_best_swap_00_1,53cc8a3d97854fde,adversarial_multi_corner_refinement,8853,-3.253390368431115,-3.253390368431115,0.025909882400255754,0
2153,426124,6,0.8,initial,9,failed_best_swap_00_2,474e26df2dc8ac01,adversarial_multi_corner_refinement,8853,-22.963581718823,-18.921955655707205,0.027066580353860628,0
2154,426124,6,0.8,initial,10,failed_best_swap_00_3,f60a0c4f072d7cd7,adversarial_multi_corner_refinement,8853,-2.68451873804581,-1.2505612355699014,0.027480220641544026,0
2155,426124,6,0.8,initial,11,failed_best_swap_01_1,61351e59e49e3756,E2_active_rl_guided_mask_rescue,671,-3.5659161442038085,-2.9688617921519884,0.03893285807697004,0
2156,426124,6,0.8,initial,12,failed_best_swap_01_2,df562b9edbcdd4c7,E2_active_rl_guided_mask_rescue,671,-6.586305408343768,-6.318475310782736,0.037282150590604045,0
2157,426124,6,0.8,initial,13,failed_best_swap_01_3,d7edcd12ab250dcd,E2_active_rl_guided_mask_rescue,671,-17.336355343860596,-16.09107808616755,0.037577085879136364,0
2158,426124,6,0.8,initial,14,power_top,069fac8c899ef866,E2_active_rl_guided_mask_rescue,671,-32.27871106536548,-27.546221260563115,0.0773983927020563,0
2159,426124,6,0.8,initial,15,parent_normalized,8e76f4149058dfa9,adversarial_multi_corner_refinement,8853,4.412437536888694,5.678989616891927,0.026089044432349617,1
2160,426124,6,0.8,initial,16,ring_quadrant,67c08fa940d38707,E2_active_rl_guided_mask_rescue,671,-42.19119870913392,-33.390608697453104,0.07485684328383103,0
2161,426124,6,0.8,initial,17,mirrored_pair,2884d8b62f8213a2,E2_active_rl_guided_mask_rescue,671,-44.12607559632753,-44.12607559632753,0.06961783954473356,0
2162,426124,6,0.8,initial,18,min_spacing_150,a302259b74b32c28,E2_active_rl_guided_mask_rescue,671,-30.16070372229187,-26.873330386069604,0.06663755172669732,0
2163,426124,6,0.8,initial,19,edge_density,292798e89089a0dd,E2_active_rl_guided_mask_rescue,671,-32.71411032414767,-27.323110593553128,0.06962727566848771,0
2164,426124,6,0.8,initial,20,center_density,54dc4f5e3d040063,E2_active_rl_guided_mask_rescue,671,-30.9636076896016,-22.87033260054016,0.07548765673303891,0
2165,426124,6,0.8,initial,21,checker_balance,47129b5b7bd99e0e,E2_active_rl_guided_mask_rescue,671,-27.20264040947186,-26.595831918993845,0.06444020758523296,0
2166,426124,6,0.8,initial,22,hard_positive_neighbor_00,d76a78a0fa00df80,adversarial_multi_corner_refinement,8853,-40.25496552276425,-32.81098415587418,0.05907824653974469,0
2167,426124,6,0.8,initial,23,hard_positive_swap_00,80a0b32947697c0d,adversarial_multi_corner_refinement,8853,-40.70163797268286,-32.826792276625525,0.06032346435902623,0
2168,426124,6,0.8,alternating,0,three_frequency_guided_swap_00,c37a8d5427c528ec,best_initial_refined,694,-2.1886090189219676,-1.2370285706991804,0.040334635598193606,0
2169,426124,6,0.8,alternating,1,three_frequency_guided_swap_01,5ce4a334617c757c,best_initial_refined,694,-2.9973636493531526,-2.819274781901007,0.04482663669411302,0
2170,426124,6,0.8,alternating,2,three_frequency_guided_swap_02,56f2346bc08b8c68,best_initial_refined,694,-4.042044267098625,-3.3273910402810456,0.048680555390136215,0
2171,426124,6,0.8,alternating,3,three_frequency_guided_swap_03,f1d38a09af87577b,best_initial_refined,694,-3.501696891043446,-3.2125961183876055,0.05208361865043929,0
2172,426124,6,0.8,alternating,4,three_frequency_guided_swap_04,6d77b03f64739d4d,best_initial_refined,694,-34.28165526142399,-23.988076088239584,0.05513487952587371,0
2173,426124,6,0.8,alternating,5,three_frequency_guided_swap_05,86ef557210487f6d,best_initial_refined,694,-30.07254385912607,-23.92818170229727,0.058076428957760357,0
2174,426124,6,0.8,alternating,6,three_frequency_guided_swap_06,759a5016e5dee84d,best_initial_refined,694,-0.6670187193049626,-0.6649855075686627,0.03708788907230897,1
2175,426124,6,0.8,alternating,7,three_frequency_guided_swap_07,eadd73a3ee3ed999,best_initial_refined,694,-2.1725048521451615,-0.7349557857088723,0.03941990713213631,0
2176,426126,6,0.5,initial,0,three_frequency_guided_swap_00,90d9bee1107f871d,adversarial_multi_corner_refinement,9210,-0.8480026330283702,1.4854664124477162,-0.0055918369062359615,0
2177,426126,6,0.5,initial,1,three_frequency_guided_swap_01,d201d353d20efb03,E2_active_rl_guided_mask_rescue,704,-1.0881053626455315,1.1843392935564763,0.0005220657416597201,0
2178,426126,6,0.5,initial,2,three_frequency_guided_swap_02,25b768f581e0a458,E2_active_rl_guided_mask_rescue,704,-0.971231619053843,1.241297522071317,0.006360337828040202,0
2179,426126,6,0.5,initial,3,three_frequency_guided_swap_03,1368213567c94f93,E2_active_rl_guided_mask_rescue,704,-0.9093883047129008,1.3307235152851402,0.011740575129016436,0
2180,426126,6,0.5,initial,4,three_frequency_guided_swap_04,53c836584cce3c42,E2_active_rl_guided_mask_rescue,704,-0.48365643188379237,0.8263877454468699,0.021823399691259546,0
2181,426126,6,0.5,initial,5,three_frequency_guided_swap_05,19780fd77619f9ce,E2_active_rl_guided_mask_rescue,704,-0.16441092804647306,0.8522642225596402,0.031162995873397527,0
2182,426126,6,0.5,initial,6,three_frequency_guided_swap_06,99c3f7f96c66a55c,E2_active_rl_guided_mask_rescue,704,-0.25604718360632367,0.7993524044643163,0.03950714223872248,0
2183,426126,6,0.5,initial,7,three_frequency_guided_swap_07,7052b79a96cbd1c0,E2_active_rl_guided_mask_rescue,704,-0.4591059305317593,1.076367981098803,0.04679367720041919,0
2184,426126,6,0.5,initial,8,failed_best_swap_00_1,5a5bbc0b82fe129a,adversarial_multi_corner_refinement,9210,-5.824410689137293,-4.641416491352698,-0.00994328765639832,0
2185,426126,6,0.5,initial,9,failed_best_swap_00_2,0a5201b4e5a06830,adversarial_multi_corner_refinement,9210,-5.179573621077333,-4.962620259940499,-0.010889310704099701,0
2186,426126,6,0.5,initial,10,failed_best_swap_00_3,bad2aa01ce77f956,adversarial_multi_corner_refinement,9210,-9.880460115705784,-8.590386587366282,-0.0111738915195326,0
2187,426126,6,0.5,initial,11,failed_best_swap_01_1,f14fe88a1ecce904,E2_active_rl_guided_mask_rescue,704,-4.07120269014716,-3.0977837352532283,-0.004161855050081169,0
2188,426126,6,0.5,initial,12,failed_best_swap_01_2,f72ae886866f8be7,E2_active_rl_guided_mask_rescue,704,-6.389305370292769,-6.389305370292769,-0.004209541787875774,0
2189,426126,6,0.5,initial,13,failed_best_swap_01_3,5ec32ebf1540598d,E2_active_rl_guided_mask_rescue,704,1.9911841955897656,4.317421241951406,-0.005266133939311942,0
2190,426126,6,0.5,initial,14,power_top,6022f74d3d560e42,E2_active_rl_guided_mask_rescue,704,-12.506512893144066,-10.760085284596883,0.1578383868751293,0
2191,426126,6,0.5,initial,15,parent_normalized,af54830bf56c713d,adversarial_multi_corner_refinement,9210,2.2192516079731925,2.41048359300473,-0.012026459732466886,1
2192,426126,6,0.5,initial,16,ring_quadrant,333a2d204ea108af,E2_active_rl_guided_mask_rescue,704,-13.972534289530678,-13.469488521174442,0.1509874644524993,0
2193,426126,6,0.5,initial,17,mirrored_pair,0eb504e5874171db,E2_active_rl_guided_mask_rescue,704,-15.571984931864245,-14.976621280767134,0.135818262745848,0
2194,426126,6,0.5,initial,18,min_spacing_150,fa5037bfffa59d99,E2_active_rl_guided_mask_rescue,704,-22.235572624612388,-18.017939006270296,0.14040387225009032,0
2195,426126,6,0.5,initial,19,edge_density,f80990a343a7f231,E2_active_rl_guided_mask_rescue,704,-14.664222692792544,-14.664222692792544,0.14654485344189724,0
2196,426126,6,0.5,initial,20,center_density,a5c59e1ef885a95c,E2_active_rl_guided_mask_rescue,704,-12.250302755924636,-11.729264990959418,0.14634989943889076,0
2197,426126,6,0.5,initial,21,checker_balance,ebfefbd08c6a8174,adversarial_multi_corner_refinement,9210,-13.793751650148032,-13.793751650148032,0.0556359963865448,0
2198,426126,6,0.5,initial,22,hard_positive_neighbor_00,e9ad38715284c45f,adversarial_multi_corner_refinement,9210,-14.9367225670082,-13.9364001198488,0.040381399858053404,0
2199,426126,6,0.5,initial,23,hard_positive_swap_00,5380b71b2f764409,adversarial_multi_corner_refinement,9210,-13.809931628248531,-12.63821830089386,0.041445794729254096,0
2200,426126,6,0.5,alternating,0,three_frequency_guided_swap_00,2013bf0bbf7534ba,best_initial_refined,703,-10.168233620040013,-4.622235746398297,0.05131774341864531,0
2201,426126,6,0.5,alternating,1,three_frequency_guided_swap_01,ceb497ea5245cd7a,best_initial_refined,703,-10.110588493752653,-4.598184066611359,0.05641140298030799,0
2202,426126,6,0.5,alternating,2,three_frequency_guided_swap_02,cdbead4111b5b837,best_initial_refined,703,-8.179065391776147,-1.5809472197305243,0.06608227575614653,1
2203,426126,6,0.5,alternating,3,three_frequency_guided_swap_03,04b6573fd8cd1408,best_initial_refined,703,-11.714220401869639,-7.101858320258268,0.07488349095398311,0
2204,426126,6,0.5,alternating,4,three_frequency_guided_swap_04,1d30f1da87bd1f81,best_initial_refined,703,-10.764378996658454,-7.036856460184424,0.08254606599559003,0
2205,426126,6,0.5,alternating,5,three_frequency_guided_swap_05,f94615081129c524,best_initial_refined,703,-9.621784340359284,-4.987079833455363,0.0891931765325449,0
2206,426126,6,0.5,alternating,6,three_frequency_guided_swap_06,014c901a411c723b,best_initial_refined,703,-9.025414638247806,-4.7185174640167435,0.03951348823515001,0
2207,426126,6,0.5,alternating,7,three_frequency_guided_swap_07,79c074cd72841fea,best_initial_refined,703,-10.062324893910805,-6.028393717607743,0.04504117207573052,0
2208,426126,6,0.6,initial,0,three_frequency_guided_swap_00,485d6ce58fdafbb1,E2_active_rl_guided_mask_rescue,714,4.352931394068805,7.254120838136522,-0.03844465570241567,0
2209,426126,6,0.6,initial,1,three_frequency_guided_swap_01,187977a5a6c58540,E2_active_rl_guided_mask_rescue,714,3.695278299591582,4.748872593711121,-0.03345648837071467,0
2210,426126,6,0.6,initial,2,three_frequency_guided_swap_02,4af622053da53a30,E2_active_rl_guided_mask_rescue,714,3.2740988303683443,4.8501069573110955,-0.028946598980799463,0
2211,426126,6,0.6,initial,3,three_frequency_guided_swap_03,c573eb54d12f5059,E2_active_rl_guided_mask_rescue,714,2.9218415472847297,4.643525194223075,-0.024495112609149668,0
2212,426126,6,0.6,initial,4,three_frequency_guided_swap_04,52fe5883b4b22b8f,E2_active_rl_guided_mask_rescue,714,0.09020100671512375,0.46916646236188464,-0.015651811817312216,0
2213,426126,6,0.6,initial,5,three_frequency_guided_swap_05,1e13a3dc83f17bc5,E2_active_rl_guided_mask_rescue,714,-0.8798409737368564,0.2658996247552108,-0.007645899283950772,0
2214,426126,6,0.6,initial,6,three_frequency_guided_swap_06,528bcf4fee9efeef,E2_active_rl_guided_mask_rescue,714,-0.8722350723419072,0.25703778047486403,-0.0003275151453512488,0
2215,426126,6,0.6,initial,7,three_frequency_guided_swap_07,720f8c35b5d43aa3,E2_active_rl_guided_mask_rescue,714,-0.6440288598941674,0.312780245440203,0.006159983199851146,0
2216,426126,6,0.6,initial,8,failed_best_swap_00_1,4935c236a09f5cae,E2_active_rl_guided_mask_rescue,714,-0.19962550659781417,-0.14503418030585588,-0.04263496599172884,0
2217,426126,6,0.6,initial,9,failed_best_swap_00_2,65396fe8e7475314,E2_active_rl_guided_mask_rescue,714,-2.9401395036718587,-2.9401395036718587,-0.03991744715549348,0
2218,426126,6,0.6,initial,10,failed_best_swap_00_3,e82ed918c63715bc,E2_active_rl_guided_mask_rescue,714,-4.170344664702338,-3.9490836884214433,-0.040731270759245264,0
2219,426126,6,0.6,initial,11,failed_best_swap_01_1,b571dcdd9a1f23a1,E2_active_rl_guided_mask_rescue,715,-7.472999434112285,-6.252521837746547,-0.03963502063012826,0
2220,426126,6,0.6,initial,12,failed_best_swap_01_2,4ae632b49b6366e0,E2_active_rl_guided_mask_rescue,715,-0.10366565951035445,1.0153785695252342,-0.03799449194761835,0
2221,426126,6,0.6,initial,13,failed_best_swap_01_3,b8bdcf18f234734d,E2_active_rl_guided_mask_rescue,715,-4.06056225055817,-1.4700074579086622,-0.039867063371109665,0
2222,426126,6,0.6,initial,14,power_top,8e648d6efdb25256,E2_active_rl_guided_mask_rescue,715,-19.332794436866173,-19.14068388044435,0.11943402135418912,0
2223,426126,6,0.6,initial,15,parent_normalized,33fc7fdf8b1b1460,E2_active_rl_guided_mask_rescue,714,5.582547393942931,7.205579579380707,-0.0437003475490911,1
2224,426126,6,0.6,initial,16,ring_quadrant,ba0cde18aeaffa56,E2_active_rl_guided_mask_rescue,715,-22.4731787816216,-22.37548660030898,0.10836781584107867,0
2225,426126,6,0.6,initial,17,mirrored_pair,765406365ea731e3,E2_active_rl_guided_mask_rescue,715,-17.45060019341793,-16.352175429652213,0.10749586303229307,0
2226,426126,6,0.6,initial,18,spread_090,da56f1e4db28ca1d,E2_active_rl_guided_mask_rescue,715,-19.449707943115023,-19.19355780273511,0.11942170603233125,0
2227,426126,6,0.6,initial,19,min_spacing_150,8bcc51a06ea04ac0,E2_active_rl_guided_mask_rescue,715,-15.580399870649535,-14.561980640373285,0.11159399814404034,0
2228,426126,6,0.6,initial,20,edge_density,081fbd29e16d4db6,E2_active_rl_guided_mask_rescue,715,-12.418796563487334,-10.41899197156452,0.11425608160678474,0
2229,426126,6,0.6,initial,21,center_density,5d7ba5c4c3431465,E2_active_rl_guided_mask_rescue,715,-23.082747236078987,-23.082747236078987,0.11017916406344878,0
2230,426126,6,0.6,initial,22,checker_balance,528693c6d76e7f0a,E2_active_rl_guided_mask_rescue,715,-29.955829541485297,-28.951778890406036,0.06014131114813737,0
2231,426126,6,0.6,initial,23,hard_positive_neighbor_00,8ab3d6260033043b,E2_active_rl_guided_mask_rescue,714,-21.821239136156557,-20.56316936410241,0.019247707598773096,0
2232,426126,6,0.6,alternating,0,three_frequency_guided_swap_00,bdcc3bc8b6aa55e5,best_initial_refined,714,-1.1619682620404308,3.334323964671415,-0.02282019296398941,0
2233,426126,6,0.6,alternating,1,three_frequency_guided_swap_01,5e0b65bad19bee3c,best_initial_refined,714,0.2540519489620181,2.410269435903334,-0.017800653091962996,0
2234,426126,6,0.6,alternating,2,three_frequency_guided_swap_02,5aebba3c7ddec74c,best_initial_refined,714,0.9314626605506349,2.2793423150996226,-0.013134189499744297,1
2235,426126,6,0.6,alternating,3,three_frequency_guided_swap_03,38daef93b665fae4,best_initial_refined,714,0.4892182865965673,2.0996823674149274,-0.008750085702642829,0
2236,426126,6,0.6,alternating,4,three_frequency_guided_swap_04,190f7c9e318487f9,best_initial_refined,714,-0.45472926673408676,1.0686830228275177,-5.8204527851663184e-05,0
2237,426126,6,0.6,alternating,5,three_frequency_guided_swap_05,0d8273734385f4df,best_initial_refined,714,-3.0128650657146885,-2.7122725359415463,0.008231458003197984,0
2238,426126,6,0.6,alternating,6,three_frequency_guided_swap_06,ffbd11df0653e790,best_initial_refined,714,-2.630884450177237,-2.425941419347497,0.02215374333260352,0
2239,426126,6,0.6,alternating,7,three_frequency_guided_swap_07,658d0e1673b4a965,best_initial_refined,714,0.5635851346225964,1.9114435588044352,-0.02313491697017555,0
2240,426126,6,0.7,initial,0,three_frequency_guided_swap_00,de619e6b3b779e55,adversarial_multi_corner_refinement,9121,-0.4391080502158709,-0.20776782952214684,-0.0005201615008064888,1
2241,426126,6,0.7,initial,1,three_frequency_guided_swap_01,0ea1d342e215c4d8,adversarial_multi_corner_refinement,9121,-2.553675664392861,-2.553675664392861,0.0024603376379665363,0
2242,426126,6,0.7,initial,2,three_frequency_guided_swap_02,fb17a587ab4e7565,adversarial_multi_corner_refinement,9121,-2.3549806895874443,-2.3549806895874443,0.005288548131534657,0
2243,426126,6,0.7,initial,3,three_frequency_guided_swap_03,d7eb3700266a313d,adversarial_multi_corner_refinement,9121,-2.357684040035115,-2.357684040035115,0.007972180742914736,0
2244,426126,6,0.7,initial,4,three_frequency_guided_swap_04,bdde95d4c35305aa,adversarial_multi_corner_refinement,9121,-1.965988899741483,-1.568166660993877,0.01309837330741133,0
2245,426126,6,0.7,initial,5,three_frequency_guided_swap_05,cad3ed7b305ef1a4,adversarial_multi_corner_refinement,9121,-11.502963708721353,-9.435779367184507,0.017826412230574025,0
2246,426126,6,0.7,initial,6,three_frequency_guided_swap_06,cbd58662921545b4,E2_active_rl_guided_mask_rescue,720,-13.021686014338139,-11.345140225676841,0.022295034940255976,0
2247,426126,6,0.7,initial,7,three_frequency_guided_swap_07,42c08c70123258c7,E2_active_rl_guided_mask_rescue,720,-12.769371203361,-11.193391632513368,0.026361868574215686,0
2248,426126,6,0.7,initial,8,failed_best_swap_00_1,fc54c8fd9172e868,adversarial_multi_corner_refinement,9121,-12.233190754668112,-12.233190754668112,-0.0027104336060674015,0
2249,426126,6,0.7,initial,9,failed_best_swap_00_2,89012cfaa6609f3f,adversarial_multi_corner_refinement,9121,-12.119928879461748,-12.119928879461748,-0.003153657251946758,0
2250,426126,6,0.7,initial,10,failed_best_swap_00_3,c66e443339cc3137,adversarial_multi_corner_refinement,9121,-6.479637564494331,-5.421145887050863,-0.001878629080366012,0
2251,426126,6,0.7,initial,11,failed_best_swap_01_1,522ade8b2a300ef6,E2_active_rl_guided_mask_rescue,720,-2.018068899219915,-1.8244514256984565,-0.0007656442815134623,0
2252,426126,6,0.7,initial,12,failed_best_swap_01_2,a966c1a4b8a7cd56,E2_active_rl_guided_mask_rescue,720,-2.9788005600559075,-2.592469446746314,-0.00015677828360181417,0
2253,426126,6,0.7,initial,13,failed_best_swap_01_3,0fb9b7293a16e6b2,E2_active_rl_guided_mask_rescue,720,-2.8372641299659658,-1.541174621657941,0.0003020566583519142,0
2254,426126,6,0.7,initial,14,power_top,b815fe09566d472c,E2_active_rl_guided_mask_rescue,720,-14.71900012246963,-14.71900012246963,0.08408204020286257,0
2255,426126,6,0.7,initial,15,parent_normalized,836c2432015e987a,adversarial_multi_corner_refinement,9121,-0.46232327159429815,-0.11136793157448206,-0.0038701349417997063,0
2256,426126,6,0.7,initial,16,ring_quadrant,bd968562f53432c4,E2_active_rl_guided_mask_rescue,720,-15.101722358752214,-14.84993303267338,0.08069016156405942,0
2257,426126,6,0.7,initial,17,mirrored_pair,7fbab43f2247992e,adversarial_multi_corner_refinement,9121,-14.604443478166278,-14.248235091295236,0.07290927132668536,0
2258,426126,6,0.7,initial,18,min_spacing_150,efd9e016414c7f73,adversarial_multi_corner_refinement,9121,-16.095841529665435,-16.095841529665435,0.07420660278018029,0
2259,426126,6,0.7,initial,19,edge_density,e3b5bd76c45e3758,E2_active_rl_guided_mask_rescue,720,-15.927186202403687,-15.278998066098515,0.07716748149342872,0
2260,426126,6,0.7,initial,20,center_density,2816ae63b84edc8d,E2_active_rl_guided_mask_rescue,720,-14.22162597029593,-13.698654780751173,0.0785642077240826,0
2261,426126,6,0.7,initial,21,checker_balance,92a44e641f2612b9,adversarial_multi_corner_refinement,9121,-20.96665374680384,-19.775482124659376,0.05577839290058584,0
2262,426126,6,0.7,initial,22,hard_positive_neighbor_00,ad833b509b429c25,adversarial_multi_corner_refinement,9121,-16.611018514295242,-16.26246096826264,-0.0034128664352236476,0
2263,426126,6,0.7,initial,23,hard_positive_swap_00,f23d76114cce1170,adversarial_multi_corner_refinement,9121,-16.01324464123406,-15.67434683922672,-0.0019103267893541965,0
2264,426126,6,0.7,alternating,0,three_frequency_guided_swap_00,7a26f9a04fb47969,best_initial_refined,724,-20.66573608486236,-19.523973081334237,0.009191965835085046,1
2265,426126,6,0.7,alternating,1,three_frequency_guided_swap_01,0b00c81bf03d7206,best_initial_refined,724,-32.77924019602401,-32.77924019602401,0.012133651204226683,0
2266,426126,6,0.7,alternating,2,three_frequency_guided_swap_02,16fe383f0f9389f8,best_initial_refined,724,-26.460455792952335,-26.460455792952335,0.014963881738373248,0
2267,426126,6,0.7,alternating,3,three_frequency_guided_swap_03,7cdc8e7a72d81624,best_initial_refined,724,-23.541193438898638,-22.382100453704645,0.017763971743884353,0
2268,426126,6,0.7,alternating,4,three_frequency_guided_swap_04,373603d8fcce2d37,best_initial_refined,724,-24.17014955427943,-22.832195539301765,0.02293693463961892,0
2269,426126,6,0.7,alternating,5,three_frequency_guided_swap_05,7a2e68e3ee14f950,best_initial_refined,724,-25.8605848831947,-25.8605848831947,0.02783161245206673,0
2270,426126,6,0.7,alternating,6,three_frequency_guided_swap_06,53e567283724ff45,best_initial_refined,724,-33.631383325633145,-33.631383325633145,0.032330242781029236,0
2271,426126,6,0.7,alternating,7,three_frequency_guided_swap_07,43e3ea2423561cdf,best_initial_refined,724,-25.61291784473173,-25.61291784473173,0.036415097742797276,0
2272,426126,6,0.8,initial,0,three_frequency_guided_swap_00,e5edce3d42a8eafa,E2_active_rl_guided_mask_rescue,729,3.74094271643254,5.748539661622541,-0.008718451323798938,0
2273,426126,6,0.8,initial,1,three_frequency_guided_swap_01,610015c0931e0c29,E2_active_rl_guided_mask_rescue,729,0.838949834501237,1.8473382001595415,-0.005330566022334829,0
2274,426126,6,0.8,initial,2,three_frequency_guided_swap_02,affccd1bf4b72fe4,E2_active_rl_guided_mask_rescue,729,-2.8719407605658187,-2.8719407605658187,-0.002601173025324341,0
2275,426126,6,0.8,initial,3,three_frequency_guided_swap_03,c4b795ca6d3517af,E2_active_rl_guided_mask_rescue,729,-4.275346093393785,-3.981299745915972,-0.00013580650080956735,0
2276,426126,6,0.8,initial,4,three_frequency_guided_swap_04,867cf52d3fe67b31,E2_active_rl_guided_mask_rescue,729,-3.8092802082058737,-3.676083095401321,0.004678449002544008,0
2277,426126,6,0.8,initial,5,three_frequency_guided_swap_05,0cda8c83e73a9f82,E2_active_rl_guided_mask_rescue,729,-4.308162114879054,-4.308162114879054,0.009119468725132309,0
2278,426126,6,0.8,initial,6,three_frequency_guided_swap_06,0e594dd89cefda7f,E2_active_rl_guided_mask_rescue,729,-4.495073417598217,-4.495073417598217,0.013207323514822655,0
2279,426126,6,0.8,initial,7,three_frequency_guided_swap_07,8342ae4f356e53fd,E2_active_rl_guided_mask_rescue,729,-4.485641600766149,-4.485641600766149,0.017164808741432197,0
2280,426126,6,0.8,initial,8,failed_best_swap_00_1,14989f0fcdef8ef7,E2_active_rl_guided_mask_rescue,729,2.8938547670333072,2.9373544530170315,-0.011599967517594914,0
2281,426126,6,0.8,initial,9,failed_best_swap_00_2,e0ff07fa95a0ff5a,E2_active_rl_guided_mask_rescue,729,-4.678363296511075,-4.550442188857856,-0.00963010617366742,0
2282,426126,6,0.8,initial,10,failed_best_swap_00_3,41700d4038b42f94,E2_active_rl_guided_mask_rescue,729,-4.862221516615895,-4.702669625088759,-0.011764118987356902,0
2283,426126,6,0.8,initial,11,failed_best_swap_01_1,4e9e633a47b0e76b,E2_active_rl_guided_mask_rescue,732,-8.074209464113686,-7.020204987501217,-0.006269253835238121,0
2284,426126,6,0.8,initial,12,failed_best_swap_01_2,7d780aff94736e52,E2_active_rl_guided_mask_rescue,732,-7.739966475685566,-7.488627172746937,-0.004439165818240792,0
2285,426126,6,0.8,initial,13,failed_best_swap_01_3,e03591013cb922ac,E2_active_rl_guided_mask_rescue,732,-2.986125460579132,-2.882611293597183,-0.005689230579697503,0
2286,426126,6,0.8,initial,14,power_top,b68ffe97abd1a490,E2_active_rl_guided_mask_rescue,732,-16.130858154412223,-15.748047244984908,0.05361168024455156,0
2287,426126,6,0.8,initial,15,parent_normalized,477a26f13eb46836,E2_active_rl_guided_mask_rescue,729,4.847537833101798,5.779573132224503,-0.012602650862322833,1
2288,426126,6,0.8,initial,16,ring_quadrant,fff9aa53456b436e,E2_active_rl_guided_mask_rescue,729,-14.258331894183783,-13.24974746961611,0.048884569953930146,0
2289,426126,6,0.8,initial,17,mirrored_pair,c26e8c54ab3140aa,E2_active_rl_guided_mask_rescue,732,-17.359633392990254,-17.06815592140046,0.04444820068049778,0
2290,426126,6,0.8,initial,18,min_spacing_150,e7ce09f9509c5a68,E2_active_rl_guided_mask_rescue,732,-16.203972541974746,-15.6127707853718,0.04327490068487694,0
2291,426126,6,0.8,initial,19,edge_density,cd6aae0100ea0b3a,E2_active_rl_guided_mask_rescue,732,-16.273778755969502,-15.601210132548893,0.046057191946476596,0
2292,426126,6,0.8,initial,20,center_density,86326e3d10cebb1f,E2_active_rl_guided_mask_rescue,729,-12.708815890614506,-12.443481893313775,0.05112528411531249,0
2293,426126,6,0.8,initial,21,checker_balance,63be9388555b03ef,E2_active_rl_guided_mask_rescue,729,-14.918281316807997,-14.918281316807997,0.03742055848700743,0
2294,426126,6,0.8,initial,22,hard_positive_neighbor_00,d76a78a0fa00df80,E2_active_rl_guided_mask_rescue,729,-14.910289218973551,-14.910289218973551,0.031136337205557925,0
2295,426126,6,0.8,initial,23,hard_positive_swap_00,0c38615678363d66,E2_active_rl_guided_mask_rescue,732,-15.800214737048623,-15.027451874174488,0.030047791641824247,0
2296,426126,6,0.8,alternating,0,three_frequency_guided_swap_00,6b90998c9072144d,best_initial_refined,734,1.6849363465058271,2.594678858612131,-0.0034754239867172397,1
2297,426126,6,0.8,alternating,1,three_frequency_guided_swap_01,56b1e04b8743cf65,best_initial_refined,734,0.12886568010158925,1.0046030192909732,-0.00017903312904911015,0
2298,426126,6,0.8,alternating,2,three_frequency_guided_swap_02,a146b62fda09f7a9,best_initial_refined,734,-4.100605191709244,-4.100605191709244,0.0026897735298606687,0
2299,426126,6,0.8,alternating,3,three_frequency_guided_swap_03,ebf4c2de5f811ec0,best_initial_refined,734,-7.943739962537716,-6.809854593167534,0.005476449830588744,0
2300,426126,6,0.8,alternating,4,three_frequency_guided_swap_04,d58df0b4932131b2,best_initial_refined,734,-9.259077547024761,-8.232197910450667,0.010793242916585122,0
2301,426126,6,0.8,alternating,5,three_frequency_guided_swap_05,12059f96bb359b1c,best_initial_refined,734,-8.19761842081036,-6.7743359011591195,0.01554675620389064,0
2302,426126,6,0.8,alternating,6,three_frequency_guided_swap_06,a44c8384ce8af67d,best_initial_refined,734,-7.707953765764989,-5.756807276434851,0.019972541576786774,0
2303,426126,6,0.8,alternating,7,three_frequency_guided_swap_07,87c1a31b1026a561,best_initial_refined,734,-6.924582747857758,-5.40723761228872,0.024007565826151676,0
