stimulus_index,stimulus_family,sample_index,k_value,ratio,window_role,source_type,task_index,worst_port,active_rl_db,worst_gamma_magnitude,source_port_magnitude,reflected_port_magnitude,required_b_reduction_for_10db,required_b_reduction_for_11db,stop_line_pass,design_line_pass,source_port,coupling_relation,s_magnitude,s_phase_deg,source_magnitude,term_real,term_imag,term_magnitude,term_alignment_with_total
6,old_285_replay,426105,2,0.800000011920929,corner,combined,-1,P00,8.57454635146132,0.3726255949264088,0.35133876081560694,0.13091781476962278,0.019814743321779238,0.03189709811219167,False,False,P00,self,0.13840586460662296,-126.940543860558,0.35133876081560694,0.04610848922066097,-0.015447520826851297,0.04862734496050358,0.7289493343553624
6,old_285_replay,426105,2,0.800000011920929,corner,combined,-1,P00,8.57454635146132,0.3726255949264088,0.35133876081560694,0.13091781476962278,0.019814743321779238,0.03189709811219167,False,False,P10,x_neighbor,0.177287235448698,-24.2139363904075,0.6382725698706185,0.045134407971719886,0.10376667570599883,0.11315757937509789,0.7453199644922441
6,old_285_replay,426105,2,0.800000011920929,corner,combined,-1,P00,8.57454635146132,0.3726255949264088,0.35133876081560694,0.13091781476962278,0.019814743321779238,0.03189709811219167,False,False,P01,y_neighbor,0.221120650005401,-124.185373834792,0.0,0.0,-0.0,0.0,0.0
6,old_285_replay,426105,2,0.800000011920929,corner,combined,-1,P00,8.57454635146132,0.3726255949264088,0.35133876081560694,0.13091781476962278,0.019814743321779238,0.03189709811219167,False,False,P11,diagonal,0.0636525603121721,139.228562638808,0.6849592758225419,0.027716621315574536,-0.03365557303155288,0.04359941161567608,0.2553323674514049
7,old_285_replay,426105,2,0.800000011920929,corner,task,0,P10,5.964943386795066,0.5032141338015789,0.4554430647830133,0.22918538734072041,0.08516164441652613,0.10082409134599887,False,False,P00,x_neighbor,0.177287235448698,-24.2139363904075,0.681697214275334,-0.0891938187077574,0.08155174612061397,0.12085621453195268,0.9157479884904819
7,old_285_replay,426105,2,0.800000011920929,corner,task,0,P10,5.964943386795066,0.5032141338015789,0.4554430647830133,0.22918538734072041,0.08516164441652613,0.10082409134599887,False,False,P10,self,0.136232878997807,-128.024603514836,0.4554430647830133,0.059338963318017565,0.01812824453211605,0.06204631993497463,-0.11990770817573256
7,old_285_replay,426105,2,0.800000011920929,corner,task,0,P10,5.964943386795066,0.5032141338015789,0.4554430647830133,0.22918538734072041,0.08516164441652613,0.10082409134599887,False,False,P01,diagonal,0.063880131359037,139.19540158061,0.0,-0.0,0.0,0.0,0.0
7,old_285_replay,426105,2,0.800000011920929,corner,task,0,P10,5.964943386795066,0.5032141338015789,0.4554430647830133,0.22918538734072041,0.08516164441652613,0.10082409134599887,False,False,P11,y_neighbor,0.22114394099010298,-124.185421282005,0.5725911127605708,-0.0629057180425544,0.10989438227255868,0.1266250552517811,0.9946797950864469
8,old_285_replay,426105,2,0.800000011920929,corner,task,1,P10,5.11690964331876,0.5548230786045053,0.48363866591364313,0.2683338935543833,0.1153939186731481,0.13202599746333096,False,False,P00,x_neighbor,0.177287235448698,-24.2139363904075,0.5193917350691712,0.08987440855954336,-0.020039907690095636,0.09208152482531594,0.9929410303555833
8,old_285_replay,426105,2,0.800000011920929,corner,task,1,P10,5.11690964331876,0.5548230786045053,0.48363866591364313,0.2683338935543833,0.1153939186731481,0.13202599746333096,False,False,P10,self,0.136232878997807,-128.024603514836,0.48363866591364313,0.007496110024513052,-0.0654596775882498,0.06588748785207414,0.4370309963827767
8,old_285_replay,426105,2,0.800000011920929,corner,task,1,P10,5.11690964331876,0.5548230786045053,0.48363866591364313,0.2683338935543833,0.1153939186731481,0.13202599746333096,False,False,P01,diagonal,0.063880131359037,139.19540158061,0.0,-0.0,0.0,0.0,-0.0
8,old_285_replay,426105,2,0.800000011920929,corner,task,1,P10,5.11690964331876,0.5548230786045053,0.48363866591364313,0.2683338935543833,0.1153939186731481,0.13202599746333096,False,False,P11,y_neighbor,0.22114394099010298,-124.185421282005,0.7045040003698324,0.15575633463757615,-0.00355025811381994,0.1557967910850777,0.9506453497594314
21,old_285_replay,426109,2,0.6000000238418579,corner,combined,-1,P11,8.24583207178046,0.38699771111913134,0.5519251685380347,0.2135937769332603,0.0390597138780108,0.058040129498974885,False,False,P00,diagonal,0.063652560312172,139.228562638808,0.0,-0.0,0.0,0.0,0.0
21,old_285_replay,426109,2,0.6000000238418579,corner,combined,-1,P11,8.24583207178046,0.38699771111913134,0.5519251685380347,0.2135937769332603,0.0390597138780108,0.058040129498974885,False,False,P10,y_neighbor,0.22114394099010298,-124.185421282005,0.8338936527546615,-0.0630094041503936,-0.17331202525386943,0.1844105287367983,0.9365495070166664
21,old_285_replay,426109,2,0.6000000238418579,corner,combined,-1,P11,8.24583207178046,0.38699771111913134,0.5519251685380347,0.2135937769332603,0.0390597138780108,0.058040129498974885,False,False,P01,x_neighbor,0.177996764958833,-23.879828669598304,0.0,0.0,0.0,0.0,-0.0
21,old_285_replay,426109,2,0.6000000238418579,corner,combined,-1,P11,8.24583207178046,0.38699771111913134,0.5519251685380347,0.2135937769332603,0.0390597138780108,0.058040129498974885,False,False,P11,self,0.13858096432942,-127.72686751526298,0.5519251685380347,-0.07570675464227025,0.01089241795713997,0.07648632209367852,0.5345293908374243
23,old_285_replay,426109,2,0.6000000238418579,corner,task,1,P11,8.950382195201502,0.3568460470522558,0.6878155591508912,0.24544426338403258,0.027937885682123992,0.05159150020713377,False,False,P00,diagonal,0.063652560312172,139.228562638808,0.0,-0.0,0.0,0.0,0.0
23,old_285_replay,426109,2,0.6000000238418579,corner,task,1,P11,8.950382195201502,0.3568460470522558,0.6878155591508912,0.24544426338403258,0.027937885682123992,0.05159150020713377,False,False,P10,y_neighbor,0.22114394099010298,-124.185421282005,0.7258854622137925,0.00042345377559420416,-0.16052461330021536,0.16052517182138054,0.9762145026351818
23,old_285_replay,426109,2,0.6000000238418579,corner,task,1,P11,8.950382195201502,0.3568460470522558,0.6878155591508912,0.24544426338403258,0.027937885682123992,0.05159150020713377,False,False,P01,x_neighbor,0.177996764958833,-23.879828669598304,0.0,0.0,0.0,0.0,-0.0
23,old_285_replay,426109,2,0.6000000238418579,corner,task,1,P11,8.950382195201502,0.3568460470522558,0.6878155591508912,0.24544426338403258,0.027937885682123992,0.05159150020713377,False,False,P11,self,0.13858096432942,-127.72686751526298,0.6878155591508912,-0.05300522189720462,-0.07922117725581412,0.09531814346790973,0.9309587806215635
40,old_285_replay,426110,4,0.699999988079071,corner,combined,-1,P10,4.558869587781168,0.5916386270965512,0.43408529019971104,0.2568216251365651,0.11955180355593967,0.13447976787538082,False,False,P00,x_neighbor,0.177287235448698,-24.2139363904075,0.561957092733632,0.0796807291537113,0.059805382719534395,0.09962781941153324,0.8852662781247939
40,old_285_replay,426110,4,0.699999988079071,corner,combined,-1,P10,4.558869587781168,0.5916386270965512,0.43408529019971104,0.2568216251365651,0.11955180355593967,0.13447976787538082,False,False,P10,self,0.136232878997807,-128.024603514836,0.43408529019971104,0.02233979319222284,-0.054754740471235325,0.05913668881450518,0.2252996630587406
40,old_285_replay,426110,4,0.699999988079071,corner,combined,-1,P10,4.558869587781168,0.5916386270965512,0.43408529019971104,0.2568216251365651,0.11955180355593967,0.13447976787538082,False,False,P01,diagonal,0.063880131359037,139.19540158061,0.0,-0.0,0.0,0.0,0.0
40,old_285_replay,426110,4,0.699999988079071,corner,combined,-1,P10,4.558869587781168,0.5916386270965512,0.43408529019971104,0.2568216251365651,0.11955180355593967,0.13447976787538082,False,False,P11,y_neighbor,0.22114394099010298,-124.185421282005,0.7041123381698762,0.1515154288764191,0.03589894353181426,0.15571017736264256,0.9973721873196556
42,old_285_replay,426110,4,0.699999988079071,corner,task,1,P10,9.09831407794555,0.35081996113045766,0.5817622927503417,0.20409382492984085,0.020124434740566605,0.040130933335757096,False,False,P00,x_neighbor,0.177287235448698,-24.2139363904075,0.5111560422324678,0.03638175455184727,0.08299767234842631,0.09062144161029215,0.1414129437932046
42,old_285_replay,426110,4,0.699999988079071,corner,task,1,P10,9.09831407794555,0.35081996113045766,0.5817622927503417,0.20409382492984085,0.020124434740566605,0.040130933335757096,False,False,P10,self,0.136232878997807,-128.024603514836,0.5817622927503417,0.07445650486275937,-0.027158939734713124,0.07925515203374409,0.9969178745563576
42,old_285_replay,426110,4,0.699999988079071,corner,task,1,P10,9.09831407794555,0.35081996113045766,0.5817622927503417,0.20409382492984085,0.020124434740566605,0.040130933335757096,False,False,P01,diagonal,0.063880131359037,139.19540158061,0.0,-0.0,0.0,0.0,-0.0
42,old_285_replay,426110,4,0.699999988079071,corner,task,1,P10,9.09831407794555,0.35081996113045766,0.5817622927503417,0.20409382492984085,0.020124434740566605,0.040130933335757096,False,False,P11,y_neighbor,0.22114394099010298,-124.185421282005,0.6326706361931733,0.08579419428274282,-0.11051932814313525,0.13991127783647403,0.8024221072374252
43,old_285_replay,426110,4,0.699999988079071,corner,task,2,P10,7.392526169513221,0.42694672989746324,0.5889601375113133,0.2514546047504155,0.06520905619224321,0.08546308487471038,False,False,P00,x_neighbor,0.177287235448698,-24.2139363904075,0.4851143463608289,0.08105656045827231,0.028751035087924617,0.08600458134281351,0.7438858028308319
43,old_285_replay,426110,4,0.699999988079071,corner,task,2,P10,7.392526169513221,0.42694672989746324,0.5889601375113133,0.2514546047504155,0.06520905619224321,0.08546308487471038,False,False,P10,self,0.136232878997807,-128.024603514836,0.5889601375113133,0.016074395370882268,-0.07860907713628429,0.0802357351481105,0.558665589996936
43,old_285_replay,426110,4,0.699999988079071,corner,task,2,P10,7.392526169513221,0.42694672989746324,0.5889601375113133,0.2514546047504155,0.06520905619224321,0.08546308487471038,False,False,P01,diagonal,0.063880131359037,139.19540158061,0.0,-0.0,0.0,0.0,-0.0
43,old_285_replay,426110,4,0.699999988079071,corner,task,2,P10,7.392526169513221,0.42694672989746324,0.5889601375113133,0.2514546047504155,0.06520905619224321,0.08546308487471038,False,False,P11,y_neighbor,0.22114394099010298,-124.185421282005,0.6463667611170434,0.13533911841368507,-0.04599122937149152,0.14294009287843146,0.9979850336116237
44,old_285_replay,426110,4,0.699999988079071,corner,task,3,P10,6.657625585450019,0.464642274602417,0.5477448162472223,0.25450539732279237,0.08129327773362988,0.10012993324281677,False,False,P00,x_neighbor,0.177287235448698,-24.2139363904075,0.5957718185587889,-0.05346524075149306,0.09109133304353477,0.10562273867053099,0.7324382200077227
44,old_285_replay,426110,4,0.699999988079071,corner,task,3,P10,6.657625585450019,0.464642274602417,0.5477448162472223,0.25450539732279237,0.08129327773362988,0.10012993324281677,False,False,P10,self,0.136232878997807,-128.024603514836,0.5477448162472223,0.008861732713424272,0.07409278936967235,0.07462085327348386,0.995093580256257
44,old_285_replay,426110,4,0.699999988079071,corner,task,3,P10,6.657625585450019,0.464642274602417,0.5477448162472223,0.25450539732279237,0.08129327773362988,0.10012993324281677,False,False,P01,diagonal,0.063880131359037,139.19540158061,0.0,-0.0,0.0,0.0,0.0
44,old_285_replay,426110,4,0.699999988079071,corner,task,3,P10,6.657625585450019,0.464642274602417,0.5477448162472223,0.25450539732279237,0.08129327773362988,0.10012993324281677,False,False,P11,y_neighbor,0.22114394099010298,-124.185421282005,0.5873938636592103,0.09968157140601688,0.08329002956656863,0.12989859392300102,0.7920681161022288
63,old_285_replay,426102,2,0.699999988079071,corner,task,1,P10,8.333772919240673,0.3830992961170265,0.5824170546101916,0.22312356366771616,0.03894711959822858,0.05897613510864805,False,False,P00,x_neighbor,0.177287235448698,-24.2139363904075,0.0,0.0,0.0,0.0,0.0
63,old_285_replay,426102,2,0.699999988079071,corner,task,1,P10,8.333772919240673,0.3830992961170265,0.5824170546101916,0.22312356366771616,0.03894711959822858,0.05897613510864805,False,False,P10,self,0.136232878997807,-128.024603514836,0.5824170546101916,-0.06572389765238956,-0.0444510460149897,0.07934435212696937,0.6711612778655314
63,old_285_replay,426102,2,0.699999988079071,corner,task,1,P10,8.333772919240673,0.3830992961170265,0.5824170546101916,0.22312356366771616,0.03894711959822858,0.05897613510864805,False,False,P01,diagonal,0.063880131359037,139.19540158061,0.0,-0.0,0.0,0.0,0.0
63,old_285_replay,426102,2,0.699999988079071,corner,task,1,P10,8.333772919240673,0.3830992961170265,0.5824170546101916,0.22312356366771616,0.03894711959822858,0.05897613510864805,False,False,P11,y_neighbor,0.22114394099010298,-124.185421282005,0.8128901292723117,-0.15098542233620063,0.09756597135489956,0.17976572677923328,0.9449560266367212
80,old_285_replay,426113,4,0.800000011920929,corner,combined,-1,P00,9.566103040797584,0.33242589596971894,0.4274604514125049,0.14209892355242248,0.006924059941696981,0.021624199547262274,False,False,P00,self,0.13840586460662296,-126.940543860558,0.4274604514125049,0.04458241802235528,0.03889309090285608,0.0591630333628851,0.7857566272503668
80,old_285_replay,426113,4,0.800000011920929,corner,combined,-1,P00,9.566103040797584,0.33242589596971894,0.4274604514125049,0.14209892355242248,0.006924059941696981,0.021624199547262274,False,False,P10,x_neighbor,0.177287235448698,-24.2139363904075,0.5642122824705753,0.09915280414906945,0.01320035401773162,0.10002763576540818,0.9966494369504789
80,old_285_replay,426113,4,0.800000011920929,corner,combined,-1,P00,9.566103040797584,0.33242589596971894,0.4274604514125049,0.14209892355242248,0.006924059941696981,0.021624199547262274,False,False,P01,y_neighbor,0.221120650005401,-124.185373834792,0.0,0.0,-0.0,0.0,0.0
80,old_285_replay,426113,4,0.800000011920929,corner,combined,-1,P00,9.566103040797584,0.33242589596971894,0.4274604514125049,0.14209892355242248,0.006924059941696981,0.021624199547262274,False,False,P11,diagonal,0.0636525603121721,139.228562638808,0.706358310671815,-0.0018172379097956479,-0.04492477573633876,0.044961514972041705,-0.09077338404452351
82,old_285_replay,426113,4,0.800000011920929,corner,task,1,P11,7.721976855275424,0.41105615659429207,0.5773409572785702,0.23731955494339843,0.05474831379317352,0.0746027649920182,False,False,P00,diagonal,0.063652560312172,139.228562638808,0.4811458359344043,0.017016719931840812,-0.025463565834125474,0.03062616434076508,0.47117138432384154
82,old_285_replay,426113,4,0.800000011920929,corner,task,1,P11,7.721976855275424,0.41105615659429207,0.5773409572785702,0.23731955494339843,0.05474831379317352,0.0746027649920182,False,False,P10,y_neighbor,0.22114394099010298,-124.185421282005,0.6596787924874533,0.1393402300972137,0.04320222660586426,0.14588396795826777,0.9796368728208071
82,old_285_replay,426113,4,0.800000011920929,corner,task,1,P11,7.721976855275424,0.41105615659429207,0.5773409572785702,0.23731955494339843,0.05474831379317352,0.0746027649920182,False,False,P01,x_neighbor,0.177996764958833,-23.879828669598304,0.0,0.0,0.0,0.0,0.0
82,old_285_replay,426113,4,0.800000011920929,corner,task,1,P11,7.721976855275424,0.41105615659429207,0.5773409572785702,0.23731955494339843,0.05474831379317352,0.0746027649920182,False,False,P11,self,0.13858096432942,-127.72686751526298,0.5773409572785702,0.07981230595953084,0.0055991558427337385,0.08000846660653473,0.9995950668872124
83,old_285_replay,426113,4,0.800000011920929,corner,task,2,P11,7.7922245250246815,0.40774512164775084,0.4655405335530759,0.1898218814855578,0.04260503856978182,0.0586147321277842,False,False,P00,diagonal,0.063652560312172,139.228562638808,0.49174511496215384,-0.018186638970251807,-0.025475252137992444,0.03130083558834445,0.43009773436732407
83,old_285_replay,426113,4,0.800000011920929,corner,task,2,P11,7.7922245250246815,0.40774512164775084,0.4655405335530759,0.1898218814855578,0.04260503856978182,0.0586147321277842,False,False,P10,y_neighbor,0.22114394099010298,-124.185421282005,0.7358388190510068,0.0475004389648779,-0.15563918475496058,0.1627262963784429,0.9780333803201969
83,old_285_replay,426113,4,0.800000011920929,corner,task,2,P11,7.7922245250246815,0.40774512164775084,0.4655405335530759,0.1898218814855578,0.04260503856978182,0.0586147321277842,False,False,P01,x_neighbor,0.177996764958833,-23.879828669598304,0.0,0.0,0.0,0.0,0.0
83,old_285_replay,426113,4,0.800000011920929,corner,task,2,P11,7.7922245250246815,0.40774512164775084,0.4655405335530759,0.1898218814855578,0.04260503856978182,0.0586147321277842,False,False,P11,self,0.13858096432942,-127.72686751526298,0.4655405335530759,0.06272355385664698,0.015097955220883221,0.06451505607421797,0.26672399201538693
84,old_285_replay,426113,4,0.800000011920929,corner,task,3,P11,5.086109391287089,0.5567939791738572,0.43572592365539337,0.2426095708612908,0.10482093542812249,0.1198053202673109,False,False,P00,diagonal,0.063652560312172,139.228562638808,0.37272079882177755,-0.004547536140531751,-0.023284718852554766,0.02372463312660412,0.9992274842841864
84,old_285_replay,426113,4,0.800000011920929,corner,task,3,P11,5.086109391287089,0.5567939791738572,0.43572592365539337,0.2426095708612908,0.10482093542812249,0.1198053202673109,False,False,P10,y_neighbor,0.22114394099010298,-124.185421282005,0.8192815046712629,-0.06831270995869475,-0.16780719499274827,0.18117914072330454,0.9729689027870941
84,old_285_replay,426113,4,0.800000011920929,corner,task,3,P11,5.086109391287089,0.5567939791738572,0.43572592365539337,0.2426095708612908,0.10482093542812249,0.1198053202673109,False,False,P01,x_neighbor,0.177996764958833,-23.879828669598304,0.0,0.0,0.0,0.0,-0.0
84,old_285_replay,426113,4,0.800000011920929,corner,task,3,P11,5.086109391287089,0.5567939791738572,0.43572592365539337,0.2426095708612908,0.10482093542812249,0.1198053202673109,False,False,P11,self,0.13858096432942,-127.72686751526298,0.43572592365539337,0.035750377718879504,-0.048662672226148396,0.060383318683491644,0.705850499085258
101,old_285_replay,426105,2,0.800000011920929,edge,combined,-1,P10,5.686594047993436,0.5196013821091432,0.3395165012162602,0.17641324328082944,0.06904869857535843,0.08072449208977595,False,False,P00,x_neighbor,0.177287235448698,-24.2139363904075,0.519634316645559,0.005872356571302521,0.09193717812601543,0.09212453144236453,0.8704768531126337
101,old_285_replay,426105,2,0.800000011920929,edge,combined,-1,P10,5.686594047993436,0.5196013821091432,0.3395165012162602,0.17641324328082944,0.06904869857535843,0.08072449208977595,False,False,P10,self,0.136232878997807,-128.024603514836,0.3395165012162602,0.04445945951957722,-0.012756378199618923,0.046253310427953574,0.2945623166831936
101,old_285_replay,426105,2,0.800000011920929,edge,combined,-1,P10,5.686594047993436,0.5196013821091432,0.3395165012162602,0.17641324328082944,0.06904869857535843,0.08072449208977595,False,False,P01,diagonal,0.063880131359037,139.19540158061,0.6529387255068377,0.03225745497395042,-0.0264417279794407,0.041709811554779,-0.10801952138447395
101,old_285_replay,426105,2,0.800000011920929,edge,combined,-1,P10,5.686594047993436,0.5196013821091432,0.3395165012162602,0.17641324328082944,0.06904869857535843,0.08072449208977595,False,False,P11,y_neighbor,0.22114394099010298,-124.185421282005,0.43402736337389103,0.0138550987348601,0.09497726411240397,0.09598252163404575,0.9074773321309287
102,old_285_replay,426105,2,0.800000011920929,edge,task,0,P10,8.509216954905218,0.37543879927914603,0.5589432959617003,0.20984899990098912,0.03309561008893236,0.05231737541267392,False,False,P00,x_neighbor,0.177287235448698,-24.2139363904075,0.49414042807506164,0.07191478988370602,0.05002861481157617,0.08760479041686388,0.8116465707699574
102,old_285_replay,426105,2,0.800000011920929,edge,task,0,P10,8.509216954905218,0.37543879927914603,0.5589432959617003,0.20984899990098912,0.03309561008893236,0.05231737541267392,False,False,P10,self,0.136232878997807,-128.024603514836,0.5589432959617003,0.01879856223585276,-0.07378954245945873,0.07614645440538576,0.26236576120267224
102,old_285_replay,426105,2,0.800000011920929,edge,task,0,P10,8.509216954905218,0.37543879927914603,0.5589432959617003,0.20984899990098912,0.03309561008893236,0.05231737541267392,False,False,P01,diagonal,0.063880131359037,139.19540158061,0.48843477856462475,0.026229603922663623,-0.016897562408551597,0.03120127781503038,0.8492257589231458
102,old_285_replay,426105,2,0.800000011920929,edge,task,0,P10,8.509216954905218,0.37543879927914603,0.5589432959617003,0.20984899990098912,0.03309561008893236,0.05231737541267392,False,False,P11,y_neighbor,0.22114394099010298,-124.185421282005,0.45259152258071006,0.09287911590506628,0.03729681142929826,0.10008787296220942,0.9218871191933982
103,old_285_replay,426105,2,0.800000011920929,edge,task,1,P10,7.284176220360984,0.43230592614791896,0.4933079856351257,0.21325996560615731,0.05726228335049513,0.07422688494910845,False,False,P00,x_neighbor,0.177287235448698,-24.2139363904075,0.5491133261677764,-0.05979333266185507,0.07682403546991408,0.09735078354432429,0.9430598030038683
103,old_285_replay,426105,2,0.800000011920929,edge,task,1,P10,7.284176220360984,0.43230592614791896,0.4933079856351257,0.21325996560615731,0.05726228335049513,0.07422688494910845,False,False,P10,self,0.136232878997807,-128.024603514836,0.4933079856351257,0.04223001697415597,0.05227912001397451,0.06720476711568199,0.5388196281730608
103,old_285_replay,426105,2,0.800000011920929,edge,task,1,P10,7.284176220360984,0.43230592614791896,0.4933079856351257,0.21325996560615731,0.05726228335049513,0.07422688494910845,False,False,P01,diagonal,0.063880131359037,139.19540158061,0.42650265009107546,0.018785857631295692,-0.019732816503301255,0.027245045312795296,-0.9053791757150121
103,old_285_replay,426105,2,0.800000011920929,edge,task,1,P10,7.284176220360984,0.43230592614791896,0.4933079856351257,0.21325996560615731,0.05726228335049513,0.07422688494910845,False,False,P11,y_neighbor,0.22114394099010298,-124.185421282005,0.5227018810988197,-0.06877125509893964,0.0929091317558089,0.11559235394913318,0.9508258992790122
116,old_285_replay,426109,2,0.6000000238418579,edge,combined,-1,P11,3.286082163063498,0.6850083916909813,0.37484808989463403,0.2567740871871596,0.13823671312410063,0.1511275413495476,False,False,P00,diagonal,0.063652560312172,139.228562638808,0.0,-0.0,0.0,0.0,0.0
116,old_285_replay,426109,2,0.6000000238418579,edge,combined,-1,P11,3.286082163063498,0.6850083916909813,0.37484808989463403,0.2567740871871596,0.13823671312410063,0.1511275413495476,False,False,P10,y_neighbor,0.22114394099010298,-124.185421282005,0.927086259049555,-0.1586398782779253,0.1298706590258195,0.20501950896399013,0.9998106641465336
116,old_285_replay,426109,2,0.6000000238418579,edge,combined,-1,P11,3.286082163063498,0.6850083916909813,0.37484808989463403,0.2567740871871596,0.13823671312410063,0.1511275413495476,False,False,P01,x_neighbor,0.177996764958833,-23.879828669598304,0.0,0.0,0.0,0.0,0.0
116,old_285_replay,426109,2,0.6000000238418579,edge,combined,-1,P11,3.286082163063498,0.6850083916909813,0.37484808989463403,0.2567740871871596,0.13823671312410063,0.1511275413495476,False,False,P11,self,0.13858096432942,-127.72686751526298,0.37484808989463403,-0.04317404008087808,0.02888725166673553,0.051946809774639495,0.9970467097319622
117,old_285_replay,426109,2,0.6000000238418579,edge,task,0,P11,9.070516379938505,0.35194449864840727,0.6899109597368983,0.24281036683664417,0.024641365288512185,0.048367039535168965,False,False,P00,diagonal,0.063652560312172,139.228562638808,0.0,-0.0,0.0,0.0,0.0
117,old_285_replay,426109,2,0.6000000238418579,edge,task,0,P11,9.070516379938505,0.35194449864840727,0.6899109597368983,0.24281036683664417,0.024641365288512185,0.048367039535168965,False,False,P10,y_neighbor,0.22114394099010298,-124.185421282005,0.7238942336365003,-0.10247765171406954,-0.12298569702965936,0.16008482368638605,0.9704468778532371
117,old_285_replay,426109,2,0.6000000238418579,edge,task,0,P11,9.070516379938505,0.35194449864840727,0.6899109597368983,0.24281036683664417,0.024641365288512185,0.048367039535168965,False,False,P01,x_neighbor,0.177996764958833,-23.879828669598304,0.0,0.0,0.0,0.0,-0.0
117,old_285_replay,426109,2,0.6000000238418579,edge,task,0,P11,9.070516379938505,0.35194449864840727,0.6899109597368983,0.24281036683664417,0.024641365288512185,0.048367039535168965,False,False,P11,self,0.13858096432942,-127.72686751526298,0.6899109597368983,-0.09337770028210146,-0.020532787277421,0.095608526101775,0.9147358825028602
118,old_285_replay,426109,2,0.6000000238418579,edge,task,1,P11,5.575155799582227,0.5263107128721298,0.44724710587837563,0.2353909431248448,0.09395898997542987,0.1093395821983408,False,False,P00,diagonal,0.063652560312172,139.228562638808,0.0,-0.0,0.0,0.0,0.0
118,old_285_replay,426109,2,0.6000000238418579,edge,task,1,P11,5.575155799582227,0.5263107128721298,0.44724710587837563,0.2353909431248448,0.09395898997542987,0.1093395821983408,False,False,P10,y_neighbor,0.22114394099010298,-124.185421282005,0.894410428441933,-0.024550763024084543,0.19626387266728096,0.19779344700829557,0.9739260742905694
118,old_285_replay,426109,2,0.6000000238418579,edge,task,1,P11,5.575155799582227,0.5263107128721298,0.44724710587837563,0.2353909431248448,0.09395898997542987,0.1093395821983408,False,False,P01,x_neighbor,0.177996764958833,-23.879828669598304,0.0,0.0,0.0,0.0,0.0
118,old_285_replay,426109,2,0.6000000238418579,edge,task,1,P11,5.575155799582227,0.5263107128721298,0.44724710587837563,0.2353909431248448,0.09395898997542987,0.1093395821983408,False,False,P11,self,0.13858096432942,-127.72686751526298,0.44724710587837563,0.049084231203910596,0.03784508710203965,0.061979935226167494,0.6898159477521516
135,old_285_replay,426110,4,0.699999988079071,edge,combined,-1,P10,7.352835026008848,0.4289021751086795,0.4186210468342758,0.17954747753349326,0.047167879085460135,0.06156403622691521,False,False,P00,x_neighbor,0.177287235448698,-24.2139363904075,0.5464885299268422,-0.07333159002240744,0.06331876909419615,0.09688544067515291,0.9883695759203301
135,old_285_replay,426110,4,0.699999988079071,edge,combined,-1,P10,7.352835026008848,0.4289021751086795,0.4186210468342758,0.17954747753349326,0.047167879085460135,0.06156403622691521,False,False,P10,self,0.136232878997807,-128.024603514836,0.4186210468342758,0.05182609637780505,0.023800650811843932,0.057029950419309194,-0.2718987994042648
135,old_285_replay,426110,4,0.699999988079071,edge,combined,-1,P10,7.352835026008848,0.4289021751086795,0.4186210468342758,0.17954747753349326,0.047167879085460135,0.06156403622691521,False,False,P01,diagonal,0.063880131359037,139.19540158061,0.5174868771916946,0.015568375602173038,0.029161610115969617,0.033057129691583295,0.3658513182006145
135,old_285_replay,426110,4,0.699999988079071,edge,combined,-1,P10,7.352835026008848,0.4289021751086795,0.4186210468342758,0.17954747753349326,0.047167879085460135,0.06156403622691521,False,False,P11,y_neighbor,0.22114394099010298,-124.185421282005,0.5082460187268825,-0.11053566462148577,0.020362255898538413,0.11239552757379247,0.7758425809139713
136,old_285_replay,426110,4,0.699999988079071,edge,task,0,P11,6.271222251689999,0.48577916877637256,0.4493541027444441,0.21828686251744878,0.07618861845607255,0.0916416691905893,False,False,P00,diagonal,0.063652560312172,139.228562638808,0.5144890806587454,-0.021773598241461984,-0.02446176129648526,0.03274854723658472,0.6140493101589554
136,old_285_replay,426110,4,0.699999988079071,edge,task,0,P11,6.271222251689999,0.48577916877637256,0.4493541027444441,0.21828686251744878,0.07618861845607255,0.0916416691905893,False,False,P10,y_neighbor,0.22114394099010298,-124.185421282005,0.5179272860762303,0.067465181251712,-0.09255838612399746,0.11453648118920608,0.9015046051295028
136,old_285_replay,426110,4,0.699999988079071,edge,task,0,P11,6.271222251689999,0.48577916877637256,0.4493541027444441,0.21828686251744878,0.07618861845607255,0.0916416691905893,False,False,P01,x_neighbor,0.177996764958833,-23.879828669598304,0.5149108972617933,0.05205517819261804,-0.07543496805422824,0.0916524739546492,0.9123798650317375
136,old_285_replay,426110,4,0.699999988079071,edge,task,0,P11,6.271222251689999,0.48577916877637256,0.4493541027444441,0.21828686251744878,0.07618861845607255,0.0916416691905893,False,False,P11,self,0.13858096432942,-127.72686751526298,0.4493541027444441,-0.058174668533375974,-0.022214872715228408,0.06227192488370634,0.18147186930955367
137,old_285_replay,426110,4,0.699999988079071,edge,task,1,P11,7.251588601879111,0.4339308927912284,0.5052248612710635,0.219232675111677,0.059466545895761724,0.07684096256599529,False,False,P00,diagonal,0.063652560312172,139.228562638808,0.5602041706473362,0.029381004722177927,-0.020205944036630095,0.035658429759259855,-0.6153041279117242
137,old_285_replay,426110,4,0.699999988079071,edge,task,1,P11,7.251588601879111,0.4339308927912284,0.5052248612710635,0.219232675111677,0.059466545895761724,0.07684096256599529,False,False,P10,y_neighbor,0.22114394099010298,-124.185421282005,0.4384443570050899,-0.035799814693449256,0.09010816637721131,0.09695931301297725,0.9499123508849906
137,old_285_replay,426110,4,0.699999988079071,edge,task,1,P11,7.251588601879111,0.4339308927912284,0.5052248612710635,0.219232675111677,0.059466545895761724,0.07684096256599529,False,False,P01,x_neighbor,0.177996764958833,-23.879828669598304,0.4885546624726524,-0.028191362486269664,0.08226474694912977,0.0869611494256867,0.9638204076358697
137,old_285_replay,426110,4,0.699999988079071,edge,task,1,P11,7.251588601879111,0.4339308927912284,0.5052248612710635,0.219232675111677,0.059466545895761724,0.07684096256599529,False,False,P11,self,0.13858096432942,-127.72686751526298,0.5052248612710635,0.0213909935392629,0.06666680128820661,0.07001454847814141,0.9320302151983842
138,old_285_replay,426110,4,0.699999988079071,edge,task,2,P10,8.206078481668982,0.3887729821398326,0.5412492396731473,0.21042308098864645,0.03926504306849499,0.05787831912318028,False,False,P00,x_neighbor,0.177287235448698,-24.2139363904075,0.5497386815610233,-0.09723879808693389,0.006587076477167334,0.09746165107316594,0.7581885228368115
138,old_285_replay,426110,4,0.699999988079071,edge,task,2,P10,8.206078481668982,0.3887729821398326,0.5412492396731473,0.21042308098864645,0.03926504306849499,0.05787831912318028,False,False,P10,self,0.136232878997807,-128.024603514836,0.5412492396731473,0.004472726409451316,0.07360016227601357,0.07373594217604691,0.6572829484242025
138,old_285_replay,426110,4,0.699999988079071,edge,task,2,P10,8.206078481668982,0.3887729821398326,0.5412492396731473,0.21042308098864645,0.03926504306849499,0.05787831912318028,False,False,P01,diagonal,0.063880131359037,139.19540158061,0.45803073405153094,0.025172912573625313,0.01491366041525776,0.029259063457687938,-0.2551897197538696
138,old_285_replay,426110,4,0.699999988079071,edge,task,2,P10,8.206078481668982,0.3887729821398326,0.5412492396731473,0.21042308098864645,0.03926504306849499,0.05787831912318028,False,False,P11,y_neighbor,0.22114394099010298,-124.185421282005,0.44163842329742126,-0.08230933645548694,0.05257142334947683,0.09766566142064707,0.9781330414844236
139,old_285_replay,426110,4,0.699999988079071,edge,task,3,P10,7.016536725291353,0.4458339777747495,0.5184293039976164,0.23113339879625217,0.06719165815542177,0.0850201686508329,False,False,P00,x_neighbor,0.177287235448698,-24.2139363904075,0.5212848188963671,0.0797876196522323,-0.046635440746571874,0.09241714442351215,0.9100695600130623
139,old_285_replay,426110,4,0.699999988079071,edge,task,3,P10,7.016536725291353,0.4458339777747495,0.5184293039976164,0.23113339879625217,0.06719165815542177,0.0850201686508329,False,False,P10,self,0.136232878997807,-128.024603514836,0.5184293039976164,0.04660984460664231,-0.0530632828864253,0.07062711664042458,0.9943627868035909
139,old_285_replay,426110,4,0.699999988079071,edge,task,3,P10,7.016536725291353,0.4458339777747495,0.5184293039976164,0.23113339879625217,0.06719165815542177,0.0850201686508329,False,False,P01,diagonal,0.063880131359037,139.19540158061,0.4273017450943182,0.002821741214352247,0.02714985070886266,0.027296091606570788,-0.753075863003809
139,old_285_replay,426110,4,0.699999988079071,edge,task,3,P10,7.016536725291353,0.4458339777747495,0.5184293039976164,0.23113339879625217,0.06719165815542177,0.0850201686508329,False,False,P11,y_neighbor,0.22114394099010298,-124.185421282005,0.5262189937837115,0.0040429125553315265,-0.11629989179951918,0.11637014210917646,0.8365927744465677
156,old_285_replay,426102,2,0.699999988079071,edge,combined,-1,P11,5.161153980837895,0.5520040968260775,0.4338570474899915,0.23949086765134137,0.10229322275292019,0.11721333792588301,False,False,P00,diagonal,0.063652560312172,139.228562638808,0.0,-0.0,0.0,0.0,0.0
156,old_285_replay,426102,2,0.699999988079071,edge,combined,-1,P11,5.161153980837895,0.5520040968260775,0.4338570474899915,0.23949086765134137,0.10229322275292019,0.11721333792588301,False,False,P10,y_neighbor,0.22114394099010298,-124.185421282005,0.9009817145463666,0.16600477325670976,0.1101891176227463,0.1992466471148035,0.9790922933978989
156,old_285_replay,426102,2,0.699999988079071,edge,combined,-1,P11,5.161153980837895,0.5520040968260775,0.4338570474899915,0.23949086765134137,0.10229322275292019,0.11721333792588301,False,False,P01,x_neighbor,0.177996764958833,-23.879828669598304,0.0,0.0,0.0,0.0,0.0
156,old_285_replay,426102,2,0.699999988079071,edge,combined,-1,P11,5.161153980837895,0.5520040968260775,0.4338570474899915,0.23949086765134137,0.10229322275292019,0.11721333792588301,False,False,P11,self,0.13858096432942,-127.72686751526298,0.4338570474899915,0.002416581580230632,0.06007574347102641,0.06012432802227799,0.7386362964324727
158,old_285_replay,426102,2,0.699999988079071,edge,task,1,P10,8.872891279377521,0.3600438823360951,0.6654956509633638,0.23960763785063635,0.02915943485257047,0.05204547950004923,False,False,P00,x_neighbor,0.177287235448698,-24.2139363904075,0.0,0.0,0.0,0.0,0.0
158,old_285_replay,426102,2,0.699999988079071,edge,task,1,P10,8.872891279377521,0.3600438823360951,0.6654956509633638,0.23960763785063635,0.02915943485257047,0.05204547950004923,False,False,P10,self,0.136232878997807,-128.024603514836,0.6654956509633638,0.01980043796912318,0.08847378901782624,0.09066238849125874,0.8835161593319127
158,old_285_replay,426102,2,0.699999988079071,edge,task,1,P10,8.872891279377521,0.3600438823360951,0.6654956509633638,0.23960763785063635,0.02915943485257047,0.05204547950004923,False,False,P01,diagonal,0.063880131359037,139.19540158061,0.0,-0.0,0.0,0.0,0.0
158,old_285_replay,426102,2,0.699999988079071,edge,task,1,P10,8.872891279377521,0.3600438823360951,0.6654956509633638,0.23960763785063635,0.02915943485257047,0.05204547950004923,False,False,P11,y_neighbor,0.22114394099010298,-124.185421282005,0.7464017449882423,0.13595678221371763,0.09360176803823705,0.16506222344858978,0.9663383252841091
175,old_285_replay,426113,4,0.800000011920929,edge,combined,-1,P10,-2.521052488407915,1.3367574845864334,0.17475516858322312,0.23360527957378743,0.17834284301281889,0.18435258114526762,False,False,P00,x_neighbor,0.177287235448698,-24.2139363904075,0.0,0.0,0.0,0.0,0.0
175,old_285_replay,426113,4,0.800000011920929,edge,combined,-1,P10,-2.521052488407915,1.3367574845864334,0.17475516858322312,0.23360527957378743,0.17834284301281889,0.18435258114526762,False,False,P10,self,0.136232878997807,-128.024603514836,0.17475516858322312,0.016878331284248316,0.016790301225446197,0.0238073997358396,0.6946905706349011
175,old_285_replay,426113,4,0.800000011920929,edge,combined,-1,P10,-2.521052488407915,1.3367574845864334,0.17475516858322312,0.23360527957378743,0.17834284301281889,0.18435258114526762,False,False,P01,diagonal,0.063880131359037,139.19540158061,0.0,-0.0,0.0,0.0,0.0
175,old_285_replay,426113,4,0.800000011920929,edge,combined,-1,P10,-2.521052488407915,1.3367574845864334,0.17475516858322312,0.23360527957378743,0.17834284301281889,0.18435258114526762,False,False,P11,y_neighbor,0.22114394099010298,-124.185421282005,0.9846119437427764,-0.020334145949327864,0.21678941533776058,0.21774096558520317,0.9969024564696558
177,old_285_replay,426113,4,0.800000011920929,edge,task,1,P10,9.461268628579413,0.33646242334241744,0.7110070211375038,0.23922714534539788,0.014386983428798378,0.038838140107085334,False,False,P00,x_neighbor,0.177287235448698,-24.2139363904075,0.0,0.0,0.0,0.0,0.0
177,old_285_replay,426113,4,0.800000011920929,edge,task,1,P10,9.461268628579413,0.33646242334241744,0.7110070211375038,0.23922714534539788,0.014386983428798378,0.038838140107085334,False,False,P10,self,0.136232878997807,-128.024603514836,0.7110070211375038,-0.05701312862582575,0.07830615273348566,0.09686253347721675,0.9155419970810139
177,old_285_replay,426113,4,0.800000011920929,edge,task,1,P10,9.461268628579413,0.33646242334241744,0.7110070211375038,0.23922714534539788,0.014386983428798378,0.038838140107085334,False,False,P01,diagonal,0.063880131359037,139.19540158061,0.0,-0.0,0.0,0.0,0.0
177,old_285_replay,426113,4,0.800000011920929,edge,task,1,P10,9.461268628579413,0.33646242334241744,0.7110070211375038,0.23922714534539788,0.014386983428798378,0.038838140107085334,False,False,P11,y_neighbor,0.22114394099010298,-124.185421282005,0.7031848909598006,0.005885589494671661,0.15539365858971682,0.15550507803154615,0.9681061860423638
178,old_285_replay,426113,4,0.800000011920929,edge,task,2,P11,8.79583701469919,0.36325211303472477,0.6354757392215691,0.2308379050545387,0.029882831682603223,0.051736507389065545,False,False,P00,diagonal,0.063652560312172,139.228562638808,0.0,-0.0,0.0,0.0,0.0
178,old_285_replay,426113,4,0.800000011920929,edge,task,2,P11,8.79583701469919,0.36325211303472477,0.6354757392215691,0.2308379050545387,0.029882831682603223,0.051736507389065545,False,False,P10,y_neighbor,0.22114394099010298,-124.185421282005,0.7721208013685817,0.07420181816229592,0.1537842547036841,0.1707498369350847,0.9474212352687779
178,old_285_replay,426113,4,0.800000011920929,edge,task,2,P11,8.79583701469919,0.36325211303472477,0.6354757392215691,0.2308379050545387,0.029882831682603223,0.051736507389065545,False,False,P01,x_neighbor,0.177996764958833,-23.879828669598304,0.0,0.0,0.0,0.0,0.0
178,old_285_replay,426113,4,0.800000011920929,edge,task,2,P11,8.79583701469919,0.36325211303472477,0.6354757392215691,0.2308379050545387,0.029882831682603223,0.051736507389065545,False,False,P11,self,0.13858096432942,-127.72686751526298,0.6354757392215691,-0.04568861442240407,0.07528589966491897,0.08806484074927608,0.7842617216579262
179,old_285_replay,426113,4,0.800000011920929,edge,task,3,P10,8.841123414219858,0.3613631216907279,0.5845495830504861,0.21123466211413705,0.026383853340007757,0.046486205379412726,False,False,P00,x_neighbor,0.177287235448698,-24.2139363904075,0.0,0.0,0.0,0.0,0.0
179,old_285_replay,426113,4,0.800000011920929,edge,task,3,P10,8.841123414219858,0.3613631216907279,0.5845495830504861,0.21123466211413705,0.026383853340007757,0.046486205379412726,False,False,P10,self,0.136232878997807,-128.024603514836,0.5845495830504861,0.047537515561609345,-0.06388972961897717,0.07963487261593541,0.5578462212439976
179,old_285_replay,426113,4,0.800000011920929,edge,task,3,P10,8.841123414219858,0.3613631216907279,0.5845495830504861,0.21123466211413705,0.026383853340007757,0.046486205379412726,False,False,P01,diagonal,0.063880131359037,139.19540158061,0.0,-0.0,0.0,0.0,0.0
179,old_285_replay,426113,4,0.800000011920929,edge,task,3,P10,8.841123414219858,0.3613631216907279,0.5845495830504861,0.21123466211413705,0.026383853340007757,0.046486205379412726,False,False,P11,y_neighbor,0.22114394099010298,-124.185421282005,0.8113579783477474,0.16345488943183561,0.07400345858290272,0.1794269008855835,0.9296858415475935
196,old_285_replay,426105,2,0.800000011920929,interior,combined,-1,P01,7.043442971724287,0.44445505644403493,0.3104776415677702,0.13799335770761417,0.03981170671646167,0.050488869154229524,False,False,P00,y_neighbor,0.221120650005401,-124.185373834792,0.3585729882835092,0.024171406449844092,-0.07551366079507531,0.07928789224362859,0.08460478344596153
196,old_285_replay,426105,2,0.800000011920929,interior,combined,-1,P01,7.043442971724287,0.44445505644403493,0.3104776415677702,0.13799335770761417,0.03981170671646167,0.050488869154229524,False,False,P10,diagonal,0.0638801313590369,139.19540158061,0.6867219880834962,-0.0336529720586131,-0.028140172625300063,0.04386789080591271,0.9547654081627694
196,old_285_replay,426105,2,0.800000011920929,interior,combined,-1,P01,7.043442971724287,0.44445505644403493,0.3104776415677702,0.13799335770761417,0.03981170671646167,0.050488869154229524,False,False,P01,self,0.138642679019854,-127.753500672212,0.3104776415677702,-0.0416226080688846,-0.010975856944340844,0.04304545200272164,0.9906760817527627
196,old_285_replay,426105,2,0.800000011920929,interior,combined,-1,P01,7.043442971724287,0.44445505644403493,0.3104776415677702,0.13799335770761417,0.03981170671646167,0.050488869154229524,False,False,P11,x_neighbor,0.177996764958833,-23.879828669598304,0.5508556783768602,-0.07629010103917795,0.06159323553604196,0.09805052871028448,0.4768722715889944
197,old_285_replay,426105,2,0.800000011920929,interior,task,0,P10,6.229798611132212,0.48810141811395424,0.44227251251929117,0.2158738405534876,0.07601499194885816,0.09122451052830613,False,False,P00,x_neighbor,0.177287235448698,-24.2139363904075,0.45745277059866957,-0.02992603478029113,0.07537724823690531,0.08110053704778557,0.8018401323130582
197,old_285_replay,426105,2,0.800000011920929,interior,task,0,P10,6.229798611132212,0.48810141811395424,0.44227251251929117,0.2158738405534876,0.07601499194885816,0.09122451052830613,False,False,P10,self,0.136232878997807,-128.024603514836,0.44227251251929117,0.05909434578313244,-0.011754520466198622,0.060252057682096676,0.06609936441519078
197,old_285_replay,426105,2,0.800000011920929,interior,task,0,P10,6.229798611132212,0.48810141811395424,0.44227251251929117,0.2158738405534876,0.07601499194885816,0.09122451052830613,False,False,P01,diagonal,0.063880131359037,139.19540158061,0.5298259929120946,0.02665674580735484,0.020854876936017237,0.03384535402465682,0.7994511071575359
197,old_285_replay,426105,2,0.800000011920929,interior,task,0,P10,6.229798611132212,0.48810141811395424,0.44227251251929117,0.2158738405534876,0.07601499194885816,0.09122451052830613,False,False,P11,y_neighbor,0.22114394099010298,-124.185421282005,0.5607284358643834,0.00019242626920830397,0.12400154682829459,0.12400169613226594,0.9661468388625759
198,old_285_replay,426105,2,0.800000011920929,interior,task,1,P10,6.042059892545347,0.49876618908946607,0.4433133983338229,0.22110973425926134,0.08092172865882391,0.09616704275277273,False,False,P00,x_neighbor,0.177287235448698,-24.2139363904075,0.5711682287927754,0.0899160152322565,-0.046571097953389956,0.10126083625880059,0.9611792336021183
198,old_285_replay,426105,2,0.800000011920929,interior,task,1,P10,6.042059892545347,0.49876618908946607,0.4433133983338229,0.22110973425926134,0.08092172865882391,0.09616704275277273,False,False,P10,self,0.136232878997807,-128.024603514836,0.4433133983338229,0.005748026402202233,-0.060119702136764146,0.06039386055331831,0.7531043644430518
198,old_285_replay,426105,2,0.800000011920929,interior,task,1,P10,6.042059892545347,0.49876618908946607,0.4433133983338229,0.22110973425926134,0.08092172865882391,0.09616704275277273,False,False,P01,diagonal,0.063880131359037,139.19540158061,0.49626872134395356,-0.0316832129197038,-0.001082823306280711,0.031701711108833075,-0.702699794745029
198,old_285_replay,426105,2,0.800000011920929,interior,task,1,P10,6.042059892545347,0.49876618908946607,0.4433133983338229,0.22110973425926134,0.08092172865882391,0.09616704275277273,False,False,P11,y_neighbor,0.22114394099010298,-124.185421282005,0.48058029669308905,0.09667567722436246,-0.04414412304431353,0.1062774207729027,0.9463329695025395
211,old_285_replay,426109,2,0.6000000238418579,interior,combined,-1,P11,8.08552530989971,0.3942064577913554,0.5645901541451191,0.22256508476942274,0.044026001609009546,0.06344195940916567,False,False,P00,diagonal,0.063652560312172,139.228562638808,0.29066020621930616,-0.01360907126285831,-0.01253355633149339,0.018501266306722736,0.08312264841001252
211,old_285_replay,426109,2,0.6000000238418579,interior,combined,-1,P11,8.08552530989971,0.3942064577913554,0.5645901541451191,0.22256508476942274,0.044026001609009546,0.06344195940916567,False,False,P10,y_neighbor,0.22114394099010298,-124.185421282005,0.5752428373908143,0.0837014326168367,-0.09579576081811805,0.12721146808693365,0.9983726042583985
211,old_285_replay,426109,2,0.6000000238418579,interior,combined,-1,P11,8.08552530989971,0.3942064577913554,0.5645901541451191,0.22256508476942274,0.044026001609009546,0.06344195940916567,False,False,P01,x_neighbor,0.177996764958833,-23.879828669598304,0.5156066934016788,0.09152411544454575,0.006799252309293451,0.09177632341661966,0.5537902896137588
211,old_285_replay,426109,2,0.6000000238418579,interior,combined,-1,P11,8.08552530989971,0.3942064577913554,0.5645901541451191,0.22256508476942274,0.044026001609009546,0.06344195940916567,False,False,P11,self,0.13858096432942,-127.72686751526298,0.5645901541451191,-0.024971352628070206,-0.07414954979627429,0.07824144801232649,0.5521105526855992
212,old_285_replay,426109,2,0.6000000238418579,interior,task,0,P11,7.591452033075058,0.4172798353442676,0.5371856723654164,0.2241567489139407,0.05428372380557203,0.07275725592248983,False,False,P00,diagonal,0.063652560312172,139.228562638808,0.34745181660206825,0.00036939372395184723,-0.022113112614595067,0.02211619771183687,0.568544643080056
212,old_285_replay,426109,2,0.6000000238418579,interior,task,0,P11,7.591452033075058,0.4172798353442676,0.5371856723654164,0.2241567489139407,0.05428372380557203,0.07275725592248983,False,False,P10,y_neighbor,0.22114394099010298,-124.185421282005,0.5780077910725945,0.12004146216006757,-0.04391749599807309,0.12782292084077762,0.9719749704477485
212,old_285_replay,426109,2,0.6000000238418579,interior,task,0,P11,7.591452033075058,0.4172798353442676,0.5371856723654164,0.2241567489139407,0.05428372380557203,0.07275725592248983,False,False,P01,x_neighbor,0.177996764958833,-23.879828669598304,0.5065725843702217,0.08930923221152269,0.012416923234625014,0.09016828123473494,0.7477165271882434
212,old_285_replay,426109,2,0.6000000238418579,interior,task,0,P11,7.591452033075058,0.4172798353442676,0.5371856723654164,0.2241567489139407,0.05428372380557203,0.07275725592248983,False,False,P11,self,0.13858096432942,-127.72686751526298,0.5371856723654164,-0.023214114748703156,-0.0707316803965431,0.07444370850034726,0.2676076966981689
213,old_285_replay,426109,2,0.6000000238418579,interior,task,1,P11,7.475386447510271,0.4228931763873502,0.4932044432466055,0.2085727936129116,0.0526078543354592,0.0695688951659095,False,False,P00,diagonal,0.063652560312172,139.228562638808,0.41715417631125634,-0.026551560843184357,0.00026977949888555737,0.026552931367126678,-0.283783890738646
213,old_285_replay,426109,2,0.6000000238418579,interior,task,1,P11,7.475386447510271,0.4228931763873502,0.4932044432466055,0.2085727936129116,0.0526078543354592,0.0695688951659095,False,False,P10,y_neighbor,0.22114394099010298,-124.185421282005,0.6270410164221714,0.02862575536461085,-0.1356794562842397,0.13866632153403888,0.9975756729408656
213,old_285_replay,426109,2,0.6000000238418579,interior,task,1,P11,7.475386447510271,0.4228931763873502,0.4932044432466055,0.2085727936129116,0.0526078543354592,0.0695688951659095,False,False,P01,x_neighbor,0.177996764958833,-23.879828669598304,0.43537497229039707,0.077492937209092,-0.0006098190497266544,0.07749533661173223,0.2815862851793546
213,old_285_replay,426109,2,0.6000000238418579,interior,task,1,P11,7.475386447510271,0.4228931763873502,0.4932044432466055,0.2085727936129116,0.0526078543354592,0.0695688951659095,False,False,P11,self,0.13858096432942,-127.72686751526298,0.4932044432466055,-0.022412580562992113,-0.06456955550205681,0.06834874735666929,0.8186882273206194
230,old_285_replay,426110,4,0.699999988079071,interior,combined,-1,P11,5.677805485419947,0.5201273915905144,0.3184223550003228,0.16562018893042668,0.0649261989588541,0.07587657590383266,False,False,P00,diagonal,0.063652560312172,139.228562638808,0.6267653270888529,0.034447862342966006,-0.020123945488918098,0.039895217784101426,0.5474118905566618
230,old_285_replay,426110,4,0.699999988079071,interior,combined,-1,P11,5.677805485419947,0.5201273915905144,0.3184223550003228,0.16562018893042668,0.0649261989588541,0.07587657590383266,False,False,P10,y_neighbor,0.22114394099010298,-124.185421282005,0.30888337751169037,0.00822229715464302,0.06781101672075969,0.06830768740926896,0.550933022836347
230,old_285_replay,426110,4,0.699999988079071,interior,combined,-1,P11,5.677805485419947,0.5201273915905144,0.3184223550003228,0.16562018893042668,0.0649261989588541,0.07587657590383266,False,False,P01,x_neighbor,0.177996764958833,-23.879828669598304,0.6405961943916185,0.09146560514437686,0.06808470540600879,0.1140240502466478,0.9843633921512083
230,old_285_replay,426110,4,0.699999988079071,interior,combined,-1,P11,5.677805485419947,0.5201273915905144,0.3184223550003228,0.16562018893042668,0.0649261989588541,0.07587657590383266,False,False,P11,self,0.13858096432942,-127.72686751526298,0.3184223550003228,0.014060850293862859,-0.04182713313403732,0.04412727701998964,-0.13807761700629734
231,old_285_replay,426110,4,0.699999988079071,interior,task,0,P01,5.865569846571704,0.5090043661698493,0.39544937835631216,0.2012854601825156,0.07623338669215171,0.0898326823686587,False,False,P00,y_neighbor,0.221120650005401,-124.185373834792,0.48299028644738207,0.07491504515660372,0.0761169451687276,0.10679912608553994,0.816740751729275
231,old_285_replay,426110,4,0.699999988079071,interior,task,0,P01,5.865569846571704,0.5090043661698493,0.39544937835631216,0.2012854601825156,0.07623338669215171,0.0898326823686587,False,False,P10,diagonal,0.0638801313590369,139.19540158061,0.5342282094767067,0.013874829022812047,-0.031178707101118714,0.0341265681970751,0.23808828071248503
231,old_285_replay,426110,4,0.699999988079071,interior,task,0,P01,5.865569846571704,0.5090043661698493,0.39544937835631216,0.2012854601825156,0.07623338669215171,0.0898326823686587,False,False,P01,self,0.138642679019854,-127.753500672212,0.39544937835631216,0.017302132599482923,-0.05202445735376006,0.054826161232054985,0.14228583144435117
231,old_285_replay,426110,4,0.699999988079071,interior,task,0,P01,5.865569846571704,0.5090043661698493,0.39544937835631216,0.2012854601825156,0.07623338669215171,0.0898326823686587,False,False,P11,x_neighbor,0.177996764958833,-23.879828669598304,0.5700354469205053,0.09200242567435077,0.04278541132059462,0.10146446546371249,0.9671577071483599
232,old_285_replay,426110,4,0.699999988079071,interior,task,1,P11,5.258594304907803,0.5458461918507229,0.4414140379577168,0.24094417164867016,0.10135679653682966,0.1165367926286153,False,False,P00,diagonal,0.063652560312172,139.228562638808,0.5297496344877276,-0.004960783680053279,-0.03335301587299386,0.033719920559581146,-0.31425216181757887
232,old_285_replay,426110,4,0.699999988079071,interior,task,1,P11,5.258594304907803,0.5458461918507229,0.4414140379577168,0.24094417164867016,0.10135679653682966,0.1165367926286153,False,False,P10,y_neighbor,0.22114394099010298,-124.185421282005,0.5269684073317419,0.10964337494271031,0.03948340683302691,0.1165358703746193,0.9849632435276151
232,old_285_replay,426110,4,0.699999988079071,interior,task,1,P11,5.258594304907803,0.5458461918507229,0.4414140379577168,0.24094417164867016,0.10135679653682966,0.1165367926286153,False,False,P01,x_neighbor,0.177996764958833,-23.879828669598304,0.49681310646059923,0.07325789306811106,0.049531253797091605,0.08843112573913496,0.9120649207489987
232,old_285_replay,426110,4,0.699999988079071,interior,task,1,P11,5.258594304907803,0.5458461918507229,0.4414140379577168,0.24094417164867016,0.10135679653682966,0.1165367926286153,False,False,P11,self,0.13858096432942,-127.72686751526298,0.4414140379577168,0.05944777650946878,-0.01441958531883417,0.06117158304872358,0.9171293307162269
233,old_285_replay,426110,4,0.699999988079071,interior,task,2,P10,5.812968990258657,0.512096196833479,0.44514936519563947,0.22795929693952444,0.08719070763989381,0.10249915966646472,False,False,P00,x_neighbor,0.177287235448698,-24.2139363904075,0.44599965841660344,-0.017795056613110698,-0.07704160048971609,0.07907004645174326,0.8254798071649058
233,old_285_replay,426110,4,0.699999988079071,interior,task,2,P10,5.812968990258657,0.512096196833479,0.44514936519563947,0.22795929693952444,0.08719070763989381,0.10249915966646472,False,False,P10,self,0.136232878997807,-128.024603514836,0.44514936519563947,-0.06034577615613955,0.0060066265409196955,0.06064397960464815,0.6650295219688979
233,old_285_replay,426110,4,0.699999988079071,interior,task,2,P10,5.812968990258657,0.512096196833479,0.44514936519563947,0.22795929693952444,0.08719070763989381,0.10249915966646472,False,False,P01,diagonal,0.063880131359037,139.19540158061,0.5338862822046907,-0.02493681319050027,0.023265589878377083,0.03410472583802354,0.07592914354547788
233,old_285_replay,426110,4,0.699999988079071,interior,task,2,P10,5.812968990258657,0.512096196833479,0.44514936519563947,0.22795929693952444,0.08719070763989381,0.10249915966646472,False,False,P11,y_neighbor,0.22114394099010298,-124.185421282005,0.5638189264872755,-0.06463876782992767,-0.10662182554558093,0.12468513940820529,0.9605714956888624
234,old_285_replay,426110,4,0.699999988079071,interior,task,3,P10,6.919492535280671,0.45084304384175516,0.3932694493694718,0.1773027956037037,0.05294007618692369,0.06646440525463476,False,False,P00,x_neighbor,0.177287235448698,-24.2139363904075,0.569300691119992,-0.1004485790381715,-0.00984360349456019,0.10092974566769652,0.8157086424410924
234,old_285_replay,426110,4,0.699999988079071,interior,task,3,P10,6.919492535280671,0.45084304384175516,0.3932694493694718,0.1773027956037037,0.05294007618692369,0.06646440525463476,False,False,P10,self,0.136232878997807,-128.024603514836,0.3932694493694718,-0.04970428017458407,0.019997421817549762,0.05357622930948544,0.9906783208849903
234,old_285_replay,426110,4,0.699999988079071,interior,task,3,P10,6.919492535280671,0.45084304384175516,0.3932694493694718,0.1773027956037037,0.05294007618692369,0.06646440525463476,False,False,P01,diagonal,0.063880131359037,139.19540158061,0.5197113197766572,0.00674968154821573,-0.03250585327857765,0.03319922737611135,-0.6623074273102003
234,old_285_replay,426110,4,0.699999988079071,interior,task,3,P10,6.919492535280671,0.45084304384175516,0.3932694493694718,0.1773027956037037,0.05294007618692369,0.06646440525463476,False,False,P11,y_neighbor,0.22114394099010298,-124.185421282005,0.5011347130787982,-0.010537660180857632,0.11032077811101676,0.11082290541718993,0.5764585897037982
251,old_285_replay,426102,2,0.699999988079071,interior,combined,-1,P11,8.050597201024004,0.39579485090299876,0.5100653536447405,0.20188124059660548,0.040584413290940785,0.0581252919424351,False,False,P00,diagonal,0.063652560312172,139.228562638808,0.4735882160554106,0.0043364878686904685,-0.02983156175650356,0.030145102485600966,0.33905743291386337
251,old_285_replay,426102,2,0.699999988079071,interior,combined,-1,P11,8.050597201024004,0.39579485090299876,0.5100653536447405,0.20188124059660548,0.040584413290940785,0.0581252919424351,False,False,P10,y_neighbor,0.22114394099010298,-124.185421282005,0.47763517464483873,0.10273599680231728,0.02453962545457613,0.10562612487645577,0.9064363861791018
251,old_285_replay,426102,2,0.699999988079071,interior,combined,-1,P11,8.050597201024004,0.39579485090299876,0.5100653536447405,0.20188124059660548,0.040584413290940785,0.0581252919424351,False,False,P01,x_neighbor,0.177996764958833,-23.879828669598304,0.5361083576512797,0.08856516466068498,0.03552812740397113,0.0954255533293208,0.8347820121322893
251,old_285_replay,426102,2,0.699999988079071,interior,combined,-1,P11,8.050597201024004,0.39579485090299876,0.5100653536447405,0.20188124059660548,0.040584413290940785,0.0581252919424351,False,False,P11,self,0.13858096432942,-127.72686751526298,0.5100653536447405,0.0021565920845325673,-0.07065244238051431,0.07068534857911478,0.22999704356711873
252,old_285_replay,426102,2,0.699999988079071,interior,task,0,P11,5.812797273990529,0.5121063208530939,0.4148219281460663,0.2124329314320685,0.08125471979964069,0.09552022725196023,False,False,P00,diagonal,0.063652560312172,139.228562638808,0.5298446293373906,0.02317163612343227,-0.02450543092099351,0.03372596722497868,0.528898318742353
252,old_285_replay,426102,2,0.699999988079071,interior,task,0,P11,5.812797273990529,0.5121063208530939,0.4148219281460663,0.2124329314320685,0.08125471979964069,0.09552022725196023,False,False,P10,y_neighbor,0.22114394099010298,-124.185421282005,0.525994713208948,0.0937775091845192,0.06882040166616293,0.11632054381898575,0.9077240009582538
252,old_285_replay,426102,2,0.699999988079071,interior,task,0,P11,5.812797273990529,0.5121063208530939,0.4148219281460663,0.2124329314320685,0.08125471979964069,0.09552022725196023,False,False,P01,x_neighbor,0.177996764958833,-23.879828669598304,0.5201124648734559,0.07571964781729575,0.053266154929686615,0.0925783361622398,0.9159529523247799
252,old_285_replay,426102,2,0.699999988079071,interior,task,0,P11,5.812797273990529,0.5121063208530939,0.4148219281460663,0.2124329314320685,0.08125471979964069,0.09552022725196023,False,False,P11,self,0.13858096432942,-127.72686751526298,0.4148219281460663,0.015524222695228941,-0.05535058553626822,0.05748642282747123,0.07325163236067858
253,old_285_replay,426102,2,0.699999988079071,interior,task,1,P01,6.648973504025304,0.46510533893588313,0.48654831405412724,0.22629621851682735,0.07243613210423183,0.08916827216026244,False,False,P00,y_neighbor,0.221120650005401,-124.185373834792,0.5306863349958639,0.10957326306147254,-0.04199660764816094,0.1173457073432694,0.9734944047043033
253,old_285_replay,426102,2,0.699999988079071,interior,task,1,P01,6.648973504025304,0.46510533893588313,0.48654831405412724,0.22629621851682735,0.07243613210423183,0.08916827216026244,False,False,P10,diagonal,0.0638801313590369,139.19540158061,0.43791394507509845,-0.010274299357022315,-0.02601890596248291,0.027974000335351357,0.21888822383199366
253,old_285_replay,426102,2,0.699999988079071,interior,task,1,P01,6.648973504025304,0.46510533893588313,0.48654831405412724,0.22629621851682735,0.07243613210423183,0.08916827216026244,False,False,P01,self,0.138642679019854,-127.753500672212,0.48654831405412724,-0.007625141590489437,-0.06702401027979518,0.06745636173305748,0.4648612800183512
253,old_285_replay,426102,2,0.699999988079071,interior,task,1,P01,6.648973504025304,0.46510533893588313,0.48654831405412724,0.22629621851682735,0.07243613210423183,0.08916827216026244,False,False,P11,x_neighbor,0.177996764958833,-23.879828669598304,0.5383995739057773,0.09550975177411207,0.007869212176171238,0.09583338241044248,0.7782235920170194
270,old_285_replay,426113,4,0.800000011920929,interior,combined,-1,P11,5.658991467935492,0.5212552313416497,0.46573611012060445,0.24276738382507573,0.09548869416826497,0.11150511350133438,False,False,P00,diagonal,0.063652560312172,139.228562638808,0.5586970821762065,0.004608294258497592,-0.035262657448402415,0.03556249971945549,0.6327118195284266
270,old_285_replay,426113,4,0.800000011920929,interior,combined,-1,P11,5.658991467935492,0.5212552313416497,0.46573611012060445,0.24276738382507573,0.09548869416826497,0.11150511350133438,False,False,P10,y_neighbor,0.22114394099010298,-124.185421282005,0.5261489912377529,0.11615965555145105,-0.00673362220744559,0.11635466147028385,0.8789225406639432
270,old_285_replay,426113,4,0.800000011920929,interior,combined,-1,P11,5.658991467935492,0.5212552313416497,0.46573611012060445,0.24276738382507573,0.09548869416826497,0.11150511350133438,False,False,P01,x_neighbor,0.177996764958833,-23.879828669598304,0.440584466160233,0.07520250822061054,-0.022241593117656486,0.07842260966763591,0.9644233353626638
270,old_285_replay,426113,4,0.800000011920929,interior,combined,-1,P11,5.658991467935492,0.5212552313416497,0.46573611012060445,0.24276738382507573,0.09548869416826497,0.11150511350133438,False,False,P11,self,0.13858096432942,-127.72686751526298,0.46573611012060445,0.010344634353449692,-0.06370776139917651,0.06454215926354631,0.6564273792969998
271,old_285_replay,426113,4,0.800000011920929,interior,task,0,P01,6.15828852811965,0.4921364969410274,0.45046861865674437,0.2216920479675937,0.07924136302908055,0.09473274137834925,False,False,P00,y_neighbor,0.221120650005401,-124.185373834792,0.5499263583329925,0.1035982580844754,0.06367086360640592,0.12160007380969437,0.8406036106276298
271,old_285_replay,426113,4,0.800000011920929,interior,task,0,P01,6.15828852811965,0.4921364969410274,0.45046861865674437,0.2216920479675937,0.07924136302908055,0.09473274137834925,False,False,P10,diagonal,0.0638801313590369,139.19540158061,0.40990885474011984,0.008364238534042273,-0.024813209942893107,0.026185031486031234,0.33955564307128616
271,old_285_replay,426113,4,0.800000011920929,interior,task,0,P01,6.15828852811965,0.4921364969410274,0.45046861865674437,0.2216920479675937,0.07924136302908055,0.09473274137834925,False,False,P01,self,0.138642679019854,-127.753500672212,0.45046861865674437,0.009579583663042311,-0.061715117190119094,0.06245417610494402,0.17441545115505558
271,old_285_replay,426113,4,0.800000011920929,interior,task,0,P01,6.15828852811965,0.4921364969410274,0.45046861865674437,0.2216920479675937,0.07924136302908055,0.09473274137834925,False,False,P11,x_neighbor,0.177996764958833,-23.879828669598304,0.5715188035489276,0.10009959305404711,0.018131707178897977,0.10172849814485191,0.9799647117731582
272,old_285_replay,426113,4,0.800000011920929,interior,task,1,P11,4.097349340468752,0.6239252087256952,0.3798806384681416,0.2370171066470856,0.11688830099125513,0.1299521959094403,False,False,P00,diagonal,0.063652560312172,139.228562638808,0.5193233476471297,-0.020380339618965043,-0.02602610476015022,0.03305626070762799,-0.5020915046937976
272,old_285_replay,426113,4,0.800000011920929,interior,task,1,P11,4.097349340468752,0.6239252087256952,0.3798806384681416,0.2370171066470856,0.11688830099125513,0.1299521959094403,False,False,P10,y_neighbor,0.22114394099010298,-124.185421282005,0.5984533177952849,0.1320932815526025,-0.008147722394035384,0.13234432519585182,0.9970588490880179
272,old_285_replay,426113,4,0.800000011920929,interior,task,1,P11,4.097349340468752,0.6239252087256952,0.3798806384681416,0.2370171066470856,0.11688830099125513,0.1299521959094403,False,False,P01,x_neighbor,0.177996764958833,-23.879828669598304,0.47733387335526334,0.07922973952676107,0.030684037762685433,0.08496388526250616,0.8738110873449123
272,old_285_replay,426113,4,0.800000011920929,interior,task,1,P11,4.097349340468752,0.6239252087256952,0.3798806384681416,0.2370171066470856,0.11688830099125513,0.1299521959094403,False,False,P11,self,0.13858096432942,-127.72686751526298,0.3798806384681416,0.04381073088268254,-0.029189626708474897,0.05264422520899082,0.9007048466893507
273,old_285_replay,426113,4,0.800000011920929,interior,task,2,P10,6.43508503561983,0.47670065451574317,0.42612376104147565,0.20313347579318156,0.06838131079234283,0.08303548232063078,False,False,P00,x_neighbor,0.177287235448698,-24.2139363904075,0.46714809894725456,-0.018300521193401423,-0.08077216793830538,0.0828193950074736,0.6053055542076214
273,old_285_replay,426113,4,0.800000011920929,interior,task,2,P10,6.43508503561983,0.47670065451574317,0.42612376104147565,0.20313347579318156,0.06838131079234283,0.08303548232063078,False,False,P10,self,0.136232878997807,-128.024603514836,0.42612376104147565,-0.04500367298654466,0.03667031326143201,0.05805206677605377,0.4437120308887904
273,old_285_replay,426113,4,0.800000011920929,interior,task,2,P10,6.43508503561983,0.47670065451574317,0.42612376104147565,0.20313347579318156,0.06838131079234283,0.08303548232063078,False,False,P01,diagonal,0.063880131359037,139.19540158061,0.5104405861737331,-0.013266890177246572,0.02978601747049163,0.03260701169576191,-0.008314102159781385
273,old_285_replay,426113,4,0.800000011920929,interior,task,2,P10,6.43508503561983,0.47670065451574317,0.42612376104147565,0.20313347579318156,0.06838131079234283,0.08303548232063078,False,False,P11,y_neighbor,0.22114394099010298,-124.185421282005,0.5827877600841134,-0.10829473856169067,-0.06987345251828071,0.12887998202579545,0.9894099267750505
274,old_285_replay,426113,4,0.800000011920929,interior,task,3,P00,7.686431891053647,0.4127417540180747,0.5113411412183453,0.21105183952806392,0.04935157276808613,0.06693632508175681,False,False,P00,self,0.13840586460662296,-126.940543860558,0.5113411412183453,0.0701866500048166,0.009088282449059806,0.07077261275926239,0.7215156592970169
274,old_285_replay,426113,4,0.800000011920929,interior,task,3,P00,7.686431891053647,0.4127417540180747,0.5113411412183453,0.21105183952806392,0.04935157276808613,0.06693632508175681,False,False,P10,x_neighbor,0.177287235448698,-24.2139363904075,0.5367387427116979,0.06824122356846668,0.0663172400240502,0.09515692785356691,0.9925089798106058
274,old_285_replay,426113,4,0.800000011920929,interior,task,3,P00,7.686431891053647,0.4127417540180747,0.5113411412183453,0.21105183952806392,0.04935157276808613,0.06693632508175681,False,False,P01,y_neighbor,0.221120650005401,-124.185373834792,0.5163382449155085,-0.02046519605485486,0.112323909820265,0.11417304833836517,0.6543760272074022
274,old_285_replay,426113,4,0.800000011920929,interior,task,3,P00,7.686431891053647,0.4127417540180747,0.5113411412183453,0.21105183952806392,0.04935157276808613,0.06693632508175681,False,False,P11,diagonal,0.0636525603121721,139.228562638808,0.4287617154522102,0.014288185167086522,-0.023252721823118123,0.027291780952372183,-0.33592237951712406
286,k6_supported_scene,421020,6,0.5,corner,combined,-1,P11,5.509523665748234,0.5303026736343363,0.4214813254183171,0.2235126737562773,0.09022857580142699,0.10472309641570694,False,False,P00,diagonal,0.063652560312172,139.228562638808,0.38604869120254,-0.021897957092534896,-0.011149493027636572,0.02457298760020474,-0.07886570310430081
286,k6_supported_scene,421020,6,0.5,corner,combined,-1,P11,5.509523665748234,0.5303026736343363,0.4214813254183171,0.2235126737562773,0.09022857580142699,0.10472309641570694,False,False,P10,y_neighbor,0.22114394099010298,-124.185421282005,0.7589439549620939,-0.026333452981912725,0.16575712416986652,0.1678358571909327,0.972642852167116
286,k6_supported_scene,421020,6,0.5,corner,combined,-1,P11,5.509523665748234,0.5303026736343363,0.4214813254183171,0.2235126737562773,0.09022857580142699,0.10472309641570694,False,False,P01,x_neighbor,0.177996764958833,-23.879828669598304,0.311967853419682,-0.055416878291560404,-0.0035311868455073815,0.0555292686798548,0.3224949480493322
286,k6_supported_scene,421020,6,0.5,corner,combined,-1,P11,5.509523665748234,0.5303026736343363,0.4214813254183171,0.2235126737562773,0.09022857580142699,0.10472309641570694,False,False,P11,self,0.13858096432942,-127.72686751526298,0.4214813254183171,0.018258387197510818,0.055482215914158785,0.058409288523312466,0.758413351171561
289,k6_supported_scene,421020,6,0.5,corner,task,0,P10,3.7931685580888153,0.6461622350678453,0.23598567126632192,0.1524850287894324,0.07785980715289952,0.08597522999743379,False,False,P00,x_neighbor,0.177287235448698,-24.2139363904075,0.589964179982725,-0.023464179894350828,-0.10192719311284179,0.10459311848289542,0.8104685850019215
289,k6_supported_scene,421020,6,0.5,corner,task,0,P10,3.7931685580888153,0.6461622350678453,0.23598567126632192,0.1524850287894324,0.07785980715289952,0.08597522999743379,False,False,P10,self,0.136232878997807,-128.024603514836,0.23598567126632192,-0.020975117961761585,0.024363971417257203,0.03214900739884109,-0.9519634756911668
289,k6_supported_scene,421020,6,0.5,corner,task,0,P10,3.7931685580888153,0.6461622350678453,0.23598567126632192,0.1524850287894324,0.07785980715289952,0.08597522999743379,False,False,P01,diagonal,0.063880131359037,139.19540158061,0.4981919825077057,-0.02079676270488711,-0.024089372576877998,0.031824569284611304,0.443088027542702
289,k6_supported_scene,421020,6,0.5,corner,task,0,P10,3.7931685580888153,0.6461622350678453,0.23598567126632192,0.1524850287894324,0.07785980715289952,0.08597522999743379,False,False,P11,y_neighbor,0.22114394099010298,-124.185421282005,0.5899641941254445,0.12455772538027009,-0.038820264629120776,0.13046700693195099,0.645520957549798
292,k6_supported_scene,421020,6,0.5,corner,task,1,P01,5.711286998778161,0.5181263149162428,0.3795717306850073,0.19666610206620344,0.07663498162853871,0.08968825337089016,False,False,P00,y_neighbor,0.221120650005401,-124.185373834792,0.588990604612667,0.05075278070424504,0.11994201964263997,0.13023798533902703,0.9603290955944681
292,k6_supported_scene,421020,6,0.5,corner,task,1,P01,5.711286998778161,0.5181263149162428,0.3795717306850073,0.19666610206620344,0.07663498162853871,0.08968825337089016,False,False,P10,diagonal,0.0638801313590369,139.19540158061,0.43847079169953956,0.02779752712146644,-0.003439999523069016,0.0280095717708675,-0.005444572677500964
292,k6_supported_scene,421020,6,0.5,corner,task,1,P01,5.711286998778161,0.5181263149162428,0.3795717306850073,0.19666610206620344,0.07663498162853871,0.08968825337089016,False,False,P01,self,0.138642679019854,-127.753500672212,0.3795717306850073,0.03614352130850065,0.03824944212928719,0.05262484162237194,0.8024442330394561
292,k6_supported_scene,421020,6,0.5,corner,task,1,P01,5.711286998778161,0.5181263149162428,0.3795717306850073,0.19666610206620344,0.07663498162853871,0.08968825337089016,False,False,P11,x_neighbor,0.177996764958833,-23.879828669598304,0.5628132224082947,-0.09160326870607495,0.0405544048443475,0.10017893286473262,0.2946605042007491
295,k6_supported_scene,421020,6,0.5,corner,task,2,P10,4.763584206455647,0.5778575470074068,0.4709943122309427,0.27216761792021316,0.12322613875678509,0.1394233848887802,False,False,P00,x_neighbor,0.177287235448698,-24.2139363904075,0.6024345479931543,0.06196663165261811,0.0869897780390748,0.10680395555249232,0.993580950839489
295,k6_supported_scene,421020,6,0.5,corner,task,2,P10,4.763584206455647,0.5778575470074068,0.4709943122309427,0.27216761792021316,0.12322613875678509,0.1394233848887802,False,False,P10,self,0.136232878997807,-128.024603514836,0.4709943122309427,0.0524962484999498,0.036895524334395496,0.06416491114681334,0.9746040373246763
295,k6_supported_scene,421020,6,0.5,corner,task,2,P10,4.763584206455647,0.5778575470074068,0.4709943122309427,0.27216761792021316,0.12322613875678509,0.1394233848887802,False,False,P01,diagonal,0.063880131359037,139.19540158061,0.33955401921290207,-0.0005411534318186494,-0.021684003796621304,0.021690755350809162,-0.7600688120590904
295,k6_supported_scene,421020,6,0.5,corner,task,2,P10,4.763584206455647,0.5778575470074068,0.4709943122309427,0.27216761792021316,0.12322613875678509,0.1394233848887802,False,False,P11,y_neighbor,0.22114394099010298,-124.185421282005,0.5476678013801575,0.06805034767750827,0.10018787204143821,0.12111341595059298,0.9908095355166331
298,k6_supported_scene,421020,6,0.5,corner,task,3,P01,5.069183265948406,0.5578800571270599,0.30793720609177516,0.17179202612602676,0.07441373137015808,0.08500352957099441,False,False,P00,y_neighbor,0.221120650005401,-124.185373834792,0.6969105033903775,-0.031211266577629362,-0.15090748351438357,0.1541013035052715,0.951443512435672
298,k6_supported_scene,421020,6,0.5,corner,task,3,P01,5.069183265948406,0.5578800571270599,0.30793720609177516,0.17179202612602676,0.07441373137015808,0.08500352957099441,False,False,P10,diagonal,0.0638801313590369,139.19540158061,0.5510455142514714,0.03284730876644571,0.012655229746575715,0.035200859835192035,-0.2559126075229956
298,k6_supported_scene,421020,6,0.5,corner,task,3,P01,5.069183265948406,0.5578800571270599,0.30793720609177516,0.17179202612602676,0.07441373137015808,0.08500352957099441,False,False,P01,self,0.138642679019854,-127.753500672212,0.30793720609177516,-0.040487836696057704,-0.013544288647947858,0.04269323922245261,0.21224188857838014
298,k6_supported_scene,421020,6,0.5,corner,task,3,P01,5.069183265948406,0.5578800571270599,0.30793720609177516,0.17179202612602676,0.07441373137015808,0.08500352957099441,False,False,P11,x_neighbor,0.177996764958833,-23.879828669598304,0.3403516677605832,0.05753259442590404,-0.018976780895832837,0.06058149580972733,0.41465451484272825
301,k6_supported_scene,421020,6,0.5,corner,task,4,P01,5.817434475637234,0.5118329917439539,0.4085133868136617,0.2090906289402916,0.07990735324023496,0.09395591328142584,False,False,P00,y_neighbor,0.221120650005401,-124.185373834792,0.6608305385740992,-0.029595419339261173,-0.14309480631969076,0.146123278232924,0.9878391761899743
301,k6_supported_scene,421020,6,0.5,corner,task,4,P01,5.817434475637234,0.5118329917439539,0.4085133868136617,0.2090906289402916,0.07990735324023496,0.09395591328142584,False,False,P10,diagonal,0.0638801313590369,139.19540158061,0.4685889417035297,0.006570373307818695,0.029203527231010665,0.029933523149413565,-0.9903882694438397
301,k6_supported_scene,421020,6,0.5,corner,task,4,P01,5.817434475637234,0.5118329917439539,0.4085133868136617,0.2090906289402916,0.07990735324023496,0.09395591328142584,False,False,P01,self,0.138642679019854,-127.753500672212,0.4085133868136617,-0.056185008177177476,-0.007144147485710819,0.05663739036331995,0.4675666764801863
301,k6_supported_scene,421020,6,0.5,corner,task,4,P01,5.817434475637234,0.5118329917439539,0.4085133868136617,0.2090906289402916,0.07990735324023496,0.09395591328142584,False,False,P11,x_neighbor,0.177996764958833,-23.879828669598304,0.4205285341317638,0.005540928247746227,-0.07464735496452635,0.07485271864833414,0.9072266871315464
304,k6_supported_scene,421020,6,0.5,corner,task,5,P10,2.5890537227771118,0.7422450566217396,0.19621048777136624,0.1456362646056369,0.08358906038862365,0.09033663563864774,False,False,P00,x_neighbor,0.177287235448698,-24.2139363904075,0.4120420190307901,0.00933127980510413,0.07245135679141317,0.07304979044266859,0.9345959765739179
304,k6_supported_scene,421020,6,0.5,corner,task,5,P10,2.5890537227771118,0.7422450566217396,0.19621048777136624,0.1456362646056369,0.08358906038862365,0.09033663563864774,False,False,P10,self,0.136232878997807,-128.024603514836,0.19621048777136624,0.018450502533051104,0.01934137906827378,0.02673031963865723,0.5424752847250376
304,k6_supported_scene,421020,6,0.5,corner,task,5,P10,2.5890537227771118,0.7422450566217396,0.19621048777136624,0.1456362646056369,0.08358906038862365,0.09033663563864774,False,False,P01,diagonal,0.063880131359037,139.19540158061,0.7357893345751936,0.043859715315439085,0.016898029360867164,0.04700231934524179,0.1317772799844187
304,k6_supported_scene,421020,6,0.5,corner,task,5,P10,2.5890537227771118,0.7422450566217396,0.19621048777136624,0.1456362646056369,0.08358906038862365,0.09033663563864774,False,False,P11,y_neighbor,0.22114394099010298,-124.185421282005,0.5003367584407571,-0.10563489880193483,0.032922688401095426,0.1106464425838022,0.5121705451341839
307,k6_supported_scene,421020,6,0.5,edge,combined,-1,P10,5.435126571153891,0.5348643738409645,0.3835919674781653,0.20516967749563253,0.08386724655800876,0.09705877212457147,False,False,P00,x_neighbor,0.177287235448698,-24.2139363904075,0.0,0.0,0.0,0.0,0.0
307,k6_supported_scene,421020,6,0.5,edge,combined,-1,P10,5.435126571153891,0.5348643738409645,0.3835919674781653,0.20516967749563253,0.08386724655800876,0.09705877212457147,False,False,P10,self,0.136232878997807,-128.024603514836,0.3835919674781653,0.022198299716720903,0.04730874265424491,0.052257838089983626,0.9944726075722293
307,k6_supported_scene,421020,6,0.5,edge,combined,-1,P10,5.435126571153891,0.5348643738409645,0.3835919674781653,0.20516967749563253,0.08386724655800876,0.09705877212457147,False,False,P01,diagonal,0.063880131359037,139.19540158061,0.6107258035164375,0.03846794638533308,-0.006500027034253973,0.03901324455298345,0.16537849833284787
307,k6_supported_scene,421020,6,0.5,edge,combined,-1,P10,5.435126571153891,0.5348643738409645,0.3835919674781653,0.20516967749563253,0.08386724655800876,0.09705877212457147,False,False,P11,y_neighbor,0.22114394099010298,-124.185421282005,0.6927273742846304,0.006502928580397749,0.15305437662848256,0.1531924615810293,0.9579370660305867
310,k6_supported_scene,421020,6,0.5,edge,task,0,P11,8.340473717819938,0.3828038650918923,0.3319720019823789,0.127080165461148,0.02210140089412302,0.0335177430566654,False,False,P00,diagonal,0.063652560312172,139.228562638808,0.0,-0.0,0.0,0.0,-0.0
310,k6_supported_scene,421020,6,0.5,edge,task,0,P11,8.340473717819938,0.3828038650918923,0.3319720019823789,0.127080165461148,0.02210140089412302,0.0335177430566654,False,False,P10,y_neighbor,0.22114394099010298,-124.185421282005,0.6001032588899031,0.1222178298076029,-0.05171589460388949,0.13270919967191722,0.7900160480599159
310,k6_supported_scene,421020,6,0.5,edge,task,0,P11,8.340473717819938,0.3828038650918923,0.3319720019823789,0.127080165461148,0.02210140089412302,0.0335177430566654,False,False,P01,x_neighbor,0.177996764958833,-23.879828669598304,0.7277847676989092,-0.084568946241841,-0.09813036623141472,0.12954333423672162,0.34191485646189385
310,k6_supported_scene,421020,6,0.5,edge,task,0,P11,8.340473717819938,0.3828038650918923,0.3319720019823789,0.127080165461148,0.02210140089412302,0.0335177430566654,False,False,P11,self,0.13858096432942,-127.72686751526298,0.3319720019823789,0.02444826193620823,0.03897104731063989,0.0460050001650862,-0.47940490070329345
313,k6_supported_scene,421020,6,0.5,edge,task,1,P11,6.190296324539611,0.4903262947193489,0.5003416538238525,0.2453306692132008,0.08710874577931382,0.10431523151942337,False,False,P00,diagonal,0.063652560312172,139.228562638808,0.0,-0.0,0.0,0.0,0.0
313,k6_supported_scene,421020,6,0.5,edge,task,1,P11,6.190296324539611,0.4903262947193489,0.5003416538238525,0.2453306692132008,0.08710874577931382,0.10431523151942337,False,False,P10,y_neighbor,0.22114394099010298,-124.185421282005,0.5148443177643203,-0.03222134141506668,0.10920017488260259,0.1138547014267627,0.9925218302117993
313,k6_supported_scene,421020,6,0.5,edge,task,1,P11,6.190296324539611,0.4903262947193489,0.5003416538238525,0.2453306692132008,0.08710874577931382,0.10431523151942337,False,False,P01,x_neighbor,0.177996764958833,-23.879828669598304,0.6961275324338754,-0.10783928145859593,0.06102452827821197,0.12390844877200491,0.7981713461066263
313,k6_supported_scene,421020,6,0.5,edge,task,1,P11,6.190296324539611,0.4903262947193489,0.5003416538238525,0.2453306692132008,0.08710874577931382,0.10431523151942337,False,False,P11,self,0.13858096432942,-127.72686751526298,0.5003416538238525,0.042427678726601886,0.0548418324986963,0.06933782888108632,0.48209209552673715
316,k6_supported_scene,421020,6,0.5,edge,task,2,P11,6.092974836880662,0.49585107390344413,0.4973898456538492,0.24663128911612947,0.08934280938555292,0.10644778399862251,False,False,P00,diagonal,0.063652560312172,139.228562638808,0.0,-0.0,0.0,0.0,0.0
316,k6_supported_scene,421020,6,0.5,edge,task,2,P11,6.092974836880662,0.49585107390344413,0.4973898456538492,0.24663128911612947,0.08934280938555292,0.10644778399862251,False,False,P10,y_neighbor,0.22114394099010298,-124.185421282005,0.5862094780067415,-0.09958262614283778,0.08299980645330451,0.12963667421216193,0.9722202753672007
316,k6_supported_scene,421020,6,0.5,edge,task,2,P11,6.092974836880662,0.49585107390344413,0.4973898456538492,0.24663128911612947,0.08934280938555292,0.10644778399862251,False,False,P01,x_neighbor,0.177996764958833,-23.879828669598304,0.639501213126345,-0.10618287199259197,-0.04101551450759278,0.11382914712373858,0.6769541645790138
316,k6_supported_scene,421020,6,0.5,edge,task,2,P11,6.092974836880662,0.49585107390344413,0.4973898456538492,0.24663128911612947,0.08934280938555292,0.10644778399862251,False,False,P11,self,0.13858096432942,-127.72686751526298,0.4973898456538492,-0.015386162425150594,0.06718958680915207,0.06892876445837179,0.6316487922294857
322,k6_supported_scene,421020,6,0.5,edge,task,4,P10,9.599976896560555,0.3311320022533937,0.6804138131637305,0.2253067883137726,0.010141048210007941,0.03354012059205069,False,False,P00,x_neighbor,0.177287235448698,-24.2139363904075,0.0,0.0,0.0,0.0,0.0
322,k6_supported_scene,421020,6,0.5,edge,task,4,P10,9.599976896560555,0.3311320022533937,0.6804138131637305,0.2253067883137726,0.010141048210007941,0.03354012059205069,False,False,P10,self,0.136232878997807,-128.024603514836,0.6804138131637305,-0.07826509519282121,0.04966777970224581,0.09269473267717096,0.8435518501406203
322,k6_supported_scene,421020,6,0.5,edge,task,4,P10,9.599976896560555,0.3311320022533937,0.6804138131637305,0.2253067883137726,0.010141048210007941,0.03354012059205069,False,False,P01,diagonal,0.063880131359037,139.19540158061,0.38103175163269043,-0.018424254405897327,0.01590597038885502,0.024340358346260225,0.9129916384521011
322,k6_supported_scene,421020,6,0.5,edge,task,4,P10,9.599976896560555,0.3311320022533937,0.6804138131637305,0.2253067883137726,0.010141048210007941,0.03354012059205069,False,False,P11,y_neighbor,0.22114394099010298,-124.185421282005,0.6259806791653748,0.0010520068171412517,0.13842783697612332,0.13843183437429227,0.9021872171462365
328,k6_supported_scene,421020,6,0.5,interior,combined,-1,P10,7.60699394491871,0.4165338521515548,0.6393513483712223,0.26631148001535593,0.0641308314200712,0.08611778728231928,False,False,P00,x_neighbor,0.177287235448698,-24.2139363904075,0.5457114803706556,0.015709621917679023,-0.09546371723327342,0.09674767970752997,0.8836698120076417
328,k6_supported_scene,421020,6,0.5,interior,combined,-1,P10,7.60699394491871,0.4165338521515548,0.6393513483712223,0.26631148001535593,0.0641308314200712,0.08611778728231928,False,False,P10,self,0.136232878997807,-128.024603514836,0.6393513483712223,-0.07768538591224289,-0.03938919115915332,0.08710067487974148,0.7126803403841248
328,k6_supported_scene,421020,6,0.5,interior,combined,-1,P10,7.60699394491871,0.4165338521515548,0.6393513483712223,0.26631148001535593,0.0641308314200712,0.08611778728231928,False,False,P01,diagonal,0.063880131359037,139.19540158061,0.0,-0.0,0.0,0.0,0.0
328,k6_supported_scene,421020,6,0.5,interior,combined,-1,P10,7.60699394491871,0.4165338521515548,0.6393513483712223,0.26631148001535593,0.0641308314200712,0.08611778728231928,False,False,P11,y_neighbor,0.22114394099010298,-124.185421282005,0.5416907175470843,-0.022820594966989807,-0.11759784303214844,0.11979162007611895,0.9912507851516931
331,k6_supported_scene,421020,6,0.5,interior,task,0,P10,8.973174940156168,0.3559108706917734,0.49490555399634595,0.176142266633034,0.019639388903443966,0.03665893003590601,False,False,P00,x_neighbor,0.177287235448698,-24.2139363904075,0.7142387136549103,0.03311675868888276,-0.12221814100377158,0.1266254069943133,0.9979856772546536
331,k6_supported_scene,421020,6,0.5,interior,task,0,P10,8.973174940156168,0.3559108706917734,0.49490555399634595,0.176142266633034,0.019639388903443966,0.03665893003590601,False,False,P10,self,0.136232878997807,-128.024603514836,0.49490555399634595,-0.04878513906614894,0.0465380636456848,0.06742240845292684,-0.8208841512469143
331,k6_supported_scene,421020,6,0.5,interior,task,0,P10,8.973174940156168,0.3559108706917734,0.49490555399634595,0.176142266633034,0.019639388903443966,0.03665893003590601,False,False,P01,diagonal,0.063880131359037,139.19540158061,0.0,-0.0,0.0,0.0,-0.0
331,k6_supported_scene,421020,6,0.5,interior,task,0,P10,8.973174940156168,0.3559108706917734,0.49490555399634595,0.176142266633034,0.019639388903443966,0.03665893003590601,False,False,P11,y_neighbor,0.22114394099010298,-124.185421282005,0.49490556221501675,0.050857181149384006,-0.09691148209614331,0.10944536644615141,0.9604601275266518
334,k6_supported_scene,421020,6,0.5,interior,task,1,P11,9.448489953282108,0.3369577909480106,0.5099019656627062,0.17181543994975387,0.010570280460641901,0.028105540285557395,False,False,P00,diagonal,0.063652560312172,139.228562638808,0.6275716516998843,-0.037932513106071486,0.012524004949477705,0.03994654241003628,0.2346215356933489
334,k6_supported_scene,421020,6,0.5,interior,task,1,P11,9.448489953282108,0.3369577909480106,0.5099019656627062,0.17181543994975387,0.010570280460641901,0.028105540285557395,False,False,P10,y_neighbor,0.22114394099010298,-124.185421282005,0.5883483962539285,0.011768603963069814,-0.12957634651839062,0.13010968302280052,0.798316831243313
334,k6_supported_scene,421020,6,0.5,interior,task,1,P11,9.448489953282108,0.3369577909480106,0.5099019656627062,0.17181543994975387,0.010570280460641901,0.028105540285557395,False,False,P01,x_neighbor,0.177996764958833,-23.879828669598304,0.0,0.0,0.0,0.0,-0.0
334,k6_supported_scene,421020,6,0.5,interior,task,1,P11,9.448489953282108,0.3369577909480106,0.5099019656627062,0.17181543994975387,0.010570280460641901,0.028105540285557395,False,False,P11,self,0.13858096432942,-127.72686751526298,0.5099019656627062,-0.06447907180963848,-0.028907911271190065,0.07066270611500464,0.8289290656899974
337,k6_supported_scene,421020,6,0.5,interior,task,2,P10,7.499739922234364,0.42170913029018575,0.6342817333473567,0.2674823981288654,0.06690490256714307,0.0887175170409632,False,False,P00,x_neighbor,0.177287235448698,-24.2139363904075,0.697709858417511,-0.050732892492156574,-0.1128124084258621,0.12369505194414301,0.9910672129801419
337,k6_supported_scene,421020,6,0.5,interior,task,2,P10,7.499739922234364,0.42170913029018575,0.6342817333473567,0.2674823981288654,0.06690490256714307,0.0887175170409632,False,False,P10,self,0.136232878997807,-128.024603514836,0.6342817333473567,-0.046300302577792024,-0.0729587190357549,0.08641002662962972,0.9619816520897961
337,k6_supported_scene,421020,6,0.5,interior,task,2,P10,7.499739922234364,0.42170913029018575,0.6342817333473567,0.2674823981288654,0.06690490256714307,0.0887175170409632,False,False,P01,diagonal,0.063880131359037,139.19540158061,0.0,-0.0,0.0,0.0,0.0
337,k6_supported_scene,421020,6,0.5,interior,task,2,P10,7.499739922234364,0.42170913029018575,0.6342817333473567,0.2674823981288654,0.06690490256714307,0.0887175170409632,False,False,P11,y_neighbor,0.22114394099010298,-124.185421282005,0.3329979066979727,0.02084054915622859,-0.0706299529133208,0.07364046942864429,0.8387701496757323
340,k6_supported_scene,421020,6,0.5,interior,task,3,P00,8.27288762265833,0.385794133073327,0.4441741659645334,0.17135978729185522,0.03089958306649862,0.04617449850554867,False,False,P00,self,0.13840586460662296,-126.940543860558,0.4441741659645334,-0.055746142571663305,-0.025917257092506366,0.06147630947624689,0.8747607270078167
340,k6_supported_scene,421020,6,0.5,interior,task,3,P00,8.27288762265833,0.385794133073327,0.4441741659645334,0.17135978729185522,0.03089958306649862,0.04617449850554867,False,False,P10,x_neighbor,0.177287235448698,-24.2139363904075,0.7322870967710404,-0.016583688305183968,-0.12876160972015963,0.12982515494129096,0.8767831816499538
340,k6_supported_scene,421020,6,0.5,interior,task,3,P00,8.27288762265833,0.385794133073327,0.4441741659645334,0.17135978729185522,0.03089958306649862,0.04617449850554867,False,False,P01,y_neighbor,0.221120650005401,-124.185373834792,0.0,0.0,-0.0,0.0,0.0
340,k6_supported_scene,421020,6,0.5,interior,task,3,P00,8.27288762265833,0.385794133073327,0.4441741659645334,0.17135978729185522,0.03089958306649862,0.04617449850554867,False,False,P11,diagonal,0.0636525603121721,139.228562638808,0.516202383786696,-0.02859174639033877,0.01619055704388709,0.03285760336726968,0.1142570768497474
343,k6_supported_scene,421020,6,0.5,interior,task,4,P10,9.768678717654836,0.32476264073558264,0.47313690185546875,0.15365718967603426,0.004038164182151471,0.02030909284195445,False,False,P00,x_neighbor,0.177287235448698,-24.2139363904075,0.5052139759063721,0.036735852325961174,0.08168783156034716,0.08956798909848583,-0.5751421817441944
343,k6_supported_scene,421020,6,0.5,interior,task,4,P10,9.768678717654836,0.32476264073558264,0.47313690185546875,0.15365718967603426,0.004038164182151471,0.02030909284195445,False,False,P10,self,0.136232878997807,-128.024603514836,0.47313690185546875,-0.03970537733152482,-0.05077560805826154,0.06445680229987336,0.7537957611236209
343,k6_supported_scene,421020,6,0.5,interior,task,4,P10,9.768678717654836,0.32476264073558264,0.47313690185546875,0.15365718967603426,0.004038164182151471,0.02030909284195445,False,False,P01,diagonal,0.063880131359037,139.19540158061,0.0,-0.0,0.0,0.0,0.0
343,k6_supported_scene,421020,6,0.5,interior,task,4,P10,9.768678717654836,0.32476264073558264,0.47313690185546875,0.15365718967603426,0.004038164182151471,0.02030909284195445,False,False,P11,y_neighbor,0.22114394099010298,-124.185421282005,0.7217342522865322,-0.14791769493772583,-0.05995665148616122,0.159607156898189,0.9810603549014569
346,k6_supported_scene,421020,6,0.5,interior,task,5,P10,8.420070120720377,0.3793119227965483,0.600474636760264,0.22776718906009463,0.037880436127624095,0.05853044236985952,False,False,P00,x_neighbor,0.177287235448698,-24.2139363904075,0.6932752033700685,-0.07131053542345821,-0.10010690047548436,0.12290884421061334,0.9553958732477783
346,k6_supported_scene,421020,6,0.5,interior,task,5,P10,8.420070120720377,0.3793119227965483,0.600474636760264,0.22776718906009463,0.037880436127624095,0.05853044236985952,False,False,P10,self,0.136232878997807,-128.024603514836,0.600474636760264,-0.06199506393366541,-0.05337199669108975,0.08180438853101316,0.8572762143176604
346,k6_supported_scene,421020,6,0.5,interior,task,5,P10,8.420070120720377,0.3793119227965483,0.600474636760264,0.22776718906009463,0.037880436127624095,0.05853044236985952,False,False,P01,diagonal,0.063880131359037,139.19540158061,0.0,-0.0,0.0,0.0,0.0
346,k6_supported_scene,421020,6,0.5,interior,task,5,P10,8.420070120720377,0.3793119227965483,0.600474636760264,0.22776718906009463,0.037880436127624095,0.05853044236985952,False,False,P11,y_neighbor,0.22114394099010298,-124.185421282005,0.39849678944592404,0.061838540035144676,-0.06278564418083595,0.08812515048997493,0.45630140519030365
349,k6_supported_scene,421021,6,0.5,corner,combined,-1,P10,6.392678146382088,0.47903372823019813,0.4016149789173544,0.19238712066387273,0.06538531308193826,0.07919664051179222,False,False,P00,x_neighbor,0.177287235448698,-24.2139363904075,0.8640903521271637,-0.08521655727311596,0.12730273113172078,0.15319218970651682,0.981565016486231
349,k6_supported_scene,421021,6,0.5,corner,combined,-1,P10,6.392678146382088,0.47903372823019813,0.4016149789173544,0.19238712066387273,0.06538531308193826,0.07919664051179222,False,False,P10,self,0.136232878997807,-128.024603514836,0.4016149789173544,0.05470998391921736,-0.0005899702507128936,0.05471316482655475,-0.397108881048677
349,k6_supported_scene,421021,6,0.5,corner,combined,-1,P10,6.392678146382088,0.47903372823019813,0.4016149789173544,0.19238712066387273,0.06538531308193826,0.07919664051179222,False,False,P01,diagonal,0.063880131359037,139.19540158061,0.0,-0.0,0.0,0.0,0.0
349,k6_supported_scene,421021,6,0.5,corner,combined,-1,P10,6.392678146382088,0.47903372823019813,0.4016149789173544,0.19238712066387273,0.06538531308193826,0.07919664051179222,False,False,P11,y_neighbor,0.22114394099010298,-124.185421282005,0.303402800309775,-0.04398369857173044,0.05066819521569763,0.06709569096793688,0.950077556283028
352,k6_supported_scene,421021,6,0.5,corner,task,0,P10,7.368234165338472,0.4281424517692134,0.4021189937380241,0.17216421188196662,0.04500302081925242,0.05883168105311813,False,False,P00,x_neighbor,0.177287235448698,-24.2139363904075,0.7487732399181144,-0.047109530876397694,0.12410764303501987,0.1327479376830472,0.8416598373987497
352,k6_supported_scene,421021,6,0.5,corner,task,0,P10,7.368234165338472,0.4281424517692134,0.4021189937380241,0.17216421188196662,0.04500302081925242,0.05883168105311813,False,False,P10,self,0.136232878997807,-128.024603514836,0.4021189937380241,0.01713334305233426,-0.052033616620485106,0.05478182821663215,-0.8649454707986516
352,k6_supported_scene,421021,6,0.5,corner,task,0,P10,7.368234165338472,0.4281424517692134,0.4021189937380241,0.17216421188196662,0.04500302081925242,0.05883168105311813,False,False,P01,diagonal,0.063880131359037,139.19540158061,0.0,-0.0,0.0,0.0,0.0
352,k6_supported_scene,421021,6,0.5,corner,task,0,P10,7.368234165338472,0.4281424517692134,0.4021189937380241,0.17216421188196662,0.04500302081925242,0.05883168105311813,False,False,P11,y_neighbor,0.22114394099010298,-124.185421282005,0.5269145369529724,0.06547165516326113,0.09639136365508946,0.11652395726675557,0.925293827670581
355,k6_supported_scene,421021,6,0.5,corner,task,1,P11,8.452738724579199,0.37788796767311433,0.5878838946685441,0.2221542501840513,0.03624903949573954,0.05646605675414185,False,False,P00,diagonal,0.063652560312172,139.228562638808,0.41015155052158314,0.0019250235530235728,-0.026036128424118364,0.02610719630670593,-0.4026641929038068
355,k6_supported_scene,421021,6,0.5,corner,task,1,P11,8.452738724579199,0.37788796767311433,0.5878838946685441,0.2221542501840513,0.03624903949573954,0.05646605675414185,False,False,P10,y_neighbor,0.22114394099010298,-124.185421282005,0.6972576840461557,0.11993375074994797,0.09691120330498362,0.15419431213559895,0.9817396399850572
355,k6_supported_scene,421021,6,0.5,corner,task,1,P11,8.452738724579199,0.37788796767311433,0.5878838946685441,0.2221542501840513,0.03624903949573954,0.05646605675414185,False,False,P01,x_neighbor,0.177996764958833,-23.879828669598304,0.0,0.0,0.0,0.0,0.0
355,k6_supported_scene,421021,6,0.5,corner,task,1,P11,8.452738724579199,0.37788796767311433,0.5878838946685441,0.2221542501840513,0.03624903949573954,0.05646605675414185,False,False,P11,self,0.13858096432942,-127.72686751526298,0.5878838946685441,0.07434018719859978,0.033328947980745025,0.081469517036902,0.9977721457868235
361,k6_supported_scene,421021,6,0.5,corner,task,3,P11,9.023551607251132,0.35385262332071715,0.6179403862056226,0.21865982671467668,0.023249918853290585,0.044500563012587535,False,False,P00,diagonal,0.063652560312172,139.228562638808,0.6351054091726168,0.024876862254599452,-0.03186550018526437,0.04042608536194667,0.8039970393245323
361,k6_supported_scene,421021,6,0.5,corner,task,3,P11,9.023551607251132,0.35385262332071715,0.6179403862056226,0.21865982671467668,0.023249918853290585,0.044500563012587535,False,False,P10,y_neighbor,0.22114394099010298,-124.185421282005,0.4634552836262112,0.10036615212594414,-0.020758198843051627,0.10249032789378631,0.9977438141258073
361,k6_supported_scene,421021,6,0.5,corner,task,3,P11,9.023551607251132,0.35385262332071715,0.6179403862056226,0.21865982671467668,0.023249918853290585,0.044500563012587535,False,False,P01,x_neighbor,0.177996764958833,-23.879828669598304,0.0,0.0,0.0,0.0,0.0
361,k6_supported_scene,421021,6,0.5,corner,task,3,P11,9.023551607251132,0.35385262332071715,0.6179403862056226,0.21865982671467668,0.023249918853290585,0.044500563012587535,False,False,P11,self,0.13858096432942,-127.72686751526298,0.6179403862056226,0.08542857739762794,-0.005939089810193664,0.08563477461846941,0.979722122026171
364,k6_supported_scene,421021,6,0.5,corner,task,4,P11,9.89109454979441,0.32021765478796943,0.5735525520970551,0.18366165313017366,0.0022884108872658626,0.022012580828823014,False,False,P00,diagonal,0.063652560312172,139.228562638808,0.6042785903485637,-0.008421056685101569,-0.03753073172949782,0.03846387941751623,0.9362079786355101
364,k6_supported_scene,421021,6,0.5,corner,task,4,P11,9.89109454979441,0.32021765478796943,0.5735525520970551,0.18366165313017366,0.0022884108872658626,0.022012580828823014,False,False,P10,y_neighbor,0.22114394099010298,-124.185421282005,0.5530685353114964,-0.012912905978227474,-0.12162419135826251,0.12230775553640823,0.8897206842521999
364,k6_supported_scene,421021,6,0.5,corner,task,4,P11,9.89109454979441,0.32021765478796943,0.5735525520970551,0.18366165313017366,0.0022884108872658626,0.022012580828823014,False,False,P01,x_neighbor,0.177996764958833,-23.879828669598304,0.0,0.0,0.0,0.0,-0.0
364,k6_supported_scene,421021,6,0.5,corner,task,4,P11,9.89109454979441,0.32021765478796943,0.5735525520970551,0.18366165313017366,0.0022884108872658626,0.022012580828823014,False,False,P11,self,0.13858096432942,-127.72686751526298,0.5735525520970551,-0.07929208010145572,0.005512473393647653,0.07948346576320979,0.4885509459376244
367,k6_supported_scene,421021,6,0.5,corner,task,5,P10,-0.2554501726812674,1.029846526746705,0.26247949352482197,0.27031359474877215,0.18731029088618661,0.19633682231304245,False,False,P00,x_neighbor,0.177287235448698,-24.2139363904075,0.7749394347928455,-0.13706691324911477,-0.009370877774454424,0.13738687003460018,0.8933036292665111
367,k6_supported_scene,421021,6,0.5,corner,task,5,P10,-0.2554501726812674,1.029846526746705,0.26247949352482197,0.27031359474877215,0.18731029088618661,0.19633682231304245,False,False,P10,self,0.136232878997807,-128.024603514836,0.26247949352482197,-0.014458880688712508,0.03270473115638994,0.03575833708077274,0.7271496762968955
367,k6_supported_scene,421021,6,0.5,corner,task,5,P10,-0.2554501726812674,1.029846526746705,0.26247949352482197,0.27031359474877215,0.18731029088618661,0.19633682231304245,False,False,P01,diagonal,0.063880131359037,139.19540158061,0.0,-0.0,0.0,0.0,0.0
367,k6_supported_scene,421021,6,0.5,corner,task,5,P10,-0.2554501726812674,1.029846526746705,0.26247949352482197,0.27031359474877215,0.18731029088618661,0.19633682231304245,False,False,P11,y_neighbor,0.22114394099010298,-124.185421282005,0.574955095182319,-0.09767078271471354,0.08140632845224774,0.12714783564095783,0.956239178490056
370,k6_supported_scene,421021,6,0.5,edge,combined,-1,P10,0.8766864104115101,0.9039942737185117,0.24124487153396898,0.21808398243066596,0.14179565564245988,0.15009193961202355,False,False,P00,x_neighbor,0.177287235448698,-24.2139363904075,0.0,0.0,0.0,0.0,0.0
370,k6_supported_scene,421021,6,0.5,edge,combined,-1,P10,0.8766864104115101,0.9039942737185117,0.24124487153396898,0.21808398243066596,0.14179565564245988,0.15009193961202355,False,False,P10,self,0.136232878997807,-128.024603514836,0.24124487153396898,-0.018022948192813085,-0.027482964488274454,0.03286548339252869,0.825025398414578
370,k6_supported_scene,421021,6,0.5,edge,combined,-1,P10,0.8766864104115101,0.9039942737185117,0.24124487153396898,0.21808398243066596,0.14179565564245988,0.15009193961202355,False,False,P01,diagonal,0.063880131359037,139.19540158061,0.28716628047353465,-0.01462675775551195,0.011071059327972008,0.018344219718535455,-0.6194347574284584
370,k6_supported_scene,421021,6,0.5,edge,combined,-1,P10,0.8766864104115101,0.9039942737185117,0.24124487153396898,0.21808398243066596,0.14179565564245988,0.15009193961202355,False,False,P11,y_neighbor,0.22114394099010298,-124.185421282005,0.927004017003072,0.03703662735599557,-0.2016279497134842,0.2050013216337158,0.9869798378848393
376,k6_supported_scene,421021,6,0.5,edge,task,1,P11,7.82388092493626,0.4062617676007203,0.6252767931356361,0.25402605521899346,0.05629617178353874,0.07779911111006832,False,False,P00,diagonal,0.063652560312172,139.228562638808,0.0,-0.0,0.0,0.0,-0.0
376,k6_supported_scene,421021,6,0.5,edge,task,1,P11,7.82388092493626,0.4062617676007203,0.6252767931356361,0.25402605521899346,0.05629617178353874,0.07779911111006832,False,False,P10,y_neighbor,0.22114394099010298,-124.185421282005,0.6470887832601564,0.10992452790808273,-0.09161954232239213,0.1430997637006416,0.9914240444022181
376,k6_supported_scene,421021,6,0.5,edge,task,1,P11,7.82388092493626,0.4062617676007203,0.6252767931356361,0.25402605521899346,0.05629617178353874,0.07779911111006832,False,False,P01,x_neighbor,0.177996764958833,-23.879828669598304,0.43623961962509994,0.06934208344246383,0.034943956529965056,0.07764924104013962,0.5143428634810688
376,k6_supported_scene,421021,6,0.5,edge,task,1,P11,7.82388092493626,0.4062617676007203,0.6252767931356361,0.25402605521899346,0.05629617178353874,0.07779911111006832,False,False,P11,self,0.13858096432942,-127.72686751526298,0.6252767931356361,0.035448863507940895,-0.07906866486452468,0.0866514609655437,0.8333982479868439
379,k6_supported_scene,421021,6,0.5,edge,task,2,P11,6.752940478819253,0.4595713811336224,0.4149428946014938,0.19069587916359165,0.05947941457920103,0.07374908200416011,False,False,P00,diagonal,0.063652560312172,139.228562638808,0.0,-0.0,0.0,0.0,0.0
379,k6_supported_scene,421021,6,0.5,edge,task,2,P11,6.752940478819253,0.4595713811336224,0.4149428946014938,0.19069587916359165,0.05947941457920103,0.07374908200416011,False,False,P10,y_neighbor,0.22114394099010298,-124.185421282005,0.5532571963587626,-0.1216656793225793,0.012917311805183178,0.122349476783912,0.35857654717410475
379,k6_supported_scene,421021,6,0.5,edge,task,2,P11,6.752940478819253,0.4595713811336224,0.4149428946014938,0.19069587916359165,0.05947941457920103,0.07374908200416011,False,False,P01,x_neighbor,0.177996764958833,-23.879828669598304,0.7223080228324357,0.02203872365972366,-0.12666551082315114,0.1285684913679844,0.7992296864962338
379,k6_supported_scene,421021,6,0.5,edge,task,2,P11,6.752940478819253,0.4595713811336224,0.4149428946014938,0.19069587916359165,0.05947941457920103,0.07374908200416011,False,False,P11,self,0.13858096432942,-127.72686751526298,0.4149428946014938,0.012835763650828627,-0.056052293675977444,0.057503186475515895,0.7663657247810793
382,k6_supported_scene,421021,6,0.5,edge,task,3,P10,7.300759791629585,0.4314813316736352,0.440792957838373,0.1901939324404617,0.05080296010727878,0.06596159758113745,False,False,P00,x_neighbor,0.177287235448698,-24.2139363904075,0.0,0.0,0.0,0.0,0.0
382,k6_supported_scene,421021,6,0.5,edge,task,3,P10,7.300759791629585,0.4314813316736352,0.440792957838373,0.1901939324404617,0.05080296010727878,0.06596159758113745,False,False,P10,self,0.136232878997807,-128.024603514836,0.440792957838373,-0.0103240178147429,-0.059156372846609594,0.06005049368828051,0.45725147614671696
382,k6_supported_scene,421021,6,0.5,edge,task,3,P10,7.300759791629585,0.4314813316736352,0.440792957838373,0.1901939324404617,0.05080296010727878,0.06596159758113745,False,False,P01,diagonal,0.063880131359037,139.19540158061,0.6825181228751365,0.043269281464669754,-0.005354658753857169,0.04359934734418708,0.8655459430609757
382,k6_supported_scene,421021,6,0.5,edge,task,3,P10,7.300759791629585,0.4314813316736352,0.440792957838373,0.1901939324404617,0.05080296010727878,0.06596159758113745,False,False,P11,y_neighbor,0.22114394099010298,-124.185421282005,0.5829842289531731,0.1187313450942039,-0.05024060584774917,0.12892342992578124,0.9695562506849853
385,k6_supported_scene,421021,6,0.5,edge,task,4,P10,6.00896027964289,0.5006704803148724,0.49240588755183606,0.2465330922304488,0.09082067843639338,0.10775425735742694,False,False,P00,x_neighbor,0.177287235448698,-24.2139363904075,0.0,0.0,0.0,0.0,-0.0
385,k6_supported_scene,421021,6,0.5,edge,task,4,P10,6.00896027964289,0.5006704803148724,0.49240588755183606,0.2465330922304488,0.09082067843639338,0.10775425735742694,False,False,P10,self,0.136232878997807,-128.024603514836,0.49240588755183606,-0.035943872410786414,-0.05663934627486324,0.06708187169665704,0.8540333644591992
385,k6_supported_scene,421021,6,0.5,edge,task,4,P10,6.00896027964289,0.5006704803148724,0.49240588755183606,0.2465330922304488,0.09082067843639338,0.10775425735742694,False,False,P01,diagonal,0.063880131359037,139.19540158061,0.40833659533404104,0.016039685966948,-0.02057023550142311,0.026084595348640473,0.7771666777329126
385,k6_supported_scene,421021,6,0.5,edge,task,4,P10,6.00896027964289,0.5006704803148724,0.49240588755183606,0.2465330922304488,0.09082067843639338,0.10775425735742694,False,False,P11,y_neighbor,0.22114394099010298,-124.185421282005,0.7686336062268333,0.01537481663901459,-0.1692818995651144,0.16997866485843688,0.9940709764060446
391,k6_supported_scene,421021,6,0.5,interior,combined,-1,P10,7.366836272619989,0.42821136185256725,0.4760414529463875,0.2038463588644474,0.05330883366780162,0.06967964830860449,False,False,P00,x_neighbor,0.177287235448698,-24.2139363904075,0.6645433363013636,0.11494577117900738,-0.02584290837736549,0.11781505092872316,0.8241865822227441
391,k6_supported_scene,421021,6,0.5,interior,combined,-1,P10,7.366836272619989,0.42821136185256725,0.4760414529463875,0.2038463588644474,0.05330883366780162,0.06967964830860449,False,False,P10,self,0.136232878997807,-128.024603514836,0.4760414529463875,-0.023254220812769462,-0.060539967515404254,0.06485249765718544,0.44075994254221984
391,k6_supported_scene,421021,6,0.5,interior,combined,-1,P10,7.366836272619989,0.42821136185256725,0.4760414529463875,0.2038463588644474,0.05330883366780162,0.06967964830860449,False,False,P01,diagonal,0.063880131359037,139.19540158061,0.4707788125185821,-0.01607454621743573,-0.02541690571973828,0.03007341238473848,0.2563591321113278
391,k6_supported_scene,421021,6,0.5,interior,combined,-1,P10,7.366836272619989,0.42821136185256725,0.4760414529463875,0.2038463588644474,0.05330883366780162,0.06967964830860449,False,False,P11,y_neighbor,0.22114394099010298,-124.185421282005,0.33186435981768625,0.06297639781624693,-0.03768335106154117,0.0733897924042407,0.9599536305726836
394,k6_supported_scene,421021,6,0.5,interior,task,0,P00,6.783305246579373,0.4579675828849685,0.4354902028787598,0.1994403955824702,0.06172630160390047,0.07670258012983114,False,False,P00,self,0.13840586460662296,-126.940543860558,0.4354902028787598,0.002560244693310277,-0.06021999840802016,0.0602743980571484,-0.026021105309683563
394,k6_supported_scene,421021,6,0.5,interior,task,0,P00,6.783305246579373,0.4579675828849685,0.4354902028787598,0.1994403955824702,0.06172630160390047,0.07670258012983114,False,False,P10,x_neighbor,0.177287235448698,-24.2139363904075,0.5105747026302554,0.08736783488573484,0.023673573792652856,0.09051837751935905,0.9808344815538326
394,k6_supported_scene,421021,6,0.5,interior,task,0,P00,6.783305246579373,0.4579675828849685,0.4354902028787598,0.1994403955824702,0.06172630160390047,0.07670258012983114,False,False,P01,y_neighbor,0.221120650005401,-124.185373834792,0.6206986755054151,0.11469473079552456,0.07538227637774392,0.13724929458524884,0.8713071608045274
394,k6_supported_scene,421021,6,0.5,interior,task,0,P00,6.783305246579373,0.4579675828849685,0.4354902028787598,0.1994403955824702,0.06172630160390047,0.07670258012983114,False,False,P11,diagonal,0.0636525603121721,139.228562638808,0.40545638018211305,-0.005650325711850819,-0.025182217182664786,0.02580833669349693,-0.2852193505695305
397,k6_supported_scene,421021,6,0.5,interior,task,1,P11,6.125845935904276,0.4939781089218099,0.40669787428775545,0.20089984684318538,0.07229068661337168,0.08627681213577072,False,False,P00,diagonal,0.063652560312172,139.228562638808,0.6236034240970211,-0.021241914795368126,0.03353194126042672,0.039693954563212605,-0.08669860704992295
397,k6_supported_scene,421021,6,0.5,interior,task,1,P11,6.125845935904276,0.4939781089218099,0.40669787428775545,0.20089984684318538,0.07229068661337168,0.08627681213577072,False,False,P10,y_neighbor,0.22114394099010298,-124.185421282005,0.44058937194172887,-0.0814221646456265,-0.05351402776508295,0.09743367006954823,0.9975485722281313
397,k6_supported_scene,421021,6,0.5,interior,task,1,P11,6.125845935904276,0.4939781089218099,0.40669787428775545,0.20089984684318538,0.07229068661337168,0.08627681213577072,False,False,P01,x_neighbor,0.177996764958833,-23.879828669598304,0.5015940673145456,-0.002149934110325609,-0.08925623209590725,0.08928212130453221,0.6253393747437065
397,k6_supported_scene,421021,6,0.5,interior,task,1,P11,6.125845935904276,0.4939781089218099,0.40669787428775545,0.20089984684318538,0.07229068661337168,0.08627681213577072,False,False,P11,self,0.13858096432942,-127.72686751526298,0.40669787428775545,-0.054938520816836284,-0.012580712033267771,0.056360583609522376,0.9104734150811097
400,k6_supported_scene,421021,6,0.5,interior,task,2,P10,3.8384079587588618,0.6428055266802051,0.2959382517624882,0.19023074378900537,0.09664685155522516,0.10682401204144143,False,False,P00,x_neighbor,0.177287235448698,-24.2139363904075,0.3248102819616636,0.04558630406846678,0.03518363974605558,0.05758471693429545,0.9804921309452007
400,k6_supported_scene,421021,6,0.5,interior,task,2,P10,3.8384079587588618,0.6428055266802051,0.2959382517624882,0.19023074378900537,0.09664685155522516,0.10682401204144143,False,False,P10,self,0.136232878997807,-128.024603514836,0.2959382517624882,0.03599400797277862,-0.018161860544773843,0.040316520043181606,0.6004217079962241
400,k6_supported_scene,421021,6,0.5,interior,task,2,P10,3.8384079587588618,0.6428055266802051,0.2959382517624882,0.19023074378900537,0.09664685155522516,0.10682401204144143,False,False,P01,diagonal,0.063880131359037,139.19540158061,0.6351845248547052,-0.0010123076841078056,-0.040563041070858535,0.04057567088494607,-0.4656900576764192
400,k6_supported_scene,421021,6,0.5,interior,task,2,P10,3.8384079587588618,0.6428055266802051,0.2959382517624882,0.19023074378900537,0.09664685155522516,0.10682401204144143,False,False,P11,y_neighbor,0.22114394099010298,-124.185421282005,0.635184560924162,0.08993405537901798,0.10790229261391185,0.14046721705883736,0.9145062979947383
403,k6_supported_scene,421021,6,0.5,interior,task,3,P10,2.646633148891384,0.7373409302984217,0.3184208566223573,0.23478473064834926,0.13409121450549336,0.1450415399220435,False,False,P00,x_neighbor,0.177287235448698,-24.2139363904075,0.31842087052838763,0.04896798063284601,-0.028088435191079834,0.056451955845145646,0.6963820161126576
403,k6_supported_scene,421021,6,0.5,interior,task,3,P10,2.646633148891384,0.7373409302984217,0.3184208566223573,0.23478473064834926,0.13409121450549336,0.1450415399220435,False,False,P10,self,0.136232878997807,-128.024603514836,0.3184208566223573,-0.0156514739971661,-0.04045742009995154,0.04337939003061165,0.8146410297055123
403,k6_supported_scene,421021,6,0.5,interior,task,3,P10,2.646633148891384,0.7373409302984217,0.3184208566223573,0.23478473064834926,0.13409121450549336,0.1450415399220435,False,False,P01,diagonal,0.063880131359037,139.19540158061,0.6200827090096658,-0.028699253760495605,-0.027301673470617405,0.03961096490500497,0.4889545280187011
403,k6_supported_scene,421021,6,0.5,interior,task,3,P10,2.646633148891384,0.7373409302984217,0.3184208566223573,0.23478473064834926,0.13409121450549336,0.1450415399220435,False,False,P11,y_neighbor,0.22114394099010298,-124.185421282005,0.6424280133807896,0.053368438242928376,-0.13166407395604282,0.14206906268147043,0.9908280490805059
406,k6_supported_scene,421021,6,0.5,interior,task,4,P01,5.677032644617226,0.5201736728088266,0.40809093213608083,0.21227815900920277,0.08322847520808091,0.0972625072555897,False,False,P00,y_neighbor,0.221120650005401,-124.185373834792,0.42293060143063177,-0.09185774005677515,-0.01754710450817308,0.09351868949551646,0.988370922247349
406,k6_supported_scene,421021,6,0.5,interior,task,4,P01,5.677032644617226,0.5201736728088266,0.40809093213608083,0.21227815900920277,0.08322847520808091,0.0972625072555897,False,False,P10,diagonal,0.0638801313590369,139.19540158061,0.601006672653154,0.008427083196858403,0.037456101103667705,0.038392385196741166,-0.5334769169120692
406,k6_supported_scene,421021,6,0.5,interior,task,4,P01,5.677032644617226,0.5201736728088266,0.40809093213608083,0.21227815900920277,0.08322847520808091,0.0972625072555897,False,False,P01,self,0.138642679019854,-127.753500672212,0.40809093213608083,-0.05365613054112736,-0.017949444029421332,0.05657882011505568,0.9998273881644489
406,k6_supported_scene,421021,6,0.5,interior,task,4,P01,5.677032644617226,0.5201736728088266,0.40809093213608083,0.21227815900920277,0.08322847520808091,0.0972625072555897,False,False,P11,x_neighbor,0.177996764958833,-23.879828669598304,0.541647971909769,-0.06293975850506384,-0.07303273826369124,0.09641158674645173,0.8687690535788647
409,k6_supported_scene,421021,6,0.5,interior,task,5,P10,3.856131894673575,0.6414951913736243,0.29328022571005924,0.18813785451797418,0.09539450392476816,0.10548025629611245,False,False,P00,x_neighbor,0.177287235448698,-24.2139363904075,0.41736030534403795,0.0691766225490234,0.02625848139730249,0.07399265472046894,0.5895008264987337
409,k6_supported_scene,421021,6,0.5,interior,task,5,P10,3.856131894673575,0.6414951913736243,0.29328022571005924,0.18813785451797418,0.09539450392476816,0.10548025629611245,False,False,P10,self,0.136232878997807,-128.024603514836,0.29328022571005924,0.028909994065555375,-0.027578380694880156,0.03995440950160802,0.9830722931434727
409,k6_supported_scene,421021,6,0.5,interior,task,5,P10,3.856131894673575,0.6414951913736243,0.29328022571005924,0.18813785451797418,0.09539450392476816,0.10548025629611245,False,False,P01,diagonal,0.063880131359037,139.19540158061,0.6542405067298641,-0.03531804805600007,-0.022344748421127755,0.04179296951030665,-0.4160785431033997
409,k6_supported_scene,421021,6,0.5,interior,task,5,P10,3.856131894673575,0.6414951913736243,0.29328022571005924,0.18813785451797418,0.09539450392476816,0.10548025629611245,False,False,P11,y_neighbor,0.22114394099010298,-124.185421282005,0.5583604689106904,0.09485176245302229,-0.07905674028992574,0.12347803458799195,0.9931337886165381
412,k6_supported_scene,421022,6,0.5,corner,combined,-1,P01,6.58189219096394,0.46871126389770407,0.4344675207830163,0.20363982078870962,0.06624912728462226,0.08119023631234587,False,False,P00,y_neighbor,0.221120650005401,-124.185373834792,0.8638538856208393,-0.17361569554725548,0.07965347954857341,0.1910159326981713,0.9874382979556888
412,k6_supported_scene,421022,6,0.5,corner,combined,-1,P01,6.58189219096394,0.46871126389770407,0.4344675207830163,0.20363982078870962,0.06624912728462226,0.08119023631234587,False,False,P10,diagonal,0.0638801313590369,139.19540158061,0.0,-0.0,0.0,0.0,0.0
412,k6_supported_scene,421022,6,0.5,corner,combined,-1,P01,6.58189219096394,0.46871126389770407,0.4344675207830163,0.20363982078870962,0.06624912728462226,0.08119023631234587,False,False,P01,self,0.138642679019854,-127.753500672212,0.4344675207830163,-0.060235197876222085,0.00025580082379065075,0.06023574102847147,0.9645075001212537
412,k6_supported_scene,421022,6,0.5,corner,combined,-1,P01,6.58189219096394,0.46871126389770407,0.4344675207830163,0.20363982078870962,0.06624912728462226,0.08119023631234587,False,False,P11,x_neighbor,0.177996764958833,-23.879828669598304,0.2549401343242311,0.03766888239141048,-0.025303464214452013,0.04537851916788348,-0.9492255689339266
415,k6_supported_scene,421022,6,0.5,corner,task,0,P11,5.446482228952208,0.5341655659497078,0.30700295024985186,0.16399040466844209,0.066907547550353,0.07746521718524081,False,False,P00,diagonal,0.063652560312172,139.228562638808,0.41286601829992725,0.026208440906151466,0.0019377637569813321,0.026279979130682425,0.7896889905451379
415,k6_supported_scene,421022,6,0.5,corner,task,0,P11,5.446482228952208,0.5341655659497078,0.30700295024985186,0.16399040466844209,0.066907547550353,0.07746521718524081,False,False,P10,y_neighbor,0.22114394099010298,-124.185421282005,0.0,0.0,-0.0,0.0,0.0
415,k6_supported_scene,421022,6,0.5,corner,task,0,P11,5.446482228952208,0.5341655659497078,0.30700295024985186,0.16399040466844209,0.066907547550353,0.07746521718524081,False,False,P01,x_neighbor,0.177996764958833,-23.879828669598304,0.8574910163879395,0.13956491578345706,-0.06178788351877034,0.15263062689831486,0.9855999122357629
415,k6_supported_scene,421022,6,0.5,corner,task,0,P11,5.446482228952208,0.5341655659497078,0.30700295024985186,0.16399040466844209,0.066907547550353,0.07746521718524081,False,False,P11,self,0.13858096432942,-127.72686751526298,0.30700295024985186,-0.029205997981702196,-0.030936494663826815,0.042544764897601416,-0.1691239337107735
421,k6_supported_scene,421022,6,0.5,corner,task,2,P00,4.27590856821826,0.6112298729592303,0.330708658176932,0.20213901112400365,0.09755975094628636,0.10893264738128006,False,False,P00,self,0.13840586460662296,-126.940543860558,0.330708658176932,-0.04447270279466323,-0.01082849558711477,0.04577201776787441,0.9933865149267052
421,k6_supported_scene,421022,6,0.5,corner,task,2,P00,4.27590856821826,0.6112298729592303,0.330708658176932,0.20213901112400365,0.09755975094628636,0.10893264738128006,False,False,P10,x_neighbor,0.177287235448698,-24.2139363904075,0.0,0.0,0.0,0.0,-0.0
421,k6_supported_scene,421022,6,0.5,corner,task,2,P00,4.27590856821826,0.6112298729592303,0.330708658176932,0.20213901112400365,0.09755975094628636,0.10893264738128006,False,False,P01,y_neighbor,0.221120650005401,-124.185373834792,0.7716535136786726,-0.142588661085792,-0.09371535516322328,0.17062852652357968,0.9742244908027424
421,k6_supported_scene,421022,6,0.5,corner,task,2,P00,4.27590856821826,0.6112298729592303,0.330708658176932,0.20213901112400365,0.09755975094628636,0.10893264738128006,False,False,P11,diagonal,0.0636525603121721,139.228562638808,0.543307100546415,-0.0025499817414971863,0.03448874794103088,0.034582887985562034,-0.2764599492221828
424,k6_supported_scene,421022,6,0.5,corner,task,3,P01,-3.6565688868194823,1.5234508390801502,0.14126288619425098,0.21520706250351543,0.1705358155812166,0.1753937717764124,False,False,P00,y_neighbor,0.221120650005401,-124.185373834792,0.8576675213651542,-0.18105826175135772,0.056429333547070866,0.18964799981278407,0.8722716694273641
424,k6_supported_scene,421022,6,0.5,corner,task,3,P01,-3.6565688868194823,1.5234508390801502,0.14126288619425098,0.21520706250351543,0.1705358155812166,0.1753937717764124,False,False,P10,diagonal,0.0638801313590369,139.19540158061,0.0,-0.0,0.0,0.0,0.0
424,k6_supported_scene,421022,6,0.5,corner,task,3,P01,-3.6565688868194823,1.5234508390801502,0.14126288619425098,0.21520706250351543,0.1705358155812166,0.1753937717764124,False,False,P01,self,0.138642679019854,-127.753500672212,0.14126288619425098,-0.0024704279610039976,0.019428632383045943,0.0195850649880477,0.8073020775560336
424,k6_supported_scene,421022,6,0.5,corner,task,3,P01,-3.6565688868194823,1.5234508390801502,0.14126288619425098,0.21520706250351543,0.1705358155812166,0.1753937717764124,False,False,P11,x_neighbor,0.177996764958833,-23.879828669598304,0.4944200813770294,0.035626227929651026,0.08047162675791461,0.08800517501579419,0.38601617965352825
427,k6_supported_scene,421022,6,0.5,corner,task,4,P00,5.583927629765373,0.5257794629967413,0.29164929116289584,0.15334320769100762,0.06111560388617075,0.07114526927811937,False,False,P00,self,0.13840586460662296,-126.940543860558,0.29164929116289584,0.01384935875408462,0.03791578803419044,0.04036597230530932,0.9978120419831904
427,k6_supported_scene,421022,6,0.5,corner,task,4,P00,5.583927629765373,0.5257794629967413,0.29164929116289584,0.15334320769100762,0.06111560388617075,0.07114526927811937,False,False,P10,x_neighbor,0.177287235448698,-24.2139363904075,0.0,0.0,0.0,0.0,0.0
427,k6_supported_scene,421022,6,0.5,corner,task,4,P00,5.583927629765373,0.5257794629967413,0.29164929116289584,0.15334320769100762,0.06111560388617075,0.07114526927811937,False,False,P01,y_neighbor,0.221120650005401,-124.185373834792,0.6021146402227998,-0.012042817106974676,0.13259421177654307,0.13313998062383364,0.9306455933782766
427,k6_supported_scene,421022,6,0.5,corner,task,4,P00,5.583927629765373,0.5257794629967413,0.29164929116289584,0.15334320769100762,0.06111560388617075,0.07114526927811937,False,False,P11,diagonal,0.0636525603121721,139.228562638808,0.7432352547394226,0.041166788090827085,-0.02331138474862761,0.0473088268784337,-0.22914501472391674
430,k6_supported_scene,421022,6,0.5,corner,task,5,P11,8.829786683626551,0.36183507691471195,0.3288886706291127,0.11900345743346234,0.014999727852170408,0.026310035874727536,False,False,P00,diagonal,0.063652560312172,139.228562638808,0.6953646616810627,0.0054105867608579515,0.04392979937525991,0.04426174106660692,-0.6831475575306802
430,k6_supported_scene,421022,6,0.5,corner,task,5,P11,8.829786683626551,0.36183507691471195,0.3288886706291127,0.11900345743346234,0.014999727852170408,0.026310035874727536,False,False,P10,y_neighbor,0.22114394099010298,-124.185421282005,0.0,0.0,-0.0,0.0,0.0
430,k6_supported_scene,421022,6,0.5,corner,task,5,P11,8.829786683626551,0.36183507691471195,0.3288886706291127,0.11900345743346234,0.014999727852170408,0.026310035874727536,False,False,P01,x_neighbor,0.177996764958833,-23.879828669598304,0.6389837529436658,-0.08963191080202156,-0.07001596271784158,0.11373704088522671,0.9994347661000551
430,k6_supported_scene,421022,6,0.5,corner,task,5,P11,8.829786683626551,0.36183507691471195,0.3288886706291127,0.11900345743346234,0.014999727852170408,0.026310035874727536,False,False,P11,self,0.13858096432942,-127.72686751526298,0.3288886706291127,-0.011970605908205693,-0.043977632541837265,0.04557770913280343,0.7803815847236635
433,k6_supported_scene,421022,6,0.5,edge,combined,-1,P00,6.573674549432196,0.4691549172151767,0.5224991898361018,0.24513306415255323,0.07990431260507505,0.09787278432919574,False,False,P00,self,0.13840586460662296,-126.940543860558,0.5224991898361018,-0.03668323760020349,-0.06232240081938912,0.0723169521255257,0.9958491076386278
433,k6_supported_scene,421022,6,0.5,edge,combined,-1,P00,6.573674549432196,0.4691549172151767,0.5224991898361018,0.24513306415255323,0.07990431260507505,0.09787278432919574,False,False,P10,x_neighbor,0.177287235448698,-24.2139363904075,0.28011089825532953,-0.04644087229294418,-0.017588905558554975,0.049660086770738895,0.8333756578846615
433,k6_supported_scene,421022,6,0.5,edge,combined,-1,P00,6.573674549432196,0.4691549172151767,0.5224991898361018,0.24513306415255323,0.07990431260507505,0.09787278432919574,False,False,P01,y_neighbor,0.221120650005401,-124.185373834792,0.7046999356417977,-0.05964305774127401,-0.14395740197884618,0.15582370782787852,0.9735837779785257
433,k6_supported_scene,421022,6,0.5,edge,combined,-1,P00,6.573674549432196,0.4691549172151767,0.5224991898361018,0.24513306415255323,0.07990431260507505,0.09787278432919574,False,False,P11,diagonal,0.0636525603121721,139.228562638808,0.3897825997668882,-0.0002902913687818937,0.024808962138810522,0.024810660440297096,-0.8051639651322219
436,k6_supported_scene,421022,6,0.5,edge,task,0,P11,4.069807534589433,0.6259067328590724,0.39596990770272616,0.2478402312407218,0.1226235519179952,0.13624074832434935,False,False,P00,diagonal,0.063652560312172,139.228562638808,0.48082059588107423,-0.017618590072159906,-0.02502557865057386,0.030605461978654557,-0.468307133898146
436,k6_supported_scene,421022,6,0.5,edge,task,0,P11,4.069807534589433,0.6259067328590724,0.39596990770272616,0.2478402312407218,0.1226235519179952,0.13624074832434935,False,False,P10,y_neighbor,0.22114394099010298,-124.185421282005,0.6788055259013792,-0.0563904276852906,0.1391195577512372,0.15011372916369045,0.9963979982105082
436,k6_supported_scene,421022,6,0.5,edge,task,0,P11,4.069807534589433,0.6259067328590724,0.39596990770272616,0.2478402312407218,0.1226235519179952,0.13624074832434935,False,False,P01,x_neighbor,0.177996764958833,-23.879828669598304,0.3888990150918676,0.0016669020566550605,0.06920269395625839,0.06922276658202879,0.8804034682815031
436,k6_supported_scene,421022,6,0.5,edge,task,0,P11,4.069807534589433,0.6259067328590724,0.39596990770272616,0.2478402312407218,0.1226235519179952,0.13624074832434935,False,False,P11,self,0.13858096432942,-127.72686751526298,0.39596990770272616,-0.039901639167496616,0.03766965857421441,0.054873891654875225,0.9413585010697934
439,k6_supported_scene,421022,6,0.5,edge,task,1,P00,9.367688800228194,0.34010699171446657,0.46629497519277907,0.15859018126438787,0.011134762954298466,0.027170401362616836,False,False,P00,self,0.13840586460662296,-126.940543860558,0.46629497519277907,-0.047532465571573805,0.04365561699038781,0.0645379592032804,0.8034167064153945
439,k6_supported_scene,421022,6,0.5,edge,task,1,P00,9.367688800228194,0.34010699171446657,0.46629497519277907,0.15859018126438787,0.011134762954298466,0.027170401362616836,False,False,P10,x_neighbor,0.177287235448698,-24.2139363904075,0.5167052746671358,-0.07946091536222427,0.045579432862926685,0.09160524968749668,0.9148485742137872
439,k6_supported_scene,421022,6,0.5,edge,task,1,P00,9.367688800228194,0.34010699171446657,0.46629497519277907,0.15859018126438787,0.011134762954298466,0.027170401362616836,False,False,P01,y_neighbor,0.221120650005401,-124.185373834792,0.48519881904512485,-0.02172971604263005,-0.10506389689022637,0.10728747824911093,0.09866334258091415
439,k6_supported_scene,421022,6,0.5,edge,task,1,P00,9.367688800228194,0.34010699171446657,0.46629497519277907,0.15859018126438787,0.011134762954298466,0.027170401362616836,False,False,P11,diagonal,0.0636525603121721,139.228562638808,0.5293078217064525,-0.0089915947527455,0.0324698087351774,0.03369179804487441,0.3665293653319053
442,k6_supported_scene,421022,6,0.5,edge,task,2,P01,6.617557694330407,0.46679061443620573,0.49341400733522556,0.2303210276554405,0.07428981839440643,0.09125806602340111,False,False,P00,y_neighbor,0.221120650005401,-124.185373834792,0.48076236352433893,-0.031631252081667505,-0.10149154115287293,0.1063064863206347,0.992173087100429
442,k6_supported_scene,421022,6,0.5,edge,task,2,P01,6.617557694330407,0.46679061443620573,0.49341400733522556,0.2303210276554405,0.07428981839440643,0.09125806602340111,False,False,P10,diagonal,0.0638801313590369,139.19540158061,0.38587507911788016,-0.01107383363628436,0.022022271005732206,0.024649750742228943,-0.800391312625338
442,k6_supported_scene,421022,6,0.5,edge,task,2,P01,6.617557694330407,0.46679061443620573,0.49341400733522556,0.2303210276554405,0.07428981839440643,0.09125806602340111,False,False,P01,self,0.138642679019854,-127.753500672212,0.49341400733522556,-0.04698379340060759,-0.04972132777882831,0.06840823984287756,0.8363685612390098
442,k6_supported_scene,421022,6,0.5,edge,task,2,P01,6.617557694330407,0.46679061443620573,0.49341400733522556,0.2303210276554405,0.07428981839440643,0.09125806602340111,False,False,P11,x_neighbor,0.177996764958833,-23.879828669598304,0.613604598568525,0.04915136635578506,-0.0975349759276792,0.1092196335090608,0.7998702738260776
445,k6_supported_scene,421022,6,0.5,edge,task,3,P10,5.54144051139399,0.5283576190376859,0.47174553904487826,0.2492503498014015,0.10007131186083065,0.11629439228697813,False,False,P00,x_neighbor,0.177287235448698,-24.2139363904075,0.5934863444327627,0.10497251510942181,0.007176669844039196,0.10521755328103828,0.9966243528031149
445,k6_supported_scene,421022,6,0.5,edge,task,3,P10,5.54144051139399,0.5283576190376859,0.47174553904487826,0.2492503498014015,0.10007131186083065,0.11629439228697813,False,False,P10,self,0.136232878997807,-128.024603514836,0.47174553904487826,0.0627193926628372,0.014019899580964976,0.06426725293845614,0.9975880631122347
445,k6_supported_scene,421022,6,0.5,edge,task,3,P10,5.54144051139399,0.5283576190376859,0.47174553904487826,0.2492503498014015,0.10007131186083065,0.11629439228697813,False,False,P01,diagonal,0.063880131359037,139.19540158061,0.4869631276260857,-0.016631603025636592,0.026287866745835123,0.031107268559761852,-0.40195150000560825
445,k6_supported_scene,421022,6,0.5,edge,task,3,P10,5.54144051139399,0.5283576190376859,0.47174553904487826,0.2492503498014015,0.10007131186083065,0.11629439228697813,False,False,P11,y_neighbor,0.22114394099010298,-124.185421282005,0.43370153783333976,0.09537443459043088,-0.010125954884796416,0.09591046728993302,0.9673536722216852
448,k6_supported_scene,421022,6,0.5,edge,task,4,P00,4.674139253088654,0.5838389128658192,0.37463528843337296,0.21872665952011305,0.1002565791877538,0.11314008928311768,False,False,P00,self,0.13840586460662296,-126.940543860558,0.37463528843337296,-0.048934873788206275,-0.017145818697286087,0.051851721007772564,0.5108589920435908
448,k6_supported_scene,421022,6,0.5,edge,task,4,P00,4.674139253088654,0.5838389128658192,0.37463528843337296,0.21872665952011305,0.1002565791877538,0.11314008928311768,False,False,P10,x_neighbor,0.177287235448698,-24.2139363904075,0.6032262827709168,0.017717291000693906,-0.10546651214798478,0.10694432002245041,0.9339073541615017
448,k6_supported_scene,421022,6,0.5,edge,task,4,P00,4.674139253088654,0.5838389128658192,0.37463528843337296,0.21872665952011305,0.1002565791877538,0.11314008928311768,False,False,P01,y_neighbor,0.221120650005401,-124.185373834792,0.5460785256381945,-0.012748261775149608,-0.1200743953990725,0.1207492385431086,0.9956417045369271
448,k6_supported_scene,421022,6,0.5,edge,task,4,P00,4.674139253088654,0.5838389128658192,0.37463528843337296,0.21872665952011305,0.1002565791877538,0.11314008928311768,False,False,P11,diagonal,0.0636525603121721,139.228562638808,0.4444825220882753,0.000689487276145118,0.028284047891583015,0.028292450544930316,-0.984761747829573
451,k6_supported_scene,421022,6,0.5,edge,task,5,P11,5.072575820323132,0.5576622016234959,0.34107608779343285,0.19020524204001454,0.08234751275533439,0.0940769396300678,False,False,P00,diagonal,0.063652560312172,139.228562638808,0.5818356683447223,-0.03028317501458535,0.021320060438543925,0.03703532997108534,-0.7639731776245998
451,k6_supported_scene,421022,6,0.5,edge,task,5,P11,5.072575820323132,0.5576622016234959,0.34107608779343285,0.19020524204001454,0.08234751275533439,0.0940769396300678,False,False,P10,y_neighbor,0.22114394099010298,-124.185421282005,0.44139257789960273,0.09046234504523697,0.036667818102702775,0.09761129420049917,0.9561681834313994
451,k6_supported_scene,421022,6,0.5,edge,task,5,P11,5.072575820323132,0.5576622016234959,0.34107608779343285,0.19020524204001454,0.08234751275533439,0.0940769396300678,False,False,P01,x_neighbor,0.177996764958833,-23.879828669598304,0.5918673244061298,0.08616090876119867,-0.06062193601413876,0.10535046902913121,0.7641602003445881
451,k6_supported_scene,421022,6,0.5,edge,task,5,P11,5.072575820323132,0.5576622016234959,0.34107608779343285,0.19020524204001454,0.08234751275533439,0.0940769396300678,False,False,P11,self,0.13858096432942,-127.72686751526298,0.34107608779343285,0.04313038678829134,0.019336655245241283,0.04726665315611984,0.944890073708153
454,k6_supported_scene,421022,6,0.5,interior,combined,-1,P10,2.7079082547351114,0.7321576209549251,0.4147128459039589,0.303635170636489,0.1724914538377949,0.18675321000930664,False,False,P00,x_neighbor,0.177287235448698,-24.2139363904075,0.5884345331644962,0.04674153248524053,-0.09326464796147478,0.10432193162727874,0.9480203694453464
454,k6_supported_scene,421022,6,0.5,interior,combined,-1,P10,2.7079082547351114,0.7321576209549251,0.4147128459039589,0.303635170636489,0.1724914538377949,0.18675321000930664,False,False,P10,self,0.136232878997807,-128.024603514836,0.4147128459039589,-0.015595738833547684,-0.054302331959704596,0.05649752495487021,0.9129183663444975
454,k6_supported_scene,421022,6,0.5,interior,combined,-1,P10,2.7079082547351114,0.7321576209549251,0.4147128459039589,0.303635170636489,0.1724914538377949,0.18675321000930664,False,False,P01,diagonal,0.063880131359037,139.19540158061,0.0,-0.0,0.0,0.0,-0.0
454,k6_supported_scene,421022,6,0.5,interior,combined,-1,P10,2.7079082547351114,0.7321576209549251,0.4147128459039589,0.303635170636489,0.1724914538377949,0.18675321000930664,False,False,P11,y_neighbor,0.22114394099010298,-124.185421282005,0.694087930431959,0.011447955024790124,-0.15306583502278903,0.15349334032938786,0.9978167519253124
457,k6_supported_scene,421022,6,0.5,interior,task,0,P10,5.740132161673149,0.5164085117082505,0.4662307102830249,0.2407655072099374,0.09333041124869285,0.10936383962063939,False,False,P00,x_neighbor,0.177287235448698,-24.2139363904075,0.45427611470222473,-0.03303198458627961,-0.07345171058086765,0.08053735650593306,0.33847884509991333
457,k6_supported_scene,421022,6,0.5,interior,task,0,P10,5.740132161673149,0.5164085117082505,0.4662307102830249,0.2407655072099374,0.09333041124869285,0.10936383962063939,False,False,P10,self,0.136232878997807,-128.024603514836,0.4662307102830249,0.04595852627624423,-0.043841647017868114,0.06351595193904895,0.9999814958246481
457,k6_supported_scene,421022,6,0.5,interior,task,0,P10,5.740132161673149,0.5164085117082505,0.4662307102830249,0.2407655072099374,0.09333041124869285,0.10936383962063939,False,False,P01,diagonal,0.063880131359037,139.19540158061,0.0,-0.0,0.0,0.0,-0.0
457,k6_supported_scene,421022,6,0.5,interior,task,0,P10,5.740132161673149,0.5164085117082505,0.4662307102830249,0.2407655072099374,0.09333041124869285,0.10936383962063939,False,False,P11,y_neighbor,0.22114394099010298,-124.185421282005,0.7591193215119226,0.1602710395444737,-0.049950856999553185,0.16787463844087963,0.8934675336113657
460,k6_supported_scene,421022,6,0.5,interior,task,1,P10,9.726892252444117,0.32632878755402334,0.5730528699156743,0.18700364824393545,0.005788419380964138,0.025495405515690878,False,False,P00,x_neighbor,0.177287235448698,-24.2139363904075,0.5919447179432954,0.04668005449489475,-0.09399077914133247,0.10494424258262615,0.7924098145605962
460,k6_supported_scene,421022,6,0.5,interior,task,1,P10,9.726892252444117,0.32632878755402334,0.5730528699156743,0.18700364824393545,0.005788419380964138,0.025495405515690878,False,False,P10,self,0.136232878997807,-128.024603514836,0.5730528699156743,-0.06969855853027582,0.03516850646913857,0.07806864228656808,-0.2688686211793374
460,k6_supported_scene,421022,6,0.5,interior,task,1,P10,9.726892252444117,0.32632878755402334,0.5730528699156743,0.18700364824393545,0.005788419380964138,0.025495405515690878,False,False,P01,diagonal,0.063880131359037,139.19540158061,0.0,-0.0,0.0,0.0,0.0
460,k6_supported_scene,421022,6,0.5,interior,task,1,P10,9.726892252444117,0.32632878755402334,0.5730528699156743,0.18700364824393545,0.005788419380964138,0.025495405515690878,False,False,P11,y_neighbor,0.22114394099010298,-124.185421282005,0.5667555503908365,-0.013232464601510487,-0.12463407562196747,0.1253345559914445,0.9960142888070577
463,k6_supported_scene,421022,6,0.5,interior,task,2,P11,8.262286869130532,0.3862652656066289,0.5702186822891235,0.22025567076827024,0.039936690726915636,0.05954621064309282,False,False,P00,diagonal,0.063652560312172,139.228562638808,0.41544500661953443,-0.004525401620781839,0.026054043692456043,0.026444138340240612,-0.5271379804880323
463,k6_supported_scene,421022,6,0.5,interior,task,2,P11,8.262286869130532,0.3862652656066289,0.5702186822891235,0.22025567076827024,0.039936690726915636,0.05954621064309282,False,False,P10,y_neighbor,0.22114394099010298,-124.185421282005,0.7087003211107946,-0.11166013705457667,-0.10997577498341483,0.1567247819913926,0.9987204747617889
463,k6_supported_scene,421022,6,0.5,interior,task,2,P11,8.262286869130532,0.3862652656066289,0.5702186822891235,0.22025567076827024,0.039936690726915636,0.05954621064309282,False,False,P01,x_neighbor,0.177996764958833,-23.879828669598304,0.0,0.0,0.0,0.0,-0.0
463,k6_supported_scene,421022,6,0.5,interior,task,2,P11,8.262286869130532,0.3862652656066289,0.5702186822891235,0.22025567076827024,0.039936690726915636,0.05954621064309282,False,False,P11,self,0.13858096432942,-127.72686751526298,0.5702186822891235,-0.04835307008955621,-0.06250096753434967,0.0790214548702779,0.982911943330008
466,k6_supported_scene,421022,6,0.5,interior,task,3,P10,7.94927664197002,0.40043881535469533,0.6838181932172879,0.273827347209919,0.05758504760714564,0.08110119482474878,False,False,P00,x_neighbor,0.177287235448698,-24.2139363904075,0.41029090413987473,0.06309610583738505,-0.036192444376348054,0.07273934012470518,0.9229652933955758
466,k6_supported_scene,421022,6,0.5,interior,task,3,P10,7.94927664197002,0.40043881535469533,0.6838181932172879,0.273827347209919,0.05758504760714564,0.08110119482474878,False,False,P10,self,0.136232878997807,-128.024603514836,0.6838181932172879,0.07865668605872635,-0.04991628797709477,0.09315852117306977,0.9392391938983117
466,k6_supported_scene,421022,6,0.5,interior,task,3,P10,7.94927664197002,0.40043881535469533,0.6838181932172879,0.273827347209919,0.05758504760714564,0.08110119482474878,False,False,P01,diagonal,0.063880131359037,139.19540158061,0.0,-0.0,0.0,0.0,-0.0
466,k6_supported_scene,421022,6,0.5,interior,task,3,P10,7.94927664197002,0.40043881535469533,0.6838181932172879,0.273827347209919,0.05758504760714564,0.08110119482474878,False,False,P11,y_neighbor,0.22114394099010298,-124.185421282005,0.6033689727790466,0.025035898725675923,-0.1310615896537119,0.13343139251150854,0.893292981774784
469,k6_supported_scene,421022,6,0.5,interior,task,4,P10,8.098787926868916,0.39360499726297554,0.6239772292888752,0.24560055562640679,0.0482816303630095,0.06973987837386156,False,False,P00,x_neighbor,0.177287235448698,-24.2139363904075,0.5849786335247755,0.05501287536838937,-0.08791581761567643,0.10370924473416449,0.74396929558914
469,k6_supported_scene,421022,6,0.5,interior,task,4,P10,8.098787926868916,0.39360499726297554,0.6239772292888752,0.24560055562640679,0.0482816303630095,0.06973987837386156,False,False,P10,self,0.136232878997807,-128.024603514836,0.6239772292888752,-0.07400361054984231,-0.04182728903446195,0.0850062143750982,0.6343081097747212
469,k6_supported_scene,421022,6,0.5,interior,task,4,P10,8.098787926868916,0.39360499726297554,0.6239772292888752,0.24560055562640679,0.0482816303630095,0.06973987837386156,False,False,P01,diagonal,0.063880131359037,139.19540158061,0.0,-0.0,0.0,0.0,0.0
469,k6_supported_scene,421022,6,0.5,interior,task,4,P10,8.098787926868916,0.39360499726297554,0.6239772292888752,0.24560055562640679,0.0482816303630095,0.06973987837386156,False,False,P11,y_neighbor,0.22114394099010298,-124.185421282005,0.5181239661769187,-0.023206813719506378,-0.11220523451125682,0.11457997580178661,0.9995108649192934
472,k6_supported_scene,421022,6,0.5,interior,task,5,P10,8.690601290689175,0.36767993943096117,0.7046211568358777,0.25907506426718935,0.03625428995277977,0.06048584012378422,False,False,P00,x_neighbor,0.177287235448698,-24.2139363904075,0.26197451227064966,0.03500494815142996,-0.03052486205521121,0.046444737038484486,0.8154410253055137
472,k6_supported_scene,421022,6,0.5,interior,task,5,P10,8.690601290689175,0.36767993943096117,0.7046211568358777,0.25907506426718935,0.03625428995277977,0.06048584012378422,False,False,P10,self,0.136232878997807,-128.024603514836,0.7046211568358777,0.05519677416859252,-0.07853591144132344,0.09599256879851689,0.9300439030509122
472,k6_supported_scene,421022,6,0.5,interior,task,5,P10,8.690601290689175,0.36767993943096117,0.7046211568358777,0.25907506426718935,0.03625428995277977,0.06048584012378422,False,False,P01,diagonal,0.063880131359037,139.19540158061,0.0,-0.0,0.0,0.0,-0.0
472,k6_supported_scene,421022,6,0.5,interior,task,5,P10,8.690601290689175,0.36767993943096117,0.7046211568358777,0.25907506426718935,0.03625428995277977,0.06048584012378422,False,False,P11,y_neighbor,0.22114394099010298,-124.185421282005,0.6594531409408138,-0.0295369559512706,-0.14281156529133826,0.14583406648595337,0.904622768233193
487,k6_supported_scene,421023,6,0.5,corner,task,3,P00,9.985629815094143,0.31675137531921344,0.5598573944214299,0.17733559966561926,0.00029314653972278837,0.01954634722766435,False,False,P00,self,0.13840586460662296,-126.940543860558,0.5598573944214299,0.07528793389580837,0.018331582259510704,0.07748754673130914,0.5775704563231244
487,k6_supported_scene,421023,6,0.5,corner,task,3,P00,9.985629815094143,0.31675137531921344,0.5598573944214299,0.17733559966561926,0.00029314653972278837,0.01954634722766435,False,False,P10,x_neighbor,0.177287235448698,-24.2139363904075,0.8285889914874509,-0.010019622530193617,0.1465561445131207,0.14689825162403494,0.9025368271909726
487,k6_supported_scene,421023,6,0.5,corner,task,3,P00,9.985629815094143,0.31675137531921344,0.5598573944214299,0.17733559966561926,0.00029314653972278837,0.01954634722766435,False,False,P01,y_neighbor,0.221120650005401,-124.185373834792,0.0,0.0,-0.0,0.0,0.0
487,k6_supported_scene,421023,6,0.5,corner,task,3,P00,9.985629815094143,0.31675137531921344,0.5598573944214299,0.17733559966561926,0.00029314653972278837,0.01954634722766435,False,False,P11,diagonal,0.0636525603121721,139.228562638808,0.0,-0.0,0.0,0.0,0.0
493,k6_supported_scene,421023,6,0.5,corner,task,5,P10,9.780041136620696,0.3243380812713219,0.6843142291271896,0.2219491640617764,0.00555000413135065,0.029083209762430007,False,False,P00,x_neighbor,0.177287235448698,-24.2139363904075,0.7291872660400232,0.12477608629474879,0.03380987470588646,0.12927559452062998,0.998210083071373
493,k6_supported_scene,421023,6,0.5,corner,task,5,P10,9.780041136620696,0.3243380812713219,0.6843142291271896,0.2219491640617764,0.00555000413135065,0.029083209762430007,False,False,P10,self,0.136232878997807,-128.024603514836,0.6843142291271896,0.0925360745742797,0.011321668212064227,0.093226097573162,0.9965553051636349
493,k6_supported_scene,421023,6,0.5,corner,task,5,P10,9.780041136620696,0.3243380812713219,0.6843142291271896,0.2219491640617764,0.00555000413135065,0.029083209762430007,False,False,P01,diagonal,0.063880131359037,139.19540158061,0.0,-0.0,0.0,0.0,0.0
493,k6_supported_scene,421023,6,0.5,corner,task,5,P10,9.780041136620696,0.3243380812713219,0.6843142291271896,0.2219491640617764,0.00555000413135065,0.029083209762430007,False,False,P11,y_neighbor,0.22114394099010298,-124.185421282005,0.0,0.0,-0.0,0.0,0.0
496,k6_supported_scene,421023,6,0.5,edge,combined,-1,P00,8.03118152327641,0.3966805656394815,0.6228313222051376,0.24706508119032022,0.05010852356407616,0.0715273644343371,False,False,P00,self,0.13840586460662296,-126.940543860558,0.6228313222051376,0.06952063781652018,0.050969850396270486,0.08620350765388825,0.9635011065634964
496,k6_supported_scene,421023,6,0.5,edge,combined,-1,P00,8.03118152327641,0.3966805656394815,0.6228313222051376,0.24706508119032022,0.05010852356407616,0.0715273644343371,False,False,P10,x_neighbor,0.177287235448698,-24.2139363904075,0.0,0.0,0.0,0.0,0.0
496,k6_supported_scene,421023,6,0.5,edge,combined,-1,P00,8.03118152327641,0.3966805656394815,0.6228313222051376,0.24706508119032022,0.05010852356407616,0.0715273644343371,False,False,P01,y_neighbor,0.221120650005401,-124.185373834792,0.6309617797221104,0.05914134998106699,0.1263636121415379,0.13951867886071773,0.9738012938644497
496,k6_supported_scene,421023,6,0.5,edge,combined,-1,P00,8.03118152327641,0.3966805656394815,0.6228313222051376,0.24706508119032022,0.05010852356407616,0.0715273644343371,False,False,P11,diagonal,0.0636525603121721,139.228562638808,0.46256712684943235,0.024209360840533368,0.016758023903873858,0.02944358194021166,0.9558767761500193
502,k6_supported_scene,421023,6,0.5,edge,task,1,P00,7.907662581055507,0.40236191915625324,0.4613353962458957,0.18562379540820914,0.03973673366887681,0.05560181477145357,False,False,P00,self,0.13840586460662296,-126.940543860558,0.4613353962458957,0.05498267659905263,0.03246417165222494,0.0638515243910522,0.9928279671965765
502,k6_supported_scene,421023,6,0.5,edge,task,1,P00,7.907662581055507,0.40236191915625324,0.4613353962458957,0.18562379540820914,0.03973673366887681,0.05560181477145357,False,False,P10,x_neighbor,0.177287235448698,-24.2139363904075,0.0,0.0,0.0,0.0,0.0
502,k6_supported_scene,421023,6,0.5,edge,task,1,P00,7.907662581055507,0.40236191915625324,0.4613353962458957,0.18562379540820914,0.03973673366887681,0.05560181477145357,False,False,P01,y_neighbor,0.221120650005401,-124.185373834792,0.5608391429665918,0.059288751745079415,0.10892243486612087,0.12401311584124479,0.9134465105889553
502,k6_supported_scene,421023,6,0.5,edge,task,1,P00,7.907662581055507,0.40236191915625324,0.4613353962458957,0.18562379540820914,0.03973673366887681,0.05560181477145357,False,False,P11,diagonal,0.0636525603121721,139.228562638808,0.6874802112579346,0.03314025961383949,-0.028577087083458075,0.0437598756105205,0.20454510410073656
505,k6_supported_scene,421023,6,0.5,edge,task,2,P00,8.183748007887196,0.389773760919126,0.4271247132158776,0.16648200585165573,0.03141331198081618,0.04610190572677031,False,False,P00,self,0.13840586460662296,-126.940543860558,0.4271247132158776,0.05050433732022663,-0.030725888044806086,0.059116565227499425,0.11226611037862164
505,k6_supported_scene,421023,6,0.5,edge,task,2,P00,8.183748007887196,0.389773760919126,0.4271247132158776,0.16648200585165573,0.03141331198081618,0.04610190572677031,False,False,P10,x_neighbor,0.177287235448698,-24.2139363904075,0.0,0.0,0.0,0.0,0.0
505,k6_supported_scene,421023,6,0.5,edge,task,2,P00,8.183748007887196,0.389773760919126,0.4271247132158776,0.16648200585165573,0.03141331198081618,0.04610190572677031,False,False,P01,y_neighbor,0.221120650005401,-124.185373834792,0.5837370494177232,0.02614276763418029,0.1264011511054896,0.1290763157994818,0.8982107427643098
505,k6_supported_scene,421023,6,0.5,edge,task,2,P00,8.183748007887196,0.389773760919126,0.4271247132158776,0.16648200585165573,0.03141331198081618,0.04610190572677031,False,False,P11,diagonal,0.0636525603121721,139.228562638808,0.6905183082933242,0.025302491675351365,0.03593985012705153,0.04395325826529987,0.9989586042077597
508,k6_supported_scene,421023,6,0.5,edge,task,3,P00,8.21910600332474,0.38819031848941943,0.6021730421054367,0.23375774500065208,0.04333390914008656,0.06404232264689669,False,False,P00,self,0.13840586460662296,-126.940543860558,0.6021730421054367,0.0361306104162855,0.07510557961237378,0.08334428053540335,0.9991285077107599
508,k6_supported_scene,421023,6,0.5,edge,task,3,P00,8.21910600332474,0.38819031848941943,0.6021730421054367,0.23375774500065208,0.04333390914008656,0.06404232264689669,False,False,P10,x_neighbor,0.177287235448698,-24.2139363904075,0.0,0.0,0.0,0.0,0.0
508,k6_supported_scene,421023,6,0.5,edge,task,3,P00,8.21910600332474,0.38819031848941943,0.6021730421054367,0.23375774500065208,0.04333390914008656,0.06404232264689669,False,False,P01,y_neighbor,0.221120650005401,-124.185373834792,0.7295556975624217,0.06286514407123492,0.1485666895085752,0.16131983006014639,0.9959671988233079
508,k6_supported_scene,421023,6,0.5,edge,task,3,P00,8.21910600332474,0.38819031848941943,0.6021730421054367,0.23375774500065208,0.04333390914008656,0.06404232264689669,False,False,P11,diagonal,0.0636525603121721,139.228562638808,0.3242469970652734,0.011044883397165684,-0.017435169253536043,0.020639151536738006,-0.4933904806330005
511,k6_supported_scene,421023,6,0.5,edge,task,4,P01,8.216568871957296,0.3883037246839286,0.6599919199943542,0.25627732079510523,0.04756955034612695,0.07026632458665094,False,False,P00,y_neighbor,0.221120650005401,-124.185373834792,0.5786230804709748,0.11783077701519391,-0.049859421801834045,0.12794551166186938,0.9768297252105375
511,k6_supported_scene,421023,6,0.5,edge,task,4,P01,8.216568871957296,0.3883037246839286,0.6599919199943542,0.25627732079510523,0.04756955034612695,0.07026632458665094,False,False,P10,diagonal,0.0638801313590369,139.19540158061,0.0,-0.0,0.0,0.0,-0.0
511,k6_supported_scene,421023,6,0.5,edge,task,4,P01,8.216568871957296,0.3883037246839286,0.6599919199943542,0.25627732079510523,0.04756955034612695,0.07026632458665094,False,False,P01,self,0.138642679019854,-127.753500672212,0.6599919199943542,0.07234708311181419,-0.056024167497303184,0.09150304791947442,0.8896074005645692
511,k6_supported_scene,421023,6,0.5,edge,task,4,P01,8.216568871957296,0.3883037246839286,0.6599919199943542,0.25627732079510523,0.04756955034612695,0.07026632458665094,False,False,P11,x_neighbor,0.177996764958833,-23.879828669598304,0.4791722214964624,0.061744707965170856,0.05884015362784787,0.08529110528450767,0.5849912839880125
514,k6_supported_scene,421023,6,0.5,edge,task,5,P00,6.038349421414227,0.4989792994287242,0.4609252021415212,0.22999213445361938,0.08423478747954669,0.10008576222309123,False,False,P00,self,0.13840586460662296,-126.940543860558,0.4609252021415212,0.021887652951624433,0.059922457550638096,0.06379475112137971,0.9969748656555775
514,k6_supported_scene,421023,6,0.5,edge,task,5,P00,6.038349421414227,0.4989792994287242,0.4609252021415212,0.22999213445361938,0.08423478747954669,0.10008576222309123,False,False,P10,x_neighbor,0.177287235448698,-24.2139363904075,0.0,0.0,0.0,0.0,0.0
514,k6_supported_scene,421023,6,0.5,edge,task,5,P00,6.038349421414227,0.4989792994287242,0.4609252021415212,0.22999213445361938,0.08423478747954669,0.10008576222309123,False,False,P01,y_neighbor,0.221120650005401,-124.185373834792,0.5838385820388794,0.0725370115509057,0.10679360249506008,0.12909876675866863,0.9858148787906997
514,k6_supported_scene,421023,6,0.5,edge,task,5,P00,6.038349421414227,0.4989792994287242,0.4609252021415212,0.22999213445361938,0.08423478747954669,0.10008576222309123,False,False,P11,diagonal,0.0636525603121721,139.228562638808,0.6683415603864632,0.0010367395724945813,0.04252901693953604,0.04254165148163056,0.9196372157183019
517,k6_supported_scene,421023,6,0.5,interior,combined,-1,P00,8.532593552455129,0.3744297279619702,0.48117724159241476,0.18016706367093904,0.028005459504025415,0.044552891209241635,False,False,P00,self,0.13840586460662296,-126.940543860558,0.48117724159241476,-0.04504261477910297,-0.049055310064365254,0.06659775215162807,0.9563597074841589
517,k6_supported_scene,421023,6,0.5,interior,combined,-1,P00,8.532593552455129,0.3744297279619702,0.48117724159241476,0.18016706367093904,0.028005459504025415,0.044552891209241635,False,False,P10,x_neighbor,0.177287235448698,-24.2139363904075,0.5142300002144113,0.07363843912580022,-0.05374658621212934,0.09116641512279638,0.18319121317728979
517,k6_supported_scene,421023,6,0.5,interior,combined,-1,P00,8.532593552455129,0.3744297279619702,0.48117724159241476,0.18016706367093904,0.028005459504025415,0.044552891209241635,False,False,P01,y_neighbor,0.221120650005401,-124.185373834792,0.4550261558345752,-0.07299946521047287,-0.06924299971523512,0.10061567934760014,0.9339313303345268
517,k6_supported_scene,421023,6,0.5,interior,combined,-1,P00,8.532593552455129,0.3744297279619702,0.48117724159241476,0.18016706367093904,0.028005459504025415,0.044552891209241635,False,False,P11,diagonal,0.0636525603121721,139.228562638808,0.5449653021402678,-0.03335588899746125,0.009522201122466583,0.03468843676252449,0.16739397888903407
520,k6_supported_scene,421023,6,0.5,interior,task,0,P00,8.536677920762376,0.37425370115636214,0.5616959130969698,0.2102167744009433,0.03259293062150062,0.051909356997593165,False,False,P00,self,0.13840586460662296,-126.940543860558,0.5616959130969698,-0.052587273875008236,-0.05725730094693546,0.07774200849819267,0.8127513375758325
520,k6_supported_scene,421023,6,0.5,interior,task,0,P00,8.536677920762376,0.37425370115636214,0.5616959130969698,0.2102167744009433,0.03259293062150062,0.051909356997593165,False,False,P10,x_neighbor,0.177287235448698,-24.2139363904075,0.4733392060877003,-0.02675074953120546,-0.07953904806531263,0.08391699927676992,0.9793720092733559
520,k6_supported_scene,421023,6,0.5,interior,task,0,P00,8.536677920762376,0.37425370115636214,0.5616959130969698,0.2102167744009433,0.03259293062150062,0.051909356997593165,False,False,P01,y_neighbor,0.221120650005401,-124.185373834792,0.49227280541006807,0.08361633717298726,-0.06969215872006747,0.10885168271225654,0.5428697254886332
520,k6_supported_scene,421023,6,0.5,interior,task,0,P00,8.536677920762376,0.37425370115636214,0.5616959130969698,0.2102167744009433,0.03259293062150062,0.051909356997593165,False,False,P11,diagonal,0.0636525603121721,139.228562638808,0.46702804823745847,-0.029646608006510436,-0.0021919702403573604,0.02972753100791085,0.1935448221318804
523,k6_supported_scene,421023,6,0.5,interior,task,1,P01,8.29520716290683,0.3848040567216081,0.5034812698764705,0.1937416351318126,0.03452687792745568,0.051841333408692986,False,False,P00,y_neighbor,0.221120650005401,-124.185373834792,0.4668644646350545,-0.010899008587062532,-0.10265642257258742,0.10323337388452679,0.9838717321976493
523,k6_supported_scene,421023,6,0.5,interior,task,1,P01,8.29520716290683,0.3848040567216081,0.5034812698764705,0.1937416351318126,0.03452687792745568,0.051841333408692986,False,False,P10,diagonal,0.0638801313590369,139.19540158061,0.44855605391264936,-0.028577037493358493,-0.0020962605751694303,0.02865381964583128,0.35118874325504107
523,k6_supported_scene,421023,6,0.5,interior,task,1,P01,8.29520716290683,0.3848040567216081,0.5034812698764705,0.1937416351318126,0.03452687792745568,0.051841333408692986,False,False,P01,self,0.138642679019854,-127.753500672212,0.5034812698764705,-0.06963365540946784,0.0048735352973349015,0.06980399209199198,0.2140728403762016
523,k6_supported_scene,421023,6,0.5,interior,task,1,P01,8.29520716290683,0.3848040567216081,0.5034812698764705,0.1937416351318126,0.03452687792745568,0.051841333408692986,False,False,P11,x_neighbor,0.177996764958833,-23.879828669598304,0.572137789767213,0.0545231202250102,-0.08601363396038747,0.10183867568926079,0.6595450944862581
526,k6_supported_scene,421023,6,0.5,interior,task,2,P10,6.160006183434624,0.4920391854014744,0.3691857159137726,0.1816538389200728,0.06490706473133352,0.07760316690027039,False,False,P00,x_neighbor,0.177287235448698,-24.2139363904075,0.4161729864746376,0.02618378049727532,-0.0689798268590113,0.07378215824051687,0.9983243011285379
526,k6_supported_scene,421023,6,0.5,interior,task,2,P10,6.160006183434624,0.4920391854014744,0.3691857159137726,0.1816538389200728,0.06490706473133352,0.07760316690027039,False,False,P10,self,0.136232878997807,-128.024603514836,0.3691857159137726,-0.030981853451463218,-0.039619884093658624,0.05029523296379973,0.566502905692773
526,k6_supported_scene,421023,6,0.5,interior,task,2,P10,6.160006183434624,0.4920391854014744,0.3691857159137726,0.1816538389200728,0.06490706473133352,0.07760316690027039,False,False,P01,diagonal,0.063880131359037,139.19540158061,0.6041221022605896,-0.029211474520381385,0.025218759929153817,0.03859139924930405,-0.8505659064090335
526,k6_supported_scene,421023,6,0.5,interior,task,2,P10,6.160006183434624,0.4920391854014744,0.3691857159137726,0.1816538389200728,0.06490706473133352,0.07760316690027039,False,False,P11,y_neighbor,0.22114394099010298,-124.185421282005,0.5705597449086883,0.08853918570626489,-0.08989523241991086,0.1261758305594152,0.8902453800099946
529,k6_supported_scene,421023,6,0.5,interior,task,3,P00,4.583191132386894,0.5899842844344988,0.3812722394542596,0.22494462936916024,0.10437576084230282,0.11748751218487435,False,False,P00,self,0.13840586460662296,-126.940543860558,0.3812722394542596,-0.04259200321055434,-0.031154892025534876,0.05277031395217019,0.6804132892880929
529,k6_supported_scene,421023,6,0.5,interior,task,3,P00,4.583191132386894,0.5899842844344988,0.3812722394542596,0.22494462936916024,0.10437576084230282,0.11748751218487435,False,False,P10,x_neighbor,0.177287235448698,-24.2139363904075,0.5572440518246033,0.0350593537076605,-0.09236206928922713,0.09879225741821493,0.8871916430077609
529,k6_supported_scene,421023,6,0.5,interior,task,3,P00,4.583191132386894,0.5899842844344988,0.3812722394542596,0.22494462936916024,0.10437576084230282,0.11748751218487435,False,False,P01,y_neighbor,0.221120650005401,-124.185373834792,0.4472616820480313,0.018556584581135648,-0.09714229045604464,0.09889879385696967,0.9536848338677347
529,k6_supported_scene,421023,6,0.5,interior,task,3,P00,4.583191132386894,0.5899842844344988,0.3812722394542596,0.22494462936916024,0.10437576084230282,0.11748751218487435,False,False,P11,diagonal,0.0636525603121721,139.228562638808,0.5865726950041821,-0.03723521707473461,-0.0027530464093275357,0.03733685384622704,0.18943914076997875
532,k6_supported_scene,421023,6,0.5,interior,task,4,P10,6.266008236215406,0.4860708626132526,0.35048764529353965,0.17036183208311853,0.05952790699544058,0.0715809923716803,False,False,P00,x_neighbor,0.177287235448698,-24.2139363904075,0.42895503564257725,0.06020275593500931,0.04646466260564222,0.07604825240087024,-0.3824444053445992
532,k6_supported_scene,421023,6,0.5,interior,task,4,P10,6.266008236215406,0.4860708626132526,0.35048764529353965,0.17036183208311853,0.05952790699544058,0.0715809923716803,False,False,P10,self,0.136232878997807,-128.024603514836,0.35048764529353965,-0.04535259404529901,-0.014933455071759555,0.04774794097150109,0.6681032779343885
532,k6_supported_scene,421023,6,0.5,interior,task,4,P10,6.266008236215406,0.4860708626132526,0.35048764529353965,0.17036183208311853,0.05952790699544058,0.0715809923716803,False,False,P01,diagonal,0.063880131359037,139.19540158061,0.5283470454664466,-0.023262636384061196,0.02445345700090315,0.03375087866755571,0.9584429565458953
532,k6_supported_scene,421023,6,0.5,interior,task,4,P10,6.266008236215406,0.4860708626132526,0.35048764529353965,0.17036183208311853,0.05952790699544058,0.0715809923716803,False,False,P11,y_neighbor,0.22114394099010298,-124.185421282005,0.6434325488937984,-0.13934213492738148,0.02881939919654717,0.14229120962368172,0.9501445190731784
535,k6_supported_scene,421023,6,0.5,interior,task,5,P10,6.522380685078594,0.47193367288733906,0.46320278499268225,0.21860099161324095,0.07212340970222733,0.08805270931948753,False,False,P00,x_neighbor,0.177287235448698,-24.2139363904075,0.38351197482987726,-0.03383023084896124,-0.058977939318553795,0.0679917777790596,0.6773276080345769
535,k6_supported_scene,421023,6,0.5,interior,task,5,P10,6.522380685078594,0.47193367288733906,0.46320278499268225,0.21860099161324095,0.07212340970222733,0.08805270931948753,False,False,P10,self,0.136232878997807,-128.024603514836,0.46320278499268225,-0.010848890284180377,-0.06216387093937905,0.0631034489593553,0.8876104515462168
535,k6_supported_scene,421023,6,0.5,interior,task,5,P10,6.522380685078594,0.47193367288733906,0.46320278499268225,0.21860099161324095,0.07212340970222733,0.08805270931948753,False,False,P01,diagonal,0.063880131359037,139.19540158061,0.4881061658282372,0.022590990735570235,0.021490867177012977,0.031180285990263686,-0.4390691219475106
535,k6_supported_scene,421023,6,0.5,interior,task,5,P10,6.522380685078594,0.47193367288733906,0.46320278499268225,0.21860099161324095,0.07212340970222733,0.08805270931948753,False,False,P11,y_neighbor,0.22114394099010298,-124.185421282005,0.6325457401873668,0.0879169489840167,-0.10880279321998006,0.13988365784153606,0.9309686733995572
544,k6_supported_scene,421024,6,0.5,corner,task,1,P10,7.478811133306569,0.4227264702883668,0.5800701221569422,0.24521099525914591,0.0617767163963418,0.08172502213678468,False,False,P00,x_neighbor,0.177287235448698,-24.2139363904075,0.0,0.0,0.0,0.0,0.0
544,k6_supported_scene,421024,6,0.5,corner,task,1,P10,7.478811133306569,0.4227264702883668,0.5800701221569422,0.24521099525914591,0.0617767163963418,0.08172502213678468,False,False,P10,self,0.136232878997807,-128.024603514836,0.5800701221569422,0.07784798688873204,-0.013586093627532866,0.07902462276204983,0.875340409523808
544,k6_supported_scene,421024,6,0.5,corner,task,1,P10,7.478811133306569,0.4227264702883668,0.5800701221569422,0.24521099525914591,0.0617767163963418,0.08172502213678468,False,False,P01,diagonal,0.063880131359037,139.19540158061,0.0,-0.0,0.0,0.0,-0.0
544,k6_supported_scene,421024,6,0.5,corner,task,1,P10,7.478811133306569,0.4227264702883668,0.5800701221569422,0.24521099525914591,0.0617767163963418,0.08172502213678468,False,False,P11,y_neighbor,0.22114394099010298,-124.185421282005,0.8145665641493222,0.113215856803766,-0.14011179129424983,0.18013646019474866,0.9772455249638609
547,k6_supported_scene,421024,6,0.5,corner,task,2,P11,8.912431497081355,0.35840860260134,0.6634871400564832,0.23779949871160372,0.02798644263064115,0.05080341564673768,False,False,P00,diagonal,0.063652560312172,139.228562638808,0.0,-0.0,0.0,0.0,0.0
547,k6_supported_scene,421024,6,0.5,corner,task,2,P11,8.912431497081355,0.35840860260134,0.6634871400564832,0.23779949871160372,0.02798644263064115,0.05080341564673768,False,False,P10,y_neighbor,0.22114394099010298,-124.185421282005,0.748187651604904,0.16251857056382862,0.03104493455655559,0.16545716587603862,0.9590706748552937
547,k6_supported_scene,421024,6,0.5,corner,task,2,P11,8.912431497081355,0.35840860260134,0.6634871400564832,0.23779949871160372,0.02798644263064115,0.05080341564673768,False,False,P01,x_neighbor,0.177996764958833,-23.879828669598304,0.0,0.0,0.0,0.0,0.0
547,k6_supported_scene,421024,6,0.5,corner,task,2,P11,8.912431497081355,0.35840860260134,0.6634871400564832,0.23779949871160372,0.02798644263064115,0.05080341564673768,False,False,P11,self,0.13858096432942,-127.72686751526298,0.6634871400564832,0.048862877581384426,0.07788846237717918,0.09194668768919638,0.8604375531466036
550,k6_supported_scene,421024,6,0.5,corner,task,3,P11,7.669778461014264,0.41353386164992834,0.3786328613486378,0.15657750930106407,0.0368432854162212,0.04986426993698194,False,False,P00,diagonal,0.063652560312172,139.228562638808,0.0,-0.0,0.0,0.0,0.0
550,k6_supported_scene,421024,6,0.5,corner,task,3,P11,7.669778461014264,0.41353386164992834,0.3786328613486378,0.15657750930106407,0.0368432854162212,0.04986426993698194,False,False,P10,y_neighbor,0.22114394099010298,-124.185421282005,0.9255469373162533,0.1592012827973993,0.12864091271007422,0.2046790972894361,0.9931435139122514
550,k6_supported_scene,421024,6,0.5,corner,task,3,P11,7.669778461014264,0.41353386164992834,0.3786328613486378,0.15657750930106407,0.0368432854162212,0.04986426993698194,False,False,P01,x_neighbor,0.177996764958833,-23.879828669598304,0.0,0.0,0.0,0.0,0.0
550,k6_supported_scene,421024,6,0.5,corner,task,3,P11,7.669778461014264,0.41353386164992834,0.3786328613486378,0.15657750930106407,0.0368432854162212,0.04986426993698194,False,False,P11,self,0.13858096432942,-127.72686751526298,0.3786328613486378,-0.049753055516165615,-0.01666947901415237,0.05247130705250179,-0.8899760884292194
553,k6_supported_scene,421024,6,0.5,corner,task,4,P10,3.3528485978529474,0.6797630754197984,0.3734668764795558,0.25386899252316886,0.13576839649275257,0.14861172551690585,False,False,P00,x_neighbor,0.177287235448698,-24.2139363904075,0.0,0.0,0.0,0.0,-0.0
553,k6_supported_scene,421024,6,0.5,corner,task,4,P10,3.3528485978529474,0.6797630754197984,0.3734668764795558,0.25386899252316886,0.13576839649275257,0.14861172551690585,False,False,P10,self,0.136232878997807,-128.024603514836,0.3734668764795558,-0.0037923167840630476,-0.05073693741630157,0.050878467793128254,0.9659971434382291
553,k6_supported_scene,421024,6,0.5,corner,task,4,P10,3.3528485978529474,0.6797630754197984,0.3734668764795558,0.25386899252316886,0.13576839649275257,0.14861172551690585,False,False,P01,diagonal,0.063880131359037,139.19540158061,0.0,-0.0,0.0,0.0,0.0
553,k6_supported_scene,421024,6,0.5,corner,task,4,P10,3.3528485978529474,0.6797630754197984,0.3734668764795558,0.25386899252316886,0.13576839649275257,0.14861172551690585,False,False,P11,y_neighbor,0.22114394099010298,-124.185421282005,0.9276435333914806,-0.07994277141266248,-0.1889251170884017,0.20514274680817624,0.997941877827745
562,k6_supported_scene,421024,6,0.5,edge,task,0,P10,3.682916326251198,0.6544164139419554,0.37693036131645175,0.24666941535855788,0.1274735692555368,0.1404360056975948,False,False,P00,x_neighbor,0.177287235448698,-24.2139363904075,0.27544910591345917,-0.0033308405560959313,0.0487198831596542,0.048833610494212795,0.9535985831663328
562,k6_supported_scene,421024,6,0.5,edge,task,0,P10,3.682916326251198,0.6544164139419554,0.37693036131645175,0.24666941535855788,0.1274735692555368,0.1404360056975948,False,False,P10,self,0.136232878997807,-128.024603514836,0.37693036131645175,-0.050113549199396625,-0.011202068984674851,0.051350308303823845,0.1535585747118476
562,k6_supported_scene,421024,6,0.5,edge,task,0,P10,3.682916326251198,0.6544164139419554,0.37693036131645175,0.24666941535855788,0.1274735692555368,0.1404360056975948,False,False,P01,diagonal,0.063880131359037,139.19540158061,0.0,-0.0,0.0,0.0,0.0
562,k6_supported_scene,421024,6,0.5,edge,task,0,P10,3.682916326251198,0.6544164139419554,0.37693036131645175,0.24666941535855788,0.1274735692555368,0.1404360056975948,False,False,P11,y_neighbor,0.22114394099010298,-124.185421282005,0.8843366393983736,-0.03669423444398753,0.1920923530667124,0.1955656895984999,0.9828742138810492
571,k6_supported_scene,421024,6,0.5,edge,task,3,P10,5.974055198606153,0.5026865207989534,0.29010069746243966,0.14582971028874359,0.05409181481026973,0.06406822488113827,False,False,P00,x_neighbor,0.177287235448698,-24.2139363904075,0.49487767566880553,-0.05766237482514821,-0.06612539310451238,0.08773549500459993,0.08478764090595459
571,k6_supported_scene,421024,6,0.5,edge,task,3,P10,5.974055198606153,0.5026865207989534,0.29010069746243966,0.14582971028874359,0.05409181481026973,0.06406822488113827,False,False,P10,self,0.136232878997807,-128.024603514836,0.29010069746243966,0.0395102768459877,0.0009313856367559881,0.039521253214579964,-0.7925502564911844
571,k6_supported_scene,421024,6,0.5,edge,task,3,P10,5.974055198606153,0.5026865207989534,0.29010069746243966,0.14582971028874359,0.05409181481026973,0.06406822488113827,False,False,P01,diagonal,0.063880131359037,139.19540158061,0.0,-0.0,0.0,0.0,0.0
571,k6_supported_scene,421024,6,0.5,edge,task,3,P10,5.974055198606153,0.5026865207989534,0.29010069746243966,0.14582971028874359,0.05409181481026973,0.06406822488113827,False,False,P11,y_neighbor,0.22114394099010298,-124.185421282005,0.8191078371166026,-0.09948891450616595,0.15137345156161297,0.18114073519584487,0.9369146251513548
574,k6_supported_scene,421024,6,0.5,edge,task,4,P11,8.57126018186782,0.3727665986251969,0.6641841349933179,0.2475856608622777,0.037552195629514895,0.060393137934096425,False,False,P00,diagonal,0.063652560312172,139.228562638808,0.4922776397395567,-0.024699322127922165,-0.019282347512038563,0.031334732153855814,0.9970015546465337
574,k6_supported_scene,421024,6,0.5,edge,task,4,P11,8.57126018186782,0.3727665986251969,0.6641841349933179,0.2475856608622777,0.037552195629514895,0.060393137934096425,False,False,P10,y_neighbor,0.22114394099010298,-124.185421282005,0.562603000973126,-0.08864159799102449,-0.08730446201477325,0.12441624484805584,0.999297381168303
574,k6_supported_scene,421024,6,0.5,edge,task,4,P11,8.57126018186782,0.3727665986251969,0.6641841349933179,0.2475856608622777,0.037552195629514895,0.060393137934096425,False,False,P01,x_neighbor,0.177996764958833,-23.879828669598304,0.0,0.0,0.0,0.0,-0.0
574,k6_supported_scene,421024,6,0.5,edge,task,4,P11,8.57126018186782,0.3727665986251969,0.6641841349933179,0.2475856608622777,0.037552195629514895,0.060393137934096425,False,False,P11,self,0.13858096432942,-127.72686751526298,0.6641841349933179,-0.06944155760336324,-0.060413865029622434,0.09204327791967565,0.9997042545496335
577,k6_supported_scene,421024,6,0.5,edge,task,5,P11,8.871984712559986,0.3600814629276691,0.4441019328151696,0.15991287365709167,0.01947551155919075,0.03474794293830896,False,False,P00,diagonal,0.063652560312172,139.228562638808,0.8604474100872176,-0.02698771386341462,-0.04765900985842266,0.05476968066602882,0.8653356612575556
577,k6_supported_scene,421024,6,0.5,edge,task,5,P11,8.871984712559986,0.3600814629276691,0.4441019328151696,0.15991287365709167,0.01947551155919075,0.03474794293830896,False,False,P10,y_neighbor,0.22114394099010298,-124.185421282005,0.2498073209525798,0.0207522510913873,-0.051197408186803864,0.05524337544363303,0.9303723329318057
577,k6_supported_scene,421024,6,0.5,edge,task,5,P11,8.871984712559986,0.3600814629276691,0.4441019328151696,0.15991287365709167,0.01947551155919075,0.03474794293830896,False,False,P01,x_neighbor,0.177996764958833,-23.879828669598304,0.0,0.0,0.0,0.0,0.0
577,k6_supported_scene,421024,6,0.5,edge,task,5,P11,8.871984712559986,0.3600814629276691,0.4441019328151696,0.15991287365709167,0.01947551155919075,0.03474794293830896,False,False,P11,self,0.13858096432942,-127.72686751526298,0.4441019328151696,0.007791447099754802,-0.061048885412916566,0.06154407411008549,0.9931387971039716
580,k6_supported_scene,421024,6,0.5,interior,combined,-1,P11,8.310375054118115,0.3841326720866962,0.5399635004748282,0.2074176222666818,0.03666617078089507,0.05523523094227564,False,False,P00,diagonal,0.063652560312172,139.228562638808,0.528685631688368,-0.011518978355274765,0.03161935012797827,0.0336521940572226,-0.2175764988513917
580,k6_supported_scene,421024,6,0.5,interior,combined,-1,P11,8.310375054118115,0.3841326720866962,0.5399635004748282,0.2074176222666818,0.03666617078089507,0.05523523094227564,False,False,P10,y_neighbor,0.22114394099010298,-124.185421282005,0.6549281454409928,-0.11838846741847209,-0.08343190021677216,0.1448333911481605,0.9989784636311668
580,k6_supported_scene,421024,6,0.5,interior,combined,-1,P11,8.310375054118115,0.3841326720866962,0.5399635004748282,0.2074176222666818,0.03666617078089507,0.05523523094227564,False,False,P01,x_neighbor,0.177996764958833,-23.879828669598304,0.0,0.0,0.0,0.0,-0.0
580,k6_supported_scene,421024,6,0.5,interior,combined,-1,P11,8.310375054118115,0.3841326720866962,0.5399635004748282,0.2074176222666818,0.03666617078089507,0.05523523094227564,False,False,P11,self,0.13858096432942,-127.72686751526298,0.5399635004748282,-0.04486422208193901,-0.0598876475014777,0.07482866259849091,0.9361935363261659
583,k6_supported_scene,421024,6,0.5,interior,task,0,P10,9.566310320891468,0.33241796305189175,0.6229926581185158,0.2070939504080406,0.010086373886330685,0.03151076301361097,False,False,P00,x_neighbor,0.177287235448698,-24.2139363904075,0.6147954170921142,0.00743434649588421,-0.10874154368783372,0.10899537986279012,0.9049061620839728
583,k6_supported_scene,421024,6,0.5,interior,task,0,P10,9.566310320891468,0.33241796305189175,0.6229926581185158,0.2070939504080406,0.010086373886330685,0.03151076301361097,False,False,P10,self,0.136232878997807,-128.024603514836,0.6229926581185158,-0.08177557709101693,0.02271619540728756,0.08487208340998191,0.10025208955667393
583,k6_supported_scene,421024,6,0.5,interior,task,0,P10,9.566310320891468,0.33241796305189175,0.6229926581185158,0.2070939504080406,0.010086373886330685,0.03151076301361097,False,False,P01,diagonal,0.063880131359037,139.19540158061,0.0,-0.0,0.0,0.0,0.0
583,k6_supported_scene,421024,6,0.5,interior,task,0,P10,9.566310320891468,0.33241796305189175,0.6229926581185158,0.2070939504080406,0.010086373886330685,0.03151076301361097,False,False,P11,y_neighbor,0.22114394099010298,-124.185421282005,0.48363905496196613,-0.0008127886967669029,-0.1069507582194057,0.10695384663101822,0.9345597093807665
586,k6_supported_scene,421024,6,0.5,interior,task,1,P11,9.210566014056022,0.34631531631281015,0.4476132967727579,0.15501534045767743,0.013467587579796297,0.02886077291454231,False,False,P00,diagonal,0.063652560312172,139.228562638808,0.5859664816852317,-0.03701854802104925,0.0045593650785144164,0.03729826681638044,0.34504413154350866
586,k6_supported_scene,421024,6,0.5,interior,task,1,P11,9.210566014056022,0.34631531631281015,0.4476132967727579,0.15501534045767743,0.013467587579796297,0.02886077291454231,False,False,P10,y_neighbor,0.22114394099010298,-124.185421282005,0.6754891848111906,0.028028419730186098,-0.14672727692224985,0.14938034042533868,0.787790380012803
586,k6_supported_scene,421024,6,0.5,interior,task,1,P11,9.210566014056022,0.34631531631281015,0.4476132967727579,0.15501534045767743,0.013467587579796297,0.02886077291454231,False,False,P01,x_neighbor,0.177996764958833,-23.879828669598304,0.0,0.0,0.0,0.0,-0.0
586,k6_supported_scene,421024,6,0.5,interior,task,1,P11,9.210566014056022,0.34631531631281015,0.4476132967727579,0.15501534045767743,0.013467587579796297,0.02886077291454231,False,False,P11,self,0.13858096432942,-127.72686751526298,0.4476132967727579,-0.06188132061136215,0.004302058538035003,0.062030682313439646,0.3944079980000678
589,k6_supported_scene,421024,6,0.5,interior,task,2,P10,8.069747722250915,0.3949231695478358,0.5878714323043823,0.23216404933227267,0.04626277958953906,0.06647936827380688,False,False,P00,x_neighbor,0.177287235448698,-24.2139363904075,0.6385499512934926,-0.03608762975183835,-0.10730075714308712,0.11320675556072407,0.9401099169226198
589,k6_supported_scene,421024,6,0.5,interior,task,2,P10,8.069747722250915,0.3949231695478358,0.5878714323043823,0.23216404933227267,0.04626277958953906,0.06647936827380688,False,False,P10,self,0.136232878997807,-128.024603514836,0.5878714323043823,-0.04933383329546283,-0.06308856763925469,0.08008741770339041,0.7731140410855968
589,k6_supported_scene,421024,6,0.5,interior,task,2,P10,8.069747722250915,0.3949231695478358,0.5878714323043823,0.23216404933227267,0.04626277958953906,0.06647936827380688,False,False,P01,diagonal,0.063880131359037,139.19540158061,0.0,-0.0,0.0,0.0,-0.0
589,k6_supported_scene,421024,6,0.5,interior,task,2,P10,8.069747722250915,0.3949231695478358,0.5878714323043823,0.23216404933227267,0.04626277958953906,0.06647936827380688,False,False,P11,y_neighbor,0.22114394099010298,-124.185421282005,0.49664995074272156,0.09085489705439012,-0.06171113535776336,0.10983112739978598,0.5810788811619452
592,k6_supported_scene,421024,6,0.5,interior,task,3,P10,6.54556280308752,0.47067578959990225,0.4804566490106842,0.22613931264162693,0.07420557985704226,0.09072823076320405,False,False,P00,x_neighbor,0.177287235448698,-24.2139363904075,0.5405137407424546,0.05854876573925767,-0.07585973972100335,0.09582618681826406,0.5246748894332508
592,k6_supported_scene,421024,6,0.5,interior,task,3,P10,6.54556280308752,0.47067578959990225,0.4804566490106842,0.22613931264162693,0.07420557985704226,0.09072823076320405,False,False,P10,self,0.136232878997807,-128.024603514836,0.4804566490106842,-0.06543581375376971,-0.0015425356673806935,0.06545399252836437,0.3753019347629567
592,k6_supported_scene,421024,6,0.5,interior,task,3,P10,6.54556280308752,0.47067578959990225,0.4804566490106842,0.22613931264162693,0.07420557985704226,0.09072823076320405,False,False,P01,diagonal,0.063880131359037,139.19540158061,0.0,-0.0,0.0,0.0,0.0
592,k6_supported_scene,421024,6,0.5,interior,task,3,P10,6.54556280308752,0.47067578959990225,0.4804566490106842,0.22613931264162693,0.07420557985704226,0.09072823076320405,False,False,P11,y_neighbor,0.22114394099010298,-124.185421282005,0.6906564224104009,-0.073020103494216,-0.13414874885822334,0.15273448312196133,0.9905864447996049
595,k6_supported_scene,421024,6,0.5,interior,task,4,P00,8.027154020180962,0.3968645424947779,0.2775127572801132,0.11013497345443647,0.02237773417857329,0.031921251621795835,False,False,P00,self,0.13840586460662296,-126.940543860558,0.2775127572801132,-0.002137740470504697,-0.038349857168113975,0.03840939311072197,0.5223511712550054
595,k6_supported_scene,421024,6,0.5,interior,task,4,P00,8.027154020180962,0.3968645424947779,0.2775127572801132,0.11013497345443647,0.02237773417857329,0.031921251621795835,False,False,P10,x_neighbor,0.177287235448698,-24.2139363904075,0.6645700413546503,0.09596196052231892,-0.06835791075619783,0.11781978539379284,0.9999065516558426
595,k6_supported_scene,421024,6,0.5,interior,task,4,P00,8.027154020180962,0.3968645424947779,0.2775127572801132,0.11013497345443647,0.02237773417857329,0.031921251621795835,False,False,P01,y_neighbor,0.221120650005401,-124.185373834792,0.0,0.0,-0.0,0.0,0.0
595,k6_supported_scene,421024,6,0.5,interior,task,4,P00,8.027154020180962,0.3968645424947779,0.2775127572801132,0.11013497345443647,0.02237773417857329,0.031921251621795835,False,False,P11,diagonal,0.0636525603121721,139.228562638808,0.6937819285892829,-0.0032562270007222872,0.044040782896254294,0.04416099605302441,-0.6280880377058962
598,k6_supported_scene,421024,6,0.5,interior,task,5,P11,8.389178769375626,0.38066334673220076,0.5080373888064063,0.19339121268813486,0.0327356841728573,0.05020682218252104,False,False,P00,diagonal,0.063652560312172,139.228562638808,0.5447629848319768,-0.009254138072145873,0.03341788896710398,0.03467555874785624,-0.275350546407643
598,k6_supported_scene,421024,6,0.5,interior,task,5,P11,8.389178769375626,0.38066334673220076,0.5080373888064063,0.19339121268813486,0.0327356841728573,0.05020682218252104,False,False,P10,y_neighbor,0.22114394099010298,-124.185421282005,0.6671816388392685,-0.13064626058503315,-0.06856051097605642,0.14754317696915145,0.9978338621947779
598,k6_supported_scene,421024,6,0.5,interior,task,5,P11,8.389178769375626,0.38066334673220076,0.5080373888064063,0.19339121268813486,0.0327356841728573,0.05020682218252104,False,False,P01,x_neighbor,0.177996764958833,-23.879828669598304,0.0,0.0,0.0,0.0,-0.0
598,k6_supported_scene,421024,6,0.5,interior,task,5,P11,8.389178769375626,0.38066334673220076,0.5080373888064063,0.19339121268813486,0.0327356841728573,0.05020682218252104,False,False,P11,self,0.13858096432942,-127.72686751526298,0.5080373888064063,-0.025060631608079212,-0.0657930983224148,0.07040431125619226,0.791365864200981
601,k6_supported_scene,421025,6,0.5,corner,combined,-1,P10,-6.03168169436319,2.002553302845709,0.12552909798424364,0.2513787097715899,0.21168292354592377,0.21599980305800834,False,False,P00,x_neighbor,0.177287235448698,-24.2139363904075,0.3052558032467168,-0.04837223026230994,-0.024266863401343056,0.05411795746228212,0.9460460472526898
601,k6_supported_scene,421025,6,0.5,corner,combined,-1,P10,-6.03168169436319,2.002553302845709,0.12552909798424364,0.2513787097715899,0.21168292354592377,0.21599980305800834,False,False,P10,self,0.136232878997807,-128.024603514836,0.12552909798424364,-0.017067661651506832,-0.001070345461688691,0.017101190416391326,0.9973828887627797
601,k6_supported_scene,421025,6,0.5,corner,combined,-1,P10,-6.03168169436319,2.002553302845709,0.12552909798424364,0.2513787097715899,0.21168292354592377,0.21599980305800834,False,False,P01,diagonal,0.063880131359037,139.19540158061,0.5820013472521269,-0.023574466225395233,0.02874842964603689,0.037178322513602376,0.5242547626817101
601,k6_supported_scene,421025,6,0.5,corner,combined,-1,P10,-6.03168169436319,2.002553302845709,0.12552909798424364,0.2513787097715899,0.21168292354592377,0.21599980305800834,False,False,P11,y_neighbor,0.22114394099010298,-124.185421282005,0.7431929583311436,-0.16007735669305972,-0.03724276417593106,0.1643526197214425,0.9956232091784817
604,k6_supported_scene,421025,6,0.5,corner,task,0,P11,5.840418801852661,0.5104803858835358,0.41534674581625974,0.21202636707975514,0.08068219352791589,0.09496574918327692,False,False,P00,diagonal,0.063652560312172,139.228562638808,0.6091752648353577,0.02936553823132337,-0.025322117360200166,0.03877556528561595,-0.029341813295633498
604,k6_supported_scene,421025,6,0.5,corner,task,0,P11,5.840418801852661,0.5104803858835358,0.41534674581625974,0.21202636707975514,0.08068219352791589,0.09496574918327692,False,False,P10,y_neighbor,0.22114394099010298,-124.185421282005,0.48457123923266854,-0.10672073019545385,-0.009692778798437371,0.10715999353437033,0.7389543826255818
604,k6_supported_scene,421025,6,0.5,corner,task,0,P11,5.840418801852661,0.5104803858835358,0.41534674581625974,0.21202636707975514,0.08068219352791589,0.09496574918327692,False,False,P01,x_neighbor,0.177996764958833,-23.879828669598304,0.4707263415595676,-0.02624600212751655,-0.079570956384801,0.08378776597850968,0.9121343400966964
604,k6_supported_scene,421025,6,0.5,corner,task,0,P11,5.840418801852661,0.5104803858835358,0.41534674581625974,0.21202636707975514,0.08068219352791589,0.09496574918327692,False,False,P11,self,0.13858096432942,-127.72686751526298,0.41534674581625974,-0.039513028398259036,-0.041854230741340925,0.057559152566303756,0.9998768991111606
607,k6_supported_scene,421025,6,0.5,corner,task,1,P10,-5.615025875788512,1.9087598613296646,0.1289328783750534,0.2461019030480014,0.20532974695333758,0.20976368067889675,False,False,P00,x_neighbor,0.177287235448698,-24.2139363904075,0.4682299322623178,-0.0828178676723117,-0.005662022617629863,0.08301119024511745,0.8761296472289506
607,k6_supported_scene,421025,6,0.5,corner,task,1,P10,-5.615025875788512,1.9087598613296646,0.1289328783750534,0.2461019030480014,0.20532974695333758,0.20976368067889675,False,False,P10,self,0.136232878997807,-128.024603514836,0.1289328783750534,0.010819973175300788,0.013836682940015213,0.017564897218507618,-0.22689982080615798
607,k6_supported_scene,421025,6,0.5,corner,task,1,P10,-5.615025875788512,1.9087598613296646,0.1289328783750534,0.2461019030480014,0.20532974695333758,0.20976368067889675,False,False,P01,diagonal,0.063880131359037,139.19540158061,0.5903768367030039,-0.025993750892711314,0.02732437874303785,0.03771334987992062,0.9302920430463902
607,k6_supported_scene,421025,6,0.5,corner,task,1,P10,-5.615025875788512,1.9087598613296646,0.1289328783750534,0.2461019030480014,0.20532974695333758,0.20976368067889675,False,False,P11,y_neighbor,0.22114394099010298,-124.185421282005,0.6446644317197943,-0.1252155537683136,0.0681575715673426,0.14256363304666045,0.9979710666981169
610,k6_supported_scene,421025,6,0.5,corner,task,2,P00,1.4452076328990258,0.8467196104291925,0.21971168063250132,0.18603418863189466,0.11655525469767382,0.12411102358248781,False,False,P00,self,0.13840586460662296,-126.940543860558,0.21971168063250132,-0.02056991717572909,-0.022396633918711734,0.030409385122115568,0.8525181126078026
610,k6_supported_scene,421025,6,0.5,corner,task,2,P00,1.4452076328990258,0.8467196104291925,0.21971168063250132,0.18603418863189466,0.11655525469767382,0.12411102358248781,False,False,P10,x_neighbor,0.177287235448698,-24.2139363904075,0.3609549070533897,0.02846447273389578,-0.05731351618272963,0.0639926975931372,0.7937438845357251
610,k6_supported_scene,421025,6,0.5,corner,task,2,P00,1.4452076328990258,0.8467196104291925,0.21971168063250132,0.18603418863189466,0.11655525469767382,0.12411102358248781,False,False,P01,y_neighbor,0.221120650005401,-124.185373834792,0.648672574308334,-0.0290509221335514,-0.14046214730674905,0.14343490127173558,0.9999389313686038
610,k6_supported_scene,421025,6,0.5,corner,task,2,P00,1.4452076328990258,0.8467196104291925,0.21971168063250132,0.18603418863189466,0.11655525469767382,0.12411102358248781,False,False,P11,diagonal,0.0636525603121721,139.228562638808,0.632978887485375,-0.01450687181744891,0.03758847346076818,0.040290726811994436,-0.8466046642756934
613,k6_supported_scene,421025,6,0.5,corner,task,3,P10,5.875621367530151,0.5084156747318079,0.3693438552510514,0.1877802053755105,0.07098342313742415,0.08368496363481326,False,False,P00,x_neighbor,0.177287235448698,-24.2139363904075,0.52603519277002,-0.0924953321909908,0.011912818151378887,0.09325932507491978,0.9932812885129623
613,k6_supported_scene,421025,6,0.5,corner,task,3,P10,5.875621367530151,0.5084156747318079,0.3693438552510514,0.1877802053755105,0.07098342313742415,0.08368496363481326,False,False,P10,self,0.136232878997807,-128.024603514836,0.3693438552510514,0.026960783238183447,0.04248404628548613,0.05031677674100003,-0.525562424121854
613,k6_supported_scene,421025,6,0.5,corner,task,3,P10,5.875621367530151,0.5084156747318079,0.3693438552510514,0.1877802053755105,0.07098342313742415,0.08368496363481326,False,False,P01,diagonal,0.063880131359037,139.19540158061,0.32457489066977935,0.01998507564750296,0.0055218481556941115,0.02073388665183058,-0.9605906979566164
613,k6_supported_scene,421025,6,0.5,corner,task,3,P10,5.875621367530151,0.5084156747318079,0.3693438552510514,0.1877802053755105,0.07098342313742415,0.08368496363481326,False,False,P11,y_neighbor,0.22114394099010298,-124.185421282005,0.6939187625455596,-0.14221697739925238,-0.057645934406691704,0.15345592987630052,0.9221464997901837
616,k6_supported_scene,421025,6,0.5,corner,task,4,P00,3.69596172262284,0.6534342792274297,0.23399656821930312,0.1529013788960724,0.07890516687247555,0.08695218551169816,False,False,P00,self,0.13840586460662296,-126.940543860558,0.23399656821930312,-0.03233629710305172,0.0018025258878949634,0.032386497339375285,0.976385934152305
616,k6_supported_scene,421025,6,0.5,corner,task,4,P00,3.69596172262284,0.6534342792274297,0.23399656821930312,0.1529013788960724,0.07890516687247555,0.08695218551169816,False,False,P10,x_neighbor,0.177287235448698,-24.2139363904075,0.3986608127426561,0.022530302672248835,0.06699022842079683,0.07067747337287658,-0.4675374451394858
616,k6_supported_scene,421025,6,0.5,corner,task,4,P00,3.69596172262284,0.6534342792274297,0.23399656821930312,0.1529013788960724,0.07890516687247555,0.08695218551169816,False,False,P01,y_neighbor,0.221120650005401,-124.185373834792,0.8233212672002796,-0.14160265726658794,-0.11442073147193614,0.18205333376659624,0.8690290294004457
616,k6_supported_scene,421025,6,0.5,corner,task,4,P00,3.69596172262284,0.6534342792274297,0.23399656821930312,0.1529013788960724,0.07890516687247555,0.08695218551169816,False,False,P11,diagonal,0.0636525603121721,139.228562638808,0.3293285200387486,0.000510858969381264,0.020956377739312512,0.020962603484284824,-0.18535904560229835
619,k6_supported_scene,421025,6,0.5,corner,task,5,P10,3.523046009368257,0.6665729712200704,0.38958016940924867,0.2596836110515413,0.13648754439479333,0.14988500106932723,False,False,P00,x_neighbor,0.177287235448698,-24.2139363904075,0.6077450408872133,-0.0536102027170202,-0.09346135890402481,0.10774543815654998,0.9427578570223005
619,k6_supported_scene,421025,6,0.5,corner,task,5,P10,3.523046009368257,0.6665729712200704,0.38958016940924867,0.2596836110515413,0.13648754439479333,0.14988500106932723,False,False,P10,self,0.136232878997807,-128.024603514836,0.38958016940924867,-0.053058887808527466,-0.0012507685629676302,0.05307362807907533,0.7735012604602943
619,k6_supported_scene,421025,6,0.5,corner,task,5,P10,3.523046009368257,0.6665729712200704,0.38958016940924867,0.2596836110515413,0.13648754439479333,0.14988500106932723,False,False,P01,diagonal,0.063880131359037,139.19540158061,0.40516334772109985,0.01959110379219679,-0.016913331195856904,0.025881887874291045,-0.1480571886707669
619,k6_supported_scene,421025,6,0.5,corner,task,5,P10,3.523046009368257,0.6665729712200704,0.38958016940924867,0.2596836110515413,0.13648754439479333,0.14988500106932723,False,False,P11,y_neighbor,0.22114394099010298,-124.185421282005,0.5609954637566122,-0.10985308059484374,-0.057648675716110855,0.12406074773270771,0.9744035580971018
622,k6_supported_scene,421025,6,0.5,edge,combined,-1,P11,7.084539393045496,0.4423571286139299,0.36508579110421435,0.16149830225060532,0.04604803812522966,0.058603146041075554,False,False,P00,diagonal,0.063652560312172,139.228562638808,0.5500327746912645,-0.02221584650399557,0.027059672771791887,0.03501099436470703,0.22372907869589934
622,k6_supported_scene,421025,6,0.5,edge,combined,-1,P11,7.084539393045496,0.4423571286139299,0.36508579110421435,0.16149830225060532,0.04604803812522966,0.058603146041075554,False,False,P10,y_neighbor,0.22114394099010298,-124.185421282005,0.7023703429415713,-0.15128451635535514,-0.035197071743881474,0.15532494567266927,0.9729353768274775
622,k6_supported_scene,421025,6,0.5,edge,combined,-1,P11,7.084539393045496,0.4423571286139299,0.36508579110421435,0.16149830225060532,0.04604803812522966,0.058603146041075554,False,False,P01,x_neighbor,0.177996764958833,-23.879828669598304,0.26618084200590847,0.04468743065665879,-0.015742755035363036,0.04737932877106994,-0.6963600694111423
622,k6_supported_scene,421025,6,0.5,edge,combined,-1,P11,7.084539393045496,0.4423571286139299,0.36508579110421435,0.16149830225060532,0.04604803812522966,0.058603146041075554,False,False,P11,self,0.13858096432942,-127.72686751526298,0.36508579110421435,-0.01577066189793591,-0.0480732055164277,0.05059394099419121,0.7024015556363135
625,k6_supported_scene,421025,6,0.5,edge,task,0,P10,5.093708522081775,0.5563070630247752,0.3832320942619304,0.2131947208156883,0.0920060917812838,0.10518524149763282,False,False,P00,x_neighbor,0.177287235448698,-24.2139363904075,0.434329697187344,-0.024546128431495104,-0.07298396206395018,0.07700111128761435,0.8950420034759803
625,k6_supported_scene,421025,6,0.5,edge,task,0,P10,5.093708522081775,0.5563070630247752,0.3832320942619304,0.2131947208156883,0.0920060917812838,0.10518524149763282,False,False,P10,self,0.136232878997807,-128.024603514836,0.3832320942619304,-0.03603693537684672,-0.037776967712708796,0.05220881152566174,0.6218746136257592
625,k6_supported_scene,421025,6,0.5,edge,task,0,P10,5.093708522081775,0.5563070630247752,0.3832320942619304,0.2131947208156883,0.0920060917812838,0.10518524149763282,False,False,P01,diagonal,0.063880131359037,139.19540158061,0.4343297061885685,0.0060900030368448,0.027068413965603444,0.027745038684457702,-0.9362017051827716
625,k6_supported_scene,421025,6,0.5,edge,task,0,P10,5.093708522081775,0.5563070630247752,0.3832320942619304,0.2131947208156883,0.0920060917812838,0.10518524149763282,False,False,P11,y_neighbor,0.22114394099010298,-124.185421282005,0.6898177941562261,0.08378533398251847,-0.12748028479027698,0.15254902556480748,0.9032054411372219
628,k6_supported_scene,421025,6,0.5,edge,task,1,P00,7.713664890678729,0.41144970517519497,0.5594536973332199,0.2301870588269261,0.05327226592938178,0.07251158368725241,False,False,P00,self,0.13840586460662296,-126.940543860558,0.5594536973332199,-0.05237735264838378,-0.0570287371823969,0.07743167268677627,0.9012480351970503
628,k6_supported_scene,421025,6,0.5,edge,task,1,P00,7.713664890678729,0.41144970517519497,0.5594536973332199,0.2301870588269261,0.05327226592938178,0.07251158368725241,False,False,P10,x_neighbor,0.177287235448698,-24.2139363904075,0.6108977510085669,-0.034524866756585504,-0.10265413229351773,0.10830437341813591,0.9995594517624752
628,k6_supported_scene,421025,6,0.5,edge,task,1,P00,7.713664890678729,0.41144970517519497,0.5594536973332199,0.2301870588269261,0.05327226592938178,0.07251158368725241,False,False,P01,y_neighbor,0.221120650005401,-124.185373834792,0.3729691460267688,0.04529615614586087,-0.0689184573915642,0.08247118000139843,0.6400724793002099
628,k6_supported_scene,421025,6,0.5,edge,task,1,P00,7.713664890678729,0.41144970517519497,0.5594536973332199,0.2301870588269261,0.05327226592938178,0.07251158368725241,False,False,P11,diagonal,0.0636525603121721,139.228562638808,0.41798265504404414,-0.025264258776347685,0.008341384793879933,0.026605666159632845,-0.02414060267530135
631,k6_supported_scene,421025,6,0.5,edge,task,2,P01,4.054220147625933,0.6270309711585547,0.2944189511647466,0.1846098008763141,0.09150635367646577,0.10163126621596365,False,False,P00,y_neighbor,0.221120650005401,-124.185373834792,0.6519276506563004,-0.0291966981180243,-0.1411669951192039,0.14415466586961512,0.996818070106842
631,k6_supported_scene,421025,6,0.5,edge,task,2,P01,4.054220147625933,0.6270309711585547,0.2944189511647466,0.1846098008763141,0.09150635367646577,0.10163126621596365,False,False,P10,diagonal,0.0638801313590369,139.19540158061,0.6361551958243973,-0.014609846408720482,0.03792061732612151,0.04063767747399634,-0.881436538544235
631,k6_supported_scene,421025,6,0.5,edge,task,2,P01,4.054220147625933,0.6270309711585547,0.2944189511647466,0.1846098008763141,0.09150635367646577,0.10163126621596365,False,False,P01,self,0.138642679019854,-127.753500672212,0.2944189511647466,-0.010739086153582243,-0.039381028601777626,0.040819032143696025,0.9899249423649162
631,k6_supported_scene,421025,6,0.5,edge,task,2,P01,4.054220147625933,0.6270309711585547,0.2944189511647466,0.1846098008763141,0.09150635367646577,0.10163126621596365,False,False,P11,x_neighbor,0.177996764958833,-23.879828669598304,0.28916145998054776,0.03168455682967598,-0.04056143027917815,0.05146980442731055,0.7057648882945687
634,k6_supported_scene,421025,6,0.5,edge,task,3,P00,7.2491186710974445,0.43405430348542334,0.2818058654946183,0.12231904866537344,0.03320420936956878,0.04289536454134957,False,False,P00,self,0.13840586460662296,-126.940543860558,0.2818058654946183,-0.01289732067414094,0.036809492261464204,0.039003584465000345,-0.4598654765559456
634,k6_supported_scene,421025,6,0.5,edge,task,3,P00,7.2491186710974445,0.43405430348542334,0.2818058654946183,0.12231904866537344,0.03320420936956878,0.04289536454134957,False,False,P10,x_neighbor,0.177287235448698,-24.2139363904075,0.6024814787563866,0.05665888357191356,-0.09054630400634416,0.10681227577776327,0.2529444897177001
634,k6_supported_scene,421025,6,0.5,edge,task,3,P00,7.2491186710974445,0.43405430348542334,0.2818058654946183,0.12231904866537344,0.03320420936956878,0.04289536454134957,False,False,P01,y_neighbor,0.221120650005401,-124.185373834792,0.4275675134101033,-0.09286484678737267,-0.017739486848972634,0.09454400648643504,0.8103152503412158
634,k6_supported_scene,421025,6,0.5,edge,task,3,P00,7.2491186710974445,0.43405430348542334,0.2818058654946183,0.12231904866537344,0.03320420936956878,0.04289536454134957,False,False,P11,diagonal,0.0636525603121721,139.228562638808,0.6121989359956493,-0.0348041896923458,-0.017526429136802146,0.03896802969651066,0.9399352246318711
637,k6_supported_scene,421025,6,0.5,edge,task,4,P11,6.280574458367443,0.4852564057155422,0.3132220655308804,0.15199301371031307,0.05294349966030315,0.06371504139155013,False,False,P00,diagonal,0.063652560312172,139.228562638808,0.8042188149281799,-0.027394248725970988,0.04324385847010692,0.051190586621399456,0.15482512217146754
637,k6_supported_scene,421025,6,0.5,edge,task,4,P11,6.280574458367443,0.4852564057155422,0.3132220655308804,0.15199301371031307,0.05294349966030315,0.06371504139155013,False,False,P10,y_neighbor,0.22114394099010298,-124.185421282005,0.32168754978406167,-0.07084764318362011,-0.006434648815876808,0.07113925252669737,0.9496590573131917
637,k6_supported_scene,421025,6,0.5,edge,task,4,P11,6.280574458367443,0.4852564057155422,0.3132220655308804,0.15199301371031307,0.05294349966030315,0.06371504139155013,False,False,P01,x_neighbor,0.177996764958833,-23.879828669598304,0.38941123784307,-0.00845304302232731,-0.06879657274641747,0.06931394057468113,0.5068124082058529
637,k6_supported_scene,421025,6,0.5,edge,task,4,P11,6.280574458367443,0.4852564057155422,0.3132220655308804,0.15199301371031307,0.05294349966030315,0.06371504139155013,False,False,P11,self,0.13858096432942,-127.72686751526298,0.3132220655308804,-0.03274788905151431,-0.02849052589435728,0.043406615890522186,0.9533160647591767
640,k6_supported_scene,421025,6,0.5,edge,task,5,P00,2.849468034981291,0.7203218658100156,0.3374347388744354,0.24306162069514875,0.13635538704441097,0.14795958984921007,False,False,P00,self,0.13840586460662296,-126.940543860558,0.3374347388744354,0.028067814881626216,0.037327777939682165,0.046702946782226286,0.29662834455420567
640,k6_supported_scene,421025,6,0.5,edge,task,5,P00,2.849468034981291,0.7203218658100156,0.3374347388744354,0.24306162069514875,0.13635538704441097,0.14795958984921007,False,False,P10,x_neighbor,0.177287235448698,-24.2139363904075,0.46721737514610917,0.050609259963961054,-0.0655727800713207,0.08283167679325092,0.8419480207193536
640,k6_supported_scene,421025,6,0.5,edge,task,5,P00,2.849468034981291,0.7203218658100156,0.3374347388744354,0.24306162069514875,0.13635538704441097,0.14795958984921007,False,False,P01,y_neighbor,0.221120650005401,-124.185373834792,0.596999929525831,0.11594534209756657,-0.06311146503738035,0.13200901246993035,0.9880271818363178
640,k6_supported_scene,421025,6,0.5,edge,task,5,P00,2.849468034981291,0.7203218658100156,0.3374347388744354,0.24306162069514875,0.13635538704441097,0.14795958984921007,False,False,P11,diagonal,0.0636525603121721,139.228562638808,0.558065202408168,0.034233899033615595,0.009480108600177803,0.03552227895441045,0.8175079095009695
643,k6_supported_scene,421025,6,0.5,interior,combined,-1,P10,6.032609518580364,0.49930914926137765,0.585232417280398,0.2922119003924551,0.10714516047524092,0.1272709948238841,False,False,P00,x_neighbor,0.177287235448698,-24.2139363904075,0.5694294980890652,0.03126037069236364,-0.09599069192124067,0.10095258149915001,0.9906700066668026
643,k6_supported_scene,421025,6,0.5,interior,combined,-1,P10,6.032609518580364,0.49930914926137765,0.585232417280398,0.2922119003924551,0.10714516047524092,0.1272709948238841,False,False,P10,self,0.136232878997807,-128.024603514836,0.585232417280398,-0.02941359403728844,-0.07410383296454048,0.07972789708895454,0.8493873085125673
643,k6_supported_scene,421025,6,0.5,interior,combined,-1,P10,6.032609518580364,0.49930914926137765,0.585232417280398,0.2922119003924551,0.10714516047524092,0.1272709948238841,False,False,P01,diagonal,0.063880131359037,139.19540158061,0.0,-0.0,0.0,0.0,-0.0
643,k6_supported_scene,421025,6,0.5,interior,combined,-1,P10,6.032609518580364,0.49930914926137765,0.585232417280398,0.2922119003924551,0.10714516047524092,0.1272709948238841,False,False,P11,y_neighbor,0.22114394099010298,-124.185421282005,0.5772807532162729,0.04992754613853227,-0.11749409489990065,0.12766214082398167,0.9750842425205755
649,k6_supported_scene,421025,6,0.5,interior,task,1,P10,0.49765138244549284,0.9443161797528753,0.2395876879993598,0.22624653024737923,0.15048225090620249,0.15872154520752832,False,False,P00,x_neighbor,0.177287235448698,-24.2139363904075,0.7957733674591775,0.023372565708756954,-0.1391309436025333,0.14108046036053845,0.9854441950184988
649,k6_supported_scene,421025,6,0.5,interior,task,1,P10,0.49765138244549284,0.9443161797528753,0.2395876879993598,0.22624653024737923,0.15048225090620249,0.15872154520752832,False,False,P10,self,0.136232878997807,-128.024603514836,0.2395876879993598,-0.016060367706096555,0.02841506544112228,0.03263972050858112,-0.9843449656327428
649,k6_supported_scene,421025,6,0.5,interior,task,1,P10,0.49765138244549284,0.9443161797528753,0.2395876879993598,0.22624653024737923,0.15048225090620249,0.15872154520752832,False,False,P01,diagonal,0.063880131359037,139.19540158061,0.0,-0.0,0.0,0.0,-0.0
649,k6_supported_scene,421025,6,0.5,interior,task,1,P10,0.49765138244549284,0.9443161797528753,0.2395876879993598,0.22624653024737923,0.15048225090620249,0.15872154520752832,False,False,P11,y_neighbor,0.22114394099010298,-124.185421282005,0.5561856533827155,0.06755436372013021,-0.10278468479987452,0.12299708731120913,0.9703348000010252
652,k6_supported_scene,421025,6,0.5,interior,task,2,P11,7.808528445069483,0.4069804782035088,0.5118376475646492,0.20830793056841995,0.04645065471573728,0.0640524816209441,False,False,P00,diagonal,0.063652560312172,139.228562638808,0.5778812297229615,-0.030077355712611848,0.02117515905497559,0.036783619828212925,0.08244428906428987
652,k6_supported_scene,421025,6,0.5,interior,task,2,P11,7.808528445069483,0.4069804782035088,0.5118376475646492,0.20830793056841995,0.04645065471573728,0.0640524816209441,False,False,P10,y_neighbor,0.22114394099010298,-124.185421282005,0.6356693749321328,-0.05478092423962577,-0.12946127188122536,0.14057443073920722,0.9566099257439729
652,k6_supported_scene,421025,6,0.5,interior,task,2,P11,7.808528445069483,0.4069804782035088,0.5118376475646492,0.20830793056841995,0.04645065471573728,0.0640524816209441,False,False,P01,x_neighbor,0.177996764958833,-23.879828669598304,0.0,0.0,0.0,0.0,-0.0
652,k6_supported_scene,421025,6,0.5,interior,task,2,P11,7.808528445069483,0.4069804782035088,0.5118376475646492,0.20830793056841995,0.04645065471573728,0.0640524816209441,False,False,P11,self,0.13858096432942,-127.72686751526298,0.5118376475646492,-0.04869246176091574,-0.05157755823620351,0.0709309547796109,0.998159909894363
655,k6_supported_scene,421025,6,0.5,interior,task,3,P10,6.4506801260491295,0.4758455296805788,0.5695772591033837,0.27103079255206186,0.09091464833180515,0.11050211004272506,False,False,P00,x_neighbor,0.177287235448698,-24.2139363904075,0.5925905037736601,0.007165836472871043,-0.10481406390470725,0.10505873216718344,0.9895628947688203
655,k6_supported_scene,421025,6,0.5,interior,task,3,P10,6.4506801260491295,0.4758455296805788,0.5695772591033837,0.27103079255206186,0.09091464833180515,0.11050211004272506,False,False,P10,self,0.136232878997807,-128.024603514836,0.5695772591033837,-0.06348414061894862,-0.04461805873587983,0.07759514981933384,0.6357360157685396
655,k6_supported_scene,421025,6,0.5,interior,task,3,P10,6.4506801260491295,0.4758455296805788,0.5695772591033837,0.27103079255206186,0.09091464833180515,0.11050211004272506,False,False,P01,diagonal,0.063880131359037,139.19540158061,0.0,-0.0,0.0,0.0,0.0
655,k6_supported_scene,421025,6,0.5,interior,task,3,P10,6.4506801260491295,0.4758455296805788,0.5695772591033837,0.27103079255206186,0.09091464833180515,0.11050211004272506,False,False,P11,y_neighbor,0.22114394099010298,-124.185421282005,0.5695772577317442,0.03564678257800209,-0.12080921155434945,0.12595855947313353,0.9347402711760024
658,k6_supported_scene,421025,6,0.5,interior,task,4,P10,7.043072668686252,0.4444740051727075,0.6461918814637192,0.2872154936642668,0.08287167857077751,0.10509387676036586,False,False,P00,x_neighbor,0.177287235448698,-24.2139363904075,0.4902145890366962,0.030842153654970856,-0.0812520720336889,0.08690878926693549,0.9808456835151976
658,k6_supported_scene,421025,6,0.5,interior,task,4,P10,7.043072668686252,0.4444740051727075,0.6461918814637192,0.2872154936642668,0.08287167857077751,0.10509387676036586,False,False,P10,self,0.136232878997807,-128.024603514836,0.6461918814637192,-0.03176253990933925,-0.08210283959662307,0.0880325803968121,0.8598217900329975
658,k6_supported_scene,421025,6,0.5,interior,task,4,P10,7.043072668686252,0.4444740051727075,0.6461918814637192,0.2872154936642668,0.08287167857077751,0.10509387676036586,False,False,P01,diagonal,0.063880131359037,139.19540158061,0.0,-0.0,0.0,0.0,-0.0
658,k6_supported_scene,421025,6,0.5,interior,task,4,P10,7.043072668686252,0.4444740051727075,0.6461918814637192,0.2872154936642668,0.08287167857077751,0.10509387676036586,False,False,P11,y_neighbor,0.22114394099010298,-124.185421282005,0.5849151200279923,0.04859067261533285,-0.11987694321492275,0.12935043478768932,0.9762553345995305
661,k6_supported_scene,421025,6,0.5,interior,task,5,P10,8.24599617833298,0.3869903994604638,0.7019280638267084,0.2716394218128078,0.049670278284363406,0.07380921440633773,False,False,P00,x_neighbor,0.177287235448698,-24.2139363904075,0.36767661226324744,0.06178370022433759,-0.020779232312124658,0.065184370127294,0.7674559402282246
661,k6_supported_scene,421025,6,0.5,interior,task,5,P10,8.24599617833298,0.3869903994604638,0.7019280638267084,0.2716394218128078,0.049670278284363406,0.07380921440633773,False,False,P10,self,0.136232878997807,-128.024603514836,0.7019280638267084,0.05498581093936688,-0.07823574284867256,0.09562568098446891,0.9980666858712021
661,k6_supported_scene,421025,6,0.5,interior,task,5,P10,8.24599617833298,0.3869903994604638,0.7019280638267084,0.2716394218128078,0.049670278284363406,0.07380921440633773,False,False,P01,diagonal,0.063880131359037,139.19540158061,0.0,-0.0,0.0,0.0,-0.0
661,k6_supported_scene,421025,6,0.5,interior,task,5,P10,8.24599617833298,0.3869903994604638,0.7019280638267084,0.2716394218128078,0.049670278284363406,0.07380921440633773,False,False,P11,y_neighbor,0.22114394099010298,-124.185421282005,0.6100089137339983,0.025311413206519993,-0.13250389321260145,0.13489977522222818,0.9353053630844375
664,k6_supported_scene,421026,6,0.5,corner,combined,-1,P10,-2.5016066836765765,1.333768124831449,0.17914309630570752,0.23893535163616317,0.18228533049407003,0.18844596714797612,False,False,P00,x_neighbor,0.177287235448698,-24.2139363904075,0.47601444811359306,-0.05428909484929004,0.06461101497026181,0.0843912855396966,0.995100762980069
664,k6_supported_scene,421026,6,0.5,corner,combined,-1,P10,-2.5016066836765765,1.333768124831449,0.17914309630570752,0.23893535163616317,0.18228533049407003,0.18844596714797612,False,False,P10,self,0.136232878997807,-128.024603514836,0.17914309630570752,-0.013322885950189694,0.020447824069783148,0.024405179762307938,0.9997511837421221
664,k6_supported_scene,421026,6,0.5,corner,combined,-1,P10,-2.5016066836765765,1.333768124831449,0.17914309630570752,0.23893535163616317,0.18228533049407003,0.18844596714797612,False,False,P01,diagonal,0.063880131359037,139.19540158061,0.49977661217593644,0.030959818202006932,-0.007793977411348621,0.03192579563597331,-0.7488970481064918
664,k6_supported_scene,421026,6,0.5,corner,combined,-1,P10,-2.5016066836765765,1.333768124831449,0.17914309630570752,0.23893535163616317,0.18228533049407003,0.18844596714797612,False,False,P11,y_neighbor,0.22114394099010298,-124.185421282005,0.7011000745618139,-0.09821668230866312,0.1199672273811339,0.15504403351705456,0.9962817804477201
667,k6_supported_scene,421026,6,0.5,corner,task,0,P10,4.6654634569419215,0.5844223646634841,0.363343298187291,0.212345949511246,0.09744671002828915,0.10994189453120683,False,False,P00,x_neighbor,0.177287235448698,-24.2139363904075,0.3074443323024491,0.017375206249045743,0.051662379132744886,0.05450595572827205,0.9219307209469744
667,k6_supported_scene,421026,6,0.5,corner,task,0,P10,4.6654634569419215,0.5844223646634841,0.363343298187291,0.212345949511246,0.09744671002828915,0.10994189453120683,False,False,P10,self,0.136232878997807,-128.024603514836,0.363343298187291,0.028462638347250168,-0.040497645275785706,0.04949930357661332,-0.23379600286782115
667,k6_supported_scene,421026,6,0.5,corner,task,0,P10,4.6654634569419215,0.5844223646634841,0.363343298187291,0.212345949511246,0.09744671002828915,0.10994189453120683,False,False,P01,diagonal,0.063880131359037,139.19540158061,0.6218760267900962,0.028782253874242138,0.02738063151879858,0.03972552228038736,0.9961172548213467
667,k6_supported_scene,421026,6,0.5,corner,task,0,P10,4.6654634569419215,0.5844223646634841,0.363343298187291,0.212345949511246,0.09744671002828915,0.10994189453120683,False,False,P11,y_neighbor,0.22114394099010298,-124.185421282005,0.6218760267900962,0.06574825103290186,0.12078927847645907,0.13752411537162876,0.9750776815330077
670,k6_supported_scene,421026,6,0.5,corner,task,1,P10,7.7371940383211175,0.41033664012195165,0.3736420879791853,0.15331903898952956,0.03516303621800497,0.04801239067327484,False,False,P00,x_neighbor,0.177287235448698,-24.2139363904075,0.4241342732772544,-0.07029939396948474,-0.026684669773826854,0.07519359276836701,-0.3164712432850447
670,k6_supported_scene,421026,6,0.5,corner,task,1,P10,7.7371940383211175,0.41033664012195165,0.3736420879791853,0.15331903898952956,0.03516303621800497,0.04801239067327484,False,False,P10,self,0.136232878997807,-128.024603514836,0.3736420879791853,-0.011104344080511603,0.04967636753295043,0.05090233736015631,0.9839972303760455
670,k6_supported_scene,421026,6,0.5,corner,task,1,P10,7.7371940383211175,0.41033664012195165,0.3736420879791853,0.15331903898952956,0.03516303621800497,0.04801239067327484,False,False,P01,diagonal,0.063880131359037,139.19540158061,0.5251185759253177,0.033290696096648184,-0.004119789832927963,0.03354464360917974,-0.1631711480353611
670,k6_supported_scene,421026,6,0.5,corner,task,1,P10,7.7371940383211175,0.41033664012195165,0.3736420879791853,0.15331903898952956,0.03516303621800497,0.04801239067327484,False,False,P11,y_neighbor,0.22114394099010298,-124.185421282005,0.6362014044224794,0.04186272528639915,0.1343196755835904,0.14069208583742546,0.9417829511689798
673,k6_supported_scene,421026,6,0.5,corner,task,2,P10,8.450664773073951,0.3779782076974555,0.4735225517160947,0.17898120540197512,0.0292402267142019,0.04552441766943205,False,False,P00,x_neighbor,0.177287235448698,-24.2139363904075,0.5482892651259167,-0.01610374387358792,0.09586146676470123,0.097204688040372,0.9995458407524717
673,k6_supported_scene,421026,6,0.5,corner,task,2,P10,8.450664773073951,0.3779782076974555,0.4735225517160947,0.17898120540197512,0.0292402267142019,0.04552441766943205,False,False,P10,self,0.136232878997807,-128.024603514836,0.4735225517160947,0.05900052480376809,0.026084345562450685,0.06450934049067154,0.2763284131409225
673,k6_supported_scene,421026,6,0.5,corner,task,2,P10,8.450664773073951,0.3779782076974555,0.4735225517160947,0.17898120540197512,0.0292402267142019,0.04552441766943205,False,False,P01,diagonal,0.063880131359037,139.19540158061,0.44860029220581055,0.021691436146054326,-0.01872658363425782,0.028656645593809565,-0.7502703167159175
673,k6_supported_scene,421026,6,0.5,corner,task,2,P10,8.450664773073951,0.3779782076974555,0.4735225517160947,0.17898120540197512,0.0292402267142019,0.04552441766943205,False,False,P11,y_neighbor,0.22114394099010298,-124.185421282005,0.5233669990775432,-0.08890722842496282,0.07410211117956583,0.11573944076017151,0.7386862255699543
676,k6_supported_scene,421026,6,0.5,corner,task,3,P10,7.4232840795614,0.42543752750073255,0.46076178718743716,0.196025355507842,0.050319684879633036,0.06616503986904426,False,False,P00,x_neighbor,0.177287235448698,-24.2139363904075,0.5864240067335839,-0.06832921199273484,-0.07835778262477591,0.10396549095454574,0.7747368722106351
676,k6_supported_scene,421026,6,0.5,corner,task,3,P10,7.4232840795614,0.42543752750073255,0.46076178718743716,0.196025355507842,0.050319684879633036,0.06616503986904426,False,False,P10,self,0.136232878997807,-128.024603514836,0.46076178718743716,-0.05604095849338853,0.028277154394374344,0.06277090480071942,0.804200880764146
676,k6_supported_scene,421026,6,0.5,corner,task,3,P10,7.4232840795614,0.42543752750073255,0.46076178718743716,0.196025355507842,0.050319684879633036,0.06616503986904426,False,False,P01,diagonal,0.063880131359037,139.19540158061,0.5235928893089294,0.021857110221069457,0.02531759769733298,0.03344718254771213,-0.7715895428739474
676,k6_supported_scene,421026,6,0.5,corner,task,3,P10,7.4232840795614,0.42543752750073255,0.46076178718743716,0.196025355507842,0.050319684879633036,0.06616503986904426,False,False,P11,y_neighbor,0.22114394099010298,-124.185421282005,0.41189309067948265,-0.09071428108906306,-0.008239008119042046,0.09108766133945467,0.996913679173043
679,k6_supported_scene,421026,6,0.5,corner,task,4,P00,6.359991501704644,0.48083981890433614,0.5066905952532857,0.24363701406212016,0.08340737906343176,0.10083220155271153,False,False,P00,self,0.13840586460662296,-126.940543860558,0.5066905952532857,0.06319660307601434,-0.030401627869345756,0.07012894992407548,0.9724886454391819
679,k6_supported_scene,421026,6,0.5,corner,task,4,P00,6.359991501704644,0.48083981890433614,0.5066905952532857,0.24363701406212016,0.08340737906343176,0.10083220155271153,False,False,P10,x_neighbor,0.177287235448698,-24.2139363904075,0.412858997925806,0.07302416933513634,0.004992455133852318,0.07319463037238588,0.9606300431071413
679,k6_supported_scene,421026,6,0.5,corner,task,4,P00,6.359991501704644,0.48083981890433614,0.5066905952532857,0.24363701406212016,0.08340737906343176,0.10083220155271153,False,False,P01,y_neighbor,0.221120650005401,-124.185373834792,0.5536063394011257,0.10751772854340973,-0.05852413960239683,0.12241379361548753,0.9596058837212195
679,k6_supported_scene,421026,6,0.5,corner,task,4,P00,6.359991501704644,0.48083981890433614,0.5066905952532857,0.24363701406212016,0.08340737906343176,0.10083220155271153,False,False,P11,diagonal,0.0636525603121721,139.228562638808,0.5160737411261536,-0.005621541394223592,0.0323648317431835,0.032849414932560786,-0.37579211114878625
682,k6_supported_scene,421026,6,0.5,corner,task,5,P10,6.4808563794414775,0.47419522999590996,0.47811163349760927,0.22671825601011902,0.07552608224250887,0.09196808930125622,False,False,P00,x_neighbor,0.177287235448698,-24.2139363904075,0.4597227349850652,-0.028923739823727354,0.0761981091830272,0.08150297275841666,0.8554308616836919
682,k6_supported_scene,421026,6,0.5,corner,task,5,P10,6.4808563794414775,0.47419522999590996,0.47811163349760927,0.22671825601011902,0.07552608224250887,0.09196808930125622,False,False,P10,self,0.136232878997807,-128.024603514836,0.47811163349760927,-0.04712968450203997,0.04495886004241246,0.06513452431372366,0.9951790797373092
682,k6_supported_scene,421026,6,0.5,corner,task,5,P10,6.4808563794414775,0.47419522999590996,0.47811163349760927,0.22671825601011902,0.07552608224250887,0.09196808930125622,False,False,P01,diagonal,0.063880131359037,139.19540158061,0.5516673003671266,-0.004328076779045153,-0.03497379308740973,0.03524057961393737,-0.5145398539666575
682,k6_supported_scene,421026,6,0.5,corner,task,5,P10,6.4808563794414775,0.47419522999590996,0.47811163349760927,0.22671825601011902,0.07552608224250887,0.09196808930125622,False,False,P11,y_neighbor,0.22114394099010298,-124.185421282005,0.5056950165505211,-0.09822301144455811,0.05346493772417583,0.11183138889903761,0.9863980551631176
685,k6_supported_scene,421026,6,0.5,edge,combined,-1,P10,5.225695222110712,0.5479175848530663,0.4636372710661706,0.25403501381044263,0.10742003533904437,0.12336427670335004,False,False,P00,x_neighbor,0.177287235448698,-24.2139363904075,0.0,0.0,0.0,0.0,0.0
685,k6_supported_scene,421026,6,0.5,edge,combined,-1,P10,5.225695222110712,0.5479175848530663,0.4636372710661706,0.25403501381044263,0.10742003533904437,0.12336427670335004,False,False,P10,self,0.136232878997807,-128.024603514836,0.4636372710661706,0.02704536468874904,-0.05707948293349162,0.06316264024803106,0.9389280793937285
685,k6_supported_scene,421026,6,0.5,edge,combined,-1,P10,5.225695222110712,0.5479175848530663,0.4636372710661706,0.25403501381044263,0.10742003533904437,0.12336427670335004,False,False,P01,diagonal,0.063880131359037,139.19540158061,0.0,-0.0,0.0,0.0,-0.0
685,k6_supported_scene,421026,6,0.5,edge,combined,-1,P10,5.225695222110712,0.5479175848530663,0.4636372710661706,0.25403501381044263,0.10742003533904437,0.12336427670335004,False,False,P11,y_neighbor,0.22114394099010298,-124.185421282005,0.8860251078471761,-0.003911951364078306,-0.19590002894369915,0.19593908416550557,0.9938284551153542
691,k6_supported_scene,421026,6,0.5,edge,task,1,P11,8.45041513766582,0.3779890710751877,0.6079809765091543,0.22981016454208072,0.03754969855985524,0.05845784386939121,False,False,P00,diagonal,0.063652560312172,139.228562638808,0.0,-0.0,0.0,0.0,-0.0
691,k6_supported_scene,421026,6,0.5,edge,task,1,P11,8.45041513766582,0.3779890710751877,0.6079809765091543,0.22981016454208072,0.03754969855985524,0.05845784386939121,False,False,P10,y_neighbor,0.22114394099010298,-124.185421282005,0.7939516231109476,0.13487292607755594,-0.11241345219367646,0.17557759089024388,0.9484793821078266
691,k6_supported_scene,421026,6,0.5,edge,task,1,P11,8.45041513766582,0.3779890710751877,0.6079809765091543,0.22981016454208072,0.03754969855985524,0.05845784386939121,False,False,P01,x_neighbor,0.177996764958833,-23.879828669598304,0.0,0.0,0.0,0.0,0.0
691,k6_supported_scene,421026,6,0.5,edge,task,1,P11,8.45041513766582,0.3779890710751877,0.6079809765091543,0.22981016454208072,0.03754969855985524,0.05845784386939121,False,False,P11,self,0.13858096432942,-127.72686751526298,0.6079809765091543,-0.014053738036588381,-0.08307423419086164,0.08425459001858104,0.7510384847705783
697,k6_supported_scene,421026,6,0.5,edge,task,3,P10,3.237538933992756,0.6888474472103608,0.37139065337950883,0.25583150349826267,0.13838746686052678,0.15115939566666659,False,False,P00,x_neighbor,0.177287235448698,-24.2139363904075,0.0,0.0,0.0,0.0,0.0
697,k6_supported_scene,421026,6,0.5,edge,task,3,P10,3.237538933992756,0.6888474472103608,0.37139065337950883,0.25583150349826267,0.13838746686052678,0.15115939566666659,False,False,P10,self,0.136232878997807,-128.024603514836,0.37139065337950883,0.006144489732425297,-0.050221129028911494,0.05059561794276711,0.9985550591760276
697,k6_supported_scene,421026,6,0.5,edge,task,3,P10,3.237538933992756,0.6888474472103608,0.37139065337950883,0.25583150349826267,0.13838746686052678,0.15115939566666659,False,False,P01,diagonal,0.063880131359037,139.19540158061,0.0,-0.0,0.0,0.0,-0.0
697,k6_supported_scene,421026,6,0.5,edge,task,3,P10,3.237538933992756,0.6888474472103608,0.37139065337950883,0.25583150349826267,0.13838746686052678,0.15115939566666659,False,False,P11,y_neighbor,0.22114394099010298,-124.185421282005,0.9284766966690448,0.03852576051415345,-0.20168029400218135,0.20532699581886502,0.9999123223450569
700,k6_supported_scene,421026,6,0.5,edge,task,4,P10,5.222051885372435,0.5481474596357298,0.4443898044399165,0.24359114239175897,0.1030627472930647,0.11834507842561806,False,False,P00,x_neighbor,0.177287235448698,-24.2139363904075,0.0,0.0,0.0,0.0,0.0
700,k6_supported_scene,421026,6,0.5,edge,task,4,P10,5.222051885372435,0.5481474596357298,0.4443898044399165,0.24359114239175897,0.1030627472930647,0.11834507842561806,False,False,P10,self,0.136232878997807,-128.024603514836,0.4443898044399165,0.039498704899411444,-0.04588033074105892,0.06054050245612227,0.8054094667345342
700,k6_supported_scene,421026,6,0.5,edge,task,4,P10,5.222051885372435,0.5481474596357298,0.4443898044399165,0.24359114239175897,0.1030627472930647,0.11834507842561806,False,False,P01,diagonal,0.063880131359037,139.19540158061,0.0,-0.0,0.0,0.0,-0.0
700,k6_supported_scene,421026,6,0.5,edge,task,4,P10,5.222051885372435,0.5481474596357298,0.4443898044399165,0.24359114239175897,0.1030627472930647,0.11834507842561806,False,False,P11,y_neighbor,0.22114394099010298,-124.185421282005,0.8958335144286009,-0.020915696911146087,-0.19700094985880587,0.1981081538517551,0.98345900865103
703,k6_supported_scene,421026,6,0.5,edge,task,5,P10,5.541245068402649,0.5283695078550269,0.43516864192160065,0.22992984116605653,0.09231743369060746,0.10728265390471929,False,False,P00,x_neighbor,0.177287235448698,-24.2139363904075,0.0,0.0,0.0,0.0,-0.0
703,k6_supported_scene,421026,6,0.5,edge,task,5,P10,5.541245068402649,0.5283695078550269,0.43516864192160065,0.22992984116605653,0.09231743369060746,0.10728265390471929,False,False,P10,self,0.136232878997807,-128.024603514836,0.43516864192160065,-0.05422165896485191,-0.023971591336943893,0.059284276938545426,0.6139900296855779
703,k6_supported_scene,421026,6,0.5,edge,task,5,P10,5.541245068402649,0.5283695078550269,0.43516864192160065,0.22992984116605653,0.09231743369060746,0.10728265390471929,False,False,P01,diagonal,0.063880131359037,139.19540158061,0.0,-0.0,0.0,0.0,0.0
703,k6_supported_scene,421026,6,0.5,edge,task,5,P10,5.541245068402649,0.5283695078550269,0.43516864192160065,0.22992984116605653,0.09231743369060746,0.10728265390471929,False,False,P11,y_neighbor,0.22114394099010298,-124.185421282005,0.9003489686399425,-0.0015131091757190074,-0.1991009696806873,0.19910671919141154,0.9719907343891332
706,k6_supported_scene,421026,6,0.5,interior,combined,-1,P10,8.061038137115258,0.39531936869235224,0.6678749236658011,0.2640238931890175,0.052823298099515026,0.07579116468109309,False,False,P00,x_neighbor,0.177287235448698,-24.2139363904075,0.49209751938578206,0.05377825081825139,-0.06869623371193351,0.08724260878306739,0.6822940547935952
706,k6_supported_scene,421026,6,0.5,interior,combined,-1,P10,8.061038137115258,0.39531936869235224,0.6678749236658011,0.2640238931890175,0.052823298099515026,0.07579116468109309,False,False,P10,self,0.136232878997807,-128.024603514836,0.6678749236658011,-0.04478987533844511,-0.07919857672432627,0.09098652366143269,0.9362539018142746
706,k6_supported_scene,421026,6,0.5,interior,combined,-1,P10,8.061038137115258,0.39531936869235224,0.6678749236658011,0.2640238931890175,0.052823298099515026,0.07579116468109309,False,False,P01,diagonal,0.063880131359037,139.19540158061,0.0,-0.0,0.0,0.0,0.0
706,k6_supported_scene,421026,6,0.5,interior,combined,-1,P10,8.061038137115258,0.39531936869235224,0.6678749236658011,0.2640238931890175,0.052823298099515026,0.07579116468109309,False,False,P11,y_neighbor,0.22114394099010298,-124.185421282005,0.5583754171925073,-0.04993359506248028,-0.11293483735710802,0.12348134030994398,0.9662374234166424
709,k6_supported_scene,421026,6,0.5,interior,task,0,P00,7.057319271024708,0.44374557614271654,0.4800830767105564,0.21303474147129386,0.06121914262062439,0.07772894657229831,False,False,P00,self,0.13840586460662296,-126.940543860558,0.4800830767105564,-0.06579003071410303,-0.009315815144693589,0.06644631331513226,0.9188226096120297
709,k6_supported_scene,421026,6,0.5,interior,task,0,P00,7.057319271024708,0.44374557614271654,0.4800830767105564,0.21303474147129386,0.06121914262062439,0.07772894657229831,False,False,P10,x_neighbor,0.177287235448698,-24.2139363904075,0.781849606180914,-0.09109989483008296,-0.10447049004805052,0.13861195521646752,0.9531581190420669
709,k6_supported_scene,421026,6,0.5,interior,task,0,P00,7.057319271024708,0.44374557614271654,0.4800830767105564,0.21303474147129386,0.06121914262062439,0.07772894657229831,False,False,P01,y_neighbor,0.221120650005401,-124.185373834792,0.0,0.0,-0.0,0.0,0.0
709,k6_supported_scene,421026,6,0.5,interior,task,0,P00,7.057319271024708,0.44374557614271654,0.4800830767105564,0.21303474147129386,0.06121914262062439,0.07772894657229831,False,False,P11,diagonal,0.0636525603121721,139.228562638808,0.39778313954622496,-0.025130028161394084,0.003095124303029601,0.02531991528113126,0.7844914068854109
715,k6_supported_scene,421026,6,0.5,interior,task,2,P10,4.579556362736712,0.5902312258321877,0.4996382076712106,0.29490207178637584,0.13690259755785197,0.1540848921555654,False,False,P00,x_neighbor,0.177287235448698,-24.2139363904075,0.5630843694964789,-0.012751852396611026,-0.09900986918562087,0.0998276711924039,0.9862026604844097
715,k6_supported_scene,421026,6,0.5,interior,task,2,P10,4.579556362736712,0.5902312258321877,0.4996382076712106,0.29490207178637584,0.13690259755785197,0.1540848921555654,False,False,P10,self,0.136232878997807,-128.024603514836,0.4996382076712106,-0.030663016260376298,-0.06076937177192406,0.0680671514883532,0.8749206380041347
715,k6_supported_scene,421026,6,0.5,interior,task,2,P10,4.579556362736712,0.5902312258321877,0.4996382076712106,0.29490207178637584,0.13690259755785197,0.1540848921555654,False,False,P01,diagonal,0.063880131359037,139.19540158061,0.0,-0.0,0.0,0.0,-0.0
715,k6_supported_scene,421026,6,0.5,interior,task,2,P10,4.579556362736712,0.5902312258321877,0.4996382076712106,0.29490207178637584,0.13690259755785197,0.1540848921555654,False,False,P11,y_neighbor,0.22114394099010298,-124.185421282005,0.6582535203351846,0.05468311565013366,-0.13490747159257704,0.14556877765753162,0.9404379391109571
718,k6_supported_scene,421026,6,0.5,interior,task,3,P10,6.641295054224572,0.46551668045020783,0.5850400388826829,0.272345896831127,0.08733999230485218,0.1074592108618024,False,False,P00,x_neighbor,0.177287235448698,-24.2139363904075,0.6455614181698343,0.02993243426698062,-0.1104663111630142,0.11444979913967081,0.8602137847757979
718,k6_supported_scene,421026,6,0.5,interior,task,3,P10,6.641295054224572,0.46551668045020783,0.5850400388826829,0.272345896831127,0.08733999230485218,0.1074592108618024,False,False,P10,self,0.136232878997807,-128.024603514836,0.5850400388826829,-0.060401544678723815,-0.05200012117425277,0.07970168882597684,0.8312148726045371
718,k6_supported_scene,421026,6,0.5,interior,task,3,P10,6.641295054224572,0.46551668045020783,0.5850400388826829,0.272345896831127,0.08733999230485218,0.1074592108618024,False,False,P01,diagonal,0.063880131359037,139.19540158061,0.0,-0.0,0.0,0.0,0.0
718,k6_supported_scene,421026,6,0.5,interior,task,3,P10,6.641295054224572,0.46551668045020783,0.5850400388826829,0.272345896831127,0.08733999230485218,0.1074592108618024,False,False,P11,y_neighbor,0.22114394099010298,-124.185421282005,0.49089570550310246,-0.04230457202184878,-0.09997647319802389,0.10855861093007306,0.9915876032335094
721,k6_supported_scene,421026,6,0.5,interior,task,4,P11,8.832573031711272,0.36171902239148446,0.6710409733880502,0.24272828487855566,0.03052649695828813,0.053603242320959116,False,False,P00,diagonal,0.063652560312172,139.228562638808,0.39295195409242506,-0.023751320053088675,0.007841865041416995,0.025012397957653924,0.5403214259337864
721,k6_supported_scene,421026,6,0.5,interior,task,4,P11,8.832573031711272,0.36171902239148446,0.6710409733880502,0.24272828487855566,0.03052649695828813,0.053603242320959116,False,False,P10,y_neighbor,0.22114394099010298,-124.185421282005,0.6287231193406346,-0.08901919728280551,-0.1068046521392002,0.13903830840257878,0.9810684222149041
721,k6_supported_scene,421026,6,0.5,interior,task,4,P11,8.832573031711272,0.36171902239148446,0.6710409733880502,0.24272828487855566,0.03052649695828813,0.053603242320959116,False,False,P01,x_neighbor,0.177996764958833,-23.879828669598304,0.0,0.0,0.0,0.0,-0.0
721,k6_supported_scene,421026,6,0.5,interior,task,4,P11,8.832573031711272,0.36171902239148446,0.6710409733880502,0.24272828487855566,0.03052649695828813,0.053603242320959116,False,False,P11,self,0.13858096432942,-127.72686751526298,0.6710409733880502,-0.07580334787046722,-0.05386691433887569,0.09299350519666864,0.9979993366185127
724,k6_supported_scene,421026,6,0.5,interior,task,5,P11,7.747924755100032,0.409830015277638,0.5237961671722776,0.21466739119458278,0.049028499401511244,0.06704157349257381,False,False,P00,diagonal,0.063652560312172,139.228562638808,0.6248796407644369,0.038332557452876365,0.01061511661859982,0.03977518902160669,0.6403731085373771
724,k6_supported_scene,421026,6,0.5,interior,task,5,P11,7.747924755100032,0.409830015277638,0.5237961671722776,0.21466739119458278,0.049028499401511244,0.06704157349257381,False,False,P10,y_neighbor,0.22114394099010298,-124.185421282005,0.5789326271939743,0.07031721417905584,-0.10698838949171555,0.12802744274542954,0.9272908347645396
724,k6_supported_scene,421026,6,0.5,interior,task,5,P11,7.747924755100032,0.409830015277638,0.5237961671722776,0.21466739119458278,0.049028499401511244,0.06704157349257381,False,False,P01,x_neighbor,0.177996764958833,-23.879828669598304,0.0,0.0,0.0,0.0,0.0
724,k6_supported_scene,421026,6,0.5,interior,task,5,P11,7.747924755100032,0.409830015277638,0.5237961671722776,0.21466739119458278,0.049028499401511244,0.06704157349257381,False,False,P11,self,0.13858096432942,-127.72686751526298,0.5237961671722776,0.06783392962892486,-0.02583798696637937,0.0725881779587883,0.9709260858150974
748,k6_supported_scene,421027,6,0.699999988079071,edge,combined,-1,P00,2.634290727602952,0.7383894171748867,0.18832729599757392,0.13905888232977096,0.07950456223646638,0.08598103867669588,False,False,P00,self,0.13840586460662296,-126.940543860558,0.18832729599757392,-0.000993372041902146,0.02604666642165325,0.026065602231571627,0.47901365986390076
748,k6_supported_scene,421027,6,0.699999988079071,edge,combined,-1,P00,2.634290727602952,0.7383894171748867,0.18832729599757392,0.13905888232977096,0.07950456223646638,0.08598103867669588,False,False,P10,x_neighbor,0.177287235448698,-24.2139363904075,0.0,0.0,0.0,0.0,0.0
748,k6_supported_scene,421027,6,0.699999988079071,edge,combined,-1,P00,2.634290727602952,0.7383894171748867,0.18832729599757392,0.13905888232977096,0.07950456223646638,0.08598103867669588,False,False,P01,y_neighbor,0.221120650005401,-124.185373834792,0.6862357706539554,-0.15173642232339435,0.0011656634696411566,0.1517408996639599,0.8988188465932092
748,k6_supported_scene,421027,6,0.699999988079071,edge,combined,-1,P00,2.634290727602952,0.7383894171748867,0.18832729599757392,0.13905888232977096,0.07950456223646638,0.08598103867669588,False,False,P11,diagonal,0.0636525603121721,139.228562638808,0.702576205998879,0.028212969855458667,0.03469835714084357,0.044720774326240706,-0.2194612628374885
751,k6_supported_scene,421027,6,0.699999988079071,edge,task,0,P01,6.409923264487571,0.4780835897610596,0.4962916617972592,0.23726889924051534,0.08032769573758397,0.09739490438668871,False,False,P00,y_neighbor,0.221120650005401,-124.185373834792,0.44666251510070737,0.020003863470750644,0.09671932889738924,0.09876630567211567,0.9540216872123075
751,k6_supported_scene,421027,6,0.699999988079071,edge,task,0,P01,6.409923264487571,0.4780835897610596,0.4962916617972592,0.23726889924051534,0.08032769573758397,0.09739490438668871,False,False,P10,diagonal,0.0638801313590369,139.19540158061,0.0,-0.0,0.0,0.0,0.0
751,k6_supported_scene,421027,6,0.699999988079071,edge,task,0,P01,6.409923264487571,0.4780835897610596,0.4962916617972592,0.23726889924051534,0.08032769573758397,0.09739490438668871,False,False,P01,self,0.138642679019854,-127.753500672212,0.4962916617972592,-0.028119643904974966,0.06279902200327275,0.06880720556678735,0.5983425572431028
751,k6_supported_scene,421027,6,0.699999988079071,edge,task,0,P01,6.409923264487571,0.4780835897610596,0.4962916617972592,0.23726889924051534,0.08032769573758397,0.09739490438668871,False,False,P11,x_neighbor,0.177996764958833,-23.879828669598304,0.7444375093181017,0.12360650947317424,0.047745785053578,0.1325074683726332,0.7688126833833137
754,k6_supported_scene,421027,6,0.699999988079071,edge,task,1,P00,0.5504793345816448,0.9385902387340628,0.1216599374111,0.11418882969905549,0.075716579477795,0.07990040059724088,False,False,P00,self,0.13840586460662296,-126.940543860558,0.1216599374111,0.002580558188571447,0.01663953359562799,0.01683844882537093,0.0620264439409112
754,k6_supported_scene,421027,6,0.699999988079071,edge,task,1,P00,0.5504793345816448,0.9385902387340628,0.1216599374111,0.11418882969905549,0.075716579477795,0.07990040059724088,False,False,P10,x_neighbor,0.177287235448698,-24.2139363904075,0.0,0.0,0.0,0.0,0.0
754,k6_supported_scene,421027,6,0.699999988079071,edge,task,1,P00,0.5504793345816448,0.9385902387340628,0.1216599374111,0.11418882969905549,0.075716579477795,0.07990040059724088,False,False,P01,y_neighbor,0.221120650005401,-124.185373834792,0.666232978234925,-0.14470141324590946,-0.027641555508952878,0.14731786920234077,0.9192294715996119
754,k6_supported_scene,421027,6,0.699999988079071,edge,task,1,P00,0.5504793345816448,0.9385902387340628,0.1216599374111,0.11418882969905549,0.075716579477795,0.07990040059724088,False,False,P11,diagonal,0.0636525603121721,139.228562638808,0.7357529997825623,0.03058368401357985,0.035467268766674456,0.04683256219352109,-0.4756204961639533
757,k6_supported_scene,421027,6,0.699999988079071,edge,task,2,P01,2.5403193266492448,0.7464213165924394,0.3987182159993255,0.2976117757356052,0.17152600501991946,0.18523771429993396,False,False,P00,y_neighbor,0.221120650005401,-124.185373834792,0.8164229619035378,-0.14041622435567672,-0.11346203797715496,0.180527976015445,0.9961339721112191
757,k6_supported_scene,421027,6,0.699999988079071,edge,task,2,P01,2.5403193266492448,0.7464213165924394,0.3987182159993255,0.2976117757356052,0.17152600501991946,0.18523771429993396,False,False,P10,diagonal,0.0638801313590369,139.19540158061,0.0,-0.0,0.0,0.0,0.0
757,k6_supported_scene,421027,6,0.699999988079071,edge,task,2,P01,2.5403193266492448,0.7464213165924394,0.3987182159993255,0.2976117757356052,0.17152600501991946,0.18523771429993396,False,False,P01,self,0.138642679019854,-127.753500672212,0.3987182159993255,-0.0504524165095352,-0.022591181724122753,0.0552793616401633,0.9405380514716262
757,k6_supported_scene,421027,6,0.699999988079071,edge,task,2,P01,2.5403193266492448,0.7464213165924394,0.3987182159993255,0.2976117757356052,0.17152600501991946,0.18523771429993396,False,False,P11,x_neighbor,0.177996764958833,-23.879828669598304,0.4177047948342644,-0.02328971171882318,-0.07060826455496262,0.07435010218829212,0.8848593463919452
760,k6_supported_scene,421027,6,0.699999988079071,edge,task,3,P11,7.210429005211187,0.43599202936438297,0.40721080557178707,0.17754066550034864,0.048769302156465466,0.06277306711535136,False,False,P00,diagonal,0.063652560312172,139.228562638808,0.5526432585308843,-0.02772808007480431,-0.02164684837515663,0.035177158344752366,0.8504708399859985
760,k6_supported_scene,421027,6,0.699999988079071,edge,task,3,P11,7.210429005211187,0.43599202936438297,0.40721080557178707,0.17754066550034864,0.048769302156465466,0.06277306711535136,False,False,P10,y_neighbor,0.22114394099010298,-124.185421282005,0.0,0.0,-0.0,0.0,0.0
760,k6_supported_scene,421027,6,0.699999988079071,edge,task,3,P11,7.210429005211187,0.43599202936438297,0.40721080557178707,0.17754066550034864,0.048769302156465466,0.06277306711535136,False,False,P01,x_neighbor,0.177996764958833,-23.879828669598304,0.7271621904630624,-0.12073811308398172,-0.04663780265013857,0.12943251750280388,0.9664716442539311
760,k6_supported_scene,421027,6,0.699999988079071,edge,task,3,P11,7.210429005211187,0.43599202936438297,0.40721080557178707,0.17754066550034864,0.048769302156465466,0.06277306711535136,False,False,P11,self,0.13858096432942,-127.72686751526298,0.40721080557178707,-0.028022102698059992,0.048982595905358334,0.056431666121498206,0.39925562423050215
769,k6_supported_scene,421027,6,0.699999988079071,interior,combined,-1,P10,3.4419490411824123,0.6728256628776705,0.36876700260472434,0.24811590297493533,0.1315015375605179,0.1441832403994644,False,False,P00,x_neighbor,0.177287235448698,-24.2139363904075,0.511416760496978,0.03235395067203765,-0.08469856612806322,0.09066766363063815,0.909424477072584
769,k6_supported_scene,421027,6,0.699999988079071,interior,combined,-1,P10,3.4419490411824123,0.6728256628776705,0.36876700260472434,0.24811590297493533,0.1315015375605179,0.1441832403994644,False,False,P10,self,0.136232878997807,-128.024603514836,0.36876700260472434,-0.04251450894058301,-0.02676550594799491,0.05023819044423339,0.5858163475055383
769,k6_supported_scene,421027,6,0.699999988079071,interior,combined,-1,P10,3.4419490411824123,0.6728256628776705,0.36876700260472434,0.24811590297493533,0.1315015375605179,0.1441832403994644,False,False,P01,diagonal,0.063880131359037,139.19540158061,0.43042243281914183,-0.02701880430336127,0.005097403256180161,0.02749544154836306,-0.12214970689018935
769,k6_supported_scene,421027,6,0.699999988079071,interior,combined,-1,P10,3.4419490411824123,0.6728256628776705,0.36876700260472434,0.24811590297493533,0.1315015375605179,0.1441832403994644,False,False,P11,y_neighbor,0.22114394099010298,-124.185421282005,0.6459104683056885,0.021307299068350535,-0.1412410429122218,0.142839186487883,0.9772438552547416
772,k6_supported_scene,421027,6,0.699999988079071,interior,task,0,P11,7.535529333754317,0.4199750914284654,0.584825327282615,0.24561207029519846,0.06067406353855101,0.08078589827675145,False,False,P00,diagonal,0.063652560312172,139.228562638808,0.4561637507490447,0.022887359719339133,0.017867778779081557,0.029035990656780156,0.076350448839819
772,k6_supported_scene,421027,6,0.699999988079071,interior,task,0,P11,7.535529333754317,0.4199750914284654,0.584825327282615,0.24561207029519846,0.06067406353855101,0.08078589827675145,False,False,P10,y_neighbor,0.22114394099010298,-124.185421282005,0.4503154750727399,0.00900756283246213,-0.09917632877391976,0.0995845388464162,0.7968695198347717
772,k6_supported_scene,421027,6,0.699999988079071,interior,task,0,P11,7.535529333754317,0.4199750914284654,0.584825327282615,0.24561207029519846,0.06067406353855101,0.08078589827675145,False,False,P01,x_neighbor,0.177996764958833,-23.879828669598304,0.4971015235874633,0.061041790817881074,-0.06405502354982051,0.08848246305467547,0.9997571328788389
772,k6_supported_scene,421027,6,0.699999988079071,interior,task,0,P11,7.535529333754317,0.4199750914284654,0.584825327282615,0.24561207029519846,0.06067406353855101,0.08078589827675145,False,False,P11,self,0.13858096432942,-127.72686751526298,0.584825327282615,0.07254513805795382,-0.03613310940788246,0.08104565781909345,0.9325398075938381
775,k6_supported_scene,421027,6,0.699999988079071,interior,task,1,P10,9.5436394966406,0.3332867321826104,0.5153935038324948,0.1717738166804779,0.008792080343937442,0.026516191271869466,False,False,P00,x_neighbor,0.177287235448698,-24.2139363904075,0.3832413342453334,0.011256137917601269,-0.06700491671129119,0.0679437966580256,0.9403664705849369
775,k6_supported_scene,421027,6,0.699999988079071,interior,task,1,P10,9.5436394966406,0.3332867321826104,0.5153935038324948,0.1717738166804779,0.008792080343937442,0.026516191271869466,False,False,P10,self,0.136232878997807,-128.024603514836,0.5153935038324948,-0.04580972855521694,0.053210995926884004,0.07021354084386804,-0.6282870705182563
775,k6_supported_scene,421027,6,0.699999988079071,interior,task,1,P10,9.5436394966406,0.3332867321826104,0.5153935038324948,0.1717738166804779,0.008792080343937442,0.026516191271869466,False,False,P01,diagonal,0.063880131359037,139.19540158061,0.52860872124427,-0.007411946108429157,-0.03294409653671762,0.03376759455061654,0.9991740599991022
775,k6_supported_scene,421027,6,0.699999988079071,interior,task,1,P10,9.5436394966406,0.3332867321826104,0.5153935038324948,0.1717738166804779,0.008792080343937442,0.026516191271869466,False,False,P11,y_neighbor,0.22114394099010298,-124.185421282005,0.5550391478005589,0.011102327727252621,-0.12224040267989417,0.12274354454840385,0.9634421443350132
778,k6_supported_scene,421027,6,0.699999988079071,interior,task,2,P11,7.134929911939331,0.43979825756952273,0.4941376398833503,0.21732087302021383,0.06106083105506921,0.07805396402596024,False,False,P00,diagonal,0.063652560312172,139.228562638808,0.43834792608793094,-0.02551018708708598,0.011302661724702588,0.027901967803027537,-0.47751256480599474
778,k6_supported_scene,421027,6,0.699999988079071,interior,task,2,P11,7.134929911939331,0.43979825756952273,0.4941376398833503,0.21732087302021383,0.06106083105506921,0.07805396402596024,False,False,P10,y_neighbor,0.22114394099010298,-124.185421282005,0.4542878594239106,0.03773907057071493,-0.0931052009496098,0.1004630075769615,0.9540420556329041
778,k6_supported_scene,421027,6,0.699999988079071,interior,task,2,P11,7.134929911939331,0.43979825756952273,0.4941376398833503,0.21732087302021383,0.06106083105506921,0.07805396402596024,False,False,P01,x_neighbor,0.177996764958833,-23.879828669598304,0.5977471277989272,0.05696361406610766,-0.0898636744612536,0.10639705501164315,0.8850401415245863
778,k6_supported_scene,421027,6,0.699999988079071,interior,task,2,P11,7.134929911939331,0.43979825756952273,0.4941376398833503,0.21732087302021383,0.06106083105506921,0.07805396402596024,False,False,P11,self,0.13858096432942,-127.72686751526298,0.4941376398833503,-0.05166291392354382,-0.04494651804528711,0.06847807064649834,0.5933697307220699
781,k6_supported_scene,421027,6,0.699999988079071,interior,task,3,P10,6.129043905641027,0.4937962696016481,0.4880158172369336,0.24098039005819746,0.08665623839248049,0.10343884510943277,False,False,P00,x_neighbor,0.177287235448698,-24.2139363904075,0.4350984504028677,0.005261383885542002,-0.07695775813671703,0.07713740141993686,0.9895322704905868
781,k6_supported_scene,421027,6,0.699999988079071,interior,task,3,P10,6.129043905641027,0.4937962696016481,0.4880158172369336,0.24098039005819746,0.08665623839248049,0.10343884510943277,False,False,P10,self,0.136232878997807,-128.024603514836,0.4880158172369336,-0.03562341279518683,-0.05613437533127108,0.06648379977865507,0.8828390791818204
781,k6_supported_scene,421027,6,0.699999988079071,interior,task,3,P10,6.129043905641027,0.4937962696016481,0.4880158172369336,0.24098039005819746,0.08665623839248049,0.10343884510943277,False,False,P01,diagonal,0.063880131359037,139.19540158061,0.4762564161275738,-0.0248665054865047,0.017528133161637732,0.0304233224228136,-0.5119414559939229
781,k6_supported_scene,421027,6,0.699999988079071,interior,task,3,P10,6.129043905641027,0.4937962696016481,0.4880158172369336,0.24098039005819746,0.08665623839248049,0.10343884510943277,False,False,P11,y_neighbor,0.22114394099010298,-124.185421282005,0.5879708581748655,0.03679794072334573,-0.12471055433785033,0.13002619276412267,0.9346648002842103
784,k6_supported_scene,421027,6,0.699999988079071,interior,task,4,P00,6.372779223943609,0.4801324276950704,0.4524120208569422,0.2172176818924765,0.07415243921772258,0.0897106501442701,False,False,P00,self,0.13840586460662296,-126.940543860558,0.4524120208569422,-0.05909407383139516,-0.02070540069694083,0.06261647690513464,0.5620640176343265
784,k6_supported_scene,421027,6,0.699999988079071,interior,task,4,P00,6.372779223943609,0.4801324276950704,0.4524120208569422,0.2172176818924765,0.07415243921772258,0.0897106501442701,False,False,P10,x_neighbor,0.177287235448698,-24.2139363904075,0.4638655216135334,0.036579880852842,-0.0736539760495054,0.08223743594683161,0.7512610660322566
784,k6_supported_scene,421027,6,0.699999988079071,interior,task,4,P00,6.372779223943609,0.4801324276950704,0.4524120208569422,0.2172176818924765,0.07415243921772258,0.0897106501442701,False,False,P01,y_neighbor,0.221120650005401,-124.185373834792,0.5554932281496751,-0.0009333470359568427,-0.1228274775532411,0.12283102368205466,0.9683490926635941
784,k6_supported_scene,421027,6,0.699999988079071,interior,task,4,P00,6.372779223943609,0.4801324276950704,0.4524120208569422,0.2172176818924765,0.07415243921772258,0.0897106501442701,False,False,P11,diagonal,0.0636525603121721,139.228562638808,0.5211328318142178,-0.032366687999658944,0.007262360069205781,0.03317143900770753,0.03913364090516901
787,k6_supported_scene,421027,6,0.699999988079071,interior,task,5,P10,7.950045052675453,0.40040339148043863,0.4353624321037852,0.17432059433752778,0.036646905025690485,0.05161878958201899,False,False,P00,x_neighbor,0.177287235448698,-24.2139363904075,0.4602403049401458,0.04985349982096136,-0.06459356571920238,0.08159473130490419,0.7419864551624765
787,k6_supported_scene,421027,6,0.699999988079071,interior,task,5,P10,7.950045052675453,0.40040339148043863,0.4353624321037852,0.17432059433752778,0.036646905025690485,0.05161878958201899,False,False,P10,self,0.136232878997807,-128.024603514836,0.4353624321037852,-0.052951717678817865,0.026718384387619896,0.05931067753298594,-0.380046679756409
787,k6_supported_scene,421027,6,0.699999988079071,interior,task,5,P10,7.950045052675453,0.40040339148043863,0.4353624321037852,0.17432059433752778,0.036646905025690485,0.05161878958201899,False,False,P01,diagonal,0.063880131359037,139.19540158061,0.6219463666433678,-0.019596938273934272,-0.03456058665330318,0.039730015599454126,0.905446090474235
787,k6_supported_scene,421027,6,0.699999988079071,interior,task,5,P10,7.950045052675453,0.40040339148043863,0.4353624321037852,0.17432059433752778,0.036646905025690485,0.05161878958201899,False,False,P11,y_neighbor,0.22114394099010298,-124.185421282005,0.46024029436230834,0.009206089324366673,-0.10136214537098223,0.10177935249772595,0.9859155634775475
811,k6_supported_scene,421028,6,0.6000000238418579,edge,combined,-1,P01,6.601203741711133,0.46767032428969685,0.33133338394838635,0.15495479111914442,0.050177975306346975,0.06157235573132204,False,False,P00,y_neighbor,0.221120650005401,-124.185373834792,0.6486636798814591,0.10270618740855297,-0.10012215427150882,0.14343293453028358,0.9999406877033011
811,k6_supported_scene,421028,6,0.6000000238418579,edge,combined,-1,P01,6.601203741711133,0.46767032428969685,0.33133338394838635,0.15495479111914442,0.050177975306346975,0.06157235573132204,False,False,P10,diagonal,0.0638801313590369,139.19540158061,0.6851668470283135,-0.03625914125354303,-0.02451449543241229,0.04376854819102581,-0.1915555732627186
811,k6_supported_scene,421028,6,0.6000000238418579,edge,combined,-1,P01,6.601203741711133,0.46767032428969685,0.33133338394838635,0.15495479111914442,0.050177975306346975,0.06157235573132204,False,False,P01,self,0.138642679019854,-127.753500672212,0.33133338394838635,0.043324809154881974,0.015269711954883657,0.045936947999318176,0.4335175524837776
811,k6_supported_scene,421028,6,0.6000000238418579,edge,combined,-1,P01,6.601203741711133,0.46767032428969685,0.33133338394838635,0.15495479111914442,0.050177975306346975,0.06157235573132204,False,False,P11,x_neighbor,0.177996764958833,-23.879828669598304,0.0,0.0,0.0,0.0,0.0
814,k6_supported_scene,421028,6,0.6000000238418579,edge,task,0,P01,5.845710541857373,0.5101694785512744,0.38145227885505967,0.19460531019568109,0.07397950821131366,0.0870974510139782,False,False,P00,y_neighbor,0.221120650005401,-124.185373834792,0.5219873658549586,0.10629748291864491,-0.044979173639957126,0.11542218563245552,0.9970256695321967
814,k6_supported_scene,421028,6,0.6000000238418579,edge,task,0,P01,5.845710541857373,0.5101694785512744,0.38145227885505967,0.19460531019568109,0.07397950821131366,0.0870974510139782,False,False,P10,diagonal,0.0638801313590369,139.19540158061,0.7629045359699906,0.029967309000216682,-0.03843183869689495,0.0487344419721681,0.833506036409844
814,k6_supported_scene,421028,6,0.6000000238418579,edge,task,0,P01,5.845710541857373,0.5101694785512744,0.38145227885505967,0.19460531019568109,0.07397950821131366,0.0870974510139782,False,False,P01,self,0.138642679019854,-127.753500672212,0.38145227885505967,0.04826764501531074,0.021612901722586817,0.052885565858693875,0.7356634289533557
814,k6_supported_scene,421028,6,0.6000000238418579,edge,task,0,P01,5.845710541857373,0.5101694785512744,0.38145227885505967,0.19460531019568109,0.07397950821131366,0.0870974510139782,False,False,P11,x_neighbor,0.177996764958833,-23.879828669598304,0.0,0.0,0.0,0.0,0.0
820,k6_supported_scene,421028,6,0.6000000238418579,edge,task,2,P01,5.88766839571507,0.5077110085812435,0.4274307254900075,0.21701128473714432,0.08184582128848295,0.09654493863524238,False,False,P00,y_neighbor,0.221120650005401,-124.185373834792,0.589559614365691,-0.09287891795082673,-0.09147802081533579,0.13036380514547516,0.9824246125284143
820,k6_supported_scene,421028,6,0.6000000238418579,edge,task,2,P01,5.88766839571507,0.5077110085812435,0.4274307254900075,0.21701128473714432,0.08184582128848295,0.09654493863524238,False,False,P10,diagonal,0.0638801313590369,139.19540158061,0.6853630160601369,-0.04271337993507047,0.009609895745021725,0.043781079494547265,0.6885278946814898
820,k6_supported_scene,421028,6,0.6000000238418579,edge,task,2,P01,5.88766839571507,0.5077110085812435,0.4274307254900075,0.21701128473714432,0.08184582128848295,0.09654493863524238,False,False,P01,self,0.138642679019854,-127.753500672212,0.4274307254900075,-0.04472657070648933,-0.03887541857831159,0.05926014087733444,0.9921370185367712
820,k6_supported_scene,421028,6,0.6000000238418579,edge,task,2,P01,5.88766839571507,0.5077110085812435,0.4274307254900075,0.21701128473714432,0.08184582128848295,0.09654493863524238,False,False,P11,x_neighbor,0.177996764958833,-23.879828669598304,0.0,0.0,0.0,0.0,-0.0
823,k6_supported_scene,421028,6,0.6000000238418579,edge,task,3,P01,7.588510907157432,0.4174211542415124,0.40942613527338123,0.17090312996245638,0.04143121785604734,0.05551116683564948,False,False,P00,y_neighbor,0.221120650005401,-124.185373834792,0.5889990025503797,0.07153242998828103,-0.10883716268527849,0.13023984229647279,0.996838879658088
823,k6_supported_scene,421028,6,0.6000000238418579,edge,task,3,P01,7.588510907157432,0.4174211542415124,0.40942613527338123,0.17090312996245638,0.04143121785604734,0.05551116683564948,False,False,P10,diagonal,0.0638801313590369,139.19540158061,0.6967427468882428,-0.02195370179267992,-0.03871690407581414,0.044508018194677146,0.3838737961020616
823,k6_supported_scene,421028,6,0.6000000238418579,edge,task,3,P01,7.588510907157432,0.4174211542415124,0.40942613527338123,0.17090312996245638,0.04143121785604734,0.05551116683564948,False,False,P01,self,0.138642679019854,-127.753500672212,0.40942613527338123,0.05533757928171677,0.012645029790661538,0.056763936255046714,0.4226192044123997
823,k6_supported_scene,421028,6,0.6000000238418579,edge,task,3,P01,7.588510907157432,0.4174211542415124,0.40942613527338123,0.17090312996245638,0.04143121785604734,0.05551116683564948,False,False,P11,x_neighbor,0.177996764958833,-23.879828669598304,0.0,0.0,0.0,0.0,0.0
826,k6_supported_scene,421028,6,0.6000000238418579,edge,task,4,P00,6.6339421550381825,0.46591092290223396,0.5847633481025696,0.2724476311938685,0.08752922397486637,0.10763892728173488,False,False,P00,self,0.13840586460662296,-126.940543860558,0.5847633481025696,0.06468781631093495,-0.048640603687845,0.08093467678439979,0.7438375436907105
826,k6_supported_scene,421028,6,0.6000000238418579,edge,task,4,P00,6.6339421550381825,0.46591092290223396,0.5847633481025696,0.2724476311938685,0.08752922397486637,0.10763892728173488,False,False,P10,x_neighbor,0.177287235448698,-24.2139363904075,0.609471640230435,0.10779990344145607,0.00736997867500367,0.1080515421808373,0.9998193661301373
826,k6_supported_scene,421028,6,0.6000000238418579,edge,task,4,P00,6.6339421550381825,0.46591092290223396,0.5847633481025696,0.2724476311938685,0.08752922397486637,0.10763892728173488,False,False,P01,y_neighbor,0.221120650005401,-124.185373834792,0.5353467534039164,0.09892312182525907,0.06501650501889562,0.11837622209095511,0.8803571676958697
826,k6_supported_scene,421028,6,0.6000000238418579,edge,task,4,P00,6.6339421550381825,0.46591092290223396,0.5847633481025696,0.2724476311938685,0.08752922397486637,0.10763892728173488,False,False,P11,diagonal,0.0636525603121721,139.228562638808,0.0,-0.0,0.0,0.0,0.0
829,k6_supported_scene,421028,6,0.6000000238418579,edge,task,5,P00,7.042137509741345,0.44452186166586477,0.5659417705112509,0.2515734894221369,0.07260698763775006,0.0920694268122875,False,False,P00,self,0.13840586460662296,-126.940543860558,0.5659417705112509,0.01098186787350984,-0.07755600701329687,0.0783296600646127,0.6264717854324036
829,k6_supported_scene,421028,6,0.6000000238418579,edge,task,5,P00,7.042137509741345,0.44452186166586477,0.5659417705112509,0.2515734894221369,0.07260698763775006,0.0920694268122875,False,False,P10,x_neighbor,0.177287235448698,-24.2139363904075,0.49711104314012794,0.06042655709476339,-0.06415436355774609,0.08813144254933174,0.9613429613267996
829,k6_supported_scene,421028,6,0.6000000238418579,edge,task,5,P00,7.042137509741345,0.44452186166586477,0.5659417705112509,0.2515734894221369,0.07260698763775006,0.0920694268122875,False,False,P01,y_neighbor,0.221120650005401,-124.185373834792,0.6577161294454839,0.14483845060844905,0.013154898562514145,0.14543461806202185,0.8098321227243243
829,k6_supported_scene,421028,6,0.6000000238418579,edge,task,5,P00,7.042137509741345,0.44452186166586477,0.5659417705112509,0.2515734894221369,0.07260698763775006,0.0920694268122875,False,False,P11,diagonal,0.0636525603121721,139.228562638808,0.0,-0.0,0.0,0.0,-0.0
832,k6_supported_scene,421028,6,0.6000000238418579,interior,combined,-1,P10,7.3909377780411045,0.4270248129245791,0.5852586814093637,0.2499199789413194,0.06484493357727605,0.08497167113547027,False,False,P00,x_neighbor,0.177287235448698,-24.2139363904075,0.6069018866064678,0.020037939488861505,-0.10571362772557795,0.10759595766505987,0.9234793804820555
832,k6_supported_scene,421028,6,0.6000000238418579,interior,combined,-1,P10,7.3909377780411045,0.4270248129245791,0.5852586814093637,0.2499199789413194,0.06484493357727605,0.08497167113547027,False,False,P10,self,0.136232878997807,-128.024603514836,0.5852586814093637,-0.07714762095170366,-0.020133372976156232,0.07973147512685792,0.44546617606974626
832,k6_supported_scene,421028,6,0.6000000238418579,interior,combined,-1,P10,7.3909377780411045,0.4270248129245791,0.5852586814093637,0.2499199789413194,0.06484493357727605,0.08497167113547027,False,False,P01,diagonal,0.063880131359037,139.19540158061,0.0,-0.0,0.0,0.0,0.0
832,k6_supported_scene,421028,6,0.6000000238418579,interior,combined,-1,P10,7.3909377780411045,0.4270248129245791,0.5852586814093637,0.2499199789413194,0.06484493357727605,0.08497167113547027,False,False,P11,y_neighbor,0.22114394099010298,-124.185421282005,0.5377195940655521,0.005887623156709584,-0.1187675872052684,0.11891343017925458,0.9674235711125302
835,k6_supported_scene,421028,6,0.6000000238418579,interior,task,0,P10,7.711154897784491,0.4115686204631438,0.4683450484837278,0.19275612550519203,0.04465241709813511,0.060758556446315864,False,False,P00,x_neighbor,0.177287235448698,-24.2139363904075,0.4596719689308175,-0.07298811078736919,-0.03624918276839047,0.08149397258500445,-0.15888904619309974
835,k6_supported_scene,421028,6,0.6000000238418579,interior,task,0,P10,7.711154897784491,0.4115686204631438,0.4683450484837278,0.19275612550519203,0.04465241709813511,0.060758556446315864,False,False,P10,self,0.136232878997807,-128.024603514836,0.4683450484837278,0.03139474120614247,-0.05554565613706746,0.06380399431930575,0.9943785139960358
835,k6_supported_scene,421028,6,0.6000000238418579,interior,task,0,P10,7.711154897784491,0.4115686204631438,0.4683450484837278,0.19275612550519203,0.04465241709813511,0.060758556446315864,False,False,P01,diagonal,0.063880131359037,139.19540158061,0.0,-0.0,0.0,0.0,-0.0
835,k6_supported_scene,421028,6,0.6000000238418579,interior,task,0,P10,7.711154897784491,0.4115686204631438,0.4683450484837278,0.19275612550519203,0.04465241709813511,0.060758556446315864,False,False,P11,y_neighbor,0.22114394099010298,-124.185421282005,0.754555871444988,0.15367385556531532,-0.0650263604948268,0.16686545910856615,0.8525389543255347
838,k6_supported_scene,421028,6,0.6000000238418579,interior,task,1,P11,6.1676702710309605,0.4916052208498754,0.28346817592120555,0.1393544352276556,0.04971392721922474,0.059462248370356074,False,False,P00,diagonal,0.063652560312172,139.228562638808,0.5831345319747925,0.02423965959852616,0.028110234248166267,0.03711800596663567,0.05763229048337868
838,k6_supported_scene,421028,6,0.6000000238418579,interior,task,1,P11,6.1676702710309605,0.4916052208498754,0.28346817592120555,0.1393544352276556,0.04971392721922474,0.059462248370356074,False,False,P10,y_neighbor,0.22114394099010298,-124.185421282005,0.7613145846534766,-0.1293286929083234,0.10779246270568606,0.16836010758351322,0.9972308353085184
838,k6_supported_scene,421028,6,0.6000000238418579,interior,task,1,P11,6.1676702710309605,0.4916052208498754,0.28346817592120555,0.1393544352276556,0.04971392721922474,0.059462248370356074,False,False,P01,x_neighbor,0.177996764958833,-23.879828669598304,0.0,0.0,0.0,0.0,0.0
838,k6_supported_scene,421028,6,0.6000000238418579,interior,task,1,P11,6.1676702710309605,0.4916052208498754,0.28346817592120555,0.1393544352276556,0.04971392721922474,0.059462248370356074,False,False,P11,self,0.13858096432942,-127.72686751526298,0.28346817592120555,0.004973244054925715,-0.03896721655842124,0.039283293175862335,-0.7809592504165814
841,k6_supported_scene,421028,6,0.6000000238418579,interior,task,2,P11,7.159676634612369,0.43854702405757096,0.44936415553092957,0.19706731312623263,0.054965890094643866,0.07041928653918891,False,False,P00,diagonal,0.063652560312172,139.228562638808,0.5523434083254982,-0.009382910335390541,0.03388290170917044,0.035158072111469416,-0.5208536531588298
841,k6_supported_scene,421028,6,0.6000000238418579,interior,task,2,P11,7.159676634612369,0.43854702405757096,0.44936415553092957,0.19706731312623263,0.054965890094643866,0.07041928653918891,False,False,P10,y_neighbor,0.22114394099010298,-124.185421282005,0.7021315097808838,-0.08724320333514875,-0.1284447646564487,0.15527212916627567,0.9878340238346905
841,k6_supported_scene,421028,6,0.6000000238418579,interior,task,2,P11,7.159676634612369,0.43854702405757096,0.44936415553092957,0.19706731312623263,0.054965890094643866,0.07041928653918891,False,False,P01,x_neighbor,0.177996764958833,-23.879828669598304,0.0,0.0,0.0,0.0,-0.0
841,k6_supported_scene,421028,6,0.6000000238418579,interior,task,2,P11,7.159676634612369,0.43854702405757096,0.44936415553092957,0.19706731312623263,0.054965890094643866,0.07041928653918891,False,False,P11,self,0.13858096432942,-127.72686751526298,0.44936415553092957,-0.03810491866189723,-0.04925425169022877,0.06227331800855168,0.9955536859509794
844,k6_supported_scene,421028,6,0.6000000238418579,interior,task,3,P10,6.73498340103043,0.46052247490464654,0.6015352699661743,0.2770205112672573,0.08679835666551847,0.1074848375246352,False,False,P00,x_neighbor,0.177287235448698,-24.2139363904075,0.7377318902594069,-0.029341229264424083,-0.12745679023536102,0.13079044732643252,0.9956683439418444
844,k6_supported_scene,421028,6,0.6000000238418579,interior,task,3,P10,6.73498340103043,0.46052247490464654,0.6015352699661743,0.2770205112672573,0.08679835666551847,0.1074848375246352,False,False,P10,self,0.136232878997807,-128.024603514836,0.6015352699661743,-0.04390992795701662,-0.06919203299423253,0.081948881646215,0.9698685021923529
844,k6_supported_scene,421028,6,0.6000000238418579,interior,task,3,P10,6.73498340103043,0.46052247490464654,0.6015352699661743,0.2770205112672573,0.08679835666551847,0.1074848375246352,False,False,P01,diagonal,0.063880131359037,139.19540158061,0.0,-0.0,0.0,0.0,0.0
844,k6_supported_scene,421028,6,0.6000000238418579,interior,task,3,P10,6.73498340103043,0.46052247490464654,0.6015352699661743,0.2770205112672573,0.08679835666551847,0.1074848375246352,False,False,P11,y_neighbor,0.22114394099010298,-124.185421282005,0.30644246995708607,-0.013725581345394658,-0.0663633639615117,0.06776789549305125,0.9933459433262871
847,k6_supported_scene,421028,6,0.6000000238418579,interior,task,4,P11,7.990584658739563,0.39853894522609634,0.4961058093308185,0.19771748597124328,0.040835054178583186,0.057895871459331644,False,False,P00,diagonal,0.063652560312172,139.228562638808,0.568454599857935,-0.01936337116200568,0.030566519156520443,0.03618359070218881,0.17601618529859522
847,k6_supported_scene,421028,6,0.6000000238418579,interior,task,4,P11,7.990584658739563,0.39853894522609634,0.4961058093308185,0.19771748597124328,0.040835054178583186,0.057895871459331644,False,False,P10,y_neighbor,0.22114394099010298,-124.185421282005,0.6563066568532459,-0.13920480197419757,-0.041074712296138655,0.14513824059456598,0.9949226243270164
847,k6_supported_scene,421028,6,0.6000000238418579,interior,task,4,P11,7.990584658739563,0.39853894522609634,0.4961058093308185,0.19771748597124328,0.040835054178583186,0.057895871459331644,False,False,P01,x_neighbor,0.177996764958833,-23.879828669598304,0.0,0.0,0.0,0.0,-0.0
847,k6_supported_scene,421028,6,0.6000000238418579,interior,task,4,P11,7.990584658739563,0.39853894522609634,0.4961058093308185,0.19771748597124328,0.040835054178583186,0.057895871459331644,False,False,P11,self,0.13858096432942,-127.72686751526298,0.4961058093308185,-0.024472068401856638,-0.06424790518337803,0.0687508214664922,0.6828612101132204
850,k6_supported_scene,421028,6,0.6000000238418579,interior,task,5,P10,9.869490364741146,0.32101511508609915,0.6110876014663624,0.19616835671241267,0.002925489660117103,0.023940470164399597,False,False,P00,x_neighbor,0.177287235448698,-24.2139363904075,0.5570090698988585,0.043925065700850294,-0.08844359350836006,0.09875059812221922,0.7546832634824356
850,k6_supported_scene,421028,6,0.6000000238418579,interior,task,5,P10,9.869490364741146,0.32101511508609915,0.6110876014663624,0.19616835671241267,0.002925489660117103,0.023940470164399597,False,False,P10,self,0.136232878997807,-128.024603514836,0.6110876014663624,-0.08021289018832234,0.02228209868360465,0.08325022326762706,-0.01628957544443984
850,k6_supported_scene,421028,6,0.6000000238418579,interior,task,5,P10,9.869490364741146,0.32101511508609915,0.6110876014663624,0.19616835671241267,0.002925489660117103,0.023940470164399597,False,False,P01,diagonal,0.063880131359037,139.19540158061,0.0,-0.0,0.0,0.0,0.0
850,k6_supported_scene,421028,6,0.6000000238418579,interior,task,5,P10,9.869490364741146,0.32101511508609915,0.6110876014663624,0.19616835671241267,0.002925489660117103,0.023940470164399597,False,False,P11,y_neighbor,0.22114394099010298,-124.185421282005,0.5624169562620533,-0.013131171931742798,-0.12367998369921206,0.12437510218744888,0.9889362234091132
853,k6_supported_scene,421029,6,0.5,corner,combined,-1,P10,3.6972798661794286,0.6533351236005017,0.24364502028750454,0.15918184944418354,0.08213452897753883,0.0905133527975951,False,False,P00,x_neighbor,0.177287235448698,-24.2139363904075,0.5235979483085611,0.023081208279406438,0.08991191780261247,0.09282723274223509,0.8161016840471185
853,k6_supported_scene,421029,6,0.5,corner,combined,-1,P10,3.6972798661794286,0.6533351236005017,0.24364502028750454,0.15918184944418354,0.08213452897753883,0.0905133527975951,False,False,P10,self,0.136232878997807,-128.024603514836,0.24364502028750454,0.009982434651081977,-0.03165581415340465,0.03319246256724583,-0.9982358885382718
853,k6_supported_scene,421029,6,0.5,corner,combined,-1,P10,3.6972798661794286,0.6533351236005017,0.24364502028750454,0.15918184944418354,0.08213452897753883,0.0905133527975951,False,False,P01,diagonal,0.063880131359037,139.19540158061,0.5258267080252039,0.028025487352200524,0.01851626425735927,0.03358987918074002,0.21723001527362698
853,k6_supported_scene,421029,6,0.5,corner,combined,-1,P10,3.6972798661794286,0.6533351236005017,0.24364502028750454,0.15918184944418354,0.08213452897753883,0.0905133527975951,False,False,P11,y_neighbor,0.22114394099010298,-124.185421282005,0.6244906499818705,-0.11789117648642734,0.0719299815689509,0.13810232344846185,0.7911710907217554
856,k6_supported_scene,421029,6,0.5,corner,task,0,P11,5.749845406278418,0.5158313458909831,0.4057513475418091,0.20929926369957141,0.08098942150810351,0.09494299647463282,False,False,P00,diagonal,0.063652560312172,139.228562638808,0.49591831507844325,0.02177027640951011,-0.022858195956449456,0.03156647046044132,0.4344087361268676
856,k6_supported_scene,421029,6,0.5,corner,task,0,P11,5.749845406278418,0.5158313458909831,0.4057513475418091,0.20929926369957141,0.08098942150810351,0.09494299647463282,False,False,P10,y_neighbor,0.22114394099010298,-124.185421282005,0.4959182994332693,-0.042737410010253225,-0.10099938169228719,0.10966932714578315,0.9992037109552271
856,k6_supported_scene,421029,6,0.5,corner,task,0,P11,5.749845406278418,0.5158313458909831,0.4057513475418091,0.20929926369957141,0.08098942150810351,0.09494299647463282,False,False,P01,x_neighbor,0.177996764958833,-23.879828669598304,0.5860852245543051,-0.09731367368540737,-0.03758958784905951,0.10432127396083749,0.6661281416265763
856,k6_supported_scene,421029,6,0.5,corner,task,0,P11,5.749845406278418,0.5158313458909831,0.4057513475418091,0.20929926369957141,0.08098942150810351,0.09494299647463282,False,False,P11,self,0.13858096432942,-127.72686751526298,0.4057513475418091,0.044473905516253825,-0.034406665295251056,0.05622941302030554,0.2936750938378609
859,k6_supported_scene,421029,6,0.5,corner,task,1,P10,2.846156052209747,0.7205965813091236,0.3147195583298513,0.22678583780360814,0.12726277495115335,0.1380858146704141,False,False,P00,x_neighbor,0.177287235448698,-24.2139363904075,0.45777390142549357,0.02587107745608232,0.0769234827465732,0.08115746944429054,0.9504856669142616
859,k6_supported_scene,421029,6,0.5,corner,task,1,P10,2.846156052209747,0.7205965813091236,0.3147195583298513,0.22678583780360814,0.12726277495115335,0.1380858146704141,False,False,P10,self,0.136232878997807,-128.024603514836,0.3147195583298513,0.0052068921960056296,-0.04255780645791976,0.0428751515081939,-0.7233302762807902
859,k6_supported_scene,421029,6,0.5,corner,task,1,P10,2.846156052209747,0.7205965813091236,0.3147195583298513,0.22678583780360814,0.12726277495115335,0.1380858146704141,False,False,P01,diagonal,0.063880131359037,139.19540158061,0.4792320430278778,0.02000528998732907,0.02317259137163737,0.030613405860080507,0.9974281413876097
859,k6_supported_scene,421029,6,0.5,corner,task,1,P10,2.846156052209747,0.7205965813091236,0.3147195583298513,0.22678583780360814,0.12726277495115335,0.1380858146704141,False,False,P11,y_neighbor,0.22114394099010298,-124.185421282005,0.6795081496238708,0.08443214246861885,0.12430614941040678,0.15026911014271538,0.9990413124070361
862,k6_supported_scene,421029,6,0.5,corner,task,2,P00,4.824100105698179,0.5738455190127199,0.31301321768893,0.1796212323625455,0.08063776179903301,0.09140212136308101,False,False,P00,self,0.13840586460662296,-126.940543860558,0.31301321768893,-0.02930502344290533,-0.03190746362851482,0.04332286502753745,0.9920033391651548
862,k6_supported_scene,421029,6,0.5,corner,task,2,P00,4.824100105698179,0.5738455190127199,0.31301321768893,0.1796212323625455,0.08063776179903301,0.09140212136308101,False,False,P10,x_neighbor,0.177287235448698,-24.2139363904075,0.35358901579453145,0.016394691911869905,-0.06050496975781432,0.06268681909523849,0.6364030461193051
862,k6_supported_scene,421029,6,0.5,corner,task,2,P00,4.824100105698179,0.5738455190127199,0.31301321768893,0.1796212323625455,0.08063776179903301,0.09140212136308101,False,False,P01,y_neighbor,0.221120650005401,-124.185373834792,0.6086368532641528,-0.09588433819378836,-0.0944381064533627,0.13458217661101132,0.9844401859748676
862,k6_supported_scene,421029,6,0.5,corner,task,2,P00,4.824100105698179,0.5738455190127199,0.31301321768893,0.1796212323625455,0.08063776179903301,0.09140212136308101,False,False,P11,diagonal,0.0636525603121721,139.228562638808,0.6376195357857439,0.004961274408058873,0.04028173984313056,0.040586115957821245,-0.8805321514307697
865,k6_supported_scene,421029,6,0.5,corner,task,3,P10,6.145672574760727,0.4928518274997489,0.4027937906812027,0.19851765584278205,0.07114307525021149,0.08499494139526118,False,False,P00,x_neighbor,0.177287235448698,-24.2139363904075,0.6928053463024562,-0.07504508109296709,0.09723348290462461,0.12282554455004029,0.9654829947480729
865,k6_supported_scene,421029,6,0.5,corner,task,3,P10,6.145672574760727,0.4928518274997489,0.4027937906812027,0.19851765584278205,0.07114307525021149,0.08499494139526118,False,False,P10,self,0.136232878997807,-128.024603514836,0.4027937906812027,0.04158581478345501,0.03580152647675885,0.05487375774694029,0.3117057019033253
865,k6_supported_scene,421029,6,0.5,corner,task,3,P10,6.145672574760727,0.4928518274997489,0.4027937906812027,0.19851765584278205,0.07114307525021149,0.08499494139526118,False,False,P01,diagonal,0.063880131359037,139.19540158061,0.42696141504057544,0.02229269379627841,-0.0157138805182829,0.027274351278032273,-0.8456620698287046
865,k6_supported_scene,421029,6,0.5,corner,task,3,P10,6.145672574760727,0.4928518274997489,0.4027937906812027,0.19851765584278205,0.07114307525021149,0.08499494139526118,False,False,P11,y_neighbor,0.22114394099010298,-124.185421282005,0.4189055489683669,-0.06500556126990094,0.06600117124312628,0.09263842400148722,0.927175773608803
868,k6_supported_scene,421029,6,0.5,corner,task,4,P01,6.7007594166014774,0.46234059670027466,0.42191365361213684,0.19506781036702833,0.06164699823326031,0.07615638638624138,False,False,P00,y_neighbor,0.221120650005401,-124.185373834792,0.5156722068786621,0.09432486028387027,-0.06406791530667909,0.11402577357472937,0.9549962120257371
868,k6_supported_scene,421029,6,0.5,corner,task,4,P01,6.7007594166014774,0.46234059670027466,0.42191365361213684,0.19506781036702833,0.06164699823326031,0.07615638638624138,False,False,P10,diagonal,0.0638801313590369,139.19540158061,0.42972683296225384,0.004682053486557283,-0.02704877326433798,0.02745100653813168,0.876813709164321
868,k6_supported_scene,421029,6,0.5,corner,task,4,P01,6.7007594166014774,0.46234059670027466,0.42191365361213684,0.19506781036702833,0.06164699823326031,0.07615638638624138,False,False,P01,self,0.138642679019854,-127.753500672212,0.42191365361213684,0.03581462209350641,0.04624938766545438,0.05849523925184135,-0.23660851129073684
868,k6_supported_scene,421029,6,0.5,corner,task,4,P01,6.7007594166014774,0.46234059670027466,0.42191365361213684,0.19506781036702833,0.06164699823326031,0.07615638638624138,False,False,P11,x_neighbor,0.177996764958833,-23.879828669598304,0.6094307767203463,-0.013229058428308411,-0.10766702333804429,0.1084767067225705,0.7001012792365326
871,k6_supported_scene,421029,6,0.5,corner,task,5,P00,6.548664682057598,0.47050773327710627,0.35189795843387317,0.16557071076756305,0.054290805506133244,0.06639239080787941,False,False,P00,self,0.13840586460662296,-126.940543860558,0.35189795843387317,-0.03931059518906709,-0.02875463302321648,0.04870474119034569,-0.48287661814314714
871,k6_supported_scene,421029,6,0.5,corner,task,5,P00,6.548664682057598,0.47050773327710627,0.35189795843387317,0.16557071076756305,0.054290805506133244,0.06639239080787941,False,False,P10,x_neighbor,0.177287235448698,-24.2139363904075,0.48223052494920093,0.07247391394913788,0.04535018173177348,0.08549331661721823,0.41826431143632314
871,k6_supported_scene,421029,6,0.5,corner,task,5,P00,6.548664682057598,0.47050773327710627,0.35189795843387317,0.16557071076756305,0.054290805506133244,0.06639239080787941,False,False,P01,y_neighbor,0.221120650005401,-124.185373834792,0.5473968188166208,-0.03425511193233929,0.11609241206937733,0.1210407403876199,0.9873346972605901
871,k6_supported_scene,421029,6,0.5,corner,task,5,P00,6.548664682057598,0.47050773327710627,0.35189795843387317,0.16557071076756305,0.054290805506133244,0.06639239080787941,False,False,P11,diagonal,0.0636525603121721,139.228562638808,0.5864966251879035,-0.0199779397364944,0.0315366616732359,0.037332011807658425,0.9059936464511453
874,k6_supported_scene,421029,6,0.5,edge,combined,-1,P00,7.438000617943813,0.4247173172555993,0.4104610886677962,0.17432993241679906,0.04453073931054263,0.058646279791844835,False,False,P00,self,0.13840586460662296,-126.940543860558,0.4104610886677962,-0.03443938320295109,0.045181082245641505,0.05681022186444207,0.84891944682072
874,k6_supported_scene,421029,6,0.5,edge,combined,-1,P00,7.438000617943813,0.4247173172555993,0.4104610886677962,0.17432993241679906,0.04453073931054263,0.058646279791844835,False,False,P10,x_neighbor,0.177287235448698,-24.2139363904075,0.48747829750046423,-0.031558572520767304,-0.08045563320377488,0.08642367970509525,0.011164819449595948
874,k6_supported_scene,421029,6,0.5,edge,combined,-1,P00,7.438000617943813,0.4247173172555993,0.4104610886677962,0.17432993241679906,0.04453073931054263,0.058646279791844835,False,False,P01,y_neighbor,0.221120650005401,-124.185373834792,0.5274054984407255,-0.0991385590509459,0.061415210117084625,0.11662024663163571,0.9816273423648153
874,k6_supported_scene,421029,6,0.5,edge,combined,-1,P00,7.438000617943813,0.4247173172555993,0.4104610886677962,0.17432993241679906,0.04453073931054263,0.058646279791844835,False,False,P11,diagonal,0.0636525603121721,139.228562638808,0.5618986246385348,0.002144434928972816,0.03570194140103059,0.03576628609413089,0.2980489146343002
877,k6_supported_scene,421029,6,0.5,edge,task,0,P01,3.507526126648525,0.667765063519244,0.33808908575215885,0.22576407982245347,0.11885092352037313,0.13047762896938458,False,False,P00,y_neighbor,0.221120650005401,-124.185373834792,0.5732814755920291,-0.0237850605531625,0.12451295930387847,0.12676437251896489,0.9975956604059153
877,k6_supported_scene,421029,6,0.5,edge,task,0,P01,3.507526126648525,0.667765063519244,0.33808908575215885,0.22576407982245347,0.11885092352037313,0.13047762896938458,False,False,P10,diagonal,0.0638801313590369,139.19540158061,0.3968872129917145,-0.016567848297448257,-0.01919092293824349,0.025353207300632778,-0.6737186791294084
877,k6_supported_scene,421029,6,0.5,edge,task,0,P01,3.507526126648525,0.667765063519244,0.33808908575215885,0.22576407982245347,0.11885092352037313,0.13047762896938458,False,False,P01,self,0.138642679019854,-127.753500672212,0.33808908575215885,-0.04194749657606307,0.020917449985769592,0.046873576596052444,0.5496670561621348
877,k6_supported_scene,421029,6,0.5,edge,task,0,P01,3.507526126648525,0.667765063519244,0.33808908575215885,0.22576407982245347,0.11885092352037313,0.13047762896938458,False,False,P11,x_neighbor,0.177996764958833,-23.879828669598304,0.6320796448919707,0.05540990613069231,0.09791742473030168,0.11250813198709873,0.8054578702700406
880,k6_supported_scene,421029,6,0.5,edge,task,1,P00,6.020021778827375,0.5000332812018766,0.49632352590560913,0.24817828119626634,0.09122700137753537,0.10829530581653038,False,False,P00,self,0.13840586460662296,-126.940543860558,0.49632352590560913,-0.05490440736197797,0.041284181032998156,0.06869408672757346,0.9693701120152155
880,k6_supported_scene,421029,6,0.5,edge,task,1,P00,6.020021778827375,0.5000332812018766,0.49632352590560913,0.24817828119626634,0.09122700137753537,0.10829530581653038,False,False,P10,x_neighbor,0.177287235448698,-24.2139363904075,0.7037423253059387,-0.11378779541548605,0.05117153398535152,0.12476453132172818,0.9996614449438839
880,k6_supported_scene,421029,6,0.5,edge,task,1,P00,6.020021778827375,0.5000332812018766,0.49632352590560913,0.24817828119626634,0.09122700137753537,0.10829530581653038,False,False,P01,y_neighbor,0.221120650005401,-124.185373834792,0.3481672551612483,-0.07561963384228762,-0.014445223854628618,0.07698696977185154,0.8335233644539174
880,k6_supported_scene,421029,6,0.5,edge,task,1,P00,6.020021778827375,0.5000332812018766,0.49632352590560913,0.24817828119626634,0.09122700137753537,0.10829530581653038,False,False,P11,diagonal,0.0636525603121721,139.228562638808,0.37039071321487427,0.015396352495845667,0.01785483304608272,0.023576317211978226,-0.30982120770263394
883,k6_supported_scene,421029,6,0.5,edge,task,2,P01,3.581131144842264,0.6621302702770318,0.2725221412551537,0.18044515904575037,0.09426609112650795,0.10363798391523381,False,False,P00,y_neighbor,0.221120650005401,-124.185373834792,0.635884996853906,-0.10017699774960821,-0.09866601751903054,0.14060730383301803,0.9977102643866944
883,k6_supported_scene,421029,6,0.5,edge,task,2,P01,3.581131144842264,0.6621302702770318,0.2725221412551537,0.18044515904575037,0.09426609112650795,0.10363798391523381,False,False,P10,diagonal,0.0638801313590369,139.19540158061,0.6661652158322383,0.005226362155579839,0.042232563976940064,0.04255472149418455,-0.7401145604673801
883,k6_supported_scene,421029,6,0.5,edge,task,2,P01,3.581131144842264,0.6621302702770318,0.2725221412551537,0.18044515904575037,0.09426609112650795,0.10363798391523381,False,False,P01,self,0.138642679019854,-127.753500672212,0.2725221412551537,-0.03583143431011562,-0.011986596642487692,0.037783199755841594,0.9259360073657433
883,k6_supported_scene,421029,6,0.5,edge,task,2,P01,3.581131144842264,0.6621302702770318,0.2725221412551537,0.18044515904575037,0.09426609112650795,0.10363798391523381,False,False,P11,x_neighbor,0.177996764958833,-23.879828669598304,0.2785781806555417,-0.0060471627756053525,-0.04921589885871877,0.04958601494480377,0.7395301411432802
886,k6_supported_scene,421029,6,0.5,edge,task,3,P10,7.955846485767561,0.40013604547433246,0.4633631797696985,0.18540831037145938,0.038880007178429155,0.0548148226875253,False,False,P00,x_neighbor,0.177287235448698,-24.2139363904075,0.47227397813320526,-0.0793600490184027,0.02669054851826038,0.08372814795759483,0.9794648258881951
886,k6_supported_scene,421029,6,0.5,edge,task,3,P10,7.955846485767561,0.40013604547433246,0.4633631797696985,0.18540831037145938,0.038880007178429155,0.0548148226875253,False,False,P10,self,0.136232878997807,-128.024603514836,0.4633631797696985,-0.04118511636959309,0.0478392066187937,0.06312530000160442,0.7394303233404288
886,k6_supported_scene,421029,6,0.5,edge,task,3,P10,7.955846485767561,0.40013604547433246,0.4633631797696985,0.18540831037145938,0.038880007178429155,0.0548148226875253,False,False,P01,diagonal,0.063880131359037,139.19540158061,0.534649835183707,0.026933351106319812,0.021001339879511312,0.034153501702622685,-0.7083039069854268
886,k6_supported_scene,421029,6,0.5,edge,task,3,P10,7.955846485767561,0.40013604547433246,0.4633631797696985,0.18540831037145938,0.038880007178429155,0.0548148226875253,False,False,P11,y_neighbor,0.22114394099010298,-124.185421282005,0.5257389567047007,-0.0904311952274795,-0.07307197202361848,0.11626398481770266,0.695949242916072
889,k6_supported_scene,421029,6,0.5,edge,task,4,P11,7.451627993581553,0.42405149662203595,0.556366495392824,0.23592804504168402,0.05998951111699394,0.07912266162742818,False,False,P00,diagonal,0.063652560312172,139.228562638808,0.3901791274547577,0.018808741499761635,-0.016218914698679036,0.024835900442864607,-0.4880808764838486
889,k6_supported_scene,421029,6,0.5,edge,task,4,P11,7.451627993581553,0.42405149662203595,0.556366495392824,0.23592804504168402,0.05998951111699394,0.07912266162742818,False,False,P10,y_neighbor,0.22114394099010298,-124.185421282005,0.56359201421965,-0.11898983118539702,0.03708494456076036,0.12463495913508356,0.7952146964115012
889,k6_supported_scene,421029,6,0.5,edge,task,4,P11,7.451627993581553,0.42405149662203595,0.556366495392824,0.23592804504168402,0.05998951111699394,0.07912266162742818,False,False,P01,x_neighbor,0.177996764958833,-23.879828669598304,0.46966004036875253,-0.054574726767316,-0.0633262932852536,0.08359796781607286,0.8726568934294954
889,k6_supported_scene,421029,6,0.5,edge,task,4,P11,7.451627993581553,0.42405149662203595,0.556366495392824,0.23592804504168402,0.05998951111699394,0.07912266162742818,False,False,P11,self,0.13858096432942,-127.72686751526298,0.556366495392824,-0.06692424442642712,-0.038286210467059684,0.07710180545211734,0.9855291788599465
892,k6_supported_scene,421029,6,0.5,edge,task,5,P10,5.098251505258119,0.5560161736716785,0.3798719993989638,0.21121497559082208,0.09108890184853816,0.10415249967368805,False,False,P00,x_neighbor,0.177287235448698,-24.2139363904075,0.3545471681604376,-0.05629607793312144,-0.02795916209544251,0.06285668727932861,0.840185310922265
892,k6_supported_scene,421029,6,0.5,edge,task,5,P10,5.098251505258119,0.5560161736716785,0.3798719993989638,0.21121497559082208,0.09108890184853816,0.10415249967368805,False,False,P10,self,0.136232878997807,-128.024603514836,0.3798719993989638,-0.042339905499036636,-0.029757422818116656,0.05175105612877405,0.7486127884017889
892,k6_supported_scene,421029,6,0.5,edge,task,5,P10,5.098251505258119,0.5560161736716785,0.3798719993989638,0.21121497559082208,0.09108890184853816,0.10415249967368805,False,False,P01,diagonal,0.063880131359037,139.19540158061,0.4220799537676744,0.024644946916939223,-0.010936371980346863,0.0269625228906953,-0.9537151061426465
892,k6_supported_scene,421029,6,0.5,edge,task,5,P10,5.098251505258119,0.5560161736716785,0.3798719993989638,0.21121497559082208,0.09108890184853816,0.10415249967368805,False,False,P11,y_neighbor,0.22114394099010298,-124.185421282005,0.742860734462738,-0.13589558491736106,0.09230400459688226,0.1642791504258923,0.884937454435829
895,k6_supported_scene,421029,6,0.5,interior,combined,-1,P10,5.970528334083901,0.5028906757351715,0.5659584742019126,0.28461523952944645,0.10564345557427743,0.12510646917993204,False,False,P00,x_neighbor,0.177287235448698,-24.2139363904075,0.60017340589521,0.02101053120516526,-0.10430807181792907,0.10640308392099108,0.9997963152552031
895,k6_supported_scene,421029,6,0.5,interior,combined,-1,P10,5.970528334083901,0.5028906757351715,0.5659584742019126,0.28461523952944645,0.10564345557427743,0.12510646917993204,False,False,P10,self,0.136232878997807,-128.024603514836,0.5659584742019126,-0.030465434483923345,-0.07082795490623661,0.07710215233373263,0.8108683822388311
895,k6_supported_scene,421029,6,0.5,interior,combined,-1,P10,5.970528334083901,0.5028906757351715,0.5659584742019126,0.28461523952944645,0.10564345557427743,0.12510646917993204,False,False,P01,diagonal,0.063880131359037,139.19540158061,0.0,-0.0,0.0,0.0,-0.0
895,k6_supported_scene,421029,6,0.5,interior,combined,-1,P10,5.970528334083901,0.5028906757351715,0.5659584742019126,0.28461523952944645,0.10564345557427743,0.12510646917993204,False,False,P11,y_neighbor,0.22114394099010298,-124.185421282005,0.5652282114267931,0.07127516775105247,-0.10268421996959086,0.12499679423370821,0.9257367876740215
901,k6_supported_scene,421029,6,0.5,interior,task,1,P10,0.9636143979314671,0.8949922612402781,0.2522540548863329,0.22576542698974827,0.1459956907443544,0.15467057472635953,False,False,P00,x_neighbor,0.177287235448698,-24.2139363904075,0.8561350161641633,0.010352720822888913,-0.1514283298299085,0.1517818101865709,0.9988845971692154
901,k6_supported_scene,421029,6,0.5,interior,task,1,P10,0.9636143979314671,0.8949922612402781,0.2522540548863329,0.22576542698974827,0.1459956907443544,0.15467057472635953,False,False,P10,self,0.136232878997807,-128.024603514836,0.2522540548863329,-0.030680840990215574,0.015480942304994087,0.03436529613603596,-0.5503652963663718
901,k6_supported_scene,421029,6,0.5,interior,task,1,P10,0.9636143979314671,0.8949922612402781,0.2522540548863329,0.22576542698974827,0.1459956907443544,0.15467057472635953,False,False,P01,diagonal,0.063880131359037,139.19540158061,0.0,-0.0,0.0,0.0,-0.0
901,k6_supported_scene,421029,6,0.5,interior,task,1,P10,0.9636143979314671,0.8949922612402781,0.2522540548863329,0.22576542698974827,0.1459956907443544,0.15467057472635953,False,False,P11,y_neighbor,0.22114394099010298,-124.185421282005,0.45099968078583785,0.04634535138635064,-0.0883139147623041,0.09973584679425862,0.9331286999400712
904,k6_supported_scene,421029,6,0.5,interior,task,2,P11,8.792154213065366,0.3634061639357309,0.6374387044721069,0.2316491543363704,0.030073336848488647,0.05199451789521914,False,False,P00,diagonal,0.063652560312172,139.228562638808,0.5197577294355128,-0.033074084523603595,0.000806255797505092,0.03308391022061155,0.672232230507486
904,k6_supported_scene,421029,6,0.5,interior,task,2,P11,8.792154213065366,0.3634061639357309,0.6374387044721069,0.2316491543363704,0.030073336848488647,0.05199451789521914,False,False,P10,y_neighbor,0.22114394099010298,-124.185421282005,0.5687915018035409,-0.06013585580517346,-0.1104784744930784,0.12578479431051431,0.9655834802254238
904,k6_supported_scene,421029,6,0.5,interior,task,2,P11,8.792154213065366,0.3634061639357309,0.6374387044721069,0.2316491543363704,0.030073336848488647,0.05199451789521914,False,False,P01,x_neighbor,0.177996764958833,-23.879828669598304,0.0,0.0,0.0,0.0,-0.0
904,k6_supported_scene,421029,6,0.5,interior,task,2,P11,8.792154213065366,0.3634061639357309,0.6374387044721069,0.2316491543363704,0.030073336848488647,0.05199451789521914,False,False,P11,self,0.13858096432942,-127.72686751526298,0.6374387044721069,-0.06664527956576084,-0.05798111225023432,0.08833687036664074,0.9956585937448859
907,k6_supported_scene,421029,6,0.5,interior,task,3,P10,7.7796926063805625,0.4083338370107794,0.6195753348957497,0.25299357381522003,0.057066649782002904,0.07837351896495617,False,False,P00,x_neighbor,0.177287235448698,-24.2139363904075,0.6367857762003958,-0.0033765864520458114,-0.1128434827756449,0.11289398983562149,0.9998727369055552
907,k6_supported_scene,421029,6,0.5,interior,task,3,P10,7.7796926063805625,0.4083338370107794,0.6195753348957497,0.25299357381522003,0.057066649782002904,0.07837351896495617,False,False,P10,self,0.136232878997807,-128.024603514836,0.6195753348957497,-0.06396708715239391,-0.05506972256017724,0.08440653162887841,0.6864967313678456
907,k6_supported_scene,421029,6,0.5,interior,task,3,P10,7.7796926063805625,0.4083338370107794,0.6195753348957497,0.25299357381522003,0.057066649782002904,0.07837351896495617,False,False,P01,diagonal,0.063880131359037,139.19540158061,0.0,-0.0,0.0,0.0,0.0
907,k6_supported_scene,421029,6,0.5,interior,task,3,P10,7.7796926063805625,0.4083338370107794,0.6195753348957497,0.25299357381522003,0.057066649782002904,0.07837351896495617,False,False,P11,y_neighbor,0.22114394099010298,-124.185421282005,0.4589447083057685,0.05574346767174407,-0.08481428350169282,0.1014928414912909,0.8096053075410101
910,k6_supported_scene,421029,6,0.5,interior,task,4,P10,4.1179207948207655,0.6224492675884872,0.44935814988875067,0.2797026512831705,0.13760312740239147,0.1530563173160676,False,False,P00,x_neighbor,0.177287235448698,-24.2139363904075,0.5794355007218746,0.007006764539703253,-0.10248728096740119,0.10272651804381319,0.9838551249976025
910,k6_supported_scene,421029,6,0.5,interior,task,4,P10,4.1179207948207655,0.6224492675884872,0.44935814988875067,0.2797026512831705,0.13760312740239147,0.1530563173160676,False,False,P10,self,0.136232878997807,-128.024603514836,0.44935814988875067,-0.03280154124542307,-0.051687748829523934,0.06121735446047259,0.6868306947836624
910,k6_supported_scene,421029,6,0.5,interior,task,4,P10,4.1179207948207655,0.6224492675884872,0.44935814988875067,0.2797026512831705,0.13760312740239147,0.1530563173160676,False,False,P01,diagonal,0.063880131359037,139.19540158061,0.0,-0.0,0.0,0.0,-0.0
910,k6_supported_scene,421029,6,0.5,interior,task,4,P10,4.1179207948207655,0.6224492675884872,0.44935814988875067,0.2797026512831705,0.13760312740239147,0.1530563173160676,False,False,P11,y_neighbor,0.22114394099010298,-124.185421282005,0.6799498310962054,0.09450560170218905,-0.1169566645199501,0.15036678532416975,0.9083700342548121
913,k6_supported_scene,421029,6,0.5,interior,task,5,P10,8.246890783901971,0.386950543331401,0.6895085489021875,0.26680570762934736,0.04876395956049695,0.07247579511066266,False,False,P00,x_neighbor,0.177287235448698,-24.2139363904075,0.464362885324184,0.07803068354937769,-0.026243453398983083,0.08232561218410536,0.7318950893534174
913,k6_supported_scene,421029,6,0.5,interior,task,5,P10,8.246890783901971,0.386950543331401,0.6895085489021875,0.26680570762934736,0.04876395956049695,0.07247579511066266,False,False,P10,self,0.136232878997807,-128.024603514836,0.6895085489021875,0.03798209780855327,-0.08591220380558619,0.09393373471054521,0.9967702364728894
913,k6_supported_scene,421029,6,0.5,interior,task,5,P10,8.246890783901971,0.386950543331401,0.6895085489021875,0.26680570762934736,0.04876395956049695,0.07247579511066266,False,False,P01,diagonal,0.063880131359037,139.19540158061,0.0,-0.0,0.0,0.0,-0.0
913,k6_supported_scene,421029,6,0.5,interior,task,5,P10,8.246890783901971,0.386950543331401,0.6895085489021875,0.26680570762934736,0.04876395956049695,0.07247579511066266,False,False,P11,y_neighbor,0.22114394099010298,-124.185421282005,0.5558283110249741,0.011118115860051195,-0.12241420572787914,0.12291806321393549,0.9186741348750179
937,k6_supported_scene,421030,6,0.5,edge,combined,-1,P10,4.935759164071777,0.5665158196337062,0.4455991603086117,0.25243897353032435,0.11152814652695323,0.12685206677036792,False,False,P00,x_neighbor,0.177287235448698,-24.2139363904075,0.235303474635255,-0.0008687623221609615,0.04170725532921678,0.04171630250955719,0.5984349393114184
937,k6_supported_scene,421030,6,0.5,edge,combined,-1,P10,4.935759164071777,0.5665158196337062,0.4455991603086117,0.25243897353032435,0.11152814652695323,0.12685206677036792,False,False,P10,self,0.136232878997807,-128.024603514836,0.4455991603086117,0.04979255271172324,0.034725060974829317,0.060705256487847505,0.9985746694527416
937,k6_supported_scene,421030,6,0.5,edge,combined,-1,P10,4.935759164071777,0.5665158196337062,0.4455991603086117,0.25243897353032435,0.11152814652695323,0.12685206677036792,False,False,P01,diagonal,0.063880131359037,139.19540158061,0.3810386142915436,0.011204832832323326,-0.021608473033426213,0.02434079673380924,-0.1829681754644998
937,k6_supported_scene,421030,6,0.5,edge,combined,-1,P10,4.935759164071777,0.5665158196337062,0.4455991603086117,0.25243897353032435,0.11152814652695323,0.12685206677036792,False,False,P11,y_neighbor,0.22114394099010298,-124.185421282005,0.7751665581057798,0.1389283313202058,0.10042358571122045,0.17142338758324582,0.999334704098479
940,k6_supported_scene,421030,6,0.5,edge,task,0,P11,6.5218228464511485,0.47196398311430676,0.5323535139400701,0.2512516848640532,0.08290672241957123,0.10121407915531849,False,False,P00,diagonal,0.063652560312172,139.228562638808,0.4271972885137766,-0.008525274881821358,-0.025821221752374154,0.027192201172319505,-0.919158232444416
940,k6_supported_scene,421030,6,0.5,edge,task,0,P11,6.5218228464511485,0.47196398311430676,0.5323535139400701,0.2512516848640532,0.08290672241957123,0.10121407915531849,False,False,P10,y_neighbor,0.22114394099010298,-124.185421282005,0.5454980623194052,-0.022634631310884917,0.11849108327746552,0.12063359130377807,0.9947219140929796
940,k6_supported_scene,421030,6,0.5,edge,task,0,P11,6.5218228464511485,0.47196398311430676,0.5323535139400701,0.2512516848640532,0.08290672241957123,0.10121407915531849,False,False,P01,x_neighbor,0.177996764958833,-23.879828669598304,0.48634768379538473,0.01892827390427277,0.08447362605141977,0.08656831436079993,0.953427527459961
940,k6_supported_scene,421030,6,0.5,edge,task,0,P11,6.5218228464511485,0.47196398311430676,0.5323535139400701,0.2512516848640532,0.08290672241957123,0.10121407915531849,False,False,P11,self,0.13858096432942,-127.72686751526298,0.5323535139400701,-0.009339757239829237,0.07318047112669696,0.07377406332597025,0.9991604954871506
943,k6_supported_scene,421030,6,0.5,edge,task,1,P01,8.447890667672052,0.37809894591689325,0.5503586942250392,0.20809004216268506,0.03405134177995689,0.05297788717500074,False,False,P00,y_neighbor,0.221120650005401,-124.185373834792,0.3717335217440199,-0.030877841910243675,0.0761778391084936,0.08219795795683453,0.9996938507713842
943,k6_supported_scene,421030,6,0.5,edge,task,1,P01,8.447890667672052,0.37809894591689325,0.5503586942250392,0.20809004216268506,0.03405134177995689,0.05297788717500074,False,False,P10,diagonal,0.0638801313590369,139.19540158061,0.5262201515949695,0.03240099538499508,0.008952349257518566,0.03361501240765896,-0.13981303460743166
943,k6_supported_scene,421030,6,0.5,edge,task,1,P01,8.447890667672052,0.37809894591689325,0.5503586942250392,0.20809004216268506,0.03405134177995689,0.05297788717500074,False,False,P01,self,0.138642679019854,-127.753500672212,0.5503586942250392,0.005327291592923847,0.07611700777608402,0.07630320378922809,0.8871242150939485
943,k6_supported_scene,421030,6,0.5,edge,task,1,P01,8.447890667672052,0.37809894591689325,0.5503586942250392,0.20809004216268506,0.03405134177995689,0.05297788717500074,False,False,P11,x_neighbor,0.177996764958833,-23.879828669598304,0.5310478628766331,-0.08976762652140324,0.029609311913137808,0.09452480163034263,0.6657157178257648
946,k6_supported_scene,421030,6,0.5,edge,task,2,P10,7.303904338715224,0.43132515103503094,0.5092175006866455,0.21963831539334835,0.058609602734532806,0.07612132416970965,False,False,P00,x_neighbor,0.177287235448698,-24.2139363904075,0.611061012402869,0.10456271711600132,0.028332770550644253,0.10833331757938723,0.9600805814699129
946,k6_supported_scene,421030,6,0.5,edge,task,2,P10,7.303904338715224,0.43132515103503094,0.5092175006866455,0.21963831539334835,0.058609602734532806,0.07612132416970965,False,False,P10,self,0.136232878997807,-128.024603514836,0.5092175006866455,0.054647667788911836,-0.0427332404834395,0.06937216615460948,0.799244746493307
946,k6_supported_scene,421030,6,0.5,edge,task,2,P10,7.303904338715224,0.43132515103503094,0.5092175006866455,0.21963831539334835,0.058609602734532806,0.07612132416970965,False,False,P01,diagonal,0.063880131359037,139.19540158061,0.4786644530583448,-0.012402513720815444,-0.027948875499286402,0.03057714813826867,-0.38827090582543977
946,k6_supported_scene,421030,6,0.5,edge,task,2,P10,7.303904338715224,0.43132515103503094,0.5092175006866455,0.21963831539334835,0.058609602734532806,0.07612132416970965,False,False,P11,y_neighbor,0.22114394099010298,-124.185421282005,0.3717287884963068,0.07279123464922468,0.03819936880163642,0.08220556926754977,0.8765401073730084
949,k6_supported_scene,421030,6,0.5,edge,task,3,P10,3.34057499782345,0.6807242938863809,0.3273026645183563,0.2228028751913891,0.11930068477939072,0.130556450887798,False,False,P00,x_neighbor,0.177287235448698,-24.2139363904075,0.5355862121039194,0.002839971893806442,0.0949101185084768,0.09495259888834387,0.8266992784070583
949,k6_supported_scene,421030,6,0.5,edge,task,3,P10,3.34057499782345,0.6807242938863809,0.3273026645183563,0.2228028751913891,0.11930068477939072,0.130556450887798,False,False,P10,self,0.136232878997807,-128.024603514836,0.3273026645183563,0.03512512286578189,-0.027467051809635993,0.04458938429098906,-0.03615219499001852
949,k6_supported_scene,421030,6,0.5,edge,task,3,P10,3.34057499782345,0.6807242938863809,0.3273026645183563,0.2228028751913891,0.11930068477939072,0.130556450887798,False,False,P01,diagonal,0.063880131359037,139.19540158061,0.5504636116181534,0.03464844224346018,0.005997532084213603,0.03516368781853757,0.7165842657198775
949,k6_supported_scene,421030,6,0.5,edge,task,3,P10,3.34057499782345,0.6807242938863809,0.3273026645183563,0.2228028751913891,0.11930068477939072,0.130556450887798,False,False,P11,y_neighbor,0.22114394099010298,-124.185421282005,0.5504635716739869,0.05819812173990803,0.10691857378786311,0.12173168361147349,0.9916883207886994
952,k6_supported_scene,421030,6,0.5,edge,task,4,P01,6.388644923437488,0.47925621533742513,0.48161416173449556,0.23081658040578096,0.07851680995840934,0.09507926711700693,False,False,P00,y_neighbor,0.221120650005401,-124.185373834792,0.29729268513976215,0.046835337481093614,0.046128915845208875,0.06573755177995523,0.9975222422683144
952,k6_supported_scene,421030,6,0.5,edge,task,4,P01,6.388644923437488,0.47925621533742513,0.48161416173449556,0.23081658040578096,0.07851680995840934,0.09507926711700693,False,False,P10,diagonal,0.0638801313590369,139.19540158061,0.3805346469501608,-0.0006064665448893523,-0.024301036799079898,0.024308603233841004,-0.6686120502294088
952,k6_supported_scene,421030,6,0.5,edge,task,4,P01,6.388644923437488,0.47925621533742513,0.48161416173449556,0.23081658040578096,0.07851680995840934,0.09507926711700693,False,False,P01,self,0.138642679019854,-127.753500672212,0.48161416173449556,0.06509443193297035,0.01487454174507627,0.06677227763677172,0.8857265837733561
952,k6_supported_scene,421030,6,0.5,edge,task,4,P01,6.388644923437488,0.47925621533742513,0.48161416173449556,0.23081658040578096,0.07851680995840934,0.09507926711700693,False,False,P11,x_neighbor,0.177996764958833,-23.879828669598304,0.7313400318930532,0.06411135669033666,0.11329415922132946,0.1301761597618532,0.939902930469398
955,k6_supported_scene,421030,6,0.5,edge,task,5,P00,6.141941057616376,0.4930636054774663,0.4119627320979111,0.2031238300105436,0.07284977555702807,0.08701695676436123,False,False,P00,self,0.13840586460662296,-126.940543860558,0.4119627320979111,-0.055216682909643745,0.01421889167366662,0.05701805812171798,0.8389646942205011
955,k6_supported_scene,421030,6,0.5,edge,task,5,P00,6.141941057616376,0.4930636054774663,0.4119627320979111,0.2031238300105436,0.07284977555702807,0.08701695676436123,False,False,P10,x_neighbor,0.177287235448698,-24.2139363904075,0.33349365993670615,-0.04053797467875795,0.043038819338468315,0.05912416900984686,0.41877965318328125
955,k6_supported_scene,421030,6,0.5,edge,task,5,P00,6.141941057616376,0.4930636054774663,0.4119627320979111,0.2031238300105436,0.07284977555702807,0.08701695676436123,False,False,P01,y_neighbor,0.221120650005401,-124.185373834792,0.6375613759368338,-0.10965389829338125,-0.08860482542026277,0.1409779858654905,0.9372142854459214
955,k6_supported_scene,421030,6,0.5,edge,task,5,P00,6.141941057616376,0.4930636054774663,0.4119627320979111,0.2031238300105436,0.07284977555702807,0.08701695676436123,False,False,P11,diagonal,0.0636525603121721,139.228562638808,0.5590922796533384,0.01281350675110718,-0.03320083186830147,0.035587655050703916,-0.04492819106896792
958,k6_supported_scene,421030,6,0.5,interior,combined,-1,P10,3.3079834990082646,0.6832833294333387,0.28254678736464295,0.19305950959120685,0.10371037022765128,0.11342700531199518,False,False,P00,x_neighbor,0.177287235448698,-24.2139363904075,0.4125402397508277,-0.03274380692935705,0.06539898701488668,0.07313811861676732,0.6956050530477708
958,k6_supported_scene,421030,6,0.5,interior,combined,-1,P10,3.3079834990082646,0.6832833294333387,0.28254678736464295,0.19305950959120685,0.10371037022765128,0.11342700531199518,False,False,P10,self,0.136232878997807,-128.024603514836,0.28254678736464295,0.026597644541986418,0.02782466285341643,0.0384921622942665,0.9108280417679603
958,k6_supported_scene,421030,6,0.5,interior,combined,-1,P10,3.3079834990082646,0.6832833294333387,0.28254678736464295,0.19305950959120685,0.10371037022765128,0.11342700531199518,False,False,P01,diagonal,0.063880131359037,139.19540158061,0.7044467607921685,0.04098427897394344,-0.018582317464343107,0.045000151614851845,-0.08821881244020087
958,k6_supported_scene,421030,6,0.5,interior,combined,-1,P10,3.3079834990082646,0.6832833294333387,0.28254678736464295,0.19305950959120685,0.10371037022765128,0.11342700531199518,False,False,P11,y_neighbor,0.22114394099010298,-124.185421282005,0.5037187915184593,0.029061288932041775,0.10753671297463369,0.11139435870716417,0.9973070910369297
961,k6_supported_scene,421030,6,0.5,interior,task,0,P11,4.539910835975324,0.592931411219576,0.4537598311702345,0.2690484570505237,0.12555699933138292,0.1411615607441608,False,False,P00,diagonal,0.063652560312172,139.228562638808,0.33872211006330394,-0.004720335800279426,-0.02103746334452502,0.021560529539870615,-0.6696692044993426
961,k6_supported_scene,421030,6,0.5,interior,task,0,P11,4.539910835975324,0.592931411219576,0.4537598311702345,0.2690484570505237,0.12555699933138292,0.1411615607441608,False,False,P10,y_neighbor,0.22114394099010298,-124.185421282005,0.46015079488646526,-0.055889959220831974,0.08503717161738314,0.10175956023092148,0.9993923819701954
961,k6_supported_scene,421030,6,0.5,interior,task,0,P11,4.539910835975324,0.592931411219576,0.4537598311702345,0.2690484570505237,0.12555699933138292,0.1411615607441608,False,False,P01,x_neighbor,0.177996764958833,-23.879828669598304,0.683835194109646,-0.07493050861364617,0.0959233412211893,0.12172045231651259,0.9989036877315414
961,k6_supported_scene,421030,6,0.5,interior,task,0,P11,4.539910835975324,0.592931411219576,0.4537598311702345,0.2690484570505237,0.12555699933138292,0.1411615607441608,False,False,P11,self,0.13858096432942,-127.72686751526298,0.4537598311702345,-0.019976975665214787,0.05962487821849691,0.0628824749775259,0.957375512952595
964,k6_supported_scene,421030,6,0.5,interior,task,1,P01,8.42473450761011,0.37910828417501946,0.4979151132875761,0.18876374426326342,0.03130916032231246,0.04843219861243231,False,False,P00,y_neighbor,0.221120650005401,-124.185373834792,0.5230623388568232,0.11565654523746388,-0.0008788596128148154,0.11565988436136605,0.9546097087509484
964,k6_supported_scene,421030,6,0.5,interior,task,1,P01,8.42473450761011,0.37910828417501946,0.4979151132875761,0.18876374426326342,0.03130916032231246,0.04843219861243231,False,False,P10,diagonal,0.0638801313590369,139.19540158061,0.5230623254795406,0.0024444546488558306,-0.03332375420241896,0.03341329006059637,-0.21981743967444997
964,k6_supported_scene,421030,6,0.5,interior,task,1,P01,8.42473450761011,0.37910828417501946,0.4979151132875761,0.18876374426326342,0.03130916032231246,0.04843219861243231,False,False,P01,self,0.138642679019854,-127.753500672212,0.4979151132875761,0.06848090078468672,0.00870761918583935,0.06903228523066365,0.985858281661785
964,k6_supported_scene,421030,6,0.5,interior,task,1,P01,8.42473450761011,0.37910828417501946,0.4979151132875761,0.18876374426326342,0.03130916032231246,0.04843219861243231,False,False,P11,x_neighbor,0.177996764958833,-23.879828669598304,0.45265012530198684,-0.005964164999748112,0.08034920786114329,0.08057025796196404,0.2189700015947805
967,k6_supported_scene,421030,6,0.5,interior,task,2,P10,5.739605276047995,0.5164398379725089,0.4166328085918914,0.21516578016322774,0.08341491785289307,0.09774270052921205,False,False,P00,x_neighbor,0.177287235448698,-24.2139363904075,0.6064908583099995,0.07827030837202509,0.07372227067340646,0.10752308759468782,0.9981142031063741
967,k6_supported_scene,421030,6,0.5,interior,task,2,P10,5.739605276047995,0.5164398379725089,0.4166328085918914,0.21516578016322774,0.08341491785289307,0.09774270052921205,False,False,P10,self,0.136232878997807,-128.024603514836,0.4166328085918914,0.05633897850571383,0.006893000648480068,0.05675908699941563,0.840647991310727
967,k6_supported_scene,421030,6,0.5,interior,task,2,P10,5.739605276047995,0.5164398379725089,0.4166328085918914,0.21516578016322774,0.08341491785289307,0.09774270052921205,False,False,P01,diagonal,0.063880131359037,139.19540158061,0.5379309897745065,0.012354042836443497,-0.032065564465828325,0.034363102288892264,-0.32055327287563273
967,k6_supported_scene,421030,6,0.5,interior,task,2,P10,5.739605276047995,0.5164398379725089,0.4166328085918914,0.21516578016322774,0.08341491785289307,0.09774270052921205,False,False,P11,y_neighbor,0.22114394099010298,-124.185421282005,0.41135899418812055,0.01842480440596357,0.08908414815609733,0.09096954913648585,0.7820886481096004
970,k6_supported_scene,421030,6,0.5,interior,task,3,P10,5.868581109404559,0.5088279328585157,0.38462095914510985,0.19570588757586588,0.0740780609021543,0.08730497294975184,False,False,P00,x_neighbor,0.177287235448698,-24.2139363904075,0.5532218958756562,-0.043626416986712824,0.08784225287589748,0.09807918050948256,0.7299812356905743
970,k6_supported_scene,421030,6,0.5,interior,task,3,P10,5.868581109404559,0.5088279328585157,0.38462095914510985,0.19570588757586588,0.0740780609021543,0.08730497294975184,False,False,P10,self,0.136232878997807,-128.024603514836,0.38462095914510985,0.05225226334697047,-0.0039055776242800516,0.05239802058723622,0.21523833642946996
970,k6_supported_scene,421030,6,0.5,interior,task,3,P10,5.868581109404559,0.5088279328585157,0.38462095914510985,0.19570588757586588,0.0740780609021543,0.08730497294975184,False,False,P01,diagonal,0.063880131359037,139.19540158061,0.579565781439246,0.036923530340496225,0.0027085152184456902,0.037022738249541956,0.35673012197437026
970,k6_supported_scene,421030,6,0.5,interior,task,3,P10,5.868581109404559,0.5088279328585157,0.38462095914510985,0.19570588757586588,0.0740780609021543,0.08730497294975184,False,False,P11,y_neighbor,0.22114394099010298,-124.185421282005,0.45838384562120893,0.010702232530285606,0.1008022712112728,0.10136881010687313,0.9827947804854616
973,k6_supported_scene,421030,6,0.5,interior,task,4,P00,2.679823588457571,0.734528786380312,0.341021691569884,0.2504902492381879,0.14264972154976036,0.1543772777670387,False,False,P00,self,0.13840586460662296,-126.940543860558,0.341021691569884,-0.03476254876527714,0.03192724164775306,0.0471994020713429,0.8867521952804784
973,k6_supported_scene,421030,6,0.5,interior,task,4,P00,2.679823588457571,0.734528786380312,0.341021691569884,0.2504902492381879,0.14264972154976036,0.1543772777670387,False,False,P10,x_neighbor,0.177287235448698,-24.2139363904075,0.4975562419775664,-0.08514015917751772,-0.023069954057679053,0.08821037062044619,0.8643227883432136
973,k6_supported_scene,421030,6,0.5,interior,task,4,P00,2.679823588457571,0.734528786380312,0.341021691569884,0.2504902492381879,0.14264972154976036,0.1543772777670387,False,False,P01,y_neighbor,0.221120650005401,-124.185373834792,0.7099959288371305,-0.1445835393068499,0.06117969624511313,0.15699476128565473,0.990504893078398
973,k6_supported_scene,421030,6,0.5,interior,task,4,P00,2.679823588457571,0.734528786380312,0.341021691569884,0.2504902492381879,0.14264972154976036,0.1543772777670387,False,False,P11,diagonal,0.0636525603121721,139.228562638808,0.3633837718474771,0.02256915783551918,-0.005064013972270343,0.023130307453986126,-0.9991322833491793
976,k6_supported_scene,421030,6,0.5,interior,task,5,P11,-0.2367214040789252,1.0276283339508552,0.2111283630955165,0.21696148801761686,0.15019683741312986,0.15745743053219607,False,False,P00,diagonal,0.063652560312172,139.228562638808,0.5314610194876146,0.030214149766788517,0.015215010916245508,0.0338288545965038,-0.9929805519722551
976,k6_supported_scene,421030,6,0.5,interior,task,5,P11,-0.2367214040789252,1.0276283339508552,0.2111283630955165,0.21696148801761686,0.15019683741312986,0.15745743053219607,False,False,P10,y_neighbor,0.22114394099010298,-124.185421282005,0.6989076600963415,-0.12021756024316707,-0.09714053100941124,0.15455919434187632,0.9955318562006911
976,k6_supported_scene,421030,6,0.5,interior,task,5,P11,-0.2367214040789252,1.0276283339508552,0.2111283630955165,0.21696148801761686,0.15019683741312986,0.15745743053219607,False,False,P01,x_neighbor,0.177996764958833,-23.879828669598304,0.4295370116351135,-0.07532454772199745,-0.013105830752815989,0.07645619850113482,0.9160052471108195
976,k6_supported_scene,421030,6,0.5,interior,task,5,P11,-0.2367214040789252,1.0276283339508552,0.2111283630955165,0.21696148801761686,0.15019683741312986,0.15745743053219607,False,False,P11,self,0.13858096432942,-127.72686751526298,0.2111283630955165,-0.015548665292872967,-0.024784901629312583,0.029258372155068605,0.9108504720960114
979,k6_supported_scene,421031,6,0.5,corner,combined,-1,P10,0.6800482243259908,0.9246930399998178,0.15516180167119176,0.1434770380791831,0.09441056816555446,0.09974650073775038,False,False,P00,x_neighbor,0.177287235448698,-24.2139363904075,0.0,0.0,0.0,0.0,-0.0
979,k6_supported_scene,421031,6,0.5,corner,combined,-1,P10,0.6800482243259908,0.9246930399998178,0.15516180167119176,0.1434770380791831,0.09441056816555446,0.09974650073775038,False,False,P10,self,0.136232878997807,-128.024603514836,0.15516180167119176,-0.019742546667161937,0.007553328369366,0.021138138952153194,0.4959519401848839
979,k6_supported_scene,421031,6,0.5,corner,combined,-1,P10,0.6800482243259908,0.9246930399998178,0.15516180167119176,0.1434770380791831,0.09441056816555446,0.09974650073775038,False,False,P01,diagonal,0.063880131359037,139.19540158061,0.6196407312907298,0.00992652263989275,0.03831783874724746,0.039582731310261576,-0.8075233720876626
979,k6_supported_scene,421031,6,0.5,corner,combined,-1,P10,0.6800482243259908,0.9246930399998178,0.15516180167119176,0.1434770380791831,0.09441056816555446,0.09974650073775038,False,False,P11,y_neighbor,0.22114394099010298,-124.185421282005,0.7693959817747082,-0.1011630326840137,-0.136806910515176,0.17014725959160845,0.9694985280045203
982,k6_supported_scene,421031,6,0.5,corner,task,0,P11,1.4163585699397354,0.849536555957653,0.36484963109980123,0.3099530990469453,0.1945775152721877,0.20712450176996405,False,False,P00,diagonal,0.063652560312172,139.228562638808,0.0,-0.0,0.0,0.0,-0.0
982,k6_supported_scene,421031,6,0.5,corner,task,0,P11,1.4163585699397354,0.849536555957653,0.36484963109980123,0.3099530990469453,0.1945775152721877,0.20712450176996405,False,False,P10,y_neighbor,0.22114394099010298,-124.185421282005,0.6662471482369853,0.04169683693251836,-0.14131321214137282,0.14733652003454428,0.9991478879850624
982,k6_supported_scene,421031,6,0.5,corner,task,0,P11,1.4163585699397354,0.849536555957653,0.36484963109980123,0.3099530990469453,0.1945775152721877,0.20712450176996405,False,False,P01,x_neighbor,0.177996764958833,-23.879828669598304,0.6503841277732492,0.008569532438760463,-0.11544865764127471,0.11576627072421061,0.9853217918514459
982,k6_supported_scene,421031,6,0.5,corner,task,0,P11,1.4163585699397354,0.849536555957653,0.36484963109980123,0.3099530990469453,0.1945775152721877,0.20712450176996405,False,False,P11,self,0.13858096432942,-127.72686751526298,0.36484963109980123,0.025107030987341915,-0.043887051930344104,0.05056121371304359,0.9626963704169508
988,k6_supported_scene,421031,6,0.5,corner,task,2,P10,4.205493572443233,0.6162051467642528,0.37671051338147166,0.23213095718586674,0.11300463310418782,0.12595950909164583,False,False,P00,x_neighbor,0.177287235448698,-24.2139363904075,0.0,0.0,0.0,0.0,-0.0
988,k6_supported_scene,421031,6,0.5,corner,task,2,P10,4.205493572443233,0.6162051467642528,0.37671051338147166,0.23213095718586674,0.11300463310418782,0.12595950909164583,False,False,P10,self,0.136232878997807,-128.024603514836,0.37671051338147166,-0.04198753134126114,-0.029509766776806123,0.05132035778669978,0.953896894969546
988,k6_supported_scene,421031,6,0.5,corner,task,2,P10,4.205493572443233,0.6162051467642528,0.37671051338147166,0.23213095718586674,0.11300463310418782,0.12595950909164583,False,False,P01,diagonal,0.063880131359037,139.19540158061,0.5892138816672756,-0.032741693512805994,0.018565569089094867,0.03763906015947366,0.6795781166166671
988,k6_supported_scene,421031,6,0.5,corner,task,2,P10,4.205493572443233,0.6162051467642528,0.37671051338147166,0.23213095718586674,0.11300463310418782,0.12595950909164583,False,False,P11,y_neighbor,0.22114394099010298,-124.185421282005,0.7147840374459623,-0.14649326759710868,-0.059379270071751235,0.15807015899761745,0.9970126343226272
991,k6_supported_scene,421031,6,0.5,corner,task,3,P11,1.7755035016160408,0.8151261481041913,0.3137107495221047,0.255713834876832,0.15650978537998905,0.1672981326961042,False,False,P00,diagonal,0.063652560312172,139.228562638808,0.0,-0.0,0.0,0.0,0.0
991,k6_supported_scene,421031,6,0.5,corner,task,3,P11,1.7755035016160408,0.8151261481041913,0.3137107495221047,0.255713834876832,0.15650978537998905,0.1672981326961042,False,False,P10,y_neighbor,0.22114394099010298,-124.185421282005,0.5646793677210763,-0.12487181480241988,0.0009489896434558068,0.12487542077363838,0.8696461766432317
991,k6_supported_scene,421031,6,0.5,corner,task,3,P11,1.7755035016160408,0.8151261481041913,0.3137107495221047,0.255713834876832,0.15650978537998905,0.1672981326961042,False,False,P01,x_neighbor,0.177996764958833,-23.879828669598304,0.7633628249168396,-0.055005326478175506,-0.12424464669090038,0.13587611332503347,0.7989175164841282
991,k6_supported_scene,421031,6,0.5,corner,task,3,P11,1.7755035016160408,0.8151261481041913,0.3137107495221047,0.255713834876832,0.15650978537998905,0.1672981326961042,False,False,P11,self,0.13858096432942,-127.72686751526298,0.3137107495221047,-0.043456353138561096,-0.001250381098874296,0.04347433818927841,0.8870197280353576
994,k6_supported_scene,421031,6,0.5,corner,task,4,P10,6.9438124588283205,0.4495824783460922,0.43938725990019545,0.1975408132596284,0.05859436164512985,0.0737046579078515,False,False,P00,x_neighbor,0.177287235448698,-24.2139363904075,0.0,0.0,0.0,0.0,0.0
994,k6_supported_scene,421031,6,0.5,corner,task,4,P10,6.9438124588283205,0.4495824783460922,0.43938725990019545,0.1975408132596284,0.05859436164512985,0.0737046579078515,False,False,P10,self,0.136232878997807,-128.024603514836,0.43938725990019545,-0.007269462713851368,0.05941593864118791,0.0598589914111613,0.25795139972988856
994,k6_supported_scene,421031,6,0.5,corner,task,4,P10,6.9438124588283205,0.4495824783460922,0.43938725990019545,0.1975408132596284,0.05859436164512985,0.0737046579078515,False,False,P01,diagonal,0.063880131359037,139.19540158061,0.3975408723263054,-0.017503360398548936,0.01839936215969943,0.02539496314479055,0.7830810493522834
994,k6_supported_scene,421031,6,0.5,corner,task,4,P10,6.9438124588283205,0.4495824783460922,0.43938725990019545,0.1975408132596284,0.05859436164512985,0.0737046579078515,False,False,P11,y_neighbor,0.22114394099010298,-124.185421282005,0.8055433659956844,-0.17085840160224125,-0.05041462891268725,0.17814103459471856,0.9105919285809742
997,k6_supported_scene,421031,6,0.5,corner,task,5,P10,8.763865691603815,0.3645916477707346,0.44998313381533006,0.16406009222677015,0.021762931075092473,0.03723761385656865,False,False,P00,x_neighbor,0.177287235448698,-24.2139363904075,0.0,0.0,0.0,0.0,0.0
997,k6_supported_scene,421031,6,0.5,corner,task,5,P10,8.763865691603815,0.3645916477707346,0.44998313381533006,0.16406009222677015,0.021762931075092473,0.03723761385656865,False,False,P10,self,0.136232878997807,-128.024603514836,0.44998313381533006,0.0611319709334862,-0.004569285367861491,0.06130249782011785,0.4584507245052926
997,k6_supported_scene,421031,6,0.5,corner,task,5,P10,8.763865691603815,0.3645916477707346,0.44998313381533006,0.16406009222677015,0.021762931075092473,0.03723761385656865,False,False,P01,diagonal,0.063880131359037,139.19540158061,0.437821431611244,-0.01256458853425389,0.024986900662391478,0.027968090563127903,-0.9979349212820544
997,k6_supported_scene,421031,6,0.5,corner,task,5,P10,8.763865691603815,0.3645916477707346,0.44998313381533006,0.16406009222677015,0.021762931075092473,0.03723761385656865,False,False,P11,y_neighbor,0.22114394099010298,-124.185421282005,0.7783492568735271,0.015569155026774431,-0.171421649771953,0.1721272221317298,0.952006602513284
1000,k6_supported_scene,421031,6,0.5,edge,combined,-1,P11,7.444513996424719,0.4243989494435157,0.4658675308660681,0.1977136906794039,0.05039344213384689,0.06641438095707966,False,False,P00,diagonal,0.063652560312172,139.228562638808,0.4811085506302474,0.0076626483474369796,0.02964962727761247,0.030623791035693477,-0.9986556733848855
1000,k6_supported_scene,421031,6,0.5,edge,combined,-1,P11,7.444513996424719,0.4243989494435157,0.4658675308660681,0.1977136906794039,0.05039344213384689,0.06641438095707966,False,False,P10,y_neighbor,0.22114394099010298,-124.185421282005,0.5973831909592094,-0.07854615410483229,-0.10622117950368017,0.13210767312996285,0.9065865919617583
1000,k6_supported_scene,421031,6,0.5,edge,combined,-1,P11,7.444513996424719,0.4243989494435157,0.4658675308660681,0.1977136906794039,0.05039344213384689,0.06641438095707966,False,False,P01,x_neighbor,0.177996764958833,-23.879828669598304,0.44117493767205723,0.054248655932148344,-0.056777502871118664,0.07852771168654096,0.5705070124160927
1000,k6_supported_scene,421031,6,0.5,edge,combined,-1,P11,7.444513996424719,0.4243989494435157,0.4658675308660681,0.1977136906794039,0.05039344213384689,0.06641438095707966,False,False,P11,self,0.13858096432942,-127.72686751526298,0.4658675308660681,-0.022847888626619677,-0.060382245539578314,0.06456037167718555,0.9871172724245824
1003,k6_supported_scene,421031,6,0.5,edge,task,0,P01,3.9148794118907135,0.6371710413274183,0.4375320076942444,0.2787827249566177,0.14042295560260487,0.1554694507198851,False,False,P00,y_neighbor,0.221120650005401,-124.185373834792,0.578671375851948,-0.12724106879641184,0.013509151245679196,0.12795619076790246,0.9166187726262324
1003,k6_supported_scene,421031,6,0.5,edge,task,0,P01,3.9148794118907135,0.6371710413274183,0.4375320076942444,0.2787827249566177,0.14042295560260487,0.1554694507198851,False,False,P10,diagonal,0.0638801313590369,139.19540158061,0.32462051479625886,-0.018526412707101904,-0.009315951544949328,0.0207368011270232,0.5545669790053812
1003,k6_supported_scene,421031,6,0.5,edge,task,0,P01,3.9148794118907135,0.6371710413274183,0.4375320076942444,0.2787827249566177,0.14042295560260487,0.1554694507198851,False,False,P01,self,0.138642679019854,-127.753500672212,0.4375320076942444,-0.047961442505243396,0.03714040390782871,0.06066060970366541,0.9899502502512516
1003,k6_supported_scene,421031,6,0.5,edge,task,0,P01,3.9148794118907135,0.6371710413274183,0.4375320076942444,0.2787827249566177,0.14042295560260487,0.1554694507198851,False,False,P11,x_neighbor,0.177996764958833,-23.879828669598304,0.6068992422538866,-0.04861424970998473,0.09646913180030357,0.10802610177715889,0.8326205059104261
1006,k6_supported_scene,421031,6,0.5,edge,task,1,P11,6.244102567499463,0.48729827231998,0.47252951852043396,0.2302628179951995,0.0808358639764706,0.09708590504353931,False,False,P00,diagonal,0.063652560312172,139.228562638808,0.6647449416013994,0.04219753563483443,0.0031199435128519276,0.04231271748749433,0.41602187781168626
1006,k6_supported_scene,421031,6,0.5,edge,task,1,P11,6.244102567499463,0.48729827231998,0.47252951852043396,0.2302628179951995,0.0808358639764706,0.09708590504353931,False,False,P10,y_neighbor,0.22114394099010298,-124.185421282005,0.4324846517057442,0.00865090089669663,-0.0952493134512444,0.09564136029594035,0.9162042657183115
1006,k6_supported_scene,421031,6,0.5,edge,task,1,P11,6.244102567499463,0.48729827231998,0.47252951852043396,0.2302628179951995,0.0808358639764706,0.09708590504353931,False,False,P01,x_neighbor,0.177996764958833,-23.879828669598304,0.3844307981235893,0.05183446572712611,-0.044671047570354935,0.0684274384165411,0.9370815472588716
1006,k6_supported_scene,421031,6,0.5,edge,task,1,P11,6.244102567499463,0.48729827231998,0.47252951852043396,0.2302628179951995,0.0808358639764706,0.09708590504353931,False,False,P11,self,0.13858096432942,-127.72686751526298,0.47252951852043396,0.008290188523356074,-0.0649567099325834,0.06548359635067827,0.9301671419506542
1009,k6_supported_scene,421031,6,0.5,edge,task,2,P01,6.655260721039589,0.46476879769017965,0.42298596306238484,0.1965906774923273,0.06283077133662862,0.0773770356463791,False,False,P00,y_neighbor,0.221120650005401,-124.185373834792,0.4448645578545851,-0.038333569998700745,-0.0905921986659628,0.09836874019717118,0.9987537505341564
1009,k6_supported_scene,421031,6,0.5,edge,task,2,P01,6.655260721039589,0.46476879769017965,0.42298596306238484,0.1965906774923273,0.06283077133662862,0.0773770356463791,False,False,P10,diagonal,0.0638801313590369,139.19540158061,0.5396717631004945,-0.009181195193143718,0.03322925262883775,0.03447430311762263,-0.751936941588952
1009,k6_supported_scene,421031,6,0.5,edge,task,2,P01,6.655260721039589,0.46476879769017965,0.42298596306238484,0.1965906774923273,0.06283077133662862,0.0773770356463791,False,False,P01,self,0.138642679019854,-127.753500672212,0.42298596306238484,-0.05561454088579581,-0.018604587681770368,0.05864390710676204,0.6983235770185405
1009,k6_supported_scene,421031,6,0.5,edge,task,2,P01,6.655260721039589,0.46476879769017965,0.42298596306238484,0.1965906774923273,0.06283077133662862,0.0773770356463791,False,False,P11,x_neighbor,0.177996764958833,-23.879828669598304,0.5761360818003101,0.017578796611431344,-0.10103247986009939,0.10255035873651275,0.8124262984558164
1012,k6_supported_scene,421031,6,0.5,edge,task,3,P10,4.374771692502797,0.6043122743001449,0.2519763047294411,0.15227237378079492,0.07259046984702576,0.08125580214754018,False,False,P00,x_neighbor,0.177287235448698,-24.2139363904075,0.6131423711776733,-0.04458369854468744,-0.09913872760431273,0.10870231592254916,0.9541905901849355
1012,k6_supported_scene,421031,6,0.5,edge,task,3,P10,4.374771692502797,0.6043122743001449,0.2519763047294411,0.15227237378079492,0.07259046984702576,0.08125580214754018,False,False,P10,self,0.136232878997807,-128.024603514836,0.2519763047294411,-0.0343179235823298,-0.0008089837939530796,0.0343274574325205,0.14184814824875672
1012,k6_supported_scene,421031,6,0.5,edge,task,3,P10,4.374771692502797,0.6043122743001449,0.2519763047294411,0.15227237378079492,0.07259046984702576,0.08125580214754018,False,False,P01,diagonal,0.063880131359037,139.19540158061,0.5459486821406897,-0.018646179634220633,0.029472100177479924,0.0348752735304404,-0.775773237234151
1012,k6_supported_scene,421031,6,0.5,edge,task,3,P10,4.374771692502797,0.6043122743001449,0.2519763047294411,0.15227237378079492,0.07259046984702576,0.08125580214754018,False,False,P11,y_neighbor,0.22114394099010298,-124.185421282005,0.5123518475180614,0.07950651299195778,-0.08072421588355164,0.11330350673370441,0.6243025164056274
1015,k6_supported_scene,421031,6,0.5,edge,task,4,P00,2.7145490375478705,0.7315980649662646,0.29228174862901446,0.2138327617219431,0.12140515730549487,0.1314565725763289,False,False,P00,self,0.13840586460662296,-126.940543860558,0.29228174862901446,-0.027364095006182147,-0.02979417097912458,0.040453508127734385,0.5622243191529547
1015,k6_supported_scene,421031,6,0.5,edge,task,4,P00,2.7145490375478705,0.7315980649662646,0.29228174862901446,0.2138327617219431,0.12140515730549487,0.1314565725763289,False,False,P10,x_neighbor,0.177287235448698,-24.2139363904075,0.5922551263561624,0.046704530315316205,-0.09404006803099113,0.10499927403200333,0.9736331920198078
1015,k6_supported_scene,421031,6,0.5,edge,task,4,P00,2.7145490375478705,0.7315980649662646,0.29228174862901446,0.2138327617219431,0.12140515730549487,0.1314565725763289,False,False,P01,y_neighbor,0.221120650005401,-124.185373834792,0.5153388906516373,0.06258659818346864,-0.09522600534056669,0.11395207047395231,0.9391546108499208
1015,k6_supported_scene,421031,6,0.5,edge,task,4,P00,2.7145490375478705,0.7315980649662646,0.29228174862901446,0.2138327617219431,0.12140515730549487,0.1314565725763289,False,False,P11,diagonal,0.0636525603121721,139.228562638808,0.5461054084471756,-0.033008422793341125,0.010898241302846152,0.03476100744798723,-0.5224409881314243
1018,k6_supported_scene,421031,6,0.5,edge,task,5,P11,8.634650462168684,0.37005602278612043,0.5956086637251344,0.22040857323507912,0.03206057608500579,0.05254324407946426,False,False,P00,diagonal,0.063652560312172,139.228562638808,0.357365213049715,-0.01023088331396105,0.02031660957824411,0.022747210777119182,-0.48952226142503724
1018,k6_supported_scene,421031,6,0.5,edge,task,5,P11,8.634650462168684,0.37005602278612043,0.5956086637251344,0.22040857323507912,0.03206057608500579,0.05254324407946426,False,False,P10,y_neighbor,0.22114394099010298,-124.185421282005,0.6353159367657799,0.012708092173961301,-0.13992035693814536,0.14049627003020365,0.7754755681733617
1018,k6_supported_scene,421031,6,0.5,edge,task,5,P11,8.634650462168684,0.37005602278612043,0.5956086637251344,0.22040857323507912,0.03206057608500579,0.05254324407946426,False,False,P01,x_neighbor,0.177996764958833,-23.879828669598304,0.33751159180598816,-0.047343627935185824,-0.036982472103805376,0.06007597147757205,0.9508266230303526
1018,k6_supported_scene,421031,6,0.5,edge,task,5,P11,8.634650462168684,0.37005602278612043,0.5956086637251344,0.22040857323507912,0.03206057608500579,0.05254324407946426,False,False,P11,self,0.13858096432942,-127.72686751526298,0.5956086637251344,-0.078264076578201,-0.026221931874450575,0.08254002298198637,0.7931980028270287
1021,k6_supported_scene,421031,6,0.5,interior,combined,-1,P10,7.807498055390033,0.40702876034571556,0.6813191672924346,0.27731649606281483,0.06186445784547595,0.08529466487878398,False,False,P00,x_neighbor,0.177287235448698,-24.2139363904075,0.5021537023976843,0.023908792984393943,-0.08575487672596539,0.08902544166841368,0.9883769884603518
1021,k6_supported_scene,421031,6,0.5,interior,combined,-1,P10,7.807498055390033,0.40702876034571556,0.6813191672924346,0.27731649606281483,0.06186445784547595,0.08529466487878398,False,False,P10,self,0.136232878997807,-128.024603514836,0.6813191672924346,-0.04128477280377413,-0.0831309928023842,0.09281807167663687,0.8363381556738622
1021,k6_supported_scene,421031,6,0.5,interior,combined,-1,P10,7.807498055390033,0.40702876034571556,0.6813191672924346,0.27731649606281483,0.06186445784547595,0.08529466487878398,False,False,P01,diagonal,0.063880131359037,139.19540158061,0.0,-0.0,0.0,0.0,-0.0
1021,k6_supported_scene,421031,6,0.5,interior,combined,-1,P10,7.807498055390033,0.40702876034571556,0.6813191672924346,0.27731649606281483,0.06186445784547595,0.08529466487878398,False,False,P11,y_neighbor,0.22114394099010298,-124.185421282005,0.532584100946857,0.05037719618013069,-0.10646001968604948,0.11777774699205881,0.9483837660651112
1027,k6_supported_scene,421031,6,0.5,interior,task,1,P10,6.661629196375145,0.4644281551159988,0.5620393998732983,0.26102692158565916,0.08329445775028177,0.10262269645555705,False,False,P00,x_neighbor,0.177287235448698,-24.2139363904075,0.4995905856775808,0.006041247729196272,-0.0883647630714663,0.0885710337909742,0.99456990802302
1027,k6_supported_scene,421031,6,0.5,interior,task,1,P10,6.661629196375145,0.4644281551159988,0.5620393998732983,0.26102692158565916,0.08329445775028177,0.10262269645555705,False,False,P10,self,0.136232878997807,-128.024603514836,0.5620393998732983,-0.05285094320562036,-0.05540283413001311,0.07656824555493912,0.5943415636601852
1027,k6_supported_scene,421031,6,0.5,interior,task,1,P10,6.661629196375145,0.4644281551159988,0.5620393998732983,0.26102692158565916,0.08329445775028177,0.10262269645555705,False,False,P01,diagonal,0.063880131359037,139.19540158061,0.0,-0.0,0.0,0.0,-0.0
1027,k6_supported_scene,421031,6,0.5,interior,task,1,P10,6.661629196375145,0.4644281551159988,0.5620393998732983,0.26102692158565916,0.08329445775028177,0.10262269645555705,False,False,P11,y_neighbor,0.22114394099010298,-124.185421282005,0.6591820210179391,0.09161910036645281,-0.11338444153414354,0.14577410995772797,0.8741548543961538
1030,k6_supported_scene,421031,6,0.5,interior,task,2,P10,7.806410435667633,0.407079730395212,0.5713861169947595,0.23259970645779382,0.051911551147505425,0.07156121852784339,False,False,P00,x_neighbor,0.177287235448698,-24.2139363904075,0.4700111588317365,0.07897980896147688,-0.026562665570838886,0.08332697897931746,0.26537538668165633
1030,k6_supported_scene,421031,6,0.5,interior,task,2,P10,7.806410435667633,0.407079730395212,0.5713861169947595,0.23259970645779382,0.051911551147505425,0.07156121852784339,False,False,P10,self,0.136232878997807,-128.024603514836,0.5713861169947595,-0.020834463188577693,-0.07500157369650486,0.07784157573757386,0.976952807646754
1030,k6_supported_scene,421031,6,0.5,interior,task,2,P10,7.806410435667633,0.407079730395212,0.5713861169947595,0.23259970645779382,0.051911551147505425,0.07156121852784339,False,False,P01,diagonal,0.063880131359037,139.19540158061,0.0,-0.0,0.0,0.0,0.0
1030,k6_supported_scene,421031,6,0.5,interior,task,2,P10,7.806410435667633,0.407079730395212,0.5713861169947595,0.23259970645779382,0.051911551147505425,0.07156121852784339,False,False,P11,y_neighbor,0.22114394099010298,-124.185421282005,0.6727610391742657,-0.07112810208609505,-0.1306728625978923,0.14877702754759417,0.9036289636763004
1033,k6_supported_scene,421031,6,0.5,interior,task,3,P10,8.219257080461691,0.3881835665993628,0.6887440972344022,0.26735914013870854,0.04955913291298972,0.0732446793732501,False,False,P00,x_neighbor,0.177287235448698,-24.2139363904075,0.56401088461195,-0.002990694616537261,-0.09994719560844596,0.09999193049582723,0.9931153957477165
1033,k6_supported_scene,421031,6,0.5,interior,task,3,P10,8.219257080461691,0.3881835665993628,0.6887440972344022,0.26735914013870854,0.04955913291298972,0.0732446793732501,False,False,P10,self,0.136232878997807,-128.024603514836,0.6887440972344022,-0.06476552197094534,-0.06789270476023015,0.09382959125898814,0.8170584904906935
1033,k6_supported_scene,421031,6,0.5,interior,task,3,P10,8.219257080461691,0.3881835665993628,0.6887440972344022,0.26735914013870854,0.04955913291298972,0.0732446793732501,False,False,P01,diagonal,0.063880131359037,139.19540158061,0.0,-0.0,0.0,0.0,0.0
1033,k6_supported_scene,421031,6,0.5,interior,task,3,P10,8.219257080461691,0.3881835665993628,0.6887440972344022,0.26735914013870854,0.04955913291298972,0.0732446793732501,False,False,P11,y_neighbor,0.22114394099010298,-124.185421282005,0.4555472549700279,0.028510255133216707,-0.09662307307985762,0.10074151527129525,0.907186576152085
1036,k6_supported_scene,421031,6,0.5,interior,task,4,P11,4.7090874598737935,0.5814945209513197,0.30658332191382337,0.17827652190794294,0.08132636292111349,0.09186960175871542,False,False,P00,diagonal,0.063652560312172,139.228562638808,0.7074999269894572,-0.003320611665334896,0.04491159166831564,0.04503418177355371,0.2509474137884757
1036,k6_supported_scene,421031,6,0.5,interior,task,4,P11,4.7090874598737935,0.5814945209513197,0.30658332191382337,0.17827652190794294,0.08132636292111349,0.09186960175871542,False,False,P10,y_neighbor,0.22114394099010298,-124.185421282005,0.6367499382225357,-0.1400264003563415,0.014866681594297403,0.14081339076373617,0.9972571678878865
1036,k6_supported_scene,421031,6,0.5,interior,task,4,P11,4.7090874598737935,0.5814945209513197,0.30658332191382337,0.17827652190794294,0.08132636292111349,0.09186960175871542,False,False,P01,x_neighbor,0.177996764958833,-23.879828669598304,0.0,0.0,0.0,0.0,0.0
1036,k6_supported_scene,421031,6,0.5,interior,task,4,P11,4.7090874598737935,0.5814945209513197,0.30658332191382337,0.17827652190794294,0.08132636292111349,0.09186960175871542,False,False,P11,self,0.13858096432942,-127.72686751526298,0.30658332191382337,-0.03205379714627246,-0.02788666924490882,0.042486612398134636,0.6248591188508434
1039,k6_supported_scene,421031,6,0.5,interior,task,5,P10,7.857976758137184,0.40467014228742815,0.6384769594584957,0.258372562031314,0.05646841948853068,0.07842530557696889,False,False,P00,x_neighbor,0.177287235448698,-24.2139363904075,0.4659155892223156,0.08049551098483732,-0.018530493942846928,0.08260088676567554,0.5787096367357409
1039,k6_supported_scene,421031,6,0.5,interior,task,5,P10,7.857976758137184,0.40467014228742815,0.6384769594584957,0.258372562031314,0.05646841948853068,0.07842530557696889,False,False,P10,self,0.136232878997807,-128.024603514836,0.6384769594584957,0.018975028313012954,-0.08488662497437766,0.08698155436079698,0.9854212582082386
1039,k6_supported_scene,421031,6,0.5,interior,task,5,P10,7.857976758137184,0.40467014228742815,0.6384769594584957,0.258372562031314,0.05646841948853068,0.07842530557696889,False,False,P01,diagonal,0.063880131359037,139.19540158061,0.0,-0.0,0.0,0.0,-0.0
1039,k6_supported_scene,421031,6,0.5,interior,task,5,P10,7.857976758137184,0.40467014228742815,0.6384769594584957,0.258372562031314,0.05646841948853068,0.07842530557696889,False,False,P11,y_neighbor,0.22114394099010298,-124.185421282005,0.6125927051676594,-0.0010295032220312278,-0.13546725316882144,0.13547116504256446,0.921651187385488
1042,k6_supported_scene,421032,6,0.5,corner,combined,-1,P11,3.4027681042082274,0.6758675489900745,0.267039459336113,0.18048330486513336,0.09603801320093011,0.10522135944843446,False,False,P00,diagonal,0.063652560312172,139.228562638808,0.0,-0.0,0.0,0.0,0.0
1042,k6_supported_scene,421032,6,0.5,corner,combined,-1,P11,3.4027681042082274,0.6758675489900745,0.267039459336113,0.18048330486513336,0.09603801320093011,0.10522135944843446,False,False,P10,y_neighbor,0.22114394099010298,-124.185421282005,0.9145671396132681,0.15382876293523326,0.13130944837833394,0.20225098155412385,0.9735823295328072
1042,k6_supported_scene,421032,6,0.5,corner,combined,-1,P11,3.4027681042082274,0.6758675489900745,0.267039459336113,0.18048330486513336,0.09603801320093011,0.10522135944843446,False,False,P01,x_neighbor,0.177996764958833,-23.879828669598304,0.3037381677138841,0.041065655994468306,-0.035164932266294024,0.05406441124759482,0.3768876907646602
1042,k6_supported_scene,421032,6,0.5,corner,combined,-1,P11,3.4027681042082274,0.6758675489900745,0.267039459336113,0.18048330486513336,0.09603801320093011,0.10522135944843446,False,False,P11,self,0.13858096432942,-127.72686751526298,0.267039459336113,-0.03449245724934252,-0.013407377992974532,0.037006585788805474,-0.9944415900538611
1048,k6_supported_scene,421032,6,0.5,corner,task,1,P10,8.30142903941969,0.3845285125782742,0.5393540494169731,0.20739701037537764,0.03683828423611302,0.05538638569686147,False,False,P00,x_neighbor,0.177287235448698,-24.2139363904075,0.0,0.0,0.0,0.0,0.0
1048,k6_supported_scene,421032,6,0.5,corner,task,1,P10,8.30142903941969,0.3845285125782742,0.5393540494169731,0.20739701037537764,0.03683828423611302,0.05538638569686147,False,False,P10,self,0.136232878997807,-128.024603514836,0.5393540494169731,0.0734573477966204,0.0017316256393633059,0.07347775495119971,0.9781362753774103
1048,k6_supported_scene,421032,6,0.5,corner,task,1,P10,8.30142903941969,0.3845285125782742,0.5393540494169731,0.20739701037537764,0.03683828423611302,0.05538638569686147,False,False,P01,diagonal,0.063880131359037,139.19540158061,0.6137477185185513,0.0028682594610152587,-0.039101225834716785,0.03920628488027432,0.2562577702848739
1048,k6_supported_scene,421032,6,0.5,corner,task,1,P10,8.30142903941969,0.3845285125782742,0.5393540494169731,0.20739701037537764,0.03683828423611302,0.05538638569686147,False,False,P11,y_neighbor,0.22114394099010298,-124.185421282005,0.5765508784764953,0.12749705167621672,-0.0009689393931464896,0.12750073344759813,0.9841420852007515
1054,k6_supported_scene,421032,6,0.5,corner,task,3,P11,9.768812031782337,0.3247576562011661,0.35516810194455684,0.11534356034493108,0.0030295449065633195,0.015243588719917836,False,False,P00,diagonal,0.063652560312172,139.228562638808,0.0,-0.0,0.0,0.0,0.0
1054,k6_supported_scene,421032,6,0.5,corner,task,3,P11,9.768812031782337,0.3247576562011661,0.35516810194455684,0.11534356034493108,0.0030295449065633195,0.015243588719917836,False,False,P10,y_neighbor,0.22114394099010298,-124.185421282005,0.7882999352704149,0.11161324451302489,0.13391284326846872,0.17432775436794265,0.9571363280365189
1054,k6_supported_scene,421032,6,0.5,corner,task,3,P11,9.768812031782337,0.3247576562011661,0.35516810194455684,0.11534356034493108,0.0030295449065633195,0.015243588719917836,False,False,P01,x_neighbor,0.177996764958833,-23.879828669598304,0.5024329182731558,0.03222440274629066,-0.08342403290378547,0.08943143406144746,-0.21189002123048953
1054,k6_supported_scene,421032,6,0.5,corner,task,3,P11,9.768812031782337,0.3247576562011661,0.35516810194455684,0.11534356034493108,0.0030295449065633195,0.015243588719917836,False,False,P11,self,0.13858096432942,-127.72686751526298,0.35516810194455684,-0.047491609444317746,0.012927101758346058,0.04921953806652643,-0.6615713832927188
1057,k6_supported_scene,421032,6,0.5,corner,task,4,P10,6.5697392264117624,0.4693675257714559,0.4703500327627403,0.22076703112437066,0.07202929101786276,0.08820438071855227,False,False,P00,x_neighbor,0.177287235448698,-24.2139363904075,0.0,0.0,0.0,0.0,-0.0
1057,k6_supported_scene,421032,6,0.5,corner,task,4,P10,6.5697392264117624,0.4693675257714559,0.4703500327627403,0.22076703112437066,0.07202929101786276,0.08820438071855227,False,False,P10,self,0.136232878997807,-128.024603514836,0.4703500327627403,0.03152914185056647,-0.055783447091455066,0.06407713909998096,0.7321787523072676
1057,k6_supported_scene,421032,6,0.5,corner,task,4,P10,6.5697392264117624,0.4693675257714559,0.4703500327627403,0.22076703112437066,0.07202929101786276,0.08820438071855227,False,False,P01,diagonal,0.063880131359037,139.19540158061,0.6143347307172273,-0.01591782129892911,-0.0358705658239261,0.0392437832966351,0.983336378557375
1057,k6_supported_scene,421032,6,0.5,corner,task,4,P10,6.5697392264117624,0.4693675257714559,0.4703500327627403,0.22076703112437066,0.07202929101786276,0.08820438071855227,False,False,P11,y_neighbor,0.22114394099010298,-124.185421282005,0.6335327108155873,-0.06698066177179984,-0.12305339919252757,0.1401019204159022,0.9654490903293216
1060,k6_supported_scene,421032,6,0.5,corner,task,5,P10,8.892850823162266,0.3592174775068022,0.5005255218475207,0.17979751538584224,0.02151744777758874,0.03873025664211366,False,False,P00,x_neighbor,0.177287235448698,-24.2139363904075,0.0,0.0,0.0,0.0,0.0
1060,k6_supported_scene,421032,6,0.5,corner,task,5,P10,8.892850823162266,0.3592174775068022,0.5005255218475207,0.17979751538584224,0.02151744777758874,0.03873025664211366,False,False,P10,self,0.136232878997807,-128.024603514836,0.5005255218475207,0.02460254038343977,0.0635949906129867,0.0681880328531675,0.8815056329494381
1060,k6_supported_scene,421032,6,0.5,corner,task,5,P10,8.892850823162266,0.3592174775068022,0.5005255218475207,0.17979751538584224,0.02151744777758874,0.03873025664211366,False,False,P01,diagonal,0.063880131359037,139.19540158061,0.5895078478347101,-0.025955490420024364,0.02728415908350535,0.03765783875686447,-0.05051417773780667
1060,k6_supported_scene,421032,6,0.5,corner,task,5,P10,8.892850823162266,0.3592174775068022,0.5005255218475207,0.17979751538584224,0.02151744777758874,0.03873025664211366,False,False,P11,y_neighbor,0.22114394099010298,-124.185421282005,0.6339989842000963,0.1377149281067387,0.026306845523572528,0.14020503394973133,0.8672415794272748
1075,k6_supported_scene,421032,6,0.5,edge,task,3,P10,9.08868980414433,0.3512088975285907,0.6347394585609436,0.22292614545908357,0.022203904475619096,0.04403225987826312,False,False,P00,x_neighbor,0.177287235448698,-24.2139363904075,0.7727262465386896,-0.06816347040285867,-0.11883279991206845,0.13699450000749333,0.9984736979396523
1075,k6_supported_scene,421032,6,0.5,edge,task,3,P10,9.08868980414433,0.3512088975285907,0.6347394585609436,0.22292614545908357,0.022203904475619096,0.04403225987826312,False,False,P10,self,0.136232878997807,-128.024603514836,0.6347394585609436,-0.05326697116740383,-0.06811830115260982,0.08647238385326655,0.9961647476421911
1075,k6_supported_scene,421032,6,0.5,edge,task,3,P10,9.08868980414433,0.3512088975285907,0.6347394585609436,0.22292614545908357,0.022203904475619096,0.04403225987826312,False,False,P01,diagonal,0.063880131359037,139.19540158061,0.0,-0.0,0.0,0.0,0.0
1075,k6_supported_scene,421032,6,0.5,edge,task,3,P10,9.08868980414433,0.3512088975285907,0.6347394585609436,0.22292614545908357,0.022203904475619096,0.04403225987826312,False,False,P11,y_neighbor,0.22114394099010298,-124.185421282005,0.0,0.0,-0.0,0.0,0.0
1084,k6_supported_scene,421032,6,0.5,interior,combined,-1,P10,6.912186187390484,0.4512224410099249,0.42480913799388437,0.19168341620892249,0.05734697151757781,0.07195593385220952,False,False,P00,x_neighbor,0.177287235448698,-24.2139363904075,0.5451924867571794,0.06486061816784673,-0.07166183443935296,0.09665566876458123,0.6955737388969103
1084,k6_supported_scene,421032,6,0.5,interior,combined,-1,P10,6.912186187390484,0.4512224410099249,0.42480913799388437,0.19168341620892249,0.05734697151757781,0.07195593385220952,False,False,P10,self,0.136232878997807,-128.024603514836,0.42480913799388437,-0.051794652836461993,-0.02581849750342409,0.057872971893483546,0.5041398705770114
1084,k6_supported_scene,421032,6,0.5,interior,combined,-1,P10,6.912186187390484,0.4512224410099249,0.42480913799388437,0.19168341620892249,0.05734697151757781,0.07195593385220952,False,False,P01,diagonal,0.063880131359037,139.19540158061,0.5276299632961315,-0.030009219570269214,0.015345311220608275,0.03370507136432076,-0.39561048604775756
1084,k6_supported_scene,421032,6,0.5,interior,combined,-1,P10,6.912186187390484,0.4512224410099249,0.42480913799388437,0.19168341620892249,0.05734697151757781,0.07195593385220952,False,False,P11,y_neighbor,0.22114394099010298,-124.185421282005,0.4938714275761188,0.004309668325883448,-0.10913161138207944,0.10921667383659116,0.9944477760574219
1087,k6_supported_scene,421032,6,0.5,interior,task,0,P11,5.748655631200261,0.5159020082342359,0.39030920246549095,0.20136130138424976,0.07793469423277387,0.0913572219698316,False,False,P00,diagonal,0.063652560312172,139.228562638808,0.3633913571220846,0.011397677734590796,0.020127752012010156,0.023130790276135522,0.8478693369007192
1087,k6_supported_scene,421032,6,0.5,interior,task,0,P11,5.748655631200261,0.5159020082342359,0.39030920246549095,0.20136130138424976,0.07793469423277387,0.0913572219698316,False,False,P10,y_neighbor,0.22114394099010298,-124.185421282005,0.7469710639625627,-0.09072717820057002,0.13804236936723202,0.16518812489025145,0.8588106695388811
1087,k6_supported_scene,421032,6,0.5,interior,task,0,P11,5.748655631200261,0.5159020082342359,0.39030920246549095,0.20136130138424976,0.07793469423277387,0.0913572219698316,False,False,P01,x_neighbor,0.177996764958833,-23.879828669598304,0.39703866935575033,0.022137443074736318,0.06711489013760094,0.0706715987088833,0.9351184275442498
1087,k6_supported_scene,421032,6,0.5,interior,task,0,P11,5.748655631200261,0.5159020082342359,0.39030920246549095,0.20136130138424976,0.07793469423277387,0.0913572219698316,False,False,P11,self,0.13858096432942,-127.72686751526298,0.39030920246549095,0.04841622598834008,-0.024115037419448343,0.054089425664314565,-0.48442416425974577
1090,k6_supported_scene,421032,6,0.5,interior,task,1,P01,3.1397165805200893,0.6966492453166399,0.31177434532308285,0.21719736237841505,0.11860565765553438,0.12932741305194242,False,False,P00,y_neighbor,0.221120650005401,-124.185373834792,0.560039075957736,-0.048258051551277645,-0.11404633271824202,0.12383620450419874,0.972576647190377
1090,k6_supported_scene,421032,6,0.5,interior,task,1,P01,3.1397165805200893,0.6966492453166399,0.31177434532308285,0.21719736237841505,0.11860565765553438,0.12932741305194242,False,False,P10,diagonal,0.0638801313590369,139.19540158061,0.5484918818997704,-0.03418326008653742,0.007690740941490332,0.035037733465122685,-0.0557063648107572
1090,k6_supported_scene,421032,6,0.5,interior,task,1,P01,3.1397165805200893,0.6966492453166399,0.31177434532308285,0.21719736237841505,0.11860565765553438,0.12932741305194242,False,False,P01,self,0.138642679019854,-127.753500672212,0.31177434532308285,-0.01928936699166485,-0.03868256547288638,0.04322523048525329,0.9562164535048671
1090,k6_supported_scene,421032,6,0.5,interior,task,1,P01,3.1397165805200893,0.6966492453166399,0.31177434532308285,0.21719736237841505,0.11860565765553438,0.12932741305194242,False,False,P11,x_neighbor,0.177996764958833,-23.879828669598304,0.5369447149814635,0.06593435213744038,-0.06918909879826976,0.09557442222844312,0.6003312249150607
1093,k6_supported_scene,421032,6,0.5,interior,task,2,P11,4.39956911746983,0.602589478100364,0.3490057461443873,0.21030719042317447,0.09994188299289523,0.11194400663851886,False,False,P00,diagonal,0.063652560312172,139.228562638808,0.47886831992179635,0.01234746589156037,0.02786832092608542,0.030481194615410618,-0.5450988525735131
1093,k6_supported_scene,421032,6,0.5,interior,task,2,P11,4.39956911746983,0.602589478100364,0.3490057461443873,0.21030719042317447,0.09994188299289523,0.11194400663851886,False,False,P10,y_neighbor,0.22114394099010298,-124.185421282005,0.5275667953619454,-0.02362975722078678,-0.11425017954483967,0.11666820026185981,0.7100924076066695
1093,k6_supported_scene,421032,6,0.5,interior,task,2,P11,4.39956911746983,0.602589478100364,0.3490057461443873,0.21030719042317447,0.09994188299289523,0.11194400663851886,False,False,P01,x_neighbor,0.177996764958833,-23.879828669598304,0.6087309405859822,0.09430040358962245,-0.053363093290393133,0.1083521381546524,0.8876303688420922
1093,k6_supported_scene,421032,6,0.5,interior,task,2,P11,4.39956911746983,0.602589478100364,0.3490057461443873,0.21030719042317447,0.09994188299289523,0.11194400663851886,False,False,P11,self,0.13858096432942,-127.72686751526298,0.3490057461443873,0.03174539291818444,-0.03648913169222437,0.048365552857197944,0.9903867573768762
1096,k6_supported_scene,421032,6,0.5,interior,task,3,P00,4.735193692525998,0.5797494100490228,0.4300505553491288,0.24932155575491205,0.11332762936255653,0.12811684127723366,False,False,P00,self,0.13840586460662296,-126.940543860558,0.4300505553491288,-0.05125410025329298,-0.030262657250660588,0.05952151893765454,0.7797298816283745
1096,k6_supported_scene,421032,6,0.5,interior,task,3,P00,4.735193692525998,0.5797494100490228,0.4300505553491288,0.24932155575491205,0.11332762936255653,0.12811684127723366,False,False,P10,x_neighbor,0.177287235448698,-24.2139363904075,0.6107964390347032,-0.0032387770559503468,-0.10823796639035788,0.10828641209837175,0.9457316921861523
1096,k6_supported_scene,421032,6,0.5,interior,task,3,P00,4.735193692525998,0.5797494100490228,0.4300505553491288,0.24932155575491205,0.11332762936255653,0.12811684127723366,False,False,P01,y_neighbor,0.221120650005401,-124.185373834792,0.4175853320527907,-0.000701632689932237,-0.09233407429427665,0.09233674005623428,0.9382455685001532
1096,k6_supported_scene,421032,6,0.5,interior,task,3,P00,4.735193692525998,0.5797494100490228,0.4300505553491288,0.24932155575491205,0.11332762936255653,0.12811684127723366,False,False,P11,diagonal,0.0636525603121721,139.228562638808,0.517307173315378,-0.03283829107077363,-0.0024279525251428985,0.03292792604937637,0.42111428142932555
1099,k6_supported_scene,421032,6,0.5,interior,task,4,P00,7.4157369865064195,0.4258073470669745,0.5001665012058756,0.21297457097024458,0.05480803565745246,0.07200849799135442,False,False,P00,self,0.13840586460662296,-126.940543860558,0.5001665012058756,-0.023751078775234954,-0.06502401214227319,0.06922597704666873,0.9843189668402388
1099,k6_supported_scene,421032,6,0.5,interior,task,4,P00,7.4157369865064195,0.4258073470669745,0.5001665012058756,0.21297457097024458,0.05480803565745246,0.07200849799135442,False,False,P10,x_neighbor,0.177287235448698,-24.2139363904075,0.389510178086234,0.04219196983417953,-0.054666771741324525,0.06905518265203846,0.6747327970881459
1099,k6_supported_scene,421032,6,0.5,interior,task,4,P00,7.4157369865064195,0.4258073470669745,0.5001665012058756,0.21297457097024458,0.05480803565745246,0.07200849799135442,False,False,P01,y_neighbor,0.221120650005401,-124.185373834792,0.5621340028981049,-0.0369850150489848,-0.11866953475652761,0.12429943611096692,0.991660280669453
1099,k6_supported_scene,421032,6,0.5,interior,task,4,P00,7.4157369865064195,0.4258073470669745,0.5001665012058756,0.21297457097024458,0.05480803565745246,0.07200849799135442,False,False,P11,diagonal,0.0636525603121721,139.228562638808,0.5311502969933461,-0.018092667226151785,0.02856062033400073,0.03380907631419709,-0.7401113608486835
1102,k6_supported_scene,421032,6,0.5,interior,task,5,P10,6.079828858442796,0.4966021061038382,0.4736194285777176,0.23520040572339093,0.08542879188208796,0.10171631438152459,False,False,P00,x_neighbor,0.177287235448698,-24.2139363904075,0.3976064223878166,0.0048080170118968805,-0.07032637971850697,0.0704905434217833,0.8021697415986638
1102,k6_supported_scene,421032,6,0.5,interior,task,5,P10,6.079828858442796,0.4966021061038382,0.4736194285777176,0.23520040572339093,0.08542879188208796,0.10171631438152459,False,False,P10,self,0.136232878997807,-128.024603514836,0.4736194285777176,0.02608968354962057,-0.05901259493979584,0.0645225383044387,0.9577077207420494
1102,k6_supported_scene,421032,6,0.5,interior,task,5,P10,6.079828858442796,0.4966021061038382,0.4736194285777176,0.23520040572339093,0.08542879188208796,0.10171631438152459,False,False,P01,diagonal,0.063880131359037,139.19540158061,0.46777227181497916,0.0065589230468024555,0.02915263033550392,0.029881354169656028,-0.5982845228200525
1102,k6_supported_scene,421032,6,0.5,interior,task,5,P10,6.079828858442796,0.4966021061038382,0.4736194285777176,0.23520040572339093,0.08542879188208796,0.10171631438152459,False,False,P11,y_neighbor,0.22114394099010298,-124.185421282005,0.631492555141449,0.11552239359369543,-0.07846597485709086,0.13965075234988997,0.9648271926855099
1105,k6_supported_scene,421033,6,0.5,corner,combined,-1,P10,-2.426911693807349,1.32234745797125,0.14923520024556358,0.19734078768455143,0.1501484736998214,0.1552805935729585,False,False,P00,x_neighbor,0.177287235448698,-24.2139363904075,0.30160457543666985,0.05322581044214805,-0.005111026524553083,0.05347064137784548,0.31719637706597403
1105,k6_supported_scene,421033,6,0.5,corner,combined,-1,P10,-2.426911693807349,1.32234745797125,0.14923520024556358,0.19734078768455143,0.1501484736998214,0.1552805935729585,False,False,P10,self,0.136232878997807,-128.024603514836,0.14923520024556358,-0.011000672751008385,0.017097491854361557,0.02033074097726736,0.5484966316327664
1105,k6_supported_scene,421033,6,0.5,corner,combined,-1,P10,-2.426911693807349,1.32234745797125,0.14923520024556358,0.19734078768455143,0.1501484736998214,0.1552805935729585,False,False,P01,diagonal,0.063880131359037,139.19540158061,0.36720999062008114,-0.017948754543354952,-0.015102744046624247,0.02345742243716153,-0.8992295649315445
1105,k6_supported_scene,421033,6,0.5,corner,combined,-1,P10,-2.426911693807349,1.32234745797125,0.14923520024556358,0.19734078768455143,0.1501484736998214,0.1552805935729585,False,False,P11,y_neighbor,0.22114394099010298,-124.185421282005,0.8671334080921604,0.05592165104373694,0.18342618359110363,0.19176129922967966,0.9924961895471074
1108,k6_supported_scene,421033,6,0.5,corner,task,0,P10,-0.902657848442223,1.1095142703746432,0.12916314770726395,0.14330835558771723,0.10246338193654629,0.10690523450306302,False,False,P00,x_neighbor,0.177287235448698,-24.2139363904075,0.2384550557315951,0.02778441037899465,0.031862287186726956,0.042275037609419704,0.9678144850965338
1108,k6_supported_scene,421033,6,0.5,corner,task,0,P10,-0.902657848442223,1.1095142703746432,0.12916314770726395,0.14330835558771723,0.10246338193654629,0.10690523450306302,False,False,P10,self,0.136232878997807,-128.024603514836,0.12916314770726395,-0.017591380410262564,-0.00041468569783878646,0.01759626747257956,-0.46736346249596195
1108,k6_supported_scene,421033,6,0.5,corner,task,0,P10,-0.902657848442223,1.1095142703746432,0.12916314770726395,0.14330835558771723,0.10246338193654629,0.10690523450306302,False,False,P01,diagonal,0.063880131359037,139.19540158061,0.6756226433266149,-0.005300561893837114,-0.042832131825815495,0.043158863204843974,-0.9428842344361499
1108,k6_supported_scene,421033,6,0.5,corner,task,0,P10,-0.902657848442223,1.1095142703746432,0.12916314770726395,0.14330835558771723,0.10246338193654629,0.10690523450306302,False,False,P11,y_neighbor,0.22114394099010298,-124.185421282005,0.6855582653621805,0.05908026325677844,0.1396217106990249,0.1516070565805314,0.9980513402815742
1111,k6_supported_scene,421033,6,0.5,corner,task,1,P01,5.439024797620952,0.5346243806178981,0.31253967315749726,0.1670913291803473,0.06825760654611926,0.07900568116334117,False,False,P00,y_neighbor,0.221120650005401,-124.185373834792,0.4814800754457577,0.0008089920706166806,0.10646211357762125,0.10646518724721546,0.9612780341047769
1111,k6_supported_scene,421033,6,0.5,corner,task,1,P01,5.439024797620952,0.5346243806178981,0.31253967315749726,0.1670913291803473,0.06825760654611926,0.07900568116334117,False,False,P10,diagonal,0.0638801313590369,139.19540158061,0.5997382957821943,0.008409299585578626,0.03737705273307108,0.0383113611156115,0.8809664958890391
1111,k6_supported_scene,421033,6,0.5,corner,task,1,P01,5.439024797620952,0.5346243806178981,0.31253967315749726,0.1670913291803473,0.06825760654611926,0.07900568116334117,False,False,P01,self,0.138642679019854,-127.753500672212,0.31253967315749726,0.036695467462853716,-0.023044467551275066,0.04333133758654497,-0.7395104395292716
1111,k6_supported_scene,421033,6,0.5,corner,task,1,P01,5.439024797620952,0.5346243806178981,0.31253967315749726,0.1670913291803473,0.06825760654611926,0.07900568116334117,False,False,P11,x_neighbor,0.177996764958833,-23.879828669598304,0.5575032234191895,-0.09073901526485939,0.04017178439380835,0.09923377022273722,0.6352840780966288
1114,k6_supported_scene,421033,6,0.5,corner,task,2,P01,-0.722977884952909,1.0867981594544518,0.22712588090754454,0.2468399893347904,0.1750164794107912,0.18282721873496774,False,False,P00,y_neighbor,0.221120650005401,-124.185373834792,0.6694236631678555,0.055605317633074434,-0.13718226661913274,0.14802339552867283,0.9916897344386442
1114,k6_supported_scene,421033,6,0.5,corner,task,2,P01,-0.722977884952909,1.0867981594544518,0.22712588090754454,0.2468399893347904,0.1750164794107912,0.18282721873496774,False,False,P10,diagonal,0.0638801313590369,139.19540158061,0.3586198113157083,0.006101039463221021,-0.02208132620138223,0.02290868065480048,0.9999091090868122
1114,k6_supported_scene,421033,6,0.5,corner,task,2,P01,-0.722977884952909,1.0867981594544518,0.22712588090754454,0.2468399893347904,0.1750164794107912,0.18282721873496774,False,False,P01,self,0.138642679019854,-127.753500672212,0.22712588090754454,0.014052196453127212,0.028180034536932755,0.031489340603766285,-0.7526861960727105
1114,k6_supported_scene,421033,6,0.5,corner,task,2,P01,-0.722977884952909,1.0867981594544518,0.22712588090754454,0.2468399893347904,0.1750164794107912,0.18282721873496774,False,False,P11,x_neighbor,0.177996764958833,-23.879828669598304,0.609653702028688,-0.01323389679326267,-0.10770640723491233,0.10851638670628276,0.9292762514954523
1117,k6_supported_scene,421033,6,0.5,corner,task,3,P00,5.804935924774409,0.5125700233845173,0.4984463870207353,0.25548867625114646,0.09786608880441514,0.11500739731817883,False,False,P00,self,0.13840586460662296,-126.940543860558,0.4984463870207353,0.06510708525176757,0.022812238641411946,0.06898790315565229,0.9991710709879044
1117,k6_supported_scene,421033,6,0.5,corner,task,3,P00,5.804935924774409,0.5125700233845173,0.4984463870207353,0.25548867625114646,0.09786608880441514,0.11500739731817883,False,False,P10,x_neighbor,0.177287235448698,-24.2139363904075,0.46628856280503406,0.0815246772664828,0.013695312171804846,0.08266701022105108,0.9777596307633402
1117,k6_supported_scene,421033,6,0.5,corner,task,3,P00,5.804935924774409,0.5125700233845173,0.4984463870207353,0.25548867625114646,0.09786608880441514,0.11500739731817883,False,False,P01,y_neighbor,0.221120650005401,-124.185373834792,0.5627620416382414,0.08865724462400945,0.08732001823427807,0.12443830844541447,0.9210351821879432
1117,k6_supported_scene,421033,6,0.5,corner,task,3,P00,5.804935924774409,0.5125700233845173,0.4984463870207353,0.25548867625114646,0.09786608880441514,0.11500739731817883,False,False,P11,diagonal,0.0636525603121721,139.228562638808,0.46628858178033483,0.002188499595555886,-0.029599667202267428,0.029680462074649954,-0.29927318139393383
1120,k6_supported_scene,421033,6,0.5,corner,task,4,P01,4.853903203754873,0.5718799095463613,0.3622574805741226,0.207167775223222,0.09261190141837913,0.10506974522592484,False,False,P00,y_neighbor,0.221120650005401,-124.185373834792,0.543386186787878,-0.11135392163590754,-0.045136077166424635,0.12015390682649182,0.9990603633316735
1120,k6_supported_scene,421033,6,0.5,corner,task,4,P01,4.853903203754873,0.5718799095463613,0.3622574805741226,0.207167775223222,0.09261190141837913,0.10506974522592484,False,False,P10,diagonal,0.0638801313590369,139.19540158061,0.6037624136098958,0.03846507249274704,0.00282159461092912,0.03856842229104931,-0.9641638490240586
1120,k6_supported_scene,421033,6,0.5,corner,task,4,P01,4.853903203754873,0.5718799095463613,0.3622574805741226,0.207167775223222,0.09261190141837913,0.10506974522592484,False,False,P01,self,0.138642679019854,-127.753500672212,0.3622574805741226,-0.040953728667723274,-0.029073651305517714,0.050224347601779074,0.962261355986007
1120,k6_supported_scene,421033,6,0.5,corner,task,4,P01,4.853903203754873,0.5718799095463613,0.3622574805741226,0.207167775223222,0.09261190141837913,0.10506974522592484,False,False,P11,x_neighbor,0.177996764958833,-23.879828669598304,0.45713442991357145,-0.08134485519815637,0.001959371188177822,0.0813684496759161,0.933827538513864
1123,k6_supported_scene,421033,6,0.5,corner,task,5,P10,5.707150916870322,0.5183730971437024,0.2979603580833634,0.15445463364571965,0.06023129524744056,0.07047799490416005,False,False,P00,x_neighbor,0.177287235448698,-24.2139363904075,0.4543895627683905,0.07850417738752669,-0.018072078154758985,0.08055746939995058,0.6777794777595786
1123,k6_supported_scene,421033,6,0.5,corner,task,5,P10,5.707150916870322,0.5183730971437024,0.2979603580833634,0.15445463364571965,0.06023129524744056,0.07047799490416005,False,False,P10,self,0.136232878997807,-128.024603514836,0.2979603580833634,0.029371336541518463,-0.028018473252662265,0.040591997408914095,0.20765046786172434
1123,k6_supported_scene,421033,6,0.5,corner,task,5,P10,5.707150916870322,0.5183730971437024,0.2979603580833634,0.15445463364571965,0.06023129524744056,0.07047799490416005,False,False,P01,diagonal,0.063880131359037,139.19540158061,0.5512266982354072,-0.03494586061945939,0.004324618613908478,0.03521243389188606,-0.7498767699773062
1123,k6_supported_scene,421033,6,0.5,corner,task,5,P10,5.707150916870322,0.5183730971437024,0.2979603580833634,0.15445463364571965,0.06023129524744056,0.07047799490416005,False,False,P11,y_neighbor,0.22114394099010298,-124.185421282005,0.6331657966466198,0.054565169825530446,0.12895138988573032,0.14002077957057163,0.8415213327910691
1126,k6_supported_scene,421033,6,0.5,edge,combined,-1,P01,8.21731162699363,0.38827052115177096,0.5480396818000257,0.2127876528643467,0.039482288600145854,0.05832908438026721,False,False,P00,y_neighbor,0.221120650005401,-124.185373834792,0.7143640975995366,-0.007084385411188013,-0.15780170965370394,0.15796065360173125,0.9898534699257485
1126,k6_supported_scene,421033,6,0.5,edge,combined,-1,P01,8.21731162699363,0.38827052115177096,0.5480396818000257,0.2127876528643467,0.039482288600145854,0.05832908438026721,False,False,P10,diagonal,0.0638801313590369,139.19540158061,0.0,-0.0,0.0,0.0,0.0
1126,k6_supported_scene,421033,6,0.5,edge,combined,-1,P01,8.21731162699363,0.38827052115177096,0.5480396818000257,0.2127876528643467,0.039482288600145854,0.05832908438026721,False,False,P01,self,0.138642679019854,-127.753500672212,0.5480396818000257,0.044159255975315025,-0.061831846814189385,0.07598168969394388,0.6912202597944298
1126,k6_supported_scene,421033,6,0.5,edge,combined,-1,P01,8.21731162699363,0.38827052115177096,0.5480396818000257,0.2127876528643467,0.039482288600145854,0.05832908438026721,False,False,P11,x_neighbor,0.177996764958833,-23.879828669598304,0.43512809466871066,-0.07672634153455472,0.010572928750957913,0.07745139319373132,0.05047899506838905
1132,k6_supported_scene,421033,6,0.5,edge,task,1,P00,6.321214021243921,0.482991289937886,0.34099104689997256,0.1646957055994879,0.05686486860656677,0.06859137096979995,False,False,P00,self,0.13840586460662296,-126.940543860558,0.34099104689997256,0.045855447178803965,0.011165175978628258,0.04719516066930823,0.7713849125358063
1132,k6_supported_scene,421033,6,0.5,edge,task,1,P00,6.321214021243921,0.482991289937886,0.34099104689997256,0.1646957055994879,0.05686486860656677,0.06859137096979995,False,False,P10,x_neighbor,0.177287235448698,-24.2139363904075,0.0,0.0,0.0,0.0,0.0
1132,k6_supported_scene,421033,6,0.5,edge,task,1,P00,6.321214021243921,0.482991289937886,0.34099104689997256,0.1646957055994879,0.05686486860656677,0.06859137096979995,False,False,P01,y_neighbor,0.221120650005401,-124.185373834792,0.7103980140198765,0.03181530314750661,0.15382804055798263,0.15708367062262105,0.9055052262645891
1132,k6_supported_scene,421033,6,0.5,edge,task,1,P00,6.321214021243921,0.482991289937886,0.34099104689997256,0.1646957055994879,0.05686486860656677,0.06859137096979995,False,False,P11,diagonal,0.0636525603121721,139.228562638808,0.6156782599909376,0.020971957227218424,-0.0331057960241824,0.03918949757696633,-0.35596307321192916
1138,k6_supported_scene,421033,6,0.5,edge,task,3,P01,5.353828705253102,0.5398940791650856,0.41794939809969456,0.22564840542463638,0.09348120095548793,0.10785426045099325,False,False,P00,y_neighbor,0.221120650005401,-124.185373834792,0.5117747672455955,-0.11115410750189729,-0.02123318883790283,0.11316396918970888,0.6281388542119066
1138,k6_supported_scene,421033,6,0.5,edge,task,3,P01,5.353828705253102,0.5398940791650856,0.41794939809969456,0.22564840542463638,0.09348120095548793,0.10785426045099325,False,False,P10,diagonal,0.0638801313590369,139.19540158061,0.0,-0.0,0.0,0.0,0.0
1138,k6_supported_scene,421033,6,0.5,edge,task,3,P01,5.353828705253102,0.5398940791650856,0.41794939809969456,0.22564840542463638,0.09348120095548793,0.10785426045099325,False,False,P01,self,0.138642679019854,-127.753500672212,0.41794939809969456,-0.030816635923948614,-0.049071685519629656,0.05794562424727713,0.9975271645143006
1138,k6_supported_scene,421033,6,0.5,edge,task,3,P01,5.353828705253102,0.5398940791650856,0.41794939809969456,0.22564840542463638,0.09348120095548793,0.10785426045099325,False,False,P11,x_neighbor,0.177996764958833,-23.879828669598304,0.7506030166472425,0.03569350868743983,-0.12874876727466372,0.1336049087315502,0.7242502251378241
1141,k6_supported_scene,421033,6,0.5,edge,task,4,P11,8.034639303416798,0.39652268184665695,0.25767357337765934,0.10217341635672085,0.020689877885927868,0.02955113625216947,False,False,P00,diagonal,0.063652560312172,139.228562638808,0.6257786133084203,-0.03139754169295919,-0.02451153474981212,0.039832410925681586,-0.5053357018800194
1141,k6_supported_scene,421033,6,0.5,edge,task,4,P11,8.034639303416798,0.39652268184665695,0.25767357337765934,0.10217341635672085,0.020689877885927868,0.02955113625216947,False,False,P10,y_neighbor,0.22114394099010298,-124.185421282005,0.0,0.0,-0.0,0.0,-0.0
1141,k6_supported_scene,421033,6,0.5,edge,task,4,P11,8.034639303416798,0.39652268184665695,0.25767357337765934,0.10217341635672085,0.020689877885927868,0.02955113625216947,False,False,P01,x_neighbor,0.177996764958833,-23.879828669598304,0.7362101674079895,0.05304879841278658,0.11982529035235505,0.131043028128423,0.8525968346959396
1141,k6_supported_scene,421033,6,0.5,edge,task,4,P11,8.034639303416798,0.39652268184665695,0.25767357337765934,0.10217341635672085,0.020689877885927868,0.02955113625216947,False,False,P11,self,0.13858096432942,-127.72686751526298,0.25767357337765934,-0.03520839547924426,0.005956235009986245,0.035708652280883595,0.29615468584403765
1144,k6_supported_scene,421033,6,0.5,edge,task,5,P01,5.452933551125301,0.5337689693017511,0.3986093048112145,0.21276527778316948,0.08671394780919431,0.1004219116908578,False,False,P00,y_neighbor,0.221120650005401,-124.185373834792,0.7189203896340832,-0.03219698267875088,-0.15567345653016712,0.15896814385802463,0.9688382443958757
1144,k6_supported_scene,421033,6,0.5,edge,task,5,P01,5.452933551125301,0.5337689693017511,0.3986093048112145,0.21276527778316948,0.08671394780919431,0.1004219116908578,False,False,P10,diagonal,0.0638801313590369,139.19540158061,0.0,-0.0,0.0,0.0,0.0
1144,k6_supported_scene,421033,6,0.5,edge,task,5,P01,5.452933551125301,0.5337689693017511,0.3986093048112145,0.21276527778316948,0.08671394780919431,0.1004219116908578,False,False,P01,self,0.138642679019854,-127.753500672212,0.3986093048112145,0.040167858001279526,-0.037956314719437986,0.055264261901268354,0.29824148774616943
1144,k6_supported_scene,421033,6,0.5,edge,task,5,P01,5.452933551125301,0.5337689693017511,0.3986093048112145,0.21276527778316948,0.08671394780919431,0.1004219116908578,False,False,P11,x_neighbor,0.177996764958833,-23.879828669598304,0.5694419296321134,-0.10132943017356635,0.0024407452405920335,0.1013588213064316,0.41702107561485213
1147,k6_supported_scene,421033,6,0.5,interior,combined,-1,P00,3.994288244888021,0.6313723922396821,0.2617266830295835,0.16524700197734518,0.08248175769590294,0.09148240036664117,False,False,P00,self,0.13840586460662296,-126.940543860558,0.2617266830295835,-0.032565986862357524,-0.01586415673907203,0.03622450785533307,0.9687052614085945
1147,k6_supported_scene,421033,6,0.5,interior,combined,-1,P00,3.994288244888021,0.6313723922396821,0.2617266830295835,0.16524700197734518,0.08248175769590294,0.09148240036664117,False,False,P10,x_neighbor,0.177287235448698,-24.2139363904075,0.4435017736392971,0.04867729619881933,-0.061747533908570185,0.07862720336510523,0.036550561567808136
1147,k6_supported_scene,421033,6,0.5,interior,combined,-1,P00,3.994288244888021,0.6313723922396821,0.2617266830295835,0.16524700197734518,0.08248175769590294,0.09148240036664117,False,False,P01,y_neighbor,0.221120650005401,-124.185373834792,0.6049945563275385,-0.11926925939762036,-0.06058938177335029,0.1337767895448745,0.9727210213064036
1147,k6_supported_scene,421033,6,0.5,interior,combined,-1,P00,3.994288244888021,0.6313723922396821,0.2617266830295835,0.16524700197734518,0.08248175769590294,0.09148240036664117,False,False,P11,diagonal,0.0636525603121721,139.228562638808,0.6072782824259662,-0.022787929568199524,0.031223471649204873,0.0386548174983911,-0.07360617249982689
1150,k6_supported_scene,421033,6,0.5,interior,task,0,P10,6.829418041384435,0.4555427067149321,0.4778170393020914,0.2176660673981898,0.0665670524949098,0.08299892861455671,False,False,P00,x_neighbor,0.177287235448698,-24.2139363904075,0.4568140751554305,-0.018168507477686544,-0.07892305636468556,0.08098730449836003,0.8012672949981177
1150,k6_supported_scene,421033,6,0.5,interior,task,0,P10,6.829418041384435,0.4555427067149321,0.4778170393020914,0.2176660673981898,0.0665670524949098,0.08299892861455671,False,False,P10,self,0.136232878997807,-128.024603514836,0.4778170393020914,-0.05666903348506739,-0.03202967952217422,0.06509439089833222,0.9822481202815612
1150,k6_supported_scene,421033,6,0.5,interior,task,0,P10,6.829418041384435,0.4555427067149321,0.4778170393020914,0.2176660673981898,0.0665670524949098,0.08299892861455671,False,False,P01,diagonal,0.063880131359037,139.19540158061,0.5828317467220426,-0.009915458296108718,0.03588674532749619,0.03723136854082107,-0.42011663876955974
1150,k6_supported_scene,421033,6,0.5,interior,task,0,P10,6.829418041384435,0.4555427067149321,0.4778170393020914,0.2176660673981898,0.0665670524949098,0.08299892861455671,False,False,P11,y_neighbor,0.22114394099010298,-124.185421282005,0.47256630603982436,-0.08128508551073875,-0.06568155401117574,0.10450517529678187,0.99972334388513
1153,k6_supported_scene,421033,6,0.5,interior,task,1,P11,6.425660451937233,0.4772181770348479,0.281617547117644,0.1343930124565074,0.04533772466035324,0.055022403662414315,False,False,P00,diagonal,0.063652560312172,139.228562638808,0.7012829920960157,-0.043555512644106495,0.009772883222932398,0.04463845795029208,-0.17466093392356938
1153,k6_supported_scene,421033,6,0.5,interior,task,1,P11,6.425660451937233,0.4772181770348479,0.281617547117644,0.1343930124565074,0.04533772466035324,0.055022403662414315,False,False,P10,y_neighbor,0.22114394099010298,-124.185421282005,0.39205580044439126,-0.03378671218708544,-0.0798466072929686,0.08670076479830206,0.9375985093261152
1153,k6_supported_scene,421033,6,0.5,interior,task,1,P11,6.425660451937233,0.4772181770348479,0.281617547117644,0.1343930124565074,0.04533772466035324,0.055022403662414315,False,False,P01,x_neighbor,0.177996764958833,-23.879828669598304,0.5245817492401551,0.08867460297603133,-0.029248785578868938,0.09337385432119334,0.270051267053798
1153,k6_supported_scene,421033,6,0.5,interior,task,1,P11,6.425660451937233,0.4772181770348479,0.281617547117644,0.1343930124565074,0.04533772466035324,0.055022403662414315,False,False,P11,self,0.13858096432942,-127.72686751526298,0.281617547117644,-0.017399583851598073,-0.03493348020647088,0.03902683125164897,0.9143292080124629
1156,k6_supported_scene,421033,6,0.5,interior,task,2,P10,4.168883300392043,0.618807879346589,0.3495455202384927,0.21630152211388187,0.1057655231276699,0.11778620931986972,False,False,P00,x_neighbor,0.177287235448698,-24.2139363904075,0.3994806282454144,-0.061433660510152276,0.03523885143401673,0.07082281619693859,0.9675365317427683
1156,k6_supported_scene,421033,6,0.5,interior,task,2,P10,4.168883300392043,0.618807879346589,0.3495455202384927,0.21630152211388187,0.1057655231276699,0.11778620931986972,False,False,P10,self,0.136232878997807,-128.024603514836,0.3495455202384927,-0.034456325380778544,0.03286924454727,0.047619592562876074,0.8792343621638534
1156,k6_supported_scene,421033,6,0.5,interior,task,2,P10,4.168883300392043,0.618807879346589,0.3495455202384927,0.21630152211388187,0.1057655231276699,0.11778620931986972,False,False,P01,diagonal,0.063880131359037,139.19540158061,0.6063544772692347,0.008502067270915428,0.037789388609852495,0.03873400365809892,0.04397072516847563
1156,k6_supported_scene,421033,6,0.5,interior,task,2,P10,4.168883300392043,0.618807879346589,0.3495455202384927,0.21630152211388187,0.1057655231276699,0.11778620931986972,False,False,P11,y_neighbor,0.22114394099010298,-124.185421282005,0.5920873263033593,-0.12134686916108503,-0.04918649060618875,0.13093652474901793,0.7958506309766251
1159,k6_supported_scene,421033,6,0.5,interior,task,3,P00,7.958616177292733,0.4000084734254994,0.5422057876966713,0.21688690941901598,0.0454263844542977,0.06407255569130632,False,False,P00,self,0.13840586460662296,-126.940543860558,0.5422057876966713,-0.05002880196370035,0.055935588644208896,0.07504446084087285,0.7465646523515371
1159,k6_supported_scene,421033,6,0.5,interior,task,3,P00,7.958616177292733,0.4000084734254994,0.5422057876966713,0.21688690941901598,0.0454263844542977,0.06407255569130632,False,False,P10,x_neighbor,0.177287235448698,-24.2139363904075,0.6271295747159819,-0.10731231533597042,-0.029077815403317157,0.11118206856951413,0.9294853060331706
1159,k6_supported_scene,421033,6,0.5,interior,task,3,P00,7.958616177292733,0.4000084734254994,0.5422057876966713,0.21688690941901598,0.0454263844542977,0.06407255569130632,False,False,P01,y_neighbor,0.221120650005401,-124.185373834792,0.3396952027598951,-0.06961235761295112,-0.028216594119175497,0.0751136240379845,0.878410082415071
1159,k6_supported_scene,421033,6,0.5,interior,task,3,P00,7.958616177292733,0.4000084734254994,0.5422057876966713,0.21688690941901598,0.0454263844542977,0.06407255569130632,False,False,P11,diagonal,0.0636525603121721,139.228562638808,0.44421679786686546,0.011453988332045181,0.02585173333965257,0.02827553651790062,-0.29924440534094054
1162,k6_supported_scene,421033,6,0.5,interior,task,4,P01,4.818527163797405,0.5742138214002632,0.3666687336332445,0.21054625472754052,0.0945954202224766,0.10720496469751165,False,False,P00,y_neighbor,0.221120650005401,-124.185373834792,0.6748830288359069,0.028000440255960983,-0.14658014724362722,0.1492305740138095,0.9883687850892225
1162,k6_supported_scene,421033,6,0.5,interior,task,4,P01,4.818527163797405,0.5742138214002632,0.3666687336332445,0.21054625472754052,0.0945954202224766,0.10720496469751165,False,False,P10,diagonal,0.0638801313590369,139.19540158061,0.4835775599892545,-0.026871648763947327,0.015237068402542308,0.030890998054396122,-0.7560418013993389
1162,k6_supported_scene,421033,6,0.5,interior,task,4,P01,4.818527163797405,0.5742138214002632,0.3666687336332445,0.21054625472754052,0.0945954202224766,0.10720496469751165,False,False,P01,self,0.138642679019854,-127.753500672212,0.3666687336332445,-0.003549234945686805,-0.0507118849374248,0.050835935543730254,0.9166044137061636
1162,k6_supported_scene,421033,6,0.5,interior,task,4,P01,4.818527163797405,0.5742138214002632,0.3666687336332445,0.21054625472754052,0.0945954202224766,0.10720496469751165,False,False,P11,x_neighbor,0.177996764958833,-23.879828669598304,0.4198091119188652,0.07291655574536078,-0.016338643808912666,0.07472466382179867,0.5327539058333627
1165,k6_supported_scene,421033,6,0.5,interior,task,5,P11,5.955077203626377,0.5037860526052796,0.4526994678306597,0.22806367791491886,0.08490753652581795,0.10047563260227557,False,False,P00,diagonal,0.063652560312172,139.228562638808,0.5184139609336853,0.02154936340607484,0.02499035313517594,0.03299837591500338,-0.9767167031466092
1165,k6_supported_scene,421033,6,0.5,interior,task,5,P11,5.955077203626377,0.5037860526052796,0.4526994678306597,0.22806367791491886,0.08490753652581795,0.10047563260227557,False,False,P10,y_neighbor,0.22114394099010298,-124.185421282005,0.5549219787699553,-0.08743140327938002,-0.08611252667313278,0.12271763332721418,0.956038378124779
1165,k6_supported_scene,421033,6,0.5,interior,task,5,P11,5.955077203626377,0.5037860526052796,0.4526994678306597,0.22806367791491886,0.08490753652581795,0.10047563260227557,False,False,P01,x_neighbor,0.177996764958833,-23.879828669598304,0.46730270576013677,-0.026055111777120415,-0.07899222978545158,0.08317836988181376,0.9844159256281353
1165,k6_supported_scene,421033,6,0.5,interior,task,5,P11,5.955077203626377,0.5037860526052796,0.4526994678306597,0.22806367791491886,0.08490753652581795,0.10047563260227557,False,False,P11,self,0.13858096432942,-127.72686751526298,0.4526994678306597,-0.016476964024708787,-0.060533100290412895,0.06273552880338806,0.9737522724381343
1171,k6_supported_scene,421034,6,0.5,corner,task,0,P01,8.727054727789126,0.36614007284786093,0.5102071877419972,0.18680729688735714,0.02546561770197192,0.043011373953308785,False,False,P00,y_neighbor,0.221120650005401,-124.185373834792,0.0,0.0,-0.0,0.0,0.0
1171,k6_supported_scene,421034,6,0.5,corner,task,0,P01,8.727054727789126,0.36614007284786093,0.5102071877419972,0.18680729688735714,0.02546561770197192,0.043011373953308785,False,False,P10,diagonal,0.0638801313590369,139.19540158061,0.6377590040324229,-0.023472071275971285,-0.033298948588848416,0.04074012895299972,0.8864709282058371
1171,k6_supported_scene,421034,6,0.5,corner,task,0,P01,8.727054727789126,0.36614007284786093,0.5102071877419972,0.18680729688735714,0.02546561770197192,0.043011373953308785,False,False,P01,self,0.138642679019854,-127.753500672212,0.5102071877419972,-0.06824453293423566,0.01861007616964361,0.07073649136373611,0.7371949698521576
1171,k6_supported_scene,421034,6,0.5,corner,task,0,P01,8.727054727789126,0.36614007284786093,0.5102071877419972,0.18680729688735714,0.02546561770197192,0.043011373953308785,False,False,P11,x_neighbor,0.177996764958833,-23.879828669598304,0.5770200096203737,-0.07435308466021982,-0.07085541207041404,0.1027076950289412,0.9594779759497154
1174,k6_supported_scene,421034,6,0.5,corner,task,1,P11,7.493622389481157,0.4220062475953964,0.47671197260573334,0.20117543074314492,0.050425868612553826,0.06681974207100425,False,False,P00,diagonal,0.063652560312172,139.228562638808,0.0,-0.0,0.0,0.0,0.0
1174,k6_supported_scene,421034,6,0.5,corner,task,1,P11,7.493622389481157,0.4220062475953964,0.47671197260573334,0.20117543074314492,0.050425868612553826,0.06681974207100425,False,False,P10,y_neighbor,0.22114394099010298,-124.185421282005,0.6976272463798523,0.08668352703192472,0.12762077506983024,0.1542760386065141,0.9687503036875885
1174,k6_supported_scene,421034,6,0.5,corner,task,1,P11,7.493622389481157,0.4220062475953964,0.47671197260573334,0.20117543074314492,0.050425868612553826,0.06681974207100425,False,False,P01,x_neighbor,0.177996764958833,-23.879828669598304,0.5348475378775444,-0.0828548956409473,0.0468862635000841,0.09520113148839977,0.16815990379511542
1174,k6_supported_scene,421034,6,0.5,corner,task,1,P11,7.493622389481157,0.4220062475953964,0.47671197260573334,0.20117543074314492,0.050425868612553826,0.06681974207100425,False,False,P11,self,0.13858096432942,-127.72686751526298,0.47671197260573334,0.06439632944789075,0.014746517944157017,0.06606320487108257,0.5405650308485499
1177,k6_supported_scene,421034,6,0.5,corner,task,2,P10,3.8949754626975146,0.6386328100687231,0.2671169945930578,0.17058967687407645,0.086119866408782,0.0953058790529031,False,False,P00,x_neighbor,0.177287235448698,-24.2139363904075,0.0,0.0,0.0,0.0,0.0
1177,k6_supported_scene,421034,6,0.5,corner,task,2,P10,3.8949754626975146,0.6386328100687231,0.2671169945930578,0.17058967687407645,0.086119866408782,0.0953058790529031,False,False,P10,self,0.136232878997807,-128.024603514836,0.2671169945930578,0.0131297130895587,0.03393893434108913,0.036390117202653914,0.9468221606353853
1177,k6_supported_scene,421034,6,0.5,corner,task,2,P10,3.8949754626975146,0.6386328100687231,0.2671169945930578,0.17058967687407645,0.086119866408782,0.0953058790529031,False,False,P01,diagonal,0.063880131359037,139.19540158061,0.7316683439979372,0.046054212957324626,0.007971833315724881,0.0467390699258373,0.21133792121182446
1177,k6_supported_scene,421034,6,0.5,corner,task,2,P10,3.8949754626975146,0.6386328100687231,0.2671169945930578,0.17058967687407645,0.086119866408782,0.0953058790529031,False,False,P11,y_neighbor,0.22114394099010298,-124.185421282005,0.6271442887591374,-0.052098774370407046,0.12853171085638743,0.13868915958563077,0.9103593242486225
1183,k6_supported_scene,421034,6,0.5,corner,task,4,P01,6.879862787837188,0.4529047344439044,0.35551638001007646,0.1610150516789219,0.048590901045942214,0.06081692195838924,False,False,P00,y_neighbor,0.221120650005401,-124.185373834792,0.0,0.0,-0.0,0.0,0.0
1183,k6_supported_scene,421034,6,0.5,corner,task,4,P01,6.879862787837188,0.4529047344439044,0.35551638001007646,0.1610150516789219,0.048590901045942214,0.06081692195838924,False,False,P10,diagonal,0.0638801313590369,139.19540158061,0.6654537262739357,-0.04188639279985553,-0.007250397039736529,0.042509271447739604,0.06022966397457493
1183,k6_supported_scene,421034,6,0.5,corner,task,4,P01,6.879862787837188,0.4529047344439044,0.35551638001007646,0.1610150516789219,0.048590901045942214,0.06081692195838924,False,False,P01,self,0.138642679019854,-127.753500672212,0.35551638001007646,0.028532631352892787,-0.040191637794176505,0.04928974336003747,0.8745850711728673
1183,k6_supported_scene,421034,6,0.5,corner,task,4,P01,6.879862787837188,0.4529047344439044,0.35551638001007646,0.1610150516789219,0.048590901045942214,0.06081692195838924,False,False,P11,x_neighbor,0.177996764958833,-23.879828669598304,0.656337889985167,0.031210909105035073,-0.11257974226121764,0.11682602113726615,0.9873370479994508
1189,k6_supported_scene,421034,6,0.5,edge,combined,-1,P00,7.3877120145881525,0.4271834307413357,0.5745773800771576,0.24544993644772864,0.06375261514212147,0.08351202837771768,False,False,P00,self,0.13840586460662296,-126.940543860558,0.5745773800771576,-0.05699258396125266,0.055462165166830696,0.07952487907298722,0.46153965929485985
1189,k6_supported_scene,421034,6,0.5,edge,combined,-1,P00,7.3877120145881525,0.4271834307413357,0.5745773800771576,0.24544993644772864,0.06375261514212147,0.08351202837771768,False,False,P10,x_neighbor,0.177287235448698,-24.2139363904075,0.6602613079352032,-0.080027681967759,-0.08542630919083603,0.11705590195757366,0.8781863077080476
1189,k6_supported_scene,421034,6,0.5,edge,combined,-1,P00,7.3877120145881525,0.4271834307413357,0.5745773800771576,0.24544993644772864,0.06375261514212147,0.08351202837771768,False,False,P01,y_neighbor,0.221120650005401,-124.185373834792,0.4836484734141157,-0.09602530533784338,-0.047077617476490016,0.10694466481544916,0.9906914075816056
1189,k6_supported_scene,421034,6,0.5,edge,combined,-1,P00,7.3877120145881525,0.4271834307413357,0.5745773800771576,0.24544993644772864,0.06375261514212147,0.08351202837771768,False,False,P11,diagonal,0.0636525603121721,139.228562638808,0.0,-0.0,0.0,0.0,0.0
1192,k6_supported_scene,421034,6,0.5,edge,task,0,P00,8.483010042128608,0.3765732771948002,0.6227007265305977,0.23449245330121024,0.03757719365337739,0.05899154340722915,False,False,P00,self,0.13840586460662296,-126.940543860558,0.6227007265305977,-0.0834625709790502,0.02149251059279247,0.08618543244663966,0.6363862343087292
1192,k6_supported_scene,421034,6,0.5,edge,task,0,P00,8.483010042128608,0.3765732771948002,0.6227007265305977,0.23449245330121024,0.03757719365337739,0.05899154340722915,False,False,P10,x_neighbor,0.177287235448698,-24.2139363904075,0.7042448961920419,-0.09088589523487745,-0.08560480799876385,0.12485363072474241,0.992006089275326
1192,k6_supported_scene,421034,6,0.5,edge,task,0,P00,8.483010042128608,0.3765732771948002,0.6227007265305977,0.23449245330121024,0.03757719365337739,0.05899154340722915,False,False,P01,y_neighbor,0.221120650005401,-124.185373834792,0.34100279558753677,-0.01527187408741627,-0.07384000304321572,0.075402759813975,0.7398889468340984
1192,k6_supported_scene,421034,6,0.5,edge,task,0,P00,8.483010042128608,0.3765732771948002,0.6227007265305977,0.23449245330121024,0.03757719365337739,0.05899154340722915,False,False,P11,diagonal,0.0636525603121721,139.228562638808,0.0,-0.0,0.0,0.0,0.0
1195,k6_supported_scene,421034,6,0.5,edge,task,1,P01,7.545877893884544,0.41947502181512636,0.44941698792906576,0.18851920081563325,0.04640107071280858,0.061856284035677056,False,False,P00,y_neighbor,0.221120650005401,-124.185373834792,0.6668767870276108,0.094411233932088,0.11327417151493732,0.14746022862105865,0.9712696878387387
1195,k6_supported_scene,421034,6,0.5,edge,task,1,P01,7.545877893884544,0.41947502181512636,0.44941698792906576,0.18851920081563325,0.04640107071280858,0.061856284035677056,False,False,P10,diagonal,0.0638801313590369,139.19540158061,0.5943902201428545,0.00647613042580681,-0.037413363617804854,0.0379697253412524,-0.4477869717414464
1195,k6_supported_scene,421034,6,0.5,edge,task,1,P01,7.545877893884544,0.41947502181512636,0.44941698792906576,0.18851920081563325,0.04640107071280858,0.061856284035677056,False,False,P01,self,0.138642679019854,-127.753500672212,0.44941698792906576,0.050807236233189064,0.03606880046310703,0.06230837520351907,0.9998318640015503
1195,k6_supported_scene,421034,6,0.5,edge,task,1,P01,7.545877893884544,0.41947502181512636,0.44941698792906576,0.18851920081563325,0.04640107071280858,0.061856284035677056,False,False,P11,x_neighbor,0.177996764958833,-23.879828669598304,0.0,0.0,0.0,0.0,0.0
1198,k6_supported_scene,421034,6,0.5,edge,task,2,P00,8.963407559727752,0.3563113215758078,0.6398660209286356,0.22799150754853573,0.025648105200190008,0.04765276038039867,False,False,P00,self,0.13840586460662296,-126.940543860558,0.6398660209286356,-0.02095132998951265,0.08604725250329164,0.08856120985902734,0.5230133577261655
1198,k6_supported_scene,421034,6,0.5,edge,task,2,P00,8.963407559727752,0.3563113215758078,0.6398660209286356,0.22799150754853573,0.025648105200190008,0.04765276038039867,False,False,P10,x_neighbor,0.177287235448698,-24.2139363904075,0.548456603830283,-0.08242696040000866,-0.05157825125475467,0.09723435505665266,0.6443077449730495
1198,k6_supported_scene,421034,6,0.5,edge,task,2,P00,8.963407559727752,0.3563113215758078,0.6398660209286356,0.22799150754853573,0.025648105200190008,0.04765276038039867,False,False,P01,y_neighbor,0.221120650005401,-124.185373834792,0.5382999990267981,-0.11363804683855804,0.03541688352344377,0.11902924568271234,0.9999556251300386
1198,k6_supported_scene,421034,6,0.5,edge,task,2,P00,8.963407559727752,0.3563113215758078,0.6398660209286356,0.22799150754853573,0.025648105200190008,0.04765276038039867,False,False,P11,diagonal,0.0636525603121721,139.228562638808,0.0,-0.0,0.0,0.0,0.0
1201,k6_supported_scene,421034,6,0.5,edge,task,3,P01,7.4032285067993175,0.42642099054327437,0.3598612612665717,0.15345239548744355,0.039654272761113926,0.05202971184974317,False,False,P00,y_neighbor,0.221120650005401,-124.185373834792,0.6189613316538347,-0.08601988824952032,0.10645488799675734,0.13686513198350453,0.999837414506305
1201,k6_supported_scene,421034,6,0.5,edge,task,3,P01,7.4032285067993175,0.42642099054327437,0.3598612612665717,0.15345239548744355,0.039654272761113926,0.05202971184974317,False,False,P10,diagonal,0.0638801313590369,139.19540158061,0.6981308447420362,0.04161492811062224,0.016033169473362408,0.044596690067916674,-0.2896336358682332
1201,k6_supported_scene,421034,6,0.5,edge,task,3,P01,7.4032285067993175,0.42642099054327437,0.3598612612665717,0.15345239548744355,0.039654272761113926,0.05202971184974317,False,False,P01,self,0.138642679019854,-127.753500672212,0.3598612612665717,-0.049872150905649656,-0.001411783931788542,0.049892129337461115,0.591801105167145
1201,k6_supported_scene,421034,6,0.5,edge,task,3,P01,7.4032285067993175,0.42642099054327437,0.3598612612665717,0.15345239548744355,0.039654272761113926,0.05202971184974317,False,False,P11,x_neighbor,0.177996764958833,-23.879828669598304,0.0,0.0,0.0,0.0,0.0
1204,k6_supported_scene,421034,6,0.5,edge,task,4,P00,4.194739035446528,0.6169685809855462,0.4379535274880862,0.27020356639193893,0.13171050077518762,0.14677149173599094,False,False,P00,self,0.13840586460662296,-126.940543860558,0.4379535274880862,0.035786490565474824,-0.04892388095517235,0.060615336629508985,0.8845950464536209
1204,k6_supported_scene,421034,6,0.5,edge,task,4,P00,4.194739035446528,0.6169685809855462,0.4379535274880862,0.27020356639193893,0.13171050077518762,0.14677149173599094,False,False,P10,x_neighbor,0.177287235448698,-24.2139363904075,0.8085295250935414,0.03748869672096484,-0.13835286893492327,0.14334196428248266,0.993017331026772
1204,k6_supported_scene,421034,6,0.5,edge,task,4,P00,4.194739035446528,0.6169685809855462,0.4379535274880862,0.27020356639193893,0.13171050077518762,0.14677149173599094,False,False,P01,y_neighbor,0.221120650005401,-124.185373834792,0.3930352073968017,-0.03386748279424587,-0.08003767193854208,0.08690820053458836,0.8542632872128458
1204,k6_supported_scene,421034,6,0.5,edge,task,4,P00,4.194739035446528,0.6169685809855462,0.4379535274880862,0.27020356639193893,0.13171050077518762,0.14677149173599094,False,False,P11,diagonal,0.0636525603121721,139.228562638808,0.0,-0.0,0.0,0.0,-0.0
1207,k6_supported_scene,421034,6,0.5,edge,task,5,P01,7.79050959849041,0.40782563406405375,0.531238743967842,0.21665277759807666,0.04866033637153505,0.06692935675554335,False,False,P00,y_neighbor,0.221120650005401,-124.185373834792,0.4648338733704518,-0.07322969219793202,-0.07212515879944109,0.10278436822420256,0.9754163085026939
1207,k6_supported_scene,421034,6,0.5,edge,task,5,P01,7.79050959849041,0.40782563406405375,0.531238743967842,0.21665277759807666,0.04866033637153505,0.06692935675554335,False,False,P10,diagonal,0.0638801313590369,139.19540158061,0.7083183237584286,-0.043613340837253274,-0.012050303818691165,0.045247467565701256,0.9593708835214183
1207,k6_supported_scene,421034,6,0.5,edge,task,5,P01,7.79050959849041,0.40782563406405375,0.531238743967842,0.21665277759807666,0.04866033637153505,0.06692935675554335,False,False,P01,self,0.138642679019854,-127.753500672212,0.531238743967842,-0.06722110389684392,-0.03009972951221984,0.0736523626628439,0.9909543020573045
1207,k6_supported_scene,421034,6,0.5,edge,task,5,P01,7.79050959849041,0.40782563406405375,0.531238743967842,0.21665277759807666,0.04866033637153505,0.06692935675554335,False,False,P11,x_neighbor,0.177996764958833,-23.879828669598304,0.0,0.0,0.0,0.0,-0.0
1210,k6_supported_scene,421034,6,0.5,interior,combined,-1,P00,7.102209667018294,0.44145812730387524,0.5252734495237231,0.23188623334918948,0.06578018385834422,0.08384406091078331,False,False,P00,self,0.13840586460662296,-126.940543860558,0.5252734495237231,-0.05506226230104938,-0.04747180112736668,0.07270092593623424,0.8968221135659497
1210,k6_supported_scene,421034,6,0.5,interior,combined,-1,P00,7.102209667018294,0.44145812730387524,0.5252734495237231,0.23188623334918948,0.06578018385834422,0.08384406091078331,False,False,P10,x_neighbor,0.177287235448698,-24.2139363904075,0.45338305925515,0.046161433766555855,-0.06580205440311186,0.08037902917461878,0.5295097355470683
1210,k6_supported_scene,421034,6,0.5,interior,combined,-1,P00,7.102209667018294,0.44145812730387524,0.5252734495237231,0.23188623334918948,0.06578018385834422,0.08384406091078331,False,False,P01,y_neighbor,0.221120650005401,-124.185373834792,0.5390902614277714,-0.052054415362462275,-0.10723772115814763,0.11920398901849037,0.9987058860500655
1210,k6_supported_scene,421034,6,0.5,interior,combined,-1,P00,7.102209667018294,0.44145812730387524,0.5252734495237231,0.23188623334918948,0.06578018385834422,0.08384406091078331,False,False,P11,diagonal,0.0636525603121721,139.228562638808,0.47740265682268995,-0.02956516543799722,0.007023214685665193,0.03038790140659747,0.16701486784988218
1213,k6_supported_scene,421034,6,0.5,interior,task,0,P11,0.7314249029552158,0.9192396629919396,0.24512214382323927,0.22532599687993624,0.14781156893745523,0.15624119025729943,False,False,P00,diagonal,0.063652560312172,139.228562638808,0.3064026882933555,-0.0033376147366236102,0.019215609465297368,0.019503315596404443,0.9907910366714158
1213,k6_supported_scene,421034,6,0.5,interior,task,0,P11,0.7314249029552158,0.9192396629919396,0.24512214382323927,0.22532599687993624,0.14781156893745523,0.15624119025729943,False,False,P10,y_neighbor,0.22114394099010298,-124.185421282005,0.7782628186726575,-0.0646526485190714,0.15950308925548723,0.1721081068473374,0.9397358463702097
1213,k6_supported_scene,421034,6,0.5,interior,task,0,P11,0.7314249029552158,0.9192396629919396,0.24512214382323927,0.22532599687993624,0.14781156893745523,0.15624119025729943,False,False,P01,x_neighbor,0.177996764958833,-23.879828669598304,0.4902442881528834,0.0429762154545832,0.07594526733750563,0.08726189733075917,0.8519404075679279
1213,k6_supported_scene,421034,6,0.5,interior,task,0,P11,0.7314249029552158,0.9192396629919396,0.24512214382323927,0.22532599687993624,0.14781156893745523,0.15624119025729943,False,False,P11,self,0.13858096432942,-127.72686751526298,0.24512214382323927,0.01686801500503724,-0.029485265867481077,0.03396926306951927,-0.8853829760533418
1216,k6_supported_scene,421034,6,0.5,interior,task,1,P11,7.675809344135347,0.41324683189609784,0.47668955690442416,0.1969904491887079,0.046247975525265494,0.06264107811956343,False,False,P00,diagonal,0.063652560312172,139.228562638808,0.5058746428095846,-0.029439986362177838,0.013043815664280903,0.03220021621183555,-0.23013336925016623
1216,k6_supported_scene,421034,6,0.5,interior,task,1,P11,7.675809344135347,0.41324683189609784,0.47668955690442416,0.1969904491887079,0.046247975525265494,0.06264107811956343,False,False,P10,y_neighbor,0.22114394099010298,-124.185421282005,0.5010104586233199,-0.02244029940969742,-0.10849912291063313,0.1107954272972199,0.99981774724845
1216,k6_supported_scene,421034,6,0.5,interior,task,1,P11,7.675809344135347,0.41324683189609784,0.47668955690442416,0.1969904491887079,0.046247975525265494,0.06264107811956343,False,False,P01,x_neighbor,0.177996764958833,-23.879828669598304,0.5156029799978367,0.06952097934750813,-0.059913317779678336,0.0917756624427488,0.5024664865631394
1216,k6_supported_scene,421034,6,0.5,interior,task,1,P11,7.675809344135347,0.41324683189609784,0.47668955690442416,0.1969904491887079,0.046247975525265494,0.06264107811956343,False,False,P11,self,0.13858096432942,-127.72686751526298,0.47668955690442416,-0.05384866935607255,-0.03826561668098781,0.06606009848157902,0.7192142510054175
1219,k6_supported_scene,421034,6,0.5,interior,task,2,P11,5.732067033534993,0.516888236320587,0.33935238240608756,0.175407254433072,0.06809460865230324,0.07976475820734752,False,False,P00,diagonal,0.063652560312172,139.228562638808,0.49097793955575725,0.012659709078065882,0.028573054647959957,0.031252002909518774,-0.7526154732314039
1219,k6_supported_scene,421034,6,0.5,interior,task,2,P11,5.732067033534993,0.516888236320587,0.33935238240608756,0.175407254433072,0.06809460865230324,0.07976475820734752,False,False,P10,y_neighbor,0.22114394099010298,-124.185421282005,0.5920616388320923,-0.07356649462960185,-0.10830907999789341,0.13093084412038788,0.62290335819098
1219,k6_supported_scene,421034,6,0.5,interior,task,2,P11,5.732067033534993,0.516888236320587,0.33935238240608756,0.175407254433072,0.06809460865230324,0.07976475820734752,False,False,P01,x_neighbor,0.177996764958833,-23.879828669598304,0.5415197885906821,0.07883158053712451,-0.05546509708247124,0.09638877053033257,0.7924593888519854
1219,k6_supported_scene,421034,6,0.5,interior,task,2,P11,5.732067033534993,0.516888236320587,0.33935238240608756,0.175407254433072,0.06809460865230324,0.07976475820734752,False,False,P11,self,0.13858096432942,-127.72686751526298,0.33935238240608756,0.034196326573040295,-0.032283484607224744,0.04702778040132171,0.8715390427200727
1222,k6_supported_scene,421034,6,0.5,interior,task,3,P00,6.534302567401591,0.4712863611579841,0.5271387805938427,0.2484333177313291,0.08173739876329814,0.09986542356800468,False,False,P00,self,0.13840586460662296,-126.940543860558,0.5271387805938427,-0.05888678329846568,-0.04307408542568145,0.07295909869577173,0.758767410223285
1222,k6_supported_scene,421034,6,0.5,interior,task,3,P00,6.534302567401591,0.4712863611579841,0.5271387805938427,0.2484333177313291,0.08173739876329814,0.09986542356800468,False,False,P10,x_neighbor,0.177287235448698,-24.2139363904075,0.6499672071517897,0.007859663586278709,-0.1149625310023745,0.11523088928825201,0.955883999225959
1222,k6_supported_scene,421034,6,0.5,interior,task,3,P00,6.534302567401591,0.4712863611579841,0.5271387805938427,0.2484333177313291,0.08173739876329814,0.09986542356800468,False,False,P01,y_neighbor,0.221120650005401,-124.185373834792,0.40942814201374217,0.016986896602421933,-0.0889250948354356,0.0905330168925823,0.9136460663413304
1222,k6_supported_scene,421034,6,0.5,interior,task,3,P00,6.534302567401591,0.4712863611579841,0.5271387805938427,0.2484333177313291,0.08173739876329814,0.09986542356800468,False,False,P11,diagonal,0.0636525603121721,139.228562638808,0.3633674857512276,-0.0225681463825555,0.0050637867944783276,0.023129270802262354,0.009158668182203832
1225,k6_supported_scene,421034,6,0.5,interior,task,4,P00,6.271232745397878,0.485778581890996,0.47901098732498476,0.232693278132937,0.0812167037136372,0.09768963907644992,False,False,P00,self,0.13840586460662296,-126.940543860558,0.47901098732498476,0.00929501169000195,-0.06564311282212422,0.06629792985678665,0.9983640422909302
1225,k6_supported_scene,421034,6,0.5,interior,task,4,P00,6.271232745397878,0.485778581890996,0.47901098732498476,0.232693278132937,0.0812167037136372,0.09768963907644992,False,False,P10,x_neighbor,0.177287235448698,-24.2139363904075,0.48780018086467836,0.04587396982534911,-0.07331096942216239,0.0864807455168737,0.8889818674264416
1225,k6_supported_scene,421034,6,0.5,interior,task,4,P00,6.271232745397878,0.485778581890996,0.47901098732498476,0.232693278132937,0.0812167037136372,0.09768963907644992,False,False,P01,y_neighbor,0.221120650005401,-124.185373834792,0.5581137016576789,-0.02499522572372046,-0.12085272622507309,0.12341046448746641,0.9589830221617588
1225,k6_supported_scene,421034,6,0.5,interior,task,4,P00,6.271232745397878,0.485778581890996,0.47901098732498476,0.232693278132937,0.0812167037136372,0.09768963907644992,False,False,P11,diagonal,0.0636525603121721,139.228562638808,0.4702217941003066,-0.010776736555552707,0.02792339523545117,0.02993082110906754,-0.9596978932295719
1228,k6_supported_scene,421034,6,0.5,interior,task,5,P00,5.5553856152382135,0.5275100270568215,0.2904084036985413,0.15319334489254585,0.06135814415844011,0.07134513608457328,False,False,P00,self,0.13840586460662296,-126.940543860558,0.2904084036985413,-0.039719405550540106,0.006159922301757732,0.04019422620292582,0.8787609753793232
1228,k6_supported_scene,421034,6,0.5,interior,task,5,P00,5.5553856152382135,0.5275100270568215,0.2904084036985413,0.15319334489254585,0.06135814415844011,0.07134513608457328,False,False,P10,x_neighbor,0.177287235448698,-24.2139363904075,0.5349628064303067,0.06233303300032385,0.07148155405718547,0.09484207701990605,-0.06569317759157123
1228,k6_supported_scene,421034,6,0.5,interior,task,5,P00,5.5553856152382135,0.5275100270568215,0.2904084036985413,0.15319334489254585,0.06135814415844011,0.07134513608457328,False,False,P01,y_neighbor,0.221120650005401,-124.185373834792,0.5349628064303067,-0.11293354817822514,0.03519731393279757,0.11829132348658293,0.9396215066372802
1228,k6_supported_scene,421034,6,0.5,interior,task,5,P00,5.5553856152382135,0.5275100270568215,0.2904084036985413,0.15319334489254585,0.06135814415844011,0.07134513608457328,False,False,P11,diagonal,0.0636525603121721,139.228562638808,0.585911694851665,-0.03150520967666032,-0.01995801444901606,0.037294779494152594,0.34733100604919387
1231,k6_supported_scene,421035,6,0.5,corner,combined,-1,P10,0.7713706302483472,0.915021857769587,0.32779302259089876,0.2999377804950324,0.1962805252452056,0.20755315450925516,False,False,P00,x_neighbor,0.177287235448698,-24.2139363904075,0.37462195449959207,-0.06462280144498164,-0.015327670995106995,0.06641569065162062,0.8955146440964102
1231,k6_supported_scene,421035,6,0.5,corner,combined,-1,P10,0.7713706302483472,0.915021857769587,0.32779302259089876,0.2999377804950324,0.1962805252452056,0.20755315450925516,False,False,P10,self,0.136232878997807,-128.024603514836,0.32779302259089876,-0.026495053612077605,-0.035947005269033466,0.04465618718295133,0.970971733928261
1231,k6_supported_scene,421035,6,0.5,corner,combined,-1,P10,0.7713706302483472,0.915021857769587,0.32779302259089876,0.2999377804950324,0.1962805252452056,0.20755315450925516,False,False,P01,diagonal,0.063880131359037,139.19540158061,0.3042546132073992,-0.01726674056559118,-0.008922496869600862,0.019435824658281656,0.9765176334900827
1231,k6_supported_scene,421035,6,0.5,corner,combined,-1,P10,0.7713706302483472,0.915021857769587,0.32779302259089876,0.2999377804950324,0.1962805252452056,0.20755315450925516,False,False,P11,y_neighbor,0.22114394099010298,-124.185421282005,0.812181814800768,-0.12215779065000369,-0.13166965646428114,0.1796090873255358,0.9917217361947815
1234,k6_supported_scene,421035,6,0.5,corner,task,0,P01,1.6405834805253048,0.8278865480041901,0.3311736203812148,0.274174185367454,0.16944789123059412,0.1808367774707071,False,False,P00,y_neighbor,0.221120650005401,-124.185373834792,0.7225605845451355,0.08977204843904849,0.13216812012497803,0.15977306612290287,0.9862816249079656
1234,k6_supported_scene,421035,6,0.5,corner,task,0,P01,1.6405834805253048,0.8278865480041901,0.3311736203812148,0.274174185367454,0.16944789123059412,0.1808367774707071,False,False,P10,diagonal,0.0638801313590369,139.19540158061,0.30106691544255304,-0.010282555646674045,0.016252579472705846,0.019232194106330345,0.24180072593178428
1234,k6_supported_scene,421035,6,0.5,corner,task,0,P01,1.6405834805253048,0.8278865480041901,0.3311736203812148,0.274174185367454,0.16944789123059412,0.1808367774707071,False,False,P01,self,0.138642679019854,-127.753500672212,0.3311736203812148,0.016363457077648184,0.04289995271897112,0.04591479795035574,0.9218073224637643
1234,k6_supported_scene,421035,6,0.5,corner,task,0,P01,1.6405834805253048,0.8278865480041901,0.3311736203812148,0.274174185367454,0.16944789123059412,0.1808367774707071,False,False,P11,x_neighbor,0.177996764958833,-23.879828669598304,0.52686708505601,0.09352334253464006,0.0069420617699092885,0.09378063670326008,0.7423493067045432
1237,k6_supported_scene,421035,6,0.5,corner,task,1,P10,-0.8096688009858961,1.097699433432709,0.19784261741304895,0.21717172904314808,0.15460840011569565,0.161412103443786,False,False,P00,x_neighbor,0.177287235448698,-24.2139363904075,0.48170370262355505,-0.05612736587276328,-0.06436508953452151,0.08539991774353183,0.9665004920029078
1237,k6_supported_scene,421035,6,0.5,corner,task,1,P10,-0.8096688009858961,1.097699433432709,0.19784261741304895,0.21717172904314808,0.15460840011569565,0.161412103443786,False,False,P10,self,0.136232878997807,-128.024603514836,0.19784261741304895,0.02675317627437769,0.0032732162758237517,0.026952669358641324,-0.8905035150445773
1237,k6_supported_scene,421035,6,0.5,corner,task,1,P10,-0.8096688009858961,1.097699433432709,0.19784261741304895,0.21717172904314808,0.15460840011569565,0.161412103443786,False,False,P01,diagonal,0.063880131359037,139.19540158061,0.6451389020237077,-0.04110112533481905,-0.0030149615282725716,0.04121155780609935,0.8673886888190653
1237,k6_supported_scene,421035,6,0.5,corner,task,1,P10,-0.8096688009858961,1.097699433432709,0.19784261741304895,0.21717172904314808,0.15460840011569565,0.161412103443786,False,False,P11,y_neighbor,0.22114394099010298,-124.185421282005,0.5591203727564662,-0.10948590780210116,-0.057455981103433355,0.12364608271922037,0.9938662959517678
1240,k6_supported_scene,421035,6,0.5,corner,task,2,P00,2.266914510231423,0.7702900259934573,0.17420742968050293,0.13419024553684797,0.07910101922544714,0.08509192090574977,False,False,P00,self,0.13840586460662296,-126.940543860558,0.17420742968050293,-0.012531885311189829,-0.020598739799786017,0.02411132992582748,0.9102850588527097
1240,k6_supported_scene,421035,6,0.5,corner,task,2,P00,2.266914510231423,0.7702900259934573,0.17420742968050293,0.13419024553684797,0.07910101922544714,0.08509192090574977,False,False,P10,x_neighbor,0.177287235448698,-24.2139363904075,0.3181179174561299,0.05496073732012373,-0.012652253556176288,0.056398246132494376,0.10632686898362408
1240,k6_supported_scene,421035,6,0.5,corner,task,2,P00,2.266914510231423,0.7702900259934573,0.17420742968050293,0.13419024553684797,0.07910101922544714,0.08509192090574977,False,False,P01,y_neighbor,0.221120650005401,-124.185373834792,0.658958591823521,-0.04335549150277764,-0.1391097288499903,0.14570935215066066,0.9834133815721559
1240,k6_supported_scene,421035,6,0.5,corner,task,2,P00,2.266914510231423,0.7702900259934573,0.17420742968050293,0.13419024553684797,0.07910101922544714,0.08509192090574977,False,False,P11,diagonal,0.0636525603121721,139.228562638808,0.658958571578526,-0.015102283587058715,0.03913123739832432,0.04194440022062491,-0.8832433722127563
1243,k6_supported_scene,421035,6,0.5,corner,task,3,P01,4.946800765927745,0.5657961158149091,0.40846542388060886,0.23110815027633888,0.10194004178745317,0.11598695240865808,False,False,P00,y_neighbor,0.221120650005401,-124.185373834792,0.6272861881319223,0.041271636365661946,0.13242351360052004,0.13870592965914091,0.8763480759504599
1243,k6_supported_scene,421035,6,0.5,corner,task,3,P01,4.946800765927745,0.5657961158149091,0.40846542388060886,0.23110815027633888,0.10194004178745317,0.11598695240865808,False,False,P10,diagonal,0.0638801313590369,139.19540158061,0.5105817917556735,0.02005593329112685,-0.02572090741940186,0.03261603192688485,-0.10364575103431745
1243,k6_supported_scene,421035,6,0.5,corner,task,3,P01,4.946800765927745,0.5657961158149091,0.40846542388060886,0.23110815027633888,0.10194004178745317,0.11598695240865808,False,False,P01,self,0.138642679019854,-127.753500672212,0.40846542388060886,0.03011735490215221,0.047958166360844004,0.05663074065378786,0.9703929736807722
1243,k6_supported_scene,421035,6,0.5,corner,task,3,P01,4.946800765927745,0.5657961158149091,0.40846542388060886,0.23110815027633888,0.10194004178745317,0.11598695240865808,False,False,P11,x_neighbor,0.177996764958833,-23.879828669598304,0.42305348086680494,0.07509555413914241,0.005574198919214308,0.07530215099886482,0.7699636096391509
1246,k6_supported_scene,421035,6,0.5,corner,task,4,P01,5.72846167583992,0.5171028319323423,0.13982423129577,0.07230350597580552,0.028087201678122536,0.0328956832896884,False,False,P00,y_neighbor,0.221120650005401,-124.185373834792,0.40676140551633266,0.03378741257869551,-0.08335596145536245,0.08994334638488198,0.25133538044101345
1246,k6_supported_scene,421035,6,0.5,corner,task,4,P01,5.72846167583992,0.5171028319323423,0.13982423129577,0.07230350597580552,0.028087201678122536,0.0328956832896884,False,False,P10,diagonal,0.0638801313590369,139.19540158061,0.7626776300584778,-0.03982125348829412,0.02806957472217672,0.04871994719273451,-0.7350604248333612
1246,k6_supported_scene,421035,6,0.5,corner,task,4,P01,5.72846167583992,0.5171028319323423,0.13982423129577,0.07230350597580552,0.028087201678122536,0.0328956832896884,False,False,P01,self,0.138642679019854,-127.753500672212,0.13982423129577,0.005100161801499025,0.018702675485401353,0.019385606018737265,0.3868973139036557
1246,k6_supported_scene,421035,6,0.5,corner,task,4,P01,5.72846167583992,0.5171028319323423,0.13982423129577,0.07230350597580552,0.028087201678122536,0.0328956832896884,False,False,P11,x_neighbor,0.177996764958833,-23.879828669598304,0.4830291716236708,0.07261728711741146,0.04603132042474889,0.08597762992975834,0.9073223702730764
1249,k6_supported_scene,421035,6,0.5,corner,task,5,P10,3.930498474302982,0.6360263028922923,0.35159235874328953,0.22362198805667494,0.11243872190269383,0.12452979779216536,False,False,P00,x_neighbor,0.177287235448698,-24.2139363904075,0.5784261142539224,-0.0918442558485223,-0.045613990235913504,0.10254756670741062,0.9934405315914128
1249,k6_supported_scene,421035,6,0.5,corner,task,5,P10,3.930498474302982,0.6360263028922923,0.35159235874328953,0.22362198805667494,0.11243872190269383,0.12452979779216536,False,False,P10,self,0.136232878997807,-128.024603514836,0.35159235874328953,-0.04615089403432179,0.012820119495447261,0.047898439265228104,0.8154357094123387
1249,k6_supported_scene,421035,6,0.5,corner,task,5,P10,3.930498474302982,0.6360263028922923,0.35159235874328953,0.22362198805667494,0.11243872190269383,0.12452979779216536,False,False,P01,diagonal,0.063880131359037,139.19540158061,0.6124511959928796,0.01757610997055197,-0.034953193040959146,0.039123462851024464,-0.11927861198956062
1249,k6_supported_scene,421035,6,0.5,corner,task,5,P10,3.930498474302982,0.6360263028922923,0.35159235874328953,0.22362198805667494,0.11243872190269383,0.12452979779216536,False,False,P11,y_neighbor,0.22114394099010298,-124.185421282005,0.40830079084062953,-0.08992312198104732,-0.008167154073044108,0.09029324599587257,0.9674652013347982
1252,k6_supported_scene,421035,6,0.5,edge,combined,-1,P10,8.278862234414758,0.3855288548230949,0.40053643158527474,0.15441835178399987,0.027757610815432404,0.041531847571048774,False,False,P00,x_neighbor,0.177287235448698,-24.2139363904075,0.24803517268798647,0.04060214400895696,-0.01688585120698013,0.04397347005989352,-0.3745465159499999
1252,k6_supported_scene,421035,6,0.5,edge,combined,-1,P10,8.278862234414758,0.3855288548230949,0.40053643158527474,0.15441835178399987,0.027757610815432404,0.041531847571048774,False,False,P10,self,0.136232878997807,-128.024603514836,0.40053643158527474,-0.0014043294425550128,-0.05454815714754628,0.054566231218370134,0.7301232241376572
1252,k6_supported_scene,421035,6,0.5,edge,combined,-1,P10,8.278862234414758,0.3855288548230949,0.40053643158527474,0.15441835178399987,0.027757610815432404,0.041531847571048774,False,False,P01,diagonal,0.063880131359037,139.19540158061,0.6145635648778406,-0.025510307830794096,0.029840346233075524,0.03925840125287451,-0.08533134642116723
1252,k6_supported_scene,421035,6,0.5,edge,combined,-1,P10,8.278862234414758,0.3855288548230949,0.40053643158527474,0.15441835178399987,0.027757610815432404,0.041531847571048774,False,False,P11,y_neighbor,0.22114394099010298,-124.185421282005,0.632740676737351,-0.12207062736358151,-0.06839782177902776,0.1399267668784426,0.9604907221001707
1255,k6_supported_scene,421035,6,0.5,edge,task,0,P00,4.58925454321309,0.5895725743026089,0.2618240606586163,0.15436428545686282,0.07156824766533151,0.0805722391014035,False,False,P00,self,0.13840586460662296,-126.940543860558,0.2618240606586163,-0.02924842203160552,-0.021394424531973433,0.03623798549027269,-0.23234153942810926
1255,k6_supported_scene,421035,6,0.5,edge,task,0,P00,4.58925454321309,0.5895725743026089,0.2618240606586163,0.15436428545686282,0.07156824766533151,0.0805722391014035,False,False,P10,x_neighbor,0.177287235448698,-24.2139363904075,0.7723809761828424,0.13504107852374417,0.022685512300323563,0.13693328798062276,0.6439014353700091
1255,k6_supported_scene,421035,6,0.5,edge,task,0,P00,4.58925454321309,0.5895725743026089,0.2618240606586163,0.15436428545686282,0.07156824766533151,0.0805722391014035,False,False,P01,y_neighbor,0.221120650005401,-124.185373834792,0.45819211143067534,-0.010696544015970047,-0.10074950428007615,0.10131573750689804,0.5638173472277362
1255,k6_supported_scene,421035,6,0.5,edge,task,0,P00,4.58925454321309,0.5895725743026089,0.2618240606586163,0.15436428545686282,0.07156824766533151,0.0805722391014035,False,False,P11,diagonal,0.0636525603121721,139.228562638808,0.3534624823273927,0.022492109988255377,-0.0005482960743047448,0.022498791974434433,0.7773201235470852
1258,k6_supported_scene,421035,6,0.5,edge,task,1,P10,2.8840309391915837,0.7174612552802443,0.2967391934897056,0.21289887425197151,0.11906170200508369,0.1292664064551149,False,False,P00,x_neighbor,0.177287235448698,-24.2139363904075,0.17960531781417277,-0.01129997950522016,0.0297692164758857,0.03184173026715948,0.9883780289321673
1258,k6_supported_scene,421035,6,0.5,edge,task,1,P10,2.8840309391915837,0.7174612552802443,0.2967391934897056,0.21289887425197151,0.11906170200508369,0.1292664064551149,False,False,P10,self,0.136232878997807,-128.024603514836,0.2967391934897056,0.0404144071222268,0.0009526977765096714,0.04042563464058991,-0.4722345475811072
1258,k6_supported_scene,421035,6,0.5,edge,task,1,P10,2.8840309391915837,0.7174612552802443,0.2967391934897056,0.21289887425197151,0.11906170200508369,0.1292664064551149,False,False,P01,diagonal,0.063880131359037,139.19540158061,0.5075801937408105,-0.011657010530708169,0.030256382003069612,0.032424289451408426,0.9891202472205152
1258,k6_supported_scene,421035,6,0.5,edge,task,1,P10,2.8840309391915837,0.7174612552802443,0.2967391934897056,0.21289887425197151,0.11906170200508369,0.1292664064551149,False,False,P11,y_neighbor,0.22114394099010298,-124.185421282005,0.7887015526293254,-0.12239032835399141,0.12426482720838528,0.17441656961346214,0.9657687231957627
1261,k6_supported_scene,421035,6,0.5,edge,task,2,P00,6.8492677513288065,0.45450285165915044,0.33794128740795104,0.1535952788202783,0.04672886045840777,0.058350483200267866,False,False,P00,self,0.13840586460662296,-126.940543860558,0.33794128740795104,-0.020276604194145866,-0.042149473264546974,0.046773056069972736,0.8410486168863026
1261,k6_supported_scene,421035,6,0.5,edge,task,2,P00,6.8492677513288065,0.45450285165915044,0.33794128740795104,0.1535952788202783,0.04672886045840777,0.058350483200267866,False,False,P10,x_neighbor,0.177287235448698,-24.2139363904075,0.2252942067240086,0.0399239176598133,-0.001194635196998771,0.03994178707270695,-0.836052466091808
1261,k6_supported_scene,421035,6,0.5,edge,task,2,P00,6.8492677513288065,0.45450285165915044,0.33794128740795104,0.1535952788202783,0.04672886045840777,0.058350483200267866,False,False,P01,y_neighbor,0.221120650005401,-124.185373834792,0.7000212559162741,-0.1370623564454312,-0.0719276927906469,0.15478915512580366,0.9977187562778596
1261,k6_supported_scene,421035,6,0.5,edge,task,2,P00,6.8492677513288065,0.45450285165915044,0.33794128740795104,0.1535952788202783,0.04672886045840777,0.058350483200267866,False,False,P11,diagonal,0.0636525603121721,139.228562638808,0.5873741625341883,-0.013461683092235888,0.034880307619135985,0.037387869306519,-0.18149600862388696
1264,k6_supported_scene,421035,6,0.5,edge,task,3,P01,3.8020361958264752,0.6455028888247162,0.30094257014889586,0.194259298401447,0.09909290174389614,0.10944215810159665,False,False,P00,y_neighbor,0.221120650005401,-124.185373834792,0.3632065792353777,0.05721937908428867,0.05635633309261446,0.0803124748867649,0.6323490863293663
1264,k6_supported_scene,421035,6,0.5,edge,task,3,P01,3.8020361958264752,0.6455028888247162,0.30094257014889586,0.194259298401447,0.09909290174389614,0.10944215810159665,False,False,P10,diagonal,0.0638801313590369,139.19540158061,0.3943385710599953,0.014513229996451247,0.02058937573326515,0.02519039971924741,0.4843191010962682
1264,k6_supported_scene,421035,6,0.5,edge,task,3,P01,3.8020361958264752,0.6455028888247162,0.30094257014889586,0.194259298401447,0.09909290174389614,0.10944215810159665,False,False,P01,self,0.138642679019854,-127.753500672212,0.30094257014889586,-0.006978636103692492,-0.04113572374828508,0.04172348415656326,-0.059598610082567074
1264,k6_supported_scene,421035,6,0.5,edge,task,3,P01,3.8020361958264752,0.6455028888247162,0.30094257014889586,0.194259298401447,0.09909290174389614,0.10944215810159665,False,False,P11,x_neighbor,0.177996764958833,-23.879828669598304,0.7886771559715271,0.12836479770617776,-0.05682939099741824,0.14038198235986477,0.952830598005893
1267,k6_supported_scene,421035,6,0.5,edge,task,4,P10,5.663859666571923,0.5209631641930554,0.4116222987818775,0.21444005522582618,0.08427365523931765,0.09842912912435811,False,False,P00,x_neighbor,0.177287235448698,-24.2139363904075,0.7056382483055983,0.1185741507999827,-0.03987912311705436,0.12510065426896141,0.7780418343032446
1267,k6_supported_scene,421035,6,0.5,edge,task,4,P10,5.663859666571923,0.5209631641930554,0.4116222987818775,0.21444005522582618,0.08427365523931765,0.09842912912435811,False,False,P10,self,0.136232878997807,-128.024603514836,0.4116222987818775,0.001321536945966699,-0.05606091653812383,0.05607649082275068,0.8558854855438265
1267,k6_supported_scene,421035,6,0.5,edge,task,4,P10,5.663859666571923,0.5209631641930554,0.4116222987818775,0.21444005522582618,0.08427365523931765,0.09842912912435811,False,False,P01,diagonal,0.063880131359037,139.19540158061,0.44690420873781633,-0.027517268163037067,-0.007602983661587804,0.0285482995590782,-0.2931610031909658
1267,k6_supported_scene,421035,6,0.5,edge,task,4,P10,5.663859666571923,0.5209631641930554,0.4116222987818775,0.21444005522582618,0.08427365523931765,0.09842912912435811,False,False,P11,y_neighbor,0.22114394099010298,-124.185421282005,0.36457975267840187,0.022817091351399595,-0.0773285652366555,0.08062460331249885,0.9610057362796055
1270,k6_supported_scene,421035,6,0.5,edge,task,5,P10,3.6165546152384764,0.6594354180453326,0.38971619864766355,0.25699266437425994,0.13375358149533506,0.14715571614367573,False,False,P00,x_neighbor,0.177287235448698,-24.2139363904075,0.25169170419665393,-0.0013346078793662203,-0.04460176331406089,0.044621726422396236,0.9493253737563548
1270,k6_supported_scene,421035,6,0.5,edge,task,5,P10,3.6165546152384764,0.6594354180453326,0.38971619864766355,0.25699266437425994,0.13375358149533506,0.14715571614367573,False,False,P10,self,0.136232878997807,-128.024603514836,0.38971619864766355,0.001251207317056302,-0.05307741426873251,0.053092159733852465,0.9311666326507658
1270,k6_supported_scene,421035,6,0.5,edge,task,5,P10,3.6165546152384764,0.6594354180453326,0.38971619864766355,0.25699266437425994,0.13375358149533506,0.14715571614367573,False,False,P01,diagonal,0.063880131359037,139.19540158061,0.29228714189585014,0.00046582413613230865,0.018665529280385403,0.018671341018864397,-0.9477539610477456
1270,k6_supported_scene,421035,6,0.5,edge,task,5,P10,3.6165546152384764,0.6594354180453326,0.38971619864766355,0.25699266437425994,0.13375358149533506,0.14715571614367573,False,False,P11,y_neighbor,0.22114394099010298,-124.185421282005,0.8362660006068333,-0.08841477159639252,-0.16243103530817415,0.184935159090227,0.9889429244798686
1273,k6_supported_scene,421035,6,0.5,interior,combined,-1,P01,6.9784589222073565,0.44779274592273915,0.4244542104767651,0.19006751642785893,0.055843309672350766,0.07044006623675446,False,False,P00,y_neighbor,0.221120650005401,-124.185373834792,0.6986440826541311,0.1461976646356334,-0.04991738072048086,0.15448463367890858,0.9060911367480715
1273,k6_supported_scene,421035,6,0.5,interior,combined,-1,P01,6.9784589222073565,0.44779274592273915,0.4244542104767651,0.19006751642785893,0.055843309672350766,0.07044006623675446,False,False,P10,diagonal,0.0638801313590369,139.19540158061,0.5759644958475516,-0.026455451827095362,-0.02556972689230079,0.03679268765288306,-0.036542058138335276
1273,k6_supported_scene,421035,6,0.5,interior,combined,-1,P01,6.9784589222073565,0.44779274592273915,0.4244542104767651,0.19006751642785893,0.055843309672350766,0.07044006623675446,False,False,P01,self,0.138642679019854,-127.753500672212,0.4244542104767651,0.017254406467545384,-0.056261088230570466,0.0588474688617557,0.8740365662920024
1273,k6_supported_scene,421035,6,0.5,interior,combined,-1,P01,6.9784589222073565,0.44779274592273915,0.4244542104767651,0.19006751642785893,0.055843309672350766,0.07044006623675446,False,False,P11,x_neighbor,0.177996764958833,-23.879828669598304,0.0,0.0,0.0,0.0,0.0
1276,k6_supported_scene,421035,6,0.5,interior,task,0,P01,6.149215278795256,0.4926508495684621,0.5009735822677612,0.24680506091556847,0.08838330416158177,0.10561152158778178,False,False,P00,y_neighbor,0.221120650005401,-124.185373834792,0.7484424720247549,0.16206610408573338,-0.033519134186310647,0.16549608590576292,0.9746413457544484
1276,k6_supported_scene,421035,6,0.5,interior,task,0,P01,6.149215278795256,0.4926508495684621,0.5009735822677612,0.24680506091556847,0.08838330416158177,0.10561152158778178,False,False,P10,diagonal,0.0638801313590369,139.19540158061,0.43457948242577205,0.007393307196499901,-0.02675839718796156,0.02776099442330059,0.6436094528325278
1276,k6_supported_scene,421035,6,0.5,interior,task,0,P01,6.149215278795256,0.4926508495684621,0.5009735822677612,0.24680506091556847,0.08838330416158177,0.10561152158778178,False,False,P01,self,0.138642679019854,-127.753500672212,0.5009735822677612,0.0549157895652102,-0.042525714382886895,0.06945631956377564,0.9738277960194541
1276,k6_supported_scene,421035,6,0.5,interior,task,0,P01,6.149215278795256,0.4926508495684621,0.5009735822677612,0.24680506091556847,0.08838330416158177,0.10561152158778178,False,False,P11,x_neighbor,0.177996764958833,-23.879828669598304,0.0,0.0,0.0,0.0,0.0
1279,k6_supported_scene,421035,6,0.5,interior,task,1,P00,7.342211258375629,0.4294270890725124,0.4766334662478823,0.20467932196536973,0.053954585724939996,0.07034575939112536,False,False,P00,self,0.13840586460662296,-126.940543860558,0.4766334662478823,0.053244824710191846,0.038947144367482256,0.0659688669964898,0.8038433542063208
1279,k6_supported_scene,421035,6,0.5,interior,task,1,P00,7.342211258375629,0.4294270890725124,0.4766334662478823,0.20467932196536973,0.053954585724939996,0.07034575939112536,False,False,P10,x_neighbor,0.177287235448698,-24.2139363904075,0.7598504481420215,0.08853658816816566,0.10153096894913446,0.13471178530555328,0.9151378138012763
1279,k6_supported_scene,421035,6,0.5,interior,task,1,P00,7.342211258375629,0.4294270890725124,0.4766334662478823,0.20467932196536973,0.053954585724939996,0.07034575939112536,False,False,P01,y_neighbor,0.221120650005401,-124.185373834792,0.4420948028564453,-0.08086635260812404,0.05492654443871239,0.09775629017162678,0.29022007584494264
1279,k6_supported_scene,421035,6,0.5,interior,task,1,P00,7.342211258375629,0.4294270890725124,0.4766334662478823,0.20467932196536973,0.053954585724939996,0.07034575939112536,False,False,P11,diagonal,0.0636525603121721,139.228562638808,0.0,-0.0,0.0,0.0,0.0
1282,k6_supported_scene,421035,6,0.5,interior,task,2,P00,5.459903696439028,0.5333408087948931,0.40527740632165454,0.21615097967388777,0.08799101085569264,0.1019282872334798,False,False,P00,self,0.13840586460662296,-126.940543860558,0.40527740632165454,-0.041809642902167404,-0.03739455290963774,0.056092769827478246,0.7843657940090462
1282,k6_supported_scene,421035,6,0.5,interior,task,2,P00,5.459903696439028,0.5333408087948931,0.40527740632165454,0.21615097967388777,0.08799101085569264,0.1019282872334798,False,False,P10,x_neighbor,0.177287235448698,-24.2139363904075,0.6568289178873249,0.09484416499056399,-0.0675616561245034,0.1164473830150037,0.43226411571130624
1282,k6_supported_scene,421035,6,0.5,interior,task,2,P00,5.459903696439028,0.5333408087948931,0.40527740632165454,0.21615097967388777,0.08799101085569264,0.1019282872334798,False,False,P01,y_neighbor,0.221120650005401,-124.185373834792,0.6358663234531872,-0.09002101275043002,-0.1080068054131773,0.1406031747585133,0.8663936990991657
1282,k6_supported_scene,421035,6,0.5,interior,task,2,P00,5.459903696439028,0.5333408087948931,0.40527740632165454,0.21615097967388777,0.08799101085569264,0.1019282872334798,False,False,P11,diagonal,0.0636525603121721,139.228562638808,0.0,-0.0,0.0,0.0,0.0
1285,k6_supported_scene,421035,6,0.5,interior,task,3,P00,5.903264418067281,0.5068002017484835,0.50584510811842,0.2563624028478987,0.09640013435706488,0.11379588098944099,False,False,P00,self,0.13840586460662296,-126.940543860558,0.50584510811842,0.051564067183611714,-0.047358391592837404,0.0700119295461606,0.9049716489844253
1285,k6_supported_scene,421035,6,0.5,interior,task,3,P00,5.903264418067281,0.5068002017484835,0.50584510811842,0.2563624028478987,0.09640013435706488,0.11379588098944099,False,False,P10,x_neighbor,0.177287235448698,-24.2139363904075,0.48711009202087946,0.06286369676790621,0.059210887098657655,0.0863584015735426,0.48982269803584944
1285,k6_supported_scene,421035,6,0.5,interior,task,3,P00,5.903264418067281,0.5068002017484835,0.50584510811842,0.2563624028478987,0.09640013435706488,0.11379588098944099,False,False,P01,y_neighbor,0.221120650005401,-124.185373834792,0.7119300961494446,0.1302236303516349,-0.08845130006223317,0.1574224456189728,0.95731765358211
1285,k6_supported_scene,421035,6,0.5,interior,task,3,P00,5.903264418067281,0.5068002017484835,0.50584510811842,0.2563624028478987,0.09640013435706488,0.11379588098944099,False,False,P11,diagonal,0.0636525603121721,139.228562638808,0.0,-0.0,0.0,0.0,-0.0
1288,k6_supported_scene,421035,6,0.5,interior,task,4,P00,6.868707544731667,0.45348677132366944,0.5725433952374491,0.2596408557489224,0.07858673692528834,0.0982762024943799,False,False,P00,self,0.13840586460662296,-126.940543860558,0.5725433952374491,0.07830724965463452,-0.012144353952685271,0.07924336364265061,0.756265985747335
1288,k6_supported_scene,421035,6,0.5,interior,task,4,P00,6.868707544731667,0.45348677132366944,0.5725433952374491,0.2596408557489224,0.07858673692528834,0.0982762024943799,False,False,P10,x_neighbor,0.177287235448698,-24.2139363904075,0.6370553205629339,0.036003160341048245,0.10704960228506148,0.11294177661048665,0.7731464277872979
1288,k6_supported_scene,421035,6,0.5,interior,task,4,P00,6.868707544731667,0.45348677132366944,0.5725433952374491,0.2596408557489224,0.07858673692528834,0.0982762024943799,False,False,P01,y_neighbor,0.221120650005401,-124.185373834792,0.5160954769085746,0.10576134782160813,0.04286918828501802,0.11411936731887143,0.9848570556949127
1288,k6_supported_scene,421035,6,0.5,interior,task,4,P00,6.868707544731667,0.45348677132366944,0.5725433952374491,0.2596408557489224,0.07858673692528834,0.0982762024943799,False,False,P11,diagonal,0.0636525603121721,139.228562638808,0.0,-0.0,0.0,0.0,0.0
1291,k6_supported_scene,421035,6,0.5,interior,task,5,P00,9.575504027644188,0.3320662965497383,0.4934985637664795,0.16387424042254972,0.007816292070157854,0.02478744755025289,False,False,P00,self,0.13840586460662296,-126.940543860558,0.4934985637664795,0.05459190379530554,-0.04104920073833976,0.06830309540022625,0.25339640303314726
1291,k6_supported_scene,421035,6,0.5,interior,task,5,P00,9.575504027644188,0.3320662965497383,0.4934985637664795,0.16387424042254972,0.007816292070157854,0.02478744755025289,False,False,P10,x_neighbor,0.177287235448698,-24.2139363904075,0.5307437181472778,-0.08581572465794562,0.03859220801999997,0.09409408652209388,-0.03406184939093055
1291,k6_supported_scene,421035,6,0.5,interior,task,5,P00,9.575504027644188,0.3320662965497383,0.4934985637664795,0.16387424042254972,0.007816292070157854,0.02478744755025289,False,False,P01,y_neighbor,0.221120650005401,-124.185373834792,0.6890357382294857,-0.030858588917587283,-0.14920230000699092,0.15236003031425518,0.9830104393316218
1291,k6_supported_scene,421035,6,0.5,interior,task,5,P00,9.575504027644188,0.3320662965497383,0.4934985637664795,0.16387424042254972,0.007816292070157854,0.02478744755025289,False,False,P11,diagonal,0.0636525603121721,139.228562638808,0.0,-0.0,0.0,0.0,0.0
1294,k6_supported_scene,421036,6,0.5,corner,combined,-1,P11,-2.185867445256408,1.2861551831634253,0.1666759743800141,0.21437116835766945,0.16166359733079788,0.16739549623321914,False,False,P00,diagonal,0.063652560312172,139.228562638808,0.5739660769264838,-0.03523224695285587,-0.009667052949015756,0.03653441032870376,0.7694045021427531
1294,k6_supported_scene,421036,6,0.5,corner,combined,-1,P11,-2.185867445256408,1.2861551831634253,0.1666759743800141,0.21437116835766945,0.16166359733079788,0.16739549623321914,False,False,P10,y_neighbor,0.22114394099010298,-124.185421282005,0.42276020757967897,-0.07544846274908182,-0.05520932958104645,0.09349085839796423,0.9463786011702762
1294,k6_supported_scene,421036,6,0.5,corner,combined,-1,P11,-2.185867445256408,1.2861551831634253,0.1666759743800141,0.21437116835766945,0.16166359733079788,0.16739549623321914,False,False,P01,x_neighbor,0.177996764958833,-23.879828669598304,0.6812164771565222,-0.03460594333183341,-0.11621119149507601,0.12125432917051371,0.9490167276937521
1294,k6_supported_scene,421036,6,0.5,corner,combined,-1,P11,-2.185867445256408,1.2861551831634253,0.1666759743800141,0.21437116835766945,0.16166359733079788,0.16739549623321914,False,False,P11,self,0.13858096432942,-127.72686751526298,0.1666759743800141,0.02245967428006017,0.005393148634724369,0.023098117260128056,-0.7484898322507634
1297,k6_supported_scene,421036,6,0.5,corner,task,0,P00,6.195464158311439,0.49003465261509277,0.38644095434371806,0.18936945881806883,0.06716609912853999,0.08045559985168073,False,False,P00,self,0.13840586460662296,-126.940543860558,0.38644095434371806,0.04569378398452211,-0.027799237601027954,0.05348569440535082,0.9465827527328579
1297,k6_supported_scene,421036,6,0.5,corner,task,0,P00,6.195464158311439,0.49003465261509277,0.38644095434371806,0.18936945881806883,0.06716609912853999,0.08045559985168073,False,False,P10,x_neighbor,0.177287235448698,-24.2139363904075,0.3513099742417918,0.04270364231685732,-0.04533809529322348,0.06228277411888058,0.8269803554967895
1297,k6_supported_scene,421036,6,0.5,corner,task,0,P00,6.195464158311439,0.49003465261509277,0.38644095434371806,0.18936945881806883,0.06716609912853999,0.08045559985168073,False,False,P01,y_neighbor,0.221120650005401,-124.185373834792,0.45670298311185664,0.07194875348379975,0.07086354544782499,0.1009864604850994,0.5436381758726245
1297,k6_supported_scene,421036,6,0.5,corner,task,0,P00,6.195464158311439,0.49003465261509277,0.38644095434371806,0.18936945881806883,0.06716609912853999,0.08045559985168073,False,False,P11,diagonal,0.0636525603121721,139.228562638808,0.7201854199581083,0.024531803206168497,-0.03872527764168516,0.04584164587983049,0.7053432857248129
1300,k6_supported_scene,421036,6,0.5,corner,task,1,P10,-0.6227952257384697,1.0743350909156044,0.2256013220956135,0.24237141688427158,0.1710300147875306,0.17878832533777445,False,False,P00,x_neighbor,0.177287235448698,-24.2139363904075,0.5379723244046153,0.021396348884287254,0.09294464113828697,0.09537562614160437,0.9978339889938848
1300,k6_supported_scene,421036,6,0.5,corner,task,1,P10,-0.6227952257384697,1.0743350909156044,0.2256013220956135,0.24237141688427158,0.1710300147875306,0.17878832533777445,False,False,P10,self,0.136232878997807,-128.024603514836,0.2256013220956135,-0.029192484835320026,-0.009612341462246923,0.030734317614797,-0.5730203419958589
1300,k6_supported_scene,421036,6,0.5,corner,task,1,P10,-0.6227952257384697,1.0743350909156044,0.2256013220956135,0.24237141688427158,0.1710300147875306,0.17878832533777445,False,False,P01,diagonal,0.063880131359037,139.19540158061,0.5292953922492826,0.024497349412284063,0.02330439108763624,0.03381145918461718,0.8686844108584492
1300,k6_supported_scene,421036,6,0.5,corner,task,1,P10,-0.6227952257384697,1.0743350909156044,0.2256013220956135,0.24237141688427158,0.1710300147875306,0.17878832533777445,False,False,P11,y_neighbor,0.22114394099010298,-124.185421282005,0.6160651205869748,0.05309146213926902,0.12546864341675548,0.13623906867314667,0.9941515191368008
1303,k6_supported_scene,421036,6,0.5,corner,task,2,P01,5.798042726155367,0.5129769649303553,0.4459610757567766,0.22876775911878758,0.08774248440175628,0.10307885072666426,False,False,P00,y_neighbor,0.221120650005401,-124.185373834792,0.5351532960423409,0.03348894003409744,-0.11349579297784054,0.11833344467341518,0.928729242243211
1303,k6_supported_scene,421036,6,0.5,corner,task,2,P01,5.798042726155367,0.5129769649303553,0.4459610757567766,0.22876775911878758,0.08774248440175628,0.10307885072666426,False,False,P10,diagonal,0.0638801313590369,139.19540158061,0.3902159569621919,-0.008961642899281173,0.023260408599222314,0.02492704658913711,-0.8957645943632314
1303,k6_supported_scene,421036,6,0.5,corner,task,2,P01,5.798042726155367,0.5129769649303553,0.4459610757567766,0.22876775911878758,0.08774248440175628,0.10307885072666426,False,False,P01,self,0.138642679019854,-127.753500672212,0.4459610757567766,-0.053681946639430184,-0.0306774071829959,0.06182923828149557,0.5745665878739245
1303,k6_supported_scene,421036,6,0.5,corner,task,2,P01,5.798042726155367,0.5129769649303553,0.4459610757567766,0.22876775911878758,0.08774248440175628,0.10307885072666426,False,False,P11,x_neighbor,0.177996764958833,-23.879828669598304,0.6020474683377172,0.007932641299723847,-0.10686849384169371,0.10716250171576909,0.986089148066399
1306,k6_supported_scene,421036,6,0.5,corner,task,3,P10,5.076551253778682,0.5574070243409442,0.1900055162995695,0.10591040944890781,0.045825389498619064,0.05235957905042815,False,False,P00,x_neighbor,0.177287235448698,-24.2139363904075,0.5581412471012767,-0.07203057707630323,-0.06784511357675423,0.09895131868847398,0.39937813411828516
1306,k6_supported_scene,421036,6,0.5,corner,task,3,P10,5.076551253778682,0.5574070243409442,0.1900055162995695,0.10591040944890781,0.045825389498619064,0.05235957905042815,False,False,P10,self,0.136232878997807,-128.024603514836,0.1900055162995695,-0.0031435549962908326,0.025693407907427197,0.025884998510955094,-0.9752599762426639
1306,k6_supported_scene,421036,6,0.5,corner,task,3,P10,5.076551253778682,0.5574070243409442,0.1900055162995695,0.10591040944890781,0.045825389498619064,0.05235957905042815,False,False,P01,diagonal,0.063880131359037,139.19540158061,0.6056426154702163,0.028030923755131557,0.026665889335679958,0.03868852983286815,-0.4039228512604803
1306,k6_supported_scene,421036,6,0.5,corner,task,3,P10,5.076551253778682,0.5574070243409442,0.1900055162995695,0.10591040944890781,0.045825389498619064,0.05235957905042815,False,False,P11,y_neighbor,0.22114394099010298,-124.185421282005,0.5343905224985922,0.08292646330603157,-0.08419654666030663,0.11817722617309898,0.9076469655790723
1309,k6_supported_scene,421036,6,0.5,corner,task,4,P11,3.804507931482242,0.6453192247928842,0.37964208416129,0.24499033544971857,0.12493696728941744,0.13799265845073427,False,False,P00,diagonal,0.063652560312172,139.228562638808,0.5061894274359725,-0.03221068388984581,0.0007852073297343939,0.03222025305925205,0.9997046500339456
1309,k6_supported_scene,421036,6,0.5,corner,task,4,P11,3.804507931482242,0.6453192247928842,0.37964208416129,0.24499033544971857,0.12493696728941744,0.13799265845073427,False,False,P10,y_neighbor,0.22114394099010298,-124.185421282005,0.6749192519396343,-0.1431525950273535,-0.04223957348060127,0.14925430322402294,0.9442121886467333
1309,k6_supported_scene,421036,6,0.5,corner,task,4,P11,3.804507931482242,0.6453192247928842,0.37964208416129,0.24499033544971857,0.12493696728941744,0.13799265845073427,False,False,P01,x_neighbor,0.177996764958833,-23.879828669598304,0.37964208416129,-0.0180531585043166,0.06511891110531659,0.06757506282293864,0.3137301859073176
1309,k6_supported_scene,421036,6,0.5,corner,task,4,P11,3.804507931482242,0.6453192247928842,0.37964208416129,0.24499033544971857,0.12493696728941744,0.13799265845073427,False,False,P11,self,0.13858096432942,-127.72686751526298,0.37964208416129,-0.05128370526904208,-0.011743780256403945,0.0526111661231024,0.9627524542672093
1312,k6_supported_scene,421036,6,0.5,corner,task,5,P10,5.569602225295812,0.5266473324223127,0.4694764845712844,0.24724853823447193,0.09878703832105618,0.11493208715989717,False,False,P00,x_neighbor,0.177287235448698,-24.2139363904075,0.4173124134540558,0.06747506554449399,-0.030344226259646688,0.0739841640996936,0.9847153744216276
1312,k6_supported_scene,421036,6,0.5,corner,task,5,P10,5.569602225295812,0.5266473324223127,0.4694764845712844,0.24724853823447193,0.09878703832105618,0.11493208715989717,False,False,P10,self,0.136232878997807,-128.024603514836,0.4694764845712844,0.05710089896139261,-0.028811978921033786,0.06395813311491559,0.9915135969999012
1312,k6_supported_scene,421036,6,0.5,corner,task,5,P10,5.569602225295812,0.5266473324223127,0.4694764845712844,0.24724853823447193,0.09878703832105618,0.11493208715989717,False,False,P01,diagonal,0.063880131359037,139.19540158061,0.49555849630340515,0.006948530147160806,0.030884331099793362,0.03165634183994837,-0.3675528199764018
1312,k6_supported_scene,421036,6,0.5,corner,task,5,P10,5.569602225295812,0.5266473324223127,0.4694764845712844,0.24724853823447193,0.09878703832105618,0.11493208715989717,False,False,P11,y_neighbor,0.22114394099010298,-124.185421282005,0.599886590752565,0.07286228215009971,-0.1108607429688315,0.13266128482613931,0.9242727720729317
1315,k6_supported_scene,421036,6,0.5,edge,combined,-1,P11,6.047808117747656,0.4984362203671193,0.49865977771491654,0.24855009485333093,0.09086002734408988,0.10800867425134619,False,False,P00,diagonal,0.063652560312172,139.228562638808,0.0,-0.0,0.0,0.0,0.0
1315,k6_supported_scene,421036,6,0.5,edge,combined,-1,P11,6.047808117747656,0.4984362203671193,0.49865977771491654,0.24855009485333093,0.09086002734408988,0.10800867425134619,False,False,P10,y_neighbor,0.22114394099010298,-124.185421282005,0.8667977934616232,-0.1913040670968344,0.012111588860709788,0.19168708008762872,0.9838167498885229
1315,k6_supported_scene,421036,6,0.5,edge,combined,-1,P11,6.047808117747656,0.4984362203671193,0.49865977771491654,0.24855009485333093,0.09086002734408988,0.10800867425134619,False,False,P01,x_neighbor,0.177996764958833,-23.879828669598304,0.0,0.0,0.0,0.0,0.0
1315,k6_supported_scene,421036,6,0.5,edge,combined,-1,P11,6.047808117747656,0.4984362203671193,0.49865977771491654,0.24855009485333093,0.09086002734408988,0.10800867425134619,False,False,P11,self,0.13858096432942,-127.72686751526298,0.49865977771491654,-0.049921202777351854,0.04778431104676149,0.06910475286802736,0.8677425536911669
1318,k6_supported_scene,421036,6,0.5,edge,task,0,P10,9.721429200995136,0.32653409890201884,0.6829939513095407,0.22302081444639016,0.00703916302076113,0.030526964993622674,False,False,P00,x_neighbor,0.177287235448698,-24.2139363904075,0.0,0.0,0.0,0.0,0.0
1318,k6_supported_scene,421036,6,0.5,edge,task,0,P10,9.721429200995136,0.32653409890201884,0.6829939513095407,0.22302081444639016,0.00703916302076113,0.030526964993622674,False,False,P10,self,0.136232878997807,-128.024603514836,0.6829939513095407,-0.03762323914875569,0.08510048898702606,0.09304623232498674,0.7783705072093623
1318,k6_supported_scene,421036,6,0.5,edge,task,0,P10,9.721429200995136,0.32653409890201884,0.6829939513095407,0.22302081444639016,0.00703916302076113,0.030526964993622674,False,False,P01,diagonal,0.063880131359037,139.19540158061,0.0,-0.0,0.0,0.0,0.0
1318,k6_supported_scene,421036,6,0.5,edge,task,0,P10,9.721429200995136,0.32653409890201884,0.6829939513095407,0.22302081444639016,0.00703916302076113,0.030526964993622674,False,False,P11,y_neighbor,0.22114394099010298,-124.185421282005,0.7304240237140056,-0.16062608031143638,0.01705376207430713,0.16152884719796365,0.932318740646399
1324,k6_supported_scene,421036,6,0.5,edge,task,2,P11,7.085777279599439,0.44229408971452655,0.5637435960281528,0.2493404606376656,0.07106908265938408,0.09045592777212666,False,False,P00,diagonal,0.063652560312172,139.228562638808,0.0,-0.0,0.0,0.0,0.0
1324,k6_supported_scene,421036,6,0.5,edge,task,2,P11,7.085777279599439,0.44229408971452655,0.5637435960281528,0.2493404606376656,0.07106908265938408,0.09045592777212666,False,False,P10,y_neighbor,0.22114394099010298,-124.185421282005,0.8259498825647186,-0.019284072338239033,-0.18163298055504412,0.1826538120906746,0.9818164009940192
1324,k6_supported_scene,421036,6,0.5,edge,task,2,P11,7.085777279599439,0.44229408971452655,0.5637435960281528,0.2493404606376656,0.07106908265938408,0.09045592777212666,False,False,P01,x_neighbor,0.177996764958833,-23.879828669598304,0.0,0.0,0.0,0.0,-0.0
1324,k6_supported_scene,421036,6,0.5,edge,task,2,P11,7.085777279599439,0.44229408971452655,0.5637435960281528,0.2493404606376656,0.07106908265938408,0.09045592777212666,False,False,P11,self,0.13858096432942,-127.72686751526298,0.5637435960281528,-0.05363041050300854,-0.05680808869058032,0.07812413117211639,0.8961117541099566
1327,k6_supported_scene,421036,6,0.5,edge,task,3,P11,2.62492376906121,0.7391861339284298,0.2845983125881349,0.21037112640457817,0.12037323780267055,0.13016042375807169,False,False,P00,diagonal,0.063652560312172,139.228562638808,0.0,-0.0,0.0,0.0,0.0
1327,k6_supported_scene,421036,6,0.5,edge,task,3,P11,2.62492376906121,0.7391861339284298,0.2845983125881349,0.21037112640457817,0.12037323780267055,0.13016042375807169,False,False,P10,y_neighbor,0.22114394099010298,-124.185421282005,0.9586468859547731,-0.09851187678902866,0.1877204439927803,0.21199895037792835,0.9825906920334142
1327,k6_supported_scene,421036,6,0.5,edge,task,3,P11,2.62492376906121,0.7391861339284298,0.2845983125881349,0.21037112640457817,0.12037323780267055,0.13016042375807169,False,False,P01,x_neighbor,0.177996764958833,-23.879828669598304,0.0,0.0,0.0,0.0,0.0
1327,k6_supported_scene,421036,6,0.5,edge,task,3,P11,2.62492376906121,0.7391861339284298,0.2845983125881349,0.21037112640457817,0.12037323780267055,0.13016042375807169,False,False,P11,self,0.13858096432942,-127.72686751526298,0.2845983125881349,-0.03214931015752646,-0.02284574899549337,0.03943990860498944,0.05230567502154907
1330,k6_supported_scene,421036,6,0.5,edge,task,4,P10,8.843275885802491,0.36127358250549735,0.6997798359557026,0.2528119683008259,0.031522154072924774,0.05558721377076675,False,False,P00,x_neighbor,0.177287235448698,-24.2139363904075,0.0,0.0,0.0,0.0,0.0
1330,k6_supported_scene,421036,6,0.5,edge,task,4,P10,8.843275885802491,0.36127358250549735,0.6997798359557026,0.2528119683008259,0.031522154072924774,0.05558721377076675,False,False,P10,self,0.136232878997807,-128.024603514836,0.6997798359557026,-0.09391356189331385,0.01638987254916021,0.09533302171685845,0.9967466708471553
1330,k6_supported_scene,421036,6,0.5,edge,task,4,P10,8.843275885802491,0.36127358250549735,0.6997798359557026,0.2528119683008259,0.031522154072924774,0.05558721377076675,False,False,P01,diagonal,0.063880131359037,139.19540158061,0.0,-0.0,0.0,0.0,0.0
1330,k6_supported_scene,421036,6,0.5,edge,task,4,P10,8.843275885802491,0.36127358250549735,0.6997798359557026,0.2528119683008259,0.031522154072924774,0.05558721377076675,False,False,P11,y_neighbor,0.22114394099010298,-124.185421282005,0.7143585586934895,-0.15082080898199307,0.04700554549035995,0.15797606694948807,0.9988164620733329
1333,k6_supported_scene,421036,6,0.5,edge,task,5,P11,8.661172003434146,0.36892781508719086,0.65493053111238,0.24162208987718378,0.03451487112729468,0.057037586872074275,False,False,P00,diagonal,0.063652560312172,139.228562638808,0.0,-0.0,0.0,0.0,0.0
1333,k6_supported_scene,421036,6,0.5,edge,task,5,P11,8.661172003434146,0.36892781508719086,0.65493053111238,0.24162208987718378,0.03451487112729468,0.057037586872074275,False,False,P10,y_neighbor,0.22114394099010298,-124.185421282005,0.7556890845298767,-0.1382423452925198,0.09389798854115948,0.16711606231614,0.9667352068614478
1333,k6_supported_scene,421036,6,0.5,edge,task,5,P11,8.661172003434146,0.36892781508719086,0.65493053111238,0.24162208987718378,0.03451487112729468,0.057037586872074275,False,False,P01,x_neighbor,0.177996764958833,-23.879828669598304,0.0,0.0,0.0,0.0,0.0
1333,k6_supported_scene,421036,6,0.5,edge,task,5,P11,8.661172003434146,0.36892781508719086,0.65493053111238,0.24162208987718378,0.03451487112729468,0.057037586872074275,False,False,P11,self,0.13858096432942,-127.72686751526298,0.65493053111238,-0.020259498175331597,0.0884708682680847,0.09076090457033281,0.882154151979338
1336,k6_supported_scene,421036,6,0.5,interior,combined,-1,P10,2.8319421212148574,0.7217767592419868,0.3611857997088854,0.26069551599810464,0.14647853743915873,0.1588995267066422,False,False,P00,x_neighbor,0.177287235448698,-24.2139363904075,0.6945321460120916,0.06668728871497256,-0.10350950271518108,0.12313168409673518,0.8077057807449324
1336,k6_supported_scene,421036,6,0.5,interior,combined,-1,P10,2.8319421212148574,0.7217767592419868,0.3611857997088854,0.26069551599810464,0.14647853743915873,0.1588995267066422,False,False,P10,self,0.136232878997807,-128.024603514836,0.3611857997088854,-0.04243445778871346,-0.024909563338756536,0.04920538134746674,0.5555546609305105
1336,k6_supported_scene,421036,6,0.5,interior,combined,-1,P10,2.8319421212148574,0.7217767592419868,0.3611857997088854,0.26069551599810464,0.14647853743915873,0.1588995267066422,False,False,P01,diagonal,0.063880131359037,139.19540158061,0.0,-0.0,0.0,0.0,0.0
1336,k6_supported_scene,421036,6,0.5,interior,combined,-1,P10,2.8319421212148574,0.7217767592419868,0.3611857997088854,0.26069551599810464,0.14647853743915873,0.1588995267066422,False,False,P11,y_neighbor,0.22114394099010298,-124.185421282005,0.6222297509190526,-0.03942056001676805,-0.131834833159417,0.13760233931952948,0.9731307234459177
1339,k6_supported_scene,421036,6,0.5,interior,task,0,P10,5.131616158655035,0.5538844746491515,0.39951800243197616,0.2212868188899135,0.09494813349734005,0.10868734701119828,False,False,P00,x_neighbor,0.177287235448698,-24.2139363904075,0.6806603445468794,0.05367605954208336,-0.10807731734642792,0.12067239076427452,0.8073150068984286
1339,k6_supported_scene,421036,6,0.5,interior,task,0,P10,5.131616158655035,0.5538844746491515,0.39951800243197616,0.2212868188899135,0.09494813349734005,0.10868734701119828,False,False,P10,self,0.136232878997807,-128.024603514836,0.39951800243197616,-0.05076133496583521,0.019637675217381828,0.05442748768276096,-0.19757333505971722
1339,k6_supported_scene,421036,6,0.5,interior,task,0,P10,5.131616158655035,0.5538844746491515,0.39951800243197616,0.2212868188899135,0.09494813349734005,0.10868734701119828,False,False,P01,diagonal,0.063880131359037,139.19540158061,0.0,-0.0,0.0,0.0,0.0
1339,k6_supported_scene,421036,6,0.5,interior,task,0,P10,5.131616158655035,0.5538844746491515,0.39951800243197616,0.2212868188899135,0.09494813349734005,0.10868734701119828,False,False,P11,y_neighbor,0.22114394099010298,-124.185421282005,0.6140739996630215,-0.04040671617440506,-0.12964797049583712,0.13579874434503575,0.9913170244488294
1342,k6_supported_scene,421036,6,0.5,interior,task,1,P10,2.4944363965113943,0.7503746955794404,0.2973731897714277,0.22314131674822218,0.12910365727350243,0.13933016452147648,False,False,P00,x_neighbor,0.177287235448698,-24.2139363904075,0.7468907930762239,0.04699109557062885,-0.12379563129604357,0.13241420388656927,0.9966675531325109
1342,k6_supported_scene,421036,6,0.5,interior,task,1,P10,2.4944363965113943,0.7503746955794404,0.2973731897714277,0.22314131674822218,0.12910365727350243,0.13933016452147648,False,False,P10,self,0.136232878997807,-128.024603514836,0.2973731897714277,0.0030196318050868774,0.04039931232119666,0.040512005779322804,-0.9373926148027845
1342,k6_supported_scene,421036,6,0.5,interior,task,1,P10,2.4944363965113943,0.7503746955794404,0.2973731897714277,0.22314131674822218,0.12910365727350243,0.13933016452147648,False,False,P01,diagonal,0.063880131359037,139.19540158061,0.0,-0.0,0.0,0.0,-0.0
1342,k6_supported_scene,421036,6,0.5,interior,task,1,P10,2.4944363965113943,0.7503746955794404,0.2973731897714277,0.22314131674822218,0.12910365727350243,0.13933016452147648,False,False,P11,y_neighbor,0.22114394099010298,-124.185421282005,0.5947463889031749,0.011896588528502089,-0.13098542343263006,0.13152456033168056,0.9819004972403134
1345,k6_supported_scene,421036,6,0.5,interior,task,2,P11,8.587822176047919,0.3720564956576691,0.5913294889358593,0.22000797743251624,0.03301317416645094,0.05334868359550038,False,False,P00,diagonal,0.063652560312172,139.228562638808,0.548323708217876,-0.03464045830882742,0.004266469852572601,0.03490220790793215,0.33103196600242457
1345,k6_supported_scene,421036,6,0.5,interior,task,2,P11,8.587822176047919,0.3720564956576691,0.5913294889358593,0.22000797743251624,0.03301317416645094,0.05334868359550038,False,False,P10,y_neighbor,0.22114394099010298,-124.185421282005,0.5913294965494835,-0.02648569597596835,-0.12805866759309115,0.1307689352906463,0.9674118075006428
1345,k6_supported_scene,421036,6,0.5,interior,task,2,P11,8.587822176047919,0.3720564956576691,0.5913294889358593,0.22000797743251624,0.03301317416645094,0.05334868359550038,False,False,P01,x_neighbor,0.177996764958833,-23.879828669598304,0.0,0.0,0.0,0.0,-0.0
1345,k6_supported_scene,421036,6,0.5,interior,task,2,P11,8.587822176047919,0.3720564956576691,0.5913294889358593,0.22000797743251624,0.03301317416645094,0.05334868359550038,False,False,P11,self,0.13858096432942,-127.72686751526298,0.5913294889358593,-0.03653496613093228,-0.07335195178741251,0.08194701081315449,0.9999976577951627
1348,k6_supported_scene,421036,6,0.5,interior,task,3,P10,7.555194055288798,0.4190253497391753,0.6319212322104174,0.2647910153345808,0.06495997577407303,0.08669141385803666,False,False,P00,x_neighbor,0.177287235448698,-24.2139363904075,0.6381165949871821,-0.003383647062691994,-0.1130793142883694,0.11312992701921401,0.9628801368253327
1348,k6_supported_scene,421036,6,0.5,interior,task,3,P10,7.555194055288798,0.4190253497391753,0.6319212322104174,0.2647910153345808,0.06495997577407303,0.08669141385803666,False,False,P10,self,0.136232878997807,-128.024603514836,0.6319212322104174,-0.07494576869108865,-0.04235980129640329,0.08608844876386688,0.7295585091362174
1348,k6_supported_scene,421036,6,0.5,interior,task,3,P10,7.555194055288798,0.4190253497391753,0.6319212322104174,0.2647910153345808,0.06495997577407303,0.08669141385803666,False,False,P01,diagonal,0.063880131359037,139.19540158061,0.0,-0.0,0.0,0.0,0.0
1348,k6_supported_scene,421036,6,0.5,interior,task,3,P10,7.555194055288798,0.4190253497391753,0.6319212322104174,0.2647910153345808,0.06495997577407303,0.08669141385803666,False,False,P11,y_neighbor,0.22114394099010298,-124.185421282005,0.43986674962440725,-0.0007392262922912979,-0.09727105763132156,0.09727386652244834,0.9566176273232572
1351,k6_supported_scene,421036,6,0.5,interior,task,4,P11,6.747883910800204,0.4598390025981576,0.4131255168448916,0.1899712256138033,0.05932946633739167,0.0735366350992585,False,False,P00,diagonal,0.063652560312172,139.228562638808,0.7274601686820344,-0.0034142939526099064,0.04617865360048073,0.04630470226173602,0.37122206222807397
1351,k6_supported_scene,421036,6,0.5,interior,task,4,P11,6.747883910800204,0.4598390025981576,0.4131255168448916,0.1899712256138033,0.05932946633739167,0.0735366350992585,False,False,P10,y_neighbor,0.22114394099010298,-124.185421282005,0.5478403537574861,-0.12047447205436934,0.012790843408043852,0.12115157486334265,0.9799176754586822
1351,k6_supported_scene,421036,6,0.5,interior,task,4,P11,6.747883910800204,0.4598390025981576,0.4131255168448916,0.1899712256138033,0.05932946633739167,0.0735366350992585,False,False,P01,x_neighbor,0.177996764958833,-23.879828669598304,0.0,0.0,0.0,0.0,0.0
1351,k6_supported_scene,421036,6,0.5,interior,task,4,P11,6.747883910800204,0.4598390025981576,0.4131255168448916,0.1899712256138033,0.05932946633739167,0.0735366350992585,False,False,P11,self,0.13858096432942,-127.72686751526298,0.4131255168448916,-0.057227647921649596,-0.0016466292606166187,0.05725133251345513,0.9443156439790045
1354,k6_supported_scene,421036,6,0.5,interior,task,5,P11,7.1683788362516685,0.4381078734716125,0.4778777246857135,0.20936199374151063,0.05824378843493791,0.07467775149293976,False,False,P00,diagonal,0.063652560312172,139.228562638808,0.47787770071537533,-0.030335336221514984,-0.0022428924824787148,0.03041813916662751,-0.1575626411487017
1354,k6_supported_scene,421036,6,0.5,interior,task,5,P11,7.1683788362516685,0.4381078734716125,0.4778777246857135,0.20936199374151063,0.05824378843493791,0.07467775149293976,False,False,P10,y_neighbor,0.22114394099010298,-124.185421282005,0.7370656558823113,0.08952406862966822,-0.13621182039925733,0.16299760391026943,0.9395697937567977
1354,k6_supported_scene,421036,6,0.5,interior,task,5,P11,7.1683788362516685,0.4381078734716125,0.4778777246857135,0.20936199374151063,0.05824378843493791,0.07467775149293976,False,False,P01,x_neighbor,0.177996764958833,-23.879828669598304,0.0,0.0,0.0,0.0,0.0
1354,k6_supported_scene,421036,6,0.5,interior,task,5,P11,7.1683788362516685,0.4381078734716125,0.4778777246857135,0.20936199374151063,0.05824378843493791,0.07467775149293976,False,False,P11,self,0.13858096432942,-127.72686751526298,0.4778777246857135,-0.011046347386552469,-0.06529698695866355,0.06622475591849526,0.921213376364761
1357,k6_supported_scene,421037,6,0.5,corner,combined,-1,P10,5.556619114706764,0.527435119688095,0.4926851657635526,0.2598594593730483,0.10405873005400454,0.1210019132055288,False,False,P00,x_neighbor,0.177287235448698,-24.2139363904075,0.2926363044904267,-0.04202984433119511,-0.030415412040336813,0.05188068141503116,0.9985323703654025
1357,k6_supported_scene,421037,6,0.5,corner,combined,-1,P10,5.556619114706764,0.527435119688095,0.4926851657635526,0.2598594593730483,0.10405873005400454,0.1210019132055288,False,False,P10,self,0.136232878997807,-128.024603514836,0.4926851657635526,-0.06599019035852446,-0.012262880798893983,0.06711991857148054,0.8790729591356293
1357,k6_supported_scene,421037,6,0.5,corner,combined,-1,P10,5.556619114706764,0.527435119688095,0.4926851657635526,0.2598594593730483,0.10405873005400454,0.1210019132055288,False,False,P01,diagonal,0.063880131359037,139.19540158061,0.29259577557275024,0.002089360438535701,0.01857391097710833,0.018691056578686593,-0.7122044081494227
1357,k6_supported_scene,421037,6,0.5,corner,combined,-1,P10,5.556619114706764,0.527435119688095,0.4926851657635526,0.2598594593730483,0.10405873005400454,0.1210019132055288,False,False,P11,y_neighbor,0.22114394099010298,-124.185421282005,0.7655148531895067,-0.09602835104229072,-0.1394177595382476,0.16928897152078762,0.9590906340660513
1360,k6_supported_scene,421037,6,0.5,corner,task,0,P01,-0.42683390089468454,1.0503685145877568,0.2292618856920653,0.24080946632596273,0.16831049238075324,0.17619468778356082,False,False,P00,y_neighbor,0.221120650005401,-124.185373834792,0.7041615084709656,0.016438731483866417,0.15483444798448012,0.1557046504618836,0.9277557361667171
1360,k6_supported_scene,421037,6,0.5,corner,task,0,P01,-0.42683390089468454,1.0503685145877568,0.2292618856920653,0.24080946632596273,0.16831049238075324,0.17619468778356082,False,False,P10,diagonal,0.0638801313590369,139.19540158061,0.4585237328055858,0.0007307587759726626,0.029281439154702396,0.02929055628285676,0.894598140294079
1360,k6_supported_scene,421037,6,0.5,corner,task,0,P01,-0.42683390089468454,1.0503685145877568,0.2292618856920653,0.24080946632596273,0.16831049238075324,0.17619468778356082,False,False,P01,self,0.138642679019854,-127.753500672212,0.2292618856920653,0.008362448117391891,0.030665719123005315,0.03178548202949147,0.9754606713319316
1360,k6_supported_scene,421037,6,0.5,corner,task,0,P01,-0.42683390089468454,1.0503685145877568,0.2292618856920653,0.24080946632596273,0.16831049238075324,0.17619468778356082,False,False,P11,x_neighbor,0.177996764958833,-23.879828669598304,0.4912754490681925,0.08742008408760317,-0.0021057033175933305,0.08744544063783619,0.4476484835420879
1363,k6_supported_scene,421037,6,0.5,corner,task,1,P00,5.557290002989495,0.5273943827697933,0.3552953898906708,0.18738079285234338,0.07502652543113514,0.08724494660986182,False,False,P00,self,0.13840586460662296,-126.940543860558,0.3552953898906708,0.029553463478629652,0.03930356270095501,0.049174965628565506,-0.3227841512811428
1363,k6_supported_scene,421037,6,0.5,corner,task,1,P00,5.557290002989495,0.5273943827697933,0.3552953898906708,0.18738079285234338,0.07502652543113514,0.08724494660986182,False,False,P10,x_neighbor,0.177287235448698,-24.2139363904075,0.2337469458580017,-0.01699654739217931,-0.037794443644869884,0.041440349825741615,0.10634693714732386
1363,k6_supported_scene,421037,6,0.5,corner,task,1,P00,5.557290002989495,0.5273943827697933,0.3552953898906708,0.18738079285234338,0.07502652543113514,0.08724494660986182,False,False,P01,y_neighbor,0.221120650005401,-124.185373834792,0.757340173960579,-0.15987861543675175,0.04982839974226775,0.1674635515413667,0.9999028191462372
1363,k6_supported_scene,421037,6,0.5,corner,task,1,P00,5.557290002989495,0.5273943827697933,0.3552953898906708,0.18738079285234338,0.07502652543113514,0.08724494660986182,False,False,P11,diagonal,0.0636525603121721,139.228562638808,0.495543563586656,-0.03077738136302,0.006905755311561837,0.03154261656850831,0.9954583431627207
1366,k6_supported_scene,421037,6,0.5,corner,task,2,P00,6.621356998441659,0.46658647971182104,0.37913090662509047,0.1768973550721521,0.05700563544216135,0.07004374747745486,False,False,P00,self,0.13840586460662296,-126.940543860558,0.37913090662509047,-0.008041837897921525,-0.05185405789333363,0.05247394093053849,0.9825860448366412
1366,k6_supported_scene,421037,6,0.5,corner,task,2,P00,6.621356998441659,0.46658647971182104,0.37913090662509047,0.1768973550721521,0.05700563544216135,0.07004374747745486,False,False,P10,x_neighbor,0.177287235448698,-24.2139363904075,0.4615506529617391,0.06167224743964558,-0.05377916188995255,0.08182703928312814,0.6817640199500727
1366,k6_supported_scene,421037,6,0.5,corner,task,2,P00,6.621356998441659,0.46658647971182104,0.37913090662509047,0.1768973550721521,0.05700563544216135,0.07004374747745486,False,False,P01,y_neighbor,0.221120650005401,-124.185373834792,0.5110025169102242,-0.03362087314948593,-0.10787540080823876,0.1129932086935847,0.9443586799407933
1366,k6_supported_scene,421037,6,0.5,corner,task,2,P00,6.621356998441659,0.46658647971182104,0.37913090662509047,0.1768973550721521,0.05700563544216135,0.07004374747745486,False,False,P11,diagonal,0.0636525603121721,139.228562638808,0.6181481868039563,-0.014166973991898278,0.036707775864693426,0.03934671474239865,-0.944314052480875
1369,k6_supported_scene,421037,6,0.5,corner,task,3,P10,2.1220880360537486,0.7832413335887096,0.30727442290752316,0.24067002877578966,0.14350132446563052,0.15406832990211983,False,False,P00,x_neighbor,0.177287235448698,-24.2139363904075,0.6452762586030047,-0.10695322868433813,-0.040597954371057676,0.11439924398840584,0.995667736337535
1369,k6_supported_scene,421037,6,0.5,corner,task,3,P10,2.1220880360537486,0.7832413335887096,0.30727442290752316,0.24067002877578966,0.14350132446563052,0.15406832990211983,False,False,P10,self,0.136232878997807,-128.024603514836,0.30727442290752316,-0.04155104146994796,-0.0050837158108630945,0.04186087927508158,0.989079102111703
1369,k6_supported_scene,421037,6,0.5,corner,task,3,P10,2.1220880360537486,0.7832413335887096,0.30727442290752316,0.24067002877578966,0.14350132446563052,0.15406832990211983,False,False,P01,diagonal,0.063880131359037,139.19540158061,0.5454120406015945,-0.002548902746853758,0.034747631199368856,0.03484099279843028,-0.1951835505297665
1369,k6_supported_scene,421037,6,0.5,corner,task,3,P10,2.1220880360537486,0.7832413335887096,0.30727442290752316,0.24067002877578966,0.14350132446563052,0.15406832990211983,False,False,P11,y_neighbor,0.22114394099010298,-124.185421282005,0.4378660400748439,-0.08091888541689092,-0.053183251280181164,0.09683142172788135,0.9517887749856994
1372,k6_supported_scene,421037,6,0.5,corner,task,4,P10,8.317648737188074,0.383811128771658,0.5540314093718753,0.212643420605972,0.03744330571714363,0.05649615385016374,False,False,P00,x_neighbor,0.177287235448698,-24.2139363904075,0.33241883992136423,0.048000304148671506,-0.03419271897530563,0.058933617140721956,0.4478815481394098
1372,k6_supported_scene,421037,6,0.5,corner,task,4,P10,8.317648737188074,0.383811128771658,0.5540314093718753,0.212643420605972,0.03744330571714363,0.05649615385016374,False,False,P10,self,0.136232878997807,-128.024603514836,0.5540314093718753,-0.07545633141850122,-0.0017787499743500065,0.07547729395394316,0.17719613739681914
1372,k6_supported_scene,421037,6,0.5,corner,task,4,P10,8.317648737188074,0.383811128771658,0.5540314093718753,0.212643420605972,0.03744330571714363,0.05649615385016374,False,False,P01,diagonal,0.063880131359037,139.19540158061,0.29212563351354925,-0.004096072908863413,-0.018205933031953152,0.01866102384218743,0.9977741899185317
1372,k6_supported_scene,421037,6,0.5,corner,task,4,P10,8.317648737188074,0.383811128771658,0.5540314093718753,0.212643420605972,0.03744330571714363,0.05649615385016374,False,False,P11,y_neighbor,0.22114394099010298,-124.185421282005,0.7051308620097361,-0.0011850272460932898,-0.15593091488134078,0.15593541773858152,0.9892195773325757
1375,k6_supported_scene,421037,6,0.5,corner,task,5,P10,-5.675793120123,1.9221605339074428,0.12525168074426202,0.24075383753219531,0.20114577834058314,0.20545311762001406,False,False,P00,x_neighbor,0.177287235448698,-24.2139363904075,0.5323196315036176,-0.04695680150471236,-0.08186215081092363,0.09437347584434602,0.990657623778905
1375,k6_supported_scene,421037,6,0.5,corner,task,5,P10,-5.675793120123,1.9221605339074428,0.12525168074426202,0.24075383753219531,0.20114577834058314,0.20545311762001406,False,False,P10,self,0.136232878997807,-128.024603514836,0.12525168074426202,-0.004567054484553016,-0.016440849515910416,0.017063397067105003,0.9261846325692853
1375,k6_supported_scene,421037,6,0.5,corner,task,5,P10,-5.675793120123,1.9221605339074428,0.12525168074426202,0.24075383753219531,0.20114577834058314,0.20545311762001406,False,False,P01,diagonal,0.063880131359037,139.19540158061,0.49056906144649404,0.02975194129930161,-0.009842162916199486,0.03133761608588154,-0.33170562916393187
1375,k6_supported_scene,421037,6,0.5,corner,task,5,P10,-5.675793120123,1.9221605339074428,0.12525168074426202,0.24075383753219531,0.20114577834058314,0.20545311762001406,False,False,P11,y_neighbor,0.22114394099010298,-124.185421282005,0.6784466451043437,-0.12537885951147892,-0.08240420027832465,0.15003436484988833,0.9454703385033841
1378,k6_supported_scene,421037,6,0.5,edge,combined,-1,P10,4.694615790084711,0.5824641638168992,0.37449908501119755,0.21813229640124104,0.09970528737280017,0.11258411350426957,False,False,P00,x_neighbor,0.177287235448698,-24.2139363904075,0.3793837134947245,0.02771884018473321,-0.06128261308572998,0.0672598897397406,0.8825788033792924
1378,k6_supported_scene,421037,6,0.5,edge,combined,-1,P10,4.694615790084711,0.5824641638168992,0.37449908501119755,0.21813229640124104,0.09970528737280017,0.11258411350426957,False,False,P10,self,0.136232878997807,-128.024603514836,0.37449908501119755,-0.019586622217548262,-0.04710957041682054,0.05101908853311992,0.9462617965276577
1378,k6_supported_scene,421037,6,0.5,edge,combined,-1,P10,4.694615790084711,0.5824641638168992,0.37449908501119755,0.21813229640124104,0.09970528737280017,0.11258411350426957,False,False,P01,diagonal,0.063880131359037,139.19540158061,0.589471547731649,-0.028342302846528875,0.02479217716153327,0.03765551990151259,-0.6083506773069443
1378,k6_supported_scene,421037,6,0.5,edge,combined,-1,P10,4.694615790084711,0.5824641638168992,0.37449908501119755,0.21813229640124104,0.09970528737280017,0.11258411350426957,False,False,P11,y_neighbor,0.22114394099010298,-124.185421282005,0.6069116270667217,0.00610622207238911,-0.13407585310876527,0.13421482904225052,0.9939325707534157
1381,k6_supported_scene,421037,6,0.5,edge,task,0,P11,4.004634983170435,0.6306207414779962,0.284401839291293,0.1793496987715811,0.08941394048141577,0.09919436982370147,False,False,P00,diagonal,0.063652560312172,139.228562638808,0.4684265725243065,0.0007266295471373748,0.02980769536088674,0.029816550659427423,-0.2924427546303015
1381,k6_supported_scene,421037,6,0.5,edge,task,0,P11,4.004634983170435,0.6306207414779962,0.284401839291293,0.1793496987715811,0.08941394048141577,0.09919436982370147,False,False,P10,y_neighbor,0.22114394099010298,-124.185421282005,0.669180800743275,0.08127876300948861,-0.12366650975781301,0.14798527951128068,0.7849415406243917
1381,k6_supported_scene,421037,6,0.5,edge,task,0,P11,4.004634983170435,0.6306207414779962,0.284401839291293,0.1793496987715811,0.08941394048141577,0.09919436982370147,False,False,P01,x_neighbor,0.177996764958833,-23.879828669598304,0.5018856171755479,0.08930811201984971,-0.002151182096833529,0.08933401623661483,0.956198217601557
1381,k6_supported_scene,421037,6,0.5,edge,task,0,P11,4.004634983170435,0.6306207414779962,0.284401839291293,0.1793496987715811,0.08941394048141577,0.09919436982370147,False,False,P11,self,0.13858096432942,-127.72686751526298,0.284401839291293,-0.0011335631498952947,0.03939637635246744,0.03941268114604811,-0.3428208133288168
1384,k6_supported_scene,421037,6,0.5,edge,task,1,P00,1.1660413542433774,0.8743754035745388,0.20090854167938232,0.17566948721248196,0.11213662790351012,0.11904576675104153,False,False,P00,self,0.13840586460662296,-126.940543860558,0.20090854167938232,-0.02222494771880624,0.01671156850893402,0.027806920417990662,-0.46127422126191936
1384,k6_supported_scene,421037,6,0.5,edge,task,1,P00,1.1660413542433774,0.8743754035745388,0.20090854167938232,0.17566948721248196,0.11213662790351012,0.11904576675104153,False,False,P10,x_neighbor,0.177287235448698,-24.2139363904075,0.44199881603308816,0.041566691269285624,-0.06642753216908967,0.07836074816610386,0.7488718970876621
1384,k6_supported_scene,421037,6,0.5,edge,task,1,P00,1.1660413542433774,0.8743754035745388,0.20090854167938232,0.17566948721248196,0.11213662790351012,0.11904576675104153,False,False,P01,y_neighbor,0.221120650005401,-124.185373834792,0.42592615072416556,-0.009943293681728693,-0.09365470809832771,0.0941810673024259,0.9982286220573539
1384,k6_supported_scene,421037,6,0.5,edge,task,1,P00,1.1660413542433774,0.8743754035745388,0.20090854167938232,0.17566948721248196,0.11213662790351012,0.11904576675104153,False,False,P11,diagonal,0.0636525603121721,139.228562638808,0.7634525193401714,-0.03830513169803808,-0.029904174895948044,0.048595707532779996,0.736684481366673
1387,k6_supported_scene,421037,6,0.5,edge,task,2,P10,6.163884515183375,0.49181953430040654,0.27931789875075785,0.13737399888536586,0.04904592375489637,0.05865151906178698,False,False,P00,x_neighbor,0.177287235448698,-24.2139363904075,0.4600530018754541,0.061472131331422694,-0.05360465844913072,0.08156152486237393,-0.06084590863366773
1387,k6_supported_scene,421037,6,0.5,edge,task,2,P10,6.163884515183375,0.49181953430040654,0.27931789875075785,0.13737399888536586,0.04904592375489637,0.05865151906178698,False,False,P10,self,0.136232878997807,-128.024603514836,0.27931789875075785,-0.0311323123289842,-0.02188047660794976,0.038052281502433706,0.9838153733308346
1387,k6_supported_scene,421037,6,0.5,edge,task,2,P10,6.163884515183375,0.49181953430040654,0.27931789875075785,0.13737399888536586,0.04904592375489637,0.05865151906178698,False,False,P01,diagonal,0.063880131359037,139.19540158061,0.6161424580943579,-0.014150237876243242,0.03672767630852743,0.03935926115894753,-0.41234600076972855
1387,k6_supported_scene,421037,6,0.5,edge,task,2,P10,6.163884515183375,0.49181953430040654,0.27931789875075785,0.13737399888536586,0.04904592375489637,0.05865151906178698,False,False,P11,y_neighbor,0.22114394099010298,-124.185421282005,0.5750662680590409,-0.11260840181712123,-0.05909460605504504,0.12717242084904729,0.9524855905564716
1390,k6_supported_scene,421037,6,0.5,edge,task,3,P00,5.360965576328908,0.5394506505659413,0.3178810777303505,0.17148115418424015,0.0709583311145466,0.08189009381952325,False,False,P00,self,0.13840586460662296,-126.940543860558,0.3178810777303505,-0.043562055989573426,-0.006168351899471996,0.04399660540535428,0.6640557427935845
1390,k6_supported_scene,421037,6,0.5,edge,task,3,P00,5.360965576328908,0.5394506505659413,0.3178810777303505,0.17148115418424015,0.0709583311145466,0.08189009381952325,False,False,P10,x_neighbor,0.177287235448698,-24.2139363904075,0.5086097134884466,0.06796026234613652,-0.05926241178068336,0.09017001002672108,0.13119181464419438
1390,k6_supported_scene,421037,6,0.5,edge,task,3,P00,5.360965576328908,0.5394506505659413,0.3178810777303505,0.17148115418424015,0.0709583311145466,0.08189009381952325,False,False,P01,y_neighbor,0.221120650005401,-124.185373834792,0.45298052956563933,-0.08370322374139107,-0.05501333334482,0.10016334913734493,0.9195823142624057
1390,k6_supported_scene,421037,6,0.5,edge,task,3,P00,5.360965576328908,0.5394506505659413,0.3178810777303505,0.17148115418424015,0.0709583311145466,0.08189009381952325,False,False,P11,diagonal,0.0636525603121721,139.228562638808,0.6596032039480773,-0.03546769529227907,-0.02246818086667975,0.041985432721406944,0.9128629043750699
1393,k6_supported_scene,421037,6,0.5,edge,task,4,P10,0.40428038412487055,0.9545220840662406,0.2547684510151162,0.24318211281727664,0.16261725470119626,0.17137860744070788,False,False,P00,x_neighbor,0.177287235448698,-24.2139363904075,0.467075498270384,0.021656665669398178,-0.07992439691098363,0.08280652383417951,0.898770665196979
1393,k6_supported_scene,421037,6,0.5,edge,task,4,P10,0.40428038412487055,0.9545220840662406,0.2547684510151162,0.24318211281727664,0.16261725470119626,0.17137860744070788,False,False,P10,self,0.136232878997807,-128.024603514836,0.2547684510151162,-0.01563525181527153,-0.03098665886422825,0.03470783955960104,0.9615852233899285
1393,k6_supported_scene,421037,6,0.5,edge,task,4,P10,0.40428038412487055,0.9545220840662406,0.2547684510151162,0.24318211281727664,0.16261725470119626,0.17137860744070788,False,False,P01,diagonal,0.063880131359037,139.19540158061,0.5944597091773891,-0.03768668353991211,0.004663800896082346,0.03797416430990655,0.06605436285916852
1393,k6_supported_scene,421037,6,0.5,edge,task,4,P10,0.40428038412487055,0.9545220840662406,0.2547684510151162,0.24318211281727664,0.16261725470119626,0.17137860744070788,False,False,P11,y_neighbor,0.22114394099010298,-124.185421282005,0.6029520428604304,-0.01407757286992202,-0.1325939734488089,0.13333919098618907,0.996519721175176
1396,k6_supported_scene,421037,6,0.5,edge,task,5,P00,-1.254560045682388,1.1553883982335644,0.0773020062353932,0.08931384116455196,0.06486880042411389,0.0675271756719189,False,False,P00,self,0.13840586460662296,-126.940543860558,0.0773020062353932,-0.0026680782043932245,-0.01036103523712374,0.010699051008836155,-0.049545874877524154
1396,k6_supported_scene,421037,6,0.5,edge,task,5,P00,-1.254560045682388,1.1553883982335644,0.0773020062353932,0.08931384116455196,0.06486880042411389,0.0675271756719189,False,False,P10,x_neighbor,0.177287235448698,-24.2139363904075,0.47025384567582373,0.041481875677099905,0.07231743635149743,0.08337000425898547,-0.2174356397812759
1396,k6_supported_scene,421037,6,0.5,edge,task,5,P00,-1.254560045682388,1.1553883982335644,0.0773020062353932,0.08931384116455196,0.06486880042411389,0.0675271756719189,False,False,P01,y_neighbor,0.221120650005401,-124.185373834792,0.41871919470376545,-0.07737230178560532,-0.05085238203589044,0.09258746050263468,0.6347965558334404
1396,k6_supported_scene,421037,6,0.5,edge,task,5,P00,-1.254560045682388,1.1553883982335644,0.0773020062353932,0.08931384116455196,0.06486880042411389,0.0675271756719189,False,False,P11,diagonal,0.0636525603121721,139.228562638808,0.7730200196276916,-0.046723895431573584,0.015426614487092625,0.049204703421868105,0.999850436238219
1399,k6_supported_scene,421037,6,0.5,interior,combined,-1,P11,6.065646401552015,0.4974136281675175,0.2739436884287929,0.13626332397495786,0.04963472336870797,0.059055502415424094,False,False,P00,diagonal,0.063652560312172,139.228562638808,0.713650024445905,-0.036794413897025806,0.026639461236897904,0.045425651222825984,-0.07721177208154596
1399,k6_supported_scene,421037,6,0.5,interior,combined,-1,P11,6.065646401552015,0.4974136281675175,0.2739436884287929,0.13626332397495786,0.04963472336870797,0.059055502415424094,False,False,P10,y_neighbor,0.22114394099010298,-124.185421282005,0.0,0.0,-0.0,0.0,0.0
1399,k6_supported_scene,421037,6,0.5,interior,combined,-1,P11,6.065646401552015,0.4974136281675175,0.2739436884287929,0.13626332397495786,0.04963472336870797,0.059055502415424094,False,False,P01,x_neighbor,0.177996764958833,-23.879828669598304,0.6447157911944034,0.08710898870639133,0.07470788286548065,0.11475732515047826,0.987553577929438
1399,k6_supported_scene,421037,6,0.5,interior,combined,-1,P11,6.065646401552015,0.4974136281675175,0.2739436884287929,0.13626332397495786,0.04963472336870797,0.059055502415424094,False,False,P11,self,0.13858096432942,-127.72686751526298,0.2739436884287929,0.037879293899037485,0.002525342312045608,0.03796338051442029,0.6965057273500709
1402,k6_supported_scene,421037,6,0.5,interior,task,0,P00,9.002586971136084,0.35470772874768536,0.5257589513468174,0.18649076350099442,0.020231184853234968,0.03831175805745757,False,False,P00,self,0.13840586460662296,-126.940543860558,0.5257589513468174,-0.0040500357807686585,-0.07265532894360091,0.07276812223582768,0.36843286318504526
1402,k6_supported_scene,421037,6,0.5,interior,task,0,P00,9.002586971136084,0.35470772874768536,0.5257589513468174,0.18649076350099442,0.020231184853234968,0.03831175805745757,False,False,P10,x_neighbor,0.177287235448698,-24.2139363904075,0.0,0.0,0.0,0.0,0.0
1402,k6_supported_scene,421037,6,0.5,interior,task,0,P00,9.002586971136084,0.35470772874768536,0.5257589513468174,0.18649076350099442,0.020231184853234968,0.03831175805745757,False,False,P01,y_neighbor,0.221120650005401,-124.185373834792,0.6164070196111542,0.13629638583391274,-0.0010356982548665877,0.13630032084431035,0.9108698029873791
1402,k6_supported_scene,421037,6,0.5,interior,task,0,P00,9.002586971136084,0.35470772874768536,0.5257589513468174,0.18649076350099442,0.020231184853234968,0.03831175805745757,False,False,P11,diagonal,0.0636525603121721,139.228562638808,0.5861909941155611,0.03703273154724132,-0.004561112732104924,0.03731255760739288,0.9521928208811951
1405,k6_supported_scene,421037,6,0.5,interior,task,1,P11,8.102965723304848,0.39341572406021974,0.45197075744548365,0.1778124027944609,0.03488669986253748,0.05042973597295913,False,False,P00,diagonal,0.063652560312172,139.228562638808,0.5732311940176427,-0.02516422787572461,0.026421752559387644,0.036487633150026365,-0.010976273460688283
1405,k6_supported_scene,421037,6,0.5,interior,task,1,P11,8.102965723304848,0.39341572406021974,0.45197075744548365,0.1778124027944609,0.03488669986253748,0.05042973597295913,False,False,P10,y_neighbor,0.22114394099010298,-124.185421282005,0.0,0.0,-0.0,0.0,0.0
1405,k6_supported_scene,421037,6,0.5,interior,task,1,P11,8.102965723304848,0.39341572406021974,0.45197075744548365,0.1778124027944609,0.03488669986253748,0.05042973597295913,False,False,P01,x_neighbor,0.177996764958833,-23.879828669598304,0.6834679381851482,0.09587182547087511,0.07489026669169375,0.12165508195004002,0.9962258404205643
1405,k6_supported_scene,421037,6,0.5,interior,task,1,P11,8.102965723304848,0.39341572406021974,0.45197075744548365,0.1778124027944609,0.03488669986253748,0.05042973597295913,False,False,P11,self,0.13858096432942,-127.72686751526298,0.45197075744548365,0.059389790054718936,0.019898212636409045,0.0626345434154935,0.9103118130599118
1408,k6_supported_scene,421037,6,0.5,interior,task,2,P01,6.22750772067314,0.4882301711146766,0.4611834281483305,0.2251636640401126,0.07932465883277914,0.09518451383258447,False,False,P00,y_neighbor,0.221120650005401,-124.185373834792,0.480808266008714,-0.02153308861514154,-0.10411317520132121,0.10631663630781658,0.8230406208909369
1408,k6_supported_scene,421037,6,0.5,interior,task,2,P01,6.22750772067314,0.4882301711146766,0.4611834281483305,0.2251636640401126,0.07932465883277914,0.09518451383258447,False,False,P10,diagonal,0.0638801313590369,139.19540158061,0.0,-0.0,0.0,0.0,-0.0
1408,k6_supported_scene,421037,6,0.5,interior,task,2,P01,6.22750772067314,0.4882301711146766,0.4611834281483305,0.2251636640401126,0.07932465883277914,0.09518451383258447,False,False,P01,self,0.138642679019854,-127.753500672212,0.4611834281483305,-0.01682190827279891,-0.06168718996013643,0.06393970599804488,0.7860965945284248
1408,k6_supported_scene,421037,6,0.5,interior,task,2,P01,6.22750772067314,0.4882301711146766,0.4611834281483305,0.2251636640401126,0.07932465883277914,0.09518451383258447,False,False,P11,x_neighbor,0.177996764958833,-23.879828669598304,0.7457434106314077,0.12605947702843262,-0.041579961213188396,0.13273991458175716,0.6584151332133743
1411,k6_supported_scene,421037,6,0.5,interior,task,3,P01,9.344172855598282,0.3410290358569419,0.49568364080712385,0.16904251411451215,0.01229358373098266,0.02933988285873032,False,False,P00,y_neighbor,0.221120650005401,-124.185373834792,0.7047068492992409,-0.11101915801550746,-0.10934464279897857,0.1558252365803063,0.9875554966899007
1411,k6_supported_scene,421037,6,0.5,interior,task,3,P01,9.344172855598282,0.3410290358569419,0.49568364080712385,0.16904251411451215,0.01229358373098266,0.02933988285873032,False,False,P10,diagonal,0.0638801313590369,139.19540158061,0.0,-0.0,0.0,0.0,0.0
1411,k6_supported_scene,421037,6,0.5,interior,task,3,P01,9.344172855598282,0.3410290358569419,0.49568364080712385,0.16904251411451215,0.01229358373098266,0.02933988285873032,False,False,P01,self,0.138642679019854,-127.753500672212,0.49568364080712385,0.021802116345145173,-0.0651728915591347,0.06872290790781467,0.29269883580199546
1411,k6_supported_scene,421037,6,0.5,interior,task,3,P01,9.344172855598282,0.3410290358569419,0.49568364080712385,0.16904251411451215,0.01229358373098266,0.02933988285873032,False,False,P11,x_neighbor,0.177996764958833,-23.879828669598304,0.5076278234071825,-0.048375503806672174,0.07631538057671576,0.09035611036957224,-0.05487918759048865
1417,k6_supported_scene,421037,6,0.5,interior,task,5,P00,8.074617262967683,0.39470182716772295,0.6108671449396915,0.24111037826442647,0.04793722568706388,0.06894462480759889,False,False,P00,self,0.13840586460662296,-126.940543860558,0.6108671449396915,0.02795736533071919,-0.07979148829357749,0.08454759535515728,0.9981926333096774
1417,k6_supported_scene,421037,6,0.5,interior,task,5,P00,8.074617262967683,0.39470182716772295,0.6108671449396915,0.24111037826442647,0.04793722568706388,0.06894462480759889,False,False,P10,x_neighbor,0.177287235448698,-24.2139363904075,0.0,0.0,0.0,0.0,0.0
1417,k6_supported_scene,421037,6,0.5,interior,task,5,P00,8.074617262967683,0.39470182716772295,0.6108671449396915,0.24111037826442647,0.04793722568706388,0.06894462480759889,False,False,P01,y_neighbor,0.221120650005401,-124.185373834792,0.5850558515411749,0.04859734035893159,-0.11989311852511447,0.129367930182248,0.9941500912835193
1417,k6_supported_scene,421037,6,0.5,interior,task,5,P00,8.074617262967683,0.39470182716772295,0.6108671449396915,0.24111037826442647,0.04793722568706388,0.06894462480759889,False,False,P11,diagonal,0.0636525603121721,139.228562638808,0.5334332337293236,-0.010645349871438274,-0.032242475089486786,0.03395439108247278,0.8277118487784225
1420,k6_supported_scene,421038,6,0.5,corner,combined,-1,P10,6.911066138782099,0.4512806300584585,0.5807603014750553,0.2620858747626033,0.07843334203588126,0.0984053826792739,False,False,P00,x_neighbor,0.177287235448698,-24.2139363904075,0.3016423788820456,-0.05172488548419506,0.013578014718881547,0.053477343446166586,0.8011013209190356
1420,k6_supported_scene,421038,6,0.5,corner,combined,-1,P10,6.911066138782099,0.4512806300584585,0.5807603014750553,0.2620858747626033,0.07843334203588126,0.0984053826792739,False,False,P10,self,0.136232878997807,-128.024603514836,0.5807603014750553,-0.07829808062299987,0.011365342613880329,0.07911864787758112,0.8632622940464697
1420,k6_supported_scene,421038,6,0.5,corner,combined,-1,P10,6.911066138782099,0.4512806300584585,0.5807603014750553,0.2620858747626033,0.07843334203588126,0.0984053826792739,False,False,P01,diagonal,0.063880131359037,139.19540158061,0.0,-0.0,0.0,0.0,0.0
1420,k6_supported_scene,421038,6,0.5,corner,combined,-1,P10,6.911066138782099,0.4512806300584585,0.5807603014750553,0.2620858747626033,0.07843334203588126,0.0984053826792739,False,False,P11,y_neighbor,0.22114394099010298,-124.185421282005,0.7561278748288661,-0.11288265526809868,-0.12336014885921565,0.16721309813212676,0.9027101375797161
1426,k6_supported_scene,421038,6,0.5,corner,task,1,P10,6.951723996917258,0.4491731628187017,0.4539219224415372,0.20388954557581065,0.06034683009605499,0.07595696574221311,False,False,P00,x_neighbor,0.177287235448698,-24.2139363904075,0.598351675376853,-0.10337628701643704,0.023797771828064345,0.10608011435365906,0.8945628385599889
1426,k6_supported_scene,421038,6,0.5,corner,task,1,P10,6.951723996917258,0.4491731628187017,0.4539219224415372,0.20388954557581065,0.06034683009605499,0.07595696574221311,False,False,P10,self,0.136232878997807,-128.024603514836,0.4539219224415372,-0.0250046302452405,0.056558302305572974,0.061839090334429865,0.17822976098826168
1426,k6_supported_scene,421038,6,0.5,corner,task,1,P10,6.951723996917258,0.4491731628187017,0.4539219224415372,0.20388954557581065,0.06034683009605499,0.07595696574221311,False,False,P01,diagonal,0.063880131359037,139.19540158061,0.0,-0.0,0.0,0.0,0.0
1426,k6_supported_scene,421038,6,0.5,corner,task,1,P10,6.951723996917258,0.4491731628187017,0.4539219224415372,0.20388954557581065,0.06034683009605499,0.07595696574221311,False,False,P11,y_neighbor,0.22114394099010298,-124.185421282005,0.6602501000931954,-0.06980537573176766,-0.12824281618847821,0.1460103091737192,0.6709981756030048
1429,k6_supported_scene,421038,6,0.5,corner,task,2,P10,8.735216986191686,0.36579616724146286,0.5564224957494031,0.20353721631206084,0.027580973519713614,0.046716049852892266,False,False,P00,x_neighbor,0.177287235448698,-24.2139363904075,0.4145893084607288,0.06966682347949553,-0.02343050111976218,0.07350139234359011,-0.27945442877612775
1429,k6_supported_scene,421038,6,0.5,corner,task,2,P10,8.735216986191686,0.36579616724146286,0.5564224957494031,0.20353721631206084,0.027580973519713614,0.046716049852892266,False,False,P10,self,0.136232878997807,-128.024603514836,0.5564224957494031,-0.06201793200483477,-0.0435875757641493,0.0758030385350862,0.9391960563137085
1429,k6_supported_scene,421038,6,0.5,corner,task,2,P10,8.735216986191686,0.36579616724146286,0.5564224957494031,0.20353721631206084,0.027580973519713614,0.046716049852892266,False,False,P01,diagonal,0.063880131359037,139.19540158061,0.0,-0.0,0.0,0.0,0.0
1429,k6_supported_scene,421038,6,0.5,corner,task,2,P10,8.735216986191686,0.36579616724146286,0.5564224957494031,0.20353721631206084,0.027580973519713614,0.046716049852892266,False,False,P11,y_neighbor,0.22114394099010298,-124.185421282005,0.7200761659931868,-0.12385870857315344,-0.10008272154026585,0.1592404811607769,0.9600799367127084
1432,k6_supported_scene,421038,6,0.5,corner,task,3,P10,3.532813287145786,0.6658238315893663,0.4435909322713293,0.29535341418319555,0.1550776446457066,0.17033250298547548,False,False,P00,x_neighbor,0.177287235448698,-24.2139363904075,0.7274891466240403,-0.12448550912002201,-0.03373114125445637,0.12897453962390862,0.9940219659478842
1432,k6_supported_scene,421038,6,0.5,corner,task,3,P10,3.532813287145786,0.6658238315893663,0.4435909322713293,0.29535341418319555,0.1550776446457066,0.17033250298547548,False,False,P10,self,0.136232878997807,-128.024603514836,0.4435909322713293,-0.06041488592895005,-0.0014241745279531016,0.060431669800644405,0.9392217583920914
1432,k6_supported_scene,421038,6,0.5,corner,task,3,P10,3.532813287145786,0.6658238315893663,0.4435909322713293,0.29535341418319555,0.1550776446457066,0.17033250298547548,False,False,P01,diagonal,0.063880131359037,139.19540158061,0.0,-0.0,0.0,0.0,0.0
1432,k6_supported_scene,421038,6,0.5,corner,task,3,P10,3.532813287145786,0.6658238315893663,0.4435909322713293,0.29535341418319555,0.1550776446457066,0.17033250298547548,False,False,P11,y_neighbor,0.22114394099010298,-124.185421282005,0.5234373349472137,-0.09003529651202828,-0.07275207402730074,0.11575499511158341,0.953662081449447
1435,k6_supported_scene,421038,6,0.5,corner,task,4,P00,9.173609825648635,0.34779193648536644,0.49057231498891424,0.17061709541610365,0.015484508177450756,0.03235503150453914,False,False,P00,self,0.13840586460662296,-126.940543860558,0.49057231498891424,0.028624556690690427,-0.061569349162947096,0.06789808540811328,0.9968841215538344
1435,k6_supported_scene,421038,6,0.5,corner,task,4,P00,9.173609825648635,0.34779193648536644,0.49057231498891424,0.17061709541610365,0.015484508177450756,0.03235503150453914,False,False,P10,x_neighbor,0.177287235448698,-24.2139363904075,0.6274762089531595,0.06796858889476903,-0.08806470461274953,0.1112435223951352,0.9550158317264538
1435,k6_supported_scene,421038,6,0.5,corner,task,4,P00,9.173609825648635,0.34779193648536644,0.49057231498891424,0.17061709541610365,0.015484508177450756,0.03235503150453914,False,False,P01,y_neighbor,0.221120650005401,-124.185373834792,0.0,0.0,-0.0,0.0,0.0
1435,k6_supported_scene,421038,6,0.5,corner,task,4,P00,9.173609825648635,0.34779193648536644,0.49057231498891424,0.17061709541610365,0.015484508177450756,0.03235503150453914,False,False,P11,diagonal,0.0636525603121721,139.228562638808,0.6046589237590578,-0.03709213996534759,-0.010271617100677368,0.0384880886128665,-0.08596823055574876
1438,k6_supported_scene,421038,6,0.5,corner,task,5,P10,2.703974655101038,0.7324892700211689,0.39153455837346,0.2867948628510365,0.162980764138208,0.17644543121904394,False,False,P00,x_neighbor,0.177287235448698,-24.2139363904075,0.351030991533685,-0.06208838057248048,-0.004244805650766154,0.06223331404582234,0.7941537337255784
1438,k6_supported_scene,421038,6,0.5,corner,task,5,P10,2.703974655101038,0.7324892700211689,0.39153455837346,0.2867948628510365,0.162980764138208,0.17644543121904394,False,False,P10,self,0.136232878997807,-128.024603514836,0.39153455837346,-0.045036548174078574,0.028580625241188796,0.05333988011435138,0.9998110128940804
1438,k6_supported_scene,421038,6,0.5,corner,task,5,P10,2.703974655101038,0.7324892700211689,0.39153455837346,0.2867948628510365,0.162980764138208,0.17644543121904394,False,False,P01,diagonal,0.063880131359037,139.19540158061,0.0,-0.0,0.0,0.0,0.0
1438,k6_supported_scene,421038,6,0.5,corner,task,5,P10,2.703974655101038,0.7324892700211689,0.39153455837346,0.2867948628510365,0.162980764138208,0.17644543121904394,False,False,P11,y_neighbor,0.22114394099010298,-124.185421282005,0.8505750593464122,-0.13199182669269457,0.13401338509955682,0.18809952073175634,0.9784301621752106
1441,k6_supported_scene,421038,6,0.5,edge,combined,-1,P10,5.799036853024883,0.5129182564936661,0.47618976097761084,0.24424642196077176,0.09366199764672986,0.1100379125225519,False,False,P00,x_neighbor,0.177287235448698,-24.2139363904075,0.3791020276382797,0.00650202710937001,-0.06689470143945275,0.06720995043298653,0.8403107150743461
1441,k6_supported_scene,421038,6,0.5,edge,combined,-1,P10,5.799036853024883,0.5129182564936661,0.47618976097761084,0.24424642196077176,0.09366199764672986,0.1100379125225519,False,False,P10,self,0.136232878997807,-128.024603514836,0.47618976097761084,-0.044128527421916024,-0.04755145154120186,0.0648727020872575,0.9632265579635229
1441,k6_supported_scene,421038,6,0.5,edge,combined,-1,P10,5.799036853024883,0.5129182564936661,0.47618976097761084,0.24424642196077176,0.09366199764672986,0.1100379125225519,False,False,P01,diagonal,0.063880131359037,139.19540158061,0.4935764344549701,-0.020652223819515945,0.023824553837578078,0.03152972746870861,-0.3714372067102653
1441,k6_supported_scene,421038,6,0.5,edge,combined,-1,P10,5.799036853024883,0.5129182564936661,0.47618976097761084,0.24424642196077176,0.09366199764672986,0.1100379125225519,False,False,P11,y_neighbor,0.22114394099010298,-124.185421282005,0.6212143559158689,-0.05365182737136308,-0.12646793602796408,0.13737779086686377,0.9972018326244025
1444,k6_supported_scene,421038,6,0.5,edge,task,0,P11,5.316987805964349,0.5421888843824636,0.34843790095439264,0.18891915679502946,0.07873341778062563,0.09071601352948201,False,False,P00,diagonal,0.063652560312172,139.228562638808,0.4445587224140303,0.027270968253912342,0.007551922152431086,0.02829730089076119,0.503058790836503
1444,k6_supported_scene,421038,6,0.5,edge,task,0,P11,5.316987805964349,0.5421888843824636,0.34843790095439264,0.18891915679502946,0.07873341778062563,0.09071601352948201,False,False,P10,y_neighbor,0.22114394099010298,-124.185421282005,0.6127700975828079,-0.027446021276987267,-0.13270185710644772,0.1355103943003521,0.5392623848849313
1444,k6_supported_scene,421038,6,0.5,edge,task,0,P11,5.316987805964349,0.5421888843824636,0.34843790095439264,0.18891915679502946,0.07873341778062563,0.09071601352948201,False,False,P01,x_neighbor,0.177996764958833,-23.879828669598304,0.5526945876886936,0.093426760396041,-0.03081625448968184,0.09837784861884352,0.8983035656127127
1444,k6_supported_scene,421038,6,0.5,edge,task,0,P11,5.316987805964349,0.5421888843824636,0.34843790095439264,0.18891915679502946,0.07873341778062563,0.09071601352948201,False,False,P11,self,0.13858096432942,-127.72686751526298,0.34843790095439264,0.04191291796939625,0.02397766016859916,0.048286860323178665,0.2740936175532046
1447,k6_supported_scene,421038,6,0.5,edge,task,1,P10,5.583379869035291,0.5258126214221716,0.36707474346862906,0.19301253312111097,0.07693330703282253,0.08955681397208476,False,False,P00,x_neighbor,0.177287235448698,-24.2139363904075,0.3670747577174756,-0.05151801577180706,-0.0397617536490073,0.06507766899873187,0.9007977843867865
1447,k6_supported_scene,421038,6,0.5,edge,task,1,P10,5.583379869035291,0.5258126214221716,0.36707474346862906,0.19301253312111097,0.07693330703282253,0.08955681397208476,False,False,P10,self,0.136232878997807,-128.024603514836,0.36707474346862906,-0.04880322720410428,-0.010909169720228016,0.05000764911011278,0.6320626506546848
1447,k6_supported_scene,421038,6,0.5,edge,task,1,P10,5.583379869035291,0.5258126214221716,0.36707474346862906,0.19301253312111097,0.07693330703282253,0.08955681397208476,False,False,P01,diagonal,0.063880131359037,139.19540158061,0.5339269213471178,-0.027877622862545488,0.019650637363680862,0.0341073218717801,-0.1491475834750526
1447,k6_supported_scene,421038,6,0.5,edge,task,1,P10,5.583379869035291,0.5258126214221716,0.36707474346862906,0.19301253312111097,0.07693330703282253,0.08955681397208476,False,False,P11,y_neighbor,0.22114394099010298,-124.185421282005,0.6674086367362974,0.04176952225116262,-0.14155956944952874,0.14759337617869686,0.7308578017066917
1450,k6_supported_scene,421038,6,0.5,edge,task,2,P10,4.0116445654505455,0.6301120307995774,0.26850845676484975,0.16919040897896,0.08428057953958286,0.09351444383433881,False,False,P00,x_neighbor,0.177287235448698,-24.2139363904075,0.4027626987736859,0.053817021124991135,-0.04692928014969153,0.07140468540744349,-0.253387257804764
1450,k6_supported_scene,421038,6,0.5,edge,task,2,P10,4.0116445654505455,0.6301120307995774,0.26850845676484975,0.16919040897896,0.08428057953958286,0.09351444383433881,False,False,P10,self,0.136232878997807,-128.024603514836,0.26850845676484975,-0.03184506528131368,-0.017999022569895766,0.03657968010033367,0.99655447140888
1450,k6_supported_scene,421038,6,0.5,edge,task,2,P10,4.0116445654505455,0.6301120307995774,0.26850845676484975,0.16919040897896,0.08428057953958286,0.09351444383433881,False,False,P01,diagonal,0.063880131359037,139.19540158061,0.5212222977100945,-0.01780168184963674,0.028137288683743072,0.033295748844979926,-0.03337531266197212
1450,k6_supported_scene,421038,6,0.5,edge,task,2,P10,4.0116445654505455,0.6301120307995774,0.26850845676484975,0.16919040897896,0.08428057953958286,0.09351444383433881,False,False,P11,y_neighbor,0.22114394099010298,-124.185421282005,0.7028603785107618,-0.14404954239855056,-0.058388735706876006,0.15543331406966537,0.9775321306086645
1453,k6_supported_scene,421038,6,0.5,edge,task,3,P00,6.822928673102393,0.45588317719025384,0.3992723884148466,0.18202156499490132,0.05576054957426718,0.06949131655154184,False,False,P00,self,0.13840586460662296,-126.940543860558,0.3992723884148466,-0.05521176466928373,-0.0023473202155370326,0.05526164013210824,0.7072224792566808
1453,k6_supported_scene,421038,6,0.5,edge,task,3,P00,6.822928673102393,0.45588317719025384,0.3992723884148466,0.18202156499490132,0.05576054957426718,0.06949131655154184,False,False,P10,x_neighbor,0.177287235448698,-24.2139363904075,0.5190541115199458,0.04881316273552044,-0.07800809325662605,0.0920216684796514,0.26537132635346256
1453,k6_supported_scene,421038,6,0.5,edge,task,3,P00,6.822928673102393,0.45588317719025384,0.3992723884148466,0.18202156499490132,0.05576054957426718,0.06949131655154184,False,False,P01,y_neighbor,0.221120650005401,-124.185373834792,0.4711414333053958,-0.08103140579210787,-0.06547668399793395,0.1041790999769654,0.9890533572829803
1453,k6_supported_scene,421038,6,0.5,edge,task,3,P00,6.822928673102393,0.45588317719025384,0.3992723884148466,0.18202156499490132,0.05576054957426718,0.06949131655154184,False,False,P11,diagonal,0.0636525603121721,139.228562638808,0.5909231157619721,-0.035717354157742465,0.011792635428878004,0.03761376926589559,0.41156976145639884
1456,k6_supported_scene,421038,6,0.5,edge,task,4,P10,1.3598940636632229,0.8550771416595618,0.31739486505091996,0.27139709398516293,0.17102802486489477,0.18194306697211318,False,False,P00,x_neighbor,0.177287235448698,-24.2139363904075,0.4593872832305973,0.04976109940087528,-0.06447384674357684,0.08144350144424062,0.9121415316389939
1456,k6_supported_scene,421038,6,0.5,edge,task,4,P10,1.3598940636632229,0.8550771416595618,0.31739486505091996,0.27139709398516293,0.17102802486489477,0.18194306697211318,False,False,P10,self,0.136232878997807,-128.024603514836,0.31739486505091996,-0.0032229386329801317,-0.043119335333276415,0.04323961624500726,0.9524561241486154
1456,k6_supported_scene,421038,6,0.5,edge,task,4,P10,1.3598940636632229,0.8550771416595618,0.31739486505091996,0.27139709398516293,0.17102802486489477,0.18194306697211318,False,False,P01,diagonal,0.063880131359037,139.19540158061,0.44268231351998133,-0.027257313323264202,-0.007531157527323262,0.02827860433797881,0.034574106936620774
1456,k6_supported_scene,421038,6,0.5,edge,task,4,P10,1.3598940636632229,0.8550771416595618,0.31739486505091996,0.27139709398516293,0.17102802486489477,0.18194306697211318,False,False,P11,y_neighbor,0.22114394099010298,-124.185421282005,0.7016096847261128,0.04390997957204823,-0.1488137251090048,0.15515673071715627,0.9986518040873156
1459,k6_supported_scene,421038,6,0.5,edge,task,5,P00,3.9913992678654155,0.6315824252683511,0.19507952738458037,0.123208801025757,0.061519237885310586,0.0682279200037732,False,False,P00,self,0.13840586460662296,-126.940543860558,0.19507952738458037,-0.023066710930778545,0.014033352493726043,0.027000150654714235,0.7710724851334136
1459,k6_supported_scene,421038,6,0.5,edge,task,5,P00,3.9913992678654155,0.6315824252683511,0.19507952738458037,0.123208801025757,0.061519237885310586,0.0682279200037732,False,False,P10,x_neighbor,0.177287235448698,-24.2139363904075,0.4036127926821544,0.07096920484166039,-0.00914038786867586,0.07155539620634764,-0.4457867681229091
1459,k6_supported_scene,421038,6,0.5,edge,task,5,P00,3.9913992678654155,0.6315824252683511,0.19507952738458037,0.123208801025757,0.061519237885310586,0.0682279200037732,False,False,P01,y_neighbor,0.221120650005401,-124.185373834792,0.423793439655396,-0.06575719121625959,0.0667642015118699,0.09370948084462584,0.9031115169140456
1459,k6_supported_scene,421038,6,0.5,edge,task,5,P00,3.9913992678654155,0.6315824252683511,0.19507952738458037,0.123208801025757,0.061519237885310586,0.0682279200037732,False,False,P11,diagonal,0.0636525603121721,139.228562638808,0.7870449911939165,-0.022532035784424215,0.044744382136879424,0.05009742877036373,0.991229817618715
1462,k6_supported_scene,421038,6,0.5,interior,combined,-1,P10,6.70064998187918,0.4623464218299563,0.5934638887152583,0.27438590543279107,0.08671614569269959,0.10712505600509992,False,False,P00,x_neighbor,0.177287235448698,-24.2139363904075,0.6341517608704748,0.02282228436591948,-0.11008622295687955,0.1124270125396503,0.984002604739827
1462,k6_supported_scene,421038,6,0.5,interior,combined,-1,P10,6.70064998187918,0.4623464218299563,0.5934638887152583,0.27438590543279107,0.08671614569269959,0.10712505600509992,False,False,P10,self,0.136232878997807,-128.024603514836,0.5934638887152583,-0.05297655758612385,-0.06107448492953585,0.0808492941409138,0.7385889844327936
1462,k6_supported_scene,421038,6,0.5,interior,combined,-1,P10,6.70064998187918,0.4623464218299563,0.5934638887152583,0.27438590543279107,0.08671614569269959,0.10712505600509992,False,False,P01,diagonal,0.063880131359037,139.19540158061,0.0,-0.0,0.0,0.0,-0.0
1462,k6_supported_scene,421038,6,0.5,interior,combined,-1,P10,6.70064998187918,0.4623464218299563,0.5934638887152583,0.27438590543279107,0.08671614569269959,0.10712505600509992,False,False,P11,y_neighbor,0.22114394099010298,-124.185421282005,0.4956330118156216,0.03709739541260727,-0.10313733832316654,0.10960623751770085,0.9492437342556339
1468,k6_supported_scene,421038,6,0.5,interior,task,1,P10,5.355385418498884,0.5397973262717299,0.48783420604382177,0.26333160008634715,0.10906487892251157,0.12584124012626177,False,False,P00,x_neighbor,0.177287235448698,-24.2139363904075,0.6521573518908956,-0.03685665160017407,-0.10958731964941527,0.11561917399428061,0.9792348822703348
1468,k6_supported_scene,421038,6,0.5,interior,task,1,P10,5.355385418498884,0.5397973262717299,0.48783420604382177,0.26333160008634715,0.10906487892251157,0.12584124012626177,False,False,P10,self,0.136232878997807,-128.024603514836,0.48783420604382177,-0.054373195881419076,-0.038214683148392735,0.06645905836295922,0.669036479545488
1468,k6_supported_scene,421038,6,0.5,interior,task,1,P10,5.355385418498884,0.5397973262717299,0.48783420604382177,0.26333160008634715,0.10906487892251157,0.12584124012626177,False,False,P01,diagonal,0.063880131359037,139.19540158061,0.0,-0.0,0.0,0.0,0.0
1468,k6_supported_scene,421038,6,0.5,interior,task,1,P10,5.355385418498884,0.5397973262717299,0.48783420604382177,0.26333160008634715,0.10906487892251157,0.12584124012626177,False,False,P11,y_neighbor,0.22114394099010298,-124.185421282005,0.5802659831012982,0.05962893751660464,-0.11362659948859172,0.12832230632551758,0.8233154502600541
1471,k6_supported_scene,421038,6,0.5,interior,task,2,P10,2.1294028043052124,0.7825820094044823,0.26247148517733754,0.20540546228145964,0.1224046908807086,0.13143094690471574,False,False,P00,x_neighbor,0.177287235448698,-24.2139363904075,0.5577518835172196,0.09807223233345545,-0.012631089458949248,0.09888228949507209,0.19554927617626766
1471,k6_supported_scene,421038,6,0.5,interior,task,2,P10,2.1294028043052124,0.7825820094044823,0.26247148517733754,0.20540546228145964,0.1224046908807086,0.13143094690471574,False,False,P10,self,0.136232878997807,-128.024603514836,0.26247148517733754,-0.016107990608585816,-0.03192355377801674,0.035757246080538915,0.8597410503321425
1471,k6_supported_scene,421038,6,0.5,interior,task,2,P10,2.1294028043052124,0.7825820094044823,0.26247148517733754,0.20540546228145964,0.1224046908807086,0.13143094690471574,False,False,P01,diagonal,0.063880131359037,139.19540158061,0.0,-0.0,0.0,0.0,-0.0
1471,k6_supported_scene,421038,6,0.5,interior,task,2,P10,2.1294028043052124,0.7825820094044823,0.26247148517733754,0.20540546228145964,0.1224046908807086,0.13143094690471574,False,False,P11,y_neighbor,0.22114394099010298,-124.185421282005,0.7874144548052445,-0.0678580616500231,-0.1603658770111442,0.17413193572820512,0.8920082878089749
1474,k6_supported_scene,421038,6,0.5,interior,task,3,P10,5.815660677332542,0.5119375269429836,0.5544852018356323,0.28386178295421466,0.10851816628833716,0.1275866201049875,False,False,P00,x_neighbor,0.177287235448698,-24.2139363904075,0.7004023646636642,0.008469542122955379,-0.12388321723700767,0.12417239893295189,0.9854389655033495
1474,k6_supported_scene,421038,6,0.5,interior,task,3,P10,5.815660677332542,0.5119375269429836,0.5544852018356323,0.28386178295421466,0.10851816628833716,0.1275866201049875,False,False,P10,self,0.136232878997807,-128.024603514836,0.5544852018356323,-0.046532079990572836,-0.059505659296709305,0.0755391154077483,0.8466938085840254
1474,k6_supported_scene,421038,6,0.5,interior,task,3,P10,5.815660677332542,0.5119375269429836,0.5544852018356323,0.28386178295421466,0.10851816628833716,0.1275866201049875,False,False,P01,diagonal,0.063880131359037,139.19540158061,0.0,-0.0,0.0,0.0,0.0
1474,k6_supported_scene,421038,6,0.5,interior,task,3,P10,5.815660677332542,0.5119375269429836,0.5544852018356323,0.28386178295421466,0.10851816628833716,0.1275866201049875,False,False,P11,y_neighbor,0.22114394099010298,-124.185421282005,0.44942485822771894,0.008989750552940538,-0.09898018136693412,0.09938758432739608,0.9813998593898433
1477,k6_supported_scene,421038,6,0.5,interior,task,4,P11,7.8334678589990645,0.4058136089996131,0.3803656140356611,0.15435754257116552,0.034075374175045595,0.04715594714736247,False,False,P00,diagonal,0.063652560312172,139.228562638808,0.8192490768355206,-0.013916958057720533,0.05025593804295405,0.052147301273964206,0.31605801389165233
1477,k6_supported_scene,421038,6,0.5,interior,task,4,P11,7.8334678589990645,0.4058136089996131,0.3803656140356611,0.15435754257116552,0.034075374175045595,0.04715594714736247,False,False,P10,y_neighbor,0.22114394099010298,-124.185421282005,0.4291304806184754,-0.08794925657634438,-0.03564917146929376,0.09489960568294666,0.9062287433405095
1477,k6_supported_scene,421038,6,0.5,interior,task,4,P11,7.8334678589990645,0.4058136089996131,0.3803656140356611,0.15435754257116552,0.034075374175045595,0.04715594714736247,False,False,P01,x_neighbor,0.177996764958833,-23.879828669598304,0.0,0.0,0.0,0.0,0.0
1477,k6_supported_scene,421038,6,0.5,interior,task,4,P11,7.8334678589990645,0.4058136089996131,0.3803656140356611,0.15435754257116552,0.034075374175045595,0.04715594714736247,False,False,P11,self,0.13858096432942,-127.72686751526298,0.3803656140356611,-0.052287313047883116,-0.0066732395005315685,0.052711433590813886,0.9841360055170375
1480,k6_supported_scene,421038,6,0.5,interior,task,5,P10,5.328149153970749,0.5414926203702374,0.5207495929223968,0.28198206162828304,0.11730658120425574,0.1352148852127435,False,False,P00,x_neighbor,0.177287235448698,-24.2139363904075,0.5689671635627747,0.09199605718963291,-0.041371566694023164,0.1008706154891315,0.9088210652717927
1480,k6_supported_scene,421038,6,0.5,interior,task,5,P10,5.328149153970749,0.5414926203702374,0.5207495929223968,0.28198206162828304,0.11730658120425574,0.1352148852127435,False,False,P10,self,0.136232878997807,-128.024603514836,0.5207495929223968,-0.005287871697790603,-0.0707458716051019,0.07094321628075413,0.7021082942330404
1480,k6_supported_scene,421038,6,0.5,interior,task,5,P10,5.328149153970749,0.5414926203702374,0.5207495929223968,0.28198206162828304,0.11730658120425574,0.1352148852127435,False,False,P01,diagonal,0.063880131359037,139.19540158061,0.0,-0.0,0.0,0.0,-0.0
1480,k6_supported_scene,421038,6,0.5,interior,task,5,P10,5.328149153970749,0.5414926203702374,0.5207495929223968,0.28198206162828304,0.11730658120425574,0.1352148852127435,False,False,P11,y_neighbor,0.22114394099010298,-124.185421282005,0.6364716941744957,0.0987673699160725,-0.10028006975184603,0.14075185877839558,0.9982028092129805
1483,k6_supported_scene,421039,6,0.5,corner,combined,-1,P10,5.696877960276416,0.5189865489499311,0.4363714629060846,0.22647091959386173,0.08847814672557114,0.10348473131932089,False,False,P00,x_neighbor,0.177287235448698,-24.2139363904075,0.2723861735035117,-0.03970994129146559,0.027479115832555807,0.04829059167488697,0.7535584482717725
1483,k6_supported_scene,421039,6,0.5,corner,combined,-1,P10,5.696877960276416,0.5189865489499311,0.4363714629060846,0.22647091959386173,0.08847814672557114,0.10348473131932089,False,False,P10,self,0.136232878997807,-128.024603514836,0.4363714629060846,-0.04869240527995908,0.03410470790428022,0.05944814070418065,0.7498202880666842
1483,k6_supported_scene,421039,6,0.5,corner,combined,-1,P10,5.696877960276416,0.5189865489499311,0.4363714629060846,0.22647091959386173,0.08847814672557114,0.10348473131932089,False,False,P01,diagonal,0.063880131359037,139.19540158061,0.2784045914447695,0.016670075015697138,0.006196597227730281,0.0177845218724509,-0.9704064956065993
1483,k6_supported_scene,421039,6,0.5,corner,combined,-1,P10,5.696877960276416,0.5189865489499311,0.4363714629060846,0.22647091959386173,0.08847814672557114,0.10348473131932089,False,False,P11,y_neighbor,0.22114394099010298,-124.185421282005,0.8110959319915848,-0.1533196055161053,-0.09309306697666908,0.17936895092165964,0.9074253319056463
1486,k6_supported_scene,421039,6,0.5,corner,task,0,P01,3.419114891084492,0.6745967669078684,0.3736342144194407,0.252052433053516,0.13389892012020005,0.1467480038079005,False,False,P00,y_neighbor,0.221120650005401,-124.185373834792,0.7005641150703624,0.06036696847713983,0.1426628439232735,0.15490919249481705,0.9803449157603435
1486,k6_supported_scene,421039,6,0.5,corner,task,0,P01,3.419114891084492,0.6745967669078684,0.3736342144194407,0.252052433053516,0.13389892012020005,0.1467480038079005,False,False,P10,diagonal,0.0638801313590369,139.19540158061,0.4670427739620209,0.019496455350864923,0.022583196410905105,0.029834753750982875,0.9935903761374357
1486,k6_supported_scene,421039,6,0.5,corner,task,0,P01,3.419114891084492,0.6745967669078684,0.3736342144194407,0.252052433053516,0.13389892012020005,0.1467480038079005,False,False,P01,self,0.138642679019854,-127.753500672212,0.3736342144194407,-0.006534174936934811,0.051387890997082776,0.05180164846058983,0.7482558782557445
1486,k6_supported_scene,421039,6,0.5,corner,task,0,P01,3.419114891084492,0.6745967669078684,0.3736342144194407,0.252052433053516,0.13389892012020005,0.1467480038079005,False,False,P11,x_neighbor,0.177996764958833,-23.879828669598304,0.38920229846866367,0.06875965990305109,-0.008448506755252466,0.06927675004196429,0.45879146469844484
1489,k6_supported_scene,421039,6,0.5,corner,task,1,P00,7.5410839100008005,0.41970660564033396,0.4376192178146674,0.18367167647197205,0.045284328856403766,0.06033382308375608,False,False,P00,self,0.13840586460662296,-126.940543860558,0.4376192178146674,0.06051440054867532,0.002572762678434957,0.0605690662101131,-0.32560142779878704
1489,k6_supported_scene,421039,6,0.5,corner,task,1,P00,7.5410839100008005,0.41970660564033396,0.4376192178146674,0.18367167647197205,0.045284328856403766,0.06033382308375608,False,False,P10,x_neighbor,0.177287235448698,-24.2139363904075,0.38115221451654346,-0.06754319106367149,0.002021077769650763,0.0675734223967871,0.39314623051984615
1489,k6_supported_scene,421039,6,0.5,corner,task,1,P00,7.5410839100008005,0.41970660564033396,0.4376192178146674,0.18367167647197205,0.045284328856403766,0.06033382308375608,False,False,P01,y_neighbor,0.221120650005401,-124.185373834792,0.6776038893347648,-0.0424032438644623,0.14370684325806546,0.14983221245589098,0.9961994920770271
1489,k6_supported_scene,421039,6,0.5,corner,task,1,P00,7.5410839100008005,0.41970660564033396,0.4376192178146674,0.18367167647197205,0.045284328856403766,0.06033382308375608,False,False,P11,diagonal,0.0636525603121721,139.228562638808,0.45173596661346,-0.017694344109688558,0.0226652019229899,0.028754150860040628,0.95861083850581
1492,k6_supported_scene,421039,6,0.5,corner,task,2,P01,6.556810740397592,0.4700666746315559,0.49949724328070655,0.234797008136591,0.07684211076236414,0.09401955766899181,False,False,P00,y_neighbor,0.221120650005401,-124.185373834792,0.41364611431901543,0.017161897419584016,-0.08984121062907609,0.0914656976704291,0.9999999679257502
1492,k6_supported_scene,421039,6,0.5,corner,task,2,P01,6.556810740397592,0.4700666746315559,0.49949724328070655,0.234797008136591,0.07684211076236414,0.09401955766899181,False,False,P10,diagonal,0.0638801313590369,139.19540158061,0.359013621453698,-0.0061077388425668545,0.02210557439762248,0.022933837298145774,-0.9967560750318978
1492,k6_supported_scene,421039,6,0.5,corner,task,2,P01,6.556810740397592,0.4700666746315559,0.49949724328070655,0.234797008136591,0.07684211076236414,0.09401955766899181,False,False,P01,self,0.138642679019854,-127.753500672212,0.49949724328070655,-0.03090371640551484,-0.06197377991580279,0.06925163597146893,0.7951281383561076
1492,k6_supported_scene,421039,6,0.5,corner,task,2,P01,6.556810740397592,0.4700666746315559,0.49949724328070655,0.234797008136591,0.07684211076236414,0.09401955766899181,False,False,P11,x_neighbor,0.177996764958833,-23.879828669598304,0.6711994126285089,0.06396341525429804,-0.10090628716218987,0.11947132409014345,0.9301548426685151
1495,k6_supported_scene,421039,6,0.5,corner,task,3,P10,3.8129736136335306,0.6446905723171484,0.36044356653846593,0.23237456919971775,0.11839230537811718,0.13078776963810818,False,False,P00,x_neighbor,0.177287235448698,-24.2139363904075,0.6973799467086792,-0.11275906514284526,0.05070890347286131,0.12363656280934207,0.9815291576387528
1495,k6_supported_scene,421039,6,0.5,corner,task,3,P10,3.8129736136335306,0.6446905723171484,0.36044356653846593,0.23237456919971775,0.11839230537811718,0.13078776963810818,False,False,P10,self,0.136232878997807,-128.024603514836,0.36044356653846593,-0.02823548893607144,0.04017444442294475,0.04910426478577283,0.9417275538337627
1495,k6_supported_scene,421039,6,0.5,corner,task,3,P10,3.8129736136335306,0.6446905723171484,0.36044356653846593,0.23237456919971775,0.11839230537811718,0.13078776963810818,False,False,P01,diagonal,0.063880131359037,139.19540158061,0.5093224358958869,0.025657466417444628,0.020006465214030968,0.03253558410913396,-0.28922002542075825
1495,k6_supported_scene,421039,6,0.5,corner,task,3,P10,3.8129736136335306,0.6446905723171484,0.36044356653846593,0.23237456919971775,0.11839230537811718,0.13078776963810818,False,False,P11,y_neighbor,0.22114394099010298,-124.185421282005,0.352607839960509,-0.07444524717752957,0.023201968121569834,0.07797708735287448,0.9514177006893595
1498,k6_supported_scene,421039,6,0.5,corner,task,4,P10,6.724580920915026,0.46107434073547726,0.4923659563064575,0.2270173087045927,0.07131752227905758,0.08824972798561073,False,False,P00,x_neighbor,0.177287235448698,-24.2139363904075,0.3314001830079664,0.004007421091517707,-0.05861619402834594,0.058753022272674954,0.6814820580610566
1498,k6_supported_scene,421039,6,0.5,corner,task,4,P10,6.724580920915026,0.46107434073547726,0.4923659563064575,0.2270173087045927,0.07131752227905758,0.08824972798561073,False,False,P10,self,0.136232878997807,-128.024603514836,0.4923659563064575,-0.052839211485314945,0.04131906854797992,0.06707643174813716,0.08897720470870032
1498,k6_supported_scene,421039,6,0.5,corner,task,4,P10,6.724580920915026,0.46107434073547726,0.4923659563064575,0.2270173087045927,0.07131752227905758,0.08824972798561073,False,False,P01,diagonal,0.063880131359037,139.19540158061,0.3408687542985023,-0.015776409604707043,-0.015008139022731785,0.021774740800779634,0.9983415903137313
1498,k6_supported_scene,421039,6,0.5,corner,task,4,P10,6.724580920915026,0.46107434073547726,0.4923659563064575,0.2270173087045927,0.07131752227905758,0.08824972798561073,False,False,P11,y_neighbor,0.22114394099010298,-124.185421282005,0.7290803790092468,-0.09059172942319758,-0.13337466898003436,0.1612317083126628,0.9878408972851616
1501,k6_supported_scene,421039,6,0.5,corner,task,5,P10,1.3006963051563616,0.8609247333063049,0.2614767779286655,0.2251118253040283,0.14242560795436554,0.1514176565204106,False,False,P00,x_neighbor,0.177287235448698,-24.2139363904075,0.2894921457565715,-0.03373117260836089,-0.03868184636051301,0.0513232622052941,0.9618213344836574
1501,k6_supported_scene,421039,6,0.5,corner,task,5,P10,1.3006963051563616,0.8609247333063049,0.2614767779286655,0.2251118253040283,0.14242560795436554,0.1514176565204106,False,False,P10,self,0.136232878997807,-128.024603514836,0.2614767779286655,-0.029143769932730358,-0.020482886148295743,0.03562173424829235,0.9993458114254342
1501,k6_supported_scene,421039,6,0.5,corner,task,5,P10,1.3006963051563616,0.8609247333063049,0.2614767779286655,0.2251118253040283,0.14242560795436554,0.1514176565204106,False,False,P01,diagonal,0.063880131359037,139.19540158061,0.55096891881936,0.030616480819268387,-0.017360506585283663,0.03519596690892731,-0.460472345778226
1501,k6_supported_scene,421039,6,0.5,corner,task,5,P10,1.3006963051563616,0.8609247333063049,0.2614767779286655,0.2251118253040283,0.14242560795436554,0.1514176565204106,False,False,P11,y_neighbor,0.22114394099010298,-124.185421282005,0.7377380585328964,-0.1564766694949547,-0.04617106947424673,0.16314630168235197,0.9583812423272162
1504,k6_supported_scene,421039,6,0.5,edge,combined,-1,P10,2.783422265254597,0.7258199259722992,0.30091088410485917,0.218407115625248,0.12325073897461676,0.13359890566596488,False,False,P00,x_neighbor,0.177287235448698,-24.2139363904075,0.32367680062759296,-0.020748731018612368,-0.05350127723056264,0.057383765162145356,0.948110994281242
1504,k6_supported_scene,421039,6,0.5,edge,combined,-1,P10,2.783422265254597,0.7258199259722992,0.30091088410485917,0.218407115625248,0.12325073897461676,0.13359890566596488,False,False,P10,self,0.136232878997807,-128.024603514836,0.30091088410485917,-0.03690952605134883,-0.01783791805091517,0.04099395606338041,0.9101741596507819
1504,k6_supported_scene,421039,6,0.5,edge,combined,-1,P10,2.783422265254597,0.7258199259722992,0.30091088410485917,0.218407115625248,0.12325073897461676,0.13359890566596488,False,False,P01,diagonal,0.063880131359037,139.19540158061,0.6016272048981062,-0.016026708798667074,0.034930862304138,0.038432024878061286,-0.43237275575517603
1504,k6_supported_scene,421039,6,0.5,edge,combined,-1,P10,2.783422265254597,0.7258199259722992,0.30091088410485917,0.218407115625248,0.12325073897461676,0.13359890566596488,False,False,P11,y_neighbor,0.22114394099010298,-124.185421282005,0.6653801014564967,-0.06593063665923052,-0.1315474697998295,0.14714477789248426,0.9739133119729643
1507,k6_supported_scene,421039,6,0.5,edge,task,0,P11,5.389613665469067,0.5376743474886554,0.34384669701017007,0.18487754845107257,0.07614367560327794,0.08796838226856021,False,False,P00,diagonal,0.063652560312172,139.228562638808,0.49120959639549255,0.020418535955731846,0.023678955819789096,0.031266748460481754,0.19749346001060317
1507,k6_supported_scene,421039,6,0.5,edge,task,0,P11,5.389613665469067,0.5376743474886554,0.34384669701017007,0.18487754845107257,0.07614367560327794,0.08796838226856021,False,False,P10,y_neighbor,0.22114394099010298,-124.185421282005,0.6876934526114998,0.04303903935697146,-0.14586204586028706,0.15207924030359773,0.7171611350201595
1507,k6_supported_scene,421039,6,0.5,edge,task,0,P11,5.389613665469067,0.5376743474886554,0.34384669701017007,0.18487754845107257,0.07614367560327794,0.08796838226856021,False,False,P01,x_neighbor,0.177996764958833,-23.879828669598304,0.4093412986700873,0.07231758038287615,-0.008885668317682806,0.07286142692732298,0.9247043280854186
1507,k6_supported_scene,421039,6,0.5,edge,task,0,P11,5.389613665469067,0.5376743474886554,0.34384669701017007,0.18487754845107257,0.07614367560327794,0.08796838226856021,False,False,P11,self,0.13858096432942,-127.72686751526298,0.34384669701017007,0.025322780155177912,0.040365048478683815,0.04765060685315525,0.04746996616422498
1510,k6_supported_scene,421039,6,0.5,edge,task,1,P10,6.729507590718914,0.46081289176142737,0.4053066848162224,0.18677054548040087,0.0586013179892762,0.07253960123905857,False,False,P00,x_neighbor,0.177287235448698,-24.2139363904075,0.35300905764520213,-0.06255600078715673,0.001871847025536364,0.06258399991826795,0.6996933649497199
1510,k6_supported_scene,421039,6,0.5,edge,task,1,P10,6.729507590718914,0.46081289176142737,0.4053066848162224,0.18677054548040087,0.0586013179892762,0.07253960123905857,False,False,P10,self,0.136232878997807,-128.024603514836,0.4053066848162224,-0.05439395765674214,0.009492875676424897,0.05521609654957073,0.59084143119372
1510,k6_supported_scene,421039,6,0.5,edge,task,1,P10,6.729507590718914,0.46081289176142737,0.4053066848162224,0.18677054548040087,0.0586013179892762,0.07253960123905857,False,False,P01,diagonal,0.063880131359037,139.19540158061,0.4183810832945679,-0.016434238858782407,0.021076233549775943,0.026726238558993195,-0.10345665966012939
1510,k6_supported_scene,421039,6,0.5,edge,task,1,P10,6.729507590718914,0.46081289176142737,0.4053066848162224,0.18677054548040087,0.0586013179892762,0.07253960123905857,False,False,P11,y_neighbor,0.22114394099010298,-124.185421282005,0.7321669145164588,-0.001230462268897406,-0.16190960144227926,0.16191427693873353,0.6986535590353975
1513,k6_supported_scene,421039,6,0.5,edge,task,2,P10,4.812676380207548,0.574600740035531,0.2762656106405291,0.15874242432041585,0.07137956744028376,0.08088019616795399,False,False,P00,x_neighbor,0.177287235448698,-24.2139363904075,0.3434653454364943,0.032300350841324606,-0.05161904324746547,0.060892021564868164,-0.13634551250642346
1513,k6_supported_scene,421039,6,0.5,edge,task,2,P10,4.812676380207548,0.574600740035531,0.2762656106405291,0.15874242432041585,0.07137956744028376,0.08088019616795399,False,False,P10,self,0.136232878997807,-128.024603514836,0.2762656106405291,-0.03762600667671321,-0.0008869643082442015,0.037636459505646466,0.921529797577798
1513,k6_supported_scene,421039,6,0.5,edge,task,2,P10,4.812676380207548,0.574600740035531,0.2762656106405291,0.15874242432041585,0.07137956744028376,0.08088019616795399,False,False,P01,diagonal,0.063880131359037,139.19540158061,0.6421308621079883,-0.010924287449989205,0.03953797457574909,0.04101940382114998,-0.15219633093354196
1513,k6_supported_scene,421039,6,0.5,edge,task,2,P10,4.812676380207548,0.574600740035531,0.2762656106405291,0.15874242432041585,0.07137956744028376,0.08088019616795399,False,False,P11,y_neighbor,0.22114394099010298,-124.185421282005,0.6271976023728056,-0.1285426347802101,-0.05210320964105895,0.1387009495682658,0.9993057905410268
1516,k6_supported_scene,421039,6,0.5,edge,task,3,P01,8.46494858717292,0.37735713906236823,0.3298762186703499,0.12448114612215544,0.020165126429948763,0.03150939570909797,False,False,P00,y_neighbor,0.221120650005401,-124.185373834792,0.33720677197137056,-0.046863170171564425,0.057996043043016005,0.07456338060453248,0.6058520175545696
1516,k6_supported_scene,421039,6,0.5,edge,task,3,P01,8.46494858717292,0.37735713906236823,0.3298762186703499,0.12448114612215544,0.020165126429948763,0.03150939570909797,False,False,P10,diagonal,0.0638801313590369,139.19540158061,0.6011077555338176,0.004715957416786265,0.0381081466632507,0.038398842384436103,0.9931388490387958
1516,k6_supported_scene,421039,6,0.5,edge,task,3,P01,8.46494858717292,0.37735713906236823,0.3298762186703499,0.12448114612215544,0.020165126429948763,0.03150939570909797,False,False,P01,self,0.138642679019854,-127.753500672212,0.3298762186703499,-0.042731888206355664,0.016299352282291256,0.04573492270139648,0.12374531805174141
1516,k6_supported_scene,421039,6,0.5,edge,task,3,P01,8.46494858717292,0.37735713906236823,0.3298762186703499,0.12448114612215544,0.020165126429948763,0.03150939570909797,False,False,P11,x_neighbor,0.177996764958833,-23.879828669598304,0.6450912821902068,0.114509132853767,0.008499795227281344,0.11482416133300245,0.30927207696614195
1519,k6_supported_scene,421039,6,0.5,edge,task,4,P10,-1.143880904126674,1.140759371385022,0.20492491711625158,0.23377001963066288,0.16896707088980495,0.17601433077154024,False,False,P00,x_neighbor,0.177287235448698,-24.2139363904075,0.4262438118457794,-0.03099365907035636,-0.06891917952830168,0.07556758702925323,0.8444318422880414
1519,k6_supported_scene,421039,6,0.5,edge,task,4,P10,-1.143880904126674,1.140759371385022,0.20492491711625158,0.23377001963066288,0.16896707088980495,0.17601433077154024,False,False,P10,self,0.136232878997807,-128.024603514836,0.20492491711625158,-0.027909757830798843,-0.0006579229960007541,0.027917511437133932,0.847615144632426
1519,k6_supported_scene,421039,6,0.5,edge,task,4,P10,-1.143880904126674,1.140759371385022,0.20492491711625158,0.23377001963066288,0.16896707088980495,0.17601433077154024,False,False,P01,diagonal,0.063880131359037,139.19540158061,0.6311687231063843,-0.030519275828664833,0.02634780691394817,0.04031914094175148,0.27225042914613995
1519,k6_supported_scene,421039,6,0.5,edge,task,4,P10,-1.143880904126674,1.140759371385022,0.20492491711625158,0.23377001963066288,0.16896707088980495,0.17601433077154024,False,False,P11,y_neighbor,0.22114394099010298,-124.185421282005,0.6147747836756744,-0.1057460486403006,-0.08544698219609877,0.1359537184833767,0.9953249936012236
1522,k6_supported_scene,421039,6,0.5,edge,task,5,P00,2.9844377336999943,0.7092153280717373,0.18369049824857087,0.13027611697902108,0.07218808107935563,0.07850510048909756,False,False,P00,self,0.13840586460662296,-126.940543860558,0.18369049824857087,-0.020520104305686983,-0.015009899167732474,0.025423842230114815,0.637802797452526
1522,k6_supported_scene,421039,6,0.5,edge,task,5,P00,2.9844377336999943,0.7092153280717373,0.18369049824857087,0.13027611697902108,0.07218808107935563,0.07850510048909756,False,False,P10,x_neighbor,0.177287235448698,-24.2139363904075,0.4526658760892471,0.04656137270080476,0.06536362212459423,0.08025188175382551,-0.36287016237588127
1522,k6_supported_scene,421039,6,0.5,edge,task,5,P00,2.9844377336999943,0.7092153280717373,0.18369049824857087,0.13027611697902108,0.07218808107935563,0.07850510048909756,False,False,P01,y_neighbor,0.221120650005401,-124.185373834792,0.5182696299337439,-0.10991508899697827,-0.032432393222098066,0.11460011744900808,0.8605020777924365
1522,k6_supported_scene,421039,6,0.5,edge,task,5,P00,2.9844377336999943,0.7092153280717373,0.18369049824857087,0.13027611697902108,0.07218808107935563,0.07850510048909756,False,False,P11,diagonal,0.0636525603121721,139.228562638808,0.7019600846408733,-0.04242879721614226,0.014008521305463931,0.04468155662434063,0.9974606265448543
1525,k6_supported_scene,421039,6,0.5,interior,combined,-1,P10,7.913115565614067,0.4021093964038198,0.6631405252148792,0.26665503632506715,0.0569515894811333,0.07975664259553109,False,False,P00,x_neighbor,0.177287235448698,-24.2139363904075,0.5357931861150528,0.011846780199737568,-0.09424765001779176,0.09498929273858742,0.9988710724225831
1525,k6_supported_scene,421039,6,0.5,interior,combined,-1,P10,7.913115565614067,0.4021093964038198,0.6631405252148792,0.26665503632506715,0.0569515894811333,0.07975664259553109,False,False,P10,self,0.136232878997807,-128.024603514836,0.6631405252148792,-0.05242514152724763,-0.07357444471313755,0.09034154293014082,0.7670168791904796
1525,k6_supported_scene,421039,6,0.5,interior,combined,-1,P10,7.913115565614067,0.4021093964038198,0.6631405252148792,0.26665503632506715,0.0569515894811333,0.07975664259553109,False,False,P01,diagonal,0.063880131359037,139.19540158061,0.0,-0.0,0.0,0.0,-0.0
1525,k6_supported_scene,421039,6,0.5,interior,combined,-1,P10,7.913115565614067,0.4021093964038198,0.6631405252148792,0.26665503632506715,0.0569515894811333,0.07975664259553109,False,False,P11,y_neighbor,0.22114394099010298,-124.185421282005,0.5226569530675523,0.06122909243400447,-0.0980321053530456,0.11558241838723783,0.8866356382658778
1531,k6_supported_scene,421039,6,0.5,interior,task,1,P10,5.938911925444166,0.5047245200467448,0.522573031574518,0.263755422550821,0.09850332019536467,0.11647433129794682,False,False,P00,x_neighbor,0.177287235448698,-24.2139363904075,0.5432689856222459,-0.012303101809044537,-0.09552563402197443,0.09631465656598644,0.9839319774550837
1531,k6_supported_scene,421039,6,0.5,interior,task,1,P10,5.938911925444166,0.5047245200467448,0.522573031574518,0.263755422550821,0.09850332019536467,0.11647433129794682,False,False,P10,self,0.136232878997807,-128.024603514836,0.522573031574518,-0.053952235769922835,-0.04644786577460554,0.07119162857800848,0.6126226987485442
1531,k6_supported_scene,421039,6,0.5,interior,task,1,P10,5.938911925444166,0.5047245200467448,0.522573031574518,0.263755422550821,0.09850332019536467,0.11647433129794682,False,False,P01,diagonal,0.063880131359037,139.19540158061,0.0,-0.0,0.0,0.0,-0.0
1531,k6_supported_scene,421039,6,0.5,interior,task,1,P10,5.938911925444166,0.5047245200467448,0.522573031574518,0.263755422550821,0.09850332019536467,0.11647433129794682,False,False,P11,y_neighbor,0.22114394099010298,-124.185421282005,0.6570967670529353,0.07981103657109916,-0.12143334512168871,0.14531296867794177,0.8627911573952369
1534,k6_supported_scene,421039,6,0.5,interior,task,2,P11,8.316190606835761,0.3838755658825676,0.5954549277576832,0.228580597350544,0.04028121578201424,0.06075859687758775,False,False,P00,diagonal,0.063652560312172,139.228562638808,0.5228384498446389,-0.033270122062640746,0.0008110331589643825,0.0332800059622584,0.5487558172091883
1534,k6_supported_scene,421039,6,0.5,interior,task,2,P11,8.316190606835761,0.3838755658825676,0.5954549277576832,0.228580597350544,0.04028121578201424,0.06075859687758775,False,False,P10,y_neighbor,0.22114394099010298,-124.185421282005,0.6099782124546368,-0.04013721004901732,-0.12878323645956885,0.1348929858203167,0.954408694223498
1534,k6_supported_scene,421039,6,0.5,interior,task,2,P11,8.316190606835761,0.3838755658825676,0.5954549277576832,0.228580597350544,0.04028121578201424,0.06075859687758775,False,False,P01,x_neighbor,0.177996764958833,-23.879828669598304,0.0,0.0,0.0,0.0,-0.0
1534,k6_supported_scene,421039,6,0.5,interior,task,2,P11,8.316190606835761,0.3838755658825676,0.5954549277576832,0.228580597350544,0.04028121578201424,0.06075859687758775,False,False,P11,self,0.13858096432942,-127.72686751526298,0.5954549277576832,-0.05664719304583763,-0.060003619536242954,0.08251871810336485,0.988563127254816
1537,k6_supported_scene,421039,6,0.5,interior,task,3,P10,7.617787001091565,0.416016590080082,0.6251658251570006,0.26007935481641603,0.06238456253694463,0.0838836857331812,False,False,P00,x_neighbor,0.177287235448698,-24.2139363904075,0.659897262005981,-0.014944314668003732,-0.11603295251286845,0.1169913612612055,0.995109084475662
1537,k6_supported_scene,421039,6,0.5,interior,task,3,P10,7.617787001091565,0.416016590080082,0.6251658251570006,0.26007935481641603,0.06238456253694463,0.0838836857331812,False,False,P10,self,0.136232878997807,-128.024603514836,0.6251658251570006,-0.06967995069800001,-0.048972610487143416,0.08516814021217782,0.7444091743380147
1537,k6_supported_scene,421039,6,0.5,interior,task,3,P10,7.617787001091565,0.416016590080082,0.6251658251570006,0.26007935481641603,0.06238456253694463,0.0838836857331812,False,False,P01,diagonal,0.063880131359037,139.19540158061,0.0,-0.0,0.0,0.0,0.0
1537,k6_supported_scene,421039,6,0.5,interior,task,3,P10,7.617787001091565,0.416016590080082,0.6251658251570006,0.26007935481641603,0.06238456253694463,0.0838836857331812,False,False,P11,y_neighbor,0.22114394099010298,-124.185421282005,0.4167772340689979,0.02608384717112111,-0.08839982415521713,0.09216776005697282,0.8708060544744995
1540,k6_supported_scene,421039,6,0.5,interior,task,4,P11,5.736401953227089,0.5166303341311227,0.32097092270851135,0.16582331504527295,0.06432339720079724,0.07536141804588589,False,False,P00,diagonal,0.063652560312172,139.228562638808,0.7451111179929676,-0.00811642414283725,0.046728585425384425,0.04742823037731727,0.318853171403434
1540,k6_supported_scene,421039,6,0.5,interior,task,4,P11,5.736401953227089,0.5166303341311227,0.32097092270851135,0.16582331504527295,0.06432339720079724,0.07536141804588589,False,False,P10,y_neighbor,0.22114394099010298,-124.185421282005,0.5846256159013457,-0.12856384516856129,0.01364969689745138,0.1292864127041898,0.9989065860471706
1540,k6_supported_scene,421039,6,0.5,interior,task,4,P11,5.736401953227089,0.5166303341311227,0.32097092270851135,0.16582331504527295,0.06432339720079724,0.07536141804588589,False,False,P01,x_neighbor,0.177996764958833,-23.879828669598304,0.0,0.0,0.0,0.0,0.0
1540,k6_supported_scene,421039,6,0.5,interior,task,4,P11,5.736401953227089,0.5166303341311227,0.32097092270851135,0.16582331504527295,0.06432339720079724,0.07536141804588589,False,False,P11,self,0.13858096432942,-127.72686751526298,0.32097092270851135,-0.027217504449573535,-0.03518122755841802,0.04448045999064923,0.4846088426989372
1543,k6_supported_scene,421039,6,0.5,interior,task,5,P10,7.6417205506381585,0.41487185430758416,0.6849877477671534,0.28418213709413465,0.06756999186882245,0.09112635945091202,False,False,P00,x_neighbor,0.177287235448698,-24.2139363904075,0.35961857200368236,0.0553035207297369,-0.03172255333774816,0.0637557824465414,0.8619149672418357
1543,k6_supported_scene,421039,6,0.5,interior,task,5,P10,7.6417205506381585,0.41487185430758416,0.6849877477671534,0.28418213709413465,0.06756999186882245,0.09112635945091202,False,False,P10,self,0.136232878997807,-128.024603514836,0.6849877477671534,0.020357289210113587,-0.09107031600052107,0.09331785295654295,0.95582920149347
1543,k6_supported_scene,421039,6,0.5,interior,task,5,P10,7.6417205506381585,0.41487185430758416,0.6849877477671534,0.28418213709413465,0.06756999186882245,0.09112635945091202,False,False,P01,diagonal,0.063880131359037,139.19540158061,0.0,-0.0,0.0,0.0,-0.0
1543,k6_supported_scene,421039,6,0.5,interior,task,5,P10,7.6417205506381585,0.41487185430758416,0.6849877477671534,0.28418213709413465,0.06756999186882245,0.09112635945091202,False,False,P11,y_neighbor,0.22114394099010298,-124.185421282005,0.63361367024852,0.06511101561736801,-0.12407304603418065,0.1401198241039613,0.9993885303111082
1552,canonical_modal_scan,-1,0,1.0,full_2x2,canonical,-1,P00,9.421665933991605,0.33800000235253874,0.5,0.1690000011762694,0.010886118167850428,0.028080854613046713,False,False,P00,self,0.13840586460662296,-126.940543860558,0.5,-0.041589990075193,-0.05531110706650212,0.06920293230331148,0.9347985884246932
1552,canonical_modal_scan,-1,0,1.0,full_2x2,canonical,-1,P00,9.421665933991605,0.33800000235253874,0.5,0.1690000011762694,0.010886118167850428,0.028080854613046713,False,False,P10,x_neighbor,0.177287235448698,-24.2139363904075,0.5,0.08084478602734242,-0.03635672613772781,0.088643617724349,0.1405169788413635
1552,canonical_modal_scan,-1,0,1.0,full_2x2,canonical,-1,P00,9.421665933991605,0.33800000235253874,0.5,0.1690000011762694,0.010886118167850428,0.028080854613046713,False,False,P01,y_neighbor,0.221120650005401,-124.185373834792,0.5,-0.062120776000784445,-0.09145815793991875,0.1105603250027005,0.9507908115084014
1552,canonical_modal_scan,-1,0,1.0,full_2x2,canonical,-1,P00,9.421665933991605,0.33800000235253874,0.5,0.1690000011762694,0.010886118167850428,0.028080854613046713,False,False,P11,diagonal,0.0636525603121721,139.228562638808,0.5,-0.024102700754979,0.020783934297663943,0.03182628015608605,-0.41684031802640026
1553,canonical_modal_scan,-1,0,1.0,full_2x2,canonical,-1,P01,7.608642043266583,0.4164548247107732,0.5,0.2082274123553866,0.05011352934696764,0.06730826579216392,False,False,P00,y_neighbor,0.221120650005401,-124.185373834792,0.5,-0.062120776000784445,-0.09145815793991875,0.1105603250027005,0.9573696919808661
1553,canonical_modal_scan,-1,0,1.0,full_2x2,canonical,-1,P01,7.608642043266583,0.4164548247107732,0.5,0.2082274123553866,0.05011352934696764,0.06730826579216392,False,False,P10,diagonal,0.0638801313590369,139.19540158061,0.5,0.024176796719631435,-0.020872237445697363,0.03194006567951845,-0.17658351932795077
1553,canonical_modal_scan,-1,0,1.0,full_2x2,canonical,-1,P01,7.608642043266583,0.4164548247107732,0.5,0.2082274123553866,0.05011352934696764,0.06730826579216392,False,False,P01,self,0.138642679019854,-127.753500672212,0.5,-0.04244307074076181,-0.05480906729315191,0.069321339509927,0.9734914697101634
1553,canonical_modal_scan,-1,0,1.0,full_2x2,canonical,-1,P01,7.608642043266583,0.4164548247107732,0.5,0.2082274123553866,0.05011352934696764,0.06730826579216392,False,False,P11,x_neighbor,0.177996764958833,-23.879828669598304,0.5,-0.08137981221736566,0.036028297870129955,0.0889983824794165,0.45547641941786166
1556,canonical_modal_scan,-1,0,1.0,full_2x2,canonical,-1,P01,6.544481615470211,0.4707343812387912,0.49999999247994603,0.23536718707944765,0.07725330644907855,0.09444804263566414,False,False,P00,y_neighbor,0.221120650005401,-124.185373834792,0.49999999247994603,0.05980051470798778,-0.0929918466193376,0.11056032333986127,0.9924505948853171
1556,canonical_modal_scan,-1,0,1.0,full_2x2,canonical,-1,P01,6.544481615470211,0.4707343812387912,0.49999999247994603,0.23536718707944765,0.07725330644907855,0.09444804263566414,False,False,P10,diagonal,0.0638801313590369,139.19540158061,0.49999999247994603,0.009728856092279775,0.030422312930820955,0.03194006519913641,-0.7261774284176629
1556,canonical_modal_scan,-1,0,1.0,full_2x2,canonical,-1,P01,6.544481615470211,0.4707343812387912,0.49999999247994603,0.23536718707944765,0.07725330644907855,0.09444804263566414,False,False,P01,self,0.138642679019854,-127.753500672212,0.49999999247994603,0.033793561278575884,-0.060526384189151655,0.06932133846732658,0.9981595887907122
1556,canonical_modal_scan,-1,0,1.0,full_2x2,canonical,-1,P01,6.544481615470211,0.4707343812387912,0.49999999247994603,0.23536718707944765,0.07725330644907855,0.09444804263566414,False,False,P11,x_neighbor,0.177996764958833,-23.879828669598304,0.49999999247994603,-0.0012568469933546059,-0.08898950601801921,0.08899838114087122,0.8948693571724732
1557,canonical_modal_scan,-1,0,1.0,full_2x2,canonical,-1,P00,9.169325818480917,0.34796351483854776,0.5000000119610891,0.17398176158129644,0.015867874790448988,0.03306261164698082,False,False,P00,self,0.13840586460662296,-126.940543860558,0.5000000119610891,0.058502233526734816,-0.0369666706762851,0.06920293395879637,0.9227422055600906
1557,canonical_modal_scan,-1,0,1.0,full_2x2,canonical,-1,P00,9.169325818480917,0.34796351483854776,0.5000000119610891,0.17398176158129644,0.015867874790448988,0.03306261164698082,False,False,P10,x_neighbor,0.177287235448698,-24.2139363904075,0.5,0.08084478602734242,-0.03635672613772781,0.088643617724349,0.8594607717858801
1557,canonical_modal_scan,-1,0,1.0,full_2x2,canonical,-1,P00,9.169325818480917,0.34796351483854776,0.5000000119610891,0.17398176158129644,0.015867874790448988,0.03306261164698082,False,False,P01,y_neighbor,0.221120650005401,-124.185373834792,0.5,-0.062120776000784445,-0.09145815793991875,0.1105603250027005,0.35465775385653725
1557,canonical_modal_scan,-1,0,1.0,full_2x2,canonical,-1,P00,9.169325818480917,0.34796351483854776,0.5000000119610891,0.17398176158129644,0.015867874790448988,0.03306261164698082,False,False,P11,diagonal,0.0636525603121721,139.228562638808,0.5000000119610891,0.022670426548989046,0.022337500243373207,0.03182628091744,-0.16563339521558673
1558,canonical_modal_scan,-1,0,1.0,full_2x2,canonical,-1,P01,8.763264298950249,0.3646168922003184,0.49999999247994603,0.1823084433582205,0.024194562727851393,0.04138929891443699,False,False,P00,y_neighbor,0.221120650005401,-124.185373834792,0.49999999247994603,0.05980051470798778,-0.0929918466193376,0.11056032333986127,0.7130679459613033
1558,canonical_modal_scan,-1,0,1.0,full_2x2,canonical,-1,P01,8.763264298950249,0.3646168922003184,0.49999999247994603,0.1823084433582205,0.024194562727851393,0.04138929891443699,False,False,P10,diagonal,0.0638801313590369,139.19540158061,0.49999999247994603,-0.02867698958988423,-0.014064068863126227,0.03194006519913642,0.6142258701631786
1558,canonical_modal_scan,-1,0,1.0,full_2x2,canonical,-1,P01,8.763264298950249,0.3646168922003184,0.49999999247994603,0.1823084433582205,0.024194562727851393,0.04138929891443699,False,False,P01,self,0.138642679019854,-127.753500672212,0.49999999247994603,-0.06705756145901354,0.017570754624439803,0.06932133846732656,-0.05080008512789086
1558,canonical_modal_scan,-1,0,1.0,full_2x2,canonical,-1,P01,8.763264298950249,0.3646168922003184,0.49999999247994603,0.1823084433582205,0.024194562727851393,0.04138929891443699,False,False,P11,x_neighbor,0.177996764958833,-23.879828669598304,0.49999999247994603,-0.0012568469933546059,-0.08898950601801921,0.08899838114087122,0.9817542198487683
