stimulus_index,stimulus_family,sample_index,k_value,ratio,window_role,source_type,task_index,worst_port,active_rl_db,worst_gamma_magnitude,source_port_magnitude,reflected_port_magnitude,required_b_reduction_for_10db,required_b_reduction_for_11db,stop_line_pass,design_line_pass,s_column_port,coupling_relation,d_active_rl_db_d_re_s,d_active_rl_db_d_im_s,jacobian_magnitude
6,old_285_replay,426105,2,0.800000011920929,corner,combined,-1,P00,8.57454635146132,0.3726255949264088,0.35133876081560694,0.13091781476962278,0.019814743321779238,0.03189709811219167,False,False,P00,self,-2.5421602883260634,23.17092784406648,23.30996516699408
6,old_285_replay,426105,2,0.800000011920929,corner,combined,-1,P00,8.57454635146132,0.3726255949264088,0.35133876081560694,0.13091781476962278,0.019814743321779238,0.03189709811219167,False,False,P10,x_neighbor,-17.205573674485876,38.694045258503365,42.346911386018085
6,old_285_replay,426105,2,0.800000011920929,corner,combined,-1,P00,8.57454635146132,0.3726255949264088,0.35133876081560694,0.13091781476962278,0.019814743321779238,0.03189709811219167,False,False,P01,y_neighbor,-0.0,-0.0,0.0
6,old_285_replay,426105,2,0.800000011920929,corner,combined,-1,P00,8.57454635146132,0.3726255949264088,0.35133876081560694,0.13091781476962278,0.019814743321779238,0.03189709811219167,False,False,P11,diagonal,37.48096510361602,25.69766809722089,45.444393391632005
7,old_285_replay,426105,2,0.800000011920929,corner,task,0,P10,5.964943386795066,0.5032141338015789,0.4554430647830133,0.22918538734072041,0.08516164441652613,0.10082409134599887,False,False,P00,x_neighbor,-17.320298824183535,19.169938782174484,25.835620841608023
7,old_285_replay,426105,2,0.800000011920929,corner,task,0,P10,5.964943386795066,0.5032141338015789,0.4554430647830133,0.22918538734072041,0.08516164441652613,0.10082409134599887,False,False,P10,self,-14.773984284262134,8.92554579188902,17.260822092667905
7,old_285_replay,426105,2,0.800000011920929,corner,task,0,P10,5.964943386795066,0.5032141338015789,0.4554430647830133,0.22918538734072041,0.08516164441652613,0.10082409134599887,False,False,P01,diagonal,-0.0,-0.0,0.0
7,old_285_replay,426105,2,0.800000011920929,corner,task,0,P10,5.964943386795066,0.5032141338015789,0.4554430647830133,0.22918538734072041,0.08516164441652613,0.10082409134599887,False,False,P11,y_neighbor,13.977367117101833,16.599692118825203,21.700612202563022
8,old_285_replay,426105,2,0.800000011920929,corner,task,1,P10,5.11690964331876,0.5548230786045053,0.48363866591364313,0.2683338935543833,0.1153939186731481,0.13202599746333096,False,False,P00,x_neighbor,-14.40727919012811,8.66558887254662,16.81255852540898
8,old_285_replay,426105,2,0.800000011920929,corner,task,1,P10,5.11690964331876,0.5548230786045053,0.48363866591364313,0.2683338935543833,0.1153939186731481,0.13202599746333096,False,False,P10,self,-6.877733153881455,14.063548378467079,15.655242135766668
8,old_285_replay,426105,2,0.800000011920929,corner,task,1,P10,5.11690964331876,0.5548230786045053,0.48363866591364313,0.2683338935543833,0.1153939186731481,0.13202599746333096,False,False,P01,diagonal,-0.0,0.0,0.0
8,old_285_replay,426105,2,0.800000011920929,corner,task,1,P10,5.11690964331876,0.5548230786045053,0.48363866591364313,0.2683338935543833,0.1153939186731481,0.13202599746333096,False,False,P11,y_neighbor,18.03415250589678,13.957743212075991,22.80458840190273
21,old_285_replay,426109,2,0.6000000238418579,corner,combined,-1,P11,8.24583207178046,0.38699771111913134,0.5519251685380347,0.2135937769332603,0.0390597138780108,0.058040129498974885,False,False,P00,diagonal,0.0,-0.0,0.0
21,old_285_replay,426109,2,0.6000000238418579,corner,combined,-1,P11,8.24583207178046,0.38699771111913134,0.5519251685380347,0.2135937769332603,0.0390597138780108,0.058040129498974885,False,False,P10,y_neighbor,27.677648296144334,19.59289089352812,33.91067072133429
21,old_285_replay,426109,2,0.6000000238418579,corner,combined,-1,P11,8.24583207178046,0.38699771111913134,0.5519251685380347,0.2135937769332603,0.0390597138780108,0.058040129498974885,False,False,P01,x_neighbor,0.0,-0.0,0.0
21,old_285_replay,426109,2,0.6000000238418579,corner,combined,-1,P11,8.24583207178046,0.38699771111913134,0.5519251685380347,0.2135937769332603,0.0390597138780108,0.058040129498974885,False,False,P11,self,-7.662090419068689,21.09593834203157,22.44429201647452
23,old_285_replay,426109,2,0.6000000238418579,corner,task,1,P11,8.950382195201502,0.3568460470522558,0.6878155591508912,0.24544426338403258,0.027937885682123992,0.05159150020713377,False,False,P00,diagonal,0.0,-0.0,0.0
23,old_285_replay,426109,2,0.6000000238418579,corner,task,1,P11,8.950382195201502,0.3568460470522558,0.6878155591508912,0.24544426338403258,0.027937885682123992,0.05159150020713377,False,False,P10,y_neighbor,18.697139023105166,17.61499324842915,25.68795427416373
23,old_285_replay,426109,2,0.6000000238418579,corner,task,1,P11,8.950382195201502,0.3568460470522558,0.6878155591508912,0.24544426338403258,0.027937885682123992,0.05159150020713377,False,False,P01,x_neighbor,0.0,-0.0,0.0
23,old_285_replay,426109,2,0.6000000238418579,corner,task,1,P11,8.950382195201502,0.3568460470522558,0.6878155591508912,0.24544426338403258,0.027937885682123992,0.05159150020713377,False,False,P11,self,6.836373931008914,23.360963832413024,24.34071978606811
40,old_285_replay,426110,4,0.699999988079071,corner,combined,-1,P10,4.558869587781168,0.5916386270965512,0.43408529019971104,0.2568216251365651,0.11955180355593967,0.13447976787538082,False,False,P00,x_neighbor,-11.719517026897947,14.962382412203318,19.005787718291554
40,old_285_replay,426110,4,0.699999988079071,corner,combined,-1,P10,4.558869587781168,0.5916386270965512,0.43408529019971104,0.2568216251365651,0.11955180355593967,0.13447976787538082,False,False,P10,self,-9.230113994274394,11.41660581669193,14.681072601176798
40,old_285_replay,426110,4,0.699999988079071,corner,combined,-1,P10,4.558869587781168,0.5916386270965512,0.43408529019971104,0.2568216251365651,0.11955180355593967,0.13447976787538082,False,False,P01,diagonal,-0.0,-0.0,0.0
40,old_285_replay,426110,4,0.699999988079071,corner,combined,-1,P10,4.558869587781168,0.5916386270965512,0.43408529019971104,0.2568216251365651,0.11955180355593967,0.13447976787538082,False,False,P11,y_neighbor,14.772209587773617,18.67801834373529,23.813579011858394
42,old_285_replay,426110,4,0.699999988079071,corner,task,1,P10,9.09831407794555,0.35081996113045766,0.5817622927503417,0.20409382492984085,0.020124434740566605,0.040130933335757096,False,False,P00,x_neighbor,6.026966789614378,20.902382843925597,21.75394072891507
42,old_285_replay,426110,4,0.699999988079071,corner,task,1,P10,9.09831407794555,0.35081996113045766,0.5817622927503417,0.20409382492984085,0.020124434740566605,0.040130933335757096,False,False,P10,self,13.67431730360701,20.64006800298046,24.75882389951881
42,old_285_replay,426110,4,0.699999988079071,corner,task,1,P10,9.09831407794555,0.35081996113045766,0.5817622927503417,0.20409382492984085,0.020124434740566605,0.040130933335757096,False,False,P01,diagonal,-0.0,0.0,0.0
42,old_285_replay,426110,4,0.699999988079071,corner,task,1,P10,9.09831407794555,0.35081996113045766,0.5817622927503417,0.20409382492984085,0.020124434740566605,0.040130933335757096,False,False,P11,y_neighbor,-1.1521943243073576,26.90073359845989,26.925397302477723
43,old_285_replay,426110,4,0.699999988079071,corner,task,2,P10,7.392526169513221,0.42694672989746324,0.5889601375113133,0.2514546047504155,0.06520905619224321,0.08546308487471038,False,False,P00,x_neighbor,-6.775505372327204,15.326215764178547,16.757098874822866
43,old_285_replay,426110,4,0.699999988079071,corner,task,2,P10,7.392526169513221,0.42694672989746324,0.5889601375113133,0.2514546047504155,0.06520905619224321,0.08546308487471038,False,False,P10,self,-6.290698969015391,19.3471852682501,20.34419994304925
43,old_285_replay,426110,4,0.699999988079071,corner,task,2,P10,7.392526169513221,0.42694672989746324,0.5889601375113133,0.2514546047504155,0.06520905619224321,0.08546308487471038,False,False,P01,diagonal,-0.0,0.0,0.0
43,old_285_replay,426110,4,0.699999988079071,corner,task,2,P10,7.392526169513221,0.42694672989746324,0.5889601375113133,0.2514546047504155,0.06520905619224321,0.08546308487471038,False,False,P11,y_neighbor,13.691645096309143,17.636368371871836,22.32717256599338
44,old_285_replay,426110,4,0.699999988079071,corner,task,3,P10,6.657625585450019,0.464642274602417,0.5477448162472223,0.25450539732279237,0.08129327773362988,0.10012993324281677,False,False,P00,x_neighbor,-7.904544327659558,18.7334215309824,20.33280362580158
44,old_285_replay,426110,4,0.699999988079071,corner,task,3,P10,6.657625585450019,0.464642274602417,0.5477448162472223,0.25450539732279237,0.08129327773362988,0.10012993324281677,False,False,P10,self,12.915779230321435,13.514347097142856,18.693713664985246
44,old_285_replay,426110,4,0.699999988079071,corner,task,3,P10,6.657625585450019,0.464642274602417,0.5477448162472223,0.25450539732279237,0.08129327773362988,0.10012993324281677,False,False,P01,diagonal,-0.0,-0.0,0.0
44,old_285_replay,426110,4,0.699999988079071,corner,task,3,P10,6.657625585450019,0.464642274602417,0.5477448162472223,0.25450539732279237,0.08129327773362988,0.10012993324281677,False,False,P11,y_neighbor,-1.2012631593390515,20.01085268130307,20.04687652006665
63,old_285_replay,426102,2,0.699999988079071,corner,task,1,P10,8.333772919240673,0.3830992961170265,0.5824170546101916,0.22312356366771616,0.03894711959822858,0.05897613510864805,False,False,P00,x_neighbor,-0.0,-0.0,0.0
63,old_285_replay,426102,2,0.699999988079071,corner,task,1,P10,8.333772919240673,0.3830992961170265,0.5824170546101916,0.22312356366771616,0.03894711959822858,0.05897613510864805,False,False,P10,self,22.61374736973107,1.6337294354978416,22.672684930780278
63,old_285_replay,426102,2,0.699999988079071,corner,task,1,P10,8.333772919240673,0.3830992961170265,0.5824170546101916,0.22312356366771616,0.03894711959822858,0.05897613510864805,False,False,P01,diagonal,-0.0,-0.0,0.0
63,old_285_replay,426102,2,0.699999988079071,corner,task,1,P10,8.333772919240673,0.3830992961170265,0.5824170546101916,0.22312356366771616,0.03894711959822858,0.05897613510864805,False,False,P11,y_neighbor,8.236472221266618,30.553990707315776,31.644680797796575
80,old_285_replay,426113,4,0.800000011920929,corner,combined,-1,P00,9.566103040797584,0.33242589596971894,0.4274604514125049,0.14209892355242248,0.006924059941696981,0.021624199547262274,False,False,P00,self,25.256080850846537,6.696607484598808,26.128799661432634
80,old_285_replay,426113,4,0.800000011920929,corner,combined,-1,P00,9.566103040797584,0.33242589596971894,0.4274604514125049,0.14209892355242248,0.006924059941696981,0.021624199547262274,False,False,P10,x_neighbor,-30.191283821854398,16.670267493964587,34.48784477366046
80,old_285_replay,426113,4,0.800000011920929,corner,combined,-1,P00,9.566103040797584,0.33242589596971894,0.4274604514125049,0.14209892355242248,0.006924059941696981,0.021624199547262274,False,False,P01,y_neighbor,-0.0,-0.0,0.0
80,old_285_replay,426113,4,0.800000011920929,corner,combined,-1,P00,9.566103040797584,0.33242589596971894,0.4274604514125049,0.14209892355242248,0.006924059941696981,0.021624199547262274,False,False,P11,diagonal,25.111628587481412,35.123013559615515,43.17661371419196
82,old_285_replay,426113,4,0.800000011920929,corner,task,1,P11,7.721976855275424,0.41105615659429207,0.5773409572785702,0.23731955494339843,0.05474831379317352,0.0746027649920182,False,False,P00,diagonal,16.427227230604476,6.3447359271958135,17.609925282969336
82,old_285_replay,426113,4,0.800000011920929,corner,task,1,P11,7.721976855275424,0.41105615659429207,0.5773409572785702,0.23731955494339843,0.05474831379317352,0.0746027649920182,False,False,P10,y_neighbor,17.299804272572683,16.84222271260189,24.14422692426094
82,old_285_replay,426113,4,0.800000011920929,corner,task,1,P11,7.721976855275424,0.41105615659429207,0.5773409572785702,0.23731955494339843,0.05474831379317352,0.0746027649920182,False,False,P01,x_neighbor,-0.0,-0.0,0.0
82,old_285_replay,426113,4,0.800000011920929,corner,task,1,P11,7.721976855275424,0.41105615659429207,0.5773409572785702,0.23731955494339843,0.05474831379317352,0.0746027649920182,False,False,P11,self,12.449002078226588,17.074171119988588,21.130664262591043
83,old_285_replay,426113,4,0.800000011920929,corner,task,2,P11,7.7922245250246815,0.40774512164775084,0.4655405335530759,0.1898218814855578,0.04260503856978182,0.0586147321277842,False,False,P00,diagonal,20.59496157671852,9.0640594018295,22.501324742921383
83,old_285_replay,426113,4,0.800000011920929,corner,task,2,P11,7.7922245250246815,0.40774512164775084,0.4655405335530759,0.1898218814855578,0.04260503856978182,0.0586147321277842,False,False,P10,y_neighbor,12.69708158624651,31.184816184841964,33.67059015357737
83,old_285_replay,426113,4,0.800000011920929,corner,task,2,P11,7.7922245250246815,0.40774512164775084,0.4655405335530759,0.1898218814855578,0.04260503856978182,0.0586147321277842,False,False,P01,x_neighbor,-0.0,0.0,0.0
83,old_285_replay,426113,4,0.800000011920929,corner,task,2,P11,7.7922245250246815,0.40774512164775084,0.4655405335530759,0.1898218814855578,0.04260503856978182,0.0586147321277842,False,False,P11,self,19.7150488236509,-8.06863197925288,21.30225274790347
84,old_285_replay,426113,4,0.800000011920929,corner,task,3,P11,5.086109391287089,0.5567939791738572,0.43572592365539337,0.2426095708612908,0.10482093542812249,0.1198053202673109,False,False,P00,diagonal,10.44043833730419,-8.310405564347022,13.344122051262161
84,old_285_replay,426113,4,0.800000011920929,corner,task,3,P11,5.086109391287089,0.5567939791738572,0.43572592365539337,0.2426095708612908,0.10482093542812249,0.1198053202673109,False,False,P10,y_neighbor,10.431845710078498,27.414126057462788,29.33185490918267
84,old_285_replay,426113,4,0.800000011920929,corner,task,3,P11,5.086109391287089,0.5567939791738572,0.43572592365539337,0.2426095708612908,0.10482093542812249,0.1198053202673109,False,False,P01,x_neighbor,0.0,-0.0,0.0
84,old_285_replay,426113,4,0.800000011920929,corner,task,3,P11,5.086109391287089,0.5567939791738572,0.43572592365539337,0.2426095708612908,0.10482093542812249,0.1198053202673109,False,False,P11,self,15.477790577101072,1.9474586062125294,15.59982679940742
101,old_285_replay,426105,2,0.800000011920929,edge,combined,-1,P10,5.686594047993436,0.5196013821091432,0.3395165012162602,0.17641324328082944,0.06904869857535843,0.08072449208977595,False,False,P00,x_neighbor,-15.146560100245829,20.619419334877684,25.584736398444413
101,old_285_replay,426105,2,0.800000011920929,edge,combined,-1,P10,5.686594047993436,0.5196013821091432,0.3395165012162602,0.17641324328082944,0.06904869857535843,0.08072449208977595,False,False,P10,self,-9.550866960093712,13.719350710282763,16.71644829505197
101,old_285_replay,426105,2,0.800000011920929,edge,combined,-1,P10,5.686594047993436,0.5196013821091432,0.3395165012162602,0.17641324328082944,0.06904869857535843,0.08072449208977595,False,False,P01,diagonal,18.256694550938267,26.461189999985237,32.148117707598026
101,old_285_replay,426105,2,0.800000011920929,edge,combined,-1,P10,5.686594047993436,0.5196013821091432,0.3395165012162602,0.17641324328082944,0.06904869857535843,0.08072449208977595,False,False,P11,y_neighbor,18.322551502981312,10.99781735144451,21.36978895719695
102,old_285_replay,426105,2,0.800000011920929,edge,task,0,P10,8.509216954905218,0.37543879927914603,0.5589432959617003,0.20984899990098912,0.03309561008893236,0.05231737541267392,False,False,P00,x_neighbor,-10.239865131221102,17.70513649255152,20.453036354670605
102,old_285_replay,426105,2,0.800000011920929,edge,task,0,P10,8.509216954905218,0.37543879927914603,0.5589432959617003,0.20984899990098912,0.03309561008893236,0.05231737541267392,False,False,P10,self,-13.847243850180655,18.533644846742714,23.135301025738972
102,old_285_replay,426105,2,0.800000011920929,edge,task,0,P10,8.509216954905218,0.37543879927914603,0.5589432959617003,0.20984899990098912,0.03309561008893236,0.05231737541267392,False,False,P01,diagonal,19.971700574509093,-3.1389696419110975,20.216873008719386
102,old_285_replay,426105,2,0.800000011920929,edge,task,0,P10,8.509216954905218,0.37543879927914603,0.5589432959617003,0.20984899990098912,0.03309561008893236,0.05231737541267392,False,False,P11,y_neighbor,15.707822389626708,10.20784429877304,18.73327973025683
103,old_285_replay,426105,2,0.800000011920929,edge,task,1,P10,7.284176220360984,0.43230592614791896,0.4933079856351257,0.21325996560615731,0.05726228335049513,0.07422688494910845,False,False,P00,x_neighbor,-16.18471862793097,15.435142481674509,22.364899742562873
103,old_285_replay,426105,2,0.800000011920929,edge,task,1,P10,7.284176220360984,0.43230592614791896,0.4933079856351257,0.21325996560615731,0.05726228335049513,0.07422688494910845,False,False,P10,self,-6.664543224581441,18.954477884057358,20.09199761719909
103,old_285_replay,426105,2,0.800000011920929,edge,task,1,P10,7.284176220360984,0.43230592614791896,0.4933079856351257,0.21325996560615731,0.05726228335049513,0.07422688494910845,False,False,P01,diagonal,-7.084780715588542,15.860647649259178,17.371075431357898
103,old_285_replay,426105,2,0.800000011920929,edge,task,1,P10,7.284176220360984,0.43230592614791896,0.4933079856351257,0.21325996560615731,0.05726228335049513,0.07422688494910845,False,False,P11,y_neighbor,16.828160769036963,13.04003073188453,21.289184962253668
116,old_285_replay,426109,2,0.6000000238418579,edge,combined,-1,P11,3.286082163063498,0.6850083916909813,0.37484808989463403,0.2567740871871596,0.13823671312410063,0.1511275413495476,False,False,P00,diagonal,-0.0,-0.0,0.0
116,old_285_replay,426109,2,0.6000000238418579,edge,combined,-1,P11,3.286082163063498,0.6850083916909813,0.37484808989463403,0.2567740871871596,0.13823671312410063,0.1511275413495476,False,False,P10,y_neighbor,17.112493242339877,26.280121729043422,31.36052013379989
116,old_285_replay,426109,2,0.6000000238418579,edge,combined,-1,P11,3.286082163063498,0.6850083916909813,0.37484808989463403,0.2567740871871596,0.13823671312410063,0.1511275413495476,False,False,P01,x_neighbor,-0.0,-0.0,0.0
116,old_285_replay,426109,2,0.6000000238418579,edge,combined,-1,P11,3.286082163063498,0.6850083916909813,0.37484808989463403,0.2567740871871596,0.13823671312410063,0.1511275413495476,False,False,P11,self,8.50614424019332,9.403578540571715,12.67997552062601
117,old_285_replay,426109,2,0.6000000238418579,edge,task,0,P11,9.070516379938505,0.35194449864840727,0.6899109597368983,0.24281036683664417,0.024641365288512185,0.048367039535168965,False,False,P00,diagonal,0.0,-0.0,0.0
117,old_285_replay,426109,2,0.6000000238418579,edge,task,0,P11,9.070516379938505,0.35194449864840727,0.6899109597368983,0.24281036683664417,0.024641365288512185,0.048367039535168965,False,False,P10,y_neighbor,19.289183494978413,17.27708972591814,25.895374670013442
117,old_285_replay,426109,2,0.6000000238418579,edge,task,0,P11,9.070516379938505,0.35194449864840727,0.6899109597368983,0.24281036683664417,0.024641365288512185,0.048367039535168965,False,False,P01,x_neighbor,0.0,-0.0,0.0
117,old_285_replay,426109,2,0.6000000238418579,edge,task,0,P11,9.070516379938505,0.35194449864840727,0.6899109597368983,0.24281036683664417,0.024641365288512185,0.048367039535168965,False,False,P11,self,5.926716509728929,23.95751080577222,24.67971419193071
118,old_285_replay,426109,2,0.6000000238418579,edge,task,1,P11,5.575155799582227,0.5263107128721298,0.44724710587837563,0.2353909431248448,0.09395898997542987,0.1093395821983408,False,False,P00,diagonal,-0.0,-0.0,0.0
118,old_285_replay,426109,2,0.6000000238418579,edge,task,1,P11,5.575155799582227,0.5263107128721298,0.44724710587837563,0.2353909431248448,0.09395898997542987,0.1093395821983408,False,False,P10,y_neighbor,24.25406238723003,22.3825503278379,33.003607400734886
118,old_285_replay,426109,2,0.6000000238418579,edge,task,1,P11,5.575155799582227,0.5263107128721298,0.44724710587837563,0.2353909431248448,0.09395898997542987,0.1093395821983408,False,False,P01,x_neighbor,-0.0,-0.0,0.0
118,old_285_replay,426109,2,0.6000000238418579,edge,task,1,P11,5.575155799582227,0.5263107128721298,0.44724710587837563,0.2353909431248448,0.09395898997542987,0.1093395821983408,False,False,P11,self,-2.4842347076398656,16.315303322569633,16.503349496090003
135,old_285_replay,426110,4,0.699999988079071,edge,combined,-1,P10,7.352835026008848,0.4289021751086795,0.4186210468342758,0.17954747753349326,0.047167879085460135,0.06156403622691521,False,False,P00,x_neighbor,-22.181953201209566,14.383615893465144,26.437236126179954
135,old_285_replay,426110,4,0.699999988079071,edge,combined,-1,P10,7.352835026008848,0.4289021751086795,0.4186210468342758,0.17954747753349326,0.047167879085460135,0.06156403622691521,False,False,P10,self,-18.743893627223073,7.667304253459385,20.251446931608864
135,old_285_replay,426110,4,0.699999988079071,edge,combined,-1,P10,7.352835026008848,0.4289021751086795,0.4186210468342758,0.17954747753349326,0.047167879085460135,0.06156403622691521,False,False,P01,diagonal,22.157955143527918,11.65066478828889,25.034235881122278
135,old_285_replay,426110,4,0.699999988079071,edge,combined,-1,P10,7.352835026008848,0.4289021751086795,0.4186210468342758,0.17954747753349326,0.047167879085460135,0.06156403622691521,False,False,P11,y_neighbor,23.550653547581856,7.0637717653851055,24.587194920764784
136,old_285_replay,426110,4,0.699999988079071,edge,task,0,P11,6.271222251689999,0.48577916877637256,0.4493541027444441,0.21828686251744878,0.07618861845607255,0.0916416691905893,False,False,P00,diagonal,20.072058172970323,4.02744056953374,20.472122431253457
136,old_285_replay,426110,4,0.699999988079071,edge,task,0,P11,6.271222251689999,0.48577916877637256,0.4493541027444441,0.21828686251744878,0.07618861845607255,0.0916416691905893,False,False,P10,y_neighbor,17.817002492685013,10.357727889569407,20.60893264724566
136,old_285_replay,426110,4,0.699999988079071,edge,task,0,P11,6.271222251689999,0.48577916877637256,0.4493541027444441,0.21828686251744878,0.07618861845607255,0.0916416691905893,False,False,P01,x_neighbor,-13.69819148093379,15.236628908941153,20.48890700738105
136,old_285_replay,426110,4,0.699999988079071,edge,task,0,P11,6.271222251689999,0.48577916877637256,0.4493541027444441,0.21828686251744878,0.07618861845607255,0.0916416691905893,False,False,P11,self,-11.921918094317146,13.325686001438045,17.880325457231713
137,old_285_replay,426110,4,0.699999988079071,edge,task,1,P11,7.251588601879111,0.4339308927912284,0.5052248612710635,0.219232675111677,0.059466545895761724,0.07684096256599529,False,False,P00,diagonal,1.0832211031263181,22.16856193618974,22.195010842009935
137,old_285_replay,426110,4,0.699999988079071,edge,task,1,P11,7.251588601879111,0.4339308927912284,0.5052248612710635,0.219232675111677,0.059466545895761724,0.07684096256599529,False,False,P10,y_neighbor,13.762150269017251,10.599671610270683,17.370947535255233
137,old_285_replay,426110,4,0.699999988079071,edge,task,1,P11,7.251588601879111,0.4339308927912284,0.5052248612710635,0.219232675111677,0.059466545895761724,0.07684096256599529,False,False,P01,x_neighbor,-14.970318511059912,12.270111648451593,19.356292935065085
137,old_285_replay,426110,4,0.699999988079071,edge,task,1,P11,7.251588601879111,0.4339308927912284,0.5052248612710635,0.219232675111677,0.059466545895761724,0.07684096256599529,False,False,P11,self,5.678500737545481,19.194406145627212,20.016757927036945
138,old_285_replay,426110,4,0.699999988079071,edge,task,2,P10,8.206078481668982,0.3887729821398326,0.5412492396731473,0.21042308098864645,0.03926504306849499,0.05787831912318028,False,False,P00,x_neighbor,-9.622741188960912,20.550919118438678,22.692232693199966
138,old_285_replay,426110,4,0.699999988079071,edge,task,2,P10,8.206078481668982,0.3887729821398326,0.5412492396731473,0.21042308098864645,0.03926504306849499,0.05787831912318028,False,False,P10,self,-4.217999240759757,21.940024464593073,22.341803667161535
138,old_285_replay,426110,4,0.699999988079071,edge,task,2,P10,8.206078481668982,0.3887729821398326,0.5412492396731473,0.21042308098864645,0.03926504306849499,0.05787831912318028,False,False,P01,diagonal,8.294011705081214,16.990361287743195,18.906692118191028
138,old_285_replay,426110,4,0.699999988079071,edge,task,2,P10,8.206078481668982,0.3887729821398326,0.5412492396731473,0.21042308098864645,0.03926504306849499,0.05787831912318028,False,False,P11,y_neighbor,13.155395353117472,12.62022891161724,18.23004675469716
139,old_285_replay,426110,4,0.699999988079071,edge,task,3,P10,7.016536725291353,0.4458339777747495,0.5184293039976164,0.23113339879625217,0.06719165815542177,0.0850201686508329,False,False,P00,x_neighbor,-12.929466192753798,14.716769166061594,19.589650091737337
139,old_285_replay,426110,4,0.699999988079071,edge,task,3,P10,7.016536725291353,0.4458339777747495,0.5184293039976164,0.23113339879625217,0.06719165815542177,0.0850201686508329,False,False,P10,self,13.560743664733094,13.98813235533527,19.482341120383253
139,old_285_replay,426110,4,0.699999988079071,edge,task,3,P10,7.016536725291353,0.4458339777747495,0.5184293039976164,0.23113339879625217,0.06719165815542177,0.0850201686508329,False,False,P01,diagonal,-16.057529053162174,-0.09469307596297209,16.05780825865668
139,old_285_replay,426110,4,0.699999988079071,edge,task,3,P10,7.016536725291353,0.4458339777747495,0.5184293039976164,0.23113339879625217,0.06719165815542177,0.0850201686508329,False,False,P11,y_neighbor,0.33389898995124373,19.77225505807426,19.77507417475428
156,old_285_replay,426102,2,0.699999988079071,edge,combined,-1,P11,5.161153980837895,0.5520040968260775,0.4338570474899915,0.23949086765134137,0.10229322275292019,0.11721333792588301,False,False,P00,diagonal,-0.0,-0.0,0.0
156,old_285_replay,426102,2,0.699999988079071,edge,combined,-1,P11,5.161153980837895,0.5520040968260775,0.4338570474899915,0.23949086765134137,0.10229322275292019,0.11721333792588301,False,False,P10,y_neighbor,12.477834952838624,30.20075788407586,32.67693593167589
156,old_285_replay,426102,2,0.699999988079071,edge,combined,-1,P11,5.161153980837895,0.5520040968260775,0.4338570474899915,0.23949086765134137,0.10229322275292019,0.11721333792588301,False,False,P01,x_neighbor,-0.0,-0.0,0.0
156,old_285_replay,426102,2,0.699999988079071,edge,combined,-1,P11,5.161153980837895,0.5520040968260775,0.4338570474899915,0.23949086765134137,0.10229322275292019,0.11721333792588301,False,False,P11,self,15.501425123836459,2.702228749010026,15.735190532112549
158,old_285_replay,426102,2,0.699999988079071,edge,task,1,P10,8.872891279377521,0.3600438823360951,0.6654956509633638,0.23960763785063635,0.02915943485257047,0.05204547950004923,False,False,P00,x_neighbor,-0.0,-0.0,0.0
158,old_285_replay,426102,2,0.699999988079071,edge,task,1,P10,8.872891279377521,0.3600438823360951,0.6654956509633638,0.23960763785063635,0.02915943485257047,0.05204547950004923,False,False,P10,self,22.031165019157665,9.829585040259822,24.12453054807608
158,old_285_replay,426102,2,0.699999988079071,edge,task,1,P10,8.872891279377521,0.3600438823360951,0.6654956509633638,0.23960763785063635,0.02915943485257047,0.05204547950004923,False,False,P01,diagonal,-0.0,-0.0,0.0
158,old_285_replay,426102,2,0.699999988079071,edge,task,1,P10,8.872891279377521,0.3600438823360951,0.6654956509633638,0.23960763785063635,0.02915943485257047,0.05204547950004923,False,False,P11,y_neighbor,8.932617997226941,25.540399701900967,27.05741453312281
175,old_285_replay,426113,4,0.800000011920929,edge,combined,-1,P10,-2.521052488407915,1.3367574845864334,0.17475516858322312,0.23360527957378743,0.17834284301281889,0.18435258114526762,False,False,P00,x_neighbor,-0.0,-0.0,0.0
175,old_285_replay,426113,4,0.800000011920929,edge,combined,-1,P10,-2.521052488407915,1.3367574845864334,0.17475516858322312,0.23360527957378743,0.17834284301281889,0.18435258114526762,False,False,P10,self,-0.9012580879685238,6.434922934280745,6.497730319985663
175,old_285_replay,426113,4,0.800000011920929,edge,combined,-1,P10,-2.521052488407915,1.3367574845864334,0.17475516858322312,0.23360527957378743,0.17834284301281889,0.18435258114526762,False,False,P01,diagonal,-0.0,-0.0,0.0
175,old_285_replay,426113,4,0.800000011920929,edge,combined,-1,P10,-2.521052488407915,1.3367574845864334,0.17475516858322312,0.23360527957378743,0.17834284301281889,0.18435258114526762,False,False,P11,y_neighbor,22.8881179922768,28.572850502344075,36.60974912585019
177,old_285_replay,426113,4,0.800000011920929,edge,task,1,P10,9.461268628579413,0.33646242334241744,0.7110070211375038,0.23922714534539788,0.014386983428798378,0.038838140107085334,False,False,P00,x_neighbor,-0.0,-0.0,0.0
177,old_285_replay,426113,4,0.800000011920929,edge,task,1,P10,9.461268628579413,0.33646242334241744,0.7110070211375038,0.23922714534539788,0.014386983428798378,0.038838140107085334,False,False,P10,self,22.73873659433373,12.222164173868354,25.81533340864462
177,old_285_replay,426113,4,0.800000011920929,edge,task,1,P10,9.461268628579413,0.33646242334241744,0.7110070211375038,0.23922714534539788,0.014386983428798378,0.038838140107085334,False,False,P01,diagonal,-0.0,-0.0,0.0
177,old_285_replay,426113,4,0.800000011920929,edge,task,1,P10,9.461268628579413,0.33646242334241744,0.7110070211375038,0.23922714534539788,0.014386983428798378,0.038838140107085334,False,False,P11,y_neighbor,8.59639378992342,24.04060413557855,25.53132651068155
178,old_285_replay,426113,4,0.800000011920929,edge,task,2,P11,8.79583701469919,0.36325211303472477,0.6354757392215691,0.2308379050545387,0.029882831682603223,0.051736507389065545,False,False,P00,diagonal,-0.0,-0.0,0.0
178,old_285_replay,426113,4,0.800000011920929,edge,task,2,P11,8.79583701469919,0.36325211303472477,0.6354757392215691,0.2308379050545387,0.029882831682603223,0.051736507389065545,False,False,P10,y_neighbor,7.775417345923312,27.993308766619503,29.053097091473422
178,old_285_replay,426113,4,0.800000011920929,edge,task,2,P11,8.79583701469919,0.36325211303472477,0.6354757392215691,0.2308379050545387,0.029882831682603223,0.051736507389065545,False,False,P01,x_neighbor,-0.0,-0.0,0.0
178,old_285_replay,426113,4,0.800000011920929,edge,task,2,P11,8.79583701469919,0.36325211303472477,0.6354757392215691,0.2308379050545387,0.029882831682603223,0.051736507389065545,False,False,P11,self,23.2086848144542,5.754566478918905,23.91146348881587
179,old_285_replay,426113,4,0.800000011920929,edge,task,3,P10,8.841123414219858,0.3613631216907279,0.5845495830504861,0.21123466211413705,0.026383853340007757,0.046486205379412726,False,False,P00,x_neighbor,-0.0,-0.0,0.0
179,old_285_replay,426113,4,0.800000011920929,edge,task,3,P10,8.841123414219858,0.3613631216907279,0.5845495830504861,0.21123466211413705,0.026383853340007757,0.046486205379412726,False,False,P10,self,-7.454965798135246,22.85114476049115,24.036458389627377
179,old_285_replay,426113,4,0.800000011920929,edge,task,3,P10,8.841123414219858,0.3613631216907279,0.5845495830504861,0.21123466211413705,0.026383853340007757,0.046486205379412726,False,False,P01,diagonal,-0.0,-0.0,0.0
179,old_285_replay,426113,4,0.800000011920929,edge,task,3,P10,8.841123414219858,0.3613631216907279,0.5845495830504861,0.21123466211413705,0.026383853340007757,0.046486205379412726,False,False,P11,y_neighbor,27.593513780999576,18.75286701658312,33.36273406248152
196,old_285_replay,426105,2,0.800000011920929,interior,combined,-1,P01,7.043442971724287,0.44445505644403493,0.3104776415677702,0.13799335770761417,0.03981170671646167,0.050488869154229524,False,False,P00,y_neighbor,19.67651381551811,-11.056433217935819,22.57011101955304
196,old_285_replay,426105,2,0.800000011920929,interior,combined,-1,P01,7.043442971724287,0.44445505644403493,0.3104776415677702,0.13799335770761417,0.03981170671646167,0.050488869154229524,False,False,P10,diagonal,22.839479689117972,-36.698455768136085,43.22520663033866
196,old_285_replay,426105,2,0.800000011920929,interior,combined,-1,P01,7.043442971724287,0.44445505644403493,0.3104776415677702,0.13799335770761417,0.03981170671646167,0.050488869154229524,False,False,P01,self,9.748716840377552,16.937619902706217,19.54278506258539
196,old_285_replay,426105,2,0.800000011920929,interior,combined,-1,P01,7.043442971724287,0.44445505644403493,0.3104776415677702,0.13799335770761417,0.03981170671646167,0.050488869154229524,False,False,P11,x_neighbor,-27.45686889608454,-21.174307987003772,34.67320245240215
197,old_285_replay,426105,2,0.800000011920929,interior,task,0,P10,6.229798611132212,0.48810141811395424,0.44227251251929117,0.2158738405534876,0.07601499194885816,0.09122451052830613,False,False,P00,x_neighbor,-8.949335970225903,16.083904693319703,18.4060480411133
197,old_285_replay,426105,2,0.800000011920929,interior,task,0,P10,6.229798611132212,0.48810141811395424,0.44227251251929117,0.2158738405534876,0.07601499194885816,0.09122451052830613,False,False,P10,self,-13.262917179767642,11.864491571586115,17.795255895030383
197,old_285_replay,426105,2,0.800000011920929,interior,task,0,P10,6.229798611132212,0.48810141811395424,0.44227251251929117,0.2158738405534876,0.07601499194885816,0.09122451052830613,False,False,P01,diagonal,21.269133397107556,-1.4433895678175566,21.318053590992786
197,old_285_replay,426105,2,0.800000011920929,interior,task,0,P10,6.229798611132212,0.48810141811395424,0.44227251251929117,0.2158738405534876,0.07601499194885816,0.09122451052830613,False,False,P11,y_neighbor,17.062530259924024,14.76105563397795,22.561442823991005
198,old_285_replay,426105,2,0.800000011920929,interior,task,1,P10,6.042059892545347,0.49876618908946607,0.4433133983338229,0.22110973425926134,0.08092172865882391,0.09616704275277273,False,False,P00,x_neighbor,-17.12966079378329,14.49161483866142,22.4372943899702
198,old_285_replay,426105,2,0.800000011920929,interior,task,1,P10,6.042059892545347,0.49876618908946607,0.4433133983338229,0.22110973425926134,0.08092172865882391,0.09616704275277273,False,False,P10,self,-0.9464395466812026,17.38901520549442,17.414752298911353
198,old_285_replay,426105,2,0.800000011920929,interior,task,1,P10,6.042059892545347,0.49876618908946607,0.4433133983338229,0.22110973425926134,0.08092172865882391,0.09616704275277273,False,False,P01,diagonal,-1.305390855082266,19.451251098179085,19.49500486198825
198,old_285_replay,426105,2,0.800000011920929,interior,task,1,P10,6.042059892545347,0.49876618908946607,0.4433133983338229,0.22110973425926134,0.08092172865882391,0.09616704275277273,False,False,P11,y_neighbor,15.08545127741659,11.350550614457237,18.878713925865434
211,old_285_replay,426109,2,0.6000000238418579,interior,combined,-1,P11,8.08552530989971,0.3942064577913554,0.5645901541451191,0.22256508476942274,0.044026001609009546,0.06344195940916567,False,False,P00,diagonal,8.096159259731404,7.945104997370538,11.343389624718744
211,old_285_replay,426109,2,0.6000000238418579,interior,combined,-1,P11,8.08552530989971,0.3942064577913554,0.5645901541451191,0.22256508476942274,0.044026001609009546,0.06344195940916567,False,False,P10,y_neighbor,13.652340482080124,17.821275822589406,22.44959404050446
211,old_285_replay,426109,2,0.6000000238418579,interior,combined,-1,P11,8.08552530989971,0.3942064577913554,0.5645901541451191,0.22256508476942274,0.044026001609009546,0.06344195940916567,False,False,P01,x_neighbor,-3.4068582872923825,19.8317149056372,20.122216564985216
211,old_285_replay,426109,2,0.6000000238418579,interior,combined,-1,P11,8.08552530989971,0.3942064577913554,0.5645901541451191,0.22256508476942274,0.044026001609009546,0.06344195940916567,False,False,P11,self,-7.086632527363236,20.863139658472964,22.033859330285967
212,old_285_replay,426109,2,0.6000000238418579,interior,task,0,P11,7.591452033075058,0.4172798353442676,0.5371856723654164,0.2241567489139407,0.05428372380557203,0.07275725592248983,False,False,P00,diagonal,13.02992338258238,3.38912635554851,13.463472093402972
212,old_285_replay,426109,2,0.6000000238418579,interior,task,0,P11,7.591452033075058,0.4172798353442676,0.5371856723654164,0.2241567489139407,0.05428372380557203,0.07275725592248983,False,False,P10,y_neighbor,16.58731955976182,15.049952235483559,22.39732645803944
212,old_285_replay,426109,2,0.6000000238418579,interior,task,0,P11,7.591452033075058,0.4172798353442676,0.5371856723654164,0.2241567489139407,0.05428372380557203,0.07275725592248983,False,False,P01,x_neighbor,-8.144220014711399,17.860010041901905,19.629270958058086
212,old_285_replay,426109,2,0.6000000238418579,interior,task,0,P11,7.591452033075058,0.4172798353442676,0.5371856723654164,0.2241567489139407,0.05428372380557203,0.07275725592248983,False,False,P11,self,-12.454768687253347,16.67824629443535,20.815502936773665
213,old_285_replay,426109,2,0.6000000238418579,interior,task,1,P11,7.475386447510271,0.4228931763873502,0.4932044432466055,0.2085727936129116,0.0526078543354592,0.0695688951659095,False,False,P00,diagonal,7.1448124812013125,15.834860191555311,17.372136963472087
213,old_285_replay,426109,2,0.6000000238418579,interior,task,1,P11,7.475386447510271,0.4228931763873502,0.4932044432466055,0.2085727936129116,0.0526078543354592,0.0695688951659095,False,False,P10,y_neighbor,13.133256022272441,22.569742166204428,26.11274928450663
213,old_285_replay,426109,2,0.6000000238418579,interior,task,1,P11,7.475386447510271,0.4228931763873502,0.4932044432466055,0.2085727936129116,0.0526078543354592,0.0695688951659095,False,False,P01,x_neighbor,2.37438160430608,17.974787239809878,18.130931148711007
213,old_285_replay,426109,2,0.6000000238418579,interior,task,1,P11,7.475386447510271,0.4228931763873502,0.4932044432466055,0.2085727936129116,0.0526078543354592,0.0695688951659095,False,False,P11,self,0.96056885727187,20.516730953803965,20.539204988517405
230,old_285_replay,426110,4,0.699999988079071,interior,combined,-1,P11,5.677805485419947,0.5201273915905144,0.3184223550003228,0.16562018893042668,0.0649261989588541,0.07587657590383266,False,False,P00,diagonal,31.590967107416272,9.081794730243043,32.87047608879627
230,old_285_replay,426110,4,0.699999988079071,interior,combined,-1,P11,5.677805485419947,0.5201273915905144,0.3184223550003228,0.16562018893042668,0.0649261989588541,0.07587657590383266,False,False,P10,y_neighbor,16.19787057889702,-0.21327892861606287,16.19927465018386
230,old_285_replay,426110,4,0.699999988079071,interior,combined,-1,P11,5.677805485419947,0.5201273915905144,0.3184223550003228,0.16562018893042668,0.0649261989588541,0.07587657590383266,False,False,P01,x_neighbor,-27.843875486566173,18.79889481107482,33.59583081617802
230,old_285_replay,426110,4,0.699999988079071,interior,combined,-1,P11,5.677805485419947,0.5201273915905144,0.3184223550003228,0.16562018893042668,0.0649261989588541,0.07587657590383266,False,False,P11,self,-14.49269897000051,8.296770838219981,16.699542801435953
231,old_285_replay,426110,4,0.699999988079071,interior,task,0,P01,5.865569846571704,0.5090043661698493,0.39544937835631216,0.2012854601825156,0.07623338669215171,0.0898326823686587,False,False,P00,y_neighbor,19.51265851509388,7.324406900257403,20.842043536256323
231,old_285_replay,426110,4,0.699999988079071,interior,task,0,P01,5.865569846571704,0.5090043661698493,0.39544937835631216,0.2012854601825156,0.07623338669215171,0.0898326823686587,False,False,P10,diagonal,18.786145055113764,13.36131235912759,23.053067344497805
231,old_285_replay,426110,4,0.699999988079071,interior,task,0,P01,5.865569846571704,0.5090043661698493,0.39544937835631216,0.2012854601825156,0.07623338669215171,0.0898326823686587,False,False,P01,self,-11.868185965571032,12.261414750176309,17.064469806859467
231,old_285_replay,426110,4,0.699999988079071,interior,task,0,P01,5.865569846571704,0.5090043661698493,0.39544937835631216,0.2012854601825156,0.07623338669215171,0.0898326823686587,False,False,P11,x_neighbor,-19.22276925110098,15.347892413067035,24.598224716514686
232,old_285_replay,426110,4,0.699999988079071,interior,task,1,P11,5.258594304907803,0.5458461918507229,0.4414140379577168,0.24094417164867016,0.10135679653682966,0.1165367926286153,False,False,P00,diagonal,7.294538639562823,17.649102642468275,19.097149474423027
232,old_285_replay,426110,4,0.699999988079071,interior,task,1,P11,5.258594304907803,0.5458461918507229,0.4414140379577168,0.24094417164867016,0.10135679653682966,0.1165367926286153,False,False,P10,y_neighbor,13.22826711565959,13.63432068557423,18.996887940931753
232,old_285_replay,426110,4,0.699999988079071,interior,task,1,P11,5.258594304907803,0.5458461918507229,0.4414140379577168,0.24094417164867016,0.10135679653682966,0.1165367926286153,False,False,P01,x_neighbor,-11.963650871804749,13.327875845172938,17.909807836120933
232,old_285_replay,426110,4,0.699999988079071,interior,task,1,P11,5.258594304907803,0.5458461918507229,0.4414140379577168,0.24094417164867016,0.10135679653682966,0.1165367926286153,False,False,P11,self,3.9134171208478827,15.423986488665419,15.912705387968407
233,old_285_replay,426110,4,0.699999988079071,interior,task,2,P10,5.812968990258657,0.512096196833479,0.44514936519563947,0.22795929693952444,0.08719070763989381,0.10249915966646472,False,False,P00,x_neighbor,-8.859834580078607,14.501514683074738,16.993839968935475
233,old_285_replay,426110,4,0.699999988079071,interior,task,2,P10,5.812968990258657,0.512096196833479,0.44514936519563947,0.22795929693952444,0.08719070763989381,0.10249915966646472,False,False,P10,self,-3.030065449872715,16.688594848599553,16.961441408418565
233,old_285_replay,426110,4,0.699999988079071,interior,task,2,P10,5.812968990258657,0.512096196833479,0.44514936519563947,0.22795929693952444,0.08719070763989381,0.10249915966646472,False,False,P01,diagonal,14.424281798142111,14.344341623669822,20.34256724233105
233,old_285_replay,426110,4,0.699999988079071,interior,task,2,P10,5.812968990258657,0.512096196833479,0.44514936519563947,0.22795929693952444,0.08719070763989381,0.10249915966646472,False,False,P11,y_neighbor,16.535844921341173,13.714546196129021,21.48308508171956
234,old_285_replay,426110,4,0.699999988079071,interior,task,3,P10,6.919492535280671,0.45084304384175516,0.3932694493694718,0.1773027956037037,0.05294007618692369,0.06646440525463476,False,False,P00,x_neighbor,-14.13130109998477,24.04432339333706,27.889481139343676
234,old_285_replay,426110,4,0.699999988079071,interior,task,3,P10,6.919492535280671,0.45084304384175516,0.3932694493694718,0.1773027956037037,0.05294007618692369,0.06646440525463476,False,False,P10,self,13.82454531140447,13.418502922763453,19.26588367439414
234,old_285_replay,426110,4,0.699999988079071,interior,task,3,P10,6.919492535280671,0.45084304384175516,0.3932694493694718,0.1773027956037037,0.05294007618692369,0.06646440525463476,False,False,P01,diagonal,-25.229426236768397,-3.419812311683093,25.460146591951837
234,old_285_replay,426110,4,0.699999988079071,interior,task,3,P10,6.919492535280671,0.45084304384175516,0.3932694493694718,0.1773027956037037,0.05294007618692369,0.06646440525463476,False,False,P11,y_neighbor,-8.64285472722665,22.978431618741183,24.55009689376212
251,old_285_replay,426102,2,0.699999988079071,interior,combined,-1,P11,8.050597201024004,0.39579485090299876,0.5100653536447405,0.20188124059660548,0.040584413290940785,0.0581252919424351,False,False,P00,diagonal,17.750275114417,10.005482429223704,20.376013969346303
251,old_285_replay,426102,2,0.699999988079071,interior,combined,-1,P11,8.050597201024004,0.39579485090299876,0.5100653536447405,0.20188124059660548,0.040584413290940785,0.0581252919424351,False,False,P10,y_neighbor,17.64585726956593,10.53241196220132,20.55013334553852
251,old_285_replay,426102,2,0.699999988079071,interior,combined,-1,P11,8.050597201024004,0.39579485090299876,0.5100653536447405,0.20188124059660548,0.040584413290940785,0.0581252919424351,False,False,P01,x_neighbor,-12.465655402097868,19.407329539046952,23.06592734838589
251,old_285_replay,426102,2,0.699999988079071,interior,combined,-1,P11,8.050597201024004,0.39579485090299876,0.5100653536447405,0.20188124059660548,0.040584413290940785,0.0581252919424351,False,False,P11,self,-13.803633685860895,17.060532084129537,21.945433646365867
252,old_285_replay,426102,2,0.699999988079071,interior,task,0,P11,5.812797273990529,0.5121063208530939,0.4148219281460663,0.2124329314320685,0.08125471979964069,0.09552022725196023,False,False,P00,diagonal,20.684329623036973,6.441466659045088,21.664117445075725
252,old_285_replay,426102,2,0.699999988079071,interior,task,0,P11,5.812797273990529,0.5121063208530939,0.4148219281460663,0.2124329314320685,0.08125471979964069,0.09552022725196023,False,False,P10,y_neighbor,18.43343625155803,11.079111658166148,21.50670330790767
252,old_285_replay,426102,2,0.699999988079071,interior,task,0,P11,5.812797273990529,0.5121063208530939,0.4148219281460663,0.2124329314320685,0.08125471979964069,0.09552022725196023,False,False,P01,x_neighbor,-14.35671806785363,15.688708071604465,21.26619182260571
252,old_285_replay,426102,2,0.699999988079071,interior,task,0,P11,5.812797273990529,0.5121063208530939,0.4148219281460663,0.2124329314320685,0.08125471979964069,0.09552022725196023,False,False,P11,self,-12.618881423354338,11.333267466489733,16.9611060913984
253,old_285_replay,426102,2,0.699999988079071,interior,task,1,P01,6.648973504025304,0.46510533893588313,0.48654831405412724,0.22629621851682735,0.07243613210423183,0.08916827216026244,False,False,P00,y_neighbor,14.995319484670476,13.785735494977343,20.36924420750108
253,old_285_replay,426102,2,0.699999988079071,interior,task,1,P01,6.648973504025304,0.46510533893588313,0.48654831405412724,0.22629621851682735,0.07243613210423183,0.08916827216026244,False,False,P10,diagonal,13.502509231579804,10.010184227596481,16.808377191725533
253,old_285_replay,426102,2,0.699999988079071,interior,task,1,P01,6.648973504025304,0.46510533893588313,0.48654831405412724,0.22629621851682735,0.07243613210423183,0.08916827216026244,False,False,P01,self,-7.757858460289504,16.98749735051396,18.67510198428925
253,old_285_replay,426102,2,0.699999988079071,interior,task,1,P01,6.648973504025304,0.46510533893588313,0.48654831405412724,0.22629621851682735,0.07243613210423183,0.08916827216026244,False,False,P11,x_neighbor,-9.45196379414905,18.37702399813614,20.665300157364666
270,old_285_replay,426113,4,0.800000011920929,interior,combined,-1,P11,5.658991467935492,0.5212552313416497,0.46573611012060445,0.24276738382507573,0.09548869416826497,0.11150511350133438,False,False,P00,diagonal,19.687070290621296,3.463597054270102,19.98942823550019
270,old_285_replay,426113,4,0.800000011920929,interior,combined,-1,P11,5.658991467935492,0.5212552313416497,0.46573611012060445,0.24276738382507573,0.09548869416826497,0.11150511350133438,False,False,P10,y_neighbor,16.724024949500198,8.641984920149792,18.82490143059457
270,old_285_replay,426113,4,0.800000011920929,interior,combined,-1,P11,5.658991467935492,0.5212552313416497,0.46573611012060445,0.24276738382507573,0.09548869416826497,0.11150511350133438,False,False,P01,x_neighbor,-12.214301006759365,9.964906113151327,15.76351810122485
270,old_285_replay,426113,4,0.800000011920929,interior,combined,-1,P11,5.658991467935492,0.5212552313416497,0.46573611012060445,0.24276738382507573,0.09548869416826497,0.11150511350133438,False,False,P11,self,-3.249490079994675,16.343501683441033,16.663410006857053
271,old_285_replay,426113,4,0.800000011920929,interior,task,0,P01,6.15828852811965,0.4921364969410274,0.45046861865674437,0.2216920479675937,0.07924136302908055,0.09473274137834925,False,False,P00,y_neighbor,19.830566919368625,8.425150558362205,21.54610280943234
271,old_285_replay,426113,4,0.800000011920929,interior,task,0,P01,6.15828852811965,0.4921364969410274,0.45046861865674437,0.2216920479675937,0.07924136302908055,0.09473274137834925,False,False,P10,diagonal,13.999365067291249,7.8707334983737445,16.060220051098838
271,old_285_replay,426113,4,0.800000011920929,interior,task,0,P01,6.15828852811965,0.4921364969410274,0.45046861865674437,0.2216920479675937,0.07924136302908055,0.09473274137834925,False,False,P01,self,-11.855855920730152,13.074335980377075,17.64935072292731
271,old_285_replay,426113,4,0.800000011920929,interior,task,0,P01,6.15828852811965,0.4921364969410274,0.45046861865674437,0.2216920479675937,0.07924136302908055,0.09473274137834925,False,False,P11,x_neighbor,-18.259586587005618,12.961226286229625,22.392094345353346
272,old_285_replay,426113,4,0.800000011920929,interior,task,1,P11,4.097349340468752,0.6239252087256952,0.3798806384681416,0.2370171066470856,0.11688830099125513,0.1299521959094403,False,False,P00,diagonal,3.5116288361361057,18.70469264070936,19.031475609268703
272,old_285_replay,426113,4,0.800000011920929,interior,task,1,P11,4.097349340468752,0.6239252087256952,0.3798806384681416,0.2370171066470856,0.11688830099125513,0.1299521959094403,False,False,P10,y_neighbor,13.676782196702192,17.14434880588328,21.93132616222333
272,old_285_replay,426113,4,0.800000011920929,interior,task,1,P11,4.097349340468752,0.6239252087256952,0.3798806384681416,0.2370171066470856,0.11688830099125513,0.1299521959094403,False,False,P01,x_neighbor,-10.533403997645326,13.965743212619406,17.49270085659832
272,old_285_replay,426113,4,0.800000011920929,interior,task,1,P11,4.097349340468752,0.6239252087256952,0.3798806384681416,0.2370171066470856,0.11688830099125513,0.1299521959094403,False,False,P11,self,2.889123351419278,13.618271859219357,13.921363516959177
273,old_285_replay,426113,4,0.800000011920929,interior,task,2,P10,6.43508503561983,0.47670065451574317,0.42612376104147565,0.20313347579318156,0.06838131079234283,0.08303548232063078,False,False,P00,x_neighbor,-4.5059360593390325,19.460171556838063,19.97502782957813
273,old_285_replay,426113,4,0.800000011920929,interior,task,2,P10,6.43508503561983,0.47670065451574317,0.42612376104147565,0.20313347579318156,0.06838131079234283,0.08303548232063078,False,False,P10,self,-7.882841839260726,16.427418114497144,18.220846889519386
273,old_285_replay,426113,4,0.800000011920929,interior,task,2,P10,6.43508503561983,0.47670065451574317,0.42612376104147565,0.20313347579318156,0.06838131079234283,0.08303548232063078,False,False,P01,diagonal,14.125158978795406,16.639189196548646,21.82619374272082
273,old_285_replay,426113,4,0.800000011920929,interior,task,2,P10,6.43508503561983,0.47670065451574317,0.42612376104147565,0.20313347579318156,0.06838131079234283,0.08303548232063078,False,False,P11,y_neighbor,16.84555004716519,18.363553344100502,24.919724071770375
274,old_285_replay,426113,4,0.800000011920929,interior,task,3,P00,7.686431891053647,0.4127417540180747,0.5113411412183453,0.21105183952806392,0.04935157276808613,0.06693632508175681,False,False,P00,self,-2.5208009376792195,20.892846035283956,21.04436867243788
274,old_285_replay,426113,4,0.800000011920929,interior,task,3,P00,7.686431891053647,0.4127417540180747,0.5113411412183453,0.21105183952806392,0.04935157276808613,0.06693632508175681,False,False,P10,x_neighbor,-21.102130471870826,6.530780763983292,22.089613121081893
274,old_285_replay,426113,4,0.800000011920929,interior,task,3,P00,7.686431891053647,0.4127417540180747,0.5113411412183453,0.21105183952806392,0.04935157276808613,0.06693632508175681,False,False,P01,y_neighbor,21.10546465502981,2.474460222169604,21.25002568694476
274,old_285_replay,426113,4,0.800000011920929,interior,task,3,P00,7.686431891053647,0.4127417540180747,0.5113411412183453,0.21105183952806392,0.04935157276808613,0.06693632508175681,False,False,P11,diagonal,6.364724883517051,16.457954484920755,17.645792378654587
286,k6_supported_scene,421020,6,0.5,corner,combined,-1,P11,5.509523665748234,0.5303026736343363,0.4214813254183171,0.2235126737562773,0.09022857580142699,0.10472309641570694,False,False,P00,diagonal,-10.662581825445649,-10.553417187106872,15.002175359241958
286,k6_supported_scene,421020,6,0.5,corner,combined,-1,P11,5.509523665748234,0.5303026736343363,0.4214813254183171,0.2235126737562773,0.09022857580142699,0.10472309641570694,False,False,P10,y_neighbor,10.450413787967095,27.57965828902846,29.493197515347653
286,k6_supported_scene,421020,6,0.5,corner,combined,-1,P11,5.509523665748234,0.5303026736343363,0.4214813254183171,0.2235126737562773,0.09022857580142699,0.10472309641570694,False,False,P01,x_neighbor,1.0705192457209325,12.075974776965694,12.123331978848494
286,k6_supported_scene,421020,6,0.5,corner,combined,-1,P11,5.509523665748234,0.5303026736343363,0.4214813254183171,0.2235126737562773,0.09022857580142699,0.10472309641570694,False,False,P11,self,-0.8425460288446333,16.357432443390465,16.379117190825788
289,k6_supported_scene,421020,6,0.5,corner,task,0,P10,3.7931685580888153,0.6461622350678453,0.23598567126632192,0.1524850287894324,0.07785980715289952,0.08597522999743379,False,False,P00,x_neighbor,-32.91405926646446,-6.782826003067109,33.60568442963509
289,k6_supported_scene,421020,6,0.5,corner,task,0,P10,3.7931685580888153,0.6461622350678453,0.23598567126632192,0.1524850287894324,0.07785980715289952,0.08597522999743379,False,False,P10,self,-11.125180135468256,-7.544871768153629,13.44227373045569
289,k6_supported_scene,421020,6,0.5,corner,task,0,P10,3.7931685580888153,0.6461622350678453,0.23598567126632192,0.1524850287894324,0.07785980715289952,0.08597522999743379,False,False,P01,diagonal,26.142616384548266,11.040022526696529,28.37813399114921
289,k6_supported_scene,421020,6,0.5,corner,task,0,P10,3.7931685580888153,0.6461622350678453,0.23598567126632192,0.1524850287894324,0.07785980715289952,0.08597522999743379,False,False,P11,y_neighbor,33.420403074233064,3.524023054062196,33.605685235236145
292,k6_supported_scene,421020,6,0.5,corner,task,1,P01,5.711286998778161,0.5181263149162428,0.3795717306850073,0.19666610206620344,0.07663498162853871,0.08968825337089016,False,False,P00,y_neighbor,8.035334633458563,24.74101962040558,26.013163101186915
292,k6_supported_scene,421020,6,0.5,corner,task,1,P01,5.711286998778161,0.5181263149162428,0.3795717306850073,0.19666610206620344,0.07663498162853871,0.08968825337089016,False,False,P10,diagonal,12.574901898376556,14.727145721382108,19.365355118164437
292,k6_supported_scene,421020,6,0.5,corner,task,1,P01,5.711286998778161,0.5181263149162428,0.3795717306850073,0.19666610206620344,0.07663498162853871,0.08968825337089016,False,False,P01,self,0.3269893182070557,16.760849451151703,16.764038783610403
292,k6_supported_scene,421020,6,0.5,corner,task,1,P01,5.711286998778161,0.5181263149162428,0.3795717306850073,0.19666610206620344,0.07663498162853871,0.08968825337089016,False,False,P11,x_neighbor,2.91846206372727,24.685098731528065,24.857021547295314
295,k6_supported_scene,421020,6,0.5,corner,task,2,P10,4.763584206455647,0.5778575470074068,0.4709943122309427,0.27216761792021316,0.12322613875678509,0.1394233848887802,False,False,P00,x_neighbor,-16.529874734796124,9.818362956844366,19.22594626800941
295,k6_supported_scene,421020,6,0.5,corner,task,2,P10,4.763584206455647,0.5778575470074068,0.4709943122309427,0.27216761792021316,0.12322613875678509,0.1394233848887802,False,False,P10,self,6.372501862626384,13.613524591931823,15.03119528860926
295,k6_supported_scene,421020,6,0.5,corner,task,2,P10,4.763584206455647,0.5778575470074068,0.4709943122309427,0.27216761792021316,0.12322613875678509,0.1394233848887802,False,False,P01,diagonal,-1.6327099873133522,10.712737454179146,10.836442481960834
295,k6_supported_scene,421020,6,0.5,corner,task,2,P10,4.763584206455647,0.5778575470074068,0.4709943122309427,0.27216761792021316,0.12322613875678509,0.1394233848887802,False,False,P11,y_neighbor,11.685932054021983,12.997082679504885,17.47813394356229
298,k6_supported_scene,421020,6,0.5,corner,task,3,P01,5.069183265948406,0.5578800571270599,0.30793720609177516,0.17179202612602676,0.07441373137015808,0.08500352957099441,False,False,P00,y_neighbor,9.864384417877853,33.827199339066105,35.23613904883147
298,k6_supported_scene,421020,6,0.5,corner,task,3,P01,5.069183265948406,0.5578800571270599,0.30793720609177516,0.17179202612602676,0.07441373137015808,0.08500352957099441,False,False,P10,diagonal,-22.997457889335514,-15.727672228697221,27.861133198509606
298,k6_supported_scene,421020,6,0.5,corner,task,3,P01,5.069183265948406,0.5578800571270599,0.30793720609177516,0.17179202612602676,0.07441373137015808,0.08500352957099441,False,False,P01,self,-10.006341592133879,11.928165137201887,15.569457138860908
298,k6_supported_scene,421020,6,0.5,corner,task,3,P01,5.069183265948406,0.5578800571270599,0.30793720609177516,0.17179202612602676,0.07441373137015808,0.08500352957099441,False,False,P11,x_neighbor,-0.18552773479672108,17.20734817997907,17.20834832072526
301,k6_supported_scene,421020,6,0.5,corner,task,4,P01,5.817434475637234,0.5118329917439539,0.4085133868136617,0.2090906289402916,0.07990735324023496,0.09395591328142584,False,False,P00,y_neighbor,18.767530896221775,20.034412737096474,27.451737825882216
301,k6_supported_scene,421020,6,0.5,corner,task,4,P01,5.817434475637234,0.5118329917439539,0.4085133868136617,0.2090906289402916,0.07990735324023496,0.09395591328142584,False,False,P10,diagonal,-12.833412404439999,14.636258126404618,19.465778327238283
301,k6_supported_scene,421020,6,0.5,corner,task,4,P01,5.817434475637234,0.5118329917439539,0.4085133868136617,0.2090906289402916,0.07990735324023496,0.09395591328142584,False,False,P01,self,-7.002367550347159,15.458114485343328,16.970163663092237
301,k6_supported_scene,421020,6,0.5,corner,task,4,P01,5.817434475637234,0.5118329917439539,0.4085133868136617,0.2090906289402916,0.07990735324023496,0.09395591328142584,False,False,P11,x_neighbor,-11.51716533380003,13.135102953085337,17.46928810553642
304,k6_supported_scene,421020,6,0.5,corner,task,5,P10,2.5890537227771118,0.7422450566217396,0.19621048777136624,0.1456362646056369,0.08358906038862365,0.09033663563864774,False,False,P00,x_neighbor,-24.53192001404912,1.4475420725026262,24.574590080556156
304,k6_supported_scene,421020,6,0.5,corner,task,5,P10,2.5890537227771118,0.7422450566217396,0.19621048777136624,0.1456362646056369,0.08358906038862365,0.09033663563864774,False,False,P10,self,-3.833621618789043,11.05642348090033,11.702185902858101
304,k6_supported_scene,421020,6,0.5,corner,task,5,P10,2.5890537227771118,0.7422450566217396,0.19621048777136624,0.1456362646056369,0.08358906038862365,0.09033663563864774,False,False,P01,diagonal,32.804024688923455,29.148430206400903,43.88319745972169
304,k6_supported_scene,421020,6,0.5,corner,task,5,P10,2.5890537227771118,0.7422450566217396,0.19621048777136624,0.1456362646056369,0.08358906038862365,0.09033663563864774,False,False,P11,y_neighbor,29.788761335508646,-1.7577286248663289,29.840574924464327
307,k6_supported_scene,421020,6,0.5,edge,combined,-1,P10,5.435126571153891,0.5348643738409645,0.3835919674781653,0.20516967749563253,0.08386724655800876,0.09705877212457147,False,False,P00,x_neighbor,-0.0,-0.0,0.0
307,k6_supported_scene,421020,6,0.5,edge,combined,-1,P10,5.435126571153891,0.5348643738409645,0.3835919674781653,0.20516967749563253,0.08386724655800876,0.09705877212457147,False,False,P10,self,8.605018428321177,13.772166395850165,16.23942453988846
307,k6_supported_scene,421020,6,0.5,edge,combined,-1,P10,5.435126571153891,0.5348643738409645,0.3835919674781653,0.20516967749563253,0.08386724655800876,0.09705877212457147,False,False,P01,diagonal,19.899821189330726,16.5071784969693,25.855170185054707
307,k6_supported_scene,421020,6,0.5,edge,combined,-1,P10,5.435126571153891,0.5348643738409645,0.3835919674781653,0.20516967749563253,0.08386724655800876,0.09705877212457147,False,False,P11,y_neighbor,22.74680490149584,18.510519344156158,29.326719209913243
310,k6_supported_scene,421020,6,0.5,edge,task,0,P11,8.340473717819938,0.3828038650918923,0.3319720019823789,0.127080165461148,0.02210140089412302,0.0335177430566654,False,False,P00,diagonal,-0.0,0.0,0.0
310,k6_supported_scene,421020,6,0.5,edge,task,0,P11,8.340473717819938,0.3828038650918923,0.3319720019823789,0.127080165461148,0.02210140089412302,0.0335177430566654,False,False,P10,y_neighbor,39.009010136926236,12.675992513911348,41.016870408108296
310,k6_supported_scene,421020,6,0.5,edge,task,0,P11,8.340473717819938,0.3828038650918923,0.3319720019823789,0.127080165461148,0.02210140089412302,0.0335177430566654,False,False,P01,x_neighbor,-34.47584626327299,-35.85899885523265,49.74386167627531
310,k6_supported_scene,421020,6,0.5,edge,task,0,P11,8.340473717819938,0.3828038650918923,0.3319720019823789,0.127080165461148,0.02210140089412302,0.0335177430566654,False,False,P11,self,9.0936411801639,-20.788219768614464,22.690182702256628
313,k6_supported_scene,421020,6,0.5,edge,task,1,P11,6.190296324539611,0.4903262947193489,0.5003416538238525,0.2453306692132008,0.08710874577931382,0.10431523151942337,False,False,P00,diagonal,-0.0,-0.0,0.0
313,k6_supported_scene,421020,6,0.5,edge,task,1,P11,6.190296324539611,0.4903262947193489,0.5003416538238525,0.2453306692132008,0.08710874577931382,0.10431523151942337,False,False,P10,y_neighbor,8.324610015671297,16.216037869356892,18.22797344998702
313,k6_supported_scene,421020,6,0.5,edge,task,1,P11,6.190296324539611,0.4903262947193489,0.5003416538238525,0.2453306692132008,0.08710874577931382,0.10431523151942337,False,False,P01,x_neighbor,-11.97733459248129,21.540247990887405,24.646274108862336
313,k6_supported_scene,421020,6,0.5,edge,task,1,P11,6.190296324539611,0.4903262947193489,0.5003416538238525,0.2453306692132008,0.08710874577931382,0.10431523151942337,False,False,P11,self,-7.049749176214543,16.251303678491652,17.714509157695957
316,k6_supported_scene,421020,6,0.5,edge,task,2,P11,6.092974836880662,0.49585107390344413,0.4973898456538492,0.24663128911612947,0.08934280938555292,0.10644778399862251,False,False,P00,diagonal,-0.0,-0.0,0.0
316,k6_supported_scene,421020,6,0.5,edge,task,2,P11,6.092974836880662,0.49585107390344413,0.4973898456538492,0.24663128911612947,0.08934280938555292,0.10644778399862251,False,False,P10,y_neighbor,7.2802765313349385,19.318944390259066,20.645194083045784
316,k6_supported_scene,421020,6,0.5,edge,task,2,P11,6.092974836880662,0.49585107390344413,0.4973898456538492,0.24663128911612947,0.08934280938555292,0.10644778399862251,False,False,P01,x_neighbor,-7.230630955371967,21.32978552895623,22.522028654720557
316,k6_supported_scene,421020,6,0.5,edge,task,2,P11,6.092974836880662,0.49585107390344413,0.4973898456538492,0.24663128911612947,0.08934280938555292,0.10644778399862251,False,False,P11,self,-3.970656494948318,17.06118008229987,17.51713386377866
322,k6_supported_scene,421020,6,0.5,edge,task,4,P10,9.599976896560555,0.3311320022533937,0.6804138131637305,0.2253067883137726,0.010141048210007941,0.03354012059205069,False,False,P00,x_neighbor,-0.0,-0.0,0.0
322,k6_supported_scene,421020,6,0.5,edge,task,4,P10,9.599976896560555,0.3311320022533937,0.6804138131637305,0.2253067883137726,0.010141048210007941,0.03354012059205069,False,False,P10,self,24.72747753052891,8.752819149659226,26.230897584517642
322,k6_supported_scene,421020,6,0.5,edge,task,4,P10,9.599976896560555,0.3311320022533937,0.6804138131637305,0.2253067883137726,0.010141048210007941,0.03354012059205069,False,False,P01,diagonal,6.235257903113434,-13.300270281595695,14.68930327421407
322,k6_supported_scene,421020,6,0.5,edge,task,4,P10,9.599976896560555,0.3311320022533937,0.6804138131637305,0.2253067883137726,0.010141048210007941,0.03354012059205069,False,False,P11,y_neighbor,3.622182366839761,23.85903843331691,24.13242466187636
328,k6_supported_scene,421020,6,0.5,interior,combined,-1,P10,7.60699394491871,0.4165338521515548,0.6393513483712223,0.26631148001535593,0.0641308314200712,0.08611778728231928,False,False,P00,x_neighbor,-10.927165879747081,14.049542287264053,17.798668282911777
328,k6_supported_scene,421020,6,0.5,interior,combined,-1,P10,7.60699394491871,0.4165338521515548,0.6393513483712223,0.26631148001535593,0.0641308314200712,0.08611778728231928,False,False,P10,self,-2.368550223581565,20.71783022745592,20.85278205648624
328,k6_supported_scene,421020,6,0.5,interior,combined,-1,P10,7.60699394491871,0.4165338521515548,0.6393513483712223,0.26631148001535593,0.0641308314200712,0.08611778728231928,False,False,P01,diagonal,0.0,-0.0,0.0
328,k6_supported_scene,421020,6,0.5,interior,combined,-1,P10,7.60699394491871,0.4165338521515548,0.6393513483712223,0.26631148001535593,0.0641308314200712,0.08611778728231928,False,False,P11,y_neighbor,11.769115522850168,13.176854709268602,17.667528978874405
331,k6_supported_scene,421020,6,0.5,interior,task,0,P10,8.973174940156168,0.3559108706917734,0.49490555399634595,0.176142266633034,0.019639388903443966,0.03665893003590601,False,False,P00,x_neighbor,-31.140591619108243,16.454153023566544,35.22038611530286
331,k6_supported_scene,421020,6,0.5,interior,task,0,P10,8.973174940156168,0.3559108706917734,0.49490555399634595,0.176142266633034,0.019639388903443966,0.03665893003590601,False,False,P10,self,-23.319699474001755,-7.195821580640482,24.4046764325645
331,k6_supported_scene,421020,6,0.5,interior,task,0,P10,8.973174940156168,0.3559108706917734,0.49490555399634595,0.176142266633034,0.019639388903443966,0.03665893003590601,False,False,P01,diagonal,-0.0,0.0,0.0
331,k6_supported_scene,421020,6,0.5,interior,task,0,P10,8.973174940156168,0.3559108706917734,0.49490555399634595,0.176142266633034,0.019639388903443966,0.03665893003590601,False,False,P11,y_neighbor,18.790871570366427,15.572135280220506,24.404676837841826
334,k6_supported_scene,421020,6,0.5,interior,task,1,P11,9.448489953282108,0.3369577909480106,0.5099019656627062,0.17181543994975387,0.010570280460641901,0.028105540285557395,False,False,P00,diagonal,25.777330157987556,18.495103802488625,31.726008490491267
334,k6_supported_scene,421020,6,0.5,interior,task,1,P11,9.448489953282108,0.3369577909480106,0.5099019656627062,0.17181543994975387,0.010570280460641901,0.028105540285557395,False,False,P10,y_neighbor,28.158947383569274,9.577450531040258,29.74313158403375
334,k6_supported_scene,421020,6,0.5,interior,task,1,P11,9.448489953282108,0.3369577909480106,0.5099019656627062,0.17181543994975387,0.010570280460641901,0.028105540285557395,False,False,P01,x_neighbor,0.0,-0.0,0.0
334,k6_supported_scene,421020,6,0.5,interior,task,1,P11,9.448489953282108,0.3369577909480106,0.5099019656627062,0.17181543994975387,0.010570280460641901,0.028105540285557395,False,False,P11,self,1.6705456429213246,25.723193644955373,25.777381830607933
337,k6_supported_scene,421020,6,0.5,interior,task,2,P10,7.499739922234364,0.42170913029018575,0.6342817333473567,0.2674823981288654,0.06690490256714307,0.0887175170409632,False,False,P00,x_neighbor,-21.717938588927783,6.45374505623119,22.656559354925605
337,k6_supported_scene,421020,6,0.5,interior,task,2,P10,7.499739922234364,0.42170913029018575,0.6342817333473567,0.2674823981288654,0.06690490256714307,0.0887175170409632,False,False,P10,self,7.773999441583084,19.07344052239731,20.596873565644902
337,k6_supported_scene,421020,6,0.5,interior,task,2,P10,7.499739922234364,0.42170913029018575,0.6342817333473567,0.2674823981288654,0.06690490256714307,0.0887175170409632,False,False,P01,diagonal,0.0,-0.0,0.0
337,k6_supported_scene,421020,6,0.5,interior,task,2,P10,7.499739922234364,0.42170913029018575,0.6342817333473567,0.2674823981288654,0.06690490256714307,0.0887175170409632,False,False,P11,y_neighbor,9.966603317125333,4.194703884917912,10.813358514498589
340,k6_supported_scene,421020,6,0.5,interior,task,3,P00,8.27288762265833,0.385794133073327,0.4441741659645334,0.17135978729185522,0.03089958306649862,0.04617449850554867,False,False,P00,self,3.1167368080990485,22.297538316518565,22.514312410277448
340,k6_supported_scene,421020,6,0.5,interior,task,3,P00,8.27288762265833,0.385794133073327,0.4441741659645334,0.17135978729185522,0.03089958306649862,0.04617449850554867,False,False,P10,x_neighbor,-22.36041400454577,29.627214038678723,37.11818861620766
340,k6_supported_scene,421020,6,0.5,interior,task,3,P00,8.27288762265833,0.385794133073327,0.4441741659645334,0.17135978729185522,0.03089958306649862,0.04617449850554867,False,False,P01,y_neighbor,0.0,-0.0,0.0
340,k6_supported_scene,421020,6,0.5,interior,task,3,P00,8.27288762265833,0.385794133073327,0.4441741659645334,0.17135978729185522,0.03089958306649862,0.04617449850554867,False,False,P11,diagonal,19.23922004354612,17.733423995970583,26.165280707549307
343,k6_supported_scene,421020,6,0.5,interior,task,4,P10,9.768678717654836,0.32476264073558264,0.47313690185546875,0.15365718967603426,0.004038164182151471,0.02030909284195445,False,False,P00,x_neighbor,5.3981720097965065,-28.043766872615087,28.558591027096096
343,k6_supported_scene,421020,6,0.5,interior,task,4,P10,9.768678717654836,0.32476264073558264,0.47313690185546875,0.15365718967603426,0.004038164182151471,0.02030909284195445,False,False,P10,self,26.263210455850693,5.055430970245679,26.745347366284555
343,k6_supported_scene,421020,6,0.5,interior,task,4,P10,9.768678717654836,0.32476264073558264,0.47313690185546875,0.15365718967603426,0.004038164182151471,0.02030909284195445,False,False,P01,diagonal,0.0,-0.0,0.0
343,k6_supported_scene,421020,6,0.5,interior,task,4,P10,9.768678717654836,0.32476264073558264,0.47313690185546875,0.15365718967603426,0.004038164182151471,0.02030909284195445,False,False,P11,y_neighbor,29.0263948157174,28.669568651159118,40.79798723762523
346,k6_supported_scene,421020,6,0.5,interior,task,5,P10,8.420070120720377,0.3793119227965483,0.600474636760264,0.22776718906009463,0.037880436127624095,0.05853044236985952,False,False,P00,x_neighbor,-26.23887776546775,3.2387999292923064,26.4380129997158
346,k6_supported_scene,421020,6,0.5,interior,task,5,P10,8.420070120720377,0.3793119227965483,0.600474636760264,0.22776718906009463,0.037880436127624095,0.05853044236985952,False,False,P10,self,2.8052608469404796,22.7265888753656,22.899068328848422
346,k6_supported_scene,421020,6,0.5,interior,task,5,P10,8.420070120720377,0.3793119227965483,0.600474636760264,0.22776718906009463,0.037880436127624095,0.05853044236985952,False,False,P01,diagonal,0.0,-0.0,0.0
346,k6_supported_scene,421020,6,0.5,interior,task,5,P10,8.420070120720377,0.3793119227965483,0.600474636760264,0.22776718906009463,0.037880436127624095,0.05853044236985952,False,False,P11,y_neighbor,15.082190258485115,-1.8616728336480752,15.196653866318288
349,k6_supported_scene,421021,6,0.5,corner,combined,-1,P10,6.392678146382088,0.47903372823019813,0.4016149789173544,0.19238712066387273,0.06538531308193826,0.07919664051179222,False,False,P00,x_neighbor,-31.86560639642271,22.505866680480537,39.01193286740994
349,k6_supported_scene,421021,6,0.5,corner,combined,-1,P10,6.392678146382088,0.47903372823019813,0.4016149789173544,0.19238712066387273,0.06538531308193826,0.07919664051179222,False,False,P10,self,-17.544444967745473,4.578827993455254,18.132104539184052
349,k6_supported_scene,421021,6,0.5,corner,combined,-1,P10,6.392678146382088,0.47903372823019813,0.4016149789173544,0.19238712066387273,0.06538531308193826,0.07919664051179222,False,False,P01,diagonal,-0.0,-0.0,0.0
349,k6_supported_scene,421021,6,0.5,corner,combined,-1,P10,6.392678146382088,0.47903372823019813,0.4016149789173544,0.19238712066387273,0.06538531308193826,0.07919664051179222,False,False,P11,y_neighbor,10.847848732367142,8.36421048632417,13.69802318511159
352,k6_supported_scene,421021,6,0.5,corner,task,0,P10,7.368234165338472,0.4281424517692134,0.4021189937380241,0.17216421188196662,0.04500302081925242,0.05883168105311813,False,False,P00,x_neighbor,-20.630857663414698,31.645407711036942,37.77650218225389
352,k6_supported_scene,421021,6,0.5,corner,task,0,P10,7.368234165338472,0.4281424517692134,0.4021189937380241,0.17216421188196662,0.04500302081925242,0.05883168105311813,False,False,P10,self,-18.829717913780524,-7.551132873952857,20.28738239380918
352,k6_supported_scene,421021,6,0.5,corner,task,0,P10,7.368234165338472,0.4281424517692134,0.4021189937380241,0.17216421188196662,0.04500302081925242,0.05883168105311813,False,False,P01,diagonal,-0.0,-0.0,0.0
352,k6_supported_scene,421021,6,0.5,corner,task,0,P10,7.368234165338472,0.4281424517692134,0.4021189937380241,0.17216421188196662,0.04500302081925242,0.05883168105311813,False,False,P11,y_neighbor,5.4807706425022555,26.012339979861725,26.583466253738003
355,k6_supported_scene,421021,6,0.5,corner,task,1,P11,8.452738724579199,0.37788796767311433,0.5878838946685441,0.2221542501840513,0.03624903949573954,0.05646605675414185,False,False,P00,diagonal,4.6956784316604,15.333406764922495,16.03629505066964
355,k6_supported_scene,421021,6,0.5,corner,task,1,P11,8.452738724579199,0.37788796767311433,0.5878838946685441,0.2221542501840513,0.03624903949573954,0.05646605675414185,False,False,P10,y_neighbor,19.327873630456068,19.22586219034734,27.261703469099405
355,k6_supported_scene,421021,6,0.5,corner,task,1,P11,8.452738724579199,0.37788796767311433,0.5878838946685441,0.2221542501840513,0.03624903949573954,0.05646605675414185,False,False,P01,x_neighbor,-0.0,-0.0,0.0
355,k6_supported_scene,421021,6,0.5,corner,task,1,P11,8.452738724579199,0.37788796767311433,0.5878838946685441,0.2221542501840513,0.03624903949573954,0.05646605675414185,False,False,P11,self,12.820503299576114,19.077769959716186,22.985356457760044
361,k6_supported_scene,421021,6,0.5,corner,task,3,P11,9.023551607251132,0.35385262332071715,0.6179403862056226,0.21865982671467668,0.023249918853290585,0.044500563012587535,False,False,P00,diagonal,25.15796340943547,-1.8849877602739167,25.228481955259944
361,k6_supported_scene,421021,6,0.5,corner,task,3,P11,9.023551607251132,0.35385262332071715,0.6179403862056226,0.21865982671467668,0.023249918853290585,0.044500563012587535,False,False,P10,y_neighbor,11.34315636553803,14.500341354010574,18.40997272447396
361,k6_supported_scene,421021,6,0.5,corner,task,3,P11,9.023551607251132,0.35385262332071715,0.6179403862056226,0.21865982671467668,0.023249918853290585,0.044500563012587535,False,False,P01,x_neighbor,-0.0,0.0,0.0
361,k6_supported_scene,421021,6,0.5,corner,task,3,P11,9.023551607251132,0.35385262332071715,0.6179403862056226,0.21865982671467668,0.023249918853290585,0.044500563012587535,False,False,P11,self,18.60543622585639,16.01170876483912,24.54663061856831
364,k6_supported_scene,421021,6,0.5,corner,task,4,P11,9.89109454979441,0.32021765478796943,0.5735525520970551,0.18366165313017366,0.0022884108872658626,0.022012580828823014,False,False,P00,diagonal,13.70318784138826,-25.078461187775584,28.578078531684692
364,k6_supported_scene,421021,6,0.5,corner,task,4,P11,9.89109454979441,0.32021765478796943,0.5735525520970551,0.18366165313017366,0.0022884108872658626,0.022012580828823014,False,False,P10,y_neighbor,22.953168005397245,12.541899988605081,26.15620723285706
364,k6_supported_scene,421021,6,0.5,corner,task,4,P11,9.89109454979441,0.32021765478796943,0.5735525520970551,0.18366165313017366,0.0022884108872658626,0.022012580828823014,False,False,P01,x_neighbor,0.0,-0.0,0.0
364,k6_supported_scene,421021,6,0.5,corner,task,4,P11,9.89109454979441,0.32021765478796943,0.5735525520970551,0.18366165313017366,0.0022884108872658626,0.022012580828823014,False,False,P11,self,-10.61065566365538,24.96351733109656,27.124955505080933
367,k6_supported_scene,421021,6,0.5,corner,task,5,P10,-0.2554501726812674,1.029846526746705,0.26247949352482197,0.27031359474877215,0.18731029088618661,0.19633682231304245,False,False,P00,x_neighbor,-15.696748692830345,19.33040184090227,24.90085048460452
367,k6_supported_scene,421021,6,0.5,corner,task,5,P10,-0.2554501726812674,1.029846526746705,0.26247949352482197,0.27031359474877215,0.18731029088618661,0.19633682231304245,False,False,P10,self,-0.7830880991114375,8.397726820334123,8.43415927760017
367,k6_supported_scene,421021,6,0.5,corner,task,5,P10,-0.2554501726812674,1.029846526746705,0.26247949352482197,0.27031359474877215,0.18731029088618661,0.19633682231304245,False,False,P01,diagonal,-0.0,-0.0,0.0
367,k6_supported_scene,421021,6,0.5,corner,task,5,P10,-0.2554501726812674,1.029846526746705,0.26247949352482197,0.27031359474877215,0.18731029088618661,0.19633682231304245,False,False,P11,y_neighbor,5.454706342522705,17.65121404847478,18.47482553823529
370,k6_supported_scene,421021,6,0.5,edge,combined,-1,P10,0.8766864104115101,0.9039942737185117,0.24124487153396898,0.21808398243066596,0.14179565564245988,0.15009193961202355,False,False,P00,x_neighbor,-0.0,0.0,0.0
370,k6_supported_scene,421021,6,0.5,edge,combined,-1,P10,0.8766864104115101,0.9039942737185117,0.24124487153396898,0.21808398243066596,0.14179565564245988,0.15009193961202355,False,False,P10,self,0.6059356264056079,9.589220625123604,9.608345860794326
370,k6_supported_scene,421021,6,0.5,edge,combined,-1,P10,0.8766864104115101,0.9039942737185117,0.24124487153396898,0.21808398243066596,0.14179565564245988,0.15009193961202355,False,False,P01,diagonal,0.5048173494934631,11.42616613939885,11.437312324208621
370,k6_supported_scene,421021,6,0.5,edge,combined,-1,P10,0.8766864104115101,0.9039942737185117,0.24124487153396898,0.21808398243066596,0.14179565564245988,0.15009193961202355,False,False,P11,y_neighbor,25.387217095365887,26.807485503536263,36.920889356427274
376,k6_supported_scene,421021,6,0.5,edge,task,1,P11,7.82388092493626,0.4062617676007203,0.6252767931356361,0.25402605521899346,0.05629617178353874,0.07779911111006832,False,False,P00,diagonal,-0.0,0.0,0.0
376,k6_supported_scene,421021,6,0.5,edge,task,1,P11,7.82388092493626,0.4062617676007203,0.6252767931356361,0.25402605521899346,0.05629617178353874,0.07779911111006832,False,False,P10,y_neighbor,9.933382675028646,19.77071157002835,22.125847494589042
376,k6_supported_scene,421021,6,0.5,edge,task,1,P11,7.82388092493626,0.4062617676007203,0.6252767931356361,0.25402605521899346,0.05629617178353874,0.07779911111006832,False,False,P01,x_neighbor,-1.8368855104926936,14.802766557361716,14.916301355577543
376,k6_supported_scene,421021,6,0.5,edge,task,1,P11,7.82388092493626,0.4062617676007203,0.6252767931356361,0.25402605521899346,0.05629617178353874,0.07779911111006832,False,False,P11,self,1.5570100389273478,21.323261780080642,21.38003211417533
379,k6_supported_scene,421021,6,0.5,edge,task,2,P11,6.752940478819253,0.4595713811336224,0.4149428946014938,0.19069587916359165,0.05947941457920103,0.07374908200416011,False,False,P00,diagonal,0.0,-0.0,0.0
379,k6_supported_scene,421021,6,0.5,edge,task,2,P11,6.752940478819253,0.4595713811336224,0.4149428946014938,0.19069587916359165,0.05947941457920103,0.07374908200416011,False,False,P10,y_neighbor,-14.382607773569958,20.69249182051591,25.199972700589832
379,k6_supported_scene,421021,6,0.5,edge,task,2,P11,6.752940478819253,0.4595713811336224,0.4149428946014938,0.19069587916359165,0.05947941457920103,0.07374908200416011,False,False,P01,x_neighbor,-16.038924078565238,28.725609107722743,32.89996510952046
379,k6_supported_scene,421021,6,0.5,edge,task,2,P11,6.752940478819253,0.4595713811336224,0.4149428946014938,0.19069587916359165,0.05947941457920103,0.07374908200416011,False,False,P11,self,18.466016217375344,4.026843246133414,18.8999794039385
382,k6_supported_scene,421021,6,0.5,edge,task,3,P10,7.300759791629585,0.4314813316736352,0.440792957838373,0.1901939324404617,0.05080296010727878,0.06596159758113745,False,False,P00,x_neighbor,-0.0,0.0,0.0
382,k6_supported_scene,421021,6,0.5,edge,task,3,P10,7.300759791629585,0.4314813316736352,0.440792957838373,0.1901939324404617,0.05080296010727878,0.06596159758113745,False,False,P10,self,-8.4327325691305,18.278999533148923,20.130394991537866
382,k6_supported_scene,421021,6,0.5,edge,task,3,P10,7.300759791629585,0.4314813316736352,0.440792957838373,0.1901939324404617,0.05080296010727878,0.06596159758113745,False,False,P01,diagonal,10.22008490825908,-29.44650314293688,31.169643611677955
382,k6_supported_scene,421021,6,0.5,edge,task,3,P10,7.300759791629585,0.4314813316736352,0.440792957838373,0.1901939324404617,0.05080296010727878,0.06596159758113745,False,False,P11,y_neighbor,19.896927963952052,17.690488678178532,26.624070539184277
385,k6_supported_scene,421021,6,0.5,edge,task,4,P10,6.00896027964289,0.5006704803148724,0.49240588755183606,0.2465330922304488,0.09082067843639338,0.10775425735742694,False,False,P00,x_neighbor,0.0,-0.0,0.0
385,k6_supported_scene,421021,6,0.5,edge,task,4,P10,6.00896027964289,0.5006704803148724,0.49240588755183606,0.2465330922304488,0.09082067843639338,0.10775425735742694,False,False,P10,self,2.0173615081343383,17.23082255899136,17.348515599726326
385,k6_supported_scene,421021,6,0.5,edge,task,4,P10,6.00896027964289,0.5006704803148724,0.49240588755183606,0.2465330922304488,0.09082067843639338,0.10775425735742694,False,False,P01,diagonal,2.5469724636926063,-14.159323639508626,14.386574111273196
385,k6_supported_scene,421021,6,0.5,edge,task,4,P10,6.00896027964289,0.5006704803148724,0.49240588755183606,0.2465330922304488,0.09082067843639338,0.10775425735742694,False,False,P11,y_neighbor,17.561455432703898,20.61443073848213,27.080610620636346
391,k6_supported_scene,421021,6,0.5,interior,combined,-1,P10,7.366836272619989,0.42821136185256725,0.4760414529463875,0.2038463588644474,0.05330883366780162,0.06967964830860449,False,False,P00,x_neighbor,-14.707491186010245,24.19701886458707,28.316179454858514
391,k6_supported_scene,421021,6,0.5,interior,combined,-1,P10,7.366836272619989,0.42821136185256725,0.4760414529463875,0.2038463588644474,0.05330883366780162,0.06967964830860449,False,False,P10,self,-8.835614740654513,18.258623730643244,20.284117638745837
391,k6_supported_scene,421021,6,0.5,interior,combined,-1,P10,7.366836272619989,0.42821136185256725,0.4760414529463875,0.2038463588644474,0.05330883366780162,0.06967964830860449,False,False,P01,diagonal,16.56328382319718,11.316195440238982,20.059876625978312
391,k6_supported_scene,421021,6,0.5,interior,combined,-1,P10,7.366836272619989,0.42821136185256725,0.4760414529463875,0.2038463588644474,0.05330883366780162,0.06967964830860449,False,False,P11,y_neighbor,10.904288079645905,9.003158822138788,14.140734326779613
394,k6_supported_scene,421021,6,0.5,interior,task,0,P00,6.783305246579373,0.4579675828849685,0.4354902028787598,0.1994403955824702,0.06172630160390047,0.07670258012983114,False,False,P00,self,-15.450356830368161,11.000089220983076,18.966166957382086
394,k6_supported_scene,421021,6,0.5,interior,task,0,P00,6.783305246579373,0.4579675828849685,0.4354902028787598,0.1994403955824702,0.06172630160390047,0.07670258012983114,False,False,P10,x_neighbor,-18.114210512490402,12.896656303090666,22.236194959814192
394,k6_supported_scene,421021,6,0.5,interior,task,0,P00,6.783305246579373,0.4579675828849685,0.4354902028787598,0.1994403955824702,0.06172630160390047,0.07670258012983114,False,False,P01,y_neighbor,24.207736604709876,12.030268792663069,27.032237768019378
394,k6_supported_scene,421021,6,0.5,interior,task,0,P00,6.783305246579373,0.4579675828849685,0.4354902028787598,0.1994403955824702,0.06172630160390047,0.07670258012983114,False,False,P11,diagonal,7.238337266594039,16.10642428569091,17.65815476361157
397,k6_supported_scene,421021,6,0.5,interior,task,1,P11,6.125845935904276,0.4939781089218099,0.40669787428775545,0.20089984684318538,0.07229068661337168,0.08627681213577072,False,False,P00,diagonal,15.770438370871684,21.86807910188562,26.96144673447233
397,k6_supported_scene,421021,6,0.5,interior,task,1,P11,6.125845935904276,0.4939781089218099,0.40669787428775545,0.20089984684318538,0.07229068661337168,0.08627681213577072,False,False,P10,y_neighbor,9.57411314884732,16.46799837012814,19.048848072927512
397,k6_supported_scene,421021,6,0.5,interior,task,1,P11,6.125845935904276,0.4939781089218099,0.40669787428775545,0.20089984684318538,0.07229068661337168,0.08627681213577072,False,False,P01,x_neighbor,-5.549673592388445,20.96426157522302,21.68638144957397
397,k6_supported_scene,421021,6,0.5,interior,task,1,P11,6.125845935904276,0.4939781089218099,0.40669787428775545,0.20089984684318538,0.07229068661337168,0.08627681213577072,False,False,P11,self,4.044411612108143,17.112101758859307,17.583551742856475
400,k6_supported_scene,421021,6,0.5,interior,task,2,P10,3.8384079587588618,0.6428055266802051,0.2959382517624882,0.19023074378900537,0.09664685155522516,0.10682401204144143,False,False,P00,x_neighbor,-12.066474509907712,8.622737218460863,14.830758720877459
400,k6_supported_scene,421021,6,0.5,interior,task,2,P10,3.8384079587588618,0.6428055266802051,0.2959382517624882,0.19023074378900537,0.09664685155522516,0.10682401204144143,False,False,P10,self,-3.5144324573305328,13.047435693512718,13.512468822294762
400,k6_supported_scene,421021,6,0.5,interior,task,2,P10,3.8384079587588618,0.6428055266802051,0.2959382517624882,0.19023074378900537,0.09664685155522516,0.10682401204144143,False,False,P01,diagonal,6.548628154449869,28.253371763468955,29.002371398043273
400,k6_supported_scene,421021,6,0.5,interior,task,2,P10,3.8384079587588618,0.6428055266802051,0.2959382517624882,0.19023074378900537,0.09664685155522516,0.10682401204144143,False,False,P11,y_neighbor,24.60873195737961,15.347571589316962,29.00237304496592
403,k6_supported_scene,421021,6,0.5,interior,task,3,P10,2.646633148891384,0.7373409302984217,0.3184208566223573,0.23478473064834926,0.13409121450549336,0.1450415399220435,False,False,P00,x_neighbor,-4.014222618246694,11.074965444040334,11.780018795211275
403,k6_supported_scene,421021,6,0.5,interior,task,3,P10,2.646633148891384,0.7373409302984217,0.3184208566223573,0.23478473064834926,0.13409121450549336,0.1450415399220435,False,False,P10,self,0.5295474213598906,11.768109883217287,11.780018280755991
403,k6_supported_scene,421021,6,0.5,interior,task,3,P10,2.646633148891384,0.7373409302984217,0.3184208566223573,0.23478473064834926,0.13409121450549336,0.1450415399220435,False,False,P01,diagonal,21.56703654897474,7.817170063306354,22.940035163518502
403,k6_supported_scene,421021,6,0.5,interior,task,3,P10,2.646633148891384,0.7373409302984217,0.3184208566223573,0.23478473064834926,0.13409121450549336,0.1450415399220435,False,False,P11,y_neighbor,15.8880672256014,17.6755611922673,23.766702413814482
406,k6_supported_scene,421021,6,0.5,interior,task,4,P01,5.677032644617226,0.5201736728088266,0.40809093213608083,0.21227815900920277,0.08322847520808091,0.0972625072555897,False,False,P00,y_neighbor,7.433450560182255,15.627405509223005,17.30525903245506
406,k6_supported_scene,421021,6,0.5,interior,task,4,P01,5.677032644617226,0.5201736728088266,0.40809093213608083,0.21227815900920277,0.08322847520808091,0.0972625072555897,False,False,P10,diagonal,3.662013669029401,24.317496370542127,24.591685054983273
406,k6_supported_scene,421021,6,0.5,interior,task,4,P01,5.677032644617226,0.5201736728088266,0.40809093213608083,0.21227815900920277,0.08322847520808091,0.0972625072555897,False,False,P01,self,9.976589223138662,13.390025206196295,16.69805699923852
406,k6_supported_scene,421021,6,0.5,interior,task,4,P01,5.677032644617226,0.5201736728088266,0.40809093213608083,0.21227815900920277,0.08322847520808091,0.0972625072555897,False,False,P11,x_neighbor,-13.163100050891282,17.83047581459904,22.162875957889025
409,k6_supported_scene,421021,6,0.5,interior,task,5,P10,3.856131894673575,0.6414951913736243,0.29328022571005924,0.18813785451797418,0.09539450392476816,0.10548025629611245,False,False,P00,x_neighbor,-3.975777386356858,18.853928010051433,19.26856007163142
409,k6_supported_scene,421021,6,0.5,interior,task,5,P10,3.856131894673575,0.6414951913736243,0.29328022571005924,0.18813785451797418,0.09539450392476816,0.10548025629611245,False,False,P10,self,6.245261939227405,12.013750132829875,13.540069754016493
409,k6_supported_scene,421021,6,0.5,interior,task,5,P10,3.856131894673575,0.6414951913736243,0.29328022571005924,0.18813785451797418,0.09539450392476816,0.10548025629611245,False,False,P01,diagonal,8.435641629990458,29.002898989940068,30.20477113851874
409,k6_supported_scene,421021,6,0.5,interior,task,5,P10,3.856131894673575,0.6414951913736243,0.29328022571005924,0.18813785451797418,0.09539450392476816,0.10548025629611245,False,False,P11,y_neighbor,11.890018983316466,22.872333471694876,25.77821153346445
412,k6_supported_scene,421022,6,0.5,corner,combined,-1,P01,6.58189219096394,0.46871126389770407,0.4344675207830163,0.20363982078870962,0.06624912728462226,0.08119023631234587,False,False,P00,y_neighbor,15.626759170129123,33.368274867355154,36.846131001566235
412,k6_supported_scene,421022,6,0.5,corner,combined,-1,P01,6.58189219096394,0.46871126389770407,0.4344675207830163,0.20363982078870962,0.06624912728462226,0.08119023631234587,False,False,P10,diagonal,-0.0,-0.0,0.0
412,k6_supported_scene,421022,6,0.5,corner,combined,-1,P01,6.58189219096394,0.46871126389770407,0.4344675207830163,0.20363982078870962,0.06624912728462226,0.08119023631234587,False,False,P01,self,14.812370973275108,11.13586715005258,18.531429276597724
412,k6_supported_scene,421022,6,0.5,corner,combined,-1,P01,6.58189219096394,0.46871126389770407,0.4344675207830163,0.20363982078870962,0.06624912728462226,0.08119023631234587,False,False,P11,x_neighbor,10.823157988380299,-1.0504236555823263,10.874012079156763
415,k6_supported_scene,421022,6,0.5,corner,task,0,P11,5.446482228952208,0.5341655659497078,0.30700295024985186,0.16399040466844209,0.066907547550353,0.07746521718524081,False,False,P00,diagonal,4.316725391824901,-21.437499196302888,21.867795725676437
415,k6_supported_scene,421022,6,0.5,corner,task,0,P11,5.446482228952208,0.5341655659497078,0.30700295024985186,0.16399040466844209,0.066907547550353,0.07746521718524081,False,False,P10,y_neighbor,-0.0,0.0,0.0
415,k6_supported_scene,421022,6,0.5,corner,task,0,P11,5.446482228952208,0.5341655659497078,0.30700295024985186,0.16399040466844209,0.066907547550353,0.07746521718524081,False,False,P01,x_neighbor,-37.8228212826414,25.143679461652688,45.41773251329228
415,k6_supported_scene,421022,6,0.5,corner,task,0,P11,5.446482228952208,0.5341655659497078,0.30700295024985186,0.16399040466844209,0.066907547550353,0.07746521718524081,False,False,P11,self,-14.358653545399635,7.631411113694909,16.260669335025657
421,k6_supported_scene,421022,6,0.5,corner,task,2,P00,4.27590856821826,0.6112298729592303,0.330708658176932,0.20213901112400365,0.09755975094628636,0.10893264738128006,False,False,P00,self,7.179744072616417,12.263357425958334,14.210512316770217
421,k6_supported_scene,421022,6,0.5,corner,task,2,P00,4.27590856821826,0.6112298729592303,0.330708658176932,0.20213901112400365,0.09755975094628636,0.10893264738128006,False,False,P10,x_neighbor,0.0,-0.0,0.0
421,k6_supported_scene,421022,6,0.5,corner,task,2,P00,4.27590856821826,0.6112298729592303,0.330708658176932,0.20213901112400365,0.09755975094628636,0.10893264738128006,False,False,P01,y_neighbor,24.33771889292932,22.519307125713258,33.15786112422586
421,k6_supported_scene,421022,6,0.5,corner,task,2,P00,4.27590856821826,0.6112298729592303,0.330708658176932,0.20213901112400365,0.09755975094628636,0.10893264738128006,False,False,P11,diagonal,9.763750541410708,21.206073115144363,23.345842490682287
424,k6_supported_scene,421022,6,0.5,corner,task,3,P01,-3.6565688868194823,1.5234508390801502,0.14126288619425098,0.21520706250351543,0.1705358155812166,0.1753937717764124,False,False,P00,y_neighbor,30.96869847135922,15.466300486542202,34.61598959657203
424,k6_supported_scene,421022,6,0.5,corner,task,3,P01,-3.6565688868194823,1.5234508390801502,0.14126288619425098,0.21520706250351543,0.1705358155812166,0.1753937717764124,False,False,P10,diagonal,-0.0,-0.0,0.0
424,k6_supported_scene,421022,6,0.5,corner,task,3,P01,-3.6565688868194823,1.5234508390801502,0.14126288619425098,0.21520706250351543,0.1705358155812166,0.1753937717764124,False,False,P01,self,0.1578679921559975,5.699271095749279,5.701457123033598
424,k6_supported_scene,421022,6,0.5,corner,task,3,P01,-3.6565688868194823,1.5234508390801502,0.14126288619425098,0.21520706250351543,0.1705358155812166,0.1753937717764124,False,False,P11,x_neighbor,-14.495679090687076,-13.71427242827406,19.955099111182097
427,k6_supported_scene,421022,6,0.5,corner,task,4,P00,5.583927629765373,0.5257794629967413,0.29164929116289584,0.15334320769100762,0.06111560388617075,0.07114526927811937,False,False,P00,self,9.033617937840624,13.83130356034071,16.520024552801654
427,k6_supported_scene,421022,6,0.5,corner,task,4,P00,5.583927629765373,0.5257794629967413,0.29164929116289584,0.15334320769100762,0.06111560388617075,0.07114526927811937,False,False,P10,x_neighbor,-0.0,-0.0,0.0
427,k6_supported_scene,421022,6,0.5,corner,task,4,P00,5.583927629765373,0.5257794629967413,0.29164929116289584,0.15334320769100762,0.06111560388617075,0.07114526927811937,False,False,P01,y_neighbor,28.15790486546906,19.24426633503635,34.10585570230748
427,k6_supported_scene,421022,6,0.5,corner,task,4,P00,5.583927629765373,0.5257794629967413,0.29164929116289584,0.15334320769100762,0.06111560388617075,0.07114526927811937,False,False,P11,diagonal,19.455441143817307,37.33425486146888,42.09941538978483
430,k6_supported_scene,421022,6,0.5,corner,task,5,P11,8.829786683626551,0.36183507691471195,0.3288886706291127,0.11900345743346234,0.014999727852170408,0.026310035874727536,False,False,P00,diagonal,-2.053350548922262,50.71210400236241,50.75365741326609
430,k6_supported_scene,421022,6,0.5,corner,task,5,P11,8.829786683626551,0.36183507691471195,0.3288886706291127,0.11900345743346234,0.014999727852170408,0.026310035874727536,False,False,P10,y_neighbor,0.0,-0.0,0.0
430,k6_supported_scene,421022,6,0.5,corner,task,5,P11,8.829786683626551,0.36183507691471195,0.3288886706291127,0.11900345743346234,0.014999727852170408,0.026310035874727536,False,False,P01,x_neighbor,-41.98726671785706,20.303172397422944,46.63849671500942
430,k6_supported_scene,421022,6,0.5,corner,task,5,P11,8.829786683626551,0.36183507691471195,0.3288886706291127,0.11900345743346234,0.014999727852170408,0.026310035874727536,False,False,P11,self,23.335111711670745,5.631847855402762,24.005106724665023
433,k6_supported_scene,421022,6,0.5,edge,combined,-1,P00,6.573674549432196,0.4691549172151767,0.5224991898361018,0.24513306415255323,0.07990431260507505,0.09787278432919574,False,False,P00,self,12.427265449015435,13.723256077541588,18.51390515018576
433,k6_supported_scene,421022,6,0.5,edge,combined,-1,P00,6.573674549432196,0.4691549172151767,0.5224991898361018,0.24513306415255323,0.07990431260507505,0.09787278432919574,False,False,P10,x_neighbor,-9.793717793048277,-1.610626255604524,9.925272043884393
433,k6_supported_scene,421022,6,0.5,edge,combined,-1,P00,6.573674549432196,0.4691549172151767,0.5224991898361018,0.24513306415255323,0.07990431260507505,0.09787278432919574,False,False,P01,y_neighbor,18.375587876194952,16.906602910666322,24.969890904341455
433,k6_supported_scene,421022,6,0.5,edge,combined,-1,P00,6.573674549432196,0.4691549172151767,0.5224991898361018,0.24513306415255323,0.07990431260507505,0.09787278432919574,False,False,P11,diagonal,-3.0727210616393736,13.465164625542327,13.811309608997933
436,k6_supported_scene,421022,6,0.5,edge,task,0,P11,4.069807534589433,0.6259067328590724,0.39596990770272616,0.2478402312407218,0.1226235519179952,0.13624074832434935,False,False,P00,diagonal,-15.699486906760361,-6.122267683558731,16.850995541055955
436,k6_supported_scene,421022,6,0.5,edge,task,0,P11,4.069807534589433,0.6259067328590724,0.39596990770272616,0.2478402312407218,0.1226235519179952,0.13624074832434935,False,False,P10,y_neighbor,11.64979953754398,20.741965746182142,23.789640019990912
436,k6_supported_scene,421022,6,0.5,edge,task,0,P11,4.069807534589433,0.6259067328590724,0.39596990770272616,0.2478402312407218,0.1226235519179952,0.13624074832434935,False,False,P01,x_neighbor,-13.588779544794681,-1.0525422117437535,13.629481817902423
436,k6_supported_scene,421022,6,0.5,edge,task,0,P11,4.069807534589433,0.6259067328590724,0.39596990770272616,0.2478402312407218,0.1226235519179952,0.13624074832434935,False,False,P11,self,11.696942961370198,7.46731012744369,13.877290628252004
439,k6_supported_scene,421022,6,0.5,edge,task,1,P00,9.367688800228194,0.34010699171446657,0.46629497519277907,0.15859018126438787,0.011134762954298466,0.027170401362616836,False,False,P00,self,0.1774755389163758,25.53808100260044,25.538697673575584
439,k6_supported_scene,421022,6,0.5,edge,task,1,P00,9.367688800228194,0.34010699171446657,0.46629497519277907,0.15859018126438787,0.011134762954298466,0.027170401362616836,False,False,P10,x_neighbor,-28.298956368946968,0.19666236753548622,28.299639708985143
439,k6_supported_scene,421022,6,0.5,edge,task,1,P00,9.367688800228194,0.34010699171446657,0.46629497519277907,0.15859018126438787,0.011134762954298466,0.027170401362616836,False,False,P01,y_neighbor,23.3486004597459,-12.68948328570518,26.574049926329213
439,k6_supported_scene,421022,6,0.5,edge,task,1,P00,9.367688800228194,0.34010699171446657,0.46629497519277907,0.15859018126438787,0.011134762954298466,0.027170401362616836,False,False,P11,diagonal,25.66113630866499,13.48772998401135,28.989873693644878
442,k6_supported_scene,421022,6,0.5,edge,task,2,P01,6.617557694330407,0.46679061443620573,0.49341400733522556,0.2303210276554405,0.07428981839440643,0.09125806602340111,False,False,P00,y_neighbor,8.234516626156326,16.15270510180439,18.130558352469528
442,k6_supported_scene,421022,6,0.5,edge,task,2,P01,6.617557694330407,0.46679061443620573,0.49341400733522556,0.2303210276554405,0.07428981839440643,0.09125806602340111,False,False,P10,diagonal,-3.1156561086285355,14.214711946987626,14.552159589664589
442,k6_supported_scene,421022,6,0.5,edge,task,2,P01,6.617557694330407,0.46679061443620573,0.49341400733522556,0.2303210276554405,0.07428981839440643,0.09125806602340111,False,False,P01,self,1.4638633090527269,18.55000808648937,18.607678409635408
442,k6_supported_scene,421022,6,0.5,edge,task,2,P01,6.617557694330407,0.46679061443620573,0.49341400733522556,0.2303210276554405,0.07428981839440643,0.09125806602340111,False,False,P11,x_neighbor,-11.302582482178929,20.192224911717837,23.140318011035554
445,k6_supported_scene,421022,6,0.5,edge,task,3,P10,5.54144051139399,0.5283576190376859,0.47174553904487826,0.2492503498014015,0.10007131186083065,0.11629439228697813,False,False,P00,x_neighbor,-19.49498222555339,6.9053852576006305,20.68184415207045
445,k6_supported_scene,421022,6,0.5,edge,task,3,P10,5.54144051139399,0.5283576190376859,0.47174553904487826,0.2492503498014015,0.10007131186083065,0.11629439228697813,False,False,P10,self,11.001145173668867,12.215937845587813,16.43941399744536
445,k6_supported_scene,421022,6,0.5,edge,task,3,P10,5.54144051139399,0.5283576190376859,0.47174553904487826,0.2492503498014015,0.10007131186083065,0.11629439228697813,False,False,P01,diagonal,-15.317233141751647,-7.3043600447509665,16.969717345381135
445,k6_supported_scene,421022,6,0.5,edge,task,3,P10,5.54144051139399,0.5283576190376859,0.47174553904487826,0.2492503498014015,0.10007131186083065,0.11629439228697813,False,False,P11,y_neighbor,5.046243414015423,14.246332246927564,15.113654590579415
448,k6_supported_scene,421022,6,0.5,edge,task,4,P00,4.674139253088654,0.5838389128658192,0.37463528843337296,0.21872665952011305,0.1002565791877538,0.11314008928311768,False,False,P00,self,-5.654468050660604,13.760746360447921,14.877202335537495
448,k6_supported_scene,421022,6,0.5,edge,task,4,P00,4.674139253088654,0.5838389128658192,0.37463528843337296,0.21872665952011305,0.1002565791877538,0.11314008928311768,False,False,P10,x_neighbor,-16.890769610460772,16.98632153846822,23.954816163809202
448,k6_supported_scene,421022,6,0.5,edge,task,4,P00,4.674139253088654,0.5838389128658192,0.37463528843337296,0.21872665952011305,0.1002565791877538,0.11314008928311768,False,False,P01,y_neighbor,13.804306427044507,16.724181104230606,21.685412367276907
448,k6_supported_scene,421022,6,0.5,edge,task,4,P00,4.674139253088654,0.5838389128658192,0.37463528843337296,0.21872665952011305,0.1002565791877538,0.11314008928311768,False,False,P11,diagonal,-11.159094237442496,13.675872548897075,17.650917091579092
451,k6_supported_scene,421022,6,0.5,edge,task,5,P11,5.072575820323132,0.5576622016234959,0.34107608779343285,0.19020524204001454,0.08234751275533439,0.0940769396300678,False,False,P00,diagonal,-26.568642252015945,0.27228399074115933,26.570037442337576
451,k6_supported_scene,421022,6,0.5,edge,task,5,P11,5.072575820323132,0.5576622016234959,0.34107608779343285,0.19020524204001454,0.08234751275533439,0.0940769396300678,False,False,P10,y_neighbor,15.711469450542388,12.62685446624078,20.156580216072157
451,k6_supported_scene,421022,6,0.5,edge,task,5,P11,5.072575820323132,0.5576622016234959,0.34107608779343285,0.19020524204001454,0.08234751275533439,0.0940769396300678,False,False,P01,x_neighbor,-25.943363768164375,-7.580390992687251,27.028141837894037
451,k6_supported_scene,421022,6,0.5,edge,task,5,P11,5.072575820323132,0.5576622016234959,0.34107608779343285,0.19020524204001454,0.08234751275533439,0.0940769396300678,False,False,P11,self,13.038585306132447,8.520136343832556,15.575539480313015
454,k6_supported_scene,421022,6,0.5,interior,combined,-1,P10,2.7079082547351114,0.7321576209549251,0.4147128459039589,0.303635170636489,0.1724914538377949,0.18675321000930664,False,False,P00,x_neighbor,-12.357103857190944,11.430239983257124,16.832955825173816
454,k6_supported_scene,421022,6,0.5,interior,combined,-1,P10,2.7079082547351114,0.7321576209549251,0.4147128459039589,0.303635170636489,0.1724914538377949,0.18675321000930664,False,False,P10,self,2.857244388757475,11.51419853343077,11.863414911581968
454,k6_supported_scene,421022,6,0.5,interior,combined,-1,P10,2.7079082547351114,0.7321576209549251,0.4147128459039589,0.303635170636489,0.1724914538377949,0.18675321000930664,False,False,P01,diagonal,-0.0,0.0,0.0
454,k6_supported_scene,421022,6,0.5,interior,combined,-1,P10,2.7079082547351114,0.7321576209549251,0.4147128459039589,0.303635170636489,0.1724914538377949,0.18675321000930664,False,False,P11,y_neighbor,10.047057179671846,17.125713759589576,19.855312380997468
457,k6_supported_scene,421022,6,0.5,interior,task,0,P10,5.740132161673149,0.5164085117082505,0.4662307102830249,0.2407655072099374,0.09333041124869285,0.10936383962063939,False,False,P00,x_neighbor,-11.384049503924626,-11.789285766737816,16.38852775564704
457,k6_supported_scene,421022,6,0.5,interior,task,0,P10,5.740132161673149,0.5164085117082505,0.4662307102830249,0.2407655072099374,0.09333041124869285,0.10936383962063939,False,False,P10,self,10.441407538415312,13.186462559721072,16.81980339427907
457,k6_supported_scene,421022,6,0.5,interior,task,0,P10,5.740132161673149,0.5164085117082505,0.4662307102830249,0.2407655072099374,0.09333041124869285,0.10936383962063939,False,False,P01,diagonal,-0.0,0.0,0.0
457,k6_supported_scene,421022,6,0.5,interior,task,0,P10,5.740132161673149,0.5164085117082505,0.4662307102830249,0.2407655072099374,0.09333041124869285,0.10936383962063939,False,False,P11,y_neighbor,23.92296551569711,13.330034819394971,27.386093320360896
460,k6_supported_scene,421022,6,0.5,interior,task,1,P10,9.726892252444117,0.32632878755402334,0.5730528699156743,0.18700364824393545,0.005788419380964138,0.025495405515690878,False,False,P00,x_neighbor,-12.991412742469715,24.231573667147714,27.494471579421393
460,k6_supported_scene,421022,6,0.5,interior,task,1,P10,9.726892252444117,0.32632878755402334,0.5730528699156743,0.18700364824393545,0.005788419380964138,0.025495405515690878,False,False,P10,self,-24.603733750952113,10.154820081571108,26.61698866094397
460,k6_supported_scene,421022,6,0.5,interior,task,1,P10,9.726892252444117,0.32632878755402334,0.5730528699156743,0.18700364824393545,0.005788419380964138,0.025495405515690878,False,False,P01,diagonal,0.0,-0.0,0.0
460,k6_supported_scene,421022,6,0.5,interior,task,1,P10,9.726892252444117,0.32632878755402334,0.5730528699156743,0.18700364824393545,0.005788419380964138,0.025495405515690878,False,False,P11,y_neighbor,16.674372570727705,20.370179486109222,26.32449264323515
463,k6_supported_scene,421022,6,0.5,interior,task,2,P11,8.262286869130532,0.3862652656066289,0.5702186822891235,0.22025567076827024,0.039936690726915636,0.05954621064309282,False,False,P00,diagonal,2.5513727313762726,16.183393792701192,16.383276151736254
463,k6_supported_scene,421022,6,0.5,interior,task,2,P11,8.262286869130532,0.3862652656066289,0.5702186822891235,0.22025567076827024,0.039936690726915636,0.05954621064309282,False,False,P10,y_neighbor,16.85225705640718,22.29549080729007,27.947942289785512
463,k6_supported_scene,421022,6,0.5,interior,task,2,P11,8.262286869130532,0.3862652656066289,0.5702186822891235,0.22025567076827024,0.039936690726915636,0.05954621064309282,False,False,P01,x_neighbor,0.0,-0.0,0.0
463,k6_supported_scene,421022,6,0.5,interior,task,2,P11,8.262286869130532,0.3862652656066289,0.5702186822891235,0.22025567076827024,0.039936690726915636,0.05954621064309282,False,False,P11,self,16.798456248378677,14.94892486602184,22.486851424302575
466,k6_supported_scene,421022,6,0.5,interior,task,3,P10,7.94927664197002,0.40043881535469533,0.6838181932172879,0.273827347209919,0.05758504760714564,0.08110119482474878,False,False,P00,x_neighbor,-8.900724110548733,9.495040504380706,13.014556614496469
466,k6_supported_scene,421022,6,0.5,interior,task,3,P10,7.94927664197002,0.40043881535469533,0.6838181932172879,0.273827347209919,0.05758504760714564,0.08110119482474878,False,False,P10,self,18.415068944641394,11.462181594009206,21.690928314157954
466,k6_supported_scene,421022,6,0.5,interior,task,3,P10,7.94927664197002,0.40043881535469533,0.6838181932172879,0.273827347209919,0.05758504760714564,0.08110119482474878,False,False,P01,diagonal,-0.0,0.0,0.0
466,k6_supported_scene,421022,6,0.5,interior,task,3,P10,7.94927664197002,0.40043881535469533,0.6838181932172879,0.273827347209919,0.05758504760714564,0.08110119482474878,False,False,P11,y_neighbor,2.490008735168389,18.976386216631518,19.13905372122607
469,k6_supported_scene,421022,6,0.5,interior,task,4,P10,8.098787926868916,0.39360499726297554,0.6239772292888752,0.24560055562640679,0.0482816303630095,0.06973987837386156,False,False,P00,x_neighbor,-8.367400277618803,18.920694638751662,20.688307640277905
469,k6_supported_scene,421022,6,0.5,interior,task,4,P10,8.098787926868916,0.39360499726297554,0.6239772292888752,0.24560055562640679,0.0482816303630095,0.06973987837386156,False,False,P10,self,-4.816404123176198,21.53550745815111,22.06752886387216
469,k6_supported_scene,421022,6,0.5,interior,task,4,P10,8.098787926868916,0.39360499726297554,0.6239772292888752,0.24560055562640679,0.0482816303630095,0.06973987837386156,False,False,P01,diagonal,0.0,-0.0,0.0
469,k6_supported_scene,421022,6,0.5,interior,task,4,P10,8.098787926868916,0.39360499726297554,0.6239772292888752,0.24560055562640679,0.0482816303630095,0.06973987837386156,False,False,P11,y_neighbor,9.816641260674084,15.472556182358614,18.32393081347484
472,k6_supported_scene,421022,6,0.5,interior,task,5,P10,8.690601290689175,0.36767993943096117,0.7046211568358777,0.25907506426718935,0.03625428995277977,0.06048584012378422,False,False,P00,x_neighbor,-4.446799160803186,7.574218721681351,8.78309808782688
472,k6_supported_scene,421022,6,0.5,interior,task,5,P10,8.690601290689175,0.36767993943096117,0.7046211568358777,0.25907506426718935,0.03625428995277977,0.06048584012378422,False,False,P10,self,20.372038202719818,11.960357201764534,23.623507041226468
472,k6_supported_scene,421022,6,0.5,interior,task,5,P10,8.690601290689175,0.36767993943096117,0.7046211568358777,0.25907506426718935,0.03625428995277977,0.06048584012378422,False,False,P01,diagonal,-0.0,0.0,0.0
472,k6_supported_scene,421022,6,0.5,interior,task,5,P10,8.690601290689175,0.36767993943096117,0.7046211568358777,0.25907506426718935,0.03625428995277977,0.06048584012378422,False,False,P11,y_neighbor,3.4426086466505166,21.83951193572535,22.1091799007716
487,k6_supported_scene,421023,6,0.5,corner,task,3,P00,9.985629815094143,0.31675137531921344,0.5598573944214299,0.17733559966561926,0.00029314653972278837,0.01954634722766435,False,False,P00,self,-8.373422115316606,26.11207304705187,27.421789816418727
487,k6_supported_scene,421023,6,0.5,corner,task,3,P00,9.985629815094143,0.31675137531921344,0.5598573944214299,0.17733559966561926,0.00029314653972278837,0.01954634722766435,False,False,P10,x_neighbor,-26.238465052832737,30.961660203497978,40.58425126678568
487,k6_supported_scene,421023,6,0.5,corner,task,3,P00,9.985629815094143,0.31675137531921344,0.5598573944214299,0.17733559966561926,0.00029314653972278837,0.01954634722766435,False,False,P01,y_neighbor,-0.0,-0.0,0.0
487,k6_supported_scene,421023,6,0.5,corner,task,3,P00,9.985629815094143,0.31675137531921344,0.5598573944214299,0.17733559966561926,0.00029314653972278837,0.01954634722766435,False,False,P11,diagonal,-0.0,-0.0,0.0
493,k6_supported_scene,421023,6,0.5,corner,task,5,P10,9.780041136620696,0.3243380812713219,0.6843142291271896,0.2219491640617764,0.00555000413135065,0.029083209762430007,False,False,P00,x_neighbor,-25.279273875753784,13.23959995262434,28.536445023704307
493,k6_supported_scene,421023,6,0.5,corner,task,5,P10,9.780041136620696,0.3243380812713219,0.6843142291271896,0.2219491640617764,0.00555000413135065,0.029083209762430007,False,False,P10,self,14.690349032845834,22.391542416225803,26.780357101511434
493,k6_supported_scene,421023,6,0.5,corner,task,5,P10,9.780041136620696,0.3243380812713219,0.6843142291271896,0.2219491640617764,0.00555000413135065,0.029083209762430007,False,False,P01,diagonal,-0.0,-0.0,0.0
493,k6_supported_scene,421023,6,0.5,corner,task,5,P10,9.780041136620696,0.3243380812713219,0.6843142291271896,0.2219491640617764,0.00555000413135065,0.029083209762430007,False,False,P11,y_neighbor,-0.0,-0.0,0.0
496,k6_supported_scene,421023,6,0.5,edge,combined,-1,P00,8.03118152327641,0.3966805656394815,0.6228313222051376,0.24706508119032022,0.05010852356407616,0.0715273644343371,False,False,P00,self,7.994067375405325,20.385011359326075,21.89643352974116
496,k6_supported_scene,421023,6,0.5,edge,combined,-1,P00,8.03118152327641,0.3966805656394815,0.6228313222051376,0.24706508119032022,0.05010852356407616,0.0715273644343371,False,False,P10,x_neighbor,-0.0,-0.0,0.0
496,k6_supported_scene,421023,6,0.5,edge,combined,-1,P00,8.03118152327641,0.3966805656394815,0.6228313222051376,0.24706508119032022,0.05010852356407616,0.0715273644343371,False,False,P01,y_neighbor,16.309805982512206,15.034737756940203,22.18227018605522
496,k6_supported_scene,421023,6,0.5,edge,combined,-1,P00,8.03118152327641,0.3966805656394815,0.6228313222051376,0.24706508119032022,0.05010852356407616,0.0715273644343371,False,False,P11,diagonal,14.892028880486329,-6.533351591687947,16.262140301874485
502,k6_supported_scene,421023,6,0.5,edge,task,1,P00,7.907662581055507,0.40236191915625324,0.4613353962458957,0.18562379540820914,0.03973673366887681,0.05560181477145357,False,False,P00,self,10.817865066962254,18.68109752178613,21.58725571316294
502,k6_supported_scene,421023,6,0.5,edge,task,1,P00,7.907662581055507,0.40236191915625324,0.4613353962458957,0.18562379540820914,0.03973673366887681,0.05560181477145357,False,False,P10,x_neighbor,-0.0,-0.0,0.0
502,k6_supported_scene,421023,6,0.5,edge,task,1,P00,7.907662581055507,0.40236191915625324,0.4613353962458957,0.18562379540820914,0.03973673366887681,0.05560181477145357,False,False,P01,y_neighbor,22.303849227777516,13.829345142145574,26.24333205665807
502,k6_supported_scene,421023,6,0.5,edge,task,1,P00,7.907662581055507,0.40236191915625324,0.4613353962458957,0.18562379540820914,0.03973673366887681,0.05560181477145357,False,False,P11,diagonal,25.546954305142823,19.550279072917647,32.169244412917394
505,k6_supported_scene,421023,6,0.5,edge,task,2,P00,8.183748007887196,0.389773760919126,0.4271247132158776,0.16648200585165573,0.03141331198081618,0.04610190572677031,False,False,P00,self,-16.19491425782962,15.307546445882615,22.28443910021759
505,k6_supported_scene,421023,6,0.5,edge,task,2,P00,8.183748007887196,0.389773760919126,0.4271247132158776,0.16648200585165573,0.03141331198081618,0.04610190572677031,False,False,P10,x_neighbor,-0.0,-0.0,0.0
505,k6_supported_scene,421023,6,0.5,edge,task,2,P00,8.183748007887196,0.389773760919126,0.4271247132158776,0.16648200585165573,0.03141331198081618,0.04610190572677031,False,False,P01,y_neighbor,26.44437466552998,15.107159152407075,30.4553970439901
505,k6_supported_scene,421023,6,0.5,edge,task,2,P00,8.183748007887196,0.389773760919126,0.4271247132158776,0.16648200585165573,0.03141331198081618,0.04610190572677031,False,False,P11,diagonal,26.181779075237483,-24.747200668471773,36.02651102271982
508,k6_supported_scene,421023,6,0.5,edge,task,3,P00,8.21910600332474,0.38819031848941943,0.6021730421054367,0.23375774500065208,0.04333390914008656,0.06404232264689669,False,False,P00,self,14.182009925312304,17.306829613314584,22.37533813791334
508,k6_supported_scene,421023,6,0.5,edge,task,3,P00,8.21910600332474,0.38819031848941943,0.6021730421054367,0.23375774500065208,0.04333390914008656,0.06404232264689669,False,False,P10,x_neighbor,-0.0,-0.0,0.0
508,k6_supported_scene,421023,6,0.5,edge,task,3,P00,8.21910600332474,0.38819031848941943,0.6021730421054367,0.23375774500065208,0.04333390914008656,0.06404232264689669,False,False,P01,y_neighbor,17.18204846931164,20.96788640704273,27.108578900053423
508,k6_supported_scene,421023,6,0.5,edge,task,3,P00,8.21910600332474,0.38819031848941943,0.6021730421054367,0.23375774500065208,0.04333390914008656,0.06404232264689669,False,False,P11,diagonal,2.341787233932913,11.818483595211596,12.048258045846161
511,k6_supported_scene,421023,6,0.5,edge,task,4,P01,8.216568871957296,0.3883037246839286,0.6599919199943542,0.25627732079510523,0.04756955034612695,0.07026632458665094,False,False,P00,y_neighbor,7.291621130271184,18.205049836391357,19.611006558892132
511,k6_supported_scene,421023,6,0.5,edge,task,4,P01,8.216568871957296,0.3883037246839286,0.6599919199943542,0.25627732079510523,0.04756955034612695,0.07026632458665094,False,False,P10,diagonal,-0.0,0.0,0.0
511,k6_supported_scene,421023,6,0.5,edge,task,4,P01,8.216568871957296,0.3883037246839286,0.6599919199943542,0.25627732079510523,0.04756955034612695,0.07026632458665094,False,False,P01,self,4.106119713663186,21.988704872405027,22.36880329987865
511,k6_supported_scene,421023,6,0.5,edge,task,4,P01,8.216568871957296,0.3883037246839286,0.6599919199943542,0.25627732079510523,0.04756955034612695,0.07026632458665094,False,False,P11,x_neighbor,-3.355083979592212,15.89002334188994,16.240364229780177
514,k6_supported_scene,421023,6,0.5,edge,task,5,P00,6.038349421414227,0.4989792994287242,0.4609252021415212,0.22999213445361938,0.08423478747954669,0.10008576222309123,False,False,P00,self,11.511283740922543,13.057754316965246,17.407314588018803
514,k6_supported_scene,421023,6,0.5,edge,task,5,P00,6.038349421414227,0.4989792994287242,0.4609252021415212,0.22999213445361938,0.08423478747954669,0.10008576222309123,False,False,P10,x_neighbor,-0.0,-0.0,0.0
514,k6_supported_scene,421023,6,0.5,edge,task,5,P00,6.038349421414227,0.4989792994287242,0.4609252021415212,0.22999213445361938,0.08423478747954669,0.10008576222309123,False,False,P01,y_neighbor,9.151851162581064,20.060251780569516,22.049264867606784
514,k6_supported_scene,421023,6,0.5,edge,task,5,P00,6.038349421414227,0.4989792994287242,0.4609252021415212,0.22999213445361938,0.08423478747954669,0.10008576222309123,False,False,P11,diagonal,11.104990482172889,-22.666438147383886,25.240606805271735
517,k6_supported_scene,421023,6,0.5,interior,combined,-1,P00,8.532593552455129,0.3744297279619702,0.48117724159241476,0.18016706367093904,0.028005459504025415,0.044552891209241635,False,False,P00,self,7.915538337733992,21.805393848792082,23.197649623982947
517,k6_supported_scene,421023,6,0.5,interior,combined,-1,P00,8.532593552455129,0.3744297279619702,0.48117724159241476,0.18016706367093904,0.028005459504025415,0.044552891209241635,False,False,P10,x_neighbor,5.853929527238768,24.09007300528729,24.791129629566083
517,k6_supported_scene,421023,6,0.5,interior,combined,-1,P00,8.532593552455129,0.3744297279619702,0.48117724159241476,0.18016706367093904,0.028005459504025415,0.044552891209241635,False,False,P01,y_neighbor,5.024796263128393,21.35366553156573,21.936900627024034
517,k6_supported_scene,421023,6,0.5,interior,combined,-1,P00,8.532593552455129,0.3744297279619702,0.48117724159241476,0.18016706367093904,0.028005459504025415,0.044552891209241635,False,False,P11,diagonal,20.245876779005826,16.744221038697244,26.272884591217593
520,k6_supported_scene,421023,6,0.5,interior,task,0,P00,8.536677920762376,0.37425370115636214,0.5616959130969698,0.2102167744009433,0.03259293062150062,0.051909356997593165,False,False,P00,self,0.5290373674986244,23.2025299596056,23.208560426329882
520,k6_supported_scene,421023,6,0.5,interior,task,0,P00,8.536677920762376,0.37425370115636214,0.5616959130969698,0.2102167744009433,0.03259293062150062,0.051909356997593165,False,False,P10,x_neighbor,-19.090017583963718,4.251792733161491,19.55777371793141
520,k6_supported_scene,421023,6,0.5,interior,task,0,P00,8.536677920762376,0.37425370115636214,0.5616959130969698,0.2102167744009433,0.03259293062150062,0.051909356997593165,False,False,P01,y_neighbor,20.33480082467591,-0.46365062944784907,20.34008595078761
520,k6_supported_scene,421023,6,0.5,interior,task,0,P00,8.536677920762376,0.37425370115636214,0.5616959130969698,0.2102167744009433,0.03259293062150062,0.051909356997593165,False,False,P11,diagonal,15.191963357420995,11.898682278547449,19.29700470588742
523,k6_supported_scene,421023,6,0.5,interior,task,1,P01,8.29520716290683,0.3848040567216081,0.5034812698764705,0.1937416351318126,0.03452687792745568,0.051841333408692986,False,False,P00,y_neighbor,14.667767431097031,14.931429854686439,20.930623471797784
523,k6_supported_scene,421023,6,0.5,interior,task,1,P01,8.29520716290683,0.3848040567216081,0.5034812698764705,0.1937416351318126,0.03452687792745568,0.051841333408692986,False,False,P10,diagonal,17.650130593889248,9.637299258371955,20.10981469275045
523,k6_supported_scene,421023,6,0.5,interior,task,1,P01,8.29520716290683,0.3848040567216081,0.5034812698764705,0.1937416351318126,0.03452687792745568,0.051841333408692986,False,False,P01,self,-14.474530298179578,17.32033501304366,22.57224030345647
523,k6_supported_scene,421023,6,0.5,interior,task,1,P01,8.29520716290683,0.3848040567216081,0.5034812698764705,0.1937416351318126,0.03452687792745568,0.051841333408692986,False,False,P11,x_neighbor,-7.664223212755954,24.4784834564108,25.650272313968216
526,k6_supported_scene,421023,6,0.5,interior,task,2,P10,6.160006183434624,0.4920391854014744,0.3691857159137726,0.1816538389200728,0.06490706473133352,0.07760316690027039,False,False,P00,x_neighbor,-17.646104792596127,9.198245967362801,19.899566408024825
526,k6_supported_scene,421023,6,0.5,interior,task,2,P10,6.160006183434624,0.4920391854014744,0.3691857159137726,0.1816538389200728,0.06490706473133352,0.07760316690027039,False,False,P10,self,-5.299106552813442,16.838713567658598,17.65284126909094
526,k6_supported_scene,421023,6,0.5,interior,task,2,P10,6.160006183434624,0.4920391854014744,0.3691857159137726,0.1816538389200728,0.06490706473133352,0.07760316690027039,False,False,P01,diagonal,-8.671265579343876,27.554259553838637,28.886468567615218
526,k6_supported_scene,421023,6,0.5,interior,task,2,P10,6.160006183434624,0.4920391854014744,0.3691857159137726,0.1816538389200728,0.06490706473133352,0.07760316690027039,False,False,P11,y_neighbor,23.925735039930835,13.10909558060805,27.281663881488086
529,k6_supported_scene,421023,6,0.5,interior,task,3,P00,4.583191132386894,0.5899842844344988,0.3812722394542596,0.22494462936916024,0.10437576084230282,0.11748751218487435,False,False,P00,self,-2.6029132834865902,14.490312744413918,14.722238993858078
529,k6_supported_scene,421023,6,0.5,interior,task,3,P00,4.583191132386894,0.5899842844344988,0.3812722394542596,0.22494462936916024,0.10437576084230282,0.11748751218487435,False,False,P10,x_neighbor,-13.33836635493165,16.88414607420114,21.51711889806194
529,k6_supported_scene,421023,6,0.5,interior,task,3,P00,4.583191132386894,0.5899842844344988,0.3812722394542596,0.22494462936916024,0.10437576084230282,0.11748751218487435,False,False,P01,y_neighbor,13.551749091561046,10.70579426042462,17.270319458167716
529,k6_supported_scene,421023,6,0.5,interior,task,3,P00,4.583191132386894,0.5899842844344988,0.3812722394542596,0.22494462936916024,0.10437576084230282,0.11748751218487435,False,False,P11,diagonal,17.77278561011133,14.04038584915753,22.649599182683197
532,k6_supported_scene,421023,6,0.5,interior,task,4,P10,6.266008236215406,0.4860708626132526,0.35048764529353965,0.17036183208311853,0.05952790699544058,0.0715809923716803,False,False,P00,x_neighbor,-0.6597809229141445,-21.860297027173456,21.8702514156214
532,k6_supported_scene,421023,6,0.5,interior,task,4,P10,6.266008236215406,0.4860708626132526,0.35048764529353965,0.17036183208311853,0.05952790699544058,0.0715809923716803,False,False,P10,self,17.828294103833645,1.2142356374328924,17.869595374154436
532,k6_supported_scene,421023,6,0.5,interior,task,4,P10,6.266008236215406,0.4860708626132526,0.35048764529353965,0.17036183208311853,0.05952790699544058,0.0715809923716803,False,False,P01,diagonal,24.564916351838498,-11.054734740168376,26.937748152885902
532,k6_supported_scene,421023,6,0.5,interior,task,4,P10,6.266008236215406,0.4860708626132526,0.35048764529353965,0.17036183208311853,0.05952790699544058,0.0715809923716803,False,False,P11,y_neighbor,25.97519696558429,20.0370131387413,32.80537689042744
535,k6_supported_scene,421023,6,0.5,interior,task,5,P10,6.522380685078594,0.47193367288733906,0.46320278499268225,0.21860099161324095,0.07212340970222733,0.08805270931948753,False,False,P00,x_neighbor,-14.011347322901962,-5.99106336656926,15.238461013673268
535,k6_supported_scene,421023,6,0.5,interior,task,5,P10,6.522380685078594,0.47193367288733906,0.46320278499268225,0.21860099161324095,0.07212340970222733,0.08805270931948753,False,False,P10,self,3.385321045942429,18.09087496011653,18.404894876273325
535,k6_supported_scene,421023,6,0.5,interior,task,5,P10,6.522380685078594,0.47193367288733906,0.46320278499268225,0.21860099161324095,0.07212340970222733,0.08805270931948753,False,False,P01,diagonal,-17.832624497646307,-7.624989882449614,19.39440556401547
535,k6_supported_scene,421023,6,0.5,interior,task,5,P10,6.522380685078594,0.47193367288733906,0.46320278499268225,0.21860099161324095,0.07212340970222733,0.08805270931948753,False,False,P11,y_neighbor,20.73782189022902,14.199960996593946,25.133566182610284
544,k6_supported_scene,421024,6,0.5,corner,task,1,P10,7.478811133306569,0.4227264702883668,0.5800701221569422,0.24521099525914591,0.0617767163963418,0.08172502213678468,False,False,P00,x_neighbor,-0.0,0.0,0.0
544,k6_supported_scene,421024,6,0.5,corner,task,1,P10,7.478811133306569,0.4227264702883668,0.5800701221569422,0.24521099525914591,0.0617767163963418,0.08172502213678468,False,False,P10,self,18.905379805596723,8.048499831374738,20.54730481424519
544,k6_supported_scene,421024,6,0.5,corner,task,1,P10,7.478811133306569,0.4227264702883668,0.5800701221569422,0.24521099525914591,0.0617767163963418,0.08172502213678468,False,False,P01,diagonal,-0.0,0.0,0.0
544,k6_supported_scene,421024,6,0.5,corner,task,1,P10,7.478811133306569,0.4227264702883668,0.5800701221569422,0.24521099525914591,0.0617767163963418,0.08172502213678468,False,False,P11,y_neighbor,10.78043117365729,26.764082999414256,28.853662420730874
547,k6_supported_scene,421024,6,0.5,corner,task,2,P11,8.912431497081355,0.35840860260134,0.6634871400564832,0.23779949871160372,0.02798644263064115,0.05080341564673768,False,False,P00,diagonal,-0.0,-0.0,0.0
547,k6_supported_scene,421024,6,0.5,corner,task,2,P11,8.912431497081355,0.35840860260134,0.6634871400564832,0.23779949871160372,0.02798644263064115,0.05080341564673768,False,False,P10,y_neighbor,8.325142525189138,26.029453041634298,27.328381285970043
547,k6_supported_scene,421024,6,0.5,corner,task,2,P11,8.912431497081355,0.35840860260134,0.6634871400564832,0.23779949871160372,0.02798644263064115,0.05080341564673768,False,False,P01,x_neighbor,-0.0,-0.0,0.0
547,k6_supported_scene,421024,6,0.5,corner,task,2,P11,8.912431497081355,0.35840860260134,0.6634871400564832,0.23779949871160372,0.02798644263064115,0.05080341564673768,False,False,P11,self,22.526703591739018,8.93663988469485,24.234601443778406
550,k6_supported_scene,421024,6,0.5,corner,task,3,P11,7.669778461014264,0.41353386164992834,0.3786328613486378,0.15657750930106407,0.0368432854162212,0.04986426993698194,False,False,P00,diagonal,-0.0,-0.0,0.0
550,k6_supported_scene,421024,6,0.5,corner,task,3,P11,7.669778461014264,0.41353386164992834,0.3786328613486378,0.15657750930106407,0.0368432854162212,0.04986426993698194,False,False,P10,y_neighbor,23.685502857284934,45.5535564270929,51.34325222226179
550,k6_supported_scene,421024,6,0.5,corner,task,3,P11,7.669778461014264,0.41353386164992834,0.3786328613486378,0.15657750930106407,0.0368432854162212,0.04986426993698194,False,False,P01,x_neighbor,-0.0,-0.0,0.0
550,k6_supported_scene,421024,6,0.5,corner,task,3,P11,7.669778461014264,0.41353386164992834,0.3786328613486378,0.15657750930106407,0.0368432854162212,0.04986426993698194,False,False,P11,self,-3.862683595354478,-20.64582696042635,21.004059022905263
553,k6_supported_scene,421024,6,0.5,corner,task,4,P10,3.3528485978529474,0.6797630754197984,0.3734668764795558,0.25386899252316886,0.13576839649275257,0.14861172551690585,False,False,P00,x_neighbor,0.0,-0.0,0.0
553,k6_supported_scene,421024,6,0.5,corner,task,4,P10,3.3528485978529474,0.6797630754197984,0.3734668764795558,0.25386899252316886,0.13576839649275257,0.14861172551690585,False,False,P10,self,10.206002094148365,7.688314725301186,12.77781914338452
553,k6_supported_scene,421024,6,0.5,corner,task,4,P10,3.3528485978529474,0.6797630754197984,0.3734668764795558,0.25386899252316886,0.13576839649275257,0.14861172551690585,False,False,P01,diagonal,0.0,-0.0,0.0
553,k6_supported_scene,421024,6,0.5,corner,task,4,P10,3.3528485978529474,0.6797630754197984,0.3734668764795558,0.25386899252316886,0.13576839649275257,0.14861172551690585,False,False,P11,y_neighbor,16.112687740680872,27.3443003092413,31.738454052311077
562,k6_supported_scene,421024,6,0.5,edge,task,0,P10,3.682916326251198,0.6544164139419554,0.37693036131645175,0.24666941535855788,0.1274735692555368,0.1404360056975948,False,False,P00,x_neighbor,-9.6332293818894,1.130177992532474,9.699299491143778
562,k6_supported_scene,421024,6,0.5,edge,task,0,P10,3.682916326251198,0.6544164139419554,0.37693036131645175,0.24666941535855788,0.1274735692555368,0.1404360056975948,False,False,P10,self,11.587027682101102,-6.473487494190388,13.27272582566281
562,k6_supported_scene,421024,6,0.5,edge,task,0,P10,3.682916326251198,0.6544164139419554,0.37693036131645175,0.24666941535855788,0.1274735692555368,0.1404360056975948,False,False,P01,diagonal,-0.0,-0.0,0.0
562,k6_supported_scene,421024,6,0.5,edge,task,0,P10,3.682916326251198,0.6544164139419554,0.37693036131645175,0.24666941535855788,0.1274735692555368,0.1404360056975948,False,False,P11,y_neighbor,12.450073770913212,28.542711687057885,31.139857535828448
571,k6_supported_scene,421024,6,0.5,edge,task,3,P10,5.974055198606153,0.5026865207989534,0.29010069746243966,0.14582971028874359,0.05409181481026973,0.06406822488113827,False,False,P00,x_neighbor,9.766521477242897,27.81079048715681,29.475837719833827
571,k6_supported_scene,421024,6,0.5,edge,task,3,P10,5.974055198606153,0.5026865207989534,0.29010069746243966,0.14582971028874359,0.05409181481026973,0.06406822488113827,False,False,P10,self,-16.736098467497325,-4.297061181784599,17.278938819087426
571,k6_supported_scene,421024,6,0.5,edge,task,3,P10,5.974055198606153,0.5026865207989534,0.29010069746243966,0.14582971028874359,0.05409181481026973,0.06406822488113827,False,False,P01,diagonal,-0.0,-0.0,0.0
571,k6_supported_scene,421024,6,0.5,edge,task,3,P10,5.974055198606153,0.5026865207989534,0.29010069746243966,0.14582971028874359,0.05409181481026973,0.06406822488113827,False,False,P11,y_neighbor,11.575544285029514,47.394470344377076,48.78759109362459
574,k6_supported_scene,421024,6,0.5,edge,task,4,P11,8.57126018186782,0.3727665986251969,0.6641841349933179,0.2475856608622777,0.037552195629514895,0.060393137934096425,False,False,P00,diagonal,13.912636241973878,-10.23232647406305,17.27026207888278
574,k6_supported_scene,421024,6,0.5,edge,task,4,P11,8.57126018186782,0.3727665986251969,0.6641841349933179,0.2475856608622777,0.037552195629514895,0.060393137934096425,False,False,P10,y_neighbor,11.694086857109383,15.900155412391726,19.737441819035926
574,k6_supported_scene,421024,6,0.5,edge,task,4,P11,8.57126018186782,0.3727665986251969,0.6641841349933179,0.2475856608622777,0.037552195629514895,0.060393137934096425,False,False,P01,x_neighbor,0.0,-0.0,0.0
574,k6_supported_scene,421024,6,0.5,edge,task,4,P11,8.57126018186782,0.3727665986251969,0.6641841349933179,0.2475856608622777,0.037552195629514895,0.060393137934096425,False,False,P11,self,13.805520280750665,18.77101761094024,23.301147876712996
577,k6_supported_scene,421024,6,0.5,edge,task,5,P11,8.871984712559986,0.3600814629276691,0.4441019328151696,0.15991287365709167,0.01947551155919075,0.03474794293830896,False,False,P00,diagonal,45.92491643462187,-8.671371089735391,46.73639509100911
577,k6_supported_scene,421024,6,0.5,edge,task,5,P11,8.871984712559986,0.3600814629276691,0.4441019328151696,0.15991287365709167,0.01947551155919075,0.03474794293830896,False,False,P10,y_neighbor,11.208021084873586,7.647745964840197,13.568631286231502
577,k6_supported_scene,421024,6,0.5,edge,task,5,P11,8.871984712559986,0.3600814629276691,0.4441019328151696,0.15991287365709167,0.01947551155919075,0.03474794293830896,False,False,P01,x_neighbor,-0.0,0.0,0.0
577,k6_supported_scene,421024,6,0.5,edge,task,5,P11,8.871984712559986,0.3600814629276691,0.4441019328151696,0.15991287365709167,0.01947551155919075,0.03474794293830896,False,False,P11,self,16.890064863651308,17.221997787221348,24.122012745237605
580,k6_supported_scene,421024,6,0.5,interior,combined,-1,P11,8.310375054118115,0.3841326720866962,0.5399635004748282,0.2074176222666818,0.03666617078089507,0.05523523094227564,False,False,P00,diagonal,10.463601417895694,19.510684035208538,22.13941612044749
580,k6_supported_scene,421024,6,0.5,interior,combined,-1,P11,8.310375054118115,0.3841326720866962,0.5399635004748282,0.2074176222666818,0.03666617078089507,0.05523523094227564,False,False,P10,y_neighbor,16.419396859205776,21.967893007002598,27.425989797766828
580,k6_supported_scene,421024,6,0.5,interior,combined,-1,P11,8.310375054118115,0.3841326720866962,0.5399635004748282,0.2074176222666818,0.03666617078089507,0.05523523094227564,False,False,P01,x_neighbor,0.0,-0.0,0.0
580,k6_supported_scene,421024,6,0.5,interior,combined,-1,P11,8.310375054118115,0.3841326720866962,0.5399635004748282,0.2074176222666818,0.03666617078089507,0.05523523094227564,False,False,P11,self,19.2393227716553,11.880112407893531,22.611691921130536
583,k6_supported_scene,421024,6,0.5,interior,task,0,P10,9.566310320891468,0.33241796305189175,0.6229926581185158,0.2070939504080406,0.010086373886330685,0.03151076301361097,False,False,P00,x_neighbor,-16.779490449791577,19.57924176547491,25.785616297958903
583,k6_supported_scene,421024,6,0.5,interior,task,0,P10,9.566310320891468,0.33241796305189175,0.6229926581185158,0.2070939504080406,0.010086373886330685,0.03151076301361097,False,False,P10,self,-18.866029626926952,18.078154862333186,26.12942320661875
583,k6_supported_scene,421024,6,0.5,interior,task,0,P10,9.566310320891468,0.33241796305189175,0.6229926581185158,0.2070939504080406,0.010086373886330685,0.03151076301361097,False,False,P01,diagonal,0.0,-0.0,0.0
583,k6_supported_scene,421024,6,0.5,interior,task,0,P10,9.566310320891468,0.33241796305189175,0.6229926581185158,0.2070939504080406,0.010086373886330685,0.03151076301361097,False,False,P11,y_neighbor,16.621983989583732,11.626610662924607,20.284684549117596
586,k6_supported_scene,421024,6,0.5,interior,task,1,P11,9.210566014056022,0.34631531631281015,0.4476132967727579,0.15501534045767743,0.013467587579796297,0.02886077291454231,False,False,P00,diagonal,28.70425749806335,15.939906080477188,32.83313881385025
586,k6_supported_scene,421024,6,0.5,interior,task,1,P11,9.210566014056022,0.34631531631281015,0.4476132967727579,0.15501534045767743,0.013467587579796297,0.02886077291454231,False,False,P10,y_neighbor,36.03864206061617,11.566631046884025,37.849315388101196
586,k6_supported_scene,421024,6,0.5,interior,task,1,P11,9.210566014056022,0.34631531631281015,0.4476132967727579,0.15501534045767743,0.013467587579796297,0.02886077291454231,False,False,P01,x_neighbor,0.0,-0.0,0.0
586,k6_supported_scene,421024,6,0.5,interior,task,1,P11,9.210566014056022,0.34631531631281015,0.4476132967727579,0.15501534045767743,0.013467587579796297,0.02886077291454231,False,False,P11,self,-12.176318263315778,21.926863524307937,25.080870608158385
589,k6_supported_scene,421024,6,0.5,interior,task,2,P10,8.069747722250915,0.3949231695478358,0.5878714323043823,0.23216404933227267,0.04626277958953906,0.06647936827380688,False,False,P00,x_neighbor,-23.823147126832804,1.7845646022842572,23.8898934666199
589,k6_supported_scene,421024,6,0.5,interior,task,2,P10,8.069747722250915,0.3949231695478358,0.5878714323043823,0.23216404933227267,0.04626277958953906,0.06647936827380688,False,False,P10,self,-0.5147319422515186,21.987847922606054,21.993871992898963
589,k6_supported_scene,421024,6,0.5,interior,task,2,P10,8.069747722250915,0.3949231695478358,0.5878714323043823,0.23216404933227267,0.04626277958953906,0.06647936827380688,False,False,P01,diagonal,-0.0,0.0,0.0
589,k6_supported_scene,421024,6,0.5,interior,task,2,P10,8.069747722250915,0.3949231695478358,0.5878714323043823,0.23216404933227267,0.04626277958953906,0.06647936827380688,False,False,P11,y_neighbor,18.575938526039078,0.4348596984256231,18.58102782626671
592,k6_supported_scene,421024,6,0.5,interior,task,3,P10,6.54556280308752,0.47067578959990225,0.4804566490106842,0.22613931264162693,0.07420557985704226,0.09072823076320405,False,False,P00,x_neighbor,-2.6855552143858823,20.586412585851534,20.760842708436037
592,k6_supported_scene,421024,6,0.5,interior,task,3,P10,6.54556280308752,0.47067578959990225,0.4804566490106842,0.22613931264162693,0.07420557985704226,0.09072823076320405,False,False,P10,self,-9.208184574950412,15.992575807930148,18.45408204541064
592,k6_supported_scene,421024,6,0.5,interior,task,3,P10,6.54556280308752,0.47067578959990225,0.4804566490106842,0.22613931264162693,0.07420557985704226,0.09072823076320405,False,False,P01,diagonal,0.0,-0.0,0.0
592,k6_supported_scene,421024,6,0.5,interior,task,3,P10,6.54556280308752,0.47067578959990225,0.4804566490106842,0.22613931264162693,0.07420557985704226,0.09072823076320405,False,False,P11,y_neighbor,11.760973693814337,23.77815429748702,26.527742535347652
595,k6_supported_scene,421024,6,0.5,interior,task,4,P00,8.027154020180962,0.3968645424947779,0.2775127572801132,0.11013497345443647,0.02237773417857329,0.031921251621795835,False,False,P00,self,-8.045994801217546,20.353656809503594,21.886282869877007
595,k6_supported_scene,421024,6,0.5,interior,task,4,P00,8.027154020180962,0.3968645424947779,0.2775127572801132,0.11013497345443647,0.02237773417857329,0.031921251621795835,False,False,P10,x_neighbor,-48.09011605678136,20.84099030509081,52.41188929290366
595,k6_supported_scene,421024,6,0.5,interior,task,4,P00,8.027154020180962,0.3968645424947779,0.2775127572801132,0.11013497345443647,0.02237773417857329,0.031921251621795835,False,False,P01,y_neighbor,-0.0,0.0,0.0
595,k6_supported_scene,421024,6,0.5,interior,task,4,P00,8.027154020180962,0.3968645424947779,0.2775127572801132,0.11013497345443647,0.02237773417857329,0.031921251621795835,False,False,P11,diagonal,-53.83065943872013,-9.801480573901229,54.71570996567652
598,k6_supported_scene,421024,6,0.5,interior,task,5,P11,8.389178769375626,0.38066334673220076,0.5080373888064063,0.19339121268813486,0.0327356841728573,0.05020682218252104,False,False,P00,diagonal,10.258393139642308,22.212872325130437,24.467250085369344
598,k6_supported_scene,421024,6,0.5,interior,task,5,P11,8.389178769375626,0.38066334673220076,0.5080373888064063,0.19339121268813486,0.0327356841728573,0.05020682218252104,False,False,P10,y_neighbor,15.169662326485318,25.842079287041116,29.9655087888944
598,k6_supported_scene,421024,6,0.5,interior,task,5,P11,8.389178769375626,0.38066334673220076,0.5080373888064063,0.19339121268813486,0.0327356841728573,0.05020682218252104,False,False,P01,x_neighbor,0.0,-0.0,0.0
598,k6_supported_scene,421024,6,0.5,interior,task,5,P11,8.389178769375626,0.38066334673220076,0.5080373888064063,0.19339121268813486,0.0327356841728573,0.05020682218252104,False,False,P11,self,22.082325287394777,5.746446811130428,22.817772482244315
601,k6_supported_scene,421025,6,0.5,corner,combined,-1,P10,-6.03168169436319,2.002553302845709,0.12552909798424364,0.2513787097715899,0.21168292354592377,0.21599980305800834,False,False,P00,x_neighbor,-7.6987623619914975,7.209640872558045,10.547505080239423
601,k6_supported_scene,421025,6,0.5,corner,combined,-1,P10,-6.03168169436319,2.002553302845709,0.12552909798424364,0.2513787097715899,0.21168292354592377,0.21599980305800834,False,False,P10,self,2.417814698681246,3.601010354192595,4.337407461625132
601,k6_supported_scene,421025,6,0.5,corner,combined,-1,P10,-6.03168169436319,2.002553302845709,0.12552909798424364,0.2513787097715899,0.21168292354592377,0.21599980305800834,False,False,P01,diagonal,19.170970407330024,6.073036520840267,20.10989505050146
601,k6_supported_scene,421025,6,0.5,corner,combined,-1,P10,-6.03168169436319,2.002553302845709,0.12552909798424364,0.2513787097715899,0.21168292354592377,0.21599980305800834,False,False,P11,y_neighbor,16.350798145013428,19.801279290179174,25.67954948021194
604,k6_supported_scene,421025,6,0.5,corner,task,0,P11,5.840418801852661,0.5104803858835358,0.41534674581625974,0.21202636707975514,0.08068219352791589,0.09496574918327692,False,False,P00,diagonal,-16.844557978261793,-18.41301309658745,24.955524133508476
604,k6_supported_scene,421025,6,0.5,corner,task,0,P11,5.840418801852661,0.5104803858835358,0.41534674581625974,0.21202636707975514,0.08068219352791589,0.09496574918327692,False,False,P10,y_neighbor,-2.8217767743084337,19.649406989077182,19.850985345478993
604,k6_supported_scene,421025,6,0.5,corner,task,0,P11,5.840418801852661,0.5104803858835358,0.41534674581625974,0.21202636707975514,0.08068219352791589,0.09496574918327692,False,False,P01,x_neighbor,-12.883909083288417,14.34818364702182,19.283814125714503
604,k6_supported_scene,421025,6,0.5,corner,task,0,P11,5.840418801852661,0.5104803858835358,0.41534674581625974,0.21202636707975514,0.08068219352791589,0.09496574918327692,False,False,P11,self,10.199082935758511,13.61959336795889,17.01512903974079
607,k6_supported_scene,421025,6,0.5,corner,task,1,P10,-5.615025875788512,1.9087598613296646,0.1289328783750534,0.2461019030480014,0.20532974695333758,0.20976368067889675,False,False,P00,x_neighbor,-9.937323077891078,13.204039708347397,16.525648385887962
607,k6_supported_scene,421025,6,0.5,corner,task,1,P10,-5.615025875788512,1.9087598613296646,0.1289328783750534,0.2461019030480014,0.20532974695333758,0.20976368067889675,False,False,P10,self,-4.127206882225272,1.916659849706708,4.5505408061202335
607,k6_supported_scene,421025,6,0.5,corner,task,1,P10,-5.615025875788512,1.9087598613296646,0.1289328783750534,0.2461019030480014,0.20532974695333758,0.20976368067889675,False,False,P01,diagonal,19.667488247288805,-6.881670185126539,20.83668588077535
607,k6_supported_scene,421025,6,0.5,corner,task,1,P10,-5.615025875788512,1.9087598613296646,0.1289328783750534,0.2461019030480014,0.20532974695333758,0.20976368067889675,False,False,P11,y_neighbor,11.559838652325357,19.59733999881435,22.75270543686891
610,k6_supported_scene,421025,6,0.5,corner,task,2,P00,1.4452076328990258,0.8467196104291925,0.21971168063250132,0.18603418863189466,0.11655525469767382,0.12411102358248781,False,False,P00,self,0.9702312514887946,10.212297858375273,10.258283298366335
610,k6_supported_scene,421025,6,0.5,corner,task,2,P00,1.4452076328990258,0.8467196104291925,0.21971168063250132,0.18603418863189466,0.11655525469767382,0.12411102358248781,False,False,P10,x_neighbor,-7.995672005841152,14.83540595964466,16.852894137579224
610,k6_supported_scene,421025,6,0.5,corner,task,2,P00,1.4452076328990258,0.8467196104291925,0.21971168063250132,0.18603418863189466,0.11655525469767382,0.12411102358248781,False,False,P01,y_neighbor,16.73914776032114,25.24013725397314,30.28635990576066
610,k6_supported_scene,421025,6,0.5,corner,task,2,P00,1.4452076328990258,0.8467196104291925,0.21971168063250132,0.18603418863189466,0.11655525469767382,0.12411102358248781,False,False,P11,diagonal,-8.676564106466772,28.251265838993987,29.553625601593048
613,k6_supported_scene,421025,6,0.5,corner,task,3,P10,5.875621367530151,0.5084156747318079,0.3693438552510514,0.1877802053755105,0.07098342313742415,0.08368496363481326,False,False,P00,x_neighbor,-23.197157398239174,7.344533637648463,24.332083464291177
613,k6_supported_scene,421025,6,0.5,corner,task,3,P10,5.875621367530151,0.5084156747318079,0.3693438552510514,0.1877802053755105,0.07098342313742415,0.08368496363481326,False,False,P10,self,-16.980450341875084,1.8802060703638823,17.084228653349232
613,k6_supported_scene,421025,6,0.5,corner,task,3,P10,5.875621367530151,0.5084156747318079,0.3693438552510514,0.1877802053755105,0.07098342313742415,0.08368496363481326,False,False,P01,diagonal,-8.189305244578321,12.583236230308987,15.013412484063666
613,k6_supported_scene,421025,6,0.5,corner,task,3,P10,5.875621367530151,0.5084156747318079,0.3693438552510514,0.1877802053755105,0.07098342313742415,0.08368496363481326,False,False,P11,y_neighbor,26.902092775476923,17.50817010001671,32.09764190640002
616,k6_supported_scene,421025,6,0.5,corner,task,4,P00,3.69596172262284,0.6534342792274297,0.23399656821930312,0.1529013788960724,0.07890516687247555,0.08695218551169816,False,False,P00,self,5.504859948221233,12.09924505549585,13.292675199615427
616,k6_supported_scene,421025,6,0.5,corner,task,4,P00,3.69596172262284,0.6534342792274297,0.23399656821930312,0.1529013788960724,0.07890516687247555,0.08695218551169816,False,False,P10,x_neighbor,1.4459191387568082,-22.6005739385077,22.64677956146915
616,k6_supported_scene,421025,6,0.5,corner,task,4,P00,3.69596172262284,0.6534342792274297,0.23399656821930312,0.1529013788960724,0.07890516687247555,0.08695218551169816,False,False,P01,y_neighbor,41.979424246798054,20.62061801029377,46.77052434193044
616,k6_supported_scene,421025,6,0.5,corner,task,4,P00,3.69596172262284,0.6534342792274297,0.23399656821930312,0.1529013788960724,0.07890516687247555,0.08695218551169816,False,False,P11,diagonal,9.37936572319571,16.187175113482297,18.70821048427666
619,k6_supported_scene,421025,6,0.5,corner,task,5,P10,3.523046009368257,0.6665729712200704,0.38958016940924867,0.2596836110515413,0.13648754439479333,0.14988500106932723,False,False,P00,x_neighbor,-14.697841071332126,14.04259455797361,20.327837909570402
619,k6_supported_scene,421025,6,0.5,corner,task,5,P10,3.523046009368257,0.6665729712200704,0.38958016940924867,0.2596836110515413,0.13648754439479333,0.14988500106932723,False,False,P10,self,-0.29700616819505254,13.027280578145339,13.030665828178876
619,k6_supported_scene,421025,6,0.5,corner,task,5,P10,3.523046009368257,0.6665729712200704,0.38958016940924867,0.2596836110515413,0.13648754439479333,0.14988500106932723,False,False,P01,diagonal,-10.277076972323886,-8.833767734254318,13.551891509225662
619,k6_supported_scene,421025,6,0.5,corner,task,5,P10,3.523046009368257,0.6665729712200704,0.38958016940924867,0.2596836110515413,0.13648754439479333,0.14988500106932723,False,False,P11,y_neighbor,6.783735289344391,17.494988298944303,18.76415945509136
622,k6_supported_scene,421025,6,0.5,edge,combined,-1,P11,7.084539393045496,0.4423571286139299,0.36508579110421435,0.16149830225060532,0.04604803812522966,0.058603146041075554,False,False,P00,diagonal,23.841250965139807,17.513401275665725,29.58250279853396
622,k6_supported_scene,421025,6,0.5,edge,combined,-1,P11,7.084539393045496,0.4423571286139299,0.36508579110421435,0.16149830225060532,0.04604803812522966,0.058603146041075554,False,False,P10,y_neighbor,13.429766644021809,35.307857714640164,37.7756991796334
622,k6_supported_scene,421025,6,0.5,edge,combined,-1,P11,7.084539393045496,0.4423571286139299,0.36508579110421435,0.16149830225060532,0.04604803812522966,0.058603146041075554,False,False,P01,x_neighbor,13.275061064852975,5.359289022931119,14.31604781728831
622,k6_supported_scene,421025,6,0.5,edge,combined,-1,P11,7.084539393045496,0.4423571286139299,0.36508579110421435,0.16149830225060532,0.04604803812522966,0.058603146041075554,False,False,P11,self,19.49353850467382,2.3566067080749247,19.6354688920266
625,k6_supported_scene,421025,6,0.5,edge,task,0,P10,5.093708522081775,0.5563070630247752,0.3832320942619304,0.2131947208156883,0.0920060917812838,0.10518524149763282,False,False,P00,x_neighbor,-17.68136444072509,-0.7015760297564462,17.695277828032722
625,k6_supported_scene,421025,6,0.5,edge,task,0,P10,5.093708522081775,0.5563070630247752,0.3832320942619304,0.2131947208156883,0.0920060917812838,0.10518524149763282,False,False,P10,self,-3.6507870431229774,15.180663230946022,15.613480783144775
625,k6_supported_scene,421025,6,0.5,edge,task,0,P10,5.093708522081775,0.5563070630247752,0.3832320942619304,0.2131947208156883,0.0920060917812838,0.10518524149763282,False,False,P01,diagonal,-16.603932516962978,6.118193798988047,17.695278194756828
625,k6_supported_scene,421025,6,0.5,edge,task,0,P10,5.093708522081775,0.5563070630247752,0.3832320942619304,0.2131947208156883,0.0920060917812838,0.10518524149763282,False,False,P11,y_neighbor,24.240999218005545,14.220539624078139,28.10426640720803
628,k6_supported_scene,421025,6,0.5,edge,task,1,P00,7.713664890678729,0.41144970517519497,0.5594536973332199,0.2301870588269261,0.05327226592938178,0.07251158368725241,False,False,P00,self,4.123196128074916,20.703875893164227,21.11045293948282
628,k6_supported_scene,421025,6,0.5,edge,task,1,P00,7.713664890678729,0.41144970517519497,0.5594536973332199,0.2301870588269261,0.05327226592938178,0.07251158368725241,False,False,P10,x_neighbor,-21.29491847212857,8.8263696297424,23.051645355059616
628,k6_supported_scene,421025,6,0.5,edge,task,1,P00,7.713664890678729,0.41144970517519497,0.5594536973332199,0.2301870588269261,0.05327226592938178,0.07251158368725241,False,False,P01,y_neighbor,14.006183655854853,1.376243121190759,14.073635839048862
628,k6_supported_scene,421025,6,0.5,edge,task,1,P00,7.713664890678729,0.41144970517519497,0.5594536973332199,0.2301870588269261,0.05327226592938178,0.07251158368725241,False,False,P11,diagonal,10.008561245511777,12.189761828112319,15.772177770722232
631,k6_supported_scene,421025,6,0.5,edge,task,2,P01,4.054220147625933,0.6270309711585547,0.2944189511647466,0.1846098008763141,0.09150635367646577,0.10163126621596365,False,False,P00,y_neighbor,15.157037443065573,26.666624141081368,30.67319069044163
631,k6_supported_scene,421025,6,0.5,edge,task,2,P01,4.054220147625933,0.6270309711585547,0.2944189511647466,0.1846098008763141,0.09150635367646577,0.10163126621596365,False,False,P10,diagonal,-10.73197473081222,27.94092473623554,29.93109681817175
631,k6_supported_scene,421025,6,0.5,edge,task,2,P01,4.054220147625933,0.6270309711585547,0.2944189511647466,0.1846098008763141,0.09150635367646577,0.10163126621596365,False,False,P01,self,6.845113728720428,12.04299218016308,13.852409270974706
631,k6_supported_scene,421025,6,0.5,edge,task,2,P01,4.054220147625933,0.6270309711585547,0.2944189511647466,0.1846098008763141,0.09150635367646577,0.10163126621596365,False,False,P11,x_neighbor,-4.878170553599269,12.70042061920649,13.605044353281924
634,k6_supported_scene,421025,6,0.5,edge,task,3,P00,7.2491186710974445,0.43405430348542334,0.2818058654946183,0.12231904866537344,0.03320420936956878,0.04289536454134957,False,False,P00,self,-19.73303473409246,3.324173951799585,20.011066745146856
634,k6_supported_scene,421025,6,0.5,edge,task,3,P00,7.2491186710974445,0.43405430348542334,0.2818058654946183,0.12231904866537344,0.03320420936956878,0.04289536454134957,False,False,P10,x_neighbor,7.106853778834718,42.18786558151479,42.78227872563239
634,k6_supported_scene,421025,6,0.5,edge,task,3,P00,7.2491186710974445,0.43405430348542334,0.2818058654946183,0.12231904866537344,0.03320420936956878,0.04289536454134957,False,False,P01,y_neighbor,-0.8942967883535372,30.348444492529445,30.36161803761124
634,k6_supported_scene,421025,6,0.5,edge,task,3,P00,7.2491186710974445,0.43405430348542334,0.2818058654946183,0.12231904866537344,0.03320420936956878,0.04289536454134957,False,False,P11,diagonal,40.63577164792689,-15.445917335951677,43.472316475793086
637,k6_supported_scene,421025,6,0.5,edge,task,4,P11,6.280574458367443,0.4852564057155422,0.3132220655308804,0.15199301371031307,0.05294349966030315,0.06371504139155013,False,False,P00,diagonal,35.03964803884086,29.738824566487484,45.95840098700306
637,k6_supported_scene,421025,6,0.5,edge,task,4,P11,6.280574458367443,0.4852564057155422,0.3132220655308804,0.15199301371031307,0.05294349966030315,0.06371504139155013,False,False,P10,y_neighbor,5.044959237263454,17.677567019599124,18.38336175562208
637,k6_supported_scene,421025,6,0.5,edge,task,4,P11,6.280574458367443,0.4852564057155422,0.3132220655308804,0.15199301371031307,0.05294349966030315,0.06371504139155013,False,False,P01,x_neighbor,-2.5469204989192247,22.107314696091205,22.253542798840485
637,k6_supported_scene,421025,6,0.5,edge,task,4,P11,6.280574458367443,0.4852564057155422,0.3132220655308804,0.15199301371031307,0.05294349966030315,0.06371504139155013,False,False,P11,self,14.716589077917265,10.189074992710768,17.899587796800173
640,k6_supported_scene,421025,6,0.5,edge,task,5,P00,2.849468034981291,0.7203218658100156,0.3374347388744354,0.24306162069514875,0.13635538704441097,0.14795958984921007,False,False,P00,self,11.353616533673428,-4.061905717553056,12.05834509590735
640,k6_supported_scene,421025,6,0.5,edge,task,5,P00,2.849468034981291,0.7203218658100156,0.3374347388744354,0.24306162069514875,0.13635538704441097,0.14795958984921007,False,False,P10,x_neighbor,-16.515368395756372,-2.450460535062601,16.696171719332778
640,k6_supported_scene,421025,6,0.5,edge,task,5,P00,2.849468034981291,0.7203218658100156,0.3374347388744354,0.24306162069514875,0.13635538704441097,0.14795958984921007,False,False,P01,y_neighbor,9.120730853276282,19.286047524718995,21.33399541632147
640,k6_supported_scene,421025,6,0.5,edge,task,5,P00,2.849468034981291,0.7203218658100156,0.3374347388744354,0.24306162069514875,0.13635538704441097,0.14795958984921007,False,False,P11,diagonal,4.846398260138395,-19.3448107066671,19.942649707916313
643,k6_supported_scene,421025,6,0.5,interior,combined,-1,P10,6.032609518580364,0.49930914926137765,0.585232417280398,0.2922119003924551,0.10714516047524092,0.1272709948238841,False,False,P00,x_neighbor,-14.346809476760917,8.981158935788045,16.92607922681335
643,k6_supported_scene,421025,6,0.5,interior,combined,-1,P10,6.032609518580364,0.49930914926137765,0.585232417280398,0.2922119003924551,0.10714516047524092,0.1272709948238841,False,False,P10,self,1.8695895302827112,17.295057616730386,17.395815099550994
643,k6_supported_scene,421025,6,0.5,interior,combined,-1,P10,6.032609518580364,0.49930914926137765,0.585232417280398,0.2922119003924551,0.10714516047524092,0.1272709948238841,False,False,P01,diagonal,-0.0,0.0,0.0
643,k6_supported_scene,421025,6,0.5,interior,combined,-1,P10,6.032609518580364,0.49930914926137765,0.585232417280398,0.2922119003924551,0.10714516047524092,0.1272709948238841,False,False,P11,y_neighbor,12.550090236127177,11.702227392894937,17.159454854101728
649,k6_supported_scene,421025,6,0.5,interior,task,1,P10,0.49765138244549284,0.9443161797528753,0.2395876879993598,0.22624653024737923,0.15048225090620249,0.15872154520752832,False,False,P00,x_neighbor,-29.587463146063453,7.61117172137056,30.550743205229132
649,k6_supported_scene,421025,6,0.5,interior,task,1,P10,0.49765138244549284,0.9443161797528753,0.2395876879993598,0.22624653024737923,0.15048225090620249,0.15872154520752832,False,False,P10,self,-6.854392040915654,-6.13366660694091,9.198073510016643
649,k6_supported_scene,421025,6,0.5,interior,task,1,P10,0.49765138244549284,0.9443161797528753,0.2395876879993598,0.22624653024737923,0.15048225090620249,0.15872154520752832,False,False,P01,diagonal,-0.0,0.0,0.0
649,k6_supported_scene,421025,6,0.5,interior,task,1,P10,0.49765138244549284,0.9443161797528753,0.2395876879993598,0.22624653024737923,0.15048225090620249,0.15872154520752832,False,False,P11,y_neighbor,15.911979866714532,14.23886783000673,21.35266869407965
652,k6_supported_scene,421025,6,0.5,interior,task,2,P11,7.808528445069483,0.4069804782035088,0.5118376475646492,0.20830793056841995,0.04645065471573728,0.0640524816209441,False,False,P00,diagonal,17.18671911896882,16.889038280416504,24.096118527922755
652,k6_supported_scene,421025,6,0.5,interior,task,2,P11,7.808528445069483,0.4069804782035088,0.5118376475646492,0.20830793056841995,0.04645065471573728,0.0640524816209441,False,False,P10,y_neighbor,20.635313944971973,16.63543238274355,26.5057313079339
652,k6_supported_scene,421025,6,0.5,interior,task,2,P11,7.808528445069483,0.4069804782035088,0.5118376475646492,0.20830793056841995,0.04645065471573728,0.0640524816209441,False,False,P01,x_neighbor,0.0,-0.0,0.0
652,k6_supported_scene,421025,6,0.5,interior,task,2,P11,7.808528445069483,0.4069804782035088,0.5118376475646492,0.20830793056841995,0.04645065471573728,0.0640524816209441,False,False,P11,self,12.01169663337262,17.641198461159366,21.342275866415623
655,k6_supported_scene,421025,6,0.5,interior,task,3,P10,6.4506801260491295,0.4758455296805788,0.5695772591033837,0.27103079255206186,0.09091464833180515,0.11050211004272506,False,False,P00,x_neighbor,-16.01708329498639,10.203691429800022,18.991110448657455
655,k6_supported_scene,421025,6,0.5,interior,task,3,P10,6.4506801260491295,0.4758455296805788,0.5695772591033837,0.27103079255206186,0.09091464833180515,0.11050211004272506,False,False,P10,self,-3.9510495275883093,17.820852644148957,18.25359091614378
655,k6_supported_scene,421025,6,0.5,interior,task,3,P10,6.4506801260491295,0.4758455296805788,0.5695772591033837,0.27103079255206186,0.09091464833180515,0.11050211004272506,False,False,P01,diagonal,0.0,-0.0,0.0
655,k6_supported_scene,421025,6,0.5,interior,task,3,P10,6.4506801260491295,0.4758455296805788,0.5695772591033837,0.27103079255206186,0.09091464833180515,0.11050211004272506,False,False,P11,y_neighbor,14.952319520490558,10.470039192205022,18.253590872186006
658,k6_supported_scene,421025,6,0.5,interior,task,4,P10,7.043072668686252,0.4444740051727075,0.6461918814637192,0.2872154936642668,0.08287167857077751,0.10509387676036586,False,False,P00,x_neighbor,-12.077287103983595,8.597540901001365,14.824930803765657
658,k6_supported_scene,421025,6,0.5,interior,task,4,P10,7.043072668686252,0.4444740051727075,0.6461918814637192,0.2872154936642668,0.08287167857077751,0.10509387676036586,False,False,P10,self,2.4902566173907648,19.382634154332944,19.541951918402944
658,k6_supported_scene,421025,6,0.5,interior,task,4,P10,7.043072668686252,0.4444740051727075,0.6461918814637192,0.2872154936642668,0.08287167857077751,0.10509387676036586,False,False,P01,diagonal,-0.0,0.0,0.0
658,k6_supported_scene,421025,6,0.5,interior,task,4,P10,7.043072668686252,0.4444740051727075,0.6461918814637192,0.2872154936642668,0.08287167857077751,0.10509387676036586,False,False,P11,y_neighbor,12.872645913996143,12.13218683759394,17.688837448781342
661,k6_supported_scene,421025,6,0.5,interior,task,5,P10,8.24599617833298,0.3869903994604638,0.7019280638267084,0.2716394218128078,0.049670278284363406,0.07380921440633773,False,False,P00,x_neighbor,-5.13759528407377,10.574801784393411,11.756756273826005
661,k6_supported_scene,421025,6,0.5,interior,task,5,P10,8.24599617833298,0.3869903994604638,0.7019280638267084,0.2716394218128078,0.049670278284363406,0.07380921440633773,False,False,P10,self,14.898106983948098,16.787247773217647,22.444716070927782
661,k6_supported_scene,421025,6,0.5,interior,task,5,P10,8.24599617833298,0.3869903994604638,0.7019280638267084,0.2716394218128078,0.049670278284363406,0.07380921440633773,False,False,P01,diagonal,-0.0,0.0,0.0
661,k6_supported_scene,421025,6,0.5,interior,task,5,P10,8.24599617833298,0.3869903994604638,0.7019280638267084,0.2716394218128078,0.049670278284363406,0.07380921440633773,False,False,P11,y_neighbor,4.541211224414196,18.96952787941934,19.505527097538614
664,k6_supported_scene,421026,6,0.5,corner,combined,-1,P10,-2.5016066836765765,1.333768124831449,0.17914309630570752,0.23893535163616317,0.18228533049407003,0.18844596714797612,False,False,P00,x_neighbor,-15.002876798249952,8.622788415343818,17.304299820543285
664,k6_supported_scene,421026,6,0.5,corner,combined,-1,P10,-2.5016066836765765,1.333768124831449,0.17914309630570752,0.23893535163616317,0.18228533049407003,0.18844596714797612,False,False,P10,self,3.8961413606212383,5.218242096298856,6.512293611127265
664,k6_supported_scene,421026,6,0.5,corner,combined,-1,P10,-2.5016066836765765,1.333768124831449,0.17914309630570752,0.23893535163616317,0.18228533049407003,0.18844596714797612,False,False,P01,diagonal,-2.431237020432572,18.00470552147206,18.16811312064212
664,k6_supported_scene,421026,6,0.5,corner,combined,-1,P10,-2.5016066836765765,1.333768124831449,0.17914309630570752,0.23893535163616317,0.18228533049407003,0.18844596714797612,False,False,P11,y_neighbor,16.083466014511636,19.771062281654654,25.48671777191049
667,k6_supported_scene,421026,6,0.5,corner,task,0,P10,4.6654634569419215,0.5844223646634841,0.363343298187291,0.212345949511246,0.09744671002828915,0.10994189453120683,False,False,P00,x_neighbor,-8.576065462668971,9.197973538124185,12.575834605624243
667,k6_supported_scene,421026,6,0.5,corner,task,0,P10,4.6654634569419215,0.5844223646634841,0.363343298187291,0.212345949511246,0.09744671002828915,0.10994189453120683,False,False,P10,self,-13.523738716179972,6.16424641857845,14.862349840198972
667,k6_supported_scene,421026,6,0.5,corner,task,0,P10,4.6654634569419215,0.5844223646634841,0.363343298187291,0.212345949511246,0.09744671002828915,0.10994189453120683,False,False,P01,diagonal,20.643376637504275,-14.86326195359069,25.43748326582081
667,k6_supported_scene,421026,6,0.5,corner,task,0,P10,4.6654634569419215,0.5844223646634841,0.363343298187291,0.212345949511246,0.09744671002828915,0.10994189453120683,False,False,P11,y_neighbor,18.604991615940015,17.347041300167465,25.437483265820813
670,k6_supported_scene,421026,6,0.5,corner,task,1,P10,7.7371940383211175,0.41033664012195165,0.3736420879791853,0.15331903898952956,0.03516303621800497,0.04801239067327484,False,False,P00,x_neighbor,16.283744529134633,17.669040328164986,24.028219285008255
670,k6_supported_scene,421026,6,0.5,corner,task,1,P10,7.7371940383211175,0.41033664012195165,0.3736420879791853,0.15331903898952956,0.03516303621800497,0.04801239067327484,False,False,P10,self,15.801820811856322,14.084554582966382,21.167716427866633
670,k6_supported_scene,421026,6,0.5,corner,task,1,P10,7.7371940383211175,0.41033664012195165,0.3736420879791853,0.15331903898952956,0.03516303621800497,0.04801239067327484,False,False,P01,diagonal,15.50565282900597,25.3887945631584,29.749221149870834
670,k6_supported_scene,421026,6,0.5,corner,task,1,P10,7.7371940383211175,0.41033664012195165,0.3736420879791853,0.15331903898952956,0.03516303621800497,0.04801239067327484,False,False,P11,y_neighbor,9.047778198225092,34.88820949491303,36.042328616298036
673,k6_supported_scene,421026,6,0.5,corner,task,2,P10,8.450664773073951,0.3779782076974555,0.4735225517160947,0.17898120540197512,0.0292402267142019,0.04552441766943205,False,False,P00,x_neighbor,-23.927392797471512,11.639581149144277,26.608268929263442
673,k6_supported_scene,421026,6,0.5,corner,task,2,P10,8.450664773073951,0.3779782076974555,0.4735225517160947,0.17898120540197512,0.0292402267142019,0.04552441766943205,False,False,P10,self,-13.485869207665093,18.60660376625823,22.979868842114495
673,k6_supported_scene,421026,6,0.5,corner,task,2,P10,8.450664773073951,0.3779782076974555,0.4735225517160947,0.17898120540197512,0.0292402267142019,0.04552441766943205,False,False,P01,diagonal,-2.958045958273262,21.568503143642715,21.770401092965248
673,k6_supported_scene,421026,6,0.5,corner,task,2,P10,8.450664773073951,0.3779782076974555,0.4735225517160947,0.17898120540197512,0.0292402267142019,0.04552441766943205,False,False,P11,y_neighbor,24.70382289179449,5.90086602120401,25.39880086282322
676,k6_supported_scene,421026,6,0.5,corner,task,3,P10,7.4232840795614,0.42543752750073255,0.46076178718743716,0.196025355507842,0.050319684879633036,0.06616503986904426,False,False,P00,x_neighbor,-11.621496879687689,23.240767810546984,25.98446609319398
676,k6_supported_scene,421026,6,0.5,corner,task,3,P10,7.4232840795614,0.42543752750073255,0.46076178718743716,0.196025355507842,0.050319684879633036,0.06616503986904426,False,False,P10,self,0.5550105318903065,20.408823952087044,20.41636921192872
676,k6_supported_scene,421026,6,0.5,corner,task,3,P10,7.4232840795614,0.42543752750073255,0.46076178718743716,0.196025355507842,0.050319684879633036,0.06616503986904426,False,False,P01,diagonal,-3.9059287353019916,22.869260684075467,23.200417313519548
676,k6_supported_scene,421026,6,0.5,corner,task,3,P10,7.4232840795614,0.42543752750073255,0.46076178718743716,0.196025355507842,0.050319684879633036,0.06616503986904426,False,False,P11,y_neighbor,9.03784157621556,15.85611128707348,18.250995740091266
679,k6_supported_scene,421026,6,0.5,corner,task,4,P00,6.359991501704644,0.48083981890433614,0.5066905952532857,0.24363701406212016,0.08340737906343176,0.10083220155271153,False,False,P00,self,7.194244999658092,16.569576668496072,18.06399823096412
679,k6_supported_scene,421026,6,0.5,corner,task,4,P00,6.359991501704644,0.48083981890433614,0.5066905952532857,0.24363701406212016,0.08340737906343176,0.10083220155271153,False,False,P10,x_neighbor,-11.218139542056488,9.52873582610017,14.718813173237042
679,k6_supported_scene,421026,6,0.5,corner,task,4,P00,6.359991501704644,0.48083981890433614,0.5066905952532857,0.24363701406212016,0.08340737906343176,0.10083220155271153,False,False,P01,y_neighbor,6.048046463462151,18.787071940003933,19.736588816284346
679,k6_supported_scene,421026,6,0.5,corner,task,4,P00,6.359991501704644,0.48083981890433614,0.5066905952532857,0.24363701406212016,0.08340737906343176,0.10083220155271153,False,False,P11,diagonal,-16.370500053426085,-8.397149988578995,18.398516242619014
682,k6_supported_scene,421026,6,0.5,corner,task,5,P10,6.4808563794414775,0.47419522999590996,0.47811163349760927,0.22671825601011902,0.07552608224250887,0.09196808930125622,False,False,P00,x_neighbor,-17.482128289742807,-2.139937593710965,17.61261316341227
682,k6_supported_scene,421026,6,0.5,corner,task,5,P10,6.4808563794414775,0.47419522999590996,0.47811163349760927,0.22671825601011902,0.07552608224250887,0.09196808930125622,False,False,P10,self,9.813804456977653,15.466286796378915,18.317117272858173
682,k6_supported_scene,421026,6,0.5,corner,task,5,P10,6.4808563794414775,0.47419522999590996,0.47811163349760927,0.22671825601011902,0.07552608224250887,0.09196808930125622,False,False,P01,diagonal,-20.07448001793232,-6.6112969153068954,21.135136500451342
682,k6_supported_scene,421026,6,0.5,corner,task,5,P10,6.4808563794414775,0.47419522999590996,0.47811163349760927,0.22671825601011902,0.07552608224250887,0.09196808930125622,False,False,P11,y_neighbor,13.371936674815828,14.01921302702769,19.373874788809477
685,k6_supported_scene,421026,6,0.5,edge,combined,-1,P10,5.225695222110712,0.5479175848530663,0.4636372710661706,0.25403501381044263,0.10742003533904437,0.12336427670335004,False,False,P00,x_neighbor,-0.0,0.0,0.0
685,k6_supported_scene,421026,6,0.5,edge,combined,-1,P10,5.225695222110712,0.5479175848530663,0.4636372710661706,0.25403501381044263,0.10742003533904437,0.12336427670335004,False,False,P10,self,13.46600375319122,8.364807877956526,15.852547679035178
685,k6_supported_scene,421026,6,0.5,edge,combined,-1,P10,5.225695222110712,0.5479175848530663,0.4636372710661706,0.25403501381044263,0.10742003533904437,0.12336427670335004,False,False,P01,diagonal,-0.0,0.0,0.0
685,k6_supported_scene,421026,6,0.5,edge,combined,-1,P10,5.225695222110712,0.5479175848530663,0.4636372710661706,0.25403501381044263,0.10742003533904437,0.12336427670335004,False,False,P11,y_neighbor,14.136816102304957,26.794023603072006,30.294706969244125
691,k6_supported_scene,421026,6,0.5,edge,task,1,P11,8.45041513766582,0.3779890710751877,0.6079809765091543,0.22981016454208072,0.03754969855985524,0.05845784386939121,False,False,P00,diagonal,-0.0,0.0,0.0
691,k6_supported_scene,421026,6,0.5,edge,task,1,P11,8.45041513766582,0.3779890710751877,0.6079809765091543,0.22981016454208072,0.03754969855985524,0.05845784386939121,False,False,P10,y_neighbor,23.85711677193593,18.20237892268537,30.008142546895627
691,k6_supported_scene,421026,6,0.5,edge,task,1,P11,8.45041513766582,0.3779890710751877,0.6079809765091543,0.22981016454208072,0.03754969855985524,0.05845784386939121,False,False,P01,x_neighbor,-0.0,0.0,0.0
691,k6_supported_scene,421026,6,0.5,edge,task,1,P11,8.45041513766582,0.3779890710751877,0.6079809765091543,0.22981016454208072,0.03754969855985524,0.05845784386939121,False,False,P11,self,-1.4399614836510155,22.93404739086356,22.97920840239659
697,k6_supported_scene,421026,6,0.5,edge,task,3,P10,3.237538933992756,0.6888474472103608,0.37139065337950883,0.25583150349826267,0.13838746686052678,0.15115939566666659,False,False,P00,x_neighbor,-0.0,0.0,0.0
697,k6_supported_scene,421026,6,0.5,edge,task,3,P10,3.237538933992756,0.6888474472103608,0.37139065337950883,0.25583150349826267,0.13838746686052678,0.15115939566666659,False,False,P10,self,7.222329822504544,10.335985709305715,12.609308016223986
697,k6_supported_scene,421026,6,0.5,edge,task,3,P10,3.237538933992756,0.6888474472103608,0.37139065337950883,0.25583150349826267,0.13838746686052678,0.15115939566666659,False,False,P01,diagonal,-0.0,0.0,0.0
697,k6_supported_scene,421026,6,0.5,edge,task,3,P10,3.237538933992756,0.6888474472103608,0.37139065337950883,0.25583150349826267,0.13838746686052678,0.15115939566666659,False,False,P11,y_neighbor,18.055825785688263,25.839966032715775,31.523272186989573
700,k6_supported_scene,421026,6,0.5,edge,task,4,P10,5.222051885372435,0.5481474596357298,0.4443898044399165,0.24359114239175897,0.1030627472930647,0.11834507842561806,False,False,P00,x_neighbor,-0.0,0.0,0.0
700,k6_supported_scene,421026,6,0.5,edge,task,4,P10,5.222051885372435,0.5481474596357298,0.4443898044399165,0.24359114239175897,0.1030627472930647,0.11834507842561806,False,False,P10,self,15.260300594657497,4.267992670640376,15.845899648677065
700,k6_supported_scene,421026,6,0.5,edge,task,4,P10,5.222051885372435,0.5481474596357298,0.4443898044399165,0.24359114239175897,0.1030627472930647,0.11834507842561806,False,False,P01,diagonal,-0.0,0.0,0.0
700,k6_supported_scene,421026,6,0.5,edge,task,4,P10,5.222051885372435,0.5481474596357298,0.4443898044399165,0.24359114239175897,0.1030627472930647,0.11834507842561806,False,False,P11,y_neighbor,12.864959623852352,29.23813997237594,31.94332504871086
703,k6_supported_scene,421026,6,0.5,edge,task,5,P10,5.541245068402649,0.5283695078550269,0.43516864192160065,0.22992984116605653,0.09231743369060746,0.10728265390471929,False,False,P00,x_neighbor,0.0,-0.0,0.0
703,k6_supported_scene,421026,6,0.5,edge,task,5,P10,5.541245068402649,0.5283695078550269,0.43516864192160065,0.22992984116605653,0.09231743369060746,0.10728265390471929,False,False,P10,self,-4.003914635449313,15.943990665712235,16.439044094967446
703,k6_supported_scene,421026,6,0.5,edge,task,5,P10,5.541245068402649,0.5283695078550269,0.43516864192160065,0.22992984116605653,0.09231743369060746,0.10728265390471929,False,False,P01,diagonal,0.0,-0.0,0.0
703,k6_supported_scene,421026,6,0.5,edge,task,5,P10,5.541245068402649,0.5283695078550269,0.43516864192160065,0.22992984116605653,0.09231743369060746,0.10728265390471929,False,False,P11,y_neighbor,25.187405950153728,22.856034340487525,34.01181742088159
706,k6_supported_scene,421026,6,0.5,interior,combined,-1,P10,8.061038137115258,0.39531936869235224,0.6678749236658011,0.2640238931890175,0.052823298099515026,0.07579116468109309,False,False,P00,x_neighbor,-5.219655763798268,15.324542570611026,16.189083089879492
706,k6_supported_scene,421026,6,0.5,interior,combined,-1,P10,8.061038137115258,0.39531936869235224,0.6678749236658011,0.2640238931890175,0.052823298099515026,0.07579116468109309,False,False,P10,self,6.591064152021997,20.959941569419858,21.971829173957364
706,k6_supported_scene,421026,6,0.5,interior,combined,-1,P10,8.061038137115258,0.39531936869235224,0.6678749236658011,0.2640238931890175,0.052823298099515026,0.07579116468109309,False,False,P01,diagonal,0.0,-0.0,0.0
706,k6_supported_scene,421026,6,0.5,interior,combined,-1,P10,8.061038137115258,0.39531936869235224,0.6678749236658011,0.2640238931890175,0.052823298099515026,0.07579116468109309,False,False,P11,y_neighbor,6.057631872915283,17.34196281470389,18.36950130445385
709,k6_supported_scene,421026,6,0.5,interior,task,0,P00,7.057319271024708,0.44374557614271654,0.4800830767105564,0.21303474147129386,0.06121914262062439,0.07772894657229831,False,False,P00,self,4.634251417204664,19.017528786477385,19.574030942612698
709,k6_supported_scene,421026,6,0.5,interior,task,0,P00,7.057319271024708,0.44374557614271654,0.4800830767105564,0.21303474147129386,0.06121914262062439,0.07772894657229831,False,False,P10,x_neighbor,-23.756610188721115,21.255864430939916,31.87770851810626
709,k6_supported_scene,421026,6,0.5,interior,task,0,P00,7.057319271024708,0.44374557614271654,0.4800830767105564,0.21303474147129386,0.06121914262062439,0.07772894657229831,False,False,P01,y_neighbor,0.0,-0.0,0.0
709,k6_supported_scene,421026,6,0.5,interior,task,0,P00,7.057319271024708,0.44374557614271654,0.4800830767105564,0.21303474147129386,0.06121914262062439,0.07772894657229831,False,False,P11,diagonal,16.20371755051319,-0.6919148662239458,16.21848354929988
715,k6_supported_scene,421026,6,0.5,interior,task,2,P10,4.579556362736712,0.5902312258321877,0.4996382076712106,0.29490207178637584,0.13690259755785197,0.1540848921555654,False,False,P00,x_neighbor,-16.043019298504756,4.204374394630821,16.58478918353873
715,k6_supported_scene,421026,6,0.5,interior,task,2,P10,4.579556362736712,0.5902312258321877,0.4996382076712106,0.29490207178637584,0.13690259755785197,0.1540848921555654,False,False,P10,self,2.3173693714186836,14.532473802287187,14.716079492098189
715,k6_supported_scene,421026,6,0.5,interior,task,2,P10,4.579556362736712,0.5902312258321877,0.4996382076712106,0.29490207178637584,0.13690259755785197,0.1540848921555654,False,False,P01,diagonal,-0.0,0.0,0.0
715,k6_supported_scene,421026,6,0.5,interior,task,2,P10,4.579556362736712,0.5902312258321877,0.4996382076712106,0.29490207178637584,0.13690259755785197,0.1540848921555654,False,False,P11,y_neighbor,15.697063481004365,11.379409695252681,19.387851013949213
718,k6_supported_scene,421026,6,0.5,interior,task,3,P10,6.641295054224572,0.46551668045020783,0.5850400388826829,0.272345896831127,0.08733999230485218,0.1074592108618024,False,False,P00,x_neighbor,-11.84650447264322,16.839210850837556,20.588800118008848
718,k6_supported_scene,421026,6,0.5,interior,task,3,P10,6.641295054224572,0.46551668045020783,0.5850400388826829,0.272345896831127,0.08733999230485218,0.1074592108618024,False,False,P10,self,1.3822220137396104,18.607332549805765,18.658600223873375
718,k6_supported_scene,421026,6,0.5,interior,task,3,P10,6.641295054224572,0.46551668045020783,0.5850400388826829,0.272345896831127,0.08733999230485218,0.1074592108618024,False,False,P01,diagonal,0.0,-0.0,0.0
718,k6_supported_scene,421026,6,0.5,interior,task,3,P10,6.641295054224572,0.46551668045020783,0.5850400388826829,0.272345896831127,0.08733999230485218,0.1074592108618024,False,False,P11,y_neighbor,7.046367225988898,13.9807431457496,15.656068152346387
721,k6_supported_scene,421026,6,0.5,interior,task,4,P11,8.832573031711272,0.36171902239148446,0.6710409733880502,0.24272828487855566,0.03052649695828813,0.053603242320959116,False,False,P00,diagonal,13.48089007272935,3.9991189703166716,14.061555735115492
721,k6_supported_scene,421026,6,0.5,interior,task,4,P11,8.832573031711272,0.36171902239148446,0.6710409733880502,0.24272828487855566,0.03052649695828813,0.053603242320959116,False,False,P10,y_neighbor,16.00625910830904,15.810808738440286,22.498488918277733
721,k6_supported_scene,421026,6,0.5,interior,task,4,P11,8.832573031711272,0.36171902239148446,0.6710409733880502,0.24272828487855566,0.03052649695828813,0.053603242320959116,False,False,P01,x_neighbor,0.0,-0.0,0.0
721,k6_supported_scene,421026,6,0.5,interior,task,4,P11,8.832573031711272,0.36171902239148446,0.6710409733880502,0.24272828487855566,0.03052649695828813,0.053603242320959116,False,False,P11,self,13.463196626075117,19.883594032822362,24.01280856239956
724,k6_supported_scene,421026,6,0.5,interior,task,5,P11,7.747924755100032,0.409830015277638,0.5237961671722776,0.21466739119458278,0.049028499401511244,0.06704157349257381,False,False,P00,diagonal,-0.41999425363530757,-25.280442891742894,25.283931418506903
724,k6_supported_scene,421026,6,0.5,interior,task,5,P11,7.747924755100032,0.409830015277638,0.5237961671722776,0.21466739119458278,0.049028499401511244,0.06704157349257381,False,False,P10,y_neighbor,4.950960365158356,22.895636345212477,23.424819576457434
724,k6_supported_scene,421026,6,0.5,interior,task,5,P11,7.747924755100032,0.409830015277638,0.5237961671722776,0.21466739119458278,0.049028499401511244,0.06704157349257381,False,False,P01,x_neighbor,-0.0,0.0,0.0
724,k6_supported_scene,421026,6,0.5,interior,task,5,P11,7.747924755100032,0.409830015277638,0.5237961671722776,0.21466739119458278,0.049028499401511244,0.06704157349257381,False,False,P11,self,16.604173080514414,13.171261830437132,21.19388359630225
748,k6_supported_scene,421027,6,0.699999988079071,edge,combined,-1,P00,2.634290727602952,0.7383894171748867,0.18832729599757392,0.13905888232977096,0.07950456223646638,0.08598103867669588,False,False,P00,self,-4.86665628483559,10.709373157623725,11.763291071122968
748,k6_supported_scene,421027,6,0.699999988079071,edge,combined,-1,P00,2.634290727602952,0.7383894171748867,0.18832729599757392,0.13905888232977096,0.07950456223646638,0.08598103867669588,False,False,P10,x_neighbor,-0.0,-0.0,0.0
748,k6_supported_scene,421027,6,0.699999988079071,edge,combined,-1,P00,2.634290727602952,0.7383894171748867,0.18832729599757392,0.13905888232977096,0.07950456223646638,0.08598103867669588,False,False,P01,y_neighbor,37.18893047244182,21.313705343927413,42.86362776494626
748,k6_supported_scene,421027,6,0.699999988079071,edge,combined,-1,P00,2.634290727602952,0.7383894171748867,0.18832729599757392,0.13905888232977096,0.07950456223646638,0.08598103867669588,False,False,P11,diagonal,20.665995274398412,38.71365340721008,43.88428330068803
751,k6_supported_scene,421027,6,0.699999988079071,edge,task,0,P01,6.409923264487571,0.4780835897610596,0.4962916617972592,0.23726889924051534,0.08032769573758397,0.09739490438668871,False,False,P00,y_neighbor,12.819250935786668,10.150502138205443,16.35132680281269
751,k6_supported_scene,421027,6,0.699999988079071,edge,task,0,P01,6.409923264487571,0.4780835897610596,0.4962916617972592,0.23726889924051534,0.08032769573758397,0.09739490438668871,False,False,P10,diagonal,-0.0,-0.0,0.0
751,k6_supported_scene,421027,6,0.699999988079071,edge,task,0,P01,6.409923264487571,0.4780835897610596,0.4962916617972592,0.23726889924051534,0.08032769573758397,0.09739490438668871,False,False,P01,self,18.165360723300083,-0.3177805351614579,18.168140099529747
751,k6_supported_scene,421027,6,0.699999988079071,edge,task,0,P01,6.409923264487571,0.4780835897610596,0.4962916617972592,0.23726889924051534,0.08032769573758397,0.09739490438668871,False,False,P11,x_neighbor,-26.213120438771035,-7.453543321795011,27.252210757797076
754,k6_supported_scene,421027,6,0.699999988079071,edge,task,1,P00,0.5504793345816448,0.9385902387340628,0.1216599374111,0.11418882969905549,0.075716579477795,0.07990040059724088,False,False,P00,self,-7.037287282750231,6.009705963289609,9.254187055876752
754,k6_supported_scene,421027,6,0.699999988079071,edge,task,1,P00,0.5504793345816448,0.9385902387340628,0.1216599374111,0.11418882969905549,0.075716579477795,0.07990040059724088,False,False,P10,x_neighbor,-0.0,-0.0,0.0
754,k6_supported_scene,421027,6,0.699999988079071,edge,task,1,P00,0.5504793345816448,0.9385902387340628,0.1216599374111,0.11418882969905549,0.075716579477795,0.07990040059724088,False,False,P01,y_neighbor,42.68004031021058,27.3247585726435,50.67769008088722
754,k6_supported_scene,421027,6,0.699999988079071,edge,task,1,P00,0.5504793345816448,0.9385902387340628,0.1216599374111,0.11418882969905549,0.075716579477795,0.07990040059724088,False,False,P11,diagonal,11.990815112831605,54.66618032553678,55.965801329510285
757,k6_supported_scene,421027,6,0.699999988079071,edge,task,2,P01,2.5403193266492448,0.7464213165924394,0.3987182159993255,0.2976117757356052,0.17152600501991946,0.18523771429993396,False,False,P00,y_neighbor,11.604751112503157,20.810620729755293,23.82755093459804
757,k6_supported_scene,421027,6,0.699999988079071,edge,task,2,P01,2.5403193266492448,0.7464213165924394,0.3987182159993255,0.2976117757356052,0.17152600501991946,0.18523771429993396,False,False,P10,diagonal,0.0,-0.0,0.0
757,k6_supported_scene,421027,6,0.699999988079071,edge,task,2,P01,2.5403193266492448,0.7464213165924394,0.3987182159993255,0.2976117757356052,0.17152600501991946,0.18523771429993396,False,False,P01,self,3.5757724589644653,11.073703516878618,11.636711660001664
757,k6_supported_scene,421027,6,0.699999988079071,edge,task,2,P01,2.5403193266492448,0.7464213165924394,0.3987182159993255,0.2976117757356052,0.17152600501991946,0.18523771429993396,False,False,P11,x_neighbor,-7.5647057129639945,9.559907139364157,12.19084070263474
760,k6_supported_scene,421027,6,0.699999988079071,edge,task,3,P11,7.210429005211187,0.43599202936438297,0.40721080557178707,0.17754066550034864,0.048769302156465466,0.06277306711535136,False,False,P00,diagonal,8.126401426137898,-25.78702243923186,27.037176746476014
760,k6_supported_scene,421027,6,0.699999988079071,edge,task,3,P11,7.210429005211187,0.43599202936438297,0.40721080557178707,0.17754066550034864,0.048769302156465466,0.06277306711535136,False,False,P10,y_neighbor,0.0,-0.0,0.0
760,k6_supported_scene,421027,6,0.699999988079071,edge,task,3,P11,7.210429005211187,0.43599202936438297,0.40721080557178707,0.17754066550034864,0.048769302156465466,0.06277306711535136,False,False,P01,x_neighbor,-27.741260868579733,22.27149850582295,35.57523296161906
760,k6_supported_scene,421027,6,0.699999988079071,edge,task,3,P11,7.210429005211187,0.43599202936438297,0.40721080557178707,0.17754066550034864,0.048769302156465466,0.06277306711535136,False,False,P11,self,-9.579723218887516,17.46768856915571,19.92212942683351
769,k6_supported_scene,421027,6,0.699999988079071,interior,combined,-1,P10,3.4419490411824123,0.6728256628776705,0.36876700260472434,0.24811590297493533,0.1315015375605179,0.1441832403994644,False,False,P00,x_neighbor,-11.795579473962201,13.468287883094797,17.90336486888642
769,k6_supported_scene,421027,6,0.699999988079071,interior,combined,-1,P10,3.4419490411824123,0.6728256628776705,0.36876700260472434,0.24811590297493533,0.1315015375605179,0.1441832403994644,False,False,P10,self,-3.583197980865206,12.402325435392836,12.909569472893688
769,k6_supported_scene,421027,6,0.699999988079071,interior,combined,-1,P10,3.4419490411824123,0.6728256628776705,0.36876700260472434,0.24811590297493533,0.1315015375605179,0.1441832403994644,False,False,P01,diagonal,8.379710708953448,12.522939693036275,15.067965029199284
769,k6_supported_scene,421027,6,0.699999988079071,interior,combined,-1,P10,3.4419490411824123,0.6728256628776705,0.36876700260472434,0.24811590297493533,0.1315015375605179,0.1441832403994644,False,False,P11,y_neighbor,16.383412685303636,15.584286105866262,22.611638256580708
772,k6_supported_scene,421027,6,0.699999988079071,interior,task,0,P11,7.535529333754317,0.4199750914284654,0.584825327282615,0.24561207029519846,0.06067406353855101,0.08078589827675145,False,False,P00,diagonal,-9.57129774025747,-12.98569514535289,16.131894459135893
772,k6_supported_scene,421027,6,0.699999988079071,interior,task,0,P11,7.535529333754317,0.4199750914284654,0.584825327282615,0.24561207029519846,0.06067406353855101,0.08078589827675145,False,False,P10,y_neighbor,-0.8285643677407288,15.90350524508439,15.925074505066414
772,k6_supported_scene,421027,6,0.699999988079071,interior,task,0,P11,7.535529333754317,0.4199750914284654,0.584825327282615,0.24561207029519846,0.06067406353855101,0.08078589827675145,False,False,P01,x_neighbor,-15.914011892684513,7.469107497615711,17.579628589121086
772,k6_supported_scene,421027,6,0.699999988079071,interior,task,0,P11,7.535529333754317,0.4199750914284654,0.584825327282615,0.24561207029519846,0.06067406353855101,0.08078589827675145,False,False,P11,self,17.707867364834378,10.685180869417762,20.681916178699154
775,k6_supported_scene,421027,6,0.699999988079071,interior,task,1,P10,9.5436394966406,0.3332867321826104,0.5153935038324948,0.1717738166804779,0.008792080343937442,0.026516191271869466,False,False,P00,x_neighbor,-13.916340479651952,13.486222863781679,19.378925137302822
775,k6_supported_scene,421027,6,0.699999988079071,interior,task,1,P10,9.5436394966406,0.3332867321826104,0.5153935038324948,0.1717738166804779,0.008792080343937442,0.026516191271869466,False,False,P10,self,-26.05810257702672,-0.40901445633259875,26.061312375633268
775,k6_supported_scene,421027,6,0.699999988079071,interior,task,1,P10,9.5436394966406,0.3332867321826104,0.5153935038324948,0.1717738166804779,0.008792080343937442,0.026516191271869466,False,False,P01,diagonal,20.92580628308231,-16.63068052145207,26.729551122375632
775,k6_supported_scene,421027,6,0.699999988079071,interior,task,1,P10,9.5436394966406,0.3332867321826104,0.5153935038324948,0.1717738166804779,0.008792080343937442,0.026516191271869466,False,False,P11,y_neighbor,21.413224894351337,18.143200886963562,28.066028197819215
778,k6_supported_scene,421027,6,0.699999988079071,interior,task,2,P11,7.134929911939331,0.43979825756952273,0.4941376398833503,0.21732087302021383,0.06106083105506921,0.07805396402596024,False,False,P00,diagonal,3.7168456394511007,17.121104987554173,17.519908033501746
778,k6_supported_scene,421027,6,0.699999988079071,interior,task,2,P11,7.134929911939331,0.43979825756952273,0.4941376398833503,0.21732087302021383,0.06106083105506921,0.07805396402596024,False,False,P10,y_neighbor,14.23411792304847,11.272372811995876,18.156995948115245
778,k6_supported_scene,421027,6,0.699999988079071,interior,task,2,P11,7.134929911939331,0.43979825756952273,0.4941376398833503,0.21732087302021383,0.06106083105506921,0.07805396402596024,False,False,P01,x_neighbor,-14.83206903724522,18.729100051061433,23.89078191789205
778,k6_supported_scene,421027,6,0.699999988079071,interior,task,2,P11,7.134929911939331,0.43979825756952273,0.4941376398833503,0.21732087302021383,0.06106083105506921,0.07805396402596024,False,False,P11,self,-5.402868785728232,18.996320617435405,19.749713621118605
781,k6_supported_scene,421027,6,0.699999988079071,interior,task,3,P10,6.129043905641027,0.4937962696016481,0.4880158172369336,0.24098039005819746,0.08665623839248049,0.10343884510943277,False,False,P00,x_neighbor,-13.224962435071035,8.42891817285534,15.682674930436166
781,k6_supported_scene,421027,6,0.699999988079071,interior,task,3,P10,6.129043905641027,0.4937962696016481,0.4880158172369336,0.24098039005819746,0.08665623839248049,0.10343884510943277,False,False,P10,self,3.057911546811735,17.322188700226206,17.590026844617636
781,k6_supported_scene,421027,6,0.699999988079071,interior,task,3,P10,6.129043905641027,0.4937962696016481,0.4880158172369336,0.24098039005819746,0.08665623839248049,0.10343884510943277,False,False,P01,diagonal,2.984226879976848,16.904787163887782,17.16617135902824
781,k6_supported_scene,421027,6,0.699999988079071,interior,task,3,P10,6.129043905641027,0.4937962696016481,0.4880158172369336,0.24098039005819746,0.08665623839248049,0.10343884510943277,False,False,P11,y_neighbor,17.362538441332376,12.152249456983844,21.19280321221118
784,k6_supported_scene,421027,6,0.699999988079071,interior,task,4,P00,6.372779223943609,0.4801324276950704,0.4524120208569422,0.2172176818924765,0.07415243921772258,0.0897106501442701,False,False,P00,self,-5.8481525437365915,17.119268907436247,18.090612374928778
784,k6_supported_scene,421027,6,0.699999988079071,interior,task,4,P00,6.372779223943609,0.4801324276950704,0.4524120208569422,0.2172176818924765,0.07415243921772258,0.0897106501442701,False,False,P10,x_neighbor,-7.687796529903461,16.880417316720788,18.54860383618785
784,k6_supported_scene,421027,6,0.699999988079071,interior,task,4,P00,6.372779223943609,0.4801324276950704,0.4524120208569422,0.2172176818924765,0.07415243921772258,0.0897106501442701,False,False,P01,y_neighbor,16.67190657693546,14.67800168709065,22.212523549482167
784,k6_supported_scene,421027,6,0.699999988079071,interior,task,4,P00,6.372779223943609,0.4801324276950704,0.4524120208569422,0.2172176818924765,0.07415243921772258,0.0897106501442701,False,False,P11,diagonal,14.215636597924608,15.236829853725892,20.83855340170344
787,k6_supported_scene,421027,6,0.699999988079071,interior,task,5,P10,7.950045052675453,0.40040339148043863,0.4353624321037852,0.17432059433752778,0.036646905025690485,0.05161878958201899,False,False,P00,x_neighbor,-9.212867750607622,21.0004726734109,22.93243957142074
787,k6_supported_scene,421027,6,0.699999988079071,interior,task,5,P10,7.950045052675453,0.40040339148043863,0.4353624321037852,0.17432059433752778,0.036646905025690485,0.05161878958201899,False,False,P10,self,-20.8847510362946,5.865730903309941,21.69284732067355
787,k6_supported_scene,421027,6,0.699999988079071,interior,task,5,P10,7.950045052675453,0.40040339148043863,0.4353624321037852,0.17432059433752778,0.036646905025690485,0.05161878958201899,False,False,P01,diagonal,29.835360282459575,-8.379616130483164,30.989783633940075
787,k6_supported_scene,421027,6,0.699999988079071,interior,task,5,P10,7.950045052675453,0.40040339148043863,0.4353624321037852,0.17432059433752778,0.036646905025690485,0.05161878958201899,False,False,P11,y_neighbor,15.876294811230506,16.548112387522647,22.932439044357782
811,k6_supported_scene,421028,6,0.6000000238418579,edge,combined,-1,P01,6.601203741711133,0.46767032428969685,0.33133338394838635,0.15495479111914442,0.050177975306346975,0.06157235573132204,False,False,P00,y_neighbor,20.756289607569393,29.853919570207626,36.36041902918225
811,k6_supported_scene,421028,6,0.6000000238418579,edge,combined,-1,P01,6.601203741711133,0.46767032428969685,0.33133338394838635,0.15495479111914442,0.050177975306346975,0.06157235573132204,False,False,P10,diagonal,19.06439124766467,33.34088168037129,38.40658022876485
811,k6_supported_scene,421028,6,0.6000000238418579,edge,combined,-1,P01,6.601203741711133,0.46767032428969685,0.33133338394838635,0.15495479111914442,0.050177975306346975,0.06157235573132204,False,False,P01,self,18.162595940146925,-3.8812911255506566,18.572676492264648
811,k6_supported_scene,421028,6,0.6000000238418579,edge,combined,-1,P01,6.601203741711133,0.46767032428969685,0.33133338394838635,0.15495479111914442,0.050177975306346975,0.06157235573132204,False,False,P11,x_neighbor,-0.0,0.0,0.0
814,k6_supported_scene,421028,6,0.6000000238418579,edge,task,0,P01,5.845710541857373,0.5101694785512744,0.38145227885505967,0.19460531019568109,0.07397950821131366,0.0870974510139782,False,False,P00,y_neighbor,11.566241517444487,20.22427472008895,23.298052081525732
814,k6_supported_scene,421028,6,0.6000000238418579,edge,task,0,P01,5.845710541857373,0.5101694785512744,0.38145227885505967,0.19460531019568109,0.07397950821131366,0.0870974510139782,False,False,P10,diagonal,33.77761566002122,-4.306157984169074,34.050995818929195
814,k6_supported_scene,421028,6,0.6000000238418579,edge,task,0,P01,5.845710541857373,0.5101694785512744,0.38145227885505967,0.19460531019568109,0.07397950821131366,0.0870974510139782,False,False,P01,self,16.786587854644168,2.8421934810871616,17.025498394632137
814,k6_supported_scene,421028,6,0.6000000238418579,edge,task,0,P01,5.845710541857373,0.5101694785512744,0.38145227885505967,0.19460531019568109,0.07397950821131366,0.0870974510139782,False,False,P11,x_neighbor,-0.0,0.0,0.0
820,k6_supported_scene,421028,6,0.6000000238418579,edge,task,2,P01,5.88766839571507,0.5077110085812435,0.4274307254900075,0.21701128473714432,0.08184582128848295,0.09654493863524238,False,False,P00,y_neighbor,16.669188161536578,16.70221748917927,23.597158791273092
820,k6_supported_scene,421028,6,0.6000000238418579,edge,task,2,P01,5.88766839571507,0.5077110085812435,0.4274307254900075,0.21701128473714432,0.08184582128848295,0.09654493863524238,False,False,P10,diagonal,27.29692990061705,2.7157955082198173,27.431695668362686
820,k6_supported_scene,421028,6,0.6000000238418579,edge,task,2,P01,5.88766839571507,0.5077110085812435,0.4274307254900075,0.21701128473714432,0.08184582128848295,0.09654493863524238,False,False,P01,self,12.085161486974151,12.109107896907597,17.107940326795426
820,k6_supported_scene,421028,6,0.6000000238418579,edge,task,2,P01,5.88766839571507,0.5077110085812435,0.4274307254900075,0.21701128473714432,0.08184582128848295,0.09654493863524238,False,False,P11,x_neighbor,0.0,-0.0,0.0
823,k6_supported_scene,421028,6,0.6000000238418579,edge,task,3,P01,7.588510907157432,0.4174211542415124,0.40942613527338123,0.17090312996245638,0.04143121785604734,0.05551116683564948,False,False,P00,y_neighbor,14.799054122470835,26.02096306302394,29.93497154912757
823,k6_supported_scene,421028,6,0.6000000238418579,edge,task,3,P01,7.588510907157432,0.4174211542415124,0.40942613527338123,0.17090312996245638,0.04143121785604734,0.05551116683564948,False,False,P10,diagonal,31.65682188911688,15.867457491897841,35.41088221686173
823,k6_supported_scene,421028,6,0.6000000238418579,edge,task,3,P01,7.588510907157432,0.4174211542415124,0.40942613527338123,0.17090312996245638,0.04143121785604734,0.05551116683564948,False,False,P01,self,20.29509172033838,-4.5935917154386585,20.8084558001091
823,k6_supported_scene,421028,6,0.6000000238418579,edge,task,3,P01,7.588510907157432,0.4174211542415124,0.40942613527338123,0.17090312996245638,0.04143121785604734,0.05551116683564948,False,False,P11,x_neighbor,-0.0,0.0,0.0
826,k6_supported_scene,421028,6,0.6000000238418579,edge,task,4,P00,6.6339421550381825,0.46591092290223396,0.5847633481025696,0.2724476311938685,0.08752922397486637,0.10763892728173488,False,False,P00,self,-1.6248626180648906,18.57186722516141,18.642811771742192
826,k6_supported_scene,421028,6,0.6000000238418579,edge,task,4,P00,6.6339421550381825,0.46591092290223396,0.5847633481025696,0.2724476311938685,0.08752922397486637,0.10763892728173488,False,False,P10,x_neighbor,-17.8693101484981,7.631085741415569,19.43053562761596
826,k6_supported_scene,421028,6,0.6000000238418579,edge,task,4,P00,6.6339421550381825,0.46591092290223396,0.5847633481025696,0.2724476311938685,0.08752922397486637,0.10763892728173488,False,False,P01,y_neighbor,15.138922137186807,7.8808591610373915,17.067363727064343
826,k6_supported_scene,421028,6,0.6000000238418579,edge,task,4,P00,6.6339421550381825,0.46591092290223396,0.5847633481025696,0.2724476311938685,0.08752922397486637,0.10763892728173488,False,False,P11,diagonal,-0.0,-0.0,0.0
829,k6_supported_scene,421028,6,0.6000000238418579,edge,task,5,P00,7.042137509741345,0.44452186166586477,0.5659417705112509,0.2515734894221369,0.07260698763775006,0.0920694268122875,False,False,P00,self,-4.816131454635376,18.937015080914605,19.539848063972133
829,k6_supported_scene,421028,6,0.6000000238418579,edge,task,5,P00,7.042137509741345,0.44452186166586477,0.5659417705112509,0.2515734894221369,0.07260698763775006,0.0920694268122875,False,False,P10,x_neighbor,-16.98658658818121,2.4571375246789375,17.163381040254368
829,k6_supported_scene,421028,6,0.6000000238418579,edge,task,5,P00,7.042137509741345,0.44452186166586477,0.5659417705112509,0.2515734894221369,0.07260698763775006,0.0920694268122875,False,False,P01,y_neighbor,21.353295153647483,7.7273228156767555,22.70847268788598
829,k6_supported_scene,421028,6,0.6000000238418579,edge,task,5,P00,7.042137509741345,0.44452186166586477,0.5659417705112509,0.2515734894221369,0.07260698763775006,0.0920694268122875,False,False,P11,diagonal,-0.0,0.0,0.0
832,k6_supported_scene,421028,6,0.6000000238418579,interior,combined,-1,P10,7.3909377780411045,0.4270248129245791,0.5852586814093637,0.2499199789413194,0.06484493357727605,0.08497167113547027,False,False,P00,x_neighbor,-14.445971868493752,15.369292726301627,21.09268266797898
832,k6_supported_scene,421028,6,0.6000000238418579,interior,combined,-1,P10,7.3909377780411045,0.4270248129245791,0.5852586814093637,0.2499199789413194,0.06484493357727605,0.08497167113547027,False,False,P10,self,-8.76392409705227,18.35561925717593,20.34047993271794
832,k6_supported_scene,421028,6,0.6000000238418579,interior,combined,-1,P10,7.3909377780411045,0.4270248129245791,0.5852586814093637,0.2499199789413194,0.06484493357727605,0.08497167113547027,False,False,P01,diagonal,0.0,-0.0,0.0
832,k6_supported_scene,421028,6,0.6000000238418579,interior,combined,-1,P10,7.3909377780411045,0.4270248129245791,0.5852586814093637,0.2499199789413194,0.06484493357727605,0.08497167113547027,False,False,P11,y_neighbor,14.072115422251136,12.297444998929269,18.688274023003
835,k6_supported_scene,421028,6,0.6000000238418579,interior,task,0,P10,7.711154897784491,0.4115686204631438,0.4683450484837278,0.19275612550519203,0.04465241709813511,0.060758556446315864,False,False,P00,x_neighbor,-5.386026294837705,-20.00102721238101,20.713531055787875
835,k6_supported_scene,421028,6,0.6000000238418579,interior,task,0,P10,7.711154897784491,0.4115686204631438,0.4683450484837278,0.19275612550519203,0.04465241709813511,0.060758556446315864,False,False,P10,self,11.166892175246353,17.907938295194924,21.10435345700235
835,k6_supported_scene,421028,6,0.6000000238418579,interior,task,0,P10,7.711154897784491,0.4115686204631438,0.4683450484837278,0.19275612550519203,0.04465241709813511,0.060758556446315864,False,False,P01,diagonal,-0.0,0.0,0.0
835,k6_supported_scene,421028,6,0.6000000238418579,interior,task,0,P10,7.711154897784491,0.4115686204631438,0.4683450484837278,0.19275612550519203,0.04465241709813511,0.060758556446315864,False,False,P11,y_neighbor,30.988188502859845,13.993970861943248,34.00145654488483
838,k6_supported_scene,421028,6,0.6000000238418579,interior,task,1,P11,6.1676702710309605,0.4916052208498754,0.28346817592120555,0.1393544352276556,0.04971392721922474,0.059462248370356074,False,False,P00,diagonal,25.282746080641076,26.11223535560253,36.34647279509458
838,k6_supported_scene,421028,6,0.6000000238418579,interior,task,1,P11,6.1676702710309605,0.4916052208498754,0.28346817592120555,0.1393544352276556,0.04971392721922474,0.059462248370356074,False,False,P10,y_neighbor,29.50758934162477,37.162172024581956,47.45234302264314
838,k6_supported_scene,421028,6,0.6000000238418579,interior,task,1,P11,6.1676702710309605,0.4916052208498754,0.28346817592120555,0.1393544352276556,0.04971392721922474,0.059462248370356074,False,False,P01,x_neighbor,-0.0,-0.0,0.0
838,k6_supported_scene,421028,6,0.6000000238418579,interior,task,1,P11,6.1676702710309605,0.4916052208498754,0.28346817592120555,0.1393544352276556,0.04971392721922474,0.059462248370356074,False,False,P11,self,0.2851223922377935,-17.66612359972908,17.668424316261486
841,k6_supported_scene,421028,6,0.6000000238418579,interior,task,2,P11,7.159676634612369,0.43854702405757096,0.44936415553092957,0.19706731312623263,0.054965890094643866,0.07041928653918891,False,False,P00,diagonal,3.968577736476103,24.01930435772614,24.34495001185124
841,k6_supported_scene,421028,6,0.6000000238418579,interior,task,2,P11,7.159676634612369,0.43854702405757096,0.44936415553092957,0.19706731312623263,0.054965890094643866,0.07041928653918891,False,False,P10,y_neighbor,21.15783457301651,22.584533865415857,30.946972933345975
841,k6_supported_scene,421028,6,0.6000000238418579,interior,task,2,P11,7.159676634612369,0.43854702405757096,0.44936415553092957,0.19706731312623263,0.054965890094643866,0.07041928653918891,False,False,P01,x_neighbor,0.0,-0.0,0.0
841,k6_supported_scene,421028,6,0.6000000238418579,interior,task,2,P11,7.159676634612369,0.43854702405757096,0.44936415553092957,0.19706731312623263,0.054965890094643866,0.07041928653918891,False,False,P11,self,13.54101380343082,14.454101328765894,19.806062204459927
844,k6_supported_scene,421028,6,0.6000000238418579,interior,task,3,P10,6.73498340103043,0.46052247490464654,0.6015352699661743,0.2770205112672573,0.08679835666551847,0.1074848375246352,False,False,P00,x_neighbor,-20.122795954774993,11.407555912892882,23.131347754579412
844,k6_supported_scene,421028,6,0.6000000238418579,interior,task,3,P10,6.73498340103043,0.46052247490464654,0.6015352699661743,0.2770205112672573,0.08679835666551847,0.1074848375246352,False,False,P10,self,7.6485090234058175,17.240522106556046,18.86094623256659
844,k6_supported_scene,421028,6,0.6000000238418579,interior,task,3,P10,6.73498340103043,0.46052247490464654,0.6015352699661743,0.2770205112672573,0.08679835666551847,0.1074848375246352,False,False,P01,diagonal,0.0,-0.0,0.0
844,k6_supported_scene,421028,6,0.6000000238418579,interior,task,3,P10,6.73498340103043,0.46052247490464654,0.6015352699661743,0.2770205112672573,0.08679835666551847,0.1074848375246352,False,False,P11,y_neighbor,6.278175241805533,7.2736494807318985,9.608405754097365
847,k6_supported_scene,421028,6,0.6000000238418579,interior,task,4,P11,7.990584658739563,0.39853894522609634,0.4961058093308185,0.19771748597124328,0.040835054178583186,0.057895871459331644,False,False,P00,diagonal,19.382491085751347,15.746535628814977,24.972671963543867
847,k6_supported_scene,421028,6,0.6000000238418579,interior,task,4,P11,7.990584658739563,0.39853894522609634,0.4961058093308185,0.19771748597124328,0.040835054178583186,0.057895871459331644,False,False,P10,y_neighbor,13.717324832106076,25.35989106684598,28.832084133336743
847,k6_supported_scene,421028,6,0.6000000238418579,interior,task,4,P11,7.990584658739563,0.39853894522609634,0.4961058093308185,0.19771748597124328,0.040835054178583186,0.057895871459331644,False,False,P01,x_neighbor,0.0,-0.0,0.0
847,k6_supported_scene,421028,6,0.6000000238418579,interior,task,4,P11,7.990584658739563,0.39853894522609634,0.4961058093308185,0.19771748597124328,0.040835054178583186,0.057895871459331644,False,False,P11,self,21.699715633524292,2.028595481948137,21.794330873077957
850,k6_supported_scene,421028,6,0.6000000238418579,interior,task,5,P10,9.869490364741146,0.32101511508609915,0.6110876014663624,0.19616835671241267,0.002925489660117103,0.023940470164399597,False,False,P00,x_neighbor,-10.338643417848488,22.39153480014898,24.66309750270036
850,k6_supported_scene,421028,6,0.6000000238418579,interior,task,5,P10,9.869490364741146,0.32101511508609915,0.6110876014663624,0.19616835671241267,0.002925489660117103,0.023940470164399597,False,False,P10,self,-21.583180313710177,16.318043334382466,27.057572151191067
850,k6_supported_scene,421028,6,0.6000000238418579,interior,task,5,P10,9.869490364741146,0.32101511508609915,0.6110876014663624,0.19616835671241267,0.002925489660117103,0.023940470164399597,False,False,P01,diagonal,0.0,-0.0,0.0
850,k6_supported_scene,421028,6,0.6000000238418579,interior,task,5,P10,9.869490364741146,0.32101511508609915,0.6110876014663624,0.19616835671241267,0.002925489660117103,0.023940470164399597,False,False,P11,y_neighbor,16.893088332872026,18.29645828206457,24.90254643785543
853,k6_supported_scene,421029,6,0.5,corner,combined,-1,P10,3.6972798661794286,0.6533351236005017,0.24364502028750454,0.15918184944418354,0.08213452897753883,0.0905133527975951,False,False,P00,x_neighbor,-28.037073002521158,-5.495382202146848,28.57055631408624
853,k6_supported_scene,421029,6,0.5,corner,combined,-1,P10,3.6972798661794286,0.6533351236005017,0.24364502028750454,0.15918184944418354,0.08213452897753883,0.0905133527975951,False,False,P10,self,-7.553280251190768,-10.94060368441795,13.294692607673486
853,k6_supported_scene,421029,6,0.5,corner,combined,-1,P10,3.6972798661794286,0.6533351236005017,0.24364502028750454,0.15918184944418354,0.08213452897753883,0.0905133527975951,False,False,P01,diagonal,23.01993396588469,17.126683408207693,28.6921704365262
853,k6_supported_scene,421029,6,0.5,corner,combined,-1,P10,3.6972798661794286,0.6533351236005017,0.24364502028750454,0.15918184944418354,0.08213452897753883,0.0905133527975951,False,False,P11,y_neighbor,32.38784537759382,10.592027319111875,34.07585025985027
856,k6_supported_scene,421029,6,0.5,corner,task,0,P11,5.749845406278418,0.5158313458909831,0.4057513475418091,0.20929926369957141,0.08098942150810351,0.09494299647463282,False,False,P00,diagonal,-5.334879043677668,-19.877063913159645,20.580539454020744
856,k6_supported_scene,421029,6,0.5,corner,task,0,P11,5.749845406278418,0.5158313458909831,0.4057513475418091,0.20929926369957141,0.08098942150810351,0.09494299647463282,False,False,P10,y_neighbor,10.875167538023245,17.47253011196931,20.580538804748254
856,k6_supported_scene,421029,6,0.5,corner,task,0,P11,5.749845406278418,0.5158313458909831,0.4057513475418091,0.20929926369957141,0.08098942150810351,0.09494299647463282,False,False,P01,x_neighbor,-22.158603727055684,-10.02885926558413,24.322453356961724
856,k6_supported_scene,421029,6,0.5,corner,task,0,P11,5.749845406278418,0.5158313458909831,0.4057513475418091,0.20929926369957141,0.08098942150810351,0.09494299647463282,False,False,P11,self,15.756906112627219,-5.937940641462533,16.838623141565986
859,k6_supported_scene,421029,6,0.5,corner,task,1,P10,2.846156052209747,0.7205965813091236,0.3147195583298513,0.22678583780360814,0.12726277495115335,0.1380858146704141,False,False,P00,x_neighbor,-12.963735545686875,11.804151168323457,17.532724377664113
859,k6_supported_scene,421029,6,0.5,corner,task,1,P10,2.846156052209747,0.7205965813091236,0.3147195583298513,0.22678583780360814,0.12726277495115335,0.1380858146704141,False,False,P10,self,-11.92732686890945,-1.7411823160355908,12.053748051767316
859,k6_supported_scene,421029,6,0.5,corner,task,1,P10,2.846156052209747,0.7205965813091236,0.3147195583298513,0.22678583780360814,0.12726277495115335,0.1380858146704141,False,False,P01,diagonal,14.71730420283987,-10.9677351063175,18.35457044883583
859,k6_supported_scene,421029,6,0.5,corner,task,1,P10,2.846156052209747,0.7205965813091236,0.3147195583298513,0.22678583780360814,0.12726277495115335,0.1380858146704141,False,False,P11,y_neighbor,15.55126685722273,20.867820280000743,26.025138310928615
862,k6_supported_scene,421029,6,0.5,corner,task,2,P00,4.824100105698179,0.5738455190127199,0.31301321768893,0.1796212323625455,0.08063776179903301,0.09140212136308101,False,False,P00,self,7.497066052982866,13.149187841281584,15.1362855512208
862,k6_supported_scene,421029,6,0.5,corner,task,2,P00,4.824100105698179,0.5738455190127199,0.31301321768893,0.1796212323625455,0.08063776179903301,0.09140212136308101,False,False,P10,x_neighbor,-4.514738494116246,16.491583356466485,17.098397155100166
862,k6_supported_scene,421029,6,0.5,corner,task,2,P00,4.824100105698179,0.5738455190127199,0.31301321768893,0.1796212323625455,0.08063776179903301,0.09140212136308101,False,False,P01,y_neighbor,12.001345158139593,26.873608158800092,29.431668336632356
862,k6_supported_scene,421029,6,0.5,corner,task,2,P00,4.824100105698179,0.5738455190127199,0.31301321768893,0.1796212323625455,0.08063776179903301,0.09140212136308101,False,False,P11,diagonal,-11.017052279624167,28.79772993099898,30.833175154542978
865,k6_supported_scene,421029,6,0.5,corner,task,3,P10,6.145672574760727,0.4928518274997489,0.4027937906812027,0.19851765584278205,0.07114307525021149,0.08499494139526118,False,False,P00,x_neighbor,-23.45337552488287,19.204334934800876,30.312824081553142
865,k6_supported_scene,421029,6,0.5,corner,task,3,P10,6.145672574760727,0.4928518274997489,0.4027937906812027,0.19851765584278205,0.07114307525021149,0.08499494139526118,False,False,P10,self,-9.807416201125694,14.64276602188858,17.62373426132718
865,k6_supported_scene,421029,6,0.5,corner,task,3,P10,6.145672574760727,0.4928518274997489,0.4027937906812027,0.19851765584278205,0.07114307525021149,0.08499494139526118,False,False,P01,diagonal,-5.442613972058604,17.87074772299054,18.681158182179686
865,k6_supported_scene,421029,6,0.5,corner,task,3,P10,6.145672574760727,0.4928518274997489,0.4027937906812027,0.19851765584278205,0.07114307525021149,0.08499494139526118,False,False,P11,y_neighbor,15.22847683354747,10.199713117819366,18.32868392317649
868,k6_supported_scene,421029,6,0.5,corner,task,4,P01,6.7007594166014774,0.46234059670027466,0.42191365361213684,0.19506781036702833,0.06164699823326031,0.07615638638624138,False,False,P00,y_neighbor,17.9549581077449,14.312764352545884,22.961614578735148
868,k6_supported_scene,421029,6,0.5,corner,task,4,P01,6.7007594166014774,0.46234059670027466,0.42191365361213684,0.19506781036702833,0.06164699823326031,0.07615638638624138,False,False,P10,diagonal,18.71201752582095,-3.9995403598111565,19.134678543847784
868,k6_supported_scene,421029,6,0.5,corner,task,4,P01,6.7007594166014774,0.46234059670027466,0.42191365361213684,0.19506781036702833,0.06164699823326031,0.07615638638624138,False,False,P01,self,11.710444388353675,-14.690421307646726,18.786776891443754
868,k6_supported_scene,421029,6,0.5,corner,task,4,P01,6.7007594166014774,0.46234059670027466,0.42191365361213684,0.19506781036702833,0.06164699823326031,0.07615638638624138,False,False,P11,x_neighbor,-25.215981096559748,-10.027032411459166,27.13645300407758
871,k6_supported_scene,421029,6,0.5,corner,task,5,P00,6.548664682057598,0.47050773327710627,0.35189795843387317,0.16557071076756305,0.054290805506133244,0.06639239080787941,False,False,P00,self,7.5633431723333215,-16.840199099890608,18.460673488972102
871,k6_supported_scene,421029,6,0.5,corner,task,5,P00,6.548664682057598,0.47050773327710627,0.35189795843387317,0.16557071076756305,0.054290805506133244,0.06639239080787941,False,False,P10,x_neighbor,-19.074928938360028,-16.617275230989996,25.29795940596708
871,k6_supported_scene,421029,6,0.5,corner,task,5,P00,6.548664682057598,0.47050773327710627,0.35189795843387317,0.16557071076756305,0.054290805506133244,0.06639239080787941,False,False,P01,y_neighbor,19.69947503618172,20.89435250550807,28.716602921055586
871,k6_supported_scene,421029,6,0.5,corner,task,5,P00,6.548664682057598,0.47050773327710627,0.35189795843387317,0.16557071076756305,0.054290805506133244,0.06639239080787941,False,False,P11,diagonal,12.605572023617244,-28.067000067125438,30.767790606584366
874,k6_supported_scene,421029,6,0.5,edge,combined,-1,P00,7.438000617943813,0.4247173172555993,0.4104610886677962,0.17432993241679906,0.04453073931054263,0.058646279791844835,False,False,P00,self,1.7948235300198456,20.372079014414307,20.450990070738698
874,k6_supported_scene,421029,6,0.5,edge,combined,-1,P00,7.438000617943813,0.4247173172555993,0.4104610886677962,0.17432993241679906,0.04453073931054263,0.058646279791844835,False,False,P10,x_neighbor,9.713795843510665,22.26129104951275,24.288328655560502
874,k6_supported_scene,421029,6,0.5,edge,combined,-1,P00,7.438000617943813,0.4247173172555993,0.4104610886677962,0.17432993241679906,0.04453073931054263,0.058646279791844835,False,False,P01,y_neighbor,10.345733127139122,24.155376307617555,26.27767871218071
874,k6_supported_scene,421029,6,0.5,edge,combined,-1,P00,7.438000617943813,0.4247173172555993,0.4104610886677962,0.17432993241679906,0.04453073931054263,0.058646279791844835,False,False,P11,diagonal,23.771118263612564,14.789373863999357,27.99627908833247
877,k6_supported_scene,421029,6,0.5,edge,task,0,P01,3.507526126648525,0.667765063519244,0.33808908575215885,0.22576407982245347,0.11885092352037313,0.13047762896938458,False,False,P00,y_neighbor,13.627326876194358,17.342562738733957,22.056031377779014
877,k6_supported_scene,421029,6,0.5,edge,task,0,P01,3.507526126648525,0.667765063519244,0.33808908575215885,0.22576407982245347,0.11885092352037313,0.13047762896938458,False,False,P10,diagonal,-15.160860715130264,-1.8187398836794373,15.269561630514035
877,k6_supported_scene,421029,6,0.5,edge,task,0,P01,3.507526126648525,0.667765063519244,0.33808908575215885,0.22576407982245347,0.11885092352037313,0.13047762896938458,False,False,P01,self,12.968904876779513,-1.0000263203036066,13.007403520466926
877,k6_supported_scene,421029,6,0.5,edge,task,0,P01,3.507526126648525,0.667765063519244,0.33808908575215885,0.22576407982245347,0.11885092352037313,0.13047762896938458,False,False,P11,x_neighbor,-23.744901958444295,-5.249195143369144,24.318191106028056
880,k6_supported_scene,421029,6,0.5,edge,task,1,P00,6.020021778827375,0.5000332812018766,0.49632352590560913,0.24817828119626634,0.09122700137753537,0.10829530581653038,False,False,P00,self,6.709855519895089,16.02237135689118,17.370623045705457
880,k6_supported_scene,421029,6,0.5,edge,task,1,P00,6.020021778827375,0.5000332812018766,0.49632352590560913,0.24817828119626634,0.09122700137753537,0.10829530581653038,False,False,P10,x_neighbor,-22.718288146909778,9.51397441300393,24.629988336524132
880,k6_supported_scene,421029,6,0.5,edge,task,1,P00,6.020021778827375,0.5000332812018766,0.49632352590560913,0.24817828119626634,0.09122700137753537,0.10829530581653038,False,False,P01,y_neighbor,11.275869637671788,4.619288516953559,12.185362632627209
880,k6_supported_scene,421029,6,0.5,edge,task,1,P00,6.020021778827375,0.5000332812018766,0.49632352590560913,0.24817828119626634,0.09122700137753537,0.10829530581653038,False,False,P11,diagonal,5.007355166265787,11.956994267890352,12.963152305033347
883,k6_supported_scene,421029,6,0.5,edge,task,2,P01,3.581131144842264,0.6621302702770318,0.2725221412551537,0.18044515904575037,0.09426609112650795,0.10363798391523381,False,False,P00,y_neighbor,18.871404975208087,24.099263892311875,30.60889488187372
883,k6_supported_scene,421029,6,0.5,edge,task,2,P01,3.581131144842264,0.6621302702770318,0.2725221412551537,0.18044515904575037,0.09426609112650795,0.10363798391523381,False,False,P10,diagonal,-3.8726849338122573,31.83174819992957,32.066460391822105
883,k6_supported_scene,421029,6,0.5,edge,task,2,P01,3.581131144842264,0.6621302702770318,0.2725221412551537,0.18044515904575037,0.09426609112650795,0.10363798391523381,False,False,P01,self,3.51964993048966,12.637110196077526,13.118097794307008
883,k6_supported_scene,421029,6,0.5,edge,task,2,P01,3.581131144842264,0.6621302702770318,0.2725221412551537,0.18044515904575037,0.09426609112650795,0.10363798391523381,False,False,P11,x_neighbor,-5.413864400978588,12.26815923289777,13.409610684726013
886,k6_supported_scene,421029,6,0.5,edge,task,3,P10,7.955846485767561,0.40013604547433246,0.4633631797696985,0.18540831037145938,0.038880007178429155,0.0548148226875253,False,False,P00,x_neighbor,-21.59342390763037,4.819783199215535,22.124788499374702
886,k6_supported_scene,421029,6,0.5,edge,task,3,P10,7.955846485767561,0.40013604547433246,0.4633631797696985,0.18540831037145938,0.038880007178429155,0.0548148226875253,False,False,P10,self,-1.6247500259415995,21.64645112591141,21.707341131360803
886,k6_supported_scene,421029,6,0.5,edge,task,3,P10,7.955846485767561,0.40013604547433246,0.4633631797696985,0.18540831037145938,0.038880007178429155,0.0548148226875253,False,False,P01,diagonal,-1.8747112238228631,24.976674983164774,25.0469326542668
886,k6_supported_scene,421029,6,0.5,edge,task,3,P10,7.955846485767561,0.40013604547433246,0.4633631797696985,0.18540831037145938,0.038880007178429155,0.0548148226875253,False,False,P11,y_neighbor,24.26143845032754,4.241929385077511,24.62948153305334
889,k6_supported_scene,421029,6,0.5,edge,task,4,P11,7.451627993581553,0.42405149662203595,0.556366495392824,0.23592804504168402,0.05998951111699394,0.07912266162742818,False,False,P00,diagonal,-13.497266845270898,-4.916349718544052,14.364773122032844
889,k6_supported_scene,421029,6,0.5,edge,task,4,P11,7.451627993581553,0.42405149662203595,0.556366495392824,0.23592804504168402,0.05998951111699394,0.07912266162742818,False,False,P10,y_neighbor,-1.1362044067261645,20.717982404371362,20.74911456813773
889,k6_supported_scene,421029,6,0.5,edge,task,4,P11,7.451627993581553,0.42405149662203595,0.556366495392824,0.23592804504168402,0.05998951111699394,0.07912266162742818,False,False,P01,x_neighbor,-10.379179401543107,13.829276563185829,17.29092985673407
889,k6_supported_scene,421029,6,0.5,edge,task,4,P11,7.451627993581553,0.42405149662203595,0.556366495392824,0.23592804504168402,0.05998951111699394,0.07912266162742818,False,False,P11,self,15.098334175291322,13.841883255209181,20.483101008382746
892,k6_supported_scene,421029,6,0.5,edge,task,5,P10,5.098251505258119,0.5560161736716785,0.3798719993989638,0.21121497559082208,0.09108890184853816,0.10415249967368805,False,False,P00,x_neighbor,-7.929368531448803,12.23550092970686,14.580204673062312
892,k6_supported_scene,421029,6,0.5,edge,task,5,P10,5.098251505258119,0.5560161736716785,0.3798719993989638,0.21121497559082208,0.09108890184853816,0.10415249967368805,False,False,P10,self,15.36275176833175,2.832275260209356,15.621649242156677
892,k6_supported_scene,421029,6,0.5,edge,task,5,P10,5.098251505258119,0.5560161736716785,0.3798719993989638,0.21121497559082208,0.09108890184853816,0.10415249967368805,False,False,P01,diagonal,-15.941319572391597,6.866817680118816,17.35738617307075
892,k6_supported_scene,421029,6,0.5,edge,task,5,P10,5.098251505258119,0.5560161736716785,0.3798719993989638,0.21121497559082208,0.09108890184853816,0.10415249967368805,False,False,P11,y_neighbor,3.420760586330368,30.356874300509812,30.5490003156559
895,k6_supported_scene,421029,6,0.5,interior,combined,-1,P10,5.970528334083901,0.5028906757351715,0.5659584742019126,0.28461523952944645,0.10564345557427743,0.12510646917993204,False,False,P00,x_neighbor,-16.852865164406303,7.173583327165088,18.31609570845928
895,k6_supported_scene,421029,6,0.5,interior,combined,-1,P10,5.970528334083901,0.5028906757351715,0.5659584742019126,0.28461523952944645,0.10564345557427743,0.12510646917993204,False,False,P10,self,0.6646776046695075,17.259130037644503,17.271924211693147
895,k6_supported_scene,421029,6,0.5,interior,combined,-1,P10,5.970528334083901,0.5028906757351715,0.5659584742019126,0.28461523952944645,0.10564345557427743,0.12510646917993204,False,False,P01,diagonal,-0.0,0.0,0.0
895,k6_supported_scene,421029,6,0.5,interior,combined,-1,P10,5.970528334083901,0.5028906757351715,0.5659584742019126,0.28461523952944645,0.10564345557427743,0.12510646917993204,False,False,P11,y_neighbor,14.368539753575105,9.544374161275583,17.24963804781112
901,k6_supported_scene,421029,6,0.5,interior,task,1,P10,0.9636143979314671,0.8949922612402781,0.2522540548863329,0.22576542698974827,0.1459956907443544,0.15467057472635953,False,False,P00,x_neighbor,-30.644642683517844,12.075895012429832,32.93814453717318
901,k6_supported_scene,421029,6,0.5,interior,task,1,P10,0.9636143979314671,0.8949922612402781,0.2522540548863329,0.22576542698974827,0.1459956907443544,0.15467057472635953,False,False,P10,self,-9.67328418508805,0.7838211669323677,9.704988539261949
901,k6_supported_scene,421029,6,0.5,interior,task,1,P10,0.9636143979314671,0.8949922612402781,0.2522540548863329,0.22576542698974827,0.1459956907443544,0.15467057472635953,False,False,P01,diagonal,-0.0,0.0,0.0
901,k6_supported_scene,421029,6,0.5,interior,task,1,P10,0.9636143979314671,0.8949922612402781,0.2522540548863329,0.22576542698974827,0.1459956907443544,0.15467057472635953,False,False,P11,y_neighbor,14.257977007947712,9.88833706036077,17.351343411346278
904,k6_supported_scene,421029,6,0.5,interior,task,2,P11,8.792154213065366,0.3634061639357309,0.6374387044721069,0.2316491543363704,0.030073336848488647,0.05199451789521914,False,False,P00,diagonal,19.343965263346554,2.3713632586343896,19.488775123489912
904,k6_supported_scene,421029,6,0.5,interior,task,2,P11,8.792154213065366,0.3634061639357309,0.6374387044721069,0.2316491543363704,0.030073336848488647,0.05199451789521914,False,False,P10,y_neighbor,16.159523507193224,13.918520747614405,21.32733972583789
904,k6_supported_scene,421029,6,0.5,interior,task,2,P11,8.792154213065366,0.3634061639357309,0.6374387044721069,0.2316491543363704,0.030073336848488647,0.05199451789521914,False,False,P01,x_neighbor,0.0,-0.0,0.0
904,k6_supported_scene,421029,6,0.5,interior,task,2,P11,8.792154213065366,0.3634061639357309,0.6374387044721069,0.2316491543363704,0.030073336848488647,0.05199451789521914,False,False,P11,self,12.802047567218972,20.18368204698213,23.90132722019859
907,k6_supported_scene,421029,6,0.5,interior,task,3,P10,7.7796926063805625,0.4083338370107794,0.6195753348957497,0.25299357381522003,0.057066649782002904,0.07837351896495617,False,False,P00,x_neighbor,-19.79338226069761,9.28371099854171,21.862416865995012
907,k6_supported_scene,421029,6,0.5,interior,task,3,P10,7.7796926063805625,0.4083338370107794,0.6195753348957497,0.25299357381522003,0.057066649782002904,0.07837351896495617,False,False,P10,self,-3.1889101776422013,21.03115011843437,21.271540222212213
907,k6_supported_scene,421029,6,0.5,interior,task,3,P10,7.7796926063805625,0.4083338370107794,0.6195753348957497,0.25299357381522003,0.057066649782002904,0.07837351896495617,False,False,P01,diagonal,0.0,-0.0,0.0
907,k6_supported_scene,421029,6,0.5,interior,task,3,P10,7.7796926063805625,0.4083338370107794,0.6195753348957497,0.25299357381522003,0.057066649782002904,0.07837351896495617,False,False,P11,y_neighbor,14.818457548554251,5.356007498753813,15.756697003021017
910,k6_supported_scene,421029,6,0.5,interior,task,4,P10,4.1179207948207655,0.6224492675884872,0.44935814988875067,0.2797026512831705,0.13760312740239147,0.1530563173160676,False,False,P00,x_neighbor,-17.466546964973258,4.323942462348364,17.993797300662127
910,k6_supported_scene,421029,6,0.5,interior,task,4,P10,4.1179207948207655,0.6224492675884872,0.44935814988875067,0.2797026512831705,0.13760312740239147,0.1530563173160676,False,False,P10,self,-2.085623297975847,13.797634526414692,13.954373617814971
910,k6_supported_scene,421029,6,0.5,interior,task,4,P10,4.1179207948207655,0.6224492675884872,0.44935814988875067,0.2797026512831705,0.13760312740239147,0.1530563173160676,False,False,P01,diagonal,-0.0,0.0,0.0
910,k6_supported_scene,421029,6,0.5,interior,task,4,P10,4.1179207948207655,0.6224492675884872,0.44935814988875067,0.2797026512831705,0.13760312740239147,0.1530563173160676,False,False,P11,y_neighbor,18.08105469029044,10.905314746859641,21.115170575710447
913,k6_supported_scene,421029,6,0.5,interior,task,5,P10,8.246890783901971,0.386950543331401,0.6895085489021875,0.26680570762934736,0.04876395956049695,0.07247579511066266,False,False,P00,x_neighbor,-5.865899493638913,13.932931199298256,15.117385642823695
913,k6_supported_scene,421029,6,0.5,interior,task,5,P10,8.246890783901971,0.386950543331401,0.6895085489021875,0.26680570762934736,0.04876395956049695,0.07247579511066266,False,False,P10,self,12.362685012947223,18.73587682357562,22.447027889623783
913,k6_supported_scene,421029,6,0.5,interior,task,5,P10,8.246890783901971,0.386950543331401,0.6895085489021875,0.26680570762934736,0.04876395956049695,0.07247579511066266,False,False,P01,diagonal,-0.0,0.0,0.0
913,k6_supported_scene,421029,6,0.5,interior,task,5,P10,8.246890783901971,0.386950543331401,0.6895085489021875,0.26680570762934736,0.04876395956049695,0.07247579511066266,False,False,P11,y_neighbor,3.427408624692435,17.767492957809164,18.095052801426537
937,k6_supported_scene,421030,6,0.5,edge,combined,-1,P10,4.935759164071777,0.5665158196337062,0.4455991603086117,0.25243897353032435,0.11152814652695323,0.12685206677036792,False,False,P00,x_neighbor,-1.7584219082809174,7.903032347869621,8.096293466704127
937,k6_supported_scene,421030,6,0.5,edge,combined,-1,P10,4.935759164071777,0.5665158196337062,0.4455991603086117,0.25243897353032435,0.11152814652695323,0.12685206677036792,False,False,P10,self,8.786498174484652,12.564689155775309,15.332121958537892
937,k6_supported_scene,421030,6,0.5,edge,combined,-1,P10,4.935759164071777,0.5665158196337062,0.4455991603086117,0.25243897353032435,0.11152814652695323,0.12685206677036792,False,False,P01,diagonal,6.607197508840693,11.324142153944372,13.110730507625064
937,k6_supported_scene,421030,6,0.5,edge,combined,-1,P10,4.935759164071777,0.5665158196337062,0.4455991603086117,0.25243897353032435,0.11152814652695323,0.12685206677036792,False,False,P11,y_neighbor,14.171527333687767,22.595457647304322,26.67183708072211
940,k6_supported_scene,421030,6,0.5,edge,task,0,P11,6.5218228464511485,0.47196398311430676,0.5323535139400701,0.2512516848640532,0.08290672241957123,0.10121407915531849,False,False,P00,diagonal,-14.07907811998101,4.459323324545048,14.768412413707829
940,k6_supported_scene,421030,6,0.5,edge,task,0,P11,6.5218228464511485,0.47196398311430676,0.5323535139400701,0.2512516848640532,0.08290672241957123,0.10121407915531849,False,False,P10,y_neighbor,12.140610784188343,14.430332340377431,18.85812614410279
940,k6_supported_scene,421030,6,0.5,edge,task,0,P11,6.5218228464511485,0.47196398311430676,0.5323535139400701,0.2512516848640532,0.08290672241957123,0.10121407915531849,False,False,P01,x_neighbor,-16.71093441133337,1.8522161551288887,16.813269568564174
940,k6_supported_scene,421030,6,0.5,edge,task,0,P11,6.5218228464511485,0.47196398311430676,0.5323535139400701,0.2512516848640532,0.08290672241957123,0.10121407915531849,False,False,P11,self,11.848065573067132,14.08261304551601,18.403712886627968
943,k6_supported_scene,421030,6,0.5,edge,task,1,P01,8.447890667672052,0.37809894591689325,0.5503586942250392,0.20809004216268506,0.03405134177995689,0.05297788717500074,False,False,P00,y_neighbor,8.398051197653514,13.047435874361316,15.516534626455103
943,k6_supported_scene,421030,6,0.5,edge,task,1,P01,8.447890667672052,0.37809894591689325,0.5503586942250392,0.20809004216268506,0.03405134177995689,0.05297788717500074,False,False,P10,diagonal,11.888149148114067,18.469746274189536,21.964963409956855
943,k6_supported_scene,421030,6,0.5,edge,task,1,P01,8.447890667672052,0.37809894591689325,0.5503586942250392,0.20809004216268506,0.03405134177995689,0.05297788717500074,False,False,P01,self,4.094746715580155,22.604650307687336,22.972530687705778
943,k6_supported_scene,421030,6,0.5,edge,task,1,P01,8.447890667672052,0.37809894591689325,0.5503586942250392,0.20809004216268506,0.03405134177995689,0.05297788717500074,False,False,P11,x_neighbor,-6.797338626084602,21.098551830178206,22.166476980530256
946,k6_supported_scene,421030,6,0.5,edge,task,2,P10,7.303904338715224,0.43132515103503094,0.5092175006866455,0.21963831539334835,0.058609602734532806,0.07612132416970965,False,False,P00,x_neighbor,-18.386975404101644,15.680467468137792,24.165221383847623
946,k6_supported_scene,421030,6,0.5,edge,task,2,P10,7.303904338715224,0.43132515103503094,0.5092175006866455,0.21963831539334835,0.058609602734532806,0.07612132416970965,False,False,P10,self,0.3804933500659066,20.134089150529594,20.137684104954023
946,k6_supported_scene,421030,6,0.5,edge,task,2,P10,7.303904338715224,0.43132515103503094,0.5092175006866455,0.21963831539334835,0.058609602734532806,0.07612132416970965,False,False,P01,diagonal,5.836203643072059,18.00727042010361,18.929423154078044
946,k6_supported_scene,421030,6,0.5,edge,task,2,P10,7.303904338715224,0.43132515103503094,0.5092175006866455,0.21963831539334835,0.058609602734532806,0.07612132416970965,False,False,P11,y_neighbor,13.093313339926166,6.683572204435488,14.700509910523209
949,k6_supported_scene,421030,6,0.5,edge,task,3,P10,3.34057499782345,0.6807242938863809,0.3273026645183563,0.2228028751913891,0.11930068477939072,0.130556450887798,False,False,P00,x_neighbor,-10.924246420107195,17.79381919256878,20.8796350855338
949,k6_supported_scene,421030,6,0.5,edge,task,3,P10,3.34057499782345,0.6807242938863809,0.3273026645183563,0.2228028751913891,0.11930068477939072,0.130556450887798,False,False,P10,self,-10.329052863887066,7.491498874765984,12.759776191438219
949,k6_supported_scene,421030,6,0.5,edge,task,3,P10,3.34057499782345,0.6807242938863809,0.3273026645183563,0.2228028751913891,0.11930068477939072,0.130556450887798,False,False,P01,diagonal,21.421357431467417,1.280998308399333,21.459625133557346
949,k6_supported_scene,421030,6,0.5,edge,task,3,P10,3.34057499782345,0.6807242938863809,0.3273026645183563,0.2228028751913891,0.11930068477939072,0.130556450887798,False,False,P11,y_neighbor,14.2413833387485,16.05298865125701,21.459623576348438
952,k6_supported_scene,421030,6,0.5,edge,task,4,P01,6.388644923437488,0.47925621533742513,0.48161416173449556,0.23081658040578096,0.07851680995840934,0.09507926711700693,False,False,P00,y_neighbor,6.921421861780128,8.7893799180029,11.187460834868679
952,k6_supported_scene,421030,6,0.5,edge,task,4,P01,6.388644923437488,0.47925621533742513,0.48161416173449556,0.23081658040578096,0.07851680995840934,0.09507926711700693,False,False,P10,diagonal,-0.28875835371260655,14.31703857645995,14.319950243861923
952,k6_supported_scene,421030,6,0.5,edge,task,4,P01,6.388644923437488,0.47925621533742513,0.48161416173449556,0.23081658040578096,0.07851680995840934,0.09507926711700693,False,False,P01,self,3.1766002289354,17.84312868711395,18.123686996838728
952,k6_supported_scene,421030,6,0.5,edge,task,4,P01,6.388644923437488,0.47925621533742513,0.48161416173449556,0.23081658040578096,0.07851680995840934,0.09507926711700693,False,False,P11,x_neighbor,-19.848851942267167,19.064024490993045,27.521154649091777
955,k6_supported_scene,421030,6,0.5,edge,task,5,P00,6.141941057616376,0.4930636054774663,0.4119627320979111,0.2031238300105436,0.07284977555702807,0.08701695676436123,False,False,P00,self,1.220099703596835,17.573861622739567,17.61616461156956
955,k6_supported_scene,421030,6,0.5,edge,task,5,P00,6.141941057616376,0.4930636054774663,0.4119627320979111,0.2031238300105436,0.07284977555702807,0.08701695676436123,False,False,P10,x_neighbor,-10.758036332095399,-9.36121660854961,14.260705526546353
955,k6_supported_scene,421030,6,0.5,edge,task,5,P00,6.141941057616376,0.4930636054774663,0.4119627320979111,0.2031238300105436,0.07284977555702807,0.08701695676436123,False,False,P01,y_neighbor,22.22195559380996,15.794365174483636,27.263112105520953
955,k6_supported_scene,421030,6,0.5,edge,task,5,P00,6.141941057616376,0.4930636054774663,0.4119627320979111,0.2031238300105436,0.07284977555702807,0.08701695676436123,False,False,P11,diagonal,-16.410421998942358,-17.386025234174298,23.90765198899124
958,k6_supported_scene,421030,6,0.5,interior,combined,-1,P10,3.3079834990082646,0.6832833294333387,0.28254678736464295,0.19305950959120685,0.10371037022765128,0.11342700531199518,False,False,P00,x_neighbor,-6.305887266626476,17.456447374317293,18.560489464227796
958,k6_supported_scene,421030,6,0.5,interior,combined,-1,P10,3.3079834990082646,0.6832833294333387,0.28254678736464295,0.19305950959120685,0.10371037022765128,0.11342700531199518,False,False,P10,self,2.998748454330591,12.353224370141536,12.711988224955562
958,k6_supported_scene,421030,6,0.5,interior,combined,-1,P10,3.3079834990082646,0.6832833294333387,0.28254678736464295,0.19305950959120685,0.10371037022765128,0.11342700531199518,False,False,P01,diagonal,18.514023900914037,25.72379966530229,31.69357900623125
958,k6_supported_scene,421030,6,0.5,interior,combined,-1,P10,3.3079834990082646,0.6832833294333387,0.28254678736464295,0.19305950959120685,0.10371037022765128,0.11342700531199518,False,False,P11,y_neighbor,14.074143866138161,17.76275671982783,22.6626797147324
961,k6_supported_scene,421030,6,0.5,interior,task,0,P11,4.539910835975324,0.592931411219576,0.4537598311702345,0.2690484570505237,0.12555699933138292,0.1411615607441608,False,False,P00,diagonal,-10.849298212650998,-1.3680888093807975,10.935215530449554
961,k6_supported_scene,421030,6,0.5,interior,task,0,P11,4.539910835975324,0.592931411219576,0.4537598311702345,0.2690484570505237,0.12555699933138292,0.1411615607441608,False,False,P10,y_neighbor,7.913445179286442,12.572188196400216,14.855387260225722
961,k6_supported_scene,421030,6,0.5,interior,task,0,P11,4.539910835975324,0.592931411219576,0.4537598311702345,0.2690484570505237,0.12555699933138292,0.1411615607441608,False,False,P01,x_neighbor,-19.746408131113487,9.872309914721518,22.076755584388156
961,k6_supported_scene,421030,6,0.5,interior,task,0,P11,4.539910835975324,0.592931411219576,0.4537598311702345,0.2690484570505237,0.12555699933138292,0.1411615607441608,False,False,P11,self,5.23494676379985,13.68175358482672,14.649063068187582
964,k6_supported_scene,421030,6,0.5,interior,task,1,P01,8.42473450761011,0.37910828417501946,0.4979151132875761,0.18876374426326342,0.03130916032231246,0.04843219861243231,False,False,P00,y_neighbor,6.979196262916232,23.03440713864112,24.068508319066744
964,k6_supported_scene,421030,6,0.5,interior,task,1,P01,8.42473450761011,0.37910828417501946,0.4979151132875761,0.18876374426326342,0.03130916032231246,0.04843219861243231,False,False,P10,diagonal,11.338883040553215,21.23023302902914,24.068507703516335
964,k6_supported_scene,421030,6,0.5,interior,task,1,P01,8.42473450761011,0.37910828417501946,0.4979151132875761,0.18876374426326342,0.03130916032231246,0.04843219861243231,False,False,P01,self,10.793744757884424,20.209549357391367,22.91136860004647
964,k6_supported_scene,421030,6,0.5,interior,task,1,P01,8.42473450761011,0.37910828417501946,0.4979151132875761,0.18876374426326342,0.03130916032231246,0.04843219861243231,False,False,P11,x_neighbor,4.0567694668337175,20.429629974569426,20.82851793587004
967,k6_supported_scene,421030,6,0.5,interior,task,2,P10,5.739605276047995,0.5164398379725089,0.4166328085918914,0.21516578016322774,0.08341491785289307,0.09774270052921205,False,False,P00,x_neighbor,-21.670527900230333,11.393310633942054,24.483041205621465
967,k6_supported_scene,421030,6,0.5,interior,task,2,P10,5.739605276047995,0.5164398379725089,0.4166328085918914,0.21516578016322774,0.08341491785289307,0.09774270052921205,False,False,P10,self,1.534038720731886,16.748677303180884,16.818783136802473
967,k6_supported_scene,421030,6,0.5,interior,task,2,P10,5.739605276047995,0.5164398379725089,0.4166328085918914,0.21516578016322774,0.08341491785289307,0.09774270052921205,False,False,P01,diagonal,8.172740422675878,20.118761228562736,21.71539176225839
967,k6_supported_scene,421030,6,0.5,interior,task,2,P10,5.739605276047995,0.5164398379725089,0.4166328085918914,0.21516578016322774,0.08341491785289307,0.09774270052921205,False,False,P11,y_neighbor,15.857510549612709,4.9289828657751125,16.60588789924173
970,k6_supported_scene,421030,6,0.5,interior,task,3,P10,5.868581109404559,0.5088279328585157,0.38462095914510985,0.19570588757586588,0.0740780609021543,0.08730497294975184,False,False,P00,x_neighbor,-9.463753065153403,22.656161606459005,24.553294703892337
970,k6_supported_scene,421030,6,0.5,interior,task,3,P10,5.868581109404559,0.5088279328585157,0.38462095914510985,0.19570588757586588,0.0740780609021543,0.08730497294975184,False,False,P10,self,-10.868646710303608,13.163230030177571,17.070386818720955
970,k6_supported_scene,421030,6,0.5,interior,task,3,P10,5.868581109404559,0.5088279328585157,0.38462095914510985,0.19570588757586588,0.0740780609021543,0.08730497294975184,False,False,P01,diagonal,22.648953310306293,12.19310654541237,25.722498581596078
970,k6_supported_scene,421030,6,0.5,interior,task,3,P10,5.868581109404559,0.5088279328585157,0.38462095914510985,0.19570588757586588,0.0740780609021543,0.08730497294975184,False,False,P11,y_neighbor,14.342523466626238,14.428332704227422,20.34415798244309
973,k6_supported_scene,421030,6,0.5,interior,task,4,P00,2.679823588457571,0.734528786380312,0.341021691569884,0.2504902492381879,0.14264972154976036,0.1543772777670387,False,False,P00,self,1.9330730273013959,11.666046736959425,11.825118088112347
973,k6_supported_scene,421030,6,0.5,interior,task,4,P00,2.679823588457571,0.734528786380312,0.341021691569884,0.2504902492381879,0.14264972154976036,0.1543772777670387,False,False,P10,x_neighbor,-10.041317667378742,14.029945559024762,17.253041264844036
973,k6_supported_scene,421030,6,0.5,interior,task,4,P00,2.679823588457571,0.734528786380312,0.341021691569884,0.2504902492381879,0.14264972154976036,0.1543772777670387,False,False,P01,y_neighbor,10.901825563695494,22.074199696074377,24.619506348491527
973,k6_supported_scene,421030,6,0.5,interior,task,4,P00,2.679823588457571,0.734528786380312,0.341021691569884,0.2504902492381879,0.14264972154976036,0.1543772777670387,False,False,P11,diagonal,-9.191645305234236,8.618999800814823,12.600535741930997
976,k6_supported_scene,421030,6,0.5,interior,task,5,P11,-0.2367214040789252,1.0276283339508552,0.2111283630955165,0.21696148801761686,0.15019683741312986,0.15745743053219607,False,False,P00,diagonal,-17.64355255204312,11.891195039925268,21.276641326446487
976,k6_supported_scene,421030,6,0.5,interior,task,5,P11,-0.2367214040789252,1.0276283339508552,0.2111283630955165,0.21696148801761686,0.15019683741312986,0.15745743053219607,False,False,P10,y_neighbor,17.836677258910505,21.557988113514078,27.980241370312537
976,k6_supported_scene,421030,6,0.5,interior,task,5,P11,-0.2367214040789252,1.0276283339508552,0.2111283630955165,0.21696148801761686,0.15019683741312986,0.15745743053219607,False,False,P01,x_neighbor,-17.196053483501267,0.06864555132081998,17.1961904972919
976,k6_supported_scene,421030,6,0.5,interior,task,5,P11,-0.2367214040789252,1.0276283339508552,0.2111283630955165,0.21696148801761686,0.15019683741312986,0.15745743053219607,False,False,P11,self,7.470166431125142,3.954628368259328,8.452364878526621
979,k6_supported_scene,421031,6,0.5,corner,combined,-1,P10,0.6800482243259908,0.9246930399998178,0.15516180167119176,0.1434770380791831,0.09441056816555446,0.09974650073775038,False,False,P00,x_neighbor,0.0,-0.0,0.0
979,k6_supported_scene,421031,6,0.5,corner,combined,-1,P10,0.6800482243259908,0.9246930399998178,0.15516180167119176,0.1434770380791831,0.09441056816555446,0.09974650073775038,False,False,P10,self,-3.555663724525558,8.694293596401021,9.393268103398666
979,k6_supported_scene,421031,6,0.5,corner,combined,-1,P10,0.6800482243259908,0.9246930399998178,0.15516180167119176,0.1434770380791831,0.09441056816555446,0.09974650073775038,False,False,P01,diagonal,-8.470327889259465,36.543321318415224,37.51214186810062
979,k6_supported_scene,421031,6,0.5,corner,combined,-1,P10,0.6800482243259908,0.9246930399998178,0.15516180167119176,0.1434770380791831,0.09441056816555446,0.09974650073775038,False,False,P11,y_neighbor,34.81643898921875,30.940838192790004,46.578105285234656
982,k6_supported_scene,421031,6,0.5,corner,task,0,P11,1.4163585699397354,0.849536555957653,0.36484963109980123,0.3099530990469453,0.1945775152721877,0.20712450176996405,False,False,P00,diagonal,-0.0,0.0,0.0
982,k6_supported_scene,421031,6,0.5,corner,task,0,P11,1.4163585699397354,0.849536555957653,0.36484963109980123,0.3099530990469453,0.1945775152721877,0.20712450176996405,False,False,P10,y_neighbor,11.118906441226349,14.998461901669797,18.670402777245737
982,k6_supported_scene,421031,6,0.5,corner,task,0,P11,1.4163585699397354,0.849536555957653,0.36484963109980123,0.3099530990469453,0.1945775152721877,0.20712450176996405,False,False,P01,x_neighbor,-17.680560421837114,4.424941216442044,18.225869570453984
982,k6_supported_scene,421031,6,0.5,corner,task,0,P11,1.4163585699397354,0.849536555957653,0.36484963109980123,0.3099530990469453,0.1945775152721877,0.20712450176996405,False,False,P11,self,8.210974774779631,6.09225365021547,10.224268252086851
988,k6_supported_scene,421031,6,0.5,corner,task,2,P10,4.205493572443233,0.6162051467642528,0.37671051338147166,0.23213095718586674,0.11300463310418782,0.12595950909164583,False,False,P00,x_neighbor,0.0,-0.0,0.0
988,k6_supported_scene,421031,6,0.5,corner,task,2,P10,4.205493572443233,0.6162051467642528,0.37671051338147166,0.23213095718586674,0.11300463310418782,0.12595950909164583,False,False,P10,self,11.615344096660492,7.985905012148303,14.095775868921907
988,k6_supported_scene,421031,6,0.5,corner,task,2,P10,4.205493572443233,0.6162051467642528,0.37671051338147166,0.23213095718586674,0.11300463310418782,0.12595950909164583,False,False,P01,diagonal,21.910493812405605,2.451738005484691,22.047239245560935
988,k6_supported_scene,421031,6,0.5,corner,task,2,P10,4.205493572443233,0.6162051467642528,0.37671051338147166,0.23213095718586674,0.11300463310418782,0.12595950909164583,False,False,P11,y_neighbor,16.69175228085652,20.897963100564503,26.745830627558277
991,k6_supported_scene,421031,6,0.5,corner,task,3,P11,1.7755035016160408,0.8151261481041913,0.3137107495221047,0.255713834876832,0.15650978537998905,0.1672981326961042,False,False,P00,diagonal,0.0,-0.0,0.0
991,k6_supported_scene,421031,6,0.5,corner,task,3,P11,1.7755035016160408,0.8151261481041913,0.3137107495221047,0.255713834876832,0.15650978537998905,0.1672981326961042,False,False,P10,y_neighbor,1.5392539477083196,19.11872895258252,19.180591739512433
991,k6_supported_scene,421031,6,0.5,corner,task,3,P11,1.7755035016160408,0.8151261481041913,0.3137107495221047,0.255713834876832,0.15650978537998905,0.1672981326961042,False,False,P01,x_neighbor,-12.62893650715982,22.64595938112562,25.929317646121458
991,k6_supported_scene,421031,6,0.5,corner,task,3,P11,1.7755035016160408,0.8151261481041913,0.3137107495221047,0.255713834876832,0.15650978537998905,0.1672981326961042,False,False,P11,self,1.8921141009270992,10.486551719487919,10.655883949087574
994,k6_supported_scene,421031,6,0.5,corner,task,4,P10,6.9438124588283205,0.4495824783460922,0.43938725990019545,0.1975408132596284,0.05859436164512985,0.0737046579078515,False,False,P00,x_neighbor,-0.0,-0.0,0.0
994,k6_supported_scene,421031,6,0.5,corner,task,4,P10,6.9438124588283205,0.4495824783460922,0.43938725990019545,0.1975408132596284,0.05859436164512985,0.0737046579078515,False,False,P10,self,-11.634238613484829,15.424108521907563,19.319902479336765
994,k6_supported_scene,421031,6,0.5,corner,task,4,P10,6.9438124588283205,0.4495824783460922,0.43938725990019545,0.1975408132596284,0.05859436164512985,0.0737046579078515,False,False,P01,diagonal,17.465235046188333,-0.7161759802821331,17.479912564236074
994,k6_supported_scene,421031,6,0.5,corner,task,4,P10,6.9438124588283205,0.4495824783460922,0.43938725990019545,0.1975408132596284,0.05859436164512985,0.0737046579078515,False,False,P11,y_neighbor,30.232019981966907,18.455050189449132,35.41982368229877
997,k6_supported_scene,421031,6,0.5,corner,task,5,P10,8.763865691603815,0.3645916477707346,0.44998313381533006,0.16406009222677015,0.021762931075092473,0.03723761385656865,False,False,P00,x_neighbor,-0.0,0.0,0.0
997,k6_supported_scene,421031,6,0.5,corner,task,5,P10,8.763865691603815,0.3645916477707346,0.44998313381533006,0.16406009222677015,0.021762931075092473,0.03723761385656865,False,False,P10,self,23.40649111198327,-4.438538176147608,23.823611130902712
997,k6_supported_scene,421031,6,0.5,corner,task,5,P10,8.763865691603815,0.3645916477707346,0.44998313381533006,0.16406009222677015,0.021762931075092473,0.03723761385656865,False,False,P01,diagonal,-16.536519563720034,16.243257125814246,23.179729966861366
997,k6_supported_scene,421031,6,0.5,corner,task,5,P10,8.763865691603815,0.3645916477707346,0.44998313381533006,0.16406009222677015,0.021762931075092473,0.03723761385656865,False,False,P11,y_neighbor,11.608912596256046,39.53942720259616,41.20841121879019
1000,k6_supported_scene,421031,6,0.5,edge,combined,-1,P11,7.444513996424719,0.4243989494435157,0.4658675308660681,0.1977136906794039,0.05039344213384689,0.06641438095707966,False,False,P00,diagonal,-16.70059011215567,12.954394644655038,21.135894840382296
1000,k6_supported_scene,421031,6,0.5,edge,combined,-1,P11,7.444513996424719,0.4243989494435157,0.4658675308660681,0.1977136906794039,0.05039344213384689,0.06641438095707966,False,False,P10,y_neighbor,4.206437697945068,25.90473140180536,26.24403221889453
1000,k6_supported_scene,421031,6,0.5,edge,combined,-1,P11,7.444513996424719,0.4243989494435157,0.4658675308660681,0.1977136906794039,0.05039344213384689,0.06641438095707966,False,False,P01,x_neighbor,-3.666875194873075,19.031508561414444,19.38154513494646
1000,k6_supported_scene,421031,6,0.5,edge,combined,-1,P11,7.444513996424719,0.4243989494435157,0.4658675308660681,0.1977136906794039,0.05039344213384689,0.06641438095707966,False,False,P11,self,9.771987179554865,17.98274162916716,20.46633161899724
1003,k6_supported_scene,421031,6,0.5,edge,task,0,P01,3.9148794118907135,0.6371710413274183,0.4375320076942444,0.2787827249566177,0.14042295560260487,0.1554694507198851,False,False,P00,y_neighbor,15.247718498117594,9.621076302390234,18.02936572967148
1003,k6_supported_scene,421031,6,0.5,edge,task,0,P01,3.9148794118907135,0.6371710413274183,0.4375320076942444,0.2787827249566177,0.14042295560260487,0.1554694507198851,False,False,P10,diagonal,-1.2542616315485011,-10.035960941381674,10.114034024923647
1003,k6_supported_scene,421031,6,0.5,edge,task,0,P01,3.9148794118907135,0.6371710413274183,0.4375320076942444,0.2787827249566177,0.14042295560260487,0.1554694507198851,False,False,P01,self,6.73829867641924,11.850132596157582,13.631959198851414
1003,k6_supported_scene,421031,6,0.5,edge,task,0,P01,3.9148794118907135,0.6371710413274183,0.4375320076942444,0.2787827249566177,0.14042295560260487,0.1554694507198851,False,False,P11,x_neighbor,-18.6356561408663,-3.2026251584629,18.908846810586503
1006,k6_supported_scene,421031,6,0.5,edge,task,1,P11,6.244102567499463,0.48729827231998,0.47252951852043396,0.2302628179951995,0.0808358639764706,0.09708590504353931,False,False,P00,diagonal,-6.990628274445381,-24.081113665275712,25.075265083970777
1006,k6_supported_scene,421031,6,0.5,edge,task,1,P11,6.244102567499463,0.48729827231998,0.47252951852043396,0.2302628179951995,0.0808358639764706,0.09708590504353931,False,False,P10,y_neighbor,2.9905622941107137,16.037581857457226,16.31402754287236
1006,k6_supported_scene,421031,6,0.5,edge,task,1,P11,6.244102567499463,0.48729827231998,0.47252951852043396,0.2302628179951995,0.0808358639764706,0.09708590504353931,False,False,P01,x_neighbor,-10.376262209033152,10.130279234163698,14.50135768791108
1006,k6_supported_scene,421031,6,0.5,edge,task,1,P11,6.244102567499463,0.48729827231998,0.47252951852043396,0.2302628179951995,0.0808358639764706,0.09708590504353931,False,False,P11,self,4.969241593206061,17.11789941308313,17.824585333972877
1009,k6_supported_scene,421031,6,0.5,edge,task,2,P01,6.655260721039589,0.46476879769017965,0.42298596306238484,0.1965906774923273,0.06283077133662862,0.0773770356463791,False,False,P00,y_neighbor,11.841484080818109,15.687868403258614,19.655278178500264
1009,k6_supported_scene,421031,6,0.5,edge,task,2,P01,6.655260721039589,0.46476879769017965,0.42298596306238484,0.1965906774923273,0.06283077133662862,0.0773770356463791,False,False,P10,diagonal,-3.299435736228779,23.61472458466146,23.844108148280945
1009,k6_supported_scene,421031,6,0.5,edge,task,2,P01,6.655260721039589,0.46476879769017965,0.42298596306238484,0.1965906774923273,0.06283077133662862,0.0773770356463791,False,False,P01,self,-2.58604339155112,18.508837705753848,18.688624712399804
1009,k6_supported_scene,421031,6,0.5,edge,task,2,P01,6.655260721039589,0.46476879769017965,0.42298596306238484,0.1965906774923273,0.06283077133662862,0.0773770356463791,False,False,P11,x_neighbor,-12.901814904680123,21.943341273369715,25.45519699539167
1012,k6_supported_scene,421031,6,0.5,edge,task,3,P10,4.374771692502797,0.6043122743001449,0.2519763047294411,0.15227237378079492,0.07259046984702576,0.08125580214754018,False,False,P00,x_neighbor,-34.72839356218247,4.143820722203508,34.97474188021407
1012,k6_supported_scene,421031,6,0.5,edge,task,3,P10,4.374771692502797,0.6043122743001449,0.2519763047294411,0.15227237378079492,0.07259046984702576,0.08125580214754018,False,False,P10,self,-9.95202674712138,10.370414301413092,14.373180899104154
1012,k6_supported_scene,421031,6,0.5,edge,task,3,P10,4.374771692502797,0.6043122743001449,0.2519763047294411,0.15227237378079492,0.07259046984702576,0.08125580214754018,False,False,P01,diagonal,-5.445514318840975,30.66209199795221,31.141893196907397
1012,k6_supported_scene,421031,6,0.5,edge,task,3,P10,4.374771692502797,0.6043122743001449,0.2519763047294411,0.15227237378079492,0.07259046984702576,0.08125580214754018,False,False,P11,y_neighbor,29.137541386711383,2.2653354589033197,29.225469419731887
1015,k6_supported_scene,421031,6,0.5,edge,task,4,P00,2.7145490375478705,0.7315980649662646,0.29228174862901446,0.2138327617219431,0.12140515730549487,0.1314565725763289,False,False,P00,self,-3.8358418453758296,11.235759935827636,11.872488534350568
1015,k6_supported_scene,421031,6,0.5,edge,task,4,P00,2.7145490375478705,0.7315980649662646,0.29228174862901446,0.2138327617219431,0.12140515730549487,0.1314565725763289,False,False,P10,x_neighbor,-19.111480667540132,14.611992941230682,24.05741114543158
1015,k6_supported_scene,421031,6,0.5,edge,task,4,P00,2.7145490375478705,0.7315980649662646,0.29228174862901446,0.2138327617219431,0.12140515730549487,0.1314565725763289,False,False,P01,y_neighbor,16.99413765194005,12.222635351120491,20.933072623471855
1015,k6_supported_scene,421031,6,0.5,edge,task,4,P00,2.7145490375478705,0.7315980649662646,0.29228174862901446,0.2138327617219431,0.12140515730549487,0.1314565725763289,False,False,P11,diagonal,3.5753915464411805,21.892774832359375,22.182808987383705
1018,k6_supported_scene,421031,6,0.5,edge,task,5,P11,8.634650462168684,0.37005602278612043,0.5956086637251344,0.22040857323507912,0.03206057608500579,0.05254324407946426,False,False,P00,diagonal,2.7986246638225265,13.802219213967076,14.08309466130785
1018,k6_supported_scene,421031,6,0.5,edge,task,5,P11,8.634650462168684,0.37005602278612043,0.5956086637251344,0.22040857323507912,0.03206057608500579,0.05254324407946426,False,False,P10,y_neighbor,23.98530358106956,7.178941009751708,25.036612827967822
1018,k6_supported_scene,421031,6,0.5,edge,task,5,P11,8.634650462168684,0.37005602278612043,0.5956086637251344,0.22040857323507912,0.03206057608500579,0.05254324407946426,False,False,P01,x_neighbor,-13.231733715064745,1.3527227461983231,13.300700580588355
1018,k6_supported_scene,421031,6,0.5,edge,task,5,P11,8.634650462168684,0.37005602278612043,0.5956086637251344,0.22040857323507912,0.03206057608500579,0.05254324407946426,False,False,P11,self,0.08695018132402259,23.47166241066054,23.471823462484696
1021,k6_supported_scene,421031,6,0.5,interior,combined,-1,P10,7.807498055390033,0.40702876034571556,0.6813191672924346,0.27731649606281483,0.06186445784547595,0.08529466487878398,False,False,P00,x_neighbor,-13.19692458749691,8.556470264581597,15.728064151596966
1021,k6_supported_scene,421031,6,0.5,interior,combined,-1,P10,7.807498055390033,0.40702876034571556,0.6813191672924346,0.27731649606281483,0.06186445784547595,0.08529466487878398,False,False,P10,self,1.7782548465614787,21.265523583873946,21.33974422516864
1021,k6_supported_scene,421031,6,0.5,interior,combined,-1,P10,7.807498055390033,0.40702876034571556,0.6813191672924346,0.27731649606281483,0.06186445784547595,0.08529466487878398,False,False,P01,diagonal,-0.0,0.0,0.0
1021,k6_supported_scene,421031,6,0.5,interior,combined,-1,P10,7.807498055390033,0.40702876034571556,0.6813191672924346,0.27731649606281483,0.06186445784547595,0.08529466487878398,False,False,P11,y_neighbor,13.264948338742824,10.114492186336077,16.68118121168191
1027,k6_supported_scene,421031,6,0.5,interior,task,1,P10,6.661629196375145,0.4644281551159988,0.5620393998732983,0.26102692158565916,0.08329445775028177,0.10262269645555705,False,False,P00,x_neighbor,-15.788959061065693,5.20345792343706,16.624295551781685
1027,k6_supported_scene,421031,6,0.5,interior,task,1,P10,6.661629196375145,0.4644281551159988,0.5620393998732983,0.26102692158565916,0.08329445775028177,0.10262269645555705,False,False,P10,self,-5.001028319334644,18.021291444053592,18.702332195806658
1027,k6_supported_scene,421031,6,0.5,interior,task,1,P10,6.661629196375145,0.4644281551159988,0.5620393998732983,0.26102692158565916,0.08329445775028177,0.10262269645555705,False,False,P01,diagonal,-0.0,0.0,0.0
1027,k6_supported_scene,421031,6,0.5,interior,task,1,P10,6.661629196375145,0.4644281551159988,0.5620393998732983,0.26102692158565916,0.08329445775028177,0.10262269645555705,False,False,P11,y_neighbor,19.585675392810312,9.876146889549636,21.934834350331812
1030,k6_supported_scene,421031,6,0.5,interior,task,2,P10,7.806410435667633,0.407079730395212,0.5713861169947595,0.23259970645779382,0.051911551147505425,0.07156121852784339,False,False,P00,x_neighbor,2.6925952382633396,17.343695428835215,17.55146262410395
1030,k6_supported_scene,421031,6,0.5,interior,task,2,P10,7.806410435667633,0.407079730395212,0.5713861169947595,0.23259970645779382,0.051911551147505425,0.07156121852784339,False,False,P10,self,9.252907257290586,19.226397517298857,21.33707229694872
1030,k6_supported_scene,421031,6,0.5,interior,task,2,P10,7.806410435667633,0.407079730395212,0.5713861169947595,0.23259970645779382,0.051911551147505425,0.07156121852784339,False,False,P01,diagonal,0.0,-0.0,0.0
1030,k6_supported_scene,421031,6,0.5,interior,task,2,P10,7.806410435667633,0.407079730395212,0.5713861169947595,0.23259970645779382,0.051911551147505425,0.07156121852784339,False,False,P11,y_neighbor,3.854106879304428,24.825288356887032,25.122680626073578
1033,k6_supported_scene,421031,6,0.5,interior,task,3,P10,8.219257080461691,0.3881835665993628,0.6887440972344022,0.26735914013870854,0.04955913291298972,0.0732446793732501,False,False,P00,x_neighbor,-15.715951351432874,9.421089848496234,18.32342928640934
1033,k6_supported_scene,421031,6,0.5,interior,task,3,P10,8.219257080461691,0.3881835665993628,0.6887440972344022,0.26735914013870854,0.04955913291298972,0.0732446793732501,False,False,P10,self,1.0992962422344417,22.348707369119786,22.37572732446344
1033,k6_supported_scene,421031,6,0.5,interior,task,3,P10,8.219257080461691,0.3881835665993628,0.6887440972344022,0.26735914013870854,0.04955913291298972,0.0732446793732501,False,False,P01,diagonal,0.0,-0.0,0.0
1033,k6_supported_scene,421031,6,0.5,interior,task,3,P10,8.219257080461691,0.3881835665993628,0.6887440972344022,0.26735914013870854,0.04955913291298972,0.0732446793732501,False,False,P11,y_neighbor,12.694586674560492,7.607784210565696,14.799692950614263
1036,k6_supported_scene,421031,6,0.5,interior,task,4,P11,4.7090874598737935,0.5814945209513197,0.30658332191382337,0.17827652190794294,0.08132636292111349,0.09186960175871542,False,False,P00,diagonal,28.341368094219618,19.62082039360165,34.47041830860229
1036,k6_supported_scene,421031,6,0.5,interior,task,4,P11,4.7090874598737935,0.5814945209513197,0.30658332191382337,0.17827652190794294,0.08132636292111349,0.09186960175871542,False,False,P10,y_neighbor,19.282837228821066,24.302717715783366,31.023376669315965
1036,k6_supported_scene,421031,6,0.5,interior,task,4,P11,4.7090874598737935,0.5814945209513197,0.30658332191382337,0.17827652190794294,0.08132636292111349,0.09186960175871542,False,False,P01,x_neighbor,-0.0,-0.0,0.0
1036,k6_supported_scene,421031,6,0.5,interior,task,4,P11,4.7090874598737935,0.5814945209513197,0.30658332191382337,0.17827652190794294,0.08132636292111349,0.09186960175871542,False,False,P11,self,14.93515069443149,0.2463480626624464,14.937182252130253
1039,k6_supported_scene,421031,6,0.5,interior,task,5,P10,7.857976758137184,0.40467014228742815,0.6384769594584957,0.258372562031314,0.05646841948853068,0.07842530557696889,False,False,P00,x_neighbor,-3.0277850580072343,15.367573751636307,15.663007545470732
1039,k6_supported_scene,421031,6,0.5,interior,task,5,P10,7.857976758137184,0.40467014228742815,0.6384769594584957,0.258372562031314,0.05646841948853068,0.07842530557696889,False,False,P10,self,10.152494371970821,18.911251326021475,21.464122825982155
1039,k6_supported_scene,421031,6,0.5,interior,task,5,P10,7.857976758137184,0.40467014228742815,0.6384769594584957,0.258372562031314,0.05646841948853068,0.07842530557696889,False,False,P01,diagonal,-0.0,0.0,0.0
1039,k6_supported_scene,421031,6,0.5,interior,task,5,P10,7.857976758137184,0.40467014228742815,0.6384769594584957,0.258372562031314,0.05646841948853068,0.07842530557696889,False,False,P11,y_neighbor,4.054373048613396,20.190913704098165,20.59395389486103
1042,k6_supported_scene,421032,6,0.5,corner,combined,-1,P11,3.4027681042082274,0.6758675489900745,0.267039459336113,0.18048330486513336,0.09603801320093011,0.10522135944843446,False,False,P00,diagonal,-0.0,-0.0,0.0
1042,k6_supported_scene,421032,6,0.5,corner,combined,-1,P11,3.4027681042082274,0.6758675489900745,0.267039459336113,0.18048330486513336,0.09603801320093011,0.10522135944843446,False,False,P10,y_neighbor,32.39069957561297,29.800886781449936,44.01420534280281
1042,k6_supported_scene,421032,6,0.5,corner,combined,-1,P11,3.4027681042082274,0.6758675489900745,0.267039459336113,0.18048330486513336,0.09603801320093011,0.10522135944843446,False,False,P01,x_neighbor,-10.518731503183986,-10.150422433945282,14.617619095585127
1042,k6_supported_scene,421032,6,0.5,corner,combined,-1,P11,3.4027681042082274,0.6758675489900745,0.267039459336113,0.18048330486513336,0.09603801320093011,0.10522135944843446,False,False,P11,self,-6.749838878342058,-10.936173203399639,12.851467200998268
1048,k6_supported_scene,421032,6,0.5,corner,task,1,P10,8.30142903941969,0.3845285125782742,0.5393540494169731,0.20739701037537764,0.03683828423611302,0.05538638569686147,False,False,P00,x_neighbor,-0.0,0.0,0.0
1048,k6_supported_scene,421032,6,0.5,corner,task,1,P10,8.30142903941969,0.3845285125782742,0.5393540494169731,0.20739701037537764,0.03683828423611302,0.05538638569686147,False,False,P10,self,17.310753479247094,14.511178730375667,22.58841504320683
1048,k6_supported_scene,421032,6,0.5,corner,task,1,P10,8.30142903941969,0.3845285125782742,0.5393540494169731,0.20739701037537764,0.03683828423611302,0.05538638569686147,False,False,P01,diagonal,21.222120383525684,14.502422038453188,25.70405879533948
1048,k6_supported_scene,421032,6,0.5,corner,task,1,P10,8.30142903941969,0.3845285125782742,0.5393540494169731,0.20739701037537764,0.03683828423611302,0.05538638569686147,False,False,P11,y_neighbor,16.895056820570087,17.251023195312822,24.146236689296178
1054,k6_supported_scene,421032,6,0.5,corner,task,3,P11,9.768812031782337,0.3247576562011661,0.35516810194455684,0.11534356034493108,0.0030295449065633195,0.015243588719917836,False,False,P00,diagonal,-0.0,-0.0,0.0
1054,k6_supported_scene,421032,6,0.5,corner,task,3,P11,9.768812031782337,0.3247576562011661,0.35516810194455684,0.11534356034493108,0.0030295449065633195,0.015243588719917836,False,False,P10,y_neighbor,46.14749638621379,37.34058440004543,59.362535879564064
1054,k6_supported_scene,421032,6,0.5,corner,task,3,P11,9.768812031782337,0.3247576562011661,0.35516810194455684,0.11534356034493108,0.0030295449065633195,0.015243588719917836,False,False,P01,x_neighbor,-7.638077798445959,-37.056469637335724,37.83546186367886
1054,k6_supported_scene,421032,6,0.5,corner,task,3,P11,9.768812031782337,0.3247576562011661,0.35516810194455684,0.11534356034493108,0.0030295449065633195,0.015243588719917836,False,False,P11,self,5.036095980043588,-26.267342864019746,26.745757866551106
1057,k6_supported_scene,421032,6,0.5,corner,task,4,P10,6.5697392264117624,0.4693675257714559,0.4703500327627403,0.22076703112437066,0.07202929101786276,0.08820438071855227,False,False,P00,x_neighbor,0.0,-0.0,0.0
1057,k6_supported_scene,421032,6,0.5,corner,task,4,P10,6.5697392264117624,0.4693675257714559,0.4703500327627403,0.22076703112437066,0.07202929101786276,0.08820438071855227,False,False,P10,self,18.275418428768482,2.9091772889374106,18.50551894017133
1057,k6_supported_scene,421032,6,0.5,corner,task,4,P10,6.5697392264117624,0.4693675257714559,0.4703500327627403,0.22076703112437066,0.07202929101786276,0.08820438071855227,False,False,P01,diagonal,20.862239246728464,-12.205685643694787,24.170473483579805
1057,k6_supported_scene,421032,6,0.5,corner,task,4,P10,6.5697392264117624,0.4693675257714559,0.4703500327627403,0.22076703112437066,0.07202929101786276,0.08820438071855227,False,False,P11,y_neighbor,8.148046723900235,23.556419886516764,24.92580155751754
1060,k6_supported_scene,421032,6,0.5,corner,task,5,P10,8.892850823162266,0.3592174775068022,0.5005255218475207,0.17979751538584224,0.02151744777758874,0.03873025664211366,False,False,P00,x_neighbor,-0.0,-0.0,0.0
1060,k6_supported_scene,421032,6,0.5,corner,task,5,P10,8.892850823162266,0.3592174775068022,0.5005255218475207,0.17979751538584224,0.02151744777758874,0.03873025664211366,False,False,P10,self,22.123766444978337,9.757706875900556,24.180030711062926
1060,k6_supported_scene,421032,6,0.5,corner,task,5,P10,8.892850823162266,0.3592174775068022,0.5005255218475207,0.17979751538584224,0.02151744777758874,0.03873025664211366,False,False,P01,diagonal,-19.675463956702107,-20.589139458441508,28.47870336849339
1060,k6_supported_scene,421032,6,0.5,corner,task,5,P10,8.892850823162266,0.3592174775068022,0.5005255218475207,0.17979751538584224,0.02151744777758874,0.03873025664211366,False,False,P11,y_neighbor,2.309819970600092,30.54081643633669,30.62803841081888
1075,k6_supported_scene,421032,6,0.5,edge,task,3,P10,9.08868980414433,0.3512088975285907,0.6347394585609436,0.22292614545908357,0.022203904475619096,0.04403225987826312,False,False,P00,x_neighbor,-26.735010802071542,13.846247649325747,30.10779594313308
1075,k6_supported_scene,421032,6,0.5,edge,task,3,P10,9.08868980414433,0.3512088975285907,0.6347394585609436,0.22292614545908357,0.022203904475619096,0.04403225987826312,False,False,P10,self,13.471481672793402,20.740337423907764,24.731405437579912
1075,k6_supported_scene,421032,6,0.5,edge,task,3,P10,9.08868980414433,0.3512088975285907,0.6347394585609436,0.22292614545908357,0.022203904475619096,0.04403225987826312,False,False,P01,diagonal,0.0,-0.0,0.0
1075,k6_supported_scene,421032,6,0.5,edge,task,3,P10,9.08868980414433,0.3512088975285907,0.6347394585609436,0.22292614545908357,0.022203904475619096,0.04403225987826312,False,False,P11,y_neighbor,0.0,-0.0,0.0
1084,k6_supported_scene,421032,6,0.5,interior,combined,-1,P10,6.912186187390484,0.4512224410099249,0.42480913799388437,0.19168341620892249,0.05734697151757781,0.07195593385220952,False,False,P00,x_neighbor,-8.392357980768747,23.235547187390807,24.704702499217383
1084,k6_supported_scene,421032,6,0.5,interior,combined,-1,P10,6.912186187390484,0.4512224410099249,0.42480913799388437,0.19168341620892249,0.05734697151757781,0.07195593385220952,False,False,P10,self,-7.117859546584211,17.8853691496287,19.249684520619812
1084,k6_supported_scene,421032,6,0.5,interior,combined,-1,P10,6.912186187390484,0.4512224410099249,0.42480913799388437,0.19168341620892249,0.05734697151757781,0.07195593385220952,False,False,P01,diagonal,7.189755301324757,22.802234985844162,23.9088791381483
1084,k6_supported_scene,421032,6,0.5,interior,combined,-1,P10,6.912186187390484,0.4512224410099249,0.42480913799388437,0.19168341620892249,0.05734697151757781,0.07195593385220952,False,False,P11,y_neighbor,14.452526130920191,17.08657449479726,22.379154129036852
1087,k6_supported_scene,421032,6,0.5,interior,task,0,P11,5.748655631200261,0.5159020082342359,0.39030920246549095,0.20136130138424976,0.07793469423277387,0.0913572219698316,False,False,P00,diagonal,15.492669215122987,-2.385135253528447,15.67519280860187
1087,k6_supported_scene,421032,6,0.5,interior,task,0,P11,5.748655631200261,0.5159020082342359,0.39030920246549095,0.20136130138424976,0.07793469423277387,0.0913572219698316,False,False,P10,y_neighbor,29.202851739971113,13.616200907604041,32.221227116653566
1087,k6_supported_scene,421032,6,0.5,interior,task,0,P11,5.748655631200261,0.5159020082342359,0.39030920246549095,0.20136130138424976,0.07793469423277387,0.0913572219698316,False,False,P01,x_neighbor,-17.101095927055184,0.9342791729997667,17.12659801243214
1087,k6_supported_scene,421032,6,0.5,interior,task,0,P11,5.748655631200261,0.5159020082342359,0.39030920246549095,0.20136130138424976,0.07793469423277387,0.0913572219698316,False,False,P11,self,-16.64027291047037,2.561811894200458,16.836316779990835
1090,k6_supported_scene,421032,6,0.5,interior,task,1,P01,3.1397165805200893,0.6966492453166399,0.31177434532308285,0.21719736237841505,0.11860565765553438,0.12932741305194242,False,False,P00,y_neighbor,7.92979903744038,20.94556591412181,22.396393554253592
1090,k6_supported_scene,421032,6,0.5,interior,task,1,P01,3.1397165805200893,0.6966492453166399,0.31177434532308285,0.21719736237841505,0.11860565765553438,0.12932741305194242,False,False,P10,diagonal,13.386696260225971,17.375948419075563,21.934612379203845
1090,k6_supported_scene,421032,6,0.5,interior,task,1,P01,3.1397165805200893,0.6966492453166399,0.31177434532308285,0.21719736237841505,0.11860565765553438,0.12932741305194242,False,False,P01,self,4.414527261077138,11.660418766984053,12.468095955687344
1090,k6_supported_scene,421032,6,0.5,interior,task,1,P01,3.1397165805200893,0.6966492453166399,0.31177434532308285,0.21719736237841505,0.11860565765553438,0.12932741305194242,False,False,P11,x_neighbor,-4.835373554527803,20.92132139996742,21.472832289489936
1093,k6_supported_scene,421032,6,0.5,interior,task,2,P11,4.39956911746983,0.602589478100364,0.3490057461443873,0.21030719042317447,0.09994188299289523,0.11194400663851886,False,False,P00,diagonal,-18.992697677056203,-5.516861965396517,19.777723099419074
1093,k6_supported_scene,421032,6,0.5,interior,task,2,P11,4.39956911746983,0.602589478100364,0.3490057461443873,0.21030719042317447,0.09994188299289523,0.11194400663851886,False,False,P10,y_neighbor,-3.9977061887362395,21.419141204272954,21.78901706594502
1093,k6_supported_scene,421032,6,0.5,interior,task,2,P11,4.39956911746983,0.602589478100364,0.3490057461443873,0.21030719042317447,0.09994188299289523,0.11194400663851886,False,False,P01,x_neighbor,-15.718357126519535,19.621720198986438,25.141174481796188
1093,k6_supported_scene,421032,6,0.5,interior,task,2,P11,4.39956911746983,0.602589478100364,0.3490057461443873,0.21030719042317447,0.09994188299289523,0.11194400663851886,False,False,P11,self,10.31229929430475,10.071135398900354,14.414273653511025
1096,k6_supported_scene,421032,6,0.5,interior,task,3,P00,4.735193692525998,0.5797494100490228,0.4300505553491288,0.24932155575491205,0.11332762936255653,0.12811684127723366,False,False,P00,self,-0.4767701025765704,14.974556907505193,14.982144850014713
1096,k6_supported_scene,421032,6,0.5,interior,task,3,P00,4.735193692525998,0.5797494100490228,0.4300505553491288,0.24932155575491205,0.11332762936255653,0.12811684127723366,False,False,P10,x_neighbor,-15.51771474645763,14.560077984428226,21.27898827165098
1096,k6_supported_scene,421032,6,0.5,interior,task,3,P00,4.735193692525998,0.5797494100490228,0.4300505553491288,0.24932155575491205,0.11332762936255653,0.12811684127723366,False,False,P01,y_neighbor,11.832792394618325,8.463205103594134,14.547880136969754
1096,k6_supported_scene,421032,6,0.5,interior,task,3,P00,4.735193692525998,0.5797494100490228,0.4300505553491288,0.24932155575491205,0.11332762936255653,0.12811684127723366,False,False,P11,diagonal,16.422252707431216,7.423078278863265,18.021999753658402
1099,k6_supported_scene,421032,6,0.5,interior,task,4,P00,7.4157369865064195,0.4258073470669745,0.5001665012058756,0.21297457097024458,0.05480803565745246,0.07200849799135442,False,False,P00,self,9.191101024280842,18.210658038416486,20.398637313082443
1099,k6_supported_scene,421032,6,0.5,interior,task,4,P00,7.4157369865064195,0.4258073470669745,0.5001665012058756,0.21297457097024458,0.05480803565745246,0.07200849799135442,False,False,P10,x_neighbor,-4.966774657251514,15.08924988154511,15.885663740732554
1099,k6_supported_scene,421032,6,0.5,interior,task,4,P00,7.4157369865064195,0.4258073470669745,0.5001665012058756,0.21297457097024458,0.05480803565745246,0.07200849799135442,False,False,P01,y_neighbor,10.329821103756165,20.46684461808315,22.92590091264388
1099,k6_supported_scene,421032,6,0.5,interior,task,4,P00,7.4157369865064195,0.4258073470669745,0.5001665012058756,0.21297457097024458,0.05480803565745246,0.07200849799135442,False,False,P11,diagonal,-2.6285079196274,21.50220752953068,21.662270945737657
1102,k6_supported_scene,421032,6,0.5,interior,task,5,P10,6.079828858442796,0.4966021061038382,0.4736194285777176,0.23520040572339093,0.08542879188208796,0.10171631438152459,False,False,P00,x_neighbor,-14.338307727020567,-3.1651456644852933,14.683501474517163
1102,k6_supported_scene,421032,6,0.5,interior,task,5,P10,6.079828858442796,0.4966021061038382,0.4736194285777176,0.23520040572339093,0.08542879188208796,0.10171631438152459,False,False,P10,self,6.353990486401718,16.295685359219718,17.490641967291293
1102,k6_supported_scene,421032,6,0.5,interior,task,5,P10,6.079828858442796,0.4966021061038382,0.4736194285777176,0.23520040572339093,0.08542879188208796,0.10171631438152459,False,False,P01,diagonal,-16.86859745988323,-3.723701919264701,17.27470799310699
1102,k6_supported_scene,421032,6,0.5,interior,task,5,P10,6.079828858442796,0.4966021061038382,0.4736194285777176,0.23520040572339093,0.08542879188208796,0.10171631438152459,False,False,P11,y_neighbor,17.71393583078165,15.168347696868755,23.32085535459953
1105,k6_supported_scene,421033,6,0.5,corner,combined,-1,P10,-2.426911693807349,1.32234745797125,0.14923520024556358,0.19734078768455143,0.1501484736998214,0.1552805935729585,False,False,P00,x_neighbor,-9.003846163422148,-9.754848303435402,13.275025843952555
1105,k6_supported_scene,421033,6,0.5,corner,combined,-1,P10,-2.426911693807349,1.32234745797125,0.14923520024556358,0.19734078768455143,0.1501484736998214,0.1552805935729585,False,False,P10,self,6.545877078539645,-0.5451475347133391,6.5685380840758425
1105,k6_supported_scene,421033,6,0.5,corner,combined,-1,P10,-2.426911693807349,1.32234745797125,0.14923520024556358,0.19734078768455143,0.1501484736998214,0.1552805935729585,False,False,P01,diagonal,-15.621958983212362,4.145466705832775,16.16262654033488
1105,k6_supported_scene,421033,6,0.5,corner,combined,-1,P10,-2.426911693807349,1.32234745797125,0.14923520024556358,0.19734078768455143,0.1501484736998214,0.1552805935729585,False,False,P11,y_neighbor,25.14437719506602,28.713219008864726,38.16659076180092
1108,k6_supported_scene,421033,6,0.5,corner,task,0,P10,-0.902657848442223,1.1095142703746432,0.12916314770726395,0.14330835558771723,0.10246338193654629,0.10690523450306302,False,False,P00,x_neighbor,-14.248718924027092,2.4196847863494275,14.452711352587743
1108,k6_supported_scene,421033,6,0.5,corner,task,0,P10,-0.902657848442223,1.1095142703746432,0.12916314770726395,0.14330835558771723,0.10246338193654629,0.10690523450306302,False,False,P10,self,3.1981460953101952,-7.145493726759508,7.82855152924903
1108,k6_supported_scene,421033,6,0.5,corner,task,0,P10,-0.902657848442223,1.1095142703746432,0.12916314770726395,0.14330835558771723,0.10246338193654629,0.10690523450306302,False,False,P01,diagonal,-20.31174333355362,35.55674591653252,40.94934794866716
1108,k6_supported_scene,421033,6,0.5,corner,task,0,P10,-0.902657848442223,1.1095142703746432,0.12916314770726395,0.14330835558771723,0.10246338193654629,0.10690523450306302,False,False,P11,y_neighbor,25.445965509781566,32.848647500688934,41.551543934606215
1111,k6_supported_scene,421033,6,0.5,corner,task,1,P01,5.439024797620952,0.5346243806178981,0.31253967315749726,0.1670913291803473,0.06825760654611926,0.07900568116334117,False,False,P00,y_neighbor,7.8126843108222195,23.778120197615635,25.028724223835788
1111,k6_supported_scene,421033,6,0.5,corner,task,1,P01,5.439024797620952,0.5346243806178981,0.31253967315749726,0.1670913291803473,0.06825760654611926,0.07900568116334117,False,False,P10,diagonal,30.429600072910002,-6.7816214880915435,31.176127896276498
1111,k6_supported_scene,421033,6,0.5,corner,task,1,P01,5.439024797620952,0.5346243806178981,0.31253967315749726,0.1670913291803473,0.06825760654611926,0.07900568116334117,False,False,P01,self,-16.003020489551886,-2.8034023812295032,16.246714427849735
1111,k6_supported_scene,421033,6,0.5,corner,task,1,P01,5.439024797620952,0.5346243806178981,0.31253967315749726,0.1670913291803473,0.06825760654611926,0.07900568116334117,False,False,P11,x_neighbor,-7.774574725354103,27.918322373472304,28.980626913668363
1114,k6_supported_scene,421033,6,0.5,corner,task,2,P01,-0.722977884952909,1.0867981594544518,0.22712588090754454,0.2468399893347904,0.1750164794107912,0.18282721873496774,False,False,P00,y_neighbor,15.632345334299066,17.6213103149635,23.55590791854606
1114,k6_supported_scene,421033,6,0.5,corner,task,2,P01,-0.722977884952909,1.0867981594544518,0.22712588090754454,0.2468399893347904,0.1750164794107912,0.18282721873496774,False,False,P10,diagonal,9.43998805870224,-8.374469838373338,12.619236095036245
1114,k6_supported_scene,421033,6,0.5,corner,task,2,P01,-0.722977884952909,1.0867981594544518,0.22712588090754454,0.2468399893347904,0.1750164794107912,0.18282721873496774,False,False,P01,self,0.47717548345159916,-7.977925210100635,7.992182874532247
1114,k6_supported_scene,421033,6,0.5,corner,task,2,P01,-0.722977884952909,1.0867981594544518,0.22712588090754454,0.2468399893347904,0.1750164794107912,0.18282721873496774,False,False,P11,x_neighbor,-21.43685947139331,0.8243094823760073,21.452702163573708
1117,k6_supported_scene,421033,6,0.5,corner,task,3,P00,5.804935924774409,0.5125700233845173,0.4984463870207353,0.25548867625114646,0.09786608880441514,0.11500739731817883,False,False,P00,self,9.624366318495454,13.947416377874893,16.945762026253128
1117,k6_supported_scene,421033,6,0.5,corner,task,3,P00,5.804935924774409,0.5125700233845173,0.4984463870207353,0.25548867625114646,0.09786608880441514,0.11500739731817883,False,False,P10,x_neighbor,-15.499862060852532,3.3250007138673823,15.852487301766695
1117,k6_supported_scene,421033,6,0.5,corner,task,3,P00,5.804935924774409,0.5125700233845173,0.4984463870207353,0.25548867625114646,0.09786608880441514,0.11500739731817883,False,False,P01,y_neighbor,16.06522607298265,10.390084776191882,19.13231168553596
1117,k6_supported_scene,421033,6,0.5,corner,task,3,P00,5.804935924774409,0.5125700233845173,0.4984463870207353,0.25548867625114646,0.09786608880441514,0.11500739731817883,False,False,P11,diagonal,6.284984492779364,14.553361949435539,15.852487946873046
1120,k6_supported_scene,421033,6,0.5,corner,task,4,P01,4.853903203754873,0.5718799095463613,0.3622574805741226,0.207167775223222,0.09261190141837913,0.10506974522592484,False,False,P00,y_neighbor,13.60560779736793,18.27370015620055,22.78246432971032
1120,k6_supported_scene,421033,6,0.5,corner,task,4,P01,4.853903203754873,0.5718799095463613,0.3622574805741226,0.207167775223222,0.09261190141837913,0.10506974522592484,False,False,P10,diagonal,-22.863220209263392,10.865730140635318,25.31384857793024
1120,k6_supported_scene,421033,6,0.5,corner,task,4,P01,4.853903203754873,0.5718799095463613,0.3622574805741226,0.207167775223222,0.09261190141837913,0.10506974522592484,False,False,P01,self,12.216220696046934,9.02489489788626,15.188310505530852
1120,k6_supported_scene,421033,6,0.5,corner,task,4,P01,4.853903203754873,0.5718799095463613,0.3622574805741226,0.207167775223222,0.09261190141837913,0.10506974522592484,False,False,P11,x_neighbor,-19.14132692797296,0.9761464367567251,19.166200938880287
1123,k6_supported_scene,421033,6,0.5,corner,task,5,P10,5.707150916870322,0.5183730971437024,0.2979603580833634,0.15445463364571965,0.06023129524744056,0.07047799490416005,False,False,P00,x_neighbor,-23.50144131632355,-10.031825169901303,25.552989261220787
1123,k6_supported_scene,421033,6,0.5,corner,task,5,P10,5.707150916870322,0.5183730971437024,0.2979603580833634,0.15445463364571965,0.06023129524744056,0.07047799490416005,False,False,P10,self,-10.768502225695842,12.837633610378738,16.75605791644151
1123,k6_supported_scene,421033,6,0.5,corner,task,5,P10,5.707150916870322,0.5183730971437024,0.2979603580833634,0.15445463364571965,0.06023129524744056,0.07047799490416005,False,False,P01,diagonal,-30.996919382662448,-0.3331039212631096,30.998709157602608
1123,k6_supported_scene,421033,6,0.5,corner,task,5,P10,5.707150916870322,0.5183730971437024,0.2979603580833634,0.15445463364571965,0.06023129524744056,0.07047799490416005,False,False,P11,y_neighbor,32.74791056573381,13.978773309862879,35.606625081153574
1126,k6_supported_scene,421033,6,0.5,edge,combined,-1,P01,8.21731162699363,0.38827052115177096,0.5480396818000257,0.2127876528643467,0.039482288600145854,0.05832908438026721,False,False,P00,y_neighbor,19.645470538959337,21.549037573044647,29.159998851536486
1126,k6_supported_scene,421033,6,0.5,edge,combined,-1,P01,8.21731162699363,0.38827052115177096,0.5480396818000257,0.2127876528643467,0.039482288600145854,0.05832908438026721,False,False,P10,diagonal,0.0,-0.0,0.0
1126,k6_supported_scene,421033,6,0.5,edge,combined,-1,P01,8.21731162699363,0.38827052115177096,0.5480396818000257,0.2127876528643467,0.039482288600145854,0.05832908438026721,False,False,P01,self,22.249255159837947,2.3280009014286165,22.370716201423413
1126,k6_supported_scene,421033,6,0.5,edge,combined,-1,P01,8.21731162699363,0.38827052115177096,0.5480396818000257,0.2127876528643467,0.039482288600145854,0.05832908438026721,False,False,P11,x_neighbor,-8.000969320855761,-15.85759030991967,17.761719525725354
1132,k6_supported_scene,421033,6,0.5,edge,task,1,P00,6.321214021243921,0.482991289937886,0.34099104689997256,0.1646957055994879,0.05686486860656677,0.06859137096979995,False,False,P00,self,-0.8098418341132314,17.96528884291467,17.983532662011495
1132,k6_supported_scene,421033,6,0.5,edge,task,1,P00,6.321214021243921,0.482991289937886,0.34099104689997256,0.1646957055994879,0.05686486860656677,0.06859137096979995,False,False,P10,x_neighbor,-0.0,-0.0,0.0
1132,k6_supported_scene,421033,6,0.5,edge,task,1,P00,6.321214021243921,0.482991289937886,0.34099104689997256,0.1646957055994879,0.05686486860656677,0.06859137096979995,False,False,P01,y_neighbor,32.21294436231159,19.131240668442345,37.46569302713143
1132,k6_supported_scene,421033,6,0.5,edge,task,1,P00,6.321214021243921,0.482991289937886,0.34099104689997256,0.1646957055994879,0.05686486860656677,0.06859137096979995,False,False,P11,diagonal,11.062315666026587,30.527747468865087,32.47026629730061
1138,k6_supported_scene,421033,6,0.5,edge,task,3,P01,5.353828705253102,0.5398940791650856,0.41794939809969456,0.22564840542463638,0.09348120095548793,0.10785426045099325,False,False,P00,y_neighbor,-5.727316581451659,18.848828593550174,19.699758744035563
1138,k6_supported_scene,421033,6,0.5,edge,task,3,P01,5.353828705253102,0.5398940791650856,0.41794939809969456,0.22564840542463638,0.09348120095548793,0.10785426045099325,False,False,P10,diagonal,0.0,-0.0,0.0
1138,k6_supported_scene,421033,6,0.5,edge,task,3,P01,5.353828705253102,0.5398940791650856,0.41794939809969456,0.22564840542463638,0.09348120095548793,0.10785426045099325,False,False,P01,self,8.931859247616302,13.380957598003413,16.088136494286534
1138,k6_supported_scene,421033,6,0.5,edge,task,3,P01,5.353828705253102,0.5398940791650856,0.41794939809969456,0.22564840542463638,0.09348120095548793,0.10785426045099325,False,False,P11,x_neighbor,-11.069294849360627,26.688481229410595,28.892980441530838
1141,k6_supported_scene,421033,6,0.5,edge,task,4,P11,8.034639303416798,0.39652268184665695,0.25767357337765934,0.10217341635672085,0.020689877885927868,0.02955113625216947,False,False,P00,diagonal,-50.33759501626689,-17.209800536119296,53.198220896141905
1141,k6_supported_scene,421033,6,0.5,edge,task,4,P11,8.034639303416798,0.39652268184665695,0.25767357337765934,0.10217341635672085,0.020689877885927868,0.02955113625216947,False,False,P10,y_neighbor,-0.0,-0.0,0.0
1141,k6_supported_scene,421033,6,0.5,edge,task,4,P11,8.034639303416798,0.39652268184665695,0.25767357337765934,0.10217341635672085,0.020689877885927868,0.02955113625216947,False,False,P01,x_neighbor,-62.03275329131276,-8.304401322764157,62.58614512997586
1141,k6_supported_scene,421033,6,0.5,edge,task,4,P11,8.034639303416798,0.39652268184665695,0.25767357337765934,0.10217341635672085,0.020689877885927868,0.02955113625216947,False,False,P11,self,20.51793639108874,-7.671373585528146,21.905152052371207
1144,k6_supported_scene,421033,6,0.5,edge,task,5,P01,5.452933551125301,0.5337689693017511,0.3986093048112145,0.21276527778316948,0.08671394780919431,0.1004219116908578,False,False,P00,y_neighbor,21.990142257070964,19.437118863381887,29.349070618938754
1144,k6_supported_scene,421033,6,0.5,edge,task,5,P01,5.452933551125301,0.5337689693017511,0.3986093048112145,0.21276527778316948,0.08671394780919431,0.1004219116908578,False,False,P10,diagonal,0.0,-0.0,0.0
1144,k6_supported_scene,421033,6,0.5,edge,task,5,P01,5.452933551125301,0.5337689693017511,0.3986093048112145,0.21276527778316948,0.08671394780919431,0.1004219116908578,False,False,P01,self,15.25200937741402,-5.672622119521319,16.27275120437868
1144,k6_supported_scene,421033,6,0.5,edge,task,5,P01,5.452933551125301,0.5337689693017511,0.3986093048112145,0.21276527778316948,0.08671394780919431,0.1004219116908578,False,False,P11,x_neighbor,-17.417935408722002,-15.395738913085804,23.2467901135257
1147,k6_supported_scene,421033,6,0.5,interior,combined,-1,P00,3.994288244888021,0.6313723922396821,0.2617266830295835,0.16524700197734518,0.08248175769590294,0.09148240036664117,False,False,P00,self,5.2798726880128175,12.703634734105965,13.7571578118159
1147,k6_supported_scene,421033,6,0.5,interior,combined,-1,P00,3.994288244888021,0.6313723922396821,0.2617266830295835,0.16524700197734518,0.08248175769590294,0.09148240036664117,False,False,P10,x_neighbor,8.777736651062565,21.596111583092373,23.31181452021236
1147,k6_supported_scene,421033,6,0.5,interior,combined,-1,P00,3.994288244888021,0.6313723922396821,0.2617266830295835,0.16524700197734518,0.08248175769590294,0.09148240036664117,False,False,P01,y_neighbor,11.27790962258841,29.733354031437802,31.8003708691281
1147,k6_supported_scene,421033,6,0.5,interior,combined,-1,P00,3.994288244888021,0.6313723922396821,0.2617266830295835,0.16524700197734518,0.08248175769590294,0.09148240036664117,False,False,P11,diagonal,19.009505258053956,25.64276345824071,31.920410522599273
1150,k6_supported_scene,421033,6,0.5,interior,task,0,P10,6.829418041384435,0.4555427067149321,0.4778170393020914,0.2176660673981898,0.0665670524949098,0.08299892861455671,False,False,P00,x_neighbor,-8.847991450559498,15.937685102189754,18.229008725812143
1150,k6_supported_scene,421033,6,0.5,interior,task,0,P10,6.829418041384435,0.4555427067149321,0.4778170393020914,0.2176660673981898,0.0665670524949098,0.08299892861455671,False,False,P10,self,8.71928574854608,16.956689062327644,19.06712479429609
1150,k6_supported_scene,421033,6,0.5,interior,task,0,P10,6.829418041384435,0.4555427067149321,0.4778170393020914,0.2176660673981898,0.0665670524949098,0.08299892861455671,False,False,P01,diagonal,6.3961145771726216,22.36091134573841,23.25770061498541
1150,k6_supported_scene,421033,6,0.5,interior,task,0,P10,6.829418041384435,0.4555427067149321,0.4778170393020914,0.2176660673981898,0.0665670524949098,0.08299892861455671,False,False,P11,y_neighbor,10.225727059052835,15.84435029623013,18.857596087409796
1153,k6_supported_scene,421033,6,0.5,interior,task,1,P11,6.425660451937233,0.4772181770348479,0.281617547117644,0.1343930124565074,0.04533772466035324,0.055022403662414315,False,False,P00,diagonal,23.14849951891094,38.967132653258915,45.32428109957948
1153,k6_supported_scene,421033,6,0.5,interior,task,1,P11,6.425660451937233,0.4772181770348479,0.281617547117644,0.1343930124565074,0.04533772466035324,0.055022403662414315,False,False,P10,y_neighbor,6.06025345815496,24.603384138669064,25.33876838072426
1153,k6_supported_scene,421033,6,0.5,interior,task,1,P11,6.425660451937233,0.4772181770348479,0.281617547117644,0.1343930124565074,0.04533772466035324,0.055022403662414315,False,False,P01,x_neighbor,4.843017232515292,33.55630545895172,33.903988732432545
1153,k6_supported_scene,421033,6,0.5,interior,task,1,P11,6.425660451937233,0.4772181770348479,0.281617547117644,0.1343930124565074,0.04533772466035324,0.055022403662414315,False,False,P11,self,4.353139778706499,17.67285342386089,18.20108716737076
1156,k6_supported_scene,421033,6,0.5,interior,task,2,P10,4.168883300392043,0.618807879346589,0.3495455202384927,0.21630152211388187,0.1057655231276699,0.11778620931986972,False,False,P00,x_neighbor,-15.818232595650361,2.668282948815016,16.041702414177635
1156,k6_supported_scene,421033,6,0.5,interior,task,2,P10,4.168883300392043,0.618807879346589,0.3495455202384927,0.21630152211388187,0.1057655231276699,0.11778620931986972,False,False,P10,self,2.334747194261802,13.840952385916125,14.036488428745653
1156,k6_supported_scene,421033,6,0.5,interior,task,2,P10,4.168883300392043,0.618807879346589,0.3495455202384927,0.21630152211388187,0.1057655231276699,0.11778620931986972,False,False,P01,diagonal,16.706650924040517,17.71333214797496,24.34901067563582
1156,k6_supported_scene,421033,6,0.5,interior,task,2,P10,4.168883300392043,0.618807879346589,0.3495455202384927,0.21630152211388187,0.1057655231276699,0.11778620931986972,False,False,P11,y_neighbor,22.540806169564203,7.564037956050195,23.776093307657415
1159,k6_supported_scene,421033,6,0.5,interior,task,3,P00,7.958616177292733,0.4000084734254994,0.5422057876966713,0.21688690941901598,0.0454263844542977,0.06407255569130632,False,False,P00,self,-1.8040824025041746,21.63919019994143,21.714264109664565
1159,k6_supported_scene,421033,6,0.5,interior,task,3,P00,7.958616177292733,0.4000084734254994,0.5422057876966713,0.21688690941901598,0.0454263844542977,0.06407255569130632,False,False,P10,x_neighbor,-17.49088914158495,18.023505174568264,25.115292985368562
1159,k6_supported_scene,421033,6,0.5,interior,task,3,P00,7.958616177292733,0.4000084734254994,0.5422057876966713,0.21688690941901598,0.0454263844542977,0.06407255569130632,False,False,P01,y_neighbor,12.09257678886812,6.232303330507537,13.604117692747568
1159,k6_supported_scene,421033,6,0.5,interior,task,3,P00,7.958616177292733,0.4000084734254994,0.5422057876966713,0.21688690941901598,0.0454263844542977,0.06407255569130632,False,False,P11,diagonal,7.053636088741386,16.331880230740378,17.78999982978199
1162,k6_supported_scene,421033,6,0.5,interior,task,4,P01,4.818527163797405,0.5742138214002632,0.3666687336332445,0.21054625472754052,0.0945954202224766,0.10720496469751165,False,False,P00,y_neighbor,11.958998595535274,25.142414047692363,27.84167077518181
1162,k6_supported_scene,421033,6,0.5,interior,task,4,P01,4.818527163797405,0.5742138214002632,0.3666687336332445,0.21054625472754052,0.0945954202224766,0.10720496469751165,False,False,P10,diagonal,-2.8839348814699943,19.739988326837707,19.94954183795328
1162,k6_supported_scene,421033,6,0.5,interior,task,4,P01,4.818527163797405,0.5742138214002632,0.3666687336332445,0.21054625472754052,0.0945954202224766,0.10720496469751165,False,False,P01,self,3.7076186556579667,14.66515934097535,15.126577094371996
1162,k6_supported_scene,421033,6,0.5,interior,task,4,P01,4.818527163797405,0.5742138214002632,0.3666687336332445,0.21054625472754052,0.0945954202224766,0.10720496469751165,False,False,P11,x_neighbor,-2.5036361761306383,17.136913775976435,17.31883390611738
1165,k6_supported_scene,421033,6,0.5,interior,task,5,P11,5.955077203626377,0.5037860526052796,0.4526994678306597,0.22806367791491886,0.08490753652581795,0.10047563260227557,False,False,P00,diagonal,-17.37050756853159,9.385654857162448,19.743987699707226
1165,k6_supported_scene,421033,6,0.5,interior,task,5,P11,5.955077203626377,0.5037860526052796,0.4526994678306597,0.22806367791491886,0.08490753652581795,0.10047563260227557,False,False,P10,y_neighbor,6.226106626757808,20.196505723293708,21.134409079952835
1165,k6_supported_scene,421033,6,0.5,interior,task,5,P11,5.955077203626377,0.5037860526052796,0.4526994678306597,0.22806367791491886,0.08490753652581795,0.10047563260227557,False,False,P01,x_neighbor,-14.753269214083362,9.95431433311302,17.79739661707968
1165,k6_supported_scene,421033,6,0.5,interior,task,5,P11,5.955077203626377,0.5037860526052796,0.4526994678306597,0.22806367791491886,0.08490753652581795,0.10047563260227557,False,False,P11,self,13.376821618972237,10.877524907835134,17.241226892143633
1171,k6_supported_scene,421034,6,0.5,corner,task,0,P01,8.727054727789126,0.36614007284786093,0.5102071877419972,0.18680729688735714,0.02546561770197192,0.043011373953308785,False,False,P00,y_neighbor,0.0,-0.0,0.0
1171,k6_supported_scene,421034,6,0.5,corner,task,0,P01,8.727054727789126,0.36614007284786093,0.5102071877419972,0.18680729688735714,0.02546561770197192,0.043011373953308785,False,False,P10,diagonal,10.929914142688185,-27.565767362127335,29.65357572754861
1171,k6_supported_scene,421034,6,0.5,corner,task,0,P01,8.727054727789126,0.36614007284786093,0.5102071877419972,0.18680729688735714,0.02546561770197192,0.043011373953308785,False,False,P01,self,-1.9658851820835768,23.641264253148563,23.722859862089475
1171,k6_supported_scene,421034,6,0.5,corner,task,0,P01,8.727054727789126,0.36614007284786093,0.5102071877419972,0.18680729688735714,0.02546561770197192,0.043011373953308785,False,False,P11,x_neighbor,-20.4781417505197,17.333888418076008,26.829423721814965
1174,k6_supported_scene,421034,6,0.5,corner,task,1,P11,7.493622389481157,0.4220062475953964,0.47671197260573334,0.20117543074314492,0.050425868612553826,0.06681974207100425,False,False,P00,diagonal,-0.0,-0.0,0.0
1174,k6_supported_scene,421034,6,0.5,corner,task,1,P11,7.493622389481157,0.4220062475953964,0.47671197260573334,0.20117543074314492,0.050425868612553826,0.06681974207100425,False,False,P10,y_neighbor,10.214830304116006,28.335567224544516,30.120543289897146
1174,k6_supported_scene,421034,6,0.5,corner,task,1,P11,7.493622389481157,0.4220062475953964,0.47671197260573334,0.20117543074314492,0.050425868612553826,0.06681974207100425,False,False,P01,x_neighbor,5.664341405627145,22.38693596770411,23.092415758893353
1174,k6_supported_scene,421034,6,0.5,corner,task,1,P11,7.493622389481157,0.4220062475953964,0.47671197260573334,0.20117543074314492,0.050425868612553826,0.06681974207100425,False,False,P11,self,-6.887811362071866,19.395672146221294,20.582372151022604
1177,k6_supported_scene,421034,6,0.5,corner,task,2,P10,3.8949754626975146,0.6386328100687231,0.2671169945930578,0.17058967687407645,0.086119866408782,0.0953058790529031,False,False,P00,x_neighbor,-0.0,-0.0,0.0
1177,k6_supported_scene,421034,6,0.5,corner,task,2,P10,3.8949754626975146,0.6386328100687231,0.2671169945930578,0.17058967687407645,0.086119866408782,0.0953058790529031,False,False,P10,self,4.4852452860379195,12.839905166271745,13.60075696256562
1177,k6_supported_scene,421034,6,0.5,corner,task,2,P10,3.8949754626975146,0.6386328100687231,0.2671169945930578,0.17058967687407645,0.086119866408782,0.0953058790529031,False,False,P01,diagonal,29.754667350331385,22.4173799042579,37.254250105198764
1177,k6_supported_scene,421034,6,0.5,corner,task,2,P10,3.8949754626975146,0.6386328100687231,0.2671169945930578,0.17058967687407645,0.086119866408782,0.0953058790529031,False,False,P11,y_neighbor,27.26458047144137,16.622543332479403,31.93221406548342
1183,k6_supported_scene,421034,6,0.5,corner,task,4,P01,6.879862787837188,0.4529047344439044,0.35551638001007646,0.1610150516789219,0.048590901045942214,0.06081692195838924,False,False,P00,y_neighbor,-0.0,0.0,0.0
1183,k6_supported_scene,421034,6,0.5,corner,task,4,P01,6.879862787837188,0.4529047344439044,0.35551638001007646,0.1610150516789219,0.048590901045942214,0.06081692195838924,False,False,P10,diagonal,25.0524266463741,25.71021698832557,35.897623019619836
1183,k6_supported_scene,421034,6,0.5,corner,task,4,P01,6.879862787837188,0.4529047344439044,0.35551638001007646,0.1610150516789219,0.048590901045942214,0.06081692195838924,False,False,P01,self,17.621748684262354,7.568134255429659,19.17818246861547
1183,k6_supported_scene,421034,6,0.5,corner,task,4,P01,6.879862787837188,0.4529047344439044,0.35551638001007646,0.1610150516789219,0.048590901045942214,0.06081692195838924,False,False,P11,x_neighbor,-29.691307564441537,19.287355988379144,35.40587304260026
1189,k6_supported_scene,421034,6,0.5,edge,combined,-1,P00,7.3877120145881525,0.4271834307413357,0.5745773800771576,0.24544993644772864,0.06375261514212147,0.08351202837771768,False,False,P00,self,-8.776910885751489,18.341040526878132,20.33292729306356
1189,k6_supported_scene,421034,6,0.5,edge,combined,-1,P00,7.3877120145881525,0.4271834307413357,0.5745773800771576,0.24544993644772864,0.06375261514212147,0.08351202837771768,False,False,P10,x_neighbor,-14.129886649101293,18.608416438325094,23.365077767013286
1189,k6_supported_scene,421034,6,0.5,edge,combined,-1,P00,7.3877120145881525,0.4271834307413357,0.5745773800771576,0.24544993644772864,0.06375261514212147,0.08351202837771768,False,False,P01,y_neighbor,11.454317539243329,12.717218107467954,17.115169490330153
1189,k6_supported_scene,421034,6,0.5,edge,combined,-1,P00,7.3877120145881525,0.4271834307413357,0.5745773800771576,0.24544993644772864,0.06375261514212147,0.08351202837771768,False,False,P11,diagonal,0.0,-0.0,0.0
1192,k6_supported_scene,421034,6,0.5,edge,task,0,P00,8.483010042128608,0.3765732771948002,0.6227007265305977,0.23449245330121024,0.03757719365337739,0.05899154340722915,False,False,P00,self,-5.39887659407189,22.42485594593194,23.06560280317461
1192,k6_supported_scene,421034,6,0.5,edge,task,0,P00,8.483010042128608,0.3765732771948002,0.6227007265305977,0.23449245330121024,0.03757719365337739,0.05899154340722915,False,False,P10,x_neighbor,-22.250753716647512,13.615746075741152,26.086099404816423
1192,k6_supported_scene,421034,6,0.5,edge,task,0,P00,8.483010042128608,0.3765732771948002,0.6227007265305977,0.23449245330121024,0.03757719365337739,0.05899154340722915,False,False,P01,y_neighbor,12.280278793248929,2.9565280819436217,12.631164061132313
1192,k6_supported_scene,421034,6,0.5,edge,task,0,P00,8.483010042128608,0.3765732771948002,0.6227007265305977,0.23449245330121024,0.03757719365337739,0.05899154340722915,False,False,P11,diagonal,0.0,-0.0,0.0
1195,k6_supported_scene,421034,6,0.5,edge,task,1,P01,7.545877893884544,0.41947502181512636,0.44941698792906576,0.18851920081563325,0.04640107071280858,0.061856284035677056,False,False,P00,y_neighbor,22.816837403192995,20.57842506224308,30.725879110712214
1195,k6_supported_scene,421034,6,0.5,edge,task,1,P01,7.545877893884544,0.41947502181512636,0.44941698792906576,0.18851920081563325,0.04640107071280858,0.061856284035677056,False,False,P10,diagonal,6.719318260573777,26.54900874610186,27.38611150359746
1195,k6_supported_scene,421034,6,0.5,edge,task,1,P01,7.545877893884544,0.41947502181512636,0.44941698792906576,0.18851920081563325,0.04640107071280858,0.061856284035677056,False,False,P01,self,12.375582764462903,16.601417560787525,20.70657175361715
1195,k6_supported_scene,421034,6,0.5,edge,task,1,P01,7.545877893884544,0.41947502181512636,0.44941698792906576,0.18851920081563325,0.04640107071280858,0.061856284035677056,False,False,P11,x_neighbor,-0.0,-0.0,0.0
1198,k6_supported_scene,421034,6,0.5,edge,task,2,P00,8.963407559727752,0.3563113215758078,0.6398660209286356,0.22799150754853573,0.025648105200190008,0.04765276038039867,False,False,P00,self,-8.944130357066989,22.6771421870103,24.377248524271348
1198,k6_supported_scene,421034,6,0.5,edge,task,2,P00,8.963407559727752,0.3563113215758078,0.6398660209286356,0.22799150754853573,0.025648105200190008,0.04765276038039867,False,False,P10,x_neighbor,-5.7242684679496065,20.095392275810173,20.894785000373975
1198,k6_supported_scene,421034,6,0.5,edge,task,2,P00,8.963407559727752,0.3563113215758078,0.6398660209286356,0.22799150754853573,0.025648105200190008,0.04765276038039867,False,False,P01,y_neighbor,11.682093531508158,16.855277413432187,20.507844498207557
1198,k6_supported_scene,421034,6,0.5,edge,task,2,P00,8.963407559727752,0.3563113215758078,0.6398660209286356,0.22799150754853573,0.025648105200190008,0.04765276038039867,False,False,P11,diagonal,-0.0,-0.0,0.0
1201,k6_supported_scene,421034,6,0.5,edge,task,3,P01,7.4032285067993175,0.42642099054327437,0.3598612612665717,0.15345239548744355,0.039654272761113926,0.05202971184974317,False,False,P00,y_neighbor,20.204680323742657,28.622257039786515,35.03516383629799
1201,k6_supported_scene,421034,6,0.5,edge,task,3,P01,7.4032285067993175,0.42642099054327437,0.3598612612665717,0.15345239548744355,0.039654272761113926,0.05202971184974317,False,False,P10,diagonal,16.052968827209078,36.108845092723364,39.51640801107356
1201,k6_supported_scene,421034,6,0.5,edge,task,3,P01,7.4032285067993175,0.42642099054327437,0.3598612612665717,0.15345239548744355,0.039654272761113926,0.05202971184974317,False,False,P01,self,20.362591871276944,-0.5220378772279415,20.369282541647223
1201,k6_supported_scene,421034,6,0.5,edge,task,3,P01,7.4032285067993175,0.42642099054327437,0.3598612612665717,0.15345239548744355,0.039654272761113926,0.05202971184974317,False,False,P11,x_neighbor,-0.0,-0.0,0.0
1204,k6_supported_scene,421034,6,0.5,edge,task,4,P00,4.194739035446528,0.6169685809855462,0.4379535274880862,0.27020356639193893,0.13171050077518762,0.14677149173599094,False,False,P00,self,12.732048894096705,6.007862684613952,14.078333817566833
1204,k6_supported_scene,421034,6,0.5,edge,task,4,P00,4.194739035446528,0.6169685809855462,0.4379535274880862,0.27020356639193893,0.13171050077518762,0.14677149173599094,False,False,P10,x_neighbor,-22.28104973189237,13.381885046076558,25.990768063708092
1204,k6_supported_scene,421034,6,0.5,edge,task,4,P00,4.194739035446528,0.6169685809855462,0.4379535274880862,0.27020356639193893,0.13171050077518762,0.14677149173599094,False,False,P01,y_neighbor,0.6312423641474272,12.618622857976195,12.634401836024283
1204,k6_supported_scene,421034,6,0.5,edge,task,4,P00,4.194739035446528,0.6169685809855462,0.4379535274880862,0.27020356639193893,0.13171050077518762,0.14677149173599094,False,False,P11,diagonal,-0.0,0.0,0.0
1207,k6_supported_scene,421034,6,0.5,edge,task,5,P01,7.79050959849041,0.40782563406405375,0.531238743967842,0.21665277759807666,0.04866033637153505,0.06692935675554335,False,False,P00,y_neighbor,13.610739972763495,12.729510449263529,18.635790267227506
1207,k6_supported_scene,421034,6,0.5,edge,task,5,P01,7.79050959849041,0.40782563406405375,0.531238743967842,0.21665277759807666,0.04866033637153505,0.06692935675554335,False,False,P10,diagonal,25.857736961247273,-11.738379652573368,28.397396317708456
1207,k6_supported_scene,421034,6,0.5,edge,task,5,P01,7.79050959849041,0.40782563406405375,0.531238743967842,0.21665277759807666,0.04866033637153505,0.06692935675554335,False,False,P01,self,10.662268915844724,18.436996493260345,21.298047284347053
1207,k6_supported_scene,421034,6,0.5,edge,task,5,P01,7.79050959849041,0.40782563406405375,0.531238743967842,0.21665277759807666,0.04866033637153505,0.06692935675554335,False,False,P11,x_neighbor,0.0,-0.0,0.0
1210,k6_supported_scene,421034,6,0.5,interior,combined,-1,P00,7.102209667018294,0.44145812730387524,0.5252734495237231,0.23188623334918948,0.06578018385834422,0.08384406091078331,False,False,P00,self,3.6476714557914898,19.33437439113366,19.675455271630213
1210,k6_supported_scene,421034,6,0.5,interior,combined,-1,P00,7.102209667018294,0.44145812730387524,0.5252734495237231,0.23188623334918948,0.06578018385834422,0.08384406091078331,False,False,P10,x_neighbor,-2.292588563501317,16.827160680982775,16.98261755163525
1210,k6_supported_scene,421034,6,0.5,interior,combined,-1,P00,7.102209667018294,0.44145812730387524,0.5252734495237231,0.23188623334918948,0.06578018385834422,0.08384406091078331,False,False,P01,y_neighbor,10.481660885594316,17.259548089072982,20.19299916207646
1210,k6_supported_scene,421034,6,0.5,interior,combined,-1,P00,7.102209667018294,0.44145812730387524,0.5252734495237231,0.23188623334918948,0.06578018385834422,0.08384406091078331,False,False,P11,diagonal,13.775736780907849,11.402056898858577,17.88233277236686
1213,k6_supported_scene,421034,6,0.5,interior,task,0,P11,0.7314249029552158,0.9192396629919396,0.24512214382323927,0.22532599687993624,0.14781156893745523,0.15624119025729943,False,False,P00,diagonal,7.818151932716513,-8.853357777975027,11.811242254219913
1213,k6_supported_scene,421034,6,0.5,interior,task,0,P11,0.7314249029552158,0.9192396629919396,0.24512214382323927,0.22532599687993624,0.14781156893745523,0.15624119025729943,False,False,P10,y_neighbor,24.325679321878248,17.558320625673606,30.000554955947234
1213,k6_supported_scene,421034,6,0.5,interior,task,0,P11,0.7314249029552158,0.9192396629919396,0.24512214382323927,0.22532599687993624,0.14781156893745523,0.15624119025729943,False,False,P01,x_neighbor,-18.727728180730743,-2.531030158527372,18.897987101136238
1213,k6_supported_scene,421034,6,0.5,interior,task,0,P11,0.7314249029552158,0.9192396629919396,0.24512214382323927,0.22532599687993624,0.14781156893745523,0.15624119025729943,False,False,P11,self,-8.593299688780224,-3.929208494472428,9.448993540807644
1216,k6_supported_scene,421034,6,0.5,interior,task,1,P11,7.675809344135347,0.41324683189609784,0.47668955690442416,0.1969904491887079,0.046247975525265494,0.06264107811956343,False,False,P00,diagonal,10.287970462121747,19.79124016744718,22.305504334021776
1216,k6_supported_scene,421034,6,0.5,interior,task,1,P11,7.675809344135347,0.41324683189609784,0.47668955690442416,0.1969904491887079,0.046247975525265494,0.06264107811956343,False,False,P10,y_neighbor,12.061212114481286,18.507854695801047,22.091028113498815
1216,k6_supported_scene,421034,6,0.5,interior,task,1,P11,7.675809344135347,0.41324683189609784,0.47668955690442416,0.1969904491887079,0.046247975525265494,0.06264107811956343,False,False,P01,x_neighbor,-2.488237202205422,22.59787905894984,22.734455400060998
1216,k6_supported_scene,421034,6,0.5,interior,task,1,P11,7.675809344135347,0.41324683189609784,0.47668955690442416,0.1969904491887079,0.046247975525265494,0.06264107811956343,False,False,P11,self,-2.300445584473311,20.892379182184598,21.018647858016536
1219,k6_supported_scene,421034,6,0.5,interior,task,2,P11,5.732067033534993,0.516888236320587,0.33935238240608756,0.175407254433072,0.06809460865230324,0.07976475820734752,False,False,P00,diagonal,-24.3118246823775,-0.17444729270664702,24.312450539684242
1219,k6_supported_scene,421034,6,0.5,interior,task,2,P11,5.732067033534993,0.516888236320587,0.33935238240608756,0.175407254433072,0.06809460865230324,0.07976475820734752,False,False,P10,y_neighbor,-8.711639205993006,27.993746593605575,29.317955351667994
1219,k6_supported_scene,421034,6,0.5,interior,task,2,P11,5.732067033534993,0.516888236320587,0.33935238240608756,0.175407254433072,0.06809460865230324,0.07976475820734752,False,False,P01,x_neighbor,-12.809960142830764,23.557589616827464,26.815202915804495
1219,k6_supported_scene,421034,6,0.5,interior,task,2,P11,5.732067033534993,0.516888236320587,0.33935238240608756,0.175407254433072,0.06809460865230324,0.07976475820734752,False,False,P11,self,15.478508558735717,6.541916560554371,16.804192913916168
1222,k6_supported_scene,421034,6,0.5,interior,task,3,P00,6.534302567401591,0.4712863611579841,0.5271387805938427,0.2484333177313291,0.08173739876329814,0.09986542356800468,False,False,P00,self,-1.1905616074928607,18.391679547560813,18.43017399596115
1222,k6_supported_scene,421034,6,0.5,interior,task,3,P00,6.534302567401591,0.4712863611579841,0.5271387805938427,0.2484333177313291,0.08173739876329814,0.09986542356800468,False,False,P10,x_neighbor,-17.07315886795527,14.997129625717246,22.724582520719842
1222,k6_supported_scene,421034,6,0.5,interior,task,3,P00,6.534302567401591,0.4712863611579841,0.5271387805938427,0.2484333177313291,0.08173739876329814,0.09986542356800468,False,False,P01,y_neighbor,12.162162837103919,7.549327385147061,14.314696952585583
1222,k6_supported_scene,421034,6,0.5,interior,task,3,P00,6.534302567401591,0.4712863611579841,0.5271387805938427,0.2484333177313291,0.08173739876329814,0.09986542356800468,False,False,P11,diagonal,8.384221757227609,9.54483675309858,12.704293885048088
1225,k6_supported_scene,421034,6,0.5,interior,task,4,P00,6.271232745397878,0.485778581890996,0.47901098732498476,0.232693278132937,0.0812167037136372,0.09768963907644992,False,False,P00,self,11.54538008517919,13.653241726450561,17.880347059051815
1225,k6_supported_scene,421034,6,0.5,interior,task,4,P00,6.271232745397878,0.485778581890996,0.47901098732498476,0.232693278132937,0.0812167037136372,0.09768963907644992,False,False,P10,x_neighbor,-11.342882176138163,14.243799800865588,18.208426863100815
1225,k6_supported_scene,421034,6,0.5,interior,task,4,P00,6.271232745397878,0.485778581890996,0.47901098732498476,0.232693278132937,0.0812167037136372,0.09768963907644992,False,False,P01,y_neighbor,6.34029510586441,19.844828665623236,20.83306426806652
1225,k6_supported_scene,421034,6,0.5,interior,task,4,P00,6.271232745397878,0.485778581890996,0.47901098732498476,0.232693278132937,0.0812167037136372,0.09768963907644992,False,False,P11,diagonal,-9.535654139494493,14.736125214444005,17.552267266761604
1228,k6_supported_scene,421034,6,0.5,interior,task,5,P00,5.5553856152382135,0.5275100270568215,0.2904084036985413,0.15319334489254585,0.06135814415844011,0.07134513608457328,False,False,P00,self,14.976977409781568,6.842050561826019,16.46582850098018
1228,k6_supported_scene,421034,6,0.5,interior,task,5,P00,5.5553856152382135,0.5275100270568215,0.2904084036985413,0.15319334489254585,0.06135814415844011,0.07134513608457328,False,False,P10,x_neighbor,-10.596270208809297,-28.420702952693055,30.331786934885905
1228,k6_supported_scene,421034,6,0.5,interior,task,5,P00,5.5553856152382135,0.5275100270568215,0.2904084036985413,0.15319334489254585,0.06135814415844011,0.07134513608457328,False,False,P01,y_neighbor,24.600173729688922,17.74397788356483,30.331786934885898
1228,k6_supported_scene,421034,6,0.5,interior,task,5,P00,5.5553856152382135,0.5275100270568215,0.2904084036985413,0.15319334489254585,0.06135814415844011,0.07134513608457328,False,False,P11,diagonal,-11.605440428426995,-31.127438968393815,33.220531366443396
1231,k6_supported_scene,421035,6,0.5,corner,combined,-1,P10,0.7713706302483472,0.915021857769587,0.32779302259089876,0.2999377804950324,0.1962805252452056,0.20755315450925516,False,False,P00,x_neighbor,-10.840586669764459,-0.4186234437225927,10.848666504797215
1231,k6_supported_scene,421035,6,0.5,corner,combined,-1,P10,0.7713706302483472,0.915021857769587,0.32779302259089876,0.2999377804950324,0.1962805252452056,0.20755315450925516,False,False,P10,self,7.466295777793994,5.861988577383845,9.49254880013177
1231,k6_supported_scene,421035,6,0.5,corner,combined,-1,P10,0.7713706302483472,0.915021857769587,0.32779302259089876,0.2999377804950324,0.1962805252452056,0.20755315450925516,False,False,P01,diagonal,7.753171341040126,-4.18572632119248,8.81090067356621
1231,k6_supported_scene,421035,6,0.5,corner,combined,-1,P10,0.7713706302483472,0.915021857769587,0.32779302259089876,0.2999377804950324,0.1962805252452056,0.20755315450925516,False,False,P11,y_neighbor,15.604116047322687,17.598284342608956,23.51995003016862
1234,k6_supported_scene,421035,6,0.5,corner,task,0,P01,1.6405834805253048,0.8278865480041901,0.3311736203812148,0.274174185367454,0.16944789123059412,0.1808367774707071,False,False,P00,y_neighbor,15.811062682107922,16.552991718990533,22.89085489855097
1234,k6_supported_scene,421035,6,0.5,corner,task,0,P01,1.6405834805253048,0.8278865480041901,0.3311736203812148,0.274174185367454,0.16944789123059412,0.1808367774707071,False,False,P10,diagonal,-4.302151519209682,-8.51247299536845,9.537856372954842
1234,k6_supported_scene,421035,6,0.5,corner,task,0,P01,1.6405834805253048,0.8278865480041901,0.3311736203812148,0.274174185367454,0.16944789123059412,0.1808367774707071,False,False,P01,self,9.137023759406102,5.15648696258299,10.491642434587636
1234,k6_supported_scene,421035,6,0.5,corner,task,0,P01,1.6405834805253048,0.8278865480041901,0.3311736203812148,0.274174185367454,0.16944789123059412,0.1808367774707071,False,False,P11,x_neighbor,-15.857288498449385,-5.210006249229392,16.691248115107047
1237,k6_supported_scene,421035,6,0.5,corner,task,1,P10,-0.8096688009858961,1.097699433432709,0.19784261741304895,0.21717172904314808,0.15460840011569565,0.161412103443786,False,False,P00,x_neighbor,-14.954219497861276,12.146980245407727,19.265975445653925
1237,k6_supported_scene,421035,6,0.5,corner,task,1,P10,-0.8096688009858961,1.097699433432709,0.19784261741304895,0.21717172904314808,0.15460840011569565,0.161412103443786,False,False,P10,self,-1.5045740926292777,-7.768452622792651,7.912812354200321
1237,k6_supported_scene,421035,6,0.5,corner,task,1,P10,-0.8096688009858961,1.097699433432709,0.19784261741304895,0.21717172904314808,0.15460840011569565,0.161412103443786,False,False,P01,diagonal,25.33190806421816,-4.906219351645857,25.802646269335735
1237,k6_supported_scene,421035,6,0.5,corner,task,1,P10,-0.8096688009858961,1.097699433432709,0.19784261741304895,0.21717172904314808,0.15460840011569565,0.161412103443786,False,False,P11,y_neighbor,10.441966539280251,19.774667792423568,22.36229307356834
1240,k6_supported_scene,421035,6,0.5,corner,task,2,P00,2.266914510231423,0.7702900259934573,0.17420742968050293,0.13419024553684797,0.07910101922544714,0.08509192090574977,False,False,P00,self,2.4377799367457196,11.009464672555056,11.276128918925934
1240,k6_supported_scene,421035,6,0.5,corner,task,2,P00,2.266914510231423,0.7702900259934573,0.17420742968050293,0.13419024553684797,0.07910101922544714,0.08509192090574977,False,False,P10,x_neighbor,6.400722517623451,19.571099690137665,20.591192093439332
1240,k6_supported_scene,421035,6,0.5,corner,task,2,P00,2.266914510231423,0.7702900259934573,0.17420742968050293,0.13419024553684797,0.07910101922544714,0.08509192090574977,False,False,P01,y_neighbor,17.168423857424067,39.04535264634071,42.65318676283489
1240,k6_supported_scene,421035,6,0.5,corner,task,2,P00,2.266914510231423,0.7702900259934573,0.17420742968050293,0.13419024553684797,0.07910101922544714,0.08509192090574977,False,False,P11,diagonal,-15.469322981723133,39.74914182375634,42.65318545241332
1243,k6_supported_scene,421035,6,0.5,corner,task,3,P01,4.946800765927745,0.5657961158149091,0.40846542388060886,0.23110815027633888,0.10194004178745317,0.11598695240865808,False,False,P00,y_neighbor,21.0024576959358,10.710314964030694,23.57570944634143
1243,k6_supported_scene,421035,6,0.5,corner,task,3,P01,4.946800765927745,0.5657961158149091,0.40846542388060886,0.23110815027633888,0.10194004178745317,0.11598695240865808,False,False,P10,diagonal,10.9669706984214,15.746862133054908,19.189531347520504
1243,k6_supported_scene,421035,6,0.5,corner,task,3,P01,4.946800765927745,0.5657961158149091,0.40846542388060886,0.23110815027633888,0.10194004178745317,0.11598695240865808,False,False,P01,self,12.052647263260447,9.508210951243916,15.351624720072277
1243,k6_supported_scene,421035,6,0.5,corner,task,3,P01,4.946800765927745,0.5657961158149091,0.40846542388060886,0.23110815027633888,0.10194004178745317,0.11598695240865808,False,False,P11,x_neighbor,-15.301465846113361,-4.321096608835293,15.899897262015928
1246,k6_supported_scene,421035,6,0.5,corner,task,4,P01,5.72846167583992,0.5171028319323423,0.13982423129577,0.07230350597580552,0.028087201678122536,0.0328956832896884,False,False,P00,y_neighbor,-32.22387482422834,36.73383700393423,48.864638438436685
1246,k6_supported_scene,421035,6,0.5,corner,task,4,P01,5.72846167583992,0.5171028319323423,0.13982423129577,0.07230350597580552,0.028087201678122536,0.0328956832896884,False,False,P10,diagonal,-91.57171766952732,-3.0106742832608218,91.62119643721923
1246,k6_supported_scene,421035,6,0.5,corner,task,4,P01,5.72846167583992,0.5171028319323423,0.13982423129577,0.07230350597580552,0.028087201678122536,0.0328956832896884,False,False,P01,self,16.22548063154447,-4.345152759421135,16.797219240913954
1246,k6_supported_scene,421035,6,0.5,corner,task,4,P01,5.72846167583992,0.5171028319323423,0.13982423129577,0.07230350597580552,0.028087201678122536,0.0328956832896884,False,False,P11,x_neighbor,-38.26585069427292,43.62143243187658,58.02675845474363
1249,k6_supported_scene,421035,6,0.5,corner,task,5,P10,3.930498474302982,0.6360263028922923,0.35159235874328953,0.22362198805667494,0.11243872190269383,0.12452979779216536,False,False,P00,x_neighbor,-19.30236868158821,11.49742222827786,22.467134989029088
1249,k6_supported_scene,421035,6,0.5,corner,task,5,P10,3.930498474302982,0.6360263028922923,0.35159235874328953,0.22362198805667494,0.11243872190269383,0.12452979779216536,False,False,P10,self,0.6326116103889751,13.641834246375874,13.656494391138326
1249,k6_supported_scene,421035,6,0.5,corner,task,5,P10,3.930498474302982,0.6360263028922923,0.35159235874328953,0.22362198805667494,0.11243872190269383,0.12452979779216536,False,False,P01,diagonal,-17.582325438864828,-16.023906905718544,23.788731793882743
1249,k6_supported_scene,421035,6,0.5,corner,task,5,P10,3.930498474302982,0.6360263028922923,0.35159235874328953,0.22362198805667494,0.11243872190269383,0.12452979779216536,False,False,P11,y_neighbor,5.301739377737915,14.946716494273621,15.859154277250978
1252,k6_supported_scene,421035,6,0.5,edge,combined,-1,P10,8.278862234414758,0.3855288548230949,0.40053643158527474,0.15441835178399987,0.027757610815432404,0.041531847571048774,False,False,P00,x_neighbor,10.071540755677033,9.65481104036916,13.951749331839993
1252,k6_supported_scene,421035,6,0.5,edge,combined,-1,P10,8.278862234414758,0.3855288548230949,0.40053643158527474,0.15441835178399987,0.027757610815432404,0.041531847571048774,False,False,P10,self,22.26023573390787,3.4747640690807655,22.529804266014462
1252,k6_supported_scene,421035,6,0.5,edge,combined,-1,P10,8.278862234414758,0.3855288548230949,0.40053643158527474,0.15441835178399987,0.027757610815432404,0.041531847571048774,False,False,P01,diagonal,20.274742880936376,27.99866380097316,34.568632798072954
1252,k6_supported_scene,421035,6,0.5,edge,combined,-1,P10,8.278862234414758,0.3855288548230949,0.40053643158527474,0.15441835178399987,0.027757610815432404,0.041531847571048774,False,False,P11,y_neighbor,11.013569144544581,33.84414523865332,35.591078548376764
1255,k6_supported_scene,421035,6,0.5,edge,task,0,P00,4.58925454321309,0.5895725743026089,0.2618240606586163,0.15436428545686282,0.07156824766533151,0.0805722391014035,False,False,P00,self,-13.510033888031776,5.875893522014771,14.732519823092794
1255,k6_supported_scene,421035,6,0.5,edge,task,0,P00,4.58925454321309,0.5895725743026089,0.2618240606586163,0.15436428545686282,0.07156824766533151,0.0805722391014035,False,False,P10,x_neighbor,-11.88421477492936,41.80452325375513,43.46093332281766
1255,k6_supported_scene,421035,6,0.5,edge,task,0,P00,4.58925454321309,0.5895725743026089,0.2618240606586163,0.15436428545686282,0.07156824766533151,0.0805722391014035,False,False,P01,y_neighbor,-9.446765476920815,23.988862095203316,25.78190998740445
1255,k6_supported_scene,421035,6,0.5,edge,task,0,P00,4.58925454321309,0.5895725743026089,0.2618240606586163,0.15436428545686282,0.07156824766533151,0.0805722391014035,False,False,P11,diagonal,3.5371962234544205,-19.571833259135364,19.88890178583567
1258,k6_supported_scene,421035,6,0.5,edge,task,1,P10,2.8840309391915837,0.7174612552802443,0.2967391934897056,0.21289887425197151,0.11906170200508369,0.1292664064551149,False,False,P00,x_neighbor,-7.062091043144546,1.954530913444412,7.327572653564909
1258,k6_supported_scene,421035,6,0.5,edge,task,1,P10,2.8840309391915837,0.7174612552802443,0.2967391934897056,0.21289887425197151,0.11906170200508369,0.1292664064551149,False,False,P10,self,-11.928137255083174,2.070030453305019,12.106423272532368
1258,k6_supported_scene,421035,6,0.5,edge,task,1,P10,2.8840309391915837,0.7174612552802443,0.2967391934897056,0.21289887425197151,0.11906170200508369,0.1292664064551149,False,False,P01,diagonal,17.495255777780493,-11.079350490301497,20.70835536726434
1258,k6_supported_scene,421035,6,0.5,edge,task,1,P10,2.8840309391915837,0.7174612552802443,0.2967391934897056,0.21289887425197151,0.11906170200508369,0.1292664064551149,False,False,P11,y_neighbor,24.365680166228994,21.016934115539826,32.17759918918605
1261,k6_supported_scene,421035,6,0.5,edge,task,2,P00,6.8492677513288065,0.45450285165915044,0.33794128740795104,0.1535952788202783,0.04672886045840777,0.058350483200267866,False,False,P00,self,17.922547181589845,6.633476188000689,19.11074838443242
1261,k6_supported_scene,421035,6,0.5,edge,task,2,P00,6.8492677513288065,0.45450285165915044,0.33794128740795104,0.1535952788202783,0.04672886045840777,0.058350483200267866,False,False,P10,x_neighbor,12.581532400281223,2.0063342323729056,12.740499777925416
1261,k6_supported_scene,421035,6,0.5,edge,task,2,P00,6.8492677513288065,0.45450285165915044,0.33794128740795104,0.1535952788202783,0.04672886045840777,0.058350483200267866,False,False,P01,y_neighbor,19.98117338976237,34.173787439898355,39.58655122663633
1261,k6_supported_scene,421035,6,0.5,edge,task,2,P00,6.8492677513288065,0.45450285165915044,0.33794128740795104,0.1535952788202783,0.04672886045840777,0.058350483200267866,False,False,P11,diagonal,16.765812746019733,28.674557276670676,33.21630190204299
1264,k6_supported_scene,421035,6,0.5,edge,task,3,P01,3.8020361958264752,0.6455028888247162,0.30094257014889586,0.194259298401447,0.09909290174389614,0.10944215810159665,False,False,P00,y_neighbor,16.17725924302552,1.4262165180697404,16.24000647082598
1264,k6_supported_scene,421035,6,0.5,edge,task,3,P01,3.8020361958264752,0.6455028888247162,0.30094257014889586,0.194259298401447,0.09909290174389614,0.10944215810159665,False,False,P10,diagonal,-3.6167384777827807,-17.257081834866717,17.63200699500659
1264,k6_supported_scene,421035,6,0.5,edge,task,3,P01,3.8020361958264752,0.6455028888247162,0.30094257014889586,0.194259298401447,0.09909290174389614,0.10944215810159665,False,False,P01,self,-11.111119262022573,7.589932810344345,13.45600428509261
1264,k6_supported_scene,421035,6,0.5,edge,task,3,P01,3.8020361958264752,0.6455028888247162,0.30094257014889586,0.194259298401447,0.09909290174389614,0.10944215810159665,False,False,P11,x_neighbor,-35.056973883640936,3.8156661922295196,35.264014609355044
1267,k6_supported_scene,421035,6,0.5,edge,task,4,P10,5.663859666571923,0.5209631641930554,0.4116222987818775,0.21444005522582618,0.08427365523931765,0.09842912912435811,False,False,P00,x_neighbor,-12.917054438789641,25.496519545646922,28.5818614564589
1267,k6_supported_scene,421035,6,0.5,edge,task,4,P10,5.663859666571923,0.5209631641930554,0.4116222987818775,0.21444005522582618,0.08427365523931765,0.09842912912435811,False,False,P10,self,1.9978986236512708,16.552614910182957,16.672752000650608
1267,k6_supported_scene,421035,6,0.5,edge,task,4,P10,5.663859666571923,0.5209631641930554,0.4116222987818775,0.21444005522582618,0.08427365523931765,0.09842912912435811,False,False,P01,diagonal,7.292569864573068,16.56789715769351,18.10184497385799
1267,k6_supported_scene,421035,6,0.5,edge,task,4,P10,5.663859666571923,0.5209631641930554,0.4116222987818775,0.21444005522582618,0.08427365523931765,0.09842912912435811,False,False,P11,y_neighbor,4.595763069051872,14.03395722036583,14.767294723473196
1270,k6_supported_scene,421035,6,0.5,edge,task,5,P10,3.6165546152384764,0.6594354180453326,0.38971619864766355,0.25699266437425994,0.13375358149533506,0.14715571614367573,False,False,P00,x_neighbor,-6.268586603811715,5.750584450164607,8.506726722304101
1270,k6_supported_scene,421035,6,0.5,edge,task,5,P10,3.6165546152384764,0.6594354180453326,0.38971619864766355,0.25699266437425994,0.13375358149533506,0.14715571614367573,False,False,P10,self,11.338283110721012,6.703520154769248,13.171706281429861
1270,k6_supported_scene,421035,6,0.5,edge,task,5,P10,3.6165546152384764,0.6594354180453326,0.38971619864766355,0.25699266437425994,0.13375358149533506,0.14715571614367573,False,False,P01,diagonal,-5.027640245465686,8.503711978168642,9.878779471446618
1270,k6_supported_scene,421035,6,0.5,edge,task,5,P10,3.6165546152384764,0.6594354180453326,0.38971619864766355,0.25699266437425994,0.13375358149533506,0.14715571614367573,False,False,P11,y_neighbor,12.238033637878475,25.477448870529535,28.264286091679224
1273,k6_supported_scene,421035,6,0.5,interior,combined,-1,P01,6.9784589222073565,0.44779274592273915,0.4244542104767651,0.19006751642785893,0.055843309672350766,0.07044006623675446,False,False,P00,y_neighbor,27.428484795898296,16.341102820197897,31.927314631504853
1273,k6_supported_scene,421035,6,0.5,interior,combined,-1,P01,6.9784589222073565,0.44779274592273915,0.4244542104767651,0.19006751642785893,0.055843309672350766,0.07044006623675446,False,False,P10,diagonal,16.46073974098731,20.538701089937398,26.32098393454004
1273,k6_supported_scene,421035,6,0.5,interior,combined,-1,P01,6.9784589222073565,0.44779274592273915,0.4244542104767651,0.19006751642785893,0.055843309672350766,0.07044006623675446,False,False,P01,self,2.9288901747707428,19.17471949021557,19.397120022939525
1273,k6_supported_scene,421035,6,0.5,interior,combined,-1,P01,6.9784589222073565,0.44779274592273915,0.4244542104767651,0.19006751642785893,0.055843309672350766,0.07044006623675446,False,False,P11,x_neighbor,-0.0,0.0,0.0
1276,k6_supported_scene,421035,6,0.5,interior,task,0,P01,6.149215278795256,0.4926508495684621,0.5009735822677612,0.24680506091556847,0.08838330416158177,0.10561152158778178,False,False,P00,y_neighbor,19.300345236536117,17.924886027794308,26.340175879422254
1276,k6_supported_scene,421035,6,0.5,interior,task,0,P01,6.149215278795256,0.4926508495684621,0.5009735822677612,0.24680506091556847,0.08838330416158177,0.10561152158778178,False,False,P10,diagonal,15.100364071189182,2.4278521829503767,15.294295057462376
1276,k6_supported_scene,421035,6,0.5,interior,task,0,P01,6.149215278795256,0.4926508495684621,0.5009735822677612,0.24680506091556847,0.08838330416158177,0.10561152158778178,False,False,P01,self,7.34391829691294,16.02861009631407,17.63092390010784
1276,k6_supported_scene,421035,6,0.5,interior,task,0,P01,6.149215278795256,0.4926508495684621,0.5009735822677612,0.24680506091556847,0.08838330416158177,0.10561152158778178,False,False,P11,x_neighbor,-0.0,0.0,0.0
1279,k6_supported_scene,421035,6,0.5,interior,task,1,P00,7.342211258375629,0.4294270890725124,0.4766334662478823,0.20467932196536973,0.053954585724939996,0.07034575939112536,False,False,P00,self,0.15506105027144274,20.226098027956905,20.226692398062355
1279,k6_supported_scene,421035,6,0.5,interior,task,1,P00,7.342211258375629,0.4294270890725124,0.4766334662478823,0.20467932196536973,0.053954585724939996,0.07034575939112536,False,False,P10,x_neighbor,-32.24450387984019,0.24719850478071947,32.24545142431402
1279,k6_supported_scene,421035,6,0.5,interior,task,1,P00,7.342211258375629,0.4294270890725124,0.4766334662478823,0.20467932196536973,0.053954585724939996,0.07034575939112536,False,False,P01,y_neighbor,17.910870289837685,-5.583499163893609,18.760989778063177
1279,k6_supported_scene,421035,6,0.5,interior,task,1,P00,7.342211258375629,0.4294270890725124,0.4766334662478823,0.20467932196536973,0.053954585724939996,0.07034575939112536,False,False,P11,diagonal,-0.0,-0.0,0.0
1282,k6_supported_scene,421035,6,0.5,interior,task,2,P00,5.459903696439028,0.5333408087948931,0.40527740632165454,0.21615097967388777,0.08799101085569264,0.1019282872334798,False,False,P00,self,-0.3971580383576803,16.280971384970275,16.28581480140472
1282,k6_supported_scene,421035,6,0.5,interior,task,2,P00,5.459903696439028,0.5333408087948931,0.40527740632165454,0.21615097967388777,0.08799101085569264,0.1019282872334798,False,False,P10,x_neighbor,-0.6436699770268726,26.38640262149122,26.394252297475003
1282,k6_supported_scene,421035,6,0.5,interior,task,2,P00,5.459903696439028,0.5333408087948931,0.40527740632165454,0.21615097967388777,0.08799101085569264,0.1019282872334798,False,False,P01,y_neighbor,1.8836511737584984,25.48235904721975,25.551883773135472
1282,k6_supported_scene,421035,6,0.5,interior,task,2,P00,5.459903696439028,0.5333408087948931,0.40527740632165454,0.21615097967388777,0.08799101085569264,0.1019282872334798,False,False,P11,diagonal,0.0,-0.0,0.0
1285,k6_supported_scene,421035,6,0.5,interior,task,3,P00,5.903264418067281,0.5068002017484835,0.50584510811842,0.2563624028478987,0.09640013435706488,0.11379588098944099,False,False,P00,self,3.4930831799545894,16.77894321822675,17.138686228021072
1285,k6_supported_scene,421035,6,0.5,interior,task,3,P00,5.903264418067281,0.5068002017484835,0.50584510811842,0.2563624028478987,0.09640013435706488,0.11379588098944099,False,False,P10,x_neighbor,-1.4714056874251893,16.438197270465153,16.50391966169598
1285,k6_supported_scene,421035,6,0.5,interior,task,3,P00,5.903264418067281,0.5068002017484835,0.50584510811842,0.2563624028478987,0.09640013435706488,0.11379588098944099,False,False,P01,y_neighbor,7.207173623261782,23.019224466059647,24.12111205261232
1285,k6_supported_scene,421035,6,0.5,interior,task,3,P00,5.903264418067281,0.5068002017484835,0.50584510811842,0.2563624028478987,0.09640013435706488,0.11379588098944099,False,False,P11,diagonal,-0.0,0.0,0.0
1288,k6_supported_scene,421035,6,0.5,interior,task,4,P00,6.868707544731667,0.45348677132366944,0.5725433952374491,0.2596408557489224,0.07858673692528834,0.0982762024943799,False,False,P00,self,-1.3105210506600913,19.108681155188034,19.153567837738784
1288,k6_supported_scene,421035,6,0.5,interior,task,4,P00,6.868707544731667,0.45348677132366944,0.5725433952374491,0.2596408557489224,0.07858673692528834,0.0982762024943799,False,False,P10,x_neighbor,-9.48371603171227,19.085292077843906,21.3117161079714
1288,k6_supported_scene,421035,6,0.5,interior,task,4,P00,6.868707544731667,0.45348677132366944,0.5725433952374491,0.2596408557489224,0.07858673692528834,0.0982762024943799,False,False,P01,y_neighbor,7.077853261029425,15.74772149401135,17.26518864761147
1288,k6_supported_scene,421035,6,0.5,interior,task,4,P00,6.868707544731667,0.45348677132366944,0.5725433952374491,0.2596408557489224,0.07858673692528834,0.0982762024943799,False,False,P11,diagonal,-0.0,-0.0,0.0
1291,k6_supported_scene,421035,6,0.5,interior,task,5,P00,9.575504027644188,0.3320662965497383,0.4934985637664795,0.16387424042254972,0.007816292070157854,0.02478744755025289,False,False,P00,self,24.2073830813832,-9.90940053299063,26.15709491843604
1291,k6_supported_scene,421035,6,0.5,interior,task,5,P00,9.575504027644188,0.3320662965497383,0.4934985637664795,0.16387424042254972,0.007816292070157854,0.02478744755025289,False,False,P10,x_neighbor,-10.657279412020246,-26.034354396436257,28.131214216686605
1291,k6_supported_scene,421035,6,0.5,interior,task,5,P00,9.575504027644188,0.3320662965497383,0.4934985637664795,0.16387424042254972,0.007816292070157854,0.02478744755025289,False,False,P01,y_neighbor,25.71689517384937,25.931474008798002,36.52122727471961
1291,k6_supported_scene,421035,6,0.5,interior,task,5,P00,9.575504027644188,0.3320662965497383,0.4934985637664795,0.16387424042254972,0.007816292070157854,0.02478744755025289,False,False,P11,diagonal,0.0,-0.0,0.0
1294,k6_supported_scene,421036,6,0.5,corner,combined,-1,P11,-2.185867445256408,1.2861551831634253,0.1666759743800141,0.21437116835766945,0.16166359733079788,0.16739549623321914,False,False,P00,diagonal,23.251884374623028,-0.43504362286613496,23.255953859703006
1294,k6_supported_scene,421036,6,0.5,corner,combined,-1,P11,-2.185867445256408,1.2861551831634253,0.1666759743800141,0.21437116835766945,0.16166359733079788,0.16739549623321914,False,False,P10,y_neighbor,4.530758258108484,16.51933462869913,17.129395405803336
1294,k6_supported_scene,421036,6,0.5,corner,combined,-1,P11,-2.185867445256408,1.2861551831634253,0.1666759743800141,0.21437116835766945,0.16166359733079788,0.16739549623321914,False,False,P01,x_neighbor,-20.429766228912147,18.55987145338252,27.601524895086552
1294,k6_supported_scene,421036,6,0.5,corner,combined,-1,P11,-2.185867445256408,1.2861551831634253,0.1666759743800141,0.21437116835766945,0.16166359733079788,0.16739549623321914,False,False,P11,self,0.4491486681416349,-6.738423690706635,6.753376071386061
1297,k6_supported_scene,421036,6,0.5,corner,task,0,P00,6.195464158311439,0.49003465261509277,0.38644095434371806,0.18936945881806883,0.06716609912853999,0.08045559985168073,False,False,P00,self,5.5152012138929525,16.845177931252582,17.72505187482636
1297,k6_supported_scene,421036,6,0.5,corner,task,0,P00,6.195464158311439,0.49003465261509277,0.38644095434371806,0.18936945881806883,0.06716609912853999,0.08045559985168073,False,False,P10,x_neighbor,-15.869062907216586,-2.7970810481772097,16.11368424486683
1297,k6_supported_scene,421036,6,0.5,corner,task,0,P00,6.195464158311439,0.49003465261509277,0.38644095434371806,0.18936945881806883,0.06716609912853999,0.08045559985168073,False,False,P01,y_neighbor,20.942775531430247,-0.4583346362256599,20.947790279612732
1297,k6_supported_scene,421036,6,0.5,corner,task,0,P00,6.195464158311439,0.49003465261509277,0.38644095434371806,0.18936945881806883,0.06716609912853999,0.08045559985168073,False,False,P11,diagonal,32.93696112005768,2.517753055780421,33.033051452660004
1300,k6_supported_scene,421036,6,0.5,corner,task,1,P10,-0.6227952257384697,1.0743350909156044,0.2256013220956135,0.24237141688427158,0.1710300147875306,0.17878832533777445,False,False,P00,x_neighbor,-17.024929225996058,9.04687209844177,19.27937006013783
1300,k6_supported_scene,421036,6,0.5,corner,task,1,P10,-0.6227952257384697,1.0743350909156044,0.2256013220956135,0.24237141688427158,0.1710300147875306,0.17878832533777445,False,False,P10,self,2.365722774978503,-7.731036901719344,8.084898009486466
1300,k6_supported_scene,421036,6,0.5,corner,task,1,P10,-0.6227952257384697,1.0743350909156044,0.2256013220956135,0.24237141688427158,0.1710300147875306,0.17878832533777445,False,False,P01,diagonal,18.61288211942121,-3.6553175866298577,18.968413941355124
1300,k6_supported_scene,421036,6,0.5,corner,task,1,P10,-0.6227952257384697,1.0743350909156044,0.2256013220956135,0.24237141688427158,0.1710300147875306,0.17878832533777445,False,False,P11,y_neighbor,10.360128109318232,19.49629131572944,22.077989707155698
1303,k6_supported_scene,421036,6,0.5,corner,task,2,P01,5.798042726155367,0.5129769649303553,0.4459610757567766,0.22876775911878758,0.08774248440175628,0.10307885072666426,False,False,P00,y_neighbor,16.834673646665,11.37746493238093,20.31878306093342
1303,k6_supported_scene,421036,6,0.5,corner,task,2,P01,5.798042726155367,0.5129769649303553,0.4459610757567766,0.22876775911878758,0.08774248440175628,0.10307885072666426,False,False,P10,diagonal,-5.741872545174175,13.65789990507234,14.815779768274096
1303,k6_supported_scene,421036,6,0.5,corner,task,2,P01,5.798042726155367,0.5129769649303553,0.4459610757567766,0.22876775911878758,0.08774248440175628,0.10307885072666426,False,False,P01,self,-5.000589863253066,16.177068016169116,16.932319054997492
1303,k6_supported_scene,421036,6,0.5,corner,task,2,P01,5.798042726155367,0.5129769649303553,0.4459610757567766,0.22876775911878758,0.08774248440175628,0.10307885072666426,False,False,P11,x_neighbor,-19.072978163064317,12.599148005568702,22.858631334245583
1306,k6_supported_scene,421036,6,0.5,corner,task,3,P10,5.076551253778682,0.5574070243409442,0.1900055162995695,0.10591040944890781,0.045825389498619064,0.05235957905042815,False,False,P00,x_neighbor,-33.88455871894126,-30.77506404338508,45.77409623850406
1306,k6_supported_scene,421036,6,0.5,corner,task,3,P10,5.076551253778682,0.5574070243409442,0.1900055162995695,0.10591040944890781,0.045825389498619064,0.05235957905042815,False,False,P10,self,-6.647877689321539,-14.093449620302676,15.58266986020652
1306,k6_supported_scene,421036,6,0.5,corner,task,3,P10,5.076551253778682,0.5574070243409442,0.1900055162995695,0.10591040944890781,0.045825389498619064,0.05235957905042815,False,False,P01,diagonal,-44.87894647059703,-21.282986229261656,49.66976282554261
1306,k6_supported_scene,421036,6,0.5,corner,task,3,P10,5.076551253778682,0.5574070243409442,0.1900055162995695,0.10591040944890781,0.045825389498619064,0.05235957905042815,False,False,P11,y_neighbor,37.567714186870326,22.570066104223667,43.82625963021946
1309,k6_supported_scene,421036,6,0.5,corner,task,4,P11,3.804507931482242,0.6453192247928842,0.37964208416129,0.24499033544971857,0.12493696728941744,0.13799265845073427,False,False,P00,diagonal,13.30237908241559,-12.046642165178502,17.946444681555853
1309,k6_supported_scene,421036,6,0.5,corner,task,4,P11,3.804507931482242,0.6453192247928842,0.37964208416129,0.24499033544971857,0.12493696728941744,0.13799265845073427,False,False,P10,y_neighbor,19.213779655059067,14.262126630276205,23.92859345325578
1309,k6_supported_scene,421036,6,0.5,corner,task,4,P11,3.804507931482242,0.6453192247928842,0.37964208416129,0.24499033544971857,0.12493696728941744,0.13799265845073427,False,False,P01,x_neighbor,-9.034981147616477,-9.976785392878307,13.459833992785168
1309,k6_supported_scene,421036,6,0.5,corner,task,4,P11,3.804507931482242,0.6453192247928842,0.37964208416129,0.24499033544971857,0.12493696728941744,0.13799265845073427,False,False,P11,self,10.807751689864523,8.022445669717287,13.459833992785168
1312,k6_supported_scene,421036,6,0.5,corner,task,5,P10,5.569602225295812,0.5266473324223127,0.4694764845712844,0.24724853823447193,0.09878703832105618,0.11493208715989717,False,False,P00,x_neighbor,-12.11883688252749,8.24967993251675,14.660266927115558
1312,k6_supported_scene,421036,6,0.5,corner,task,5,P10,5.569602225295812,0.5266473324223127,0.4694764845712844,0.24724853823447193,0.09878703832105618,0.11493208715989717,False,False,P10,self,11.76236189049476,11.561112696606024,16.49280097577693
1312,k6_supported_scene,421036,6,0.5,corner,task,5,P10,5.569602225295812,0.5266473324223127,0.4694764845712844,0.24724853823447193,0.09878703832105618,0.11493208715989717,False,False,P01,diagonal,-15.423663729648322,-8.07379815472863,17.409067163078227
1312,k6_supported_scene,421036,6,0.5,corner,task,5,P10,5.569602225295812,0.5266473324223127,0.4694764845712844,0.24724853823447193,0.09878703832105618,0.11493208715989717,False,False,P11,y_neighbor,4.28954632409207,20.63295661199712,21.07413358169411
1315,k6_supported_scene,421036,6,0.5,edge,combined,-1,P11,6.047808117747656,0.4984362203671193,0.49865977771491654,0.24855009485333093,0.09086002734408988,0.10800867425134619,False,False,P00,diagonal,-0.0,-0.0,0.0
1315,k6_supported_scene,421036,6,0.5,edge,combined,-1,P11,6.047808117747656,0.4984362203671193,0.49865977771491654,0.24855009485333093,0.09086002734408988,0.10800867425134619,False,False,P10,y_neighbor,21.23421070799393,21.602598091873215,30.291318041816673
1315,k6_supported_scene,421036,6,0.5,edge,combined,-1,P11,6.047808117747656,0.4984362203671193,0.49865977771491654,0.24855009485333093,0.09086002734408988,0.10800867425134619,False,False,P01,x_neighbor,-0.0,-0.0,0.0
1315,k6_supported_scene,421036,6,0.5,edge,combined,-1,P11,6.047808117747656,0.4984362203671193,0.49865977771491654,0.24855009485333093,0.09086002734408988,0.10800867425134619,False,False,P11,self,2.4024458411748952,17.259881910573906,17.426281002747974
1318,k6_supported_scene,421036,6,0.5,edge,task,0,P10,9.721429200995136,0.32653409890201884,0.6829939513095407,0.22302081444639016,0.00703916302076113,0.030526964993622674,False,False,P00,x_neighbor,-0.0,-0.0,0.0
1318,k6_supported_scene,421036,6,0.5,edge,task,0,P10,9.721429200995136,0.32653409890201884,0.6829939513095407,0.22302081444639016,0.00703916302076113,0.030526964993622674,False,False,P10,self,-0.4010025907928546,26.59723022482134,26.60025298206715
1318,k6_supported_scene,421036,6,0.5,edge,task,0,P10,9.721429200995136,0.32653409890201884,0.6829939513095407,0.22302081444639016,0.00703916302076113,0.030526964993622674,False,False,P01,diagonal,-0.0,-0.0,0.0
1318,k6_supported_scene,421036,6,0.5,edge,task,0,P10,9.721429200995136,0.32653409890201884,0.6829939513095407,0.22302081444639016,0.00703916302076113,0.030526964993622674,False,False,P11,y_neighbor,23.412278983750046,16.15935945512477,28.44749031483927
1324,k6_supported_scene,421036,6,0.5,edge,task,2,P11,7.085777279599439,0.44229408971452655,0.5637435960281528,0.2493404606376656,0.07106908265938408,0.09045592777212666,False,False,P00,diagonal,0.0,-0.0,0.0
1324,k6_supported_scene,421036,6,0.5,edge,task,2,P11,7.085777279599439,0.44229408971452655,0.5637435960281528,0.2493404606376656,0.07106908265938408,0.09045592777212666,False,False,P10,y_neighbor,20.39068239363114,20.299454558666135,28.77234407998921
1324,k6_supported_scene,421036,6,0.5,edge,task,2,P11,7.085777279599439,0.44229408971452655,0.5637435960281528,0.2493404606376656,0.07106908265938408,0.09045592777212666,False,False,P01,x_neighbor,0.0,-0.0,0.0
1324,k6_supported_scene,421036,6,0.5,edge,task,2,P11,7.085777279599439,0.44229408971452655,0.5637435960281528,0.2493404606376656,0.07106908265938408,0.09045592777212666,False,False,P11,self,3.8744094082521316,19.252285612427485,19.63826747870685
1327,k6_supported_scene,421036,6,0.5,edge,task,3,P11,2.62492376906121,0.7391861339284298,0.2845983125881349,0.21037112640457817,0.12037323780267055,0.13016042375807169,False,False,P00,diagonal,-0.0,-0.0,0.0
1327,k6_supported_scene,421036,6,0.5,edge,task,3,P11,2.62492376906121,0.7391861339284298,0.2845983125881349,0.21037112640457817,0.12037323780267055,0.13016042375807169,False,False,P10,y_neighbor,15.769332581943553,36.30405314852688,39.58100712577954
1327,k6_supported_scene,421036,6,0.5,edge,task,3,P11,2.62492376906121,0.7391861339284298,0.2845983125881349,0.21037112640457817,0.12037323780267055,0.13016042375807169,False,False,P01,x_neighbor,-0.0,-0.0,0.0
1327,k6_supported_scene,421036,6,0.5,edge,task,3,P11,2.62492376906121,0.7391861339284298,0.2845983125881349,0.21037112640457817,0.12037323780267055,0.13016042375807169,False,False,P11,self,9.657354963282005,-6.694205202244272,11.750612246882367
1330,k6_supported_scene,421036,6,0.5,edge,task,4,P10,8.843275885802491,0.36127358250549735,0.6997798359557026,0.2528119683008259,0.031522154072924774,0.05558721377076675,False,False,P00,x_neighbor,-0.0,-0.0,0.0
1330,k6_supported_scene,421036,6,0.5,edge,task,4,P10,8.843275885802491,0.36127358250549735,0.6997798359557026,0.2528119683008259,0.031522154072924774,0.05558721377076675,False,False,P10,self,16.288416980289583,17.684038653817744,24.042415661357868
1330,k6_supported_scene,421036,6,0.5,edge,task,4,P10,8.843275885802491,0.36127358250549735,0.6997798359557026,0.2528119683008259,0.031522154072924774,0.05558721377076675,False,False,P01,diagonal,-0.0,-0.0,0.0
1330,k6_supported_scene,421036,6,0.5,edge,task,4,P10,8.843275885802491,0.36127358250549735,0.6997798359557026,0.2528119683008259,0.031522154072924774,0.05558721377076675,False,False,P11,y_neighbor,12.786401827296656,20.949497121799187,24.54329850173704
1333,k6_supported_scene,421036,6,0.5,edge,task,5,P11,8.661172003434146,0.36892781508719086,0.65493053111238,0.24162208987718378,0.03451487112729468,0.057037586872074275,False,False,P00,diagonal,-0.0,-0.0,0.0
1333,k6_supported_scene,421036,6,0.5,edge,task,5,P11,8.661172003434146,0.36892781508719086,0.65493053111238,0.24162208987718378,0.03451487112729468,0.057037586872074275,False,False,P10,y_neighbor,20.503823704974224,17.8204432063617,27.165694958823078
1333,k6_supported_scene,421036,6,0.5,edge,task,5,P11,8.661172003434146,0.36892781508719086,0.65493053111238,0.24162208987718378,0.03451487112729468,0.057037586872074275,False,False,P01,x_neighbor,-0.0,-0.0,0.0
1333,k6_supported_scene,421036,6,0.5,edge,task,5,P11,8.661172003434146,0.36892781508719086,0.65493053111238,0.24162208987718378,0.03451487112729468,0.057037586872074275,False,False,P11,self,3.9385669305523896,23.211826398727414,23.543601980816355
1336,k6_supported_scene,421036,6,0.5,interior,combined,-1,P10,2.8319421212148574,0.7217767592419868,0.3611857997088854,0.26069551599810464,0.14647853743915873,0.1588995267066422,False,False,P00,x_neighbor,-11.450589538654105,20.108894151271052,23.14051911193346
1336,k6_supported_scene,421036,6,0.5,interior,combined,-1,P10,2.8319421212148574,0.7217767592419868,0.3611857997088854,0.26069551599810464,0.14647853743915873,0.1588995267066422,False,False,P10,self,-3.763931537398914,11.430263031532338,12.034038955738884
1336,k6_supported_scene,421036,6,0.5,interior,combined,-1,P10,2.8319421212148574,0.7217767592419868,0.3611857997088854,0.26069551599810464,0.14647853743915873,0.1588995267066422,False,False,P01,diagonal,0.0,-0.0,0.0
1336,k6_supported_scene,421036,6,0.5,interior,combined,-1,P10,2.8319421212148574,0.7217767592419868,0.3611857997088854,0.26069551599810464,0.14647853743915873,0.1588995267066422,False,False,P11,y_neighbor,7.386746714270448,19.370922353312743,20.73153780689837
1339,k6_supported_scene,421036,6,0.5,interior,task,0,P10,5.131616158655035,0.5538844746491515,0.39951800243197616,0.2212868188899135,0.09494813349734005,0.10868734701119828,False,False,P00,x_neighbor,-13.204996723663827,23.225657092416164,26.71709351419936
1339,k6_supported_scene,421036,6,0.5,interior,task,0,P10,5.131616158655035,0.5538844746491515,0.39951800243197616,0.2212868188899135,0.09494813349734005,0.10868734701119828,False,False,P10,self,-14.018303448472494,7.028877463674395,15.68177126388488
1339,k6_supported_scene,421036,6,0.5,interior,task,0,P10,5.131616158655035,0.5538844746491515,0.39951800243197616,0.2212868188899135,0.09494813349734005,0.10868734701119828,False,False,P01,diagonal,0.0,-0.0,0.0
1339,k6_supported_scene,421036,6,0.5,interior,task,0,P10,5.131616158655035,0.5538844746491515,0.39951800243197616,0.2212868188899135,0.09494813349734005,0.10868734701119828,False,False,P11,y_neighbor,10.80364544719191,21.546652815064476,24.103464532750397
1342,k6_supported_scene,421036,6,0.5,interior,task,1,P10,2.4944363965113943,0.7503746955794404,0.2973731897714277,0.22314131674822218,0.12910365727350243,0.13933016452147648,False,False,P00,x_neighbor,-25.454239039591037,14.04731886001811,29.073105307821194
1342,k6_supported_scene,421036,6,0.5,interior,task,1,P10,2.4944363965113943,0.7503746955794404,0.2973731897714277,0.22314131674822218,0.12910365727350243,0.13933016452147648,False,False,P10,self,-3.5082935544047564,-11.030948968068838,11.57540318088389
1342,k6_supported_scene,421036,6,0.5,interior,task,1,P10,2.4944363965113943,0.7503746955794404,0.2973731897714277,0.22314131674822218,0.12910365727350243,0.13933016452147648,False,False,P01,diagonal,-0.0,0.0,0.0
1342,k6_supported_scene,421036,6,0.5,interior,task,1,P10,2.4944363965113943,0.7503746955794404,0.2973731897714277,0.22314131674822218,0.12910365727350243,0.13933016452147648,False,False,P11,y_neighbor,9.145245000439273,21.267918232686583,23.150806726123
1345,k6_supported_scene,421036,6,0.5,interior,task,2,P11,8.587822176047919,0.3720564956576691,0.5913294889358593,0.22000797743251624,0.03301317416645094,0.05334868359550038,False,False,P00,diagonal,18.766908905056965,10.790204341763806,21.647756918159555
1345,k6_supported_scene,421036,6,0.5,interior,task,2,P11,8.587822176047919,0.3720564956576691,0.5913294889358593,0.22000797743251624,0.03301317416645094,0.05334868359550038,False,False,P10,y_neighbor,17.57977244921794,15.36130192649966,23.345620493860608
1345,k6_supported_scene,421036,6,0.5,interior,task,2,P11,8.587822176047919,0.3720564956576691,0.5913294889358593,0.22000797743251624,0.03301317416645094,0.05334868359550038,False,False,P01,x_neighbor,0.0,-0.0,0.0
1345,k6_supported_scene,421036,6,0.5,interior,task,2,P11,8.587822176047919,0.3720564956576691,0.5913294889358593,0.22000797743251624,0.03301317416645094,0.05334868359550038,False,False,P11,self,14.245140322287998,18.49578220587067,23.3456201932756
1348,k6_supported_scene,421036,6,0.5,interior,task,3,P10,7.555194055288798,0.4190253497391753,0.6319212322104174,0.2647910153345808,0.06495997577407303,0.08669141385803666,False,False,P00,x_neighbor,-16.06440657297823,13.419546279184903,20.932018079514727
1348,k6_supported_scene,421036,6,0.5,interior,task,3,P10,7.555194055288798,0.4190253497391753,0.6319212322104174,0.2647910153345808,0.06495997577407303,0.08669141385803666,False,False,P10,self,-1.8520409629390047,20.645890481397796,20.728792765095516
1348,k6_supported_scene,421036,6,0.5,interior,task,3,P10,7.555194055288798,0.4190253497391753,0.6319212322104174,0.2647910153345808,0.06495997577407303,0.08669141385803666,False,False,P01,diagonal,0.0,-0.0,0.0
1348,k6_supported_scene,421036,6,0.5,interior,task,3,P10,7.555194055288798,0.4190253497391753,0.6319212322104174,0.2647910153345808,0.06495997577407303,0.08669141385803666,False,False,P11,y_neighbor,11.232960473696636,9.056090169896384,14.428865865650177
1351,k6_supported_scene,421036,6,0.5,interior,task,4,P11,6.747883910800204,0.4598390025981576,0.4131255168448916,0.1899712256138033,0.05932946633739167,0.0735366350992585,False,False,P00,diagonal,29.51961463460015,15.32607275030663,33.26103056315289
1351,k6_supported_scene,421036,6,0.5,interior,task,4,P11,6.747883910800204,0.4598390025981576,0.4131255168448916,0.1899712256138033,0.05932946633739167,0.0735366350992585,False,False,P10,y_neighbor,17.92314395610617,17.49813507771411,25.04842950105324
1351,k6_supported_scene,421036,6,0.5,interior,task,4,P11,6.747883910800204,0.4598390025981576,0.4131255168448916,0.1899712256138033,0.05932946633739167,0.0735366350992585,False,False,P01,x_neighbor,-0.0,-0.0,0.0
1351,k6_supported_scene,421036,6,0.5,interior,task,4,P11,6.747883910800204,0.4598390025981576,0.4131255168448916,0.1899712256138033,0.05932946633739167,0.0735366350992585,False,False,P11,self,15.830389921174044,10.304965472131258,18.888979814649232
1354,k6_supported_scene,421036,6,0.5,interior,task,5,P11,7.1683788362516685,0.4381078734716125,0.4778777246857135,0.20936199374151063,0.05824378843493791,0.07467775149293976,False,False,P00,diagonal,10.419718211847515,16.86701973175303,19.825914411336814
1354,k6_supported_scene,421036,6,0.5,interior,task,5,P11,7.1683788362516685,0.4381078734716125,0.4778777246857135,0.20936199374151063,0.05824378843493791,0.07467775149293976,False,False,P10,y_neighbor,24.80335293110534,17.884802484281256,30.57895479781356
1354,k6_supported_scene,421036,6,0.5,interior,task,5,P11,7.1683788362516685,0.4381078734716125,0.4778777246857135,0.20936199374151063,0.05824378843493791,0.07467775149293976,False,False,P01,x_neighbor,-0.0,0.0,0.0
1354,k6_supported_scene,421036,6,0.5,interior,task,5,P11,7.1683788362516685,0.4381078734716125,0.4778777246857135,0.20936199374151063,0.05824378843493791,0.07467775149293976,False,False,P11,self,5.07481165858628,19.165416987584386,19.825915405804377
1357,k6_supported_scene,421037,6,0.5,corner,combined,-1,P10,5.556619114706764,0.527435119688095,0.4926851657635526,0.2598594593730483,0.10405873005400454,0.1210019132055288,False,False,P00,x_neighbor,-9.125077075413678,3.5227913501591748,9.781466685983066
1357,k6_supported_scene,421037,6,0.5,corner,combined,-1,P10,5.556619114706764,0.527435119688095,0.4926851657635526,0.2598594593730483,0.10405873005400454,0.1210019132055288,False,False,P10,self,2.73371814726575,16.239683179389335,16.468167010193664
1357,k6_supported_scene,421037,6,0.5,corner,combined,-1,P10,5.556619114706764,0.527435119688095,0.4926851657635526,0.2598594593730483,0.10405873005400454,0.1210019132055288,False,False,P01,diagonal,-0.7860487282050868,9.748472598235045,9.780111993308275
1357,k6_supported_scene,421037,6,0.5,corner,combined,-1,P10,5.556619114706764,0.527435119688095,0.4926851657635526,0.2598594593730483,0.10405873005400454,0.1210019132055288,False,False,P11,y_neighbor,19.78108524621638,16.230633789313273,25.587590873719964
1360,k6_supported_scene,421037,6,0.5,corner,task,0,P01,-0.42683390089468454,1.0503685145877568,0.2292618856920653,0.24080946632596273,0.16831049238075324,0.17619468778356082,False,False,P00,y_neighbor,21.080749004644115,14.16688295780141,25.398790351842504
1360,k6_supported_scene,421037,6,0.5,corner,task,0,P01,-0.42683390089468454,1.0503685145877568,0.2292618856920653,0.24080946632596273,0.16831049238075324,0.17619468778356082,False,False,P10,diagonal,6.369686836724777,-15.262935524853399,16.538745757577168
1360,k6_supported_scene,421037,6,0.5,corner,task,0,P01,-0.42683390089468454,1.0503685145877568,0.2292618856920653,0.24080946632596273,0.16831049238075324,0.17619468778356082,False,False,P01,self,6.378348540032135,5.263003820750715,8.269373574544005
1360,k6_supported_scene,421037,6,0.5,corner,task,0,P01,-0.42683390089468454,1.0503685145877568,0.2292618856920653,0.24080946632596273,0.16831049238075324,0.17619468778356082,False,False,P11,x_neighbor,-13.667889701224455,-11.277864214524644,17.720085499965656
1363,k6_supported_scene,421037,6,0.5,corner,task,1,P00,5.557290002989495,0.5273943827697933,0.3552953898906708,0.18738079285234338,0.07502652543113514,0.08724494660986182,False,False,P00,self,-15.653642556294317,5.11916956883361,16.46943904189516
1363,k6_supported_scene,421037,6,0.5,corner,task,1,P00,5.557290002989495,0.5273943827697933,0.3552953898906708,0.18738079285234338,0.07502652543113514,0.08724494660986182,False,False,P10,x_neighbor,3.3678744112393,10.29844811724847,10.835156282838703
1363,k6_supported_scene,421037,6,0.5,corner,task,1,P00,5.557290002989495,0.5273943827697933,0.3552953898906708,0.18738079285234338,0.07502652543113514,0.08724494660986182,False,False,P01,y_neighbor,20.1279724458217,28.762642648609436,35.10590957248315
1363,k6_supported_scene,421037,6,0.5,corner,task,1,P00,5.557290002989495,0.5273943827697933,0.3552953898906708,0.18738079285234338,0.07502652543113514,0.08724494660986182,False,False,P11,diagonal,15.889009734641254,-16.58869375401236,22.970533098122324
1366,k6_supported_scene,421037,6,0.5,corner,task,2,P00,6.621356998441659,0.46658647971182104,0.37913090662509047,0.1768973550721521,0.05700563544216135,0.07004374747745486,False,False,P00,self,8.22840573626604,16.698564930999286,18.61581939414473
1366,k6_supported_scene,421037,6,0.5,corner,task,2,P00,6.621356998441659,0.46658647971182104,0.37913090662509047,0.1768973550721521,0.05700563544216135,0.07004374747745486,False,False,P10,x_neighbor,-7.291329721864109,21.45777500056823,22.662735869438844
1366,k6_supported_scene,421037,6,0.5,corner,task,2,P00,6.621356998441659,0.46658647971182104,0.37913090662509047,0.1768973550721521,0.05700563544216135,0.07004374747745486,False,False,P01,y_neighbor,6.486508573326597,24.237941213397743,25.09088654742921
1366,k6_supported_scene,421037,6,0.5,corner,task,2,P00,6.621356998441659,0.46658647971182104,0.37913090662509047,0.1768973550721521,0.05700563544216135,0.07004374747745486,False,False,P11,diagonal,-15.184062337789403,26.280805655805484,30.351877948425066
1369,k6_supported_scene,421037,6,0.5,corner,task,3,P10,2.1220880360537486,0.7832413335887096,0.30727442290752316,0.24067002877578966,0.14350132446563052,0.15406832990211983,False,False,P00,x_neighbor,-20.259268507365796,11.485096753983036,23.2883105420272
1369,k6_supported_scene,421037,6,0.5,corner,task,3,P10,2.1220880360537486,0.7832413335887096,0.30727442290752316,0.24067002877578966,0.14350132446563052,0.15406832990211983,False,False,P10,self,5.4690939424263085,9.647271158877869,11.08967219371253
1369,k6_supported_scene,421037,6,0.5,corner,task,3,P10,2.1220880360537486,0.7832413335887096,0.30727442290752316,0.24067002877578966,0.14350132446563052,0.15406832990211983,False,False,P01,diagonal,9.707640678828268,17.123904421371417,19.684165976274052
1369,k6_supported_scene,421037,6,0.5,corner,task,3,P10,2.1220880360537486,0.7832413335887096,0.30727442290752316,0.24067002877578966,0.14350132446563052,0.15406832990211983,False,False,P11,y_neighbor,12.46110422414117,9.718477957279754,15.802782422441984
1372,k6_supported_scene,421037,6,0.5,corner,task,4,P10,8.317648737188074,0.383811128771658,0.5540314093718753,0.212643420605972,0.03744330571714363,0.05649615385016374,False,False,P00,x_neighbor,-0.5671618012530348,13.566530687122585,13.578380882617758
1372,k6_supported_scene,421037,6,0.5,corner,task,4,P10,8.317648737188074,0.383811128771658,0.5540314093718753,0.212643420605972,0.03744330571714363,0.05649615385016374,False,False,P10,self,-15.074896983122594,16.87877750803287,22.630635192531273
1372,k6_supported_scene,421037,6,0.5,corner,task,4,P10,8.317648737188074,0.383811128771658,0.5540314093718753,0.212643420605972,0.03744330571714363,0.05649615385016374,False,False,P01,diagonal,9.532100789340998,-7.178021455234543,11.932515974008277
1372,k6_supported_scene,421037,6,0.5,corner,task,4,P10,8.317648737188074,0.383811128771658,0.5540314093718753,0.212643420605972,0.03744330571714363,0.05649615385016374,False,False,P11,y_neighbor,19.498057686761246,21.19945736847215,28.802625683675743
1375,k6_supported_scene,421037,6,0.5,corner,task,5,P10,-5.675793120123,1.9221605339074428,0.12525168074426202,0.24075383753219531,0.20114577834058314,0.20545311762001406,False,False,P00,x_neighbor,-16.27750495243798,10.191839902674705,19.20496727616049
1375,k6_supported_scene,421037,6,0.5,corner,task,5,P10,-5.675793120123,1.9221605339074428,0.12525168074426202,0.24075383753219531,0.20114577834058314,0.20545311762001406,False,False,P10,self,3.920367902437357,2.2473123740730556,4.518815928661286
1375,k6_supported_scene,421037,6,0.5,corner,task,5,P10,-5.675793120123,1.9221605339074428,0.12525168074426202,0.24075383753219531,0.20114577834058314,0.20545311762001406,False,False,P01,diagonal,-15.354773410398062,-8.801973432628364,17.698694946050765
1375,k6_supported_scene,421037,6,0.5,corner,task,5,P10,-5.675793120123,1.9221605339074428,0.12525168074426202,0.24075383753219531,0.20114577834058314,0.20545311762001406,False,False,P11,y_neighbor,6.408074180596202,23.623214252229115,24.47692109540627
1378,k6_supported_scene,421037,6,0.5,edge,combined,-1,P10,4.694615790084711,0.5824641638168992,0.37449908501119755,0.21813229640124104,0.09970528737280017,0.11258411350426957,False,False,P00,x_neighbor,-9.246797556508778,11.946242412695767,15.10681875293233
1378,k6_supported_scene,421037,6,0.5,edge,combined,-1,P10,4.694615790084711,0.5824641638168992,0.37449908501119755,0.21813229640124104,0.09970528737280017,0.11258411350426957,False,False,P10,self,4.893307068082218,14.086614668224048,14.912315946008128
1378,k6_supported_scene,421037,6,0.5,edge,combined,-1,P10,4.694615790084711,0.5824641638168992,0.37449908501119755,0.21813229640124104,0.09970528737280017,0.11258411350426957,False,False,P01,diagonal,1.365175418312492,23.432649451791296,23.47238301181411
1378,k6_supported_scene,421037,6,0.5,edge,combined,-1,P10,4.694615790084711,0.5824641638168992,0.37449908501119755,0.21813229640124104,0.09970528737280017,0.11258411350426957,False,False,P11,y_neighbor,15.695176422890398,18.37654468948702,24.166835905231125
1381,k6_supported_scene,421037,6,0.5,edge,task,0,P11,4.004634983170435,0.6306207414779962,0.284401839291293,0.1793496987715811,0.08941394048141577,0.09919436982370147,False,False,P00,diagonal,-19.19148669952613,-12.096897083863356,22.685856404281285
1381,k6_supported_scene,421037,6,0.5,edge,task,0,P11,4.004634983170435,0.6306207414779962,0.284401839291293,0.1793496987715811,0.08941394048141577,0.09919436982370147,False,False,P10,y_neighbor,-2.3167242741437497,32.32545344635464,32.408365461325694
1381,k6_supported_scene,421037,6,0.5,edge,task,0,P11,4.004634983170435,0.6306207414779962,0.284401839291293,0.1793496987715811,0.08941394048141577,0.09919436982370147,False,False,P01,x_neighbor,-18.371789315194786,15.914532883867246,24.306274900806933
1381,k6_supported_scene,421037,6,0.5,edge,task,0,P11,4.004634983170435,0.6306207414779962,0.284401839291293,0.1793496987715811,0.08941394048141577,0.09919436982370147,False,False,P11,self,7.34454444594643,-11.651973725381906,13.773555271442186
1384,k6_supported_scene,421037,6,0.5,edge,task,1,P00,1.1660413542433774,0.8743754035745388,0.20090854167938232,0.17566948721248196,0.11213662790351012,0.11904576675104153,False,False,P00,self,-9.7984090155815,1.634625551921629,9.933822020331545
1384,k6_supported_scene,421037,6,0.5,edge,task,1,P00,1.1660413542433774,0.8743754035745388,0.20090854167938232,0.17566948721248196,0.11213662790351012,0.11904576675104153,False,False,P10,x_neighbor,-8.986038400142318,19.92150433424945,21.8544096481317
1384,k6_supported_scene,421037,6,0.5,edge,task,1,P00,1.1660413542433774,0.8743754035745388,0.20090854167938232,0.17566948721248196,0.11213662790351012,0.11904576675104153,False,False,P01,y_neighbor,12.848365322985922,16.686242053070075,21.059704777763418
1384,k6_supported_scene,421037,6,0.5,edge,task,1,P00,1.1660413542433774,0.8743754035745388,0.20090854167938232,0.17566948721248196,0.11213662790351012,0.11904576675104153,False,False,P11,diagonal,37.730335850369144,1.1717610609214144,37.748526691323235
1387,k6_supported_scene,421037,6,0.5,edge,task,2,P10,6.163884515183375,0.49181953430040654,0.27931789875075785,0.13737399888536586,0.04904592375489637,0.05865151906178698,False,False,P00,x_neighbor,13.522478951571783,25.754009620171647,29.0882527579708
1387,k6_supported_scene,421037,6,0.5,edge,task,2,P10,6.163884515183375,0.49181953430040654,0.27931789875075785,0.13737399888536586,0.04904592375489637,0.05865151906178698,False,False,P10,self,8.210076384363532,15.636363387275095,17.660725189413963
1387,k6_supported_scene,421037,6,0.5,edge,task,2,P10,6.163884515183375,0.49181953430040654,0.27931789875075785,0.13737399888536586,0.04904592375489637,0.05865151906178698,False,False,P01,diagonal,11.033426071515832,37.36240202443929,38.9574842092175
1387,k6_supported_scene,421037,6,0.5,edge,task,2,P10,6.163884515183375,0.49181953430040654,0.27931789875075785,0.13737399888536586,0.04904592375489637,0.05865151906178698,False,False,P11,y_neighbor,10.297862743715037,34.87157396744538,36.360316941074764
1390,k6_supported_scene,421037,6,0.5,edge,task,3,P00,5.360965576328908,0.5394506505659413,0.3178810777303505,0.17148115418424015,0.0709583311145466,0.08189009381952325,False,False,P00,self,-3.196195630988255,15.780942869375561,16.101360947387143
1390,k6_supported_scene,421037,6,0.5,edge,task,3,P00,5.360965576328908,0.5394506505659413,0.3178810777303505,0.17148115418424015,0.0709583311145466,0.08189009381952325,False,False,P10,x_neighbor,7.392466788065755,24.678760032643513,25.76217696471822
1390,k6_supported_scene,421037,6,0.5,edge,task,3,P00,5.360965576328908,0.5394506505659413,0.3178810777303505,0.17148115418424015,0.0709583311145466,0.08189009381952325,False,False,P01,y_neighbor,4.397843010400505,22.519019950512302,22.94443903597775
1390,k6_supported_scene,421037,6,0.5,edge,task,3,P00,5.360965576328908,0.5394506505659413,0.3178810777303505,0.17148115418424015,0.0709583311145466,0.08189009381952325,False,False,P11,diagonal,32.005265975136794,-9.587105292837633,33.41032232761612
1393,k6_supported_scene,421037,6,0.5,edge,task,4,P10,0.40428038412487055,0.9545220840662406,0.2547684510151162,0.24318211281727664,0.16261725470119626,0.17137860744070788,False,False,P00,x_neighbor,-10.675040666022872,12.820311080414712,16.682831576799135
1393,k6_supported_scene,421037,6,0.5,edge,task,4,P10,0.40428038412487055,0.9545220840662406,0.2547684510151162,0.24318211281727664,0.16261725470119626,0.17137860744070788,False,False,P10,self,3.4223594092504666,8.431635273970363,9.099726222219351
1393,k6_supported_scene,421037,6,0.5,edge,task,4,P10,0.40428038412487055,0.9545220840662406,0.2547684510151162,0.24318211281727664,0.16261725470119626,0.17137860744070788,False,False,P01,diagonal,14.906487930907085,15.12031478277125,21.232694166411605
1393,k6_supported_scene,421037,6,0.5,edge,task,4,P10,0.40428038412487055,0.9545220840662406,0.2547684510151162,0.24318211281727664,0.16261725470119626,0.17137860744070788,False,False,P11,y_neighbor,13.54341280997876,16.744435996101263,21.536020230512147
1396,k6_supported_scene,421037,6,0.5,edge,task,5,P00,-1.254560045682388,1.1553883982335644,0.0773020062353932,0.08931384116455196,0.06486880042411389,0.0675271756719189,False,False,P00,self,5.777381959262524,-4.810198845480699,7.517722742711115
1396,k6_supported_scene,421037,6,0.5,edge,task,5,P00,-1.254560045682388,1.1553883982335644,0.0773020062353932,0.08931384116455196,0.06486880042411389,0.0675271756719189,False,False,P10,x_neighbor,-9.239230172842092,-44.78980481352104,45.73281086288124
1396,k6_supported_scene,421037,6,0.5,edge,task,5,P00,-1.254560045682388,1.1553883982335644,0.0773020062353932,0.08931384116455196,0.06486880042411389,0.0675271756719189,False,False,P01,y_neighbor,40.5521463167694,3.70446719801398,40.720997631662165
1396,k6_supported_scene,421037,6,0.5,edge,task,5,P00,-1.254560045682388,1.1553883982335644,0.0773020062353932,0.08931384116455196,0.06486880042411389,0.0675271756719189,False,False,P11,diagonal,57.77381554900592,-48.101986817455746,75.17722327192755
1399,k6_supported_scene,421037,6,0.5,interior,combined,-1,P11,6.065646401552015,0.4974136281675175,0.2739436884287929,0.13626332397495786,0.04963472336870797,0.059055502415424094,False,False,P00,diagonal,-32.27858246587658,-32.05429422613754,45.49048982306291
1399,k6_supported_scene,421037,6,0.5,interior,combined,-1,P11,6.065646401552015,0.4974136281675175,0.2739436884287929,0.13626332397495786,0.04963472336870797,0.059055502415424094,False,False,P10,y_neighbor,-0.0,-0.0,0.0
1399,k6_supported_scene,421037,6,0.5,interior,combined,-1,P11,6.065646401552015,0.4974136281675175,0.2739436884287929,0.13626332397495786,0.04963472336870797,0.059055502415424094,False,False,P01,x_neighbor,-39.7273345249889,10.51911898737089,41.09638637071198
1399,k6_supported_scene,421037,6,0.5,interior,combined,-1,P11,6.065646401552015,0.4974136281675175,0.2739436884287929,0.13626332397495786,0.04963472336870797,0.059055502415424094,False,False,P11,self,-2.4682186504894066,17.286788373749037,17.46210627574488
1402,k6_supported_scene,421037,6,0.5,interior,task,0,P00,9.002586971136084,0.35470772874768536,0.5257589513468174,0.18649076350099442,0.020231184853234968,0.03831175805745757,False,False,P00,self,-12.77295500045256,20.892273348396934,24.48745525994326
1402,k6_supported_scene,421037,6,0.5,interior,task,0,P00,9.002586971136084,0.35470772874768536,0.5257589513468174,0.18649076350099442,0.020231184853234968,0.03831175805745757,False,False,P10,x_neighbor,-0.0,0.0,0.0
1402,k6_supported_scene,421037,6,0.5,interior,task,0,P00,9.002586971136084,0.35470772874768536,0.5257589513468174,0.18649076350099442,0.020231184853234968,0.03831175805745757,False,False,P01,y_neighbor,24.49438830267924,14.97518809371597,28.70942905675071
1402,k6_supported_scene,421037,6,0.5,interior,task,0,P00,9.002586971136084,0.35470772874768536,0.5257589513468174,0.18649076350099442,0.020231184853234968,0.03831175805745757,False,False,P11,diagonal,14.241109781834075,-23.29368354375722,27.302104330160265
1405,k6_supported_scene,421037,6,0.5,interior,task,1,P11,8.102965723304848,0.39341572406021974,0.45197075744548365,0.1778124027944609,0.03488669986253748,0.05042973597295913,False,False,P00,diagonal,-18.517883422695448,-21.004161402402218,28.00155000486048
1405,k6_supported_scene,421037,6,0.5,interior,task,1,P11,8.102965723304848,0.39341572406021974,0.45197075744548365,0.1778124027944609,0.03488669986253748,0.05042973597295913,False,False,P10,y_neighbor,-0.0,-0.0,0.0
1405,k6_supported_scene,421037,6,0.5,interior,task,1,P11,8.102965723304848,0.39341572406021974,0.45197075744548365,0.1778124027944609,0.03488669986253748,0.05042973597295913,False,False,P01,x_neighbor,-31.58637833438809,10.81464602169374,33.386462299225975
1405,k6_supported_scene,421037,6,0.5,interior,task,1,P11,8.102965723304848,0.39341572406021974,0.45197075744548365,0.1778124027944609,0.03488669986253748,0.05042973597295913,False,False,P11,self,5.0698254389430915,21.488168448201545,22.078145602374285
1408,k6_supported_scene,421037,6,0.5,interior,task,2,P01,6.22750772067314,0.4882301711146766,0.4611834281483305,0.2251636640401126,0.07932465883277914,0.09518451383258447,False,False,P00,y_neighbor,-0.1373472616619486,18.54710016344516,18.54760870686983
1408,k6_supported_scene,421037,6,0.5,interior,task,2,P01,6.22750772067314,0.4882301711146766,0.4611834281483305,0.2251636640401126,0.07932465883277914,0.09518451383258447,False,False,P10,diagonal,-0.0,0.0,0.0
1408,k6_supported_scene,421037,6,0.5,interior,task,2,P01,6.22750772067314,0.4882301711146766,0.4611834281483305,0.2251636640401126,0.07932465883277914,0.09518451383258447,False,False,P01,self,-0.13174107734293897,17.79007525640266,17.79056304167829
1408,k6_supported_scene,421037,6,0.5,interior,task,2,P01,6.22750772067314,0.4882301711146766,0.4611834281483305,0.2251636640401126,0.07932465883277914,0.09518451383258447,False,False,P11,x_neighbor,-8.554453938565127,27.466396937316574,28.767718764359223
1411,k6_supported_scene,421037,6,0.5,interior,task,3,P01,9.344172855598282,0.3410290358569419,0.49568364080712385,0.16904251411451215,0.01229358373098266,0.02933988285873032,False,False,P00,y_neighbor,24.80296849144989,26.381182299552773,36.20986088774842
1411,k6_supported_scene,421037,6,0.5,interior,task,3,P01,9.344172855598282,0.3410290358569419,0.49568364080712385,0.16904251411451215,0.01229358373098266,0.02933988285873032,False,False,P10,diagonal,0.0,-0.0,0.0
1411,k6_supported_scene,421037,6,0.5,interior,task,3,P01,9.344172855598282,0.3410290358569419,0.49568364080712385,0.16904251411451215,0.01229358373098266,0.02933988285873032,False,False,P01,self,23.82009969037844,-9.01697512746587,25.46964840175273
1411,k6_supported_scene,421037,6,0.5,interior,task,3,P01,9.344172855598282,0.3410290358569419,0.49568364080712385,0.16904251411451215,0.01229358373098266,0.02933988285873032,False,False,P11,x_neighbor,-9.234252618680744,-24.394077541116044,26.083374791379935
1417,k6_supported_scene,421037,6,0.5,interior,task,5,P00,8.074617262967683,0.39470182716772295,0.6108671449396915,0.24111037826442647,0.04793722568706388,0.06894462480759889,False,False,P00,self,14.258516969994691,16.7620937684813,22.00620579943272
1417,k6_supported_scene,421037,6,0.5,interior,task,5,P00,8.074617262967683,0.39470182716772295,0.6108671449396915,0.24111037826442647,0.04793722568706388,0.06894462480759889,False,False,P10,x_neighbor,-0.0,0.0,0.0
1417,k6_supported_scene,421037,6,0.5,interior,task,5,P00,8.074617262967683,0.39470182716772295,0.6108671449396915,0.24111037826442647,0.04793722568706388,0.06894462480759889,False,False,P01,y_neighbor,13.656044189240319,16.05383621916952,21.07636591659965
1417,k6_supported_scene,421037,6,0.5,interior,task,5,P00,8.074617262967683,0.39470182716772295,0.6108671449396915,0.24111037826442647,0.04793722568706388,0.06894462480759889,False,False,P11,diagonal,19.087946240529163,-2.2206512559958558,19.216685033639056
1420,k6_supported_scene,421038,6,0.5,corner,combined,-1,P10,6.911066138782099,0.4512806300584585,0.5807603014750553,0.2620858747626033,0.07843334203588126,0.0984053826792739,False,False,P00,x_neighbor,-9.757964813897864,-2.1723430509573856,9.996847084971922
1420,k6_supported_scene,421038,6,0.5,corner,combined,-1,P10,6.911066138782099,0.4512806300584585,0.5807603014750553,0.2620858747626033,0.07843334203588126,0.0984053826792739,False,False,P10,self,2.5820130374063446,19.073227569972353,19.247202426879856
1420,k6_supported_scene,421038,6,0.5,corner,combined,-1,P10,6.911066138782099,0.4512806300584585,0.5807603014750553,0.2620858747626033,0.07843334203588126,0.0984053826792739,False,False,P01,diagonal,0.0,-0.0,0.0
1420,k6_supported_scene,421038,6,0.5,corner,combined,-1,P10,6.911066138782099,0.4512806300584585,0.5807603014750553,0.2620858747626033,0.07843334203588126,0.0984053826792739,False,False,P11,y_neighbor,21.62905100587162,12.654801800767105,25.059127200110034
1426,k6_supported_scene,421038,6,0.5,corner,task,1,P10,6.951723996917258,0.4491731628187017,0.4539219224415372,0.20388954557581065,0.06034683009605499,0.07595696574221311,False,False,P00,x_neighbor,-25.469211820550292,-1.0379677953391337,25.490353624542365
1426,k6_supported_scene,421038,6,0.5,corner,task,1,P10,6.951723996917258,0.4491731628187017,0.4539219224415372,0.20388954557581065,0.06034683009605499,0.07595696574221311,False,False,P10,self,-12.866097353920116,14.436161376082287,19.33750801930901
1426,k6_supported_scene,421038,6,0.5,corner,task,1,P10,6.951723996917258,0.4491731628187017,0.4539219224415372,0.20388954557581065,0.06034683009605499,0.07595696574221311,False,False,P01,diagonal,0.0,-0.0,0.0
1426,k6_supported_scene,421038,6,0.5,corner,task,1,P10,6.951723996917258,0.4491731628187017,0.4539219224415372,0.20388954557581065,0.06034683009605499,0.07595696574221311,False,False,P11,y_neighbor,27.856365326974675,3.8944977241827985,28.127285716071896
1429,k6_supported_scene,421038,6,0.5,corner,task,2,P10,8.735216986191686,0.36579616724146286,0.5564224957494031,0.20353721631206084,0.027580973519713614,0.046716049852892266,False,False,P00,x_neighbor,11.476620093340475,13.465171360906629,17.69247434774024
1429,k6_supported_scene,421038,6,0.5,corner,task,2,P10,8.735216986191686,0.36579616724146286,0.5564224957494031,0.20353721631206084,0.027580973519713614,0.046716049852892266,False,False,P10,self,7.314630364113624,22.590461513822447,23.7451630605289
1429,k6_supported_scene,421038,6,0.5,corner,task,2,P10,8.735216986191686,0.36579616724146286,0.5564224957494031,0.20353721631206084,0.027580973519713614,0.046716049852892266,False,False,P01,diagonal,0.0,-0.0,0.0
1429,k6_supported_scene,421038,6,0.5,corner,task,2,P10,8.735216986191686,0.36579616724146286,0.5564224957494031,0.20353721631206084,0.027580973519713614,0.046716049852892266,False,False,P11,y_neighbor,9.465991365432393,29.234714958864146,30.729034336543602
1432,k6_supported_scene,421038,6,0.5,corner,task,3,P10,3.532813287145786,0.6658238315893663,0.4435909322713293,0.29535341418319555,0.1550776446457066,0.17033250298547548,False,False,P00,x_neighbor,-20.35346004725606,6.59198865760029,21.394336875845898
1432,k6_supported_scene,421038,6,0.5,corner,task,3,P10,3.532813287145786,0.6658238315893663,0.4435909322713293,0.29535341418319555,0.1550776446457066,0.17033250298547548,False,False,P10,self,4.01950516594555,12.41064607329147,13.045327045941317
1432,k6_supported_scene,421038,6,0.5,corner,task,3,P10,3.532813287145786,0.6658238315893663,0.4435909322713293,0.29535341418319555,0.1550776446457066,0.17033250298547548,False,False,P01,diagonal,0.0,-0.0,0.0
1432,k6_supported_scene,421038,6,0.5,corner,task,3,P10,3.532813287145786,0.6658238315893663,0.4435909322713293,0.29535341418319555,0.1550776446457066,0.17033250298547548,False,False,P11,y_neighbor,12.07975756265557,9.541430573399701,15.393486939596922
1435,k6_supported_scene,421038,6,0.5,corner,task,4,P00,9.173609825648635,0.34779193648536644,0.49057231498891424,0.17061709541610365,0.015484508177450756,0.03235503150453914,False,False,P00,self,16.53701155210397,18.71489094398185,24.974384759580246
1435,k6_supported_scene,421038,6,0.5,corner,task,4,P00,9.173609825648635,0.34779193648536644,0.49057231498891424,0.17061709541610365,0.015484508177450756,0.03235503150453914,False,False,P10,x_neighbor,-23.937651498877468,21.151990583443684,31.943980104611274
1435,k6_supported_scene,421038,6,0.5,corner,task,4,P00,9.173609825648635,0.34779193648536644,0.49057231498891424,0.17061709541610365,0.015484508177450756,0.03235503150453914,False,False,P01,y_neighbor,-0.0,0.0,0.0
1435,k6_supported_scene,421038,6,0.5,corner,task,4,P00,9.173609825648635,0.34779193648536644,0.49057231498891424,0.17061709541610365,0.015484508177450756,0.03235503150453914,False,False,P11,diagonal,18.02370013736161,24.953983680261363,30.782382431453865
1438,k6_supported_scene,421038,6,0.5,corner,task,5,P10,2.703974655101038,0.7324892700211689,0.39153455837346,0.2867948628510365,0.162980764138208,0.17644543121904394,False,False,P00,x_neighbor,-5.05023561454429,9.355250647087354,10.631349605400056
1438,k6_supported_scene,421038,6,0.5,corner,task,5,P10,2.703974655101038,0.7324892700211689,0.39153455837346,0.2867948628510365,0.162980764138208,0.17644543121904394,False,False,P10,self,7.484769516927744,9.197359473149264,11.858043514840857
1438,k6_supported_scene,421038,6,0.5,corner,task,5,P10,2.703974655101038,0.7324892700211689,0.39153455837346,0.2867948628510365,0.162980764138208,0.17644543121904394,False,False,P01,diagonal,-0.0,-0.0,0.0
1438,k6_supported_scene,421038,6,0.5,corner,task,5,P10,2.703974655101038,0.7324892700211689,0.39153455837346,0.2867948628510365,0.162980764138208,0.17644543121904394,False,False,P11,y_neighbor,9.75984066903726,23.840151591631646,25.760576814135405
1441,k6_supported_scene,421038,6,0.5,edge,combined,-1,P10,5.799036853024883,0.5129182564936661,0.47618976097761084,0.24424642196077176,0.09366199764672986,0.1100379125225519,False,False,P00,x_neighbor,-7.334527515472914,11.311891363409938,13.481623792882578
1441,k6_supported_scene,421038,6,0.5,edge,combined,-1,P10,5.799036853024883,0.5129182564936661,0.47618976097761084,0.24424642196077176,0.09366199764672986,0.1100379125225519,False,False,P10,self,6.463592542747115,15.652189486380284,16.93425712206501
1441,k6_supported_scene,421038,6,0.5,edge,combined,-1,P10,5.799036853024883,0.5129182564936661,0.47618976097761084,0.24424642196077176,0.09366199764672986,0.1100379125225519,False,False,P01,diagonal,5.714647159160061,16.59624164419059,17.552561888968295
1441,k6_supported_scene,421038,6,0.5,edge,combined,-1,P10,5.799036853024883,0.5129182564936661,0.47618976097761084,0.24424642196077176,0.09366199764672986,0.1100379125225519,False,False,P11,y_neighbor,13.744100275455606,17.29564735515607,22.091620805538376
1444,k6_supported_scene,421038,6,0.5,edge,task,0,P11,5.316987805964349,0.5421888843824636,0.34843790095439264,0.18891915679502946,0.07873341778062563,0.09071601352948201,False,False,P00,diagonal,-3.748930268020195,-20.092616799473564,20.43936711361106
1444,k6_supported_scene,421038,6,0.5,edge,task,0,P11,5.316987805964349,0.5421888843824636,0.34843790095439264,0.18891915679502946,0.07873341778062563,0.09071601352948201,False,False,P10,y_neighbor,-11.090071256874122,25.898617726784778,28.17318016555242
1444,k6_supported_scene,421038,6,0.5,edge,task,0,P11,5.316987805964349,0.5421888843824636,0.34843790095439264,0.18891915679502946,0.07873341778062563,0.09071601352948201,False,False,P01,x_neighbor,-16.35300716870686,19.45002115779949,25.411103212938745
1444,k6_supported_scene,421038,6,0.5,edge,task,0,P11,5.316987805964349,0.5421888843824636,0.34843790095439264,0.18891915679502946,0.07873341778062563,0.09071601352948201,False,False,P11,self,14.872424352942046,-5.95422497031359,16.020043730623506
1447,k6_supported_scene,421038,6,0.5,edge,task,1,P10,5.583379869035291,0.5258126214221716,0.36707474346862906,0.19301253312111097,0.07693330703282253,0.08955681397208476,False,False,P00,x_neighbor,-16.51314838251064,-0.4390258795400818,16.518983419863332
1447,k6_supported_scene,421038,6,0.5,edge,task,1,P10,5.583379869035291,0.5258126214221716,0.36707474346862906,0.19301253312111097,0.07693330703282253,0.08955681397208476,False,False,P10,self,-3.652145026415244,16.110202628988713,16.5189827786412
1447,k6_supported_scene,421038,6,0.5,edge,task,1,P10,5.583379869035291,0.5258126214221716,0.36707474346862906,0.19301253312111097,0.07693330703282253,0.08955681397208476,False,False,P01,diagonal,12.813348281442016,20.325950367531537,24.027612293461214
1447,k6_supported_scene,421038,6,0.5,edge,task,1,P10,5.583379869035291,0.5258126214221716,0.36707474346862906,0.19301253312111097,0.07693330703282253,0.08955681397208476,False,False,P11,y_neighbor,29.291277726341292,6.640265210969613,30.0345146941593
1450,k6_supported_scene,421038,6,0.5,edge,task,2,P10,4.0116445654505455,0.6301120307995774,0.26850845676484975,0.16919040897896,0.08428057953958286,0.09351444383433881,False,False,P00,x_neighbor,12.982147972044807,16.093561344599255,20.677013389763196
1450,k6_supported_scene,421038,6,0.5,edge,task,2,P10,4.0116445654505455,0.6301120307995774,0.26850845676484975,0.16919040897896,0.08428057953958286,0.09351444383433881,False,False,P10,self,7.5614595121507495,11.52569296822224,13.7846751268074
1450,k6_supported_scene,421038,6,0.5,edge,task,2,P10,4.0116445654505455,0.6301120307995774,0.26850845676484975,0.16919040897896,0.08428057953958286,0.09351444383433881,False,False,P01,diagonal,16.800425717255496,20.82696139293537,26.75848697411422
1450,k6_supported_scene,421038,6,0.5,edge,task,2,P10,4.0116445654505455,0.6301120307995774,0.26850845676484975,0.16919040897896,0.08428057953958286,0.09351444383433881,False,False,P11,y_neighbor,13.526997146461213,33.45195300136217,36.083414630626535
1453,k6_supported_scene,421038,6,0.5,edge,task,3,P00,6.822928673102393,0.45588317719025384,0.3992723884148466,0.18202156499490132,0.05576054957426718,0.06949131655154184,False,False,P00,self,-2.6681395269330364,18.86513845859923,19.05288475788646
1453,k6_supported_scene,421038,6,0.5,edge,task,3,P00,6.822928673102393,0.45588317719025384,0.3992723884148466,0.18202156499490132,0.05576054957426718,0.06949131655154184,False,False,P10,x_neighbor,3.7999128725971905,24.47553193407594,24.768750499274297
1453,k6_supported_scene,421038,6,0.5,edge,task,3,P00,6.822928673102393,0.45588317719025384,0.3992723884148466,0.18202156499490132,0.05576054957426718,0.06949131655154184,False,False,P01,y_neighbor,9.749670790899014,20.25839188743664,22.4824047289401
1453,k6_supported_scene,421038,6,0.5,edge,task,3,P00,6.822928673102393,0.45588317719025384,0.3992723884148466,0.18202156499490132,0.05576054957426718,0.06949131655154184,False,False,P11,diagonal,25.57187137905085,11.883675454095094,28.198268530620496
1456,k6_supported_scene,421038,6,0.5,edge,task,4,P10,1.3598940636632229,0.8550771416595618,0.31739486505091996,0.27139709398516293,0.17102802486489477,0.18194306697211318,False,False,P00,x_neighbor,-9.759205340105812,10.996286925318753,14.702394873430856
1456,k6_supported_scene,421038,6,0.5,edge,task,4,P10,1.3598940636632229,0.8550771416595618,0.31739486505091996,0.27139709398516293,0.17102802486489477,0.18194306697211318,False,False,P10,self,3.5218415824095834,9.527957640703882,10.158018750457037
1456,k6_supported_scene,421038,6,0.5,edge,task,4,P10,1.3598940636632229,0.8550771416595618,0.31739486505091996,0.27139709398516293,0.17102802486489477,0.18194306697211318,False,False,P01,diagonal,9.623612847183022,10.39767212407975,14.167763049695996
1456,k6_supported_scene,421038,6,0.5,edge,task,4,P10,1.3598940636632229,0.8550771416595618,0.31739486505091996,0.27139709398516293,0.17102802486489477,0.18194306697211318,False,False,P11,y_neighbor,13.563815687942435,17.89498513760181,22.45456722120164
1459,k6_supported_scene,421038,6,0.5,edge,task,5,P00,3.9913992678654155,0.6315824252683511,0.19507952738458037,0.123208801025757,0.061519237885310586,0.0682279200037732,False,False,P00,self,13.372051320288932,3.212752539528273,13.75258286260026
1459,k6_supported_scene,421038,6,0.5,edge,task,5,P00,3.9913992678654155,0.6315824252683511,0.19507952738458037,0.123208801025757,0.061519237885310586,0.0682279200037732,False,False,P10,x_neighbor,1.1219222772474775,-28.431490897927528,28.453618122747066
1459,k6_supported_scene,421038,6,0.5,edge,task,5,P00,3.9913992678654155,0.6315824252683511,0.19507952738458037,0.123208801025757,0.061519237885310586,0.0682279200037732,False,False,P01,y_neighbor,25.772739448839946,15.111557692073987,29.876299546273653
1459,k6_supported_scene,421038,6,0.5,edge,task,5,P00,3.9913992678654155,0.6315824252683511,0.19507952738458037,0.123208801025757,0.061519237885310586,0.0682279200037732,False,False,P11,diagonal,36.86281081081414,-41.46889697105567,55.48455854442663
1462,k6_supported_scene,421038,6,0.5,interior,combined,-1,P10,6.70064998187918,0.4623464218299563,0.5934638887152583,0.27438590543279107,0.08671614569269959,0.10712505600509992,False,False,P00,x_neighbor,-16.548681017432337,11.363472793985652,20.074545009946736
1462,k6_supported_scene,421038,6,0.5,interior,combined,-1,P10,6.70064998187918,0.4623464218299563,0.5934638887152583,0.27438590543279107,0.08671614569269959,0.10712505600509992,False,False,P10,self,-1.4295285863905178,18.732072510719338,18.78654019574
1462,k6_supported_scene,421038,6,0.5,interior,combined,-1,P10,6.70064998187918,0.4623464218299563,0.5934638887152583,0.27438590543279107,0.08671614569269959,0.10712505600509992,False,False,P01,diagonal,-0.0,0.0,0.0
1462,k6_supported_scene,421038,6,0.5,interior,combined,-1,P10,6.70064998187918,0.4623464218299563,0.5934638887152583,0.27438590543279107,0.08671614569269959,0.10712505600509992,False,False,P11,y_neighbor,12.450513893628525,9.547210512124627,15.689631123078067
1468,k6_supported_scene,421038,6,0.5,interior,task,1,P10,5.355385418498884,0.5397973262717299,0.48783420604382177,0.26333160008634715,0.10906487892251157,0.12584124012626177,False,False,P00,x_neighbor,-20.999843802441916,4.662224418245339,21.511154693624448
1468,k6_supported_scene,421038,6,0.5,interior,task,1,P10,5.355385418498884,0.5397973262717299,0.48783420604382177,0.26333160008634715,0.10906487892251157,0.12584124012626177,False,False,P10,self,-2.7893784966722013,15.847406605583672,16.09102012056396
1468,k6_supported_scene,421038,6,0.5,interior,task,1,P10,5.355385418498884,0.5397973262717299,0.48783420604382177,0.26333160008634715,0.10906487892251157,0.12584124012626177,False,False,P01,diagonal,0.0,-0.0,0.0
1468,k6_supported_scene,421038,6,0.5,interior,task,1,P10,5.355385418498884,0.5397973262717299,0.48783420604382177,0.26333160008634715,0.10906487892251157,0.12584124012626177,False,False,P11,y_neighbor,17.84058668101557,6.931606906318045,19.139846065905186
1471,k6_supported_scene,421038,6,0.5,interior,task,2,P10,2.1294028043052124,0.7825820094044823,0.26247148517733754,0.20540546228145964,0.1224046908807086,0.13143094690471574,False,False,P00,x_neighbor,5.28033968222328,22.986722430899,23.58540640469986
1471,k6_supported_scene,421038,6,0.5,interior,task,2,P10,2.1294028043052124,0.7825820094044823,0.26247148517733754,0.20540546228145964,0.1224046908807086,0.13143094690471574,False,False,P10,self,1.4126215454781064,11.008752852108742,11.099015226116293
1471,k6_supported_scene,421038,6,0.5,interior,task,2,P10,2.1294028043052124,0.7825820094044823,0.26247148517733754,0.20540546228145964,0.1224046908807086,0.13143094690471574,False,False,P01,diagonal,-0.0,0.0,0.0
1471,k6_supported_scene,421038,6,0.5,interior,task,2,P10,2.1294028043052124,0.7825820094044823,0.26247148517733754,0.20540546228145964,0.1224046908807086,0.13143094690471574,False,False,P11,y_neighbor,4.237864479276534,33.02625854550789,33.29704564761635
1474,k6_supported_scene,421038,6,0.5,interior,task,3,P10,5.815660677332542,0.5119375269429836,0.5544852018356323,0.28386178295421466,0.10851816628833716,0.1275866201049875,False,False,P00,x_neighbor,-17.766891076201777,11.985486374122702,21.431619214093445
1474,k6_supported_scene,421038,6,0.5,interior,task,3,P10,5.815660677332542,0.5119375269429836,0.5544852018356323,0.28386178295421466,0.10851816628833716,0.1275866201049875,False,False,P10,self,1.7377091412183172,16.87747678955627,16.966698436687214
1474,k6_supported_scene,421038,6,0.5,interior,task,3,P10,5.815660677332542,0.5119375269429836,0.5544852018356323,0.28386178295421466,0.10851816628833716,0.1275866201049875,False,False,P01,diagonal,0.0,-0.0,0.0
1474,k6_supported_scene,421038,6,0.5,interior,task,3,P10,5.815660677332542,0.5119375269429836,0.5544852018356323,0.28386178295421466,0.10851816628833716,0.1275866201049875,False,False,P11,y_neighbor,9.767024937832748,9.680987282986555,13.75195589396629
1477,k6_supported_scene,421038,6,0.5,interior,task,4,P11,7.8334678589990645,0.4058136089996131,0.3803656140356611,0.15435754257116552,0.034075374175045595,0.04715594714736247,False,False,P00,diagonal,39.596594060140625,23.607928465367994,46.10015778269632
1477,k6_supported_scene,421038,6,0.5,interior,task,4,P11,7.8334678589990645,0.4058136089996131,0.3803656140356611,0.15435754257116552,0.034075374175045595,0.04715594714736247,False,False,P10,y_neighbor,20.74107387664365,12.366057726529142,24.1477023596913
1477,k6_supported_scene,421038,6,0.5,interior,task,4,P11,7.8334678589990645,0.4058136089996131,0.3803656140356611,0.15435754257116552,0.034075374175045595,0.04715594714736247,False,False,P01,x_neighbor,-0.0,-0.0,0.0
1477,k6_supported_scene,421038,6,0.5,interior,task,4,P11,7.8334678589990645,0.4058136089996131,0.3803656140356611,0.15435754257116552,0.034075374175045595,0.04715594714736247,False,False,P11,self,15.892535021190431,14.336780219651457,21.403643065290396
1480,k6_supported_scene,421038,6,0.5,interior,task,5,P10,5.328149153970749,0.5414926203702374,0.5207495929223968,0.28198206162828304,0.11730658120425574,0.1352148852127435,False,False,P00,x_neighbor,-11.527767993191382,13.201034442294546,17.525887859149805
1480,k6_supported_scene,421038,6,0.5,interior,task,5,P10,5.328149153970749,0.5414926203702374,0.5207495929223968,0.28198206162828304,0.11730658120425574,0.1352148852127435,False,False,P10,self,-2.060133228214876,15.907798990424547,16.040642681568194
1480,k6_supported_scene,421038,6,0.5,interior,task,5,P10,5.328149153970749,0.5414926203702374,0.5207495929223968,0.28198206162828304,0.11730658120425574,0.1352148852127435,False,False,P01,diagonal,-0.0,0.0,0.0
1480,k6_supported_scene,421038,6,0.5,interior,task,5,P10,5.328149153970749,0.5414926203702374,0.5207495929223968,0.28198206162828304,0.11730658120425574,0.1352148852127435,False,False,P11,y_neighbor,11.967727757144205,15.528634732177137,19.60522900438804
1483,k6_supported_scene,421039,6,0.5,corner,combined,-1,P10,5.696877960276416,0.5189865489499311,0.4363714629060846,0.22647091959386173,0.08847814672557114,0.10348473131932089,False,False,P00,x_neighbor,-9.996439541360234,-3.034576914916417,10.446887601415744
1483,k6_supported_scene,421039,6,0.5,corner,combined,-1,P10,5.696877960276416,0.5189865489499311,0.4363714629060846,0.22647091959386173,0.08847814672557114,0.10348473131932089,False,False,P10,self,-0.9927365220815647,16.70678315191466,16.736251942635604
1483,k6_supported_scene,421039,6,0.5,corner,combined,-1,P10,5.696877960276416,0.5189865489499311,0.4363714629060846,0.22647091959386173,0.08847814672557114,0.10348473131932089,False,False,P01,diagonal,-6.158277037715564,8.722911543259729,10.67771332565117
1483,k6_supported_scene,421039,6,0.5,corner,combined,-1,P10,5.696877960276416,0.5189865489499311,0.4363714629060846,0.22647091959386173,0.08847814672557114,0.10348473131932089,False,False,P11,y_neighbor,26.674240500890125,16.006294210732065,31.108142996004148
1486,k6_supported_scene,421039,6,0.5,corner,task,0,P01,3.419114891084492,0.6745967669078684,0.3736342144194407,0.252052433053516,0.13389892012020005,0.1467480038079005,False,False,P00,y_neighbor,17.23809934697365,16.90203758855867,24.141891884050505
1486,k6_supported_scene,421039,6,0.5,corner,task,0,P01,3.419114891084492,0.6745967669078684,0.3736342144194407,0.252052433053516,0.13389892012020005,0.1467480038079005,False,False,P10,diagonal,13.293504794911541,-9.072967496188811,16.094595643234868
1486,k6_supported_scene,421039,6,0.5,corner,task,0,P01,3.419114891084492,0.6745967669078684,0.3736342144194407,0.252052433053516,0.13389892012020005,0.1467480038079005,False,False,P01,self,12.6523872217511,2.3874964049887857,12.87567635089376
1486,k6_supported_scene,421039,6,0.5,corner,task,0,P01,3.419114891084492,0.6745967669078684,0.3736342144194407,0.252052433053516,0.13389892012020005,0.1467480038079005,False,False,P11,x_neighbor,-10.45099075317529,-8.406122614577274,13.412162582308003
1489,k6_supported_scene,421039,6,0.5,corner,task,1,P00,7.5410839100008005,0.41970660564033396,0.4376192178146674,0.18367167647197205,0.045284328856403766,0.06033382308375608,False,False,P00,self,-19.689103819723528,6.37403123913861,20.695146374485166
1489,k6_supported_scene,421039,6,0.5,corner,task,1,P00,7.5410839100008005,0.41970660564033396,0.4376192178146674,0.18367167647197205,0.045284328856403766,0.06033382308375608,False,False,P10,x_neighbor,0.3345581133985749,18.021699423049615,18.024804554446288
1489,k6_supported_scene,421039,6,0.5,corner,task,1,P00,7.5410839100008005,0.41970660564033396,0.4376192178146674,0.18367167647197205,0.045284328856403766,0.06033382308375608,False,False,P01,y_neighbor,15.62741935564059,27.9751277333448,32.04409473544241
1489,k6_supported_scene,421039,6,0.5,corner,task,1,P00,7.5410839100008005,0.41970660564033396,0.4376192178146674,0.18367167647197205,0.045284328856403766,0.06033382308375608,False,False,P11,diagonal,11.536764571343117,-17.979693277453634,21.362731733697103
1492,k6_supported_scene,421039,6,0.5,corner,task,2,P01,6.556810740397592,0.4700666746315559,0.49949724328070655,0.234797008136591,0.07684211076236414,0.09401955766899181,False,False,P00,y_neighbor,8.594611998518197,12.660432221758693,15.302088074730804
1492,k6_supported_scene,421039,6,0.5,corner,task,2,P01,6.556810740397592,0.4700666746315559,0.49949724328070655,0.234797008136591,0.07684211076236414,0.09401955766899181,False,False,P10,diagonal,-9.321891809433165,9.459853908064417,13.281058047787411
1492,k6_supported_scene,421039,6,0.5,corner,task,2,P01,6.556810740397592,0.4700666746315559,0.49949724328070655,0.234797008136591,0.07684211076236414,0.09401955766899181,False,False,P01,self,0.13572722536262122,18.477496457582916,18.477994945872613
1492,k6_supported_scene,421039,6,0.5,corner,task,2,P01,6.556810740397592,0.4700666746315559,0.49949724328070655,0.234797008136591,0.07684211076236414,0.09401955766899181,False,False,P11,x_neighbor,-17.42788471992466,17.685815529970487,24.82980541146323
1495,k6_supported_scene,421039,6,0.5,corner,task,3,P10,3.8129736136335306,0.6446905723171484,0.36044356653846593,0.23237456919971775,0.11839230537811718,0.13078776963810818,False,False,P00,x_neighbor,-21.28934755521129,15.042108831438572,26.06724683244134
1495,k6_supported_scene,421039,6,0.5,corner,task,3,P10,3.8129736136335306,0.6446905723171484,0.36044356653846593,0.23237456919971775,0.11839230537811718,0.13078776963810818,False,False,P10,self,4.24566031455731,12.786516033395515,13.472958983789992
1495,k6_supported_scene,421039,6,0.5,corner,task,3,P10,3.8129736136335306,0.6446905723171484,0.36044356653846593,0.23237456919971775,0.11839230537811718,0.13078776963810818,False,False,P01,diagonal,7.741378254487936,17.392867035675337,19.037877008735517
1495,k6_supported_scene,421039,6,0.5,corner,task,3,P10,3.8129736136335306,0.6446905723171484,0.36044356653846593,0.23237456919971775,0.11839230537811718,0.13078776963810818,False,False,P11,y_neighbor,10.40277236678536,8.092993124125927,13.180068688072252
1498,k6_supported_scene,421039,6,0.5,corner,task,4,P10,6.724580920915026,0.46107434073547726,0.4923659563064575,0.2270173087045927,0.07131752227905758,0.08824972798561073,False,False,P00,x_neighbor,-4.074831514212673,12.007076045814765,12.67967377495176
1498,k6_supported_scene,421039,6,0.5,corner,task,4,P10,6.724580920915026,0.46107434073547726,0.4923659563064575,0.2270173087045927,0.07131752227905758,0.08824972798561073,False,False,P10,self,-13.748467574816047,12.878814907812869,18.83837132252869
1498,k6_supported_scene,421039,6,0.5,corner,task,4,P10,6.724580920915026,0.46107434073547726,0.4923659563064575,0.2270173087045927,0.07131752227905758,0.08824972798561073,False,False,P01,diagonal,10.346268548384952,-7.940225813340479,13.041949963181814
1498,k6_supported_scene,421039,6,0.5,corner,task,4,P10,6.724580920915026,0.46107434073547726,0.4923659563064575,0.2270173087045927,0.07131752227905758,0.08824972798561073,False,False,P11,y_neighbor,19.070553383942393,20.358308331139504,27.895281401619535
1501,k6_supported_scene,421039,6,0.5,corner,task,5,P10,1.3006963051563616,0.8609247333063049,0.2614767779286655,0.2251118253040283,0.14242560795436554,0.1514176565204106,False,False,P00,x_neighbor,-8.544517047031693,7.194435641488514,11.16998996268732
1501,k6_supported_scene,421039,6,0.5,corner,task,5,P10,1.3006963051563616,0.8609247333063049,0.2614767779286655,0.2251118253040283,0.14242560795436554,0.1514176565204106,False,False,P10,self,6.4981998533758025,7.717628424944314,10.089023235176027
1501,k6_supported_scene,421039,6,0.5,corner,task,5,P10,1.3006963051563616,0.8609247333063049,0.2614767779286655,0.2251118253040283,0.14242560795436554,0.1514176565204106,False,False,P01,diagonal,-19.741748365767112,-7.887268578345234,21.259013010114572
1501,k6_supported_scene,421039,6,0.5,corner,task,5,P10,1.3006963051563616,0.8609247333063049,0.2614767779286655,0.2251118253040283,0.14242560795436554,0.1514176565204106,False,False,P11,y_neighbor,8.605767564306722,27.133431438792645,28.46545866510032
1504,k6_supported_scene,421039,6,0.5,edge,combined,-1,P10,2.783422265254597,0.7258199259722992,0.30091088410485917,0.218407115625248,0.12325073897461676,0.13359890566596488,False,False,P00,x_neighbor,-9.452133204267767,8.738165207122991,12.872387241619018
1504,k6_supported_scene,421039,6,0.5,edge,combined,-1,P10,2.783422265254597,0.7258199259722992,0.30091088410485917,0.218407115625248,0.12325073897461676,0.13359890566596488,False,False,P10,self,2.8046141100177544,11.63371453578416,11.967003560049038
1504,k6_supported_scene,421039,6,0.5,edge,combined,-1,P10,2.783422265254597,0.7258199259722992,0.30091088410485917,0.218407115625248,0.12325073897461676,0.13359890566596488,False,False,P01,diagonal,6.2677131713247825,23.09073716614784,23.92626948093077
1504,k6_supported_scene,421039,6,0.5,edge,combined,-1,P10,2.783422265254597,0.7258199259722992,0.30091088410485917,0.218407115625248,0.12325073897461676,0.13359890566596488,False,False,P11,y_neighbor,19.447462942047913,17.94481632962399,26.461675078994272
1507,k6_supported_scene,421039,6,0.5,edge,task,0,P11,5.389613665469067,0.5376743474886554,0.34384669701017007,0.18487754845107257,0.07614367560327794,0.08796838226856021,False,False,P00,diagonal,-11.322383297881279,-20.109569725681876,23.077936608288923
1507,k6_supported_scene,421039,6,0.5,edge,task,0,P11,5.389613665469067,0.5376743474886554,0.34384669701017007,0.18487754845107257,0.07614367560327794,0.08796838226856021,False,False,P10,y_neighbor,-5.607078397534289,31.818852828465086,32.30911208120112
1507,k6_supported_scene,421039,6,0.5,edge,task,0,P11,5.389613665469067,0.5376743474886554,0.34384669701017007,0.18487754845107257,0.07614367560327794,0.08796838226856021,False,False,P01,x_neighbor,-13.297452204699976,13.893620066520874,19.231612352819297
1507,k6_supported_scene,421039,6,0.5,edge,task,0,P11,5.389613665469067,0.5376743474886554,0.34384669701017007,0.18487754845107257,0.07614367560327794,0.08796838226856021,False,False,P11,self,13.232063451026784,-9.267261366116648,16.15455466423996
1510,k6_supported_scene,421039,6,0.5,edge,task,1,P10,6.729507590718914,0.46081289176142737,0.4053066848162224,0.18677054548040087,0.0586013179892762,0.07253960123905857,False,False,P00,x_neighbor,-15.28678002686144,-5.985793711909186,16.41692327907947
1510,k6_supported_scene,421039,6,0.5,edge,task,1,P10,6.729507590718914,0.46081289176142737,0.4053066848162224,0.18677054548040087,0.0586013179892762,0.07253960123905857,False,False,P10,self,-5.119137554328121,18.140602983548547,18.84905954966621
1510,k6_supported_scene,421039,6,0.5,edge,task,1,P10,6.729507590718914,0.46081289176142737,0.4053066848162224,0.18677054548040087,0.0586013179892762,0.07253960123905857,False,False,P01,diagonal,11.122919685260362,15.964308148532027,19.457093230645693
1510,k6_supported_scene,421039,6,0.5,edge,task,1,P10,6.729507590718914,0.46081289176142737,0.4053066848162224,0.18677054548040087,0.0586013179892762,0.07253960123905857,False,False,P11,y_neighbor,33.51873518972468,5.99091282157321,34.049914025656186
1513,k6_supported_scene,421039,6,0.5,edge,task,2,P10,4.812676380207548,0.574600740035531,0.2762656106405291,0.15874242432041585,0.07137956744028376,0.08088019616795399,False,False,P00,x_neighbor,9.972965423716149,15.92890451912243,18.793350912542362
1513,k6_supported_scene,421039,6,0.5,edge,task,2,P10,4.812676380207548,0.574600740035531,0.2762656106405291,0.15874242432041585,0.07137956744028376,0.08088019616795399,False,False,P10,self,3.9570820327184237,14.58926962768248,15.116391318131503
1513,k6_supported_scene,421039,6,0.5,edge,task,2,P10,4.812676380207548,0.574600740035531,0.2762656106405291,0.15874242432041585,0.07137956744028376,0.08088019616795399,False,False,P01,diagonal,18.64511018012849,29.780125199569095,35.1353951241642
1513,k6_supported_scene,421039,6,0.5,edge,task,2,P10,4.812676380207548,0.574600740035531,0.2762656106405291,0.15874242432041585,0.07137956744028376,0.08088019616795399,False,False,P11,y_neighbor,18.211504282620197,29.087564365642375,34.31829379443684
1516,k6_supported_scene,421039,6,0.5,edge,task,3,P01,8.46494858717292,0.37735713906236823,0.3298762186703499,0.12448114612215544,0.020165126429948763,0.03150939570909797,False,False,P00,y_neighbor,23.49465442812484,1.2744005188525853,23.52919215314155
1516,k6_supported_scene,421039,6,0.5,edge,task,3,P01,8.46494858717292,0.37735713906236823,0.3298762186703499,0.12448114612215544,0.020165126429948763,0.03150939570909797,False,False,P10,diagonal,28.325610296083617,-30.93386443922078,41.94334473774936
1516,k6_supported_scene,421039,6,0.5,edge,task,3,P01,8.46494858717292,0.37735713906236823,0.3298762186703499,0.12448114612215544,0.020165126429948763,0.03150939570909797,False,False,P01,self,19.803044527452315,-11.73258195728611,23.017689978377383
1516,k6_supported_scene,421039,6,0.5,edge,task,3,P01,8.46494858717292,0.37735713906236823,0.3298762186703499,0.12448114612215544,0.020165126429948763,0.03150939570909797,False,False,P11,x_neighbor,-30.057918727530197,-33.50574838160772,45.012372219673324
1519,k6_supported_scene,421039,6,0.5,edge,task,4,P10,-1.143880904126674,1.140759371385022,0.20492491711625158,0.23377001963066288,0.16896707088980495,0.17601433077154024,False,False,P00,x_neighbor,-8.717526114103855,13.222239783077445,15.837388876682876
1519,k6_supported_scene,421039,6,0.5,edge,task,4,P10,-1.143880904126674,1.140759371385022,0.20492491711625158,0.23377001963066288,0.16896707088980495,0.17601433077154024,False,False,P10,self,0.792962157027354,7.572726048647307,7.614129549090882
1519,k6_supported_scene,421039,6,0.5,edge,task,4,P10,-1.143880904126674,1.140759371385022,0.20492491711625158,0.23377001963066288,0.16896707088980495,0.17601433077154024,False,False,P01,diagonal,19.579085885969235,12.908644473356647,23.451518208203087
1519,k6_supported_scene,421039,6,0.5,edge,task,4,P10,-1.143880904126674,1.140759371385022,0.20492491711625158,0.23377001963066288,0.16896707088980495,0.17601433077154024,False,False,P11,y_neighbor,14.599516513612878,17.567836849058235,22.842389848402103
1522,k6_supported_scene,421039,6,0.5,edge,task,5,P00,2.9844377336999943,0.7092153280717373,0.18369049824857087,0.13027611697902108,0.07218808107935563,0.07850510048909756,False,False,P00,self,12.233710981919964,0.5742801395108977,12.247182617556815
1522,k6_supported_scene,421039,6,0.5,edge,task,5,P00,2.9844377336999943,0.7092153280717373,0.18369049824857087,0.13027611697902108,0.07218808107935563,0.07850510048909756,False,False,P10,x_neighbor,-1.5465816700995105,-30.140904725344498,30.18055752507866
1522,k6_supported_scene,421039,6,0.5,edge,task,5,P00,2.9844377336999943,0.7092153280717373,0.18369049824857087,0.13027611697902108,0.07218808107935563,0.07850510048909756,False,False,P01,y_neighbor,31.26906899100717,14.705861476148515,34.55455161509168
1522,k6_supported_scene,421039,6,0.5,edge,task,5,P00,2.9844377336999943,0.7092153280717373,0.18369049824857087,0.13027611697902108,0.07218808107935563,0.07850510048909756,False,False,P11,diagonal,37.530652771674305,-27.961619373371807,46.80173132961328
1525,k6_supported_scene,421039,6,0.5,interior,combined,-1,P10,7.913115565614067,0.4021093964038198,0.6631405252148792,0.26665503632506715,0.0569515894811333,0.07975664259553109,False,False,P00,x_neighbor,-15.559179369771154,7.906161063551672,17.452662989456158
1525,k6_supported_scene,421039,6,0.5,interior,combined,-1,P10,7.913115565614067,0.4021093964038198,0.6631405252148792,0.26665503632506715,0.0569515894811333,0.07975664259553109,False,False,P10,self,-0.7118978638011564,21.589078210840434,21.600812405145085
1525,k6_supported_scene,421039,6,0.5,interior,combined,-1,P10,7.913115565614067,0.4021093964038198,0.6631405252148792,0.26665503632506715,0.0569515894811333,0.07975664259553109,False,False,P01,diagonal,-0.0,0.0,0.0
1525,k6_supported_scene,421039,6,0.5,interior,combined,-1,P10,7.913115565614067,0.4021093964038198,0.6631405252148792,0.26665503632506715,0.0569515894811333,0.07975664259553109,False,False,P11,y_neighbor,14.994421436370795,8.062884903942646,17.02476981300253
1531,k6_supported_scene,421039,6,0.5,interior,task,1,P10,5.938911925444166,0.5047245200467448,0.522573031574518,0.263755422550821,0.09850332019536467,0.11647433129794682,False,False,P00,x_neighbor,-17.364640204957663,4.306638832956252,17.890720149987224
1531,k6_supported_scene,421039,6,0.5,interior,task,1,P10,5.938911925444166,0.5047245200467448,0.522573031574518,0.263755422550821,0.09850332019536467,0.11647433129794682,False,False,P10,self,-4.2203752880104535,16.683642742352962,17.209169146885507
1531,k6_supported_scene,421039,6,0.5,interior,task,1,P10,5.938911925444166,0.5047245200467448,0.522573031574518,0.263755422550821,0.09850332019536467,0.11647433129794682,False,False,P01,diagonal,-0.0,0.0,0.0
1531,k6_supported_scene,421039,6,0.5,interior,task,1,P10,5.938911925444166,0.5047245200467448,0.522573031574518,0.263755422550821,0.09850332019536467,0.11647433129794682,False,False,P11,y_neighbor,19.540039661624082,9.29753021780418,21.639251792259916
1534,k6_supported_scene,421039,6,0.5,interior,task,2,P11,8.316190606835761,0.3838755658825676,0.5954549277576832,0.228580597350544,0.04028121578201424,0.06075859687758775,False,False,P00,diagonal,19.102903755460574,5.458501940160647,19.86746524650609
1534,k6_supported_scene,421039,6,0.5,interior,task,2,P11,8.316190606835761,0.3838755658825676,0.5954549277576832,0.228580597350544,0.04028121578201424,0.06075859687758775,False,False,P10,y_neighbor,18.153220816125042,14.41225807790521,23.178710251071767
1534,k6_supported_scene,421039,6,0.5,interior,task,2,P11,8.316190606835761,0.3838755658825676,0.5954549277576832,0.228580597350544,0.04028121578201424,0.06075859687758775,False,False,P01,x_neighbor,0.0,-0.0,0.0
1534,k6_supported_scene,421039,6,0.5,interior,task,2,P11,8.316190606835761,0.3838755658825676,0.5954549277576832,0.228580597350544,0.04028121578201424,0.06075859687758775,False,False,P11,self,10.988055768613783,19.779695578575687,22.6268364283497
1537,k6_supported_scene,421039,6,0.5,interior,task,3,P10,7.617787001091565,0.416016590080082,0.6251658251570006,0.26007935481641603,0.06238456253694463,0.0838836857331812,False,False,P00,x_neighbor,-19.108486160387816,10.980315479196202,22.038638146773234
1537,k6_supported_scene,421039,6,0.5,interior,task,3,P10,7.617787001091565,0.416016590080082,0.6251658251570006,0.26007935481641603,0.06238456253694463,0.0838836857331812,False,False,P10,self,-1.4080810986198375,20.831174443733484,20.878709756245605
1537,k6_supported_scene,421039,6,0.5,interior,task,3,P10,7.617787001091565,0.416016590080082,0.6251658251570006,0.26007935481641603,0.06238456253694463,0.0838836857331812,False,False,P01,diagonal,0.0,-0.0,0.0
1537,k6_supported_scene,421039,6,0.5,interior,task,3,P10,7.617787001091565,0.416016590080082,0.6251658251570006,0.26007935481641603,0.06238456253694463,0.0838836857331812,False,False,P11,y_neighbor,12.471097843659082,6.1817625699807035,13.919140415188455
1540,k6_supported_scene,421039,6,0.5,interior,task,4,P11,5.736401953227089,0.5166303341311227,0.32097092270851135,0.16582331504527295,0.06432339720079724,0.07536141804588589,False,False,P00,diagonal,33.58194578282327,19.887989557163202,39.029209717675734
1540,k6_supported_scene,421039,6,0.5,interior,task,4,P11,5.736401953227089,0.5166303341311227,0.32097092270851135,0.16582331504527295,0.06432339720079724,0.07536141804588589,False,False,P10,y_neighbor,18.371663795793573,24.499898008128838,30.622916795014607
1540,k6_supported_scene,421039,6,0.5,interior,task,4,P11,5.736401953227089,0.5166303341311227,0.32097092270851135,0.16582331504527295,0.06432339720079724,0.07536141804588589,False,False,P01,x_neighbor,-0.0,-0.0,0.0
1540,k6_supported_scene,421039,6,0.5,interior,task,4,P11,5.736401953227089,0.5166303341311227,0.32097092270851135,0.16582331504527295,0.06432339720079724,0.07536141804588589,False,False,P11,self,16.6173537840459,-2.554692255594346,16.812581577644117
1543,k6_supported_scene,421039,6,0.5,interior,task,5,P10,7.6417205506381585,0.41487185430758416,0.6849877477671534,0.28418213709413465,0.06756999186882245,0.09112635945091202,False,False,P00,x_neighbor,-6.354432944655714,8.968597700645443,10.991567802827248
1543,k6_supported_scene,421039,6,0.5,interior,task,5,P10,7.6417205506381585,0.41487185430758416,0.6849877477671534,0.28418213709413465,0.06756999186882245,0.09112635945091202,False,False,P10,self,7.4795858621721125,19.554673711354003,20.936319366763687
1543,k6_supported_scene,421039,6,0.5,interior,task,5,P10,7.6417205506381585,0.41487185430758416,0.6849877477671534,0.28418213709413465,0.06756999186882245,0.09112635945091202,False,False,P01,diagonal,-0.0,0.0,0.0
1543,k6_supported_scene,421039,6,0.5,interior,task,5,P10,7.6417205506381585,0.41487185430758416,0.6849877477671534,0.28418213709413465,0.06756999186882245,0.09112635945091202,False,False,P11,y_neighbor,10.31448517090105,16.390761162081628,19.366095523185386
1552,canonical_modal_scan,-1,0,1.0,full_2x2,canonical,-1,P00,9.421665933991605,0.33800000235253874,0.5,0.1690000011762694,0.010886118167850428,0.028080854613046713,False,False,P00,self,7.141990340441223,24.685500678480626,25.697898158608673
1552,canonical_modal_scan,-1,0,1.0,full_2x2,canonical,-1,P00,9.421665933991605,0.33800000235253874,0.5,0.1690000011762694,0.010886118167850428,0.028080854613046713,False,False,P10,x_neighbor,7.141990340441223,24.685500678480626,25.697898158608673
1552,canonical_modal_scan,-1,0,1.0,full_2x2,canonical,-1,P00,9.421665933991605,0.33800000235253874,0.5,0.1690000011762694,0.010886118167850428,0.028080854613046713,False,False,P01,y_neighbor,7.141990340441223,24.685500678480626,25.697898158608673
1552,canonical_modal_scan,-1,0,1.0,full_2x2,canonical,-1,P00,9.421665933991605,0.33800000235253874,0.5,0.1690000011762694,0.010886118167850428,0.028080854613046713,False,False,P11,diagonal,7.141990340441223,24.685500678480626,25.697898158608673
1553,canonical_modal_scan,-1,0,1.0,full_2x2,canonical,-1,P01,7.608642043266583,0.4164548247107732,0.5,0.2082274123553866,0.05011352934696764,0.06730826579216392,False,False,P00,y_neighbor,16.20309836874942,13.132523381045267,20.856739129141705
1553,canonical_modal_scan,-1,0,1.0,full_2x2,canonical,-1,P01,7.608642043266583,0.4164548247107732,0.5,0.2082274123553866,0.05011352934696764,0.06730826579216392,False,False,P10,diagonal,-16.20309836874942,-13.132523381045267,20.856739129141705
1553,canonical_modal_scan,-1,0,1.0,full_2x2,canonical,-1,P01,7.608642043266583,0.4164548247107732,0.5,0.2082274123553866,0.05011352934696764,0.06730826579216392,False,False,P01,self,16.20309836874942,13.132523381045267,20.856739129141705
1553,canonical_modal_scan,-1,0,1.0,full_2x2,canonical,-1,P01,7.608642043266583,0.4164548247107732,0.5,0.2082274123553866,0.05011352934696764,0.06730826579216392,False,False,P11,x_neighbor,-16.20309836874942,-13.132523381045267,20.856739129141705
1556,canonical_modal_scan,-1,0,1.0,full_2x2,canonical,-1,P01,6.544481615470211,0.4707343812387912,0.49999999247994603,0.23536718707944765,0.07725330644907855,0.09444804263566414,False,False,P00,y_neighbor,12.1613019181153,13.876999270024102,18.451785092066412
1556,canonical_modal_scan,-1,0,1.0,full_2x2,canonical,-1,P01,6.544481615470211,0.4707343812387912,0.49999999247994603,0.23536718707944765,0.07725330644907855,0.09444804263566414,False,False,P10,diagonal,-18.432371378264627,-0.8462023738652723,18.45178509206641
1556,canonical_modal_scan,-1,0,1.0,full_2x2,canonical,-1,P01,6.544481615470211,0.4707343812387912,0.49999999247994603,0.23536718707944765,0.07725330644907855,0.09444804263566414,False,False,P01,self,12.1613019181153,13.876999270024102,18.451785092066412
1556,canonical_modal_scan,-1,0,1.0,full_2x2,canonical,-1,P01,6.544481615470211,0.4707343812387912,0.49999999247994603,0.23536718707944765,0.07725330644907855,0.09444804263566414,False,False,P11,x_neighbor,-18.432371378264627,-0.8462023738652723,18.45178509206641
1557,canonical_modal_scan,-1,0,1.0,full_2x2,canonical,-1,P00,9.169325818480917,0.34796351483854776,0.5000000119610891,0.17398176158129644,0.015867874790448988,0.03306261164698082,False,False,P00,self,21.53237930903582,12.627809917324603,24.962070066728753
1557,canonical_modal_scan,-1,0,1.0,full_2x2,canonical,-1,P00,9.169325818480917,0.34796351483854776,0.5000000119610891,0.17398176158129644,0.015867874790448988,0.03306261164698082,False,False,P10,x_neighbor,-14.332695543537445,20.437190380785793,24.96206946958167
1557,canonical_modal_scan,-1,0,1.0,full_2x2,canonical,-1,P00,9.169325818480917,0.34796351483854776,0.5000000119610891,0.17398176158129644,0.015867874790448988,0.03306261164698082,False,False,P01,y_neighbor,-14.332695543537445,20.437190380785793,24.96206946958167
1557,canonical_modal_scan,-1,0,1.0,full_2x2,canonical,-1,P00,9.169325818480917,0.34796351483854776,0.5000000119610891,0.17398176158129644,0.015867874790448988,0.03306261164698082,False,False,P11,diagonal,-19.207327498302952,-15.943133706684227,24.96207006672875
1558,canonical_modal_scan,-1,0,1.0,full_2x2,canonical,-1,P01,8.763264298950249,0.3646168922003184,0.49999999247994603,0.1823084433582205,0.024194562727851393,0.04138929891443699,False,False,P00,y_neighbor,23.360188502107903,4.667703072889342,23.82196169148701
1558,canonical_modal_scan,-1,0,1.0,full_2x2,canonical,-1,P01,8.763264298950249,0.3646168922003184,0.49999999247994603,0.1823084433582205,0.024194562727851393,0.04138929891443699,False,False,P10,diagonal,23.360188502107903,4.667703072889342,23.82196169148701
1558,canonical_modal_scan,-1,0,1.0,full_2x2,canonical,-1,P01,8.763264298950249,0.3646168922003184,0.49999999247994603,0.1823084433582205,0.024194562727851393,0.04138929891443699,False,False,P01,self,-19.551504724863563,13.60972159246149,23.82196169148701
1558,canonical_modal_scan,-1,0,1.0,full_2x2,canonical,-1,P01,8.763264298950249,0.3646168922003184,0.49999999247994603,0.1823084433582205,0.024194562727851393,0.04138929891443699,False,False,P11,x_neighbor,-19.551504724863563,13.60972159246149,23.82196169148701
